,bankssts-lh,bankssts-rh,caudalanteriorcingulate-lh,caudalanteriorcingulate-rh,caudalmiddlefrontal-lh,caudalmiddlefrontal-rh,cuneus-lh,cuneus-rh,entorhinal-lh,entorhinal-rh,frontalpole-lh,frontalpole-rh,fusiform-lh,fusiform-rh,inferiorparietal-lh,inferiorparietal-rh,inferiortemporal-lh,inferiortemporal-rh,insula-lh,insula-rh,isthmuscingulate-lh,isthmuscingulate-rh,lateraloccipital-lh,lateraloccipital-rh,lateralorbitofrontal-lh,lateralorbitofrontal-rh,lingual-lh,lingual-rh,medialorbitofrontal-lh,medialorbitofrontal-rh,middletemporal-lh,middletemporal-rh,paracentral-lh,paracentral-rh,parahippocampal-lh,parahippocampal-rh,parsopercularis-lh,parsopercularis-rh,parsorbitalis-lh,parsorbitalis-rh,parstriangularis-lh,parstriangularis-rh,pericalcarine-lh,pericalcarine-rh,postcentral-lh,postcentral-rh,posteriorcingulate-lh,posteriorcingulate-rh,precentral-lh,precentral-rh,precuneus-lh,precuneus-rh,rostralanteriorcingulate-lh,rostralanteriorcingulate-rh,rostralmiddlefrontal-lh,rostralmiddlefrontal-rh,superiorfrontal-lh,superiorfrontal-rh,superiorparietal-lh,superiorparietal-rh,superiortemporal-lh,superiortemporal-rh,supramarginal-lh,supramarginal-rh,temporalpole-lh,temporalpole-rh,transversetemporal-lh,transversetemporal-rh
bankssts-lh,0.16063640243090638,-0.013047710041302283,-0.02554777634611165,-0.04467604185053943,0.018363673476301683,-0.028921767799548227,-0.04536114854948954,0.014301459343400526,-0.04724448768244431,0.03882345807608826,-0.07073525060736142,-0.03548408667552029,-0.04727630484912069,0.03389624400405757,0.005058752633105977,0.002798724159809204,-0.12074566770661217,-0.09360183382910964,0.03030235878811065,0.09555771425173532,-0.01655779576844676,-0.02009028321503649,0.09601125798475495,-0.014355628269969412,0.0033268694974519218,-0.005577221503722654,-0.06894822668219318,0.04496357898059813,-0.022348330609457328,0.03325151386090759,0.06244873025650285,-0.0016995166793536674,0.016847767222172554,0.006349748696356904,-0.06147876808868363,-0.011773758293229396,0.05596335560844792,-0.026704957701821283,0.02296569906715662,0.014000222806031849,0.05767512647169339,0.02855595537993962,-0.003344728645214447,0.003157108713872218,0.007973845855393947,0.021371222252891564,-0.0038965994508768304,0.002606723548637257,-0.005970818225478487,0.02501432664686353,0.047724819349414124,0.0025761769109026787,-0.0010022219801234641,-0.0037650203391966946,-0.03242158510446319,0.055187314348144494,-0.009515807575184252,-0.1378181502834797,0.05023447710502329,0.008445157079178279,0.04745311897249867,-0.046127168768461166,0.043853479998402715,0.007590322204387116,-0.08546239458023838,-0.014581273000736087,-0.00932859642038047,0.010124221141766867
bankssts-rh,0.0022873260552837885,0.0891496230933611,-0.03121164816819041,0.0019854134794908174,-0.02449877028100563,-0.03158180560676254,-0.03853268754234277,0.050289072760718534,0.007267756516524698,0.015315254530412324,0.00881629428351522,-0.02503385418746915,0.03823602665558712,0.05024641399788777,0.0023195745517176256,0.009367089878756573,0.026825978323400335,0.027562525488503117,0.008805061183541256,-0.032246444132096964,-0.011180640816786588,0.023682902746133837,-0.038791583504492716,-0.02633161006099933,-0.027884213258656584,-0.03120903272383779,0.05951097673935442,0.01414200463834412,0.019087324739809976,-0.013476718759351598,-0.0569371578528145,-0.009836098581570746,-0.044177290707548264,-0.000307686524313005,0.032979330486596695,0.06895987624376626,-0.02827296100549463,0.007181254096088689,-0.013413790914201128,-0.02781880472580436,-0.047583906091724026,-0.03595925428102155,-0.028311326830415037,0.036112771330414954,-0.008246936235220397,0.007033076025555128,0.020887638496985658,0.008552251442482327,-0.029331414504527052,-0.030229249985726223,0.027548348118155704,-0.025886023619990945,0.003952824127872738,-0.009203407784558764,-0.015796255837690277,-0.033324111931729176,-0.041680571059424965,0.026173580821022436,0.0073351901697834235,0.0009299375138255758,-0.03261383754340789,0.06613983498508898,-0.01984115403839577,0.03719254276939467,0.0394788292328123,-0.05507429541794376,0.02411756612104108,0.05635307287228521
caudalanteriorcingulate-lh,-0.025975656526062717,-0.02315631592731892,0.2186673839502805,0.08544484959888027,-0.05664955956898244,-0.04640721732279494,-0.0595055487480674,-0.03559108588734254,-0.026139933619451838,0.04422941340289921,0.019675612917160978,-0.0008170074196798488,0.0030689373388939566,-0.007033211021799408,-0.019224291518537162,-0.018672373616139767,0.03275239344026001,0.013562768323003247,-0.05120159451245678,-0.02078055135401543,-0.018160162914318382,-0.036404166663187985,-0.010920307302148716,-0.03589355767223075,0.05448258320533043,0.01765803524060043,-0.03743850942374961,-0.013530670996953723,0.03837299948498787,0.07167327425593825,0.00598290994006879,0.013755782397128883,-0.033271198120374545,0.05411036461491701,-0.011255051181937852,-0.04472675070522127,0.004202343170815079,-0.05001024499056839,5.272822540916386e-05,-0.020780636533444422,0.0037898315651948523,0.01687761584290117,-0.048018245272445796,-0.026679696123519517,0.02864558762013557,-0.019852203045788202,-0.016943778898806407,-0.005739826525784944,0.005263153911850629,-0.023281390489119966,0.02501326129826705,0.013176332203166352,0.04086475398550026,0.04703597175442289,-0.024883831933267177,-0.0018406078034267676,0.038389776550903525,0.07975388987185617,0.014900165933076697,0.026010331719095513,-0.03410056508627023,0.0031296540080843244,-0.036626607296861374,-0.05227219074097515,-0.003159736686539982,0.01732065055672932,-0.03710901490113561,-0.0038100579770325663
caudalanteriorcingulate-rh,-0.032493551796576765,0.012139610271156764,0.09342168195621298,0.31111250175042565,-0.0270372701099576,-0.04714441682023659,-0.007772733962346189,-0.022183090215351805,-0.014408211593931592,0.03271409879366152,0.020188752293205867,-0.013512829962369195,0.0014189687768560082,0.0021192354808583875,-0.01679141919540631,-0.01022205187647724,0.008733977220511962,0.0134274510147381,-0.03470624886216125,-0.03832942403806133,-0.04362705841289673,-0.04418147541785244,-0.00994816565365733,-3.7496561944179626e-05,0.026632985626262165,0.03588444886890284,-0.017145279645162454,-0.04698582443784861,0.027409756297083015,0.018631185842237018,-0.023889850167572977,0.01102416262380192,-0.020904355972224314,0.02861326442112349,0.00979760504545592,-0.02673399378071474,-0.028356240399632932,-0.04025901904564947,0.03615224225281021,-0.009925293449335904,-0.027552710180479764,0.03232878925678793,-0.03843166504354813,-0.03635680867251162,-0.01652849530765793,-0.007137524882645133,-0.012586470673478766,-0.03553817914273778,0.005836481060797333,-0.04470734440403685,0.00735632718736259,0.013261158139413382,0.026392794299755072,0.012810736792024173,0.007342029520433299,-0.0030300253506169257,0.05634368964203467,0.012025058702740168,-7.459993105870986e-05,0.04102920693066336,-0.03400134651383827,0.019188757654385463,-0.03703205269012955,-0.054568852751469374,-0.02264853502502799,0.040701696005570456,-0.0006428132267825415,-0.016605928553884437
caudalmiddlefrontal-lh,0.01862843770464967,-0.01754382026538329,-0.0994547936974177,-0.052840207348958126,0.6115042198388148,-0.02208243965981677,-0.041368910573028425,-0.06372760128192755,-0.024112710399331567,0.021050835384162307,-0.01809442612926591,-0.009707780951425748,-0.04068771844717913,-0.03306701551875081,-0.008096893646999892,0.046018973534830664,0.018623010826557554,0.020113595411822578,-0.0279039991772445,0.06836141313509947,-0.05420057529859315,-0.050202507083467116,-0.01679893539619871,-0.08609487988639217,-0.040760575433971186,-0.008379569375043883,-0.012072534805715237,-0.03306701551875081,0.03471323187677796,0.021411505872840828,-0.02193322785028007,-0.021446958288356455,0.04276279267952208,-0.023422197913715966,-0.011259839957395937,-0.02944321457143503,0.13097162370448018,-0.06779149472469832,-0.008503051135942142,0.043735122617882496,0.030648931940863277,-0.006664403035381687,-0.02909855445532643,-0.057685764309461034,0.008198650295522095,-0.012478322064996637,-0.06162245193732347,-0.0006441655643996161,0.03643107999884853,0.049388588643304046,-0.03306701551875081,0.011089201956747749,-0.048298981163014655,-0.028112918878932955,-0.02986384290201643,-0.021998514627248226,0.03952203067692959,0.004789580299202927,-0.01679893539619871,0.02003635606751738,-0.05332727598249084,0.05395150695752519,-0.029754887088783617,0.034512957852741756,0.03588247159448625,-0.023826053490684656,-0.015887920267894255,0.010848782148460205
caudalmiddlefrontal-rh,-0.008407555653381126,-0.04219940602212552,-0.03686254705267263,-0.03482166257039092,-0.005730117803872311,1.0,-0.053884543953152286,-0.10279638886423628,0.004146932392664658,-0.016220598232076416,0.01880011379203626,-0.004920529420107147,-0.05535806850785765,5.276567710264253e-05,-0.030901342913979956,-0.014464622713531106,-0.03744685478801982,-0.005596835663951358,-0.030722844622618484,-0.03767124865284688,-0.011993983291263942,-0.01697323809392819,0.001852248177751269,-0.0239717280078542,0.010642807385617762,0.03721096195830259,-0.04460417280850082,-0.03813275137955919,-0.024745251953702956,-0.019124639718339987,0.04038862157501929,-0.010299272945821539,0.013362360268645781,0.016294691970636512,-0.04401273687200783,-0.03001407148941026,-0.028394333810254267,0.0016550917234908766,-0.00215930052817434,-0.02331936601637538,-0.026175911375389046,0.03418927059166693,-0.036328946421683946,-0.06603810592406463,0.02449163480756111,0.01280066060901886,-0.04766507513447341,0.022863789594135858,-0.02522915993166592,0.049310811549929535,0.023799521573542853,-0.0195617785275548,0.016800873078162026,-0.014466798610883791,-0.05344548328059064,-0.019203373930227335,0.06404847087917147,0.06535582429918889,0.011519454626370735,-0.027676303250987553,-0.0015082994884166815,-0.01585793148655755,-0.09337161369627522,-0.05264453110222309,-0.06619847883777148,-0.006662233630824789,-0.028599098439827792,-0.03320376911058528
cuneus-lh,-0.034185816519617176,-0.02343586800826493,-0.04272228699683118,-0.00035688455580555937,-0.019700571524230284,-0.04660975991757798,0.41178149285599525,0.0683423145559712,-0.04580264369710937,0.019088559560410584,-0.02157586383839252,-0.042894641025816804,-0.044368329903984496,-0.0010667051675309629,-0.0027442006723812098,0.02123830577784434,-0.0005213977617511478,0.04090087762060519,-0.05400683567864938,0.02717976285228802,0.10855661701234053,-0.014698421764392658,0.021870207642671016,-0.024061527723768714,-0.030716056618688058,-0.0038637870131858465,-0.03487811861183344,0.017374948855773932,-0.012004577843110013,0.0061508464035724235,-0.015860397103118623,0.012302420929675106,-0.029066942309375926,-0.03301365470519187,-0.044501903603609505,-0.029303581629375894,-0.015796723074573867,-0.02020885972794574,-0.024429418311506343,-0.012364988994461854,-0.033340123215009225,-0.006678337857987649,-0.03559488136473507,0.04865593167779123,0.021952586126338925,-0.021725155802230448,-3.474418938071332e-05,-0.014137925530520602,0.0142488336951931,-0.00761546374698488,0.11374398823444426,0.0006347294767876514,-0.020670072322268838,-0.04640693379910817,-0.0069672762565442916,-0.005926931897345598,0.011123816639281373,0.029862147049850234,0.045118504225664866,0.009354713873013822,-0.05589280041227163,0.032564961196560736,-0.02536662941175217,-0.03939492171807121,0.0189964065739431,0.024445179958250057,-0.05478088332690549,-0.026194307641069683
cuneus-rh,0.02628954641359642,0.048302717372056686,-0.032415877987288524,-0.033152547742484946,-0.035544193319479604,-0.0994550126214834,0.02383862421444083,0.10466216554249536,-0.0368944201865286,0.02531352332670105,-0.008876358855364775,-0.02735346133907506,-0.06338116060021057,0.04745205345478356,0.020900514505778647,0.061333593737313924,-0.02796554634037723,0.05619751901927335,-0.05714673541726435,0.015020252736189479,-0.02784922223006873,-0.023564484726217846,0.01895307348089082,0.026125983985589067,-0.011521007432936218,-0.039729806371630864,-0.03597952849263383,0.0260862657725906,0.009505829091657092,0.017314950879621496,0.03231119329243341,0.027351298106820944,-0.011204244029455126,-0.024007965589528602,-0.0762008981275321,0.002899376939570977,-0.016607350775450575,-0.0022998205157561315,0.02310755628544748,-0.04320522308392316,0.028455479823531107,0.017477274612849262,-0.0012007574370588852,0.021831233063352242,-0.013721438677675104,-0.028721130168529854,-0.011113139592806251,-0.0045102444665513445,-0.027238062308416796,-0.037973888347536525,0.03763387275895153,0.04386521336430462,0.004822542821763637,-0.012625846266578379,0.022360693438497753,0.03423633727520477,0.04187093567033995,-0.0005421360893671438,0.007717044353081631,0.12875793784293252,-0.007453210723062863,0.0323426511968985,-0.06166509019853164,-0.04012225206091042,0.013427233943492576,-0.0018344867679614906,-0.06708028337469617,0.002392343941921852
entorhinal-lh,-0.03916624831487845,0.013127697824275638,-0.01894648742825286,-0.01812361168294265,-0.01632083698119369,-0.010166349836778376,-0.04711829307909099,-0.030528498185111098,0.2906877213443813,0.0034641511901541406,0.011739752102259048,-0.05943653506234459,0.09218537055300292,-0.0036038398416347152,-0.02003450070387697,-0.016204073327225208,0.0015914478113213748,-0.004779789102305163,0.002681929940558862,-0.03390711270424036,-0.027743233459565926,-0.03687053243371558,0.005613922338391028,-0.04206918414168114,0.07199580720977207,0.015993911441693716,0.016592669814480293,-0.00200829454999951,0.041205058820880804,-0.028812267159260274,0.017412338067089077,0.00989306638676,-0.03807728957899348,0.0038209778598792305,0.09340302255653081,-0.003042150787088606,-0.02733124203622542,-0.02403980096721648,0.06306442493053917,0.041964363567946625,-0.019435182706286448,0.0038338289168731677,-0.02132087731040384,-0.03309279538339401,-0.011308757309242704,0.02776673079577524,-0.016445848962848644,-0.019285689569179747,0.005118447636967864,-0.02420666642427985,-0.01120148600773525,-0.014214727796249833,0.00108114378881528,-0.02470845027578971,-0.03792963151428242,0.0371182946993145,-0.005058041176344047,-0.02957818348951812,0.019125006999004386,-0.0220271128222778,-0.046822689799737575,0.07041969191312804,-0.0020771691407412882,-0.03682473041294133,-0.003747392564323167,0.0075103312042085115,-0.01567747203175324,-0.025118033653052416
entorhinal-rh,0.029945667228594566,-0.042249888717792686,0.027196560366051604,0.014520601287955674,-0.013975136952047607,-0.024134062800411422,-0.006427893720234384,0.007436711193940284,-0.011549324016037707,-0.3882028930763199,0.056594630282748186,-0.0003841821517128712,0.00985076555169782,0.0008296806416616725,-0.03027574070237615,-0.03977322525825404,0.018542610820783893,0.07284495844539353,-0.06713554674300184,-0.00978432966494178,0.0008749837815632907,0.010067998575351287,-0.010044044298670353,-0.02683552510960823,0.03911230437857394,-0.05963732659416745,0.04292334589546639,0.03605794545361526,0.024756184551915757,0.07941879392211199,0.023133852737829107,-0.031126331436733757,-0.02910390134787028,-0.04755057227203224,0.038126717420276277,0.08332305473890456,0.008753534375468074,-0.01783550881204747,-0.007497410984501351,-0.034311121258109784,0.034325868133580954,-0.06076752890323843,0.011638607930923563,0.026068551489583328,-0.006312874076922475,-0.025237245489993166,-0.02799140280035051,0.038300404425521885,-0.0013202671409771626,-0.014051825668924623,0.04299076050954574,0.043411566975291103,0.05831331411762536,0.029087977340220623,0.02075393434801205,-0.0028867861844439693,0.014792632905038492,0.04700600721874018,0.022695654147636638,0.01049624543358924,0.030501386685948397,0.009005848393986727,-0.029306910307976216,-0.015842302928344744,0.01834273641405002,-0.036064273520672666,-0.03572604222317895,0.07129902704269685
frontalpole-lh,-0.011700339333294316,0.012307950101987973,0.006349457899302354,0.01835384804379015,-0.02304854213428546,-0.020395388898064578,-0.03924276553854914,-0.005457357497510567,0.006732008606150168,0.058023524874657305,0.18900820115289488,0.01905130315282093,-0.019813221349754776,0.0939985432637052,-0.03626540739456924,0.04733390856174415,-0.0037370570328749022,0.05599491278626306,0.006001026657186805,-0.052438307068773504,0.0487319479465236,0.0013871643074732862,-0.060409441040690105,0.010480324184302219,-0.03559823495199506,0.011205263397092867,0.021885591450176812,0.03248875606868315,0.008925571039105462,-0.016159779735576255,-0.03236297630179369,0.017984786136378366,-0.04830941144325554,-0.007039891309076253,-0.01659576700498599,0.073745275566944,-0.03854243321740405,-0.027693941868308713,-0.034747032680251366,-0.03840525609831402,-0.049829585672190195,-0.04802243987602781,-0.04062999284952482,-0.016655203147963153,0.04146554750197878,-0.041210012142494576,0.003914914834151004,0.035643857421583415,0.016725066632235358,-0.02281067577325313,0.016899360820560812,0.005042149562040579,-0.015256928189178256,0.001723970833679402,0.05829972525035844,-0.035782343161228594,-0.0576075628435324,0.023693281962366128,0.012431986586862677,-0.006137431895716549,-0.028967952623513718,-0.0325051949592143,-0.05322875569141136,0.007916529796038931,0.01834349771632723,0.043362118019914714,-0.05107518176408969,0.04223044035338587
frontalpole-rh,0.004627582827932184,-0.004727174734274538,0.009375413010754572,-0.004251472450653848,-0.01642981650382744,-0.012435539465664029,-0.036263220435720854,-0.008710225232458124,-0.050964393988368904,0.01322173829337971,0.06246074720961132,0.35785254154405655,-0.0422739647249541,0.02761161881010891,-0.0244502773072747,-0.007812453544919904,-0.008320967098994799,0.027888159315375225,-0.04557138102496266,-0.013548047882265633,-0.006366645637606705,-0.024259990701894853,-0.02656173487009142,-0.019707602011142262,-0.010410736953023568,-0.015159862888600759,-0.02712464626399331,-0.015020612335425978,0.05015095347012501,0.09418133814012745,-0.037794742861552044,-0.015874431277809357,-0.05302682636689399,-0.021738937037476997,-0.04988111752372917,-0.029247957550151114,-0.015433891469392414,6.747526355456477e-05,-0.002301082792141064,0.0028265266840750113,-0.038630724964856596,0.008994638916564058,-0.04936583536303229,-0.06106071032861273,0.011264599412398069,-0.016695194798108753,0.004508399221713877,0.038480820461413164,-0.01752728223346978,-0.01960449507203421,-0.013243945134018992,-0.02671814007428583,0.05454793400742638,0.08663632818879662,0.021380796992488377,0.05829148487786966,-0.01227863998719858,0.05989223640043285,-0.023040639191288643,-0.0025425432697567816,-0.054797736691158644,-0.00953229690185134,-0.06194361910855845,0.017553667159572944,0.02933609852763372,0.013009359107857032,-0.0017161947985037008,0.0002072930087327198
fusiform-lh,-0.052299360860424055,0.040114356003462595,0.00035357602437534655,-0.0054227523508589585,-0.031913238120327564,-0.052984215621224955,-0.05331529645471942,-0.04552690176868702,0.06005402498883102,0.018957379133156607,-0.005556379685878541,-0.04814849586885317,0.26516737189394846,-0.0020672713558650383,-0.012770870456418457,0.011033976279181757,-0.018303279430242774,0.008773020331342515,-0.009764376246968022,-0.04145041058341147,-0.0341175897910383,0.012064246821956566,0.012037220730976374,-0.009692497992146209,0.04180276553323919,0.011100194779429957,0.0016564266659496302,0.014875174117789977,0.014323238773927474,-0.022130287942823124,0.03644298333712562,0.02642768030945272,-0.030868039593419248,0.004553918094998422,0.024759921793470085,0.016513756311739496,-0.04183578817278345,-0.04120747688220139,0.04002551262084352,-0.015152577034731149,-0.02501745476249388,0.010702363890082117,0.03818667532297962,0.006747921820838131,0.01326462951869071,0.002574236512142438,-0.03148236619229674,-0.028580654853468942,-0.0015645187048352403,-0.0314519362606536,0.010376615889879408,0.007223495353904738,0.009875465310196575,-0.007146527044670326,-0.021199509845150098,-0.011658277230662388,0.026097735734963993,-0.0323648434095171,0.04618395116766906,-0.015679156570401514,0.008460391141425907,0.05644760307720857,-0.03753617489548269,-0.0507055251474584,0.03621000491624073,0.022044238761112146,-0.040756198514293726,-0.04576182331812438
fusiform-rh,0.03301781755377611,0.030196599376365613,-0.013042086960028917,0.004030910241079032,-0.03201918389916703,-0.008945226132194593,-0.010544299100222155,0.05222027867734533,-0.008641027825127177,0.03210976713030688,0.09249369839268592,0.019581428312752756,0.005634476341875217,-0.29256906504965113,-0.042354196314746594,0.002474149957247002,0.03005271997878954,-0.020856187480001585,-0.006809873752469077,0.010778823192029538,0.006674390554098593,-0.03254340464307413,-0.031107977297631345,0.03493691375755293,0.025606917364543843,-0.022904039266912566,0.06756017465906435,0.011381920941732659,0.0037605181987605844,-0.015440423947307646,0.02229411977725968,0.0039869125392822885,-0.03359939618475891,-0.044096020282755714,0.040581020130354487,0.103181668082603,-0.019634981550704585,-0.028098633924652172,0.019538437975344096,-0.010274515767147345,-0.0051676114541227705,-0.0613292774346837,-0.02162059250255179,-0.02161574149191307,-0.014263823468538822,-0.004578293767139533,0.013781457835425974,0.026803959272062635,-0.0022967186057618063,-0.03825746716020726,0.023494720937951824,0.0003431944392768713,0.03353067319083976,-0.007709416152153357,0.0005769741471338955,-0.043640993409020806,-0.0034432328679752664,0.04142724508087561,0.01656499196578918,-0.008202120913239925,-0.0054332851141276044,0.016080009648712115,-0.0192834062055805,-0.008159323178288203,0.027049850040119516,0.01616692156879187,0.010533629882937134,0.06003455195909125
inferiorparietal-lh,0.01605826084355137,0.033945837161579104,-0.014197784908994482,-0.015913212859325215,-0.01317931406439047,-0.026585111686684336,0.014900616067217392,0.06851598718908948,-0.02720827777296183,-0.02629257175500674,-0.021597818995080186,-0.042092539283264806,-0.016240681384158778,-0.027894938868697615,0.3613394167782236,0.061849410002993856,-0.032987724049063784,0.011585852118858068,-0.03384082212612971,-0.05096709886771554,-0.03922847305558884,-0.02662310665208583,0.09982947410865219,0.028107953735673125,-0.0234979826323889,-0.045600326626204626,0.02351274422475192,-0.015895991262873412,0.02157852556971712,-0.07463400505044754,0.015046760523343413,0.0012840492302417614,-0.05651017950271294,0.012750881767732269,-0.03803932950099948,-0.0398634901357203,-0.057847508073924594,0.009243523402752826,0.01748007058693472,-0.022668257514250383,-0.037657863833502676,0.005813337965109432,0.04390501168451181,0.04049997055023643,-0.044286807517466074,-0.009361235452869024,-0.03032007622503685,0.010206188945638395,0.006629820257868646,-0.04857869469677357,-0.03904402718203671,0.02544115733167451,-0.008884207286825126,-0.06304380517166235,-0.008022679936882014,0.002031840302665813,-0.017846711135545645,-0.020349656086714095,0.09011426289312797,0.05030847843599816,-0.03942635833103959,0.05120131152509438,0.09139766081727782,-0.0373386693761483,-0.0007251632248335717,-0.006514962922911258,0.04455089429877955,-0.058321833310377956
inferiorparietal-rh,-0.01435232110255675,-0.01682409832812607,-0.03143435840068794,-0.01843147890174391,-0.0025091463145005518,-0.02343444833692857,-0.005772919877750477,0.05084736597209909,-0.02954985379649064,-0.00513410652610538,0.038975497170808615,-0.024529845754376476,-0.00612776575342457,0.01791856388735398,0.004222268562250093,-0.02799174859055121,0.02149891153288191,0.0441937812363609,-0.07837038027557001,-0.04911988056077072,-0.029094559178788077,0.03149939437117544,0.026694939406153938,-0.027702759523826382,-0.005561062914185136,-0.03682438924623152,0.004570575895831248,0.06187516247880919,0.02864211473446954,-0.012076541531412546,-0.02565361267588378,-0.005186292036573691,-0.011952012211123195,0.00555045346581954,-0.026152441379891,0.04658708727196687,-0.027199496843902434,-0.006899636468212914,0.012301739047363027,-0.019331859212035698,-0.014283957333744433,-0.03600678158329261,0.03035092483159021,0.028363233855677662,0.02126860072354928,0.0007289870905651745,-0.016053956619986667,0.06567831374707349,0.017513861217960853,-0.016255161336562702,0.010820689301680403,0.021175279588599123,0.027318189545194174,-0.004880109062306167,0.027724599238015128,-0.019049169217233403,0.005945170667681176,0.010459301845660256,0.0009117517891151653,0.047558006185272415,-0.02488451845603914,-0.021948241539960583,-0.0464226988490849,0.0006704486056497864,0.05361032172520083,-0.008281442670202772,-0.007028280122224,0.016835797540458462
inferiortemporal-lh,-0.14656908318953654,0.03932347176728836,0.026458286310601188,0.0037135734140827854,0.014965069780437523,-0.06475908895624473,-0.04319252886077819,-0.07848129356185722,-0.05626625426609252,0.030185110764608742,-0.06409399928247288,-0.04500194950510593,-0.08955577437782096,0.04841787214703282,-0.029997213725576604,0.04078246204352495,-0.012172609427899026,-0.11404887731527283,0.003740080192788864,0.056983686697422396,-0.042407409521043764,-0.01137035764592064,0.03465334261222535,0.014807821985540629,0.07832634243384545,0.030161864987619316,-0.0806487042596324,0.002161969248084218,0.02605887766004196,0.01944391301570078,0.009731864365431987,0.05736430129842927,0.01192287094057864,0.043505418460423405,-0.12330018276720003,0.059616444902080644,-0.005484366163931899,-0.0044992625527892505,0.08975030537938672,0.01163127106739507,0.08637110250107692,0.0403689569888432,0.03185465826425862,0.015153957729788406,0.009438942376685347,0.02262176261542651,-0.00011677180575028127,0.01972275168854693,-0.017839457780109286,-0.012813639298280272,0.0332463334193362,0.01952863969197109,0.05833458999224914,0.022439016659215175,0.05421702904649092,0.01562417880082704,0.05642418574274546,-0.14166362986848077,0.035550174191746664,0.02924032023210331,0.011855653485877228,-0.016915013600725684,-0.023937763948705098,0.002424314311733653,-0.08847865971390449,0.019105291755957238,-0.05429779145878183,0.03068360188446295
inferiortemporal-rh,-0.19915004598138245,-0.022314103673117994,0.0004562171342404149,0.004399988488383651,0.0034255692980266735,-0.034315573971012994,0.007861062420611296,0.052538371514822726,-0.01746769996268908,0.10032541711102662,-0.0017244113698973473,-0.02576536284820421,0.0035437985879515394,0.033092509455891386,0.005407736354224805,0.051212329131004805,-0.19679677372617066,-0.2911708241869905,-0.004606278255821052,0.08807157701006864,0.07772379880306864,0.04442299001219436,0.003498705876371865,0.028079376606538795,0.007060208735214531,0.021297532600355166,0.03832802371246715,0.05354285087969494,0.014413243763048294,0.07069014432748029,0.018375816808661606,-0.021644466846579242,-0.018970009201892395,-0.03623948457758652,0.009384790249109038,0.052265839691592327,0.020995939566473353,-0.020898713720401516,-0.0006508171582880616,-0.048624397598097176,0.0483624448494898,0.012625361351073543,-0.006635697464170965,0.018575055822270627,-0.017430416284924574,0.02841383598032576,-0.01103743155658731,0.07911107150197437,-0.010707561364420108,0.02473359536123601,0.031597151055165404,0.044232959734349944,0.013035150183308654,0.036196030141044416,0.013368705227014596,-0.010547759132185005,0.011059602067618895,-0.17646686570897135,0.023118360523267614,0.0440797328219104,0.010464407942986398,-0.09895153842064026,0.015274924257909338,-0.01634153062208564,-0.11908426538704207,0.04333496108605734,-0.019699663948080162,0.11924450492171268
insula-lh,0.030428238440464682,0.011357101240669899,-0.042723079565458566,-0.031684859517881074,-0.0236035059111634,-0.03665812738532281,-0.05170212289652682,-0.04264231218027632,0.019373033604102273,-0.03498596106128293,0.007314845313480421,-0.052463855234481556,0.009784848195531949,0.011694773763981633,-0.019137023291821945,-0.04159067872672717,0.013497568181044056,-0.0028670367823302716,0.27900948101956763,-0.03376218028674613,-0.05986089970624562,-0.037518524300236694,0.011394909451270094,-0.023762533257803104,0.06327793272573819,0.010110538671871843,0.0006974316805741193,-0.018768357484075272,0.018213984644005154,-0.06064017871417992,-0.016557280796434776,0.018498254238701443,0.04843106624791103,-0.0052320126655587326,0.039995891769686966,-0.03135535804455771,-0.022398568886626065,-0.04008417994389607,0.03188940752449728,0.00418506169106706,-0.0135252190778993,-0.01951464905764853,-0.017720905831639298,-0.0373555890807225,0.004659163854953352,0.07246078004519498,0.012184968992921236,-0.03888872306104414,0.03653042433925422,-0.04232267702817905,0.014350980840747957,-0.03566069779979775,0.00971063161826921,-0.02929790457440141,0.033969766122510965,-0.02294444195465297,0.0022721918620908534,-0.030986320904968973,0.03757923644930495,-0.03375842023911235,0.040488170383383135,0.03900159663393788,0.030202499028134846,0.020973844524608494,0.05025182782628594,-0.018079024432418142,0.08357901703924538,-0.047316258282891814
insula-rh,0.08795531901082476,-0.01839249780664954,-0.013751009651231003,-0.038273837854380106,0.03918074294695896,-0.033423749639796226,0.014244898415332722,0.018592140367698927,-0.036099384628146304,0.042399397147842466,-0.03279153303925684,-0.021146298193316905,-0.04567000526112441,0.03675153791363423,-0.05178363725458201,-0.02186296507394815,0.06389991112925887,0.11608200510084073,-0.04306342529783638,0.4095180144689054,-0.010879451411620222,-0.0021654986868048626,-0.019292628301560026,-0.01669639968827485,-0.003356323208248283,0.04118448024717872,-0.039456022946665364,-0.0026422340079211566,-0.03837035575802649,0.0038842028307724584,-0.0036092107184092807,-0.014624672442538603,-0.0547716391678158,-0.004946960991865857,-0.017998284867203555,0.03958582385032895,-0.025980918980931363,-0.03214416863445815,-0.04046981647572483,0.1193701360046702,-0.05492482580374435,0.030033873438420552,-0.021356711154471526,0.008326021108189368,-0.056393266978044705,-0.05058962668332106,-0.029577649088894636,-0.026122809813608313,0.005948436029274491,-0.02156426917846579,-0.0449333642977881,-0.021327638330087068,-0.041793413264651594,0.007198142150493093,-0.017474458313010338,0.011925414828699705,-0.019321341997834696,0.007812740547705347,-0.07558482338329071,0.03607474855493338,-0.019664636159694045,0.023996001952673537,-0.03496320908673844,-0.032559988126645394,0.0020343964510546935,0.0639567697559272,0.011561525389699722,0.010298282007308732
isthmuscingulate-lh,-0.0191030977005352,0.009747124722334412,-0.015279684374026894,-0.04399450705440811,-0.0376263919087751,-0.01983257297542485,0.09165327080415571,0.007266652841684653,-0.01241560161784865,0.005544335432238177,0.05038517187492387,-0.01165869299414206,-0.023504971724839084,0.018977507904633737,-0.026627128575473,-0.0019824169902842095,-0.03159493825703023,0.08541401637193972,-0.05647918904845537,-0.009548978164323972,0.3057254029761952,0.09112783212117526,-0.0027290481237744082,-0.047195532422075345,0.001638795438415015,-0.013567882423150098,-0.035573508458715666,-0.011997317511146887,0.025677576695197414,-0.021965915662543797,-0.0026827297583070235,-0.004148592466529934,-0.038031474368360366,0.013019726077975998,-0.02481717082373388,-0.0007303868524710347,-0.042631516341626055,-0.02352125316373338,0.006856796423964657,-0.02236953136408493,-0.032221144157076144,-0.04177933200195358,-0.040804965840225894,0.0105531653681199,0.023975257474950086,0.0029203592327892306,0.004390813020993477,-0.0342354334473636,-0.009271579906260414,-0.03652892557154922,0.025763563715150383,0.10714105150327788,-0.006561809062466969,-0.03217551221708927,0.0090408500505033,-0.02831830252261117,-0.020024558986112197,-0.0008763445565544804,0.05045106620139071,0.026210396003007033,-0.04359980392059911,0.041869653832302685,-0.05425514291772704,-0.03984467284366798,0.0034225111058080616,0.029955650795096076,-0.016503813710204582,-0.01011717520094143
isthmuscingulate-rh,-0.013604475852110507,0.027397387606718566,-0.024131516696946433,-0.037854676328261484,-0.03783006734543495,-0.0314667096726996,-0.029367967821706562,0.000633043295937526,-0.03181437855610601,0.023821860450599693,0.012368707157594232,-0.01982907477747196,0.022200187352084153,-0.0058736803899953,-0.01908735654637124,0.04454889105803541,-0.004471179069467907,0.06852645899462041,-0.03798760401536453,0.0055045743806579495,0.0938775277149779,0.3735700448949407,-0.004648460051801687,0.022586398655216312,-0.030776415346362104,-0.020993298534536436,0.01743527718168505,0.01403240597808719,0.030387326563005964,-0.033475447985285706,-0.036613787614407645,0.03696651921381058,-0.022311692216999905,-0.0007712037952217972,-0.015224214482664032,-0.04685685479272343,-0.024670528365860034,-0.036573112876482156,0.008431748542422169,-0.020172856721445444,-0.022216614114510962,-0.010314102485311265,-0.035314717819860175,0.07591190830037839,-0.007365945138582455,0.02957856144395064,-0.012246790450950238,-0.04162199179975967,0.022143593361392516,-0.024733034107051844,0.00803269037996265,0.08102806426212451,-0.03037717710230491,-0.03724245759944535,0.029100266504154433,-0.012941926060821805,-0.024203512877861336,-0.02472485861413223,-0.009935920307641078,-0.01208017135029444,-0.0547827448511429,-0.005806686394033703,-0.02532694652059964,-0.031030064108991295,0.030125346317354234,0.0007727567641328506,-0.043834604309752584,-0.026474720505069348
lateraloccipital-lh,0.09175963375011491,-0.017558441571225842,-0.013159837498763365,-0.015057694064224624,-0.014744729881251558,-0.008928792755731808,-3.92111449631942e-05,0.04020917440568693,-2.1276640648142532e-05,0.0118684821601817,-0.04338448250449494,-0.04173817940272421,0.009571183529579336,-0.026682507903959003,0.06695166558263163,0.05477486733931032,0.041939410260236114,0.02070147674957335,0.007359831134457958,-0.027117197326803538,-0.020923388552410938,-0.003176001494138604,0.42686145078574356,0.020718104854574784,-0.03504399206963306,-0.028747092323456222,-0.013249920766639356,-0.009107483394346902,-0.012473366354053514,-0.05029482196399657,-0.04135417448661646,0.020716931004986328,-0.06273053251039613,-0.02404956805795129,-0.015280575294675474,-0.023775797148757858,-0.0436210644591693,-0.028045662063985795,0.03181532624992833,-0.03886956235031243,-0.017643168918349352,-0.005203401470096209,0.053142920322587626,0.001917538045016549,-0.033392052369751284,0.008012284113083076,-0.01661235830000402,-0.02271148730140547,-0.007824286120936977,-0.013978427334589094,-0.05508562438395392,-0.044125495596249606,-0.030611086733742226,-0.08256299124945422,0.007178332948930501,0.01257277109933212,-0.02838468078193961,0.027021237860133596,-0.019239080538972816,0.03891504407777099,-0.021087828486981264,0.04001579084441983,0.032258585114952845,-0.04914727237054407,0.029060318026188157,-0.002366196589396754,0.0383236833548694,-0.024515251082592858
lateraloccipital-rh,-0.01540941401418833,-0.0026335137621804525,-0.03403419675692697,0.005459035191686863,-0.056071351571810334,-0.03506919868334576,-0.03670414116750133,0.035752305224650525,-0.04388461986236503,0.021678076625771113,0.015956122355474493,-0.020208152642552876,-0.004583261077140945,0.06362997471346363,0.008469865658516944,0.050574955374447055,0.009043197710682562,0.04076788105815682,-0.037139322894892524,-0.01635575192445948,-0.058145468313573805,-0.009057708609259063,0.023943495088629134,0.07098943386208005,-0.0033121994483206038,-0.022348814438341816,-0.007496585050666885,0.020438876817613187,0.01989597055314466,-0.03072881572113626,-0.021125586432393356,0.09436806600982595,-0.005370498562700786,-0.014360880844604122,-0.02338807337570882,-0.013763257268245397,-0.03424717636025086,-0.06852727689887797,0.0287391187274246,-0.029175604099905286,-0.005141986357081436,-0.0028385814281431344,-0.011118402683309127,0.023941880395777066,-0.021567788946403658,0.009564859574404902,-0.039215451483307656,0.007652388065537466,0.04338483575548721,-0.03294340294292919,0.01669053431437142,0.060911271378855346,0.01581017308929271,-0.034046380617290706,0.03275037242164338,0.005286596960511687,0.021218666489535,-0.006648955340314431,0.012106477484370217,0.055347852252185144,0.022076656977594245,-0.016681037073548993,0.011567376808930108,-0.040380988750979306,0.02098560392149822,-0.00265340848374519,-0.03246220053639035,0.01983753356323047
lateralorbitofrontal-lh,0.0014161158301561987,-0.022961007725753147,0.03777957218885489,0.023890698146060867,-0.030634528815295558,-0.018306111817931996,-0.045781472700099905,-0.008505161764299305,0.05583690454385493,0.03568279548381151,-0.05308953735588526,-0.013875945288244011,0.04562941541477519,0.017642102647429225,-0.02588437691046037,-0.0037963549151721326,0.061772659784067305,0.014103225357595419,0.05090614344319524,-0.020389023902497437,-0.009483919467503434,-0.038213614779428834,-0.04930327381844516,-0.0043164714805772764,0.22965471982382132,0.04905630798752316,0.024984041992528468,-0.025456846360393786,0.026769827383827032,0.032914282086021665,-0.04767331100014027,0.011244423843794175,-0.03790217168799338,-0.0014960841147605999,0.06200104919130881,-0.009714223288911429,-0.06022517255663843,-0.053652923944388656,-0.07708895171047955,0.001990231541780099,-0.06967886511391506,-0.04470444052324715,-0.05173022124813123,-0.01561026285177895,0.019815466519951204,-0.05957069413173843,-0.02642659010706628,-0.015717616178514335,0.011572456338825953,-0.02675050506176554,0.03011929069978831,-0.024435523204863016,-0.008972750703755495,0.025499325812097573,0.014269645220515676,-0.03575877445290537,0.02165401831325683,0.070299187849244,0.034158363950613294,0.019034715579640024,-0.019391054885389582,0.011125653695354782,-0.04488462536679289,-0.01488103031236436,0.023123395298136788,0.035870991087465255,-0.0031765225894246213,0.01962293508165688
lateralorbitofrontal-rh,-0.0007372947781272978,-0.01025330416816394,0.007315136761325288,0.02422131871618536,-0.004463642614638825,0.0013049611625898143,-0.014610894886518944,-0.033397528559932735,0.016624449632359577,0.017635380783786625,0.0163772695441043,-0.017906307473804665,0.009695205669596339,0.0008201980485326231,-0.04713284445703049,-0.020663911012145472,0.022022855058050208,0.033418939751778134,-0.0015165814460206856,0.025728212059592796,-0.016361136579912564,-0.026500338410708216,-0.02508094206303985,-0.025046011906508982,0.04596990012665308,0.25155612106241,0.005606402728461621,-0.010198850422457722,0.0029615056148317386,-0.051974608030699435,-0.021601996636923172,0.027668314458324676,-0.059727882721406944,-0.020066008033366122,0.08454728327789271,0.0011210534812653404,-0.024386262902091727,-0.010090650948825894,0.00017681344676813806,-0.0030372416152842697,-0.010530721915503272,-0.004077693242129452,-0.03857444362579318,-0.04545292426560293,0.0065731124148753215,-0.035209473399624464,0.0048401415389804706,0.0025343781047399956,-0.01949842675052235,-0.04585732228810674,0.01311711626770185,-0.02439845356142534,0.02328324397721385,-0.019988104471668253,0.0020479401756718554,-0.020359648327767307,0.013025975192504872,-0.003719770111469272,0.012413501137693272,-0.0037694946899208366,-0.0108234205090492,0.054785017652153836,-0.0569166653011221,-0.039840794578758415,0.007270984868508907,0.06195259018057696,0.019437222167653905,0.007719051643287539
lingual-lh,-0.055705048100793436,0.06474136272699056,-0.031961878756820536,-0.02189299032020058,-0.020191689194775094,-0.04874108397496027,-0.03969149210005584,-0.016446685344049052,0.018575576091825318,0.05455499096295821,0.02764406248472556,-0.03352509366726496,0.019429436406431633,0.0651989410307783,0.006845913947681122,0.02815132670941545,-0.007091403081942976,0.04716899617720205,-0.009391346397536969,-0.0324605017446516,-0.034033214129464924,-0.00016799352380911597,-0.008089224736806313,-0.0029752334830528177,0.026523178479760785,0.011108773547434564,0.18166423018094355,0.04411730291935837,0.017053946484919518,-0.023478073217724726,0.00039888592236746005,0.017803456220154185,-0.03750269950866304,-0.017279841379697132,-0.005158719441615167,0.05579569936898978,-0.04307053519423292,-0.024446127776959273,0.03874268005369782,-0.017568280146256714,0.0007143192190497166,-0.01004760514327467,0.004746932600331014,0.003719355048173814,0.014274993135768342,-0.0021806751507712765,-0.024890951921506903,-0.037798992124420686,-0.010207513044850363,-0.04102626139016501,0.01946046334914207,0.02738781872427099,0.03343210941399117,-0.018275556006946237,-0.024297052606805113,-0.019915794402786447,0.005065067428868417,-0.03246660448775641,0.03998274003701516,-0.007079098524107499,-0.033704682725282806,0.03039285786286908,-0.04249962156185242,-0.0479556805653329,-0.022947726147351705,0.0019805326761814213,0.004559830331900856,-0.005072808518652388
lingual-rh,0.036100589497591644,0.013226016061137345,-0.010669768112504925,-0.048450072140150034,-0.03163521074887272,-0.03384372775215306,-0.006448225747208735,0.011319959688478895,-0.010965058568267202,0.08381231903137848,0.02561406326800276,-0.02432070480786376,0.00616290057640091,0.07047678896258383,-0.024718985391925657,0.08369012947162348,-0.0012909285409336939,0.07623463425518308,-0.03214624372589864,-0.0012939807138433485,-0.03326779589332747,-0.010019336502625806,-0.008462834169278911,0.022731016129636576,-0.014301943390972727,-0.011697503990034424,0.03372171822958257,0.07128027208510304,-0.011498029714123094,-0.004825393491513946,0.020920087090723325,0.03324025622730217,-0.06090073023398674,-0.04395399868116815,0.00941649655141951,0.11097240535795198,-0.05529267987529202,-0.025453454636353838,-0.0031259909766688776,-0.029058032499902735,-0.006462161457557902,-0.05194906678612779,8.705122147979462e-05,0.03187602003788942,-0.03221164235209511,-0.02034612313954605,0.01692302969838886,0.0016300953437183739,0.011207465016435549,-0.03763564430148047,-0.04312121977902825,0.017572733932147512,-0.026007292990961873,-0.03734994046954715,0.035446594187723536,0.01023510975457137,-0.014460122791503037,0.019108789233659062,-0.04739507232716742,0.03786600723826573,-0.0142706553256999,0.035587172723261506,-0.014150623921096445,-0.026023598203327503,0.022383548939244744,-0.008439655574748186,-0.031707886291310515,0.0003280662051831281
medialorbitofrontal-lh,-0.006743385917081615,0.014466951454979176,0.014513470802624318,-0.0019473615282842355,-0.0028199993921904664,-0.04660448849773669,-0.019834422177021332,0.019843378518155017,0.020403994618475852,0.03307137899545624,0.019417253237764436,0.02654509774884963,0.0052155886734073,0.012860231344204883,0.012288894450738826,0.03131684522196622,0.02151305468685074,0.04789355161634968,0.013753655717669823,-0.06061642019833677,0.014548744990373823,0.018683527225705533,-0.01885199790861577,0.0092258478075006,-0.002003836412327917,-0.012375039610020856,0.00858462847019207,-0.02834798362880177,0.18096056200603772,0.04001925651016066,-0.06800018003977709,-0.003266691789895001,-0.05845170804170228,-0.00207603683771033,0.007261396315408675,-0.006973296256664947,-0.021438396139309725,-0.040854263187166076,0.010449223996383542,-0.0345973819571452,-0.037558015917638084,-0.023574190891488944,-0.04594884778745534,-0.011998979970528428,-0.05615438406413618,0.025859171188804427,-0.013801681247932653,-0.02139052252461825,0.01769356276667811,-0.024503597226667714,-0.036281519474377855,0.013064144518169906,0.05685119735946101,0.024695452319521246,0.022895365608350808,0.0022046578949864682,0.0008376647556434434,0.007804165811131209,-0.03851342920725126,0.05920650064369615,-0.05975426389924822,0.026285865469238626,-0.018603523240122107,-0.03735348857236569,0.013490597338330985,0.023609944778984683,-0.030999308587716448,0.01490381726908343
medialorbitofrontal-rh,0.05016845206671881,-0.0011253045096543865,0.04007957410962745,-0.014269859667538005,-0.010218085982742894,-0.018832428749843772,-0.010197470532933772,0.015955243595897062,-0.047875398805771956,0.07736742808353711,0.007586473164862186,0.05394338936919936,-0.0359422465426234,0.007384649713842444,-0.07061623626963227,-0.006463951028151272,0.0170647992026441,0.09943990017921012,-0.06914763060391703,-0.00893463443979441,-0.024374621482674927,-0.04296127168083001,-0.04072096556000708,-0.0351692443112903,0.025494639431601535,-0.0483395027507986,-0.03430198577904995,-0.002498347658581531,0.03948219172850475,0.23095652331542013,-0.0002136511800763525,0.008275107579051484,-0.05581074820063486,-0.02003907690038175,-0.02785027378836664,-0.030657369146229903,-0.03834036511543284,-0.03137001682785861,-0.017366346544508714,-0.019241972548403066,0.017160215254151023,0.0012936725572902682,-0.026521743193111458,-0.009029049689388875,-0.030251298342237165,-0.04401889653532463,-0.0009643425961934847,0.01442306394169732,-0.028166767698368175,-0.04929446070494731,-0.003550230170956012,0.011731651067597479,0.011366989145377766,0.06263259946851216,0.046601721228290455,0.04594473753938839,-0.005333752297944987,0.045650052968747634,-0.03770921550493595,0.02017870984307751,0.022420236933447947,0.008553525326124823,-0.05606455767242373,-0.030356356468214524,0.03505049530224322,0.02151731685547264,0.008910173844960114,0.037506144665279385
middletemporal-lh,0.11011340053200551,-0.04030159729044193,0.018546512235229663,-0.021627114260219904,-0.029018670918368225,0.0016241944809559433,-0.02636775568753876,0.044561982965730246,0.017722042477277437,0.05990189830045437,-0.010267951784030994,-0.04771471334141972,0.060965346234762005,0.0386132254731541,-0.006485889200817301,0.006724790602744577,0.02584089156733705,0.050938278057404154,-0.012706676748493576,-0.01212015995468729,-0.0031354051947146268,-0.03972614187763543,-0.039674441290333075,-0.01779763110792624,-0.009203173504464288,-0.01826213994240024,0.010308700209958768,0.02983003958853407,-0.06164462893657121,-0.0025915988505100756,0.27605150230083886,0.006659765382697282,-0.04739734215484597,-0.00990400292869525,0.06638702461521635,0.006809074080939395,-0.030532488092033665,-0.024332572394893396,-0.04357969549768784,-0.029459349653863775,-0.009676926623806576,-0.030165222133607915,-0.05816121173692886,0.012354072834183756,-0.02374629054414262,-0.022192112415891724,-0.04451968872647624,0.004300016899994097,0.012004815980244788,-0.002358422615769673,-0.011887360179259216,-0.03285617404632218,-0.0233577393474509,-0.052892595846802316,-0.043806800687922455,0.009413532253609034,-0.030586297590956147,0.006300088143780871,0.017319819073874382,-0.0016573303176564145,0.0320980679305678,-0.0028107460454506344,0.007482737631397194,-0.047138781813493735,0.05521885139596031,-0.011939869134073017,0.036434849004568955,0.009079190165182363
middletemporal-rh,-0.011303091085102466,-0.03517507498141102,0.011928155435719852,-0.004680638587174469,-0.021344148920832383,-0.03382814317678926,-0.008170537779547155,0.017006459739442717,0.009255614831878563,0.030131543135156202,0.015418690165447443,-0.030782459797977144,0.00929450106683493,0.029486112316925495,-0.020751869062362167,0.0009650749088663652,0.03387923612912061,-0.04782352077394005,0.002252061607078112,-0.03320254185739168,-0.02620179348652866,0.02268202354128222,0.004430366761096254,0.0903307541102018,0.007394890105493006,0.007095502975643022,0.004856926245654425,0.0013020976460379943,-0.007268539300588679,0.00572126543845962,-0.014489788121169994,0.12453817517887245,-0.015822977999758372,0.0020092304032572525,-0.00029369302340990133,0.02127660309591761,-0.018159254459128398,-0.027676679917390607,0.029286889938763567,-0.00310821252317852,0.0052744663948817855,-0.025399323413964205,0.0025427692332280856,0.007305389591069293,-0.010139765313811699,-0.015564000567331109,-0.02242534941903587,0.005807793917693731,0.001566531775097415,-0.02132321229678509,-0.003736124237761774,-0.0138104207517321,-0.0033620265408803047,-0.005608971282957075,0.024065000493960095,-0.04259557613605148,0.01905305291519001,0.011142475829999712,-0.019253197027608797,-0.0037069252552057383,-0.014426106109804434,0.031276947635556836,-0.0012399965851158054,-0.025941186938055635,0.01615834247292614,0.0010910581636125734,-0.028163812960708943,0.01095295649012589
paracentral-lh,0.03505968297094603,-0.023150509806384195,-0.025573459491853027,0.0004443977927847087,0.051657296719561305,0.015548809852657912,-0.02392101126933123,0.012408162884952823,-0.03402271004159351,-0.02518362639175735,-0.02597166606407819,-0.05376389406240087,-0.03120169284847864,-0.023167935751320052,-0.07501726515162921,0.0375659667248472,0.028196285570397953,0.005584186777785273,0.11115515805301593,-0.052485497537924655,-0.044639962264408195,-0.014138239751588955,-0.05903576102271188,0.02856751436281174,-0.008300046984224601,-0.06641061827366837,-0.04881251197290195,-0.051546952626692934,-0.040369626166567744,-0.05253982295087224,-0.04178318594721429,0.038111075806912656,0.649501528792551,-6.665436917842313e-05,-0.026424760818520444,-0.004874486218805008,-0.011485901465516809,-0.006863032344796146,-0.05867817283966541,-0.032511984948871316,-0.041155605658401505,-0.02366887033001621,0.03278647031544886,0.005724228980643843,0.0958631578884297,0.05423124073587447,0.09509275754987044,-0.01406987860386481,0.1457115696917565,-0.0639889464405753,-0.06755227830490218,-0.08090676780075888,-0.016541463083356935,-0.05495108236907343,0.013539058694800462,-0.04822897666748245,-0.006841251294402709,-0.02382117173942801,-0.05643410976199407,0.008120246670577792,-0.027825519253469346,-0.0048860151959213656,-0.008683946771756502,0.06425871069740681,-0.013879126240854259,-0.028165897938149668,0.059315519735854326,-0.044901130432524465
paracentral-rh,-0.001235889616079778,0.016888921082172968,0.05059705180975835,0.03645607423619098,-0.039479315652176834,-0.01607847078484804,-0.041012653202823886,-0.02813095170962176,0.0018999528681822213,-0.024231144641758344,0.004728928097407749,-0.027659801242786768,0.017867710642715418,-0.021873777853121935,-0.01708093264571039,0.013810862894376386,0.04084142870178947,-0.036111798637573946,-0.014491685716805647,0.0016604587370317551,-0.002057704760287868,-0.024710401553321285,-0.03673053938259443,-0.017774856555925412,0.006951048689346062,-0.019294016508827685,-0.01552580778039998,-0.0580042112970933,0.01594664228582329,-0.0052706063443536556,-0.01719604221204023,0.020848427135166322,-0.029635323088928446,0.35541218660434476,-0.0035804773881321235,-0.03484466733623234,-0.01107304910909459,0.011328869567323537,0.01666648764026872,-0.002366788760184795,-0.004508812012405709,-0.0018660526395043997,-0.017779431166818863,0.0004510556178637809,0.0038570202879180454,0.044082304950427385,0.003909148442375783,-0.0006626959465375533,0.03319264391167188,-0.020675793044049758,-0.03762143545715935,0.0012786641238611456,-0.004911254825102463,0.02415260020252755,-0.01894153354778567,-0.019689784864891154,-0.006426690047943223,0.0031886100656231507,0.03902384031278302,0.013401210448836957,-0.03166580144555045,0.02272263718403415,-0.014207176552497796,-0.027095117368128054,-0.017870911593038774,0.020631767939739233,-0.018707855312318236,-0.033715294875104995
parahippocampal-lh,-0.048431788231336675,0.042393815831673884,-0.012872054831301525,-0.007201690488140332,-0.017473724508363372,-0.046232548411339475,-0.0485889680834459,-0.06719274015393989,0.06745851677691121,0.04704879668289301,-0.005571982001728237,-0.05413844347550662,0.021603350191159092,0.02861623206404209,-0.030731331083020414,-0.011663689382463831,-0.039794690185771885,0.022647984014536878,0.014934530798941035,-0.023256846813286058,-0.033120278395816556,-0.02181449686509087,-0.006295981873024922,-0.03352309889194326,0.05513560670818216,0.0788739384660318,-0.023392056641573185,0.011743642854020152,0.014265991171447032,-0.024840368582165335,0.03592286998947013,0.010075084939256157,-0.033970206407859575,-0.01446029912207284,0.2514089799710766,0.03470929075291081,-0.032120328907632036,-0.02407421028390007,0.043110171321571945,-0.020537170527773804,0.006644607172484795,0.015278904439607933,0.007717095777092789,-0.0094055148746875,0.0075811776364625525,0.02017231377541553,-0.025044676828983415,-0.03694048133830245,-0.007761853401975898,-0.022361521400874284,0.02982139149491986,0.002843633134416049,0.027865925134719843,-0.003102341924037755,-0.023567012354537967,-0.021869849028430192,0.0019538882711771983,-0.052636929424220824,0.03604284845759539,1.6142199677522608e-06,-0.0021503586390242226,0.042416022558896045,-0.04266982254304805,-0.056879407491046204,0.02284812251628938,0.010492532987941559,-0.007216644106507204,-0.01872347260693799
parahippocampal-rh,-0.022317004861929363,0.061145122222427004,-0.04149478032208796,-0.028353791350207293,-0.027112962067785497,-0.031034158789946753,-0.05094537264420014,-0.00272676110171224,-0.015009375209916345,0.10384268675377259,0.06269276948140544,-0.05441011978207701,0.018373724302497244,0.11434780530710753,-0.0391062230920283,0.04549124374979688,0.05299248882469761,0.06714924390702214,-0.032373134763917,0.020013668423853544,-0.01112840036701872,-0.07175404318768873,-0.03551930439302232,-0.02149871433417308,-0.006615656382198285,0.0016234931846202923,0.05661535350031199,0.10260605721821704,-0.00723379120033399,-0.0372014732243334,-0.015393681600390303,0.017124465647745175,-0.036857185302248574,-0.030443269379718595,0.041184575061614846,0.11445393458452381,-0.014784153398343871,-0.03483488960478718,-0.004048437430535033,-0.03725344902967308,-0.023176679504993494,-0.028614523657436917,-0.0293714706566394,-0.031049205698656344,0.022884569285442188,-0.005894961651966112,0.0014979346571681864,0.004879976410051415,0.021549903277326123,-0.0029679586531148722,0.033730173851256026,0.018859730327937734,0.008098796008754718,-0.05477041329151195,-0.03210009819516991,-0.048871812065477804,0.00809206049606373,0.000983377945975678,0.020708354057978322,-0.037223624078605834,-0.02559757862233021,0.017202370541934502,-0.021874181052305434,-0.04152148197909903,0.0018869862923054704,0.043391186897289075,-0.039814433607216204,0.04887650331570026
parsopercularis-lh,0.08668380463590972,-0.004210921526522382,0.02561996868747465,-0.028117101457130277,0.09194812022211701,-0.03097565611100295,-0.007969074741224831,-0.0087052094596527,-0.026566517324195526,0.0364750558778354,-0.008490699547539442,-0.006147011135872908,-0.052446688284465276,-0.012967462391977538,-0.06681827249658691,-0.020437081067942228,0.0010931236239489414,0.04568618174672297,-0.02734382639907575,-0.00031236660599112285,-0.04323205178163378,-0.027291711059251354,-0.036873667306148744,-0.03740753958339073,-0.027204731866292152,-0.004302729264391046,-0.056493410601780626,-0.05806963555661794,-0.010238953637721848,-0.03691059756453561,-0.013455206158034447,0.004924925996268976,-0.03607424093386943,-0.009248429769079289,-0.032655962026825316,0.0021947116487291895,0.5180506610769777,0.023982840355612867,0.02677947198645566,0.03762803721476244,0.014310457094672158,0.006744287802126381,0.020021479251679613,-0.022467543098286632,-0.01916133620454325,0.004355043902708557,-0.015979175292605646,-0.017943855472198986,0.07524981373303102,-0.06091589230797231,-0.04933279875058477,-0.05853554778752168,-0.04036723738260905,-0.04288153538033074,0.03050349598451221,0.010676462032890929,0.014249443410358194,0.024764817380928762,-0.051646203623431995,-0.009087465849432872,-0.01136221114254901,-0.008243591514966616,0.02413184307586849,0.023398209452563483,0.01369114916264881,0.023955830947715123,-0.011588346463957866,-0.03663974037477578
parsopercularis-rh,-0.006722830378673358,0.02735222114526459,-0.032542798359185734,-0.029060107632096408,-0.04512730000806839,-0.012457474291632914,-0.026199929843334982,0.03307044522199768,-0.013503982653463255,0.017069438687358742,-0.017880432057368174,0.015288309439228598,-0.028195378200015428,-0.025514914921932922,-0.00882827139013314,0.008135175819305202,0.003932688155015278,0.0042088987595642335,-0.023453035142220215,-0.02558083134372272,-0.023403292689174796,-0.003949347434865717,-0.032524063107849124,-0.05992468481663464,-0.051117991754313585,0.0011575288748800186,-0.011678531393773287,-0.024657912062582485,-0.035067865164438425,-0.016067055289268845,-0.022670211525875637,-0.018345387009889674,-0.01057559718769626,0.05373048024069932,-0.006168209915975749,-0.02723411009066651,0.0676486802098478,0.5799160986152005,0.0032056692277644557,0.018919527430492418,-0.016627591564802282,0.03827316423308965,-0.017671971302226606,-0.013158504098443961,-0.022542906011128738,0.06414681243359731,-0.060536938267485935,-0.0469510608410583,-0.021282074332796306,0.058074651451970834,-0.038903089239517796,0.04113698491406289,0.014581756557506024,0.03831923963402884,-0.0676947817989944,-0.040527271909522905,-0.02653012370900557,0.008083243485437064,-0.03987513503601993,0.04830696552514671,-0.027817714713011688,0.012148369145804834,0.007805296869227064,-0.018586967847155234,-0.07160043955517433,0.02549150025385194,-0.0342360499035288,0.012991019464382997
parsorbitalis-lh,0.026219324844467356,-0.00949038179036914,-0.0085634434307163,0.024268198927168465,-0.01902244396617135,-0.017001457733894585,-0.028304093344305673,0.04310808153890024,0.04813471326491947,0.005940080190491899,-0.027898205053922938,-0.025413816143297047,0.03477741612997963,0.016438667693324506,0.00959054830020168,0.016998388336740913,0.07251632510608928,0.02005004343255735,0.0170532684213372,-0.046707598332196815,-0.0019981390699509603,0.003396837126617048,0.011625931053885102,0.026044728111917274,-0.054677689136665375,-0.014550131763739971,0.0420929488982671,-0.00584341596925131,0.030664212831607935,-0.00772801880365872,-0.04945219454438728,0.029277434417234908,-0.06972293033789614,0.006217867557668209,0.045461868480470395,0.003792752115706685,-0.019920657532972782,-0.02458847774323462,0.38666206926278684,-0.007784959454950262,-0.05206787537338211,-0.007894145089658664,-0.023167903655844143,0.003851799202673308,-0.04146628642505395,-0.019170983924735856,-0.05768564112575974,-0.037410428858526204,0.06785615815796131,-0.025535211094233626,-0.041657123564686774,-0.0186804994201367,-0.09513481874026686,-0.012754029600026239,0.02527566528804819,-0.06253653956980208,-0.0285362281457975,-0.009035760313494123,-0.03954470059662148,0.021052209610062704,-0.06347555690082944,0.03409859186154796,0.014209629132579622,-0.03214713475485869,0.024500728347046342,0.0016238395403179282,-0.00787967782916305,0.0016482719518816408
parsorbitalis-rh,0.07855711051221695,-0.03477858553353918,-0.016908651511776368,-0.012538713158088228,0.048157510897089084,-0.03129919500319756,-0.01743283332985494,-0.053612492911025586,0.030933385794866517,-0.010956092770930046,-0.03707230183929881,-0.015017415607673995,-0.022282813037715482,-0.013211806974140297,-0.02790609869804417,-0.027141658409573815,0.022323986430309247,0.003014061761727135,0.010076511063747687,0.18267096190783538,-0.032303923239232916,-0.03165339558078601,-0.056022624020508886,-0.041532246738781434,0.02173276360441453,-0.005694285821517596,-0.023901934525918204,-0.04720310895804733,-0.03983800074610579,-0.014696407046557133,-0.0369603690785607,0.00479899965513599,-0.04706082043735209,0.0011455018470847309,-0.03159310740186684,-0.04183154787068292,0.010578208604109235,0.017837780146853964,-0.015276792782078576,0.5426912714452434,-0.03536833443191433,0.0617526950535416,-0.04482345115169621,-0.05379419471381046,-0.0085986351590087,-0.032852732378892226,-0.012408043079153153,-0.026761488912182534,-0.042508637882209474,0.024347167407929384,-0.006238325772860899,-0.0407106067415395,-0.0317316303212595,-0.03263445516010316,-0.009250310216382361,0.12822159119394358,-0.019417255597070523,0.02953847499851535,0.01035441891209213,-0.02118834218289092,-0.030425852409798892,-0.011916149711369957,-0.029787251957903844,0.016702624871017185,0.001902513272610648,0.004814608827139492,0.00044383102336217173,0.0235469415821161
parstriangularis-lh,0.0680417395784403,-0.03680989734425222,0.009974683367432138,-0.031055982134241426,0.006760272031929241,-0.02301725093589324,-0.03806119704380687,0.03911800999247341,-0.03152912576986613,0.053876735447399675,-0.0258440111177699,-0.04608089075522631,-0.016386044807841303,0.006824107524615559,-0.044759440460918634,-0.008908248060736142,0.08998270042862347,0.08203585403423637,-0.01574327796025439,-0.053693210208547844,-0.03294567405070647,-0.023516362050663632,-0.02370048437080185,-0.0010232866903447289,-0.0382200600071555,-0.0065061709019768625,0.011472557347504679,-0.008285023716049432,-0.023899498884362196,0.018125088633616643,-0.010980209359198731,0.018367460453455626,-0.061042321687631844,-0.0038292034648545943,0.015238957131887783,-0.009342024028435774,0.004671616018642508,-0.03116545696350403,-0.04225481382934931,-0.021513522933775318,0.4611813807235858,0.0153450767514214,-0.017087734778178085,0.013772761785893982,-0.046035631272673995,-0.03724493608518588,-0.0644773675733803,-0.017807259643359167,8.281368605884364e-05,-0.01153286311496782,-0.03893415598275481,-0.020346581573806026,-0.037662236128988155,-0.013442820395515219,0.0006682548751278869,-0.04029312234933645,-0.01877452302790336,-0.015187636842571777,-0.030114968996728796,0.023766169332755372,-0.02362235677789485,0.021622361768686774,-0.008423265858767546,0.013523800797321383,0.09760161234395347,0.01296482083258511,0.04085668484995042,0.025224630202579278
parstriangularis-rh,0.046734644854959984,-0.02740412973316152,0.021697638351857746,0.05948300010073994,-0.020256442961588374,0.018763207517739793,-0.012821395980255583,0.016092963552765138,0.004740089065770118,-0.022678910055346967,-0.04612080219409976,-0.021359373666546118,0.028819907261061338,-0.033918006537488186,-0.005249983972606172,-0.019195221780029022,0.044225248742321366,0.01980609304391966,-0.029437763345033317,0.017938614160593735,-0.04964235328397046,-0.008647483813908539,-0.00848499026431138,0.0009848651396596715,-0.03412122405547959,-0.013070579512394261,-0.011422482656240568,-0.06594945821695498,-0.02659698739026599,-0.0034917621132290206,-0.03793273601020917,-0.015053735245293189,-0.04901507619556686,0.00347693033533309,0.015862516996359512,-0.027626768229669803,-0.010189479705276719,0.008140564489946572,-0.0020011284889044313,0.03807442642293316,0.013368190267982069,0.28898695213114534,0.007556336405355711,0.004275870241597793,-0.053189873086590914,-0.05816134462531026,-0.043019050069045675,0.03578199758875553,0.016750445793553982,-0.041473668618409516,-0.054112548753891855,-0.05309954851217001,-0.007367225680056196,-0.05323395329245446,0.008351719883354852,0.03862115229645311,-0.014806813776955453,0.059256480714470254,0.022556552867132932,0.07011813183775069,-0.011477766211993874,0.008747876356466915,0.009661663570908056,-0.008574824827395064,0.054467790307325674,0.003928070405268953,0.04433838118226947,-0.03140342902364885
pericalcarine-lh,0.005699654192158885,-0.000751770741071736,-0.03812107990737553,-0.03094997313575595,-0.026274245462049907,-0.02887176622003306,-0.03401899644724877,0.01044641729036275,-0.02613458440838257,0.03241164982459127,-0.026150860440791273,-0.051808597397917266,0.055504041910174225,-0.002470681608843113,-0.005005746350752407,0.04438005308566652,0.053159482290010884,0.015916291276278503,-0.01732677327672994,-0.0297084766001559,-0.040717029635126044,-0.017197603883558957,0.028694628161765507,0.0022920759993662583,-0.023472041277824294,-0.03799017630551202,0.01245983794598085,0.014778723451833417,-0.0313270760631136,-0.01328156702822209,-0.06974076093872345,0.01357195650001715,0.005828754247671022,0.0004906919663733025,0.022920317402659117,-0.009816590968001672,0.02336398841450928,-0.030374439782657234,-0.011430951770964409,-0.029840201081259805,-0.009134219119644644,-0.0025412775591755112,0.35964227917337166,0.05754585576166892,0.012708859832064191,0.005990199409953878,-0.00781369472365517,0.0010885435582270533,0.015201332981982783,-0.00770036188872746,0.05082103920079362,-0.05710752605121406,-0.02423113467026579,-0.05185897806410448,-0.03609723088704922,-0.045234757451381384,-0.006040233052187425,-0.0067440477873202094,0.05676519428146465,0.016098263790122636,-0.008804859773724808,0.03540846295134851,-0.007640244939733803,-0.052281238939954115,0.015879649440422347,0.018019042956007234,-0.03834152312174246,0.007266031465105098
pericalcarine-rh,0.0014719579154008429,0.04872338677386907,-0.02849311262629446,-0.03487534681321532,-0.04164740404620838,-0.05887178537713203,0.018211691933126925,0.004802763791306326,-0.03563852767879615,0.04435807340619277,-0.011123503301238787,-0.06926966927700147,0.010856121333132684,0.004890004886010585,-0.007499819571667094,0.044076491003257265,0.016110736089857948,0.0306512535024027,-0.05190872881252827,0.013479637577586637,-0.006387598487015939,0.028360516156750594,-0.0143372973412055,0.022872588875905472,-0.01543756235594777,-0.053278782592665254,-0.0016234017001923358,0.031742196179446104,-0.009547851082876735,0.0004153964690945518,0.0029376583163722883,0.023745311334010095,-0.011744155225901883,0.006934024178160932,-0.0024340131704823874,-0.032370619218723466,-0.018929615749985487,-0.03825465505109405,-0.003281404432596657,-0.045154814415246824,0.010493795647133064,0.0035550455692646616,0.042260819184139965,0.21510675200827184,-0.0011867352147665092,0.015471526788364331,-0.04071915977690565,0.02370167928096011,-4.518793699758812e-05,-0.04171377390836488,0.026074199566431,0.09689620424599646,-0.03129750527313221,-0.061384407060653214,-0.015334038756017299,0.0062158841093201975,-0.01603675893251433,-0.01078316480140438,0.034536333609531115,0.03712675424606329,-0.023438304130136808,0.019811762878008555,-0.03201890343167463,-0.04034625344080905,0.034307448517580816,-0.0150651438855635,-0.019956488834303218,0.021237478338310235
postcentral-lh,0.015637524870289903,-0.003253332578919868,0.03578961237316816,-0.016823415724095805,-0.01462674202637402,-0.002520506548943908,0.009557887838894268,-0.008642085989187524,-0.002921712027271965,-0.004219544012429587,0.04428150980738685,-0.006794566813942001,0.02161925212607389,-0.003807672730607584,-0.04581455277730174,0.050617225328646355,0.014551730594592313,-0.0005573175666243761,-0.0005069750454097634,-0.058421479610121514,0.03227607187041269,-0.0023708713676851892,-0.02582576754825711,-0.024410671671273584,0.027556686465671748,0.008053068554183819,0.007585394368599505,-0.024568046231831522,-0.0444676632863376,-0.03827568385999158,-0.026369327687529993,0.010638182380389799,0.006464701382272132,0.01757780391404946,0.007497327995753383,0.03167096478880914,-0.04133198585192075,-0.031760951101399766,-0.022547585202262264,-0.012879303044982776,-0.041208730262860614,-0.04791365034908264,0.014889834405111872,0.001989601998592265,0.37276184415925306,-0.016039996888981514,0.001663547746005284,0.05735623282938999,0.02363922160162543,-0.0262129035399751,-0.015289981999233307,-0.06317061616798271,0.027108098767769973,-0.04148969402541164,-0.018323674962883344,-0.05472301354616624,0.004929115305197054,0.018740428308831165,0.006492378767022548,-0.0017913731086204243,-0.04461139086515088,0.002096924803950195,-0.019619841813694118,-0.027124791365095862,-0.025247657379782972,0.010398237417873742,0.05299092644153534,-0.029946260631728276
postcentral-rh,0.03262650664529651,0.01697066071686008,-0.0247038720377814,-0.015827385558982426,-0.024360074078686334,0.0008312990488718736,-0.02960264356778719,-0.025707159555973375,0.03446313978960263,-0.02061578020365075,-0.03614656056958113,-0.03402028216655681,-0.000691364825067483,0.008353706266898653,-0.0211815611781128,0.011895280091784996,0.025122717270568907,0.0426191021699143,0.07026422981538072,-0.05930341960700896,0.007557896800135603,0.027851914970261786,-0.0015806066836496037,0.018710454205967144,-0.056016740488537796,-0.04840340194458764,-0.007357742727336752,-0.022503217313544068,0.03256715319709729,-0.06126353457356887,-0.022434487273544086,-0.012153030201509481,-0.02203174716444002,0.04857037408808567,0.023023973473379547,0.0009758635169173858,-0.023722576212443894,0.049274565572747994,-0.01985240401789081,-0.024494416479411828,-0.038224607297477155,-0.05739550901910713,-0.004728000928837775,0.03418899453676252,-0.02859427108879819,0.29184449736000806,0.02956345778423218,-0.01392207902618515,0.032570914728135,-0.014813543743097415,-0.05592288272353126,-0.013890834807135913,-0.0651540037371401,-0.06003398355764364,0.010927533536355017,0.010224911875094339,-0.0502602670580665,0.00016932941891115226,-0.05126399995150254,0.023611282696779895,-0.04046463282074305,0.03770119527358272,-0.0018202463495270885,0.05985736176660149,0.09547413484766379,0.004802212882673149,0.018989688262157994,0.008858517929718202
posteriorcingulate-lh,-0.01740847124622444,0.02877827914237372,-0.015376832374611401,-0.0076382987763672725,-0.040169955739935155,-0.05984967011462294,-0.0103184133339241,0.011104103057201458,-0.0123231695867034,0.012659817399395,0.016551791892439476,0.009485798048028364,-0.027151357439797602,0.03420380007696281,-0.018981228169463644,0.002994712846668401,-0.0003455897695055261,0.012961924486350385,0.025499050919534007,-0.033183512298471066,0.003753164765887541,-0.01779258319788652,-0.014505714017351828,-0.036802250096735524,-0.02742967718343175,0.008666360345760018,-0.018379850613645658,0.03188366993594119,0.0044611593745005045,0.006671605775237169,-0.05197870247992965,-0.004245233730354412,0.04609869229150603,0.017357708320281804,-0.017622772322378025,0.014273514066663611,-0.00914075676996765,-0.06132856918487328,-0.05324543136531953,-0.004031711483683687,-0.06859031714893064,-0.045661974980916925,-0.013648627372006665,-0.0349646757611245,0.012437317474784899,0.04747114732722068,0.42562866660965126,-0.03404475678237186,0.11561853518032687,-0.03724613504044807,-0.008757649073536343,0.009673530777509914,-0.012416196503873681,-0.015351212969581078,-0.029903165156947714,-0.06559904303244458,0.009388021969728015,0.02411093273003706,-0.02665940041479415,0.03800128672529281,-0.05071956463419976,0.009480873245661454,0.016887267535455462,-0.01006540270382245,-0.008192347728904483,-0.007311520586136668,0.023984249889135965,0.008294758975687705
posteriorcingulate-rh,-0.008372066697193781,0.012840435722227215,-0.011071351200712178,-0.045470731543384116,-0.013498816430797846,-0.03224596236349386,-0.03637177449355727,-0.01578855393571778,-0.01924670507683131,0.04247749543560044,0.03950062921844266,0.026479258117770795,-0.02383459306926229,0.03381332762222891,-0.015230235856342268,0.0839538574450513,0.017066872619798862,0.07990763700084907,-0.06432970689243532,-0.03630861133693179,-0.039637063885125494,-0.06183726116622119,-0.023652260757431848,0.007685250686177949,-0.00595951345532325,0.0034803152305743204,-0.043618561858197444,-0.004036739874520187,-0.015862664046641904,0.014120852303144697,-0.004822315638896598,0.01116837316857463,-0.03363111296895877,0.00040040023442213294,-0.034902367846002445,0.009024422662754423,-0.021271488720317207,-0.06851113305875679,-0.03337007764535039,-0.016566854139400723,-0.02845300424138828,0.02369089168291873,-0.004205707026325142,0.014587940412976914,0.04653433503658986,-0.02039342302560839,-0.05079022520746153,0.37570660835860514,0.009564097409067733,-0.05712087048255068,0.0018535605747181543,0.0285647562002376,0.01844095603997505,-0.02569609701954001,-0.036544132825430176,-0.013504118076628649,0.048584663875207455,0.014261039031754396,0.011087217688168515,0.02603410026090547,0.019537426505537657,0.00018023597880822837,-0.035372834052924705,-0.046994424337267936,-0.022312420236932824,0.024440904783011478,-0.01569486954847181,0.04154278873223439
precentral-lh,-0.0046882234790635155,-0.03316578945341146,-0.007530399525201189,-0.013989139319599143,-0.0007523499909137378,-0.05473857871599712,-0.005931582639144002,-0.0360483122568527,-0.010693844536907143,-0.005240685016953981,0.011055852300912371,-0.0369147420460843,-0.020562208766070133,-0.005793029028318902,-0.032593165952814605,0.030436822243702914,-0.01934346309301766,0.011190041201530589,0.005729612161894346,-0.0062830274654355365,-0.036225371312320766,0.0051701370541789885,-0.019474099042501438,0.025943594651487725,0.005338448893538551,-0.049907190258899364,-0.03356492498731717,0.0014534179214291296,0.017156185062104645,-0.04365053034144939,0.003728068293506714,0.008064864259840212,0.039731060262562005,0.00862336074977102,-0.02662522044289901,0.011806850293298385,0.013789092948290857,-0.037923955069953684,0.07308372026390177,-0.05317216030913191,-0.007515248574916835,0.008821716122624208,-0.004121138022775778,-0.01406672067861794,0.009767358286977374,0.021398335488704318,0.06585433197653952,0.004608244269729454,0.3499859262611053,-0.03497923004567113,-0.0144275896400034,-0.012348741204236213,0.011835883094741893,-0.025842614642305244,0.06129566319899431,-0.009096897056942192,-0.0057156428232061005,0.004153839120488425,-0.01261634047166842,-0.01034674860475633,0.0019408567302593746,-0.01989753842908991,0.005166199600483459,-0.021909482441858,0.0013329593917358509,0.006237581042152115,0.02703595992139102,-0.06404005738157155
precentral-rh,0.05252080198155209,-0.013340119924795769,-0.002300395994184625,-0.05791086186582496,0.058214889201004934,0.01920671622626922,-0.014858017142880646,-0.0328535698524754,-0.01705092199860353,0.008680870408888677,-0.002507135450606452,-0.007652738564237866,-0.027371890207425677,-0.02993163956815574,-0.05881965573948714,0.00542975821657016,-0.02513503119748765,0.05109465177184538,-0.06999495643052016,-0.01411268022407791,-0.03461367591415847,-0.01812029062069641,-0.015449690008789256,-0.03398719030464894,-0.007867549757837183,-0.043434850988835365,-0.046892209722211774,-0.030342022640606807,-0.006985785059385693,-0.04675238866390207,0.0331080204951675,-0.016315140753698814,-0.05694703571421331,0.019718663275910982,-0.012761480823620759,0.027199225221540935,-0.0660047964516741,0.07568897826298444,-0.0017240998850155762,0.04118017431975925,0.0031901188678021483,-0.030871966677556414,0.008630771463828124,-0.04045442822864221,0.0030644706337708567,0.009038616105581968,-0.03851848727801728,-0.053767199137364635,-0.009115222865937637,0.6147616023794458,0.007575996731933504,-0.02294030122462708,-0.0063617060848849575,-0.023783992929927653,-0.012973278015102927,0.02374668864556929,0.03029768500252615,-0.024406919750174668,-0.026125804005088637,0.021458367198815446,0.028260848239391834,0.05737629825356329,-0.019555477778104267,-0.024876569409631677,-0.0014177497058749993,-0.0073761473124396935,0.009340370175044618,-0.05420151120533369
precuneus-lh,0.036618099000163065,0.028453174599628178,0.006522887018513042,-0.0075837475666430745,-0.031606555666672656,-0.0025945909095750337,0.059905544894093325,0.02597354923962271,-0.01327161931172553,0.0456046438170786,0.02028846173553285,-0.020709770656249855,0.010924702924244776,0.0347944932586003,-0.05671833150217682,0.016914712199561654,0.02353739601499288,0.031086208652780497,0.005010207259568132,-0.05875316718990137,-0.013716337488484297,-0.005305054488893935,-0.05929324721336303,0.0021203568085162686,0.036160839819119474,0.010369189350953054,0.017532861873399447,-0.03464542902360077,-0.017220122658404457,-0.008248690100130171,-0.022076869673748625,0.004793590314644508,-0.07736801974596101,-0.030126112783509063,0.024341505274285954,0.035844482824083146,-0.05427441151658074,-0.042301284506019984,-0.031566169258729515,-0.010689387008496346,-0.044835099504998026,-0.04472899881975358,0.021153913731192492,0.0100475362152008,-0.009976972027935328,-0.04551993309080314,-0.017099300276013585,-0.007544491823176799,-0.00734840003429917,-0.023176003617373448,0.2524919530137677,-0.04742673223444771,0.052943128163721535,-0.013089981429083254,0.018858215384269638,-0.016488335964828793,0.0006493454890080399,0.014829553320831754,0.012867722111391247,0.022429290452612743,-0.009889455339817898,0.0062937345410484825,-0.04822692792528531,-0.032112590667898365,-0.011243208184050795,0.040011216107832294,0.04284360747736953,0.004559226321003261
precuneus-rh,0.010667766649628015,-0.014655757465490044,-0.0029627283445677983,0.004385317645790878,-0.01301446409804168,-0.020876468253522,-0.01805268642374136,0.024157062241707203,-0.011277942069251798,0.05857733195134614,0.008841372471827993,-0.034463137338775436,-0.0009974585758606338,0.02727546627499734,-0.010539979606139414,0.053786698565922074,0.011697424009110172,0.05948943909023212,-0.03863276325937507,-0.032729905674622896,0.05508473889003157,0.04270685072631513,-0.046323250720533664,0.03898910794883973,-0.018777473527622643,-0.02785378740268887,0.012138745036442994,0.007036899175725513,0.021364658247898908,0.00973637552706847,-0.02896105522895889,-0.0006382341376303384,-0.07779549333498265,-0.015136848273540535,-0.003612385981720153,0.022088480019459185,-0.056443964742029555,0.0014883596367968978,-0.013495966339357863,-0.025276037023782012,-0.0261459337083224,-0.04180267510511116,-0.0560154156899992,0.06663936331872433,-0.0581465507708029,-0.020326571104311124,-0.005246090000580727,0.02362909551876382,-0.002980150673581277,-0.035101566778741565,-0.048264587716866675,0.15738528768739504,0.007631424436291669,-0.02984984523269197,0.00819176175508368,-0.025674520092382944,-0.031605979428838,0.0238748753817518,-0.03801028451030895,0.1331673533684538,-0.03959909529807082,0.03155895970244588,-0.019120246705870637,-0.0012126138563484936,0.040396414948200385,-0.0060750606607472436,-0.017059216571006827,0.052767561500567425
rostralanteriorcingulate-lh,0.004965801779175779,0.007075159075285547,0.01453482243737811,0.007582936197661696,-0.037490568549823654,-0.009220939956983521,-0.03491501220070506,0.0018008614554140502,-0.003957358198594522,0.04646625293845639,-0.01837168407118892,0.020710526477403166,0.01072741189987711,0.03517911030988107,-0.01903973975328758,0.026079950306331576,0.045377113926535866,0.0275632275375218,0.007390412323650732,-0.052150268119211474,-0.01946534095509539,-0.04343513160544197,-0.039463196618293936,0.008919453643181072,0.003487151079523495,0.003803877839770117,0.035268222324033593,-0.029969055402960715,0.06525783955526439,-0.009361611659668591,-0.04608291338873985,-0.0047014118204033025,-0.03796846714275119,-0.011182374745731982,0.03268734400400153,0.006406796442905145,-0.0523980571135877,-0.009806274997202878,-0.08942209352594242,-0.03611092090825891,-0.06131118830102804,-0.02353926176826613,-0.03957755212103083,-0.035907613882831105,0.026828736793464994,-0.0613354175015172,-0.014981028880684064,0.007975059248857726,0.014281552532092024,-0.02949651774966605,0.04682224169614732,-0.0022189473026041147,0.15996258753853132,0.0021809388028048745,0.008930969955734096,-0.028805656268267688,0.06296787690576293,0.07342024705358557,0.012660062650855251,0.046160587958693426,-0.018583836748329464,0.01489659585003863,-0.05020976481101437,-0.011485766270148356,0.012324158102470692,0.026375528824986692,0.007603041911425241,0.04729051496055793
rostralanteriorcingulate-rh,0.020077144776400064,0.010842095305658427,0.02626332983462444,0.0019601677278450287,-0.034302557311586566,-0.011732085609960289,-0.044840694020563725,-0.005314694586982554,-0.03091121035353581,0.06554956882771014,0.03770675345240796,0.06742239079872722,-0.005654450639134514,0.010429391513973653,-0.06266295152831093,-0.003167423806503215,0.014571599745812956,0.0684643828603829,-0.03597159690404576,-0.0007826289460176688,-0.037548496887499276,-0.02866787321368383,-0.07652349219624817,-0.03170044918449238,0.026631573833706536,-0.020432222969241774,-0.012310414554678533,-0.032310859566996704,0.04119148734579508,0.09931200179057684,-0.04149704662777074,-0.006603982229183144,-0.061866051169376206,0.010551164618212212,-0.0007719470507435327,-0.02577280126290643,-0.03958874401376847,0.0066503526311941724,-0.004473651730298571,-0.024257772765067454,-0.009237716791220417,-0.036372632673679864,-0.05461184099159922,-0.04759910482125154,-0.02249831403856494,-0.04680696262841581,-0.01577395846806865,-0.02480788934041688,-0.0052344204205336115,-0.03515548690788095,-0.008609161510252249,-0.017002790911508477,0.0444508300626467,0.38273926353793253,0.017590041173330198,0.0012384078826556087,0.02625343889263699,0.03162544616228726,-0.04593265059700078,0.010753431738175376,-0.02902172301811943,0.03657947456124737,-0.02360324143676829,-0.0015928156569238858,0.0227631414523877,0.03958064421230708,-0.02670310323940307,0.009032387841569942
rostralmiddlefrontal-lh,-0.03598005182015355,-0.016838736342995406,-0.024429474109995436,-0.00692998143709199,-0.03384533282363479,-0.05878208950750478,-0.02638681000401722,0.030207740700304537,-0.03444854700411332,0.03301387024852443,0.05005534792114839,0.009297149770895491,-0.02412117342599633,0.005943202282803053,-0.002608313551432103,0.04674160240106024,0.04543931922923237,0.033711591311300464,0.0006084132272205089,-0.026863424262909177,0.00017369947374971112,0.013063421096114677,0.011168996732694243,0.027651887263417697,0.002972160762623403,0.0015279871760124672,-0.03543799222613985,0.04313738825358726,0.024677198782261208,0.0634731322374446,-0.05188068960764876,0.03521685232991626,-0.024128175528583068,-0.020022397294599516,-0.024465779657609415,-0.02123667496262848,0.006158055020740502,-0.07080589876951203,0.004581515848596298,-0.007467613920894419,-0.02442697091238539,-0.006177099060056028,-0.051754189756537894,-0.016498495589058068,-0.010162022173004343,0.006208929161774427,-0.035573139903508515,-0.03299974330920084,0.06780810606390629,-0.02069647587352861,0.01765288097665795,0.01226883835460893,0.00027881110514906465,0.015861718278644667,0.2501713697240826,-0.02523958201457275,0.02777671391055383,0.004028983611436203,-0.024608448608718983,0.022761160729717855,-0.06697448161032082,0.009323962404518597,-0.019447706068313517,-0.027964773895485743,0.046493324400426285,-0.007488912232360087,-0.05661373834118277,0.003849604814569458
rostralmiddlefrontal-rh,0.05994088689488645,-0.025610712137804983,0.0026201484088862483,0.0034470493031974986,-0.01707129369476916,-0.028726307762662884,-0.036001808812808636,0.028784701568914283,0.04935500860450811,0.02299885008990357,-0.030405394824738766,0.038052511538778123,0.00039462690661385064,-0.023930469034000958,-0.007521120723070718,0.0011444683729328227,0.012626473452034824,0.010715601926103017,-0.030146814774849113,0.007789631392110872,-0.039498456415837435,-0.023604756750524494,-0.0020070166777280784,0.002509552354961012,-0.020587451689991904,-0.02148358076187896,-0.023152593746038192,-0.0016444046686499845,0.023846264826717218,0.07503178141121708,0.0007885037940551627,-0.021894603825827263,-0.06608112795056523,-0.013551269162351016,-0.01656793760082594,-0.04746773014743291,-0.0065228668944775905,-0.04707450015628451,-0.07903629131166003,0.11182630188820258,-0.06525560075955833,0.024414138932169455,-0.058138263189336646,0.0013995163690632276,-0.05580200103279115,-0.002088796546022365,-0.06618061755619578,-0.011702642758776758,0.000904243815090673,-0.005240344003149181,0.006839664947037871,-0.025029231900676827,-0.012519813191261046,0.02037369318160133,-0.029768460354219616,0.34937451962630695,-0.00490001528819819,0.09011106946647134,-0.049739640963396614,0.0946223579227742,-0.06484166019332904,0.006959530644313163,-0.01536104716037309,5.721569394384688e-05,0.06618557887023511,0.014284620861636675,-0.017680358731408375,-0.013561509911194893
superiorfrontal-lh,0.0035960126102493033,-0.03398259561109043,0.012281428597171523,0.06747683196719902,0.007637724175174401,0.015047632741790775,-0.01216498257295828,0.05108791152956297,-0.002153557983210621,0.024194221834384303,-0.07910753639565256,-0.0722749832943467,0.03382110688881291,0.007888653481237856,-0.03437160892439443,0.013270191376622558,0.06409203216870807,0.029984415605429447,0.002624802358155445,-0.03841494821449595,-0.05167533198641905,-0.02714518668721276,-0.04642220950040866,0.027400161092123797,0.027857156369842255,-0.005019835389131991,0.005595120101036227,-0.02635643142353272,0.022190044181456876,-0.012441594960896609,-0.055134936294382174,0.03113813017094248,-0.051269965191796926,-0.007944597453892898,0.00573426414748258,0.014217256590190084,-0.016020900743425864,-0.0381685070355099,-0.03605062044775684,-0.019831846616064058,-0.042920568629252545,-0.037193467369364575,-0.03014954810037466,-0.02331943972569745,0.009811909427211841,-0.06007952280058473,0.002537640141207368,0.04397748601063675,-0.009067032791469911,-0.00038369383568193554,-0.00915657740617623,-0.052416331228331586,0.08408423706760891,-0.006632263984595241,0.03389499036591251,-0.021325742739587913,0.2049858356483594,0.037040648189390436,-0.01671018047518675,0.05296647184614666,0.0059493974003477015,-0.0034925256101680452,-0.018534838874336754,-0.01635089399737776,0.028545958097460404,0.010225283463838282,0.006594181493194509,0.025935667155877945
superiorfrontal-rh,-0.23524409808319272,-0.013343960235248744,0.08205230538189182,0.01042040589709209,-0.002549418099869239,0.028624072688513275,0.03088585600346509,0.005397483065388864,-0.03701723534603216,0.052747597305075354,-0.013007940403614414,0.03397149495120753,-0.03623575926957433,0.042299590255080184,-0.01937473502735029,0.019759261646794684,-0.19316259004762254,-0.1611179323129298,-0.03671375815796415,0.007340854552825942,-0.002610194717581697,-0.03252022775752632,0.02647720604066836,-8.290873521537328e-05,0.06821624306430721,-0.00043173383480573166,-0.03355621989235024,0.024457262892268416,-0.015372611665119475,0.045522465845141524,0.0021879662116740723,0.02104045503218476,-0.028460088227007612,0.010450314900837091,-0.057727102520520296,0.006903452703243885,0.00041786944193789873,0.001169888193153524,-0.018348367395979046,-0.0017924698997373073,-0.019796529691391028,0.061810534986490945,-0.00444199278529024,-0.012334218366249759,-0.008922672362180117,0.008868551069501412,0.02313220287550631,0.029463898357287063,0.016657524110156606,-0.03837552654893135,0.032462828317154815,0.03363802398291332,0.09635796185204067,0.021455264627483095,0.024329070521986938,0.07289861257263491,0.04560229018211263,0.1872838837627519,0.027541548192693128,0.06432222224159395,0.018209822157972073,-0.029259381956659225,-0.03539481783448117,0.005608125777414122,-0.20720882207547525,-0.018007783629259345,-0.006608682876566798,0.029035368095280175
superiorparietal-lh,0.041948459090272824,0.017096313531259313,0.0071829289588040334,-0.0048991293485746755,-0.02155085421985224,-0.012253354933732148,0.02395664479076123,0.006382415669268032,0.014087421485891413,0.017608028407050315,0.014094807045024308,-0.029194285779611008,0.051564272390418796,0.015126659839511109,0.0017568412253674928,0.0015303767802213786,0.016638280644742324,0.025929134418613903,0.021985994861632333,-0.0884680942291436,0.01666363158550997,-0.024045316559577607,-0.03490712921104744,0.006509597676974829,0.05278384500921988,0.013915372055366785,0.03867535180946625,-0.05091029046728669,-0.027187002403823216,-0.04910303624985496,0.003624563736600026,-0.010633001032154213,-0.08508117136661823,0.028919557461771234,0.033946706024846895,0.018537287583170813,-0.06389965269321748,-0.04443162089911044,-0.03008327912988897,-0.00704451238647131,-0.042693648036920245,0.004465632586600026,0.04120056699204587,0.026136878647600153,-0.007551665499461169,-0.04606669452048187,-0.03401435477372983,-0.0002972500385525653,-0.011700683958157748,-0.04505960205922227,0.006250993309705657,-0.044537743311552275,0.015061965278968125,-0.05344777872060337,-0.0163587211691422,-0.047474989782189565,-0.006340582471840771,0.0180622557354688,0.2996257388953478,0.011787460447933999,-0.0023505409973613263,0.020471438667207967,-0.02975212321064035,-0.030675980293160817,0.007106177471157203,0.02807492385987825,0.045016849594135766,-0.011711283814834562
superiorparietal-rh,-0.0229568257805229,-0.0038578662360865016,5.014280134429871e-05,0.01330726113573068,-0.008034116814761981,-0.04032955896846008,-0.06018047446771878,0.09123059841199431,-0.049989016022798684,0.011123870747056711,-0.008350324523454758,-0.0311545299996529,-0.04310836764976156,-0.010798236699988887,-0.034426549880321816,0.05106263748026771,0.009537973923462137,0.03745825453395116,-0.05872509701156059,0.004419117499584986,-0.013583025249636971,-0.04999102256515264,-0.0027590259483530155,0.0029235686540194147,0.0077926583920696945,-0.04483159367210142,-0.02408766964025007,0.01972384910112696,0.04745193498365579,0.0031315292915268323,-0.027603650618131227,-0.0013206971592482559,-0.011652080734174187,-0.00761784519664725,-0.018648426472886084,-0.0631469225919585,-0.027955443855174872,0.0028672148178955663,0.01660421600052974,-0.0374423961076454,0.008886741009111963,0.034713782232563224,-0.014376774265861283,0.01194881606897324,-0.007036016067393641,-0.008536936499587405,0.004899002996138491,0.013885487105116659,-0.02134126284973829,-0.010049704103748646,0.026507598984317846,0.13544664273602078,0.046495581264640144,-0.011346440360312009,0.009841241664757921,0.04320923188834727,0.03087004747282962,0.047256970909760714,0.007659125478614372,0.0760819508562888,-0.0349809121202774,0.010247795218601722,-0.03203537469217839,-0.0020846450322258726,0.03227618295358179,0.01956655277680729,-0.05135279750842161,0.01721404797550606
superiortemporal-lh,0.07956387230380692,-0.019870937425377627,-0.025377384964093898,-0.027718617554054973,-0.03227156800163174,-0.002851556593688974,-0.060900700321256725,-0.0022955203434291025,-0.0295907195611373,0.04618416457541212,-0.00513614388247674,-0.055518483099200405,0.03920612763470747,0.030291521100773766,-0.035936769507957704,0.001159410192996322,0.05382367270940602,0.034668589071431014,0.03292234834290929,-0.024294669619486155,-0.044558006603895424,-0.05206722981534956,-0.027501009218123092,0.03416195151353775,0.014362739795465458,0.0012464722763957038,-0.028085587520493848,-0.011837653863432607,-0.04860470982839902,0.02047725623010861,0.029155813213841444,0.007135018980425834,-0.04017499149470835,-0.021221806620868897,0.020487938226830312,-0.005821563839557865,-0.017339307836898455,-0.019705333628985782,-0.04573615632868988,-0.01898452537093258,-0.029330090132018403,-0.007952364554218218,-0.01827498098953637,-0.02193907699427037,-0.026632305442024214,-0.03147018327205153,-0.03104367528085375,0.03465189972843901,0.01901559568274296,0.01883581197488208,0.01900285636343527,-0.036913808850622384,0.003947185650937831,-0.03713656777639238,-0.04988381253460266,-0.043879112228591054,0.01692202910708445,0.014283416353807235,0.022754188071607617,-0.0051306948840870855,0.3028061636208574,0.010479803566658704,-0.005572285932146819,-0.025646591872641896,0.08620100376678198,0.036009807946313,-0.0034060038465298713,0.047855849433118214
superiortemporal-rh,-0.01836623253113279,0.05813943161791928,-0.016390930834415725,0.014628042457558181,0.025547980190310213,-0.04505492976607213,0.002022224712198787,0.028255158765032543,0.05931257480368751,0.012208680218370517,-0.06859232911603001,-0.04113389126472564,0.048700082840763534,0.027031573598962196,0.04285616122867788,-0.032487182302903456,0.0047373087690424425,-0.030075050542444536,0.009993901046580066,-0.019346968867863426,0.01914609906888896,-0.056903491628484605,0.030743426136198265,-0.06208608117097718,-0.012048950796108368,0.04438116249305259,0.003784943969236697,0.027090225717019127,0.007368350391420158,0.005158088472737629,-0.028312818539718097,0.038998308457358674,-0.02261166983720666,0.000492810054706366,0.019763250360588742,-0.017783404503706832,-0.02500652141844624,-0.04711995357355542,0.014934580351470711,-0.031127687288892394,0.005536290610963729,0.005004985017944103,0.02358976996373,-0.006391344166619208,-0.02391655695466888,0.010320221166983333,-0.019956920778293166,-0.023593208848224807,-0.030224385666784093,0.023981589699474254,-0.00838135563930256,0.04234272558754142,0.002329634565141708,0.009601040200745642,-0.024185975398357065,-0.021512810231212202,-0.02538644712219741,0.013348392069794593,0.011847356648657584,0.01430877448950732,-0.011611711422229828,-0.015451218886474228,-0.00795348175596534,-0.0027488403993569913,0.05079164711637947,0.050667760694601015,0.008933921714857953,-0.022136124015733765
supramarginal-lh,0.06332623463823668,-0.005005175123763831,-0.03184171442051745,-0.035002456849812555,-0.015342503875932624,-0.07690038825587396,-0.020294609338176343,-0.04360001621139957,-0.0009931487593900802,-0.019694421389027775,-0.03559045181230548,-0.06315030112641921,-0.021013694430521486,-0.01760405706697875,0.06973256511259635,-0.004284776909662791,0.016901723057725027,0.018408889918977985,0.036394695568033424,-0.026922245050473855,-0.048487895695714905,-0.023195110344055907,0.0502704388331807,0.03840218194434677,-0.036404355281748894,-0.05310736966924646,-0.024451946217570148,-0.008716802322190471,-0.005073126667370035,-0.05357681357533491,0.028579668042413582,0.032570887722541284,-0.013539897174311371,-0.015979349776322347,-0.02351099334685019,-0.012050434048965719,0.02022893493015609,0.011557753757460577,0.03720461273574971,-0.018579805918527717,0.019330071689616257,0.02035123528026401,0.0017169942321717535,-0.022691696083569995,-0.014401801210560478,0.014862865599273542,0.013172072383955088,-0.022295535132391093,0.05457183203018692,-0.010263704366043729,-0.02749267803401542,-0.0038366630667253537,-0.04653152630125535,-0.025872941920383044,-0.012535838721799659,-0.0004282205930937902,-0.006925902062063594,-0.02380351472686125,-0.006096758056794384,-0.006224604453671977,0.022608800858428636,0.01886847186207479,0.4083127978921993,-0.0397877104428411,0.010272501579295603,0.0031165264093969518,0.07140619650161277,-0.059065996749358855
supramarginal-rh,0.02789127768777611,0.06323549422287181,-0.03796014394117685,-0.051871823192127624,0.02489143115588401,-0.04637596118457388,-0.04072803519824175,-0.03898482595706843,-0.03394582152708673,0.010804309322329552,0.025106555930876653,0.028952925122517542,-0.043760735843284326,0.009584839392633477,-0.03664374072286307,0.03941988621288042,0.00752808738864225,0.0047683966538378765,0.04392225833729487,-0.0064627715854716095,-0.0406798526256358,-0.02559011734229517,-0.036497174824134955,-0.034842687079373116,-0.018172793121942893,-0.03752186852982491,-0.047199110432044326,-0.001978109234693588,-0.014260610429620737,-0.007255408180722458,-0.038455387922899584,0.005068780346633559,0.026850215429130846,-0.019627425648928682,-0.048328752048079654,-0.02562968032759395,0.04793745616597204,-0.03132352977113789,-0.030393784964252678,0.02009905783200557,0.0135204514224308,-0.008721291652561611,-0.045171267192714804,-0.01867851019297026,-0.012352364919858519,0.07576919805959052,-0.007816492974712139,-0.03329643083206332,0.005908806037154292,-0.024485605993976797,-0.01626808690618639,0.03284640259138762,-0.004533221517377668,0.016591950156246562,-0.005710088429448985,0.0027188922145781986,-0.019647006704326574,0.006373041166360817,-0.021065956139977752,0.027937851192844088,-0.03263688383608363,0.013097034303525597,-0.03537560502175501,0.5202717981786407,0.02089725141861859,-0.01792589202915215,-0.041921746911169705,0.01810295494674562
temporalpole-lh,-0.15070257279933708,0.02793526580947296,0.006147469504429593,-0.026014347201706107,0.012654880426749985,-0.07843232357324943,0.01576606979083984,-0.0009341547465841818,-0.04366791507637663,0.04069064929059587,-0.026676025852496028,0.003233260574588709,0.022536211431245377,0.03695837240247457,-0.006025654450015781,0.06138701332260597,-0.19077884063657538,-0.12010102846243063,0.02976922082692106,0.006109100343159262,0.0006852162699273393,0.024074371287034577,0.02992282712185797,0.015615443491126276,0.026141552492835205,0.00967177058299509,-0.0714873017923691,0.02914217997222876,-0.003491945517801391,0.04967696550075806,0.05280781966132132,0.02846130174056583,-0.009700221687981379,-0.007560394484763047,-0.028674954761770573,0.01227536529570816,0.01900461675631207,-0.06308285360687889,0.018876469765714242,-0.016861209676325723,0.08723453323718362,0.05349112660189772,0.011015550574598711,0.036966755125500836,-0.022126482340394167,0.08436016215345657,-0.0034613107380147908,-0.0034645778411968673,0.0003081975894835838,0.0013834526287699717,-0.0006203408965371645,0.04837859115583382,0.014400354847434602,0.027107200107191576,0.06305874746694096,0.06741433900127894,0.030874383028764774,-0.2093587075236543,0.021038317441964723,0.054575296504070434,0.03604880163775328,0.012364084271222573,-0.013805478543694825,0.005031214324779287,-0.18152965808624622,0.03347678476898761,-0.009074593855505391,0.019561588023323417
temporalpole-rh,-0.011776137306310448,-0.1264816062110101,0.00012419282627287067,0.03159445391128273,-0.040192283471794835,-0.01666682537554259,0.01370151089970431,0.008637047870947046,-0.012568853067176202,-0.025339386421461562,0.052578417052842066,0.01339585649008125,0.033449089419281215,-0.004855252795597103,-0.05148993859080242,-0.009627917056690994,0.045003330779554145,0.053445185694491464,-0.038250398996148564,0.054197260404595986,0.021441943388028063,-0.002016890030632946,-0.0033789599749512833,-0.05362333511706809,0.04191579691075577,-0.012063046950118598,0.00172519897096675,-0.03663319015837869,0.03551274766828359,0.004517318921324505,-0.03877083715295284,-0.04050626517623351,-0.030874710672943617,0.01210404761080231,0.015635887662556237,0.04504214403863246,0.003847328651724853,0.00898761317515349,0.001422397743567047,-0.004219734298240232,-0.0013170536831675435,-0.0002440533004044736,0.002128474700751595,-0.018332537354816655,-0.02590397020657252,-0.0022601038571892686,-0.007166267389711044,0.014763939361129954,0.0005190264526221936,-0.02263086553807067,0.06301833122291592,-0.022918792024094824,0.028868577765803424,0.0426900208154538,-0.009796581690823914,0.00046762827836822397,0.007460842497411652,0.017367834623827155,0.031097012340937508,0.03480361270945063,0.02698535155096097,0.060500874187354586,-0.002232106280227989,-0.02441580696076206,0.020806378082728085,-0.1619744327730014,0.014669272966050114,-0.005897807763717073
transversetemporal-lh,0.02035056637524171,0.014325264382633388,-0.03933723903205866,-0.008896804060816811,-0.01119387936066526,-0.04883039612628223,-0.06440247111168088,-0.05322091534801354,-0.020602851521161952,-0.01708765944244117,-0.03720853297368629,-0.03757014972901348,-0.03975862673213935,0.005539478671943722,0.016130421138095905,0.013993132762589528,0.01585552868502009,-0.007917271536993826,0.0795989359248852,0.002300189861107954,-0.014940404477092386,-0.05173083496553451,0.03516359379569155,-0.036368586585995205,0.00031577785804546345,0.023633506577536302,0.021502433721434865,-0.03564548314586636,-0.03463315159652203,0.001080392491258348,0.015137818405988991,-0.014159815552155326,0.03942714525870042,-0.019912529117874604,0.0072349856984809495,-0.04677226200580178,-0.017381473701441365,-0.03489016707020794,-0.011762094589305348,-0.01833191550136855,0.040336269555343446,0.033899218845288945,-0.05907862260678522,-0.02378622869264489,0.049544610444115546,0.009363764607749974,0.034259639378528925,-0.020143229321604648,0.036260923812985936,-0.008283100102132537,0.05305746065665222,-0.009713813824577207,0.002601454666429696,-0.03812882064121015,-0.04172416154496631,-0.012354731530489452,0.008833303675165412,-0.009703682476432753,0.0431835435321238,-0.015809144897214054,-0.012315874207706922,0.03958546155934934,0.03189548988183684,-0.049124685286721745,-0.005512685570082046,0.009149677459337363,0.3236610601148717,0.0010132461882532504
transversetemporal-rh,-0.0025142540849334752,0.059920087582755306,-0.014183839894606327,-0.038062517781540565,-0.008944713812861637,-0.042763124194276726,-0.03418484694887522,-0.010695441996161391,-0.03754573291262142,0.06275384129269825,0.04409919657922389,-0.014297224359603946,-0.06132464226043162,0.06502878762791811,-0.06959517005977842,0.029773001397569672,0.012836247963662398,0.11437322204393802,-0.0741209917491846,-0.010999974572690736,-0.037455553335706236,-0.053157897018503195,-0.033599675758995314,0.003939389371080816,0.02685378825678563,0.0006331801043445715,-0.0226187119577532,0.0011523411271645025,0.019629812531451858,0.016540635185872715,0.003027607660586551,0.014955420750397708,-0.048372219939433476,-0.031844430338216934,-0.025248876248456707,0.05678626367179549,-0.04874999419427393,-0.01375885387407024,0.0044116186956085785,0.0019871233713725555,0.009931616297352936,-0.028441522895495047,-0.0128992386322545,0.004285711546764974,-0.028950907559951625,-0.0019867988203026796,-0.002660747196423953,0.029354450656326577,-0.04964483954640645,-0.05461020118982287,0.013215564844576817,0.05791632497310782,0.05839099147447199,-0.009452377183129851,0.0006784376692027081,-0.01949401621982787,0.02402218446847794,0.0073177708011674504,-0.00023823618109644233,0.02964537192770947,0.033707874558000096,0.007183434822668183,-0.07972895222570064,-0.009450295068831134,-0.00407411422410494,0.015539846462972694,-0.00489421718844822,0.21067400570774525
