,bankssts-lh,bankssts-rh,caudalanteriorcingulate-lh,caudalanteriorcingulate-rh,caudalmiddlefrontal-lh,caudalmiddlefrontal-rh,cuneus-lh,cuneus-rh,entorhinal-lh,entorhinal-rh,frontalpole-lh,frontalpole-rh,fusiform-lh,fusiform-rh,inferiorparietal-lh,inferiorparietal-rh,inferiortemporal-lh,inferiortemporal-rh,insula-lh,insula-rh,isthmuscingulate-lh,isthmuscingulate-rh,lateraloccipital-lh,lateraloccipital-rh,lateralorbitofrontal-lh,lateralorbitofrontal-rh,lingual-lh,lingual-rh,medialorbitofrontal-lh,medialorbitofrontal-rh,middletemporal-lh,middletemporal-rh,paracentral-lh,paracentral-rh,parahippocampal-lh,parahippocampal-rh,parsopercularis-lh,parsopercularis-rh,parsorbitalis-lh,parsorbitalis-rh,parstriangularis-lh,parstriangularis-rh,pericalcarine-lh,pericalcarine-rh,postcentral-lh,postcentral-rh,posteriorcingulate-lh,posteriorcingulate-rh,precentral-lh,precentral-rh,precuneus-lh,precuneus-rh,rostralanteriorcingulate-lh,rostralanteriorcingulate-rh,rostralmiddlefrontal-lh,rostralmiddlefrontal-rh,superiorfrontal-lh,superiorfrontal-rh,superiorparietal-lh,superiorparietal-rh,superiortemporal-lh,superiortemporal-rh,supramarginal-lh,supramarginal-rh,temporalpole-lh,temporalpole-rh,transversetemporal-lh,transversetemporal-rh
bankssts-lh,0.013676717542047908,-0.13075934132369957,-0.006885520440896045,0.032263686013739225,-0.014180020125607009,-0.06907867216868488,0.07187086401418755,-0.1492303635693599,0.01704494687246359,-0.019346204728193577,-0.002303989232491503,-0.008358233911786908,0.05048399922474703,0.08157169875541072,-0.0026591343700169377,-0.012533482774162974,0.06921218062283688,0.06098648804511992,0.04348371344171121,0.030779181362080455,-0.008066904592983627,0.06422710084201058,-0.023494461600371382,-0.026473753838580687,0.008593273471287546,0.013269098726609078,0.04512848897298233,0.0829237203108269,-0.015551827469032295,-0.005003507999417689,-0.15925209585514238,-0.03415443773010001,-0.027152568039569933,-0.024776718336107565,0.06723657747407512,0.09330492215892643,0.005804329948662525,0.05394238327923753,0.006332668232544776,-0.014025857379495259,0.020549184136625494,-0.0032552779857722737,0.012330698696255794,-0.0027019997709364744,0.02508568866687279,-0.0007674263990615251,-0.022455951762253026,-0.020924534221960913,0.05703034051027671,0.007783795560162367,-0.0073400126103030355,-0.007999401945256716,-0.02749197514006456,-0.027831382240559182,-0.026286950388613794,-0.0290179452296016,-0.008010957792776878,0.010735600710932006,-0.024792456373138375,-0.004812288488379486,-0.030867929078846463,-0.012078135783963648,0.04552221642720126,-0.031921093095355735,-0.09184383390177364,0.04678517534731475,-0.00032615006747410897,-0.003945941605356792
bankssts-rh,-0.19581217447344768,-0.24823400561004835,-0.012369199089800054,-0.013252713310500059,0.014971449659534144,0.031246776612298906,-0.00927923665655824,-0.14527007771244352,0.03195971544737333,0.07769052970992818,0.01502942051612386,0.07628405219065708,0.02493979688961246,-0.015491748633619209,0.011424914049686822,0.04472614594113545,-0.0029288551870039394,0.014304690346338713,0.09141837927236189,0.05241929569847965,-0.01413622753120006,0.016064089131255996,0.04685963526079702,0.0005221736896779638,0.0992672418411225,0.01623865567158083,0.0277182368154947,-0.007951627986300034,0.06888977182147697,0.028601751036194698,-0.22633473710860605,0.004912865248599005,0.03720576551614461,-0.01855379863470008,0.03990829157108028,0.021759179604676812,0.021143570477386867,-0.0666060092687734,-0.011775495554011629,-0.010602170648400046,-0.0072924983295873345,-0.002340371693888806,-0.010075419164832445,-0.013785568519253841,-0.0008835142207000038,-0.011842447606232454,0.022365264982985786,-0.010602170648400046,-0.02441117069045196,-0.011842447606232454,0.013589638940777363,-0.016786770193300073,0.037080130506062334,0.05050130663170105,0.029837450200137474,0.02489770540695949,-0.012093393063232328,0.02803426203365054,0.022420203353887766,-0.004641955667487321,-0.09565825204079453,0.0927068320611281,0.02171735939869878,0.020875839776124984,-0.017966556132880222,-0.011602551829510102,0.028319201846564144,-0.057428424345500245
caudalanteriorcingulate-lh,-0.0025052056562571176,-0.002608470556352392,0.4222640082554188,0.27933039597034837,-0.028852445353538276,0.09811333116977554,0.051394478186651604,0.052910631979933,0.008571298699889993,0.003168072201952766,-0.03104814779313656,-0.0567590156774299,-0.03787370666595541,-0.009104093728100794,-0.016884450113269927,-0.05112546949149069,0.007251075092245803,-0.0018977791937805565,-0.060797829747840565,-0.030809399502435553,-0.024014983821725212,-0.024153909877490796,-0.030602655591472582,-0.03093519220542532,-0.027138077380203268,-0.036508937054355005,-0.04984220675885145,-0.041420018169172214,-0.03212852316992816,0.017814206205644147,-0.026084705563523925,-0.00013973299609011504,-0.05740902289668267,-0.05775056040187489,-0.026360421876363626,0.0030679818608624135,-0.0437183016046759,0.009593730122048295,-0.04953702134868763,-0.030822625833263315,0.028719536769182687,-0.020887891423254427,-0.018527574846262964,-0.019883445539241047,-0.008313590761500485,-0.0035745796441445485,0.04042989975043727,0.06503809550527036,-0.026864638866353305,-0.005190826801585927,-0.06323714078101074,-0.008229278133363658,0.07888840057013724,-0.005072900652936599,-0.026326265971440783,-0.006979699193610071,0.046365893252543255,-0.00847756642472236,-0.04906755799633061,-0.02227862291421907,0.019211234260792475,-0.031042300658637407,-0.025257514054772785,-0.04372804318996105,0.037056263563056996,-0.0013091475330584369,-0.017255061346797447,0.061148023346386436
caudalanteriorcingulate-rh,0.024329051085398977,-0.002762105050985012,0.2516980547563198,0.4381253680658594,-0.01473207175584083,0.10457304936829795,0.07790139630498868,0.02955435608852931,-0.003497960116808267,-0.02179488176980067,-0.026628774097125548,-0.053334845750472565,-0.018915261824042042,-0.0093602209406163,-0.02640859005666787,-0.04618941167554911,0.01846261259214245,0.002196277973562435,-0.06111576556360313,-0.031085929210294256,-0.028860168445265927,-0.005145510185232779,0.003151932333749134,-0.059800529314928685,-0.035268914276851714,-0.03930177985090507,-0.044305758038240765,-0.036439779992926115,-0.030113398480606717,0.009186628784075827,-0.026646189903620117,-0.00454448391842746,-0.06001099168410767,-0.058343336687884426,-0.013734150103569506,0.0038626656172836603,-0.03927367701474511,0.010666656998311826,-0.04770237289891274,-0.027762062532193238,0.021773827631456414,-0.022379214077289045,-0.022776956679221402,-0.005880593182861382,-0.004840581151849109,0.02099011939200088,0.04977533669948723,0.07771650596503826,-0.026183247326420977,0.01942251438429399,-0.0624981213689662,-0.02531156878570626,0.03582599326678187,-0.03702733289695085,-0.025724043769995646,-0.021388651240202502,0.031226111431547396,-0.01081474678117915,-0.062374347278718156,-0.017012872852485622,0.02526141767105792,-0.025352796794612,-0.022381628989175572,-0.026250226442370402,0.051024590343426525,-0.028161296184488847,-0.015664740216964203,0.028377420406071045
caudalmiddlefrontal-lh,-0.0011186704703957727,0.011121068426357994,-0.0311150899261959,0.007771298538662499,1.0,-0.006677092704693214,-0.030435300239787005,0.026917116396648334,-0.04948502588611866,0.012753504770410299,-0.051942916903488304,-0.05285209336296382,0.002483563568802675,-0.04250560947319235,-0.04612482942426816,-0.05053190863381728,0.05570033851846064,0.003406436069968465,-0.0508822110341002,-0.03817351291474556,-0.02491547212987723,0.008324678450149909,0.019148479398438816,-0.017385055587834597,-0.04663938755654775,-0.031748284741038385,-0.026326318613936268,-0.04564231488346735,-0.04573021109707223,-0.05254903454313865,0.0024647492395406907,0.009894619869159751,-0.016276229909168837,-0.051185269853925366,0.004451452729485928,-0.012158153562775388,-0.03223795824007847,0.028985773674632332,-0.032061617413066,-0.05383602154243649,0.005819182692938306,0.05868908432180268,0.07924813952231426,-0.037624839097878254,-0.0005682192697112195,-0.04936691693497432,-0.05148832867375054,-0.04603326991689741,-0.02772988201400344,-0.06278601852343416,0.023099555922800424,0.01060430337341492,0.006627595364605448,-0.051336799263837954,0.003440578847505171,-0.02992262643156881,-0.06151674099513634,-0.022884335858447912,-0.0009608185801827644,0.027909602895323245,0.009267557021964995,-0.03219107581900497,-0.027459427978283362,-0.03848042528214334,-0.009546352824492987,0.12864337318340566,-0.04898319407592317,-0.007357190608993341
caudalmiddlefrontal-rh,-0.03317260628880707,0.07313194683470962,0.076446694806511,0.09759447987154159,-0.016209429956225443,-0.11669788195676623,0.01981057793273496,0.002023764530399112,0.06343662527491499,-0.0038362034194569725,0.012908393092829089,-0.01674216466407277,-0.02713949303211997,0.01352290367956049,-0.02767082417804655,-0.03983487256809297,0.028478686498531688,0.004232031532294256,-0.024282092341441835,0.0023778983472040323,-0.01847323010749891,-0.020688032534530148,0.003682865765217538,-0.03227489850135183,-0.010900816987857566,0.00950101625242951,-0.011240346253619398,-0.026366424508875948,-0.043561172664222714,0.008872334956659544,-0.06569138256181882,0.028269951675542058,-0.04201259462093942,-0.029717130525867833,-0.03060473852146437,-0.0009335008636539243,-0.1241703246102298,0.02081744392839479,-0.0032937001081569093,-0.010347398243980217,-0.028191672121789624,0.0016082085936657434,-0.003869380906649572,0.03239396393215985,-0.002575281154535458,0.03234742920030371,0.055268735035628166,0.01929344292628011,-0.01503609888144807,0.05907489651258437,-0.03073167569405799,-0.028389650849473484,0.10570473562841134,0.13287486217069736,0.0168539711275396,0.062454997779390925,0.06587010832612952,-0.012808345206881011,-0.015586067699305897,-0.0004989374550006199,-0.016353618317000454,0.00022537951519909646,-0.01513801829467073,0.00478218742974659,0.00020775017476678577,-0.018047083859742588,-0.017026720741769794,-0.07395447213055463
cuneus-lh,0.0854498338029972,-0.0019224670652256903,0.06858900680856184,0.11882939762568183,-0.040787451882787124,0.05877500337571649,0.5540112928031314,0.0739371237880083,-0.01206252409519424,0.011780652227195569,0.004860270946666412,-0.058794926340182914,-0.034049338112832506,-0.023620886645891643,-0.055440489741840196,-0.014460417844749726,-0.019209677481146385,-0.012931099679671543,-0.03019471352372387,-0.02243685052241846,-0.018098226642841244,0.03259854968381715,-0.04506254180094449,-0.05756207232099104,-0.024327924968591708,-0.024624916265177325,-0.05952361002564777,-0.05342630005213647,-0.03365732308800699,0.006073055501912075,-0.02114758220140967,-0.01706488432689743,-0.04510993683385275,-0.05682664049169816,0.008230561705232087,-0.022571687358463745,-0.017960587242573364,0.02654679874965492,-0.049904985377511736,-0.04705871678161572,-0.011423391097251392,0.034066525157044995,-0.0035985474452905537,-0.05793502698151364,0.04403927319840991,0.03429685368321143,0.004675869181113852,0.018364984575521857,-0.018577784768528255,0.024574024355790487,0.028100375254701496,-0.03128323173710348,0.024247209239267195,-0.018757162473461333,-0.04427392774305644,0.00273510924433825,0.007372946198485674,-0.024155414980716588,0.02449353582160386,-0.02707393945491217,0.0021695427217079503,-0.018960604361313405,-0.05020226727725309,-0.044051882909399466,-0.0012716920486914223,-0.018060118147145157,-0.03814500203145262,0.028790976521340727
cuneus-rh,-0.16695136373328653,-0.1138515097884643,0.056466683395378345,0.027880418680582074,0.01551049580069492,-0.021546700304416893,0.07612717883886312,0.20900116135153807,-0.022071466732629916,0.05486927244804419,-0.022871103801732715,-0.006853131168710618,0.007007861820553433,-0.0053073089872270815,0.003013538187700788,0.00277054485319994,0.07877892956703868,0.006973508363925955,-0.018965488606107903,-0.013521888392150773,0.009993328336319662,0.07463092065116066,0.024444058459488504,-0.019032027876279164,0.01403388418868215,-0.037921588588776874,-0.010992172884187766,-0.028388585081854913,-0.010533338326588692,-0.02072676604236766,-0.2881854243297524,-0.06850776634123637,0.019844969558576557,-0.023612475871918597,0.050354031353578015,-0.002718772641768651,-0.013917981687821566,-0.05066159932251963,-0.003929358069337659,-0.013377100442675796,0.029532889671534304,-0.00613785821264715,0.017750041798794133,0.012955520855477694,-0.019572559133893965,0.05003797069769724,-0.022188769900682376,-0.03229302929868684,-0.014000896987112106,0.05379318668283386,0.014617623376183718,0.07902722123028913,-0.00257624780879731,0.0345029410094848,-0.01813690013014241,0.0006308925999893709,-4.001025295942078e-05,0.011812005488058693,0.012587918011646613,0.10620477265328765,-0.02153101698155646,-0.04779412711240813,0.04203938233017541,0.016787421335894743,-0.08000342508129471,-0.020881668882086264,-0.011960915501224554,0.06758177070863179
entorhinal-lh,0.021090059180008256,0.056057313858459495,0.025200708610928907,0.014094101482568606,-0.03957136759938195,0.1034946952173907,-0.009751828676107046,-0.009691982662261093,0.530602843046363,0.022862954963579762,-0.03857324728229666,-0.03848909132980529,-0.013613976939720853,-0.06587275616282304,-0.03992545646407312,-0.047602660224863716,0.045454588185129735,-0.02532319632776696,0.1502401091210284,0.06968313373697961,0.020062057765334367,0.02490880221550968,0.015930834071663753,-0.019016806255430153,0.0032143921056120477,-0.05075056732069081,-0.04059524854857173,-0.04280593053683824,-0.003131799719262746,-0.03478014797905292,-0.02858556002444458,-0.001982255771808688,-0.052579876601910866,-0.05175791481888022,-0.03793547714824515,-0.028370102402890184,-0.016445993742284306,0.04909609956042521,-0.011708389817615983,-0.043847023049650206,-0.03074182454551327,-0.023214565830530828,-0.03535310573158049,-0.027133089131059083,-0.023526440034787873,-0.033299589767543804,-0.021324682753525212,-0.012199101405252944,-0.011871089245902395,-0.04080996275576142,-0.05269398324450552,-0.017275200216524678,0.024615034091231225,-0.008597255791860043,0.05725155716457672,0.019936183420342413,0.0334351122571903,-0.0149832445697267,-0.05310496413602084,0.013566234545152772,0.05818817781933176,-0.043568476037703696,-0.037939051675754745,-0.023304298090096032,0.0032703367975683863,-0.05098744875864812,-0.04600583267315047,0.038386534585749664
entorhinal-rh,-0.022206886022325692,0.06016285589614511,-0.01023723788198823,-0.03336104760928549,-0.01873052437459822,0.03177499651817269,0.00685181093301145,0.057504549657198395,-0.007063469868214121,0.46277119031143077,-0.03376583589713814,-0.022445954988748122,-0.013701970305178758,-0.03788238116133444,-0.04630534994346045,-0.002505241194798191,0.028331753290428037,0.01853443558503597,-0.01798360096752823,0.039943763203537354,0.06366507616799753,-0.012473633680069844,-0.009487521963431809,0.018662625732809128,0.010730653402908694,0.012296187392361936,0.02042683623781159,-0.018853328337218814,-0.04157357058022997,-0.026934467057687837,-0.0033654623675318427,-0.004821122713362798,-0.016603106525849644,-0.04609020113158278,0.03536635604649285,-0.03078920571991536,-0.04742213644100444,-0.006913187107850597,0.0007107843728285741,-0.03888263425227922,0.009326373114802205,-0.021396224541935058,0.0038579278830449286,-0.04300999547634096,0.0026946456779915924,-0.04101794945353436,-0.002744089235021395,-0.04930354747147175,-0.052686810570647696,-0.04100722156458468,0.008295858546174309,0.0012351956357355446,0.04890870905045303,0.1174280295604752,-0.03129141681933902,-0.0008407749404889622,-0.04314836236145752,0.009242594234538696,-0.012326483190880994,-0.03688355192144604,0.01007414953722309,-0.021637287064917594,-0.03969289315988477,-0.03657626648853648,-0.02067274593702334,0.018956015200216756,-0.03081487859123319,-0.0023037963074685674
frontalpole-lh,0.008744065479123606,0.033905319457208406,-0.0317364609370811,-0.02310479245238808,-0.034950790133048935,0.03746119951560412,0.003954099147655408,-0.0069058574377587004,-0.03565243628496026,-0.004412104888364548,0.5365108175062114,0.08376634851032884,0.03894955459368671,-0.056120005657741105,-0.048706041238596724,0.015791286801771515,0.0570838768760585,-0.014499372920934275,-0.03296595193278963,-0.002424672672506406,-0.03169927837792256,-0.031672055298951424,-0.02195232480833629,-0.018475561058994082,-0.006945627011961568,0.04381991897893435,-0.04359334872369975,-0.01723708101559231,0.09485971834668781,0.1054818821958211,0.006129736493667562,-0.00771159078806277,0.013703738228006876,-0.016303306954869017,-0.0016770918342951435,-0.02130260962882814,-0.04460523492594724,-0.0212858018734334,0.0335577929732012,0.011294748100565681,-0.006915511416610468,-0.018636736439410523,-0.038751160825375906,-0.02805236703161874,-0.011710241737853896,-0.03390380124525068,-0.020006400401509392,-0.00442552671644529,-0.020650190985147393,-0.02751956061848639,-0.052688097322243,-0.05461331073632547,0.012442205866029624,0.021555910559910657,0.011074289107019917,-0.021169330635075895,-0.04307266810892893,-0.018979591653970854,-0.04730859675517348,-0.023189287870282276,0.005019645885169767,-0.028605440156437477,-0.029686615630318283,0.05024516530700754,-0.019888299430279602,-0.05643362638519187,-0.031571618774134974,-0.011633940196536397
frontalpole-rh,-0.005434752593918104,0.050666668179545946,-0.05991557016418641,-0.046161419929763484,-0.03672112754549753,0.0025240568328913832,-0.04943006367495231,-0.0019568093985424194,-0.03974456394500736,-0.017543347627417168,0.0768119171887296,0.4262491542637771,0.051879161030916415,-0.0007618503226655226,-0.04070559231798596,0.00949086800724837,0.035413777999209396,0.020887338567053458,-0.059847818492906595,0.030740950390698633,-0.04079574740080529,-0.023580733671909708,-0.017276052052234977,-0.03728268398139392,0.0010751607894025953,0.10146649981418879,-0.005735448297675119,-0.0201477815843743,0.16472780241449053,0.12751955018414243,-0.020775356190350598,-0.008073575629649535,-0.03304706734913717,-0.04211455603101177,-0.001527844851616321,0.031524452001399965,-0.0449774318886298,0.02326890677897852,-0.022750997205825508,-0.0035997426322422347,-0.020691554726779915,0.023379033742530062,-0.05314187204832854,-0.0353375082383908,0.0026013135343864813,-0.04993258993510867,-0.063106331984012,-0.045841584410865756,0.03441856010833832,0.015249831285024103,-0.06504565485627041,-0.054612628501354836,-0.01051372608100059,-0.0027385372426623764,-0.05030673216709621,0.020996644023705376,-0.05012656117764615,0.03278389085986538,-0.05095525559770656,-0.019871071340615064,-0.0007128337817824353,0.009056629000390922,-0.006054854295088372,0.0385393725655309,-0.00998075210427141,-0.014717539050330767,-0.04660393377755305,-0.0010720834658816034
fusiform-lh,0.03279147496054359,0.02025032206500926,-0.043252432616729744,-0.01808703659119797,-0.025473188706024583,-0.004263762799363404,-0.036538080638134955,0.0056948719631347965,-0.014719670129163113,-0.010570333678842917,0.01262629679915144,0.032007347125102406,0.33136010335497207,0.037391258615092356,-0.0469618945728561,-0.005325758236325454,0.06843236834180576,0.06104325730346122,-0.0555477533859027,0.03545912067432532,0.00036298689001991674,0.021708628017372136,-0.0035924139681891977,-0.04651518573638913,0.05426028284086522,0.0041056911791009145,0.052529869646987096,0.03579035272495347,0.019116276789866566,0.002096092985779156,-0.008053168330278969,0.0053174119944905205,-0.0262641549634743,-0.03837793402652238,0.1317724603403744,0.08856943963163949,-0.042791914958709446,-0.00523491725154167,-0.040339118891346476,-0.04562636639051483,-0.0034324662585300384,-0.004571991093486691,-0.042519158573394326,-0.00023187017349177085,-0.007782805851036472,-0.030731152938118893,-0.046774597308239005,-0.023743779981299583,-0.00351997564305712,-0.018713875744916533,-0.06039561003866209,-0.021931216880544793,-0.059979016284360885,-0.0470318777267193,-0.04725372975538569,-0.014306131646701779,-0.027621103542389416,-0.022509700721467723,-0.06653762625812774,-0.016214030600403852,0.02627884581548418,0.0161235653679452,0.02824737992495104,-0.0012265915332150025,0.0010055221874402172,-0.007628256098465978,-0.02603746457347223,-0.006112112442873538
fusiform-rh,0.051517995451096144,0.003686666507493513,-0.005585451160039543,-0.001346213638994766,-0.03451414398137415,0.029539966096633306,-0.024470649565171025,0.003494661695529787,-0.06674188494439713,-0.026732554540562375,-0.07926035567697286,-0.00601562709300249,0.03842417471531214,0.2215603626390928,-0.04477566188783153,0.009446207972115383,0.011914298917612049,0.11004712571032908,-0.04872103640148307,0.09694186190543316,-0.028269039623655824,0.007736495668199926,-0.03746853916219419,-0.04788060862771037,-0.001940644560983271,-0.00015181596609032273,0.1031748027261818,0.1961471494091457,-0.051736992558987026,-0.03735098162397709,0.006493909954799418,0.007939657050263784,-0.04616259808511232,-0.01411807754163853,0.02941166800169741,0.17507752642348043,-0.03301673878444877,-0.006511280579582281,-0.025477164596540626,-0.04392691304699176,-0.013917884909385126,0.0032489737118004424,-0.04357121717255249,0.017107483311058807,0.011771523183078418,-0.030431390032770095,-0.04805653975998527,-0.03318440606144015,-0.04937404745336209,0.03289805683028562,-0.047616711929298,-0.02886750347410786,-0.0426308252432903,-0.03368269920812738,-0.04166329165672384,0.0017993768216625129,-0.03763633928319677,-0.005591145307824735,-0.0483929486142677,0.009828706546028436,0.04056970330726545,-0.03147257757743069,0.07297829447744356,0.0056723666074005785,-0.027952550577948022,-0.04155245099029413,-0.006083564477693137,0.0254240517369995
inferiorparietal-lh,0.01712955701907422,0.018970059388724737,0.009301577961600358,-0.001705126506853908,-0.03420799593026437,0.010194656761406061,-0.03950097548043446,0.020006391341779093,-0.0350117293040236,-0.03296281426951904,-0.05569092878238949,-0.038040479377097834,-0.035127906818138745,-0.04429938892277098,0.8306964051566579,-0.009938632396617028,-0.016963820478719718,-0.026380417808972618,-0.02754458245070069,-0.03797484619471028,-0.040490264179557096,-0.04042390217647325,0.13705119944991195,-0.02857623013708855,0.04852077008778763,-0.06164188303702754,-0.06273527700814602,-0.05861180747601092,-0.026742875927832418,-0.05771791671601827,0.12904364899881707,-0.0005136282444858923,-0.049043442515628484,-0.06130897451628278,-0.039363663085953356,-0.020004104226603103,0.019299380601321636,0.03165357205002188,-0.053225220775614125,0.006211032412035721,-0.03999070143319875,-0.008211024581213337,-0.0075937820713099825,-0.04571364465959771,0.015368635542525757,-0.057177757604000755,-0.0227863537274425,-0.014925112581895505,-0.020075752803114095,-0.03433641095042256,0.01331949678085464,-0.0012698891738605893,0.037288112296102405,-0.060045857348021085,0.020613189646314777,0.005033869970728369,0.044854442461739,-0.03124961157652547,0.015440914720802505,-0.06054598470694402,0.021225464139124243,0.0006017564827376716,-0.04926372706047532,0.025073276543973053,-0.010656726011273418,0.019031061020282923,-0.019186108836487317,0.02284880903539346
inferiorparietal-rh,-0.005852316008487281,0.03217504695244212,-0.060044670973141735,-0.05603741260459835,-0.039431507818518355,-0.008276570184749251,-0.028120876241402328,0.0012797119309380337,-0.04749979948942451,0.007590781970561402,0.007555444439259837,0.004436139263650106,-0.013308547443300357,0.011354196671304996,-0.02506669056718741,0.44375291371432446,0.025091642344684088,0.040915101366909325,-0.055635455677781366,0.0264679595578626,-0.041762019042582796,0.019014636429672063,-0.024359456053282748,0.07727768362887982,0.007931257795566408,0.025813306625706148,0.0024794801511809693,0.05982382227185098,-0.02310542903299454,-0.013428481452145867,-0.023951387436993137,-0.01751898478174543,0.0313794530180198,-0.046697885988227265,-0.020444693523437675,0.036853616410137034,-0.024315788188456353,0.01760598507526201,0.03147336685304672,-0.051622897294305185,-0.036035804871234936,-0.0025057976274046045,0.0240517468548207,-0.03632898658966734,-0.0005705534557896425,-0.03190338814400343,-0.019025998480437227,-0.04099562299998893,0.10964623765867962,0.011820429328512972,-0.023854833160924727,-0.01697914653558202,-0.048387054685861824,-0.027508278851808825,0.008585100387731056,-0.004003997831081697,-0.0630514684137592,-0.01239009799340292,-0.008021602223333302,-0.02341927544160955,-0.0009577898288253574,0.009846001229301135,-0.03713910255529829,0.04514402727714353,0.0276845708865694,-0.02771042393804381,-0.06228296087954727,0.002503394216349611
inferiortemporal-lh,0.05422042587743113,0.019852720507506097,0.0017318108558480195,0.018789075415221998,0.0023265358393010807,0.033292564132667284,-0.029152303248989337,-0.037099487649145155,0.03465374833195506,0.02298529013817818,0.03191109233112705,0.00918948413504131,0.06315145070701689,0.008193272085798769,-0.026894026236743685,0.011267799688919588,-0.0726593237849616,-0.027166215195156367,0.03065444549932237,-0.02607283459592708,0.014467937201051965,0.06298566921860614,-0.008616646412069747,-0.009158884440331009,-0.020119195200006726,0.010621628456528929,0.021968877797875683,0.025604304402385456,0.010319735734832265,0.03541662313428959,-0.0012317874612249016,0.06972122256604128,0.03401292298060809,-0.025867536685722933,0.11839427068094611,0.02540406558455609,-0.026940972200056396,0.06958189740686582,-0.008209201545560825,-0.007602546734963576,-0.01597865711220582,-0.02648343041633539,0.04119264742028595,0.02108033281411295,-0.2922973905449447,-0.02340396176327313,-0.02690390833662656,-0.019298003559190126,0.014297441033727104,-0.022788068032660678,0.03695776917567091,0.05160758342350634,-0.025456940865314633,-0.006605286674751097,0.016541311704988803,0.014241660981501451,-0.026894026236743685,0.009863682726397741,0.06655432774479579,0.04227258265282706,0.0445835563405314,-0.05766228493733604,0.02101113415945662,-0.004951616745841379,-0.3482217915465793,-0.01915199824828323,0.026481979547712038,-0.0045165540244913056
inferiortemporal-rh,0.03958242667005428,0.012093818033997455,0.0031510092833386084,0.009506353422864749,-0.006633603530227875,0.011083457851544212,-0.01196706934548096,-0.003593662688163353,-0.03441448814496065,-0.01090131548247179,-0.02983463685761958,0.019074869041556416,0.07404605420215575,0.05583464509148237,-0.030321858193019316,0.03530954265801378,0.008776832013021074,-0.04180662043493501,-0.03165684158096929,0.06614558552536609,0.002216835452619524,0.06119268132830813,-0.007754313611617283,-0.022550018751104003,0.010482555734065771,0.015264008435561876,0.09393165804868275,0.1381833679790602,-0.05726076367058483,-0.017794380186941277,-0.04863325195314729,-0.007234814561958521,-0.0018360259434873274,-0.028352703952500516,0.06533199099044068,0.039255057305696346,-0.05348191592587102,-0.015394218858428354,-0.01679888384724391,-0.024897171468804078,-0.06989412212983494,0.015810541439001558,-0.025820803695265758,-0.0032276004619082176,0.008552218442125989,-0.041435263106905235,-0.03210532935763767,-0.02875072677742634,-0.03277290002134871,-0.0035734167507910385,0.002134889917553269,0.015718477975053817,-0.0286595167322869,-0.0007985747543608688,-0.04285760573985237,0.02846778192034434,-0.07187971908136574,0.006992967984933889,-0.009873627308103363,0.023976422575473885,0.010556243826101853,0.0266966011173682,0.07841852925161474,0.014329565329010873,-0.016197238166634435,-0.009212101624134798,-0.02791106789723648,-0.04402881625178346
insula-lh,0.059544830248203305,0.09586329579206637,-0.05618354022742639,-0.053602324252625476,-0.03504197283668547,0.0030014710442141748,0.0019606298806429077,-0.0006528202007490546,0.15040252577532315,0.004822600230428323,-0.029510950194011284,-0.05347800360508855,-0.036537888213997644,-0.04365944434135743,-0.024909921584018762,-0.045706631143198305,0.040436697345682976,-0.026770732214038685,0.8159891099417778,0.06695825373815184,-0.04820168803031842,-0.03618467792125245,-0.014038591524775067,-0.04638560013560579,0.07101508768998972,-0.055091999668232916,-0.05974521245241623,-0.05959582606781478,0.0012060311296631626,-0.046698592280928576,-0.022035827625549766,-0.01502416976512684,-0.06405837658500102,-0.06845443841517644,-0.033137954831911384,0.02055057959515088,-0.037381418265160234,0.09867054756916585,0.03056968563257846,-0.04371137722406408,-0.013513559087826648,-0.026243885833089307,-0.05227370742240142,-0.046854450824131075,0.11883548232618747,-0.016252874728873087,-0.06457199644114801,-0.046011131779168025,0.08675860771156758,-0.051063064726855324,-0.005883188695585546,-0.04947769141120069,-0.04128177925229257,-0.046155737892124495,0.0433393475046825,-0.04734092217637732,-0.06132737142852497,-0.03143651619065233,-0.011184461345447915,-0.0419951947470391,0.14864964742977735,-0.011748399925539506,-0.03960642459703926,-0.033583285761234136,0.025181111329523873,-0.03480083199399576,-0.04929421995559571,-0.006054866092104307
insula-rh,0.02096189022602005,0.03268316487090856,-0.037292925146111926,-0.034770441052227465,-0.03944415292080809,0.021076459403329494,-0.021670115905772978,-0.0067781017111143,-0.0037837751749972186,0.012157196536554999,-0.03805859370121537,0.0142783838999367,0.023549826810071405,0.13218055731753067,-0.04722343981895494,0.01277899946893894,-0.016011257471887166,0.09577848426641315,0.009600369467134417,0.2865344859363079,-0.031023836293788964,-0.001421977531328031,-0.02494956830972082,-0.01800311290086886,0.01513019503347593,0.010848727841752788,0.06762510950408228,0.09217117101947743,-0.03166587351078326,-0.035168033303761004,0.014152246972289157,-0.013461321577209914,-0.04149284295459202,-0.027498836724451088,-0.005628599764492153,0.07131692587325222,-0.052948354608060105,-0.005011156918682243,-0.006509751467788133,-0.042135464802609365,-0.03899464088740151,0.03166542772214359,-0.020792943852258258,0.002870621341593848,0.010623416205447505,-0.032435708487733216,-0.047345663158435,-0.04319006961611314,-0.027235966991695712,-0.00847657562930827,-0.022536528044484607,-0.03765205749962007,-0.026472367275459815,0.016582531319233068,-0.036706065435034914,0.011009734655006534,-0.06645773489697736,0.010067158344201813,0.0012911668309942982,-0.009396748085979992,0.017741424952568478,0.007170777119794826,0.02069225148595375,-0.014121056903617936,-0.0018075072917811815,-0.03330567221617595,-0.015011937606576299,0.0013520730254648178
isthmuscingulate-lh,0.002766116773829146,-0.002775236466469011,-0.025297770931740127,-0.014390209010459036,-0.021781097348188127,0.006363253460507082,-0.011597737927273354,0.02758913011281243,0.04130639899442543,0.0818865259902404,-0.034936635892660155,-0.027129064941465473,0.035300333791923426,-0.008186172491798918,-0.04411885215963038,-0.022097740436400594,0.0373996716965855,0.015273871312584657,-0.054477303119971524,-0.00893412051412268,0.5143067531714878,0.09055760093491252,-0.03260048873933584,-0.023631129844986817,0.02309195526280788,-0.024785350796874318,-0.02672440408745706,-0.00039695181087772834,-0.0360485564628489,-0.04508755957692675,-0.004077564873702065,0.014083905142983716,-0.04487707085985262,-0.06390763529038224,0.003589257757143375,0.02778901935441009,-0.03584592946353099,-0.015925454905037002,-0.03579889984827251,-0.045454834526323366,0.019657334752861202,-0.015121057619893831,-0.05562106039069901,-0.046188433267114824,0.013495997244707127,-0.03395689955990361,-0.045027404942922226,-0.04334494389137601,-0.001104070117429397,-0.000706287447622202,-0.050451840093179615,0.048173516004186824,-0.030635675582602623,0.014768541075593826,-0.031227555581923885,-0.010622813713031186,-0.05923096921102495,0.040530821441670715,-0.04899809281579595,0.018496576218129654,0.0005098860272095855,0.005611558933526264,-0.012333465809954255,-0.0029467203553399067,0.06338018002629273,0.05016542015180444,-0.03145270409943248,0.03376014119319777
isthmuscingulate-rh,0.04591036737820727,0.017762110487065236,-0.022831753640060768,0.006657292342181367,-0.003754796909359454,0.007353303269884813,0.010573311009077569,0.08248266267816004,0.03521355710231315,-0.007808564474685037,-0.04581902677518955,-0.022073774692577684,0.03429714951009217,0.01759566388996093,-0.04519076974193222,0.029928342998103694,0.08329221819436126,0.05453499019720166,-0.04683426790304597,0.018787137604597524,0.06215466709492586,0.3580812882681363,-0.0009456383595669056,-0.04156602038863038,-0.02421071923354505,-0.015592971217881219,0.017612057405085497,0.002450798445153113,-0.0461216271409073,-0.05327113176025671,-0.021277764951576236,-0.016492828125035105,-0.05798894109310631,-0.05723994226053805,0.06563885400133007,0.06074740667907661,-0.01880741857195292,-0.0070382673214308585,-0.047550953812065734,-0.045237518009863836,-0.019652344244327113,-0.030429054170131493,-0.003859287764867771,0.004236609532353768,0.013602330822422537,-0.001121311492696723,-0.05291594944529191,-0.05380297639867446,-0.008266337898935671,0.005689090699950129,-0.0566589307401726,0.07122295171899154,-0.045381225719638305,-0.031225722259678398,-0.019235019521266217,-0.014299418005470285,-0.05407873724699996,0.02439955866816413,-0.05674153558180513,0.08499390090103688,0.033141222874015205,-0.03000416724112017,-0.02230530495708083,-0.0006634697078009323,-0.0028568589206404743,-0.043621978890272764,-0.047616306915329,-0.0059682102664407564
lateraloccipital-lh,-0.014220926739778855,0.06435479340936039,-0.039078943363774966,0.02561321770610766,0.007499059598219355,0.012406412844375297,-0.03340880521063868,0.026337517877270414,0.022390680264386474,0.010767146901309239,-0.016685557404151962,-0.007649064707856008,0.04336542529859788,-0.04077653918554717,0.08049639796909466,-0.004483468320670312,0.004983098523490837,0.0027496534595057597,-0.02060013166341375,-0.002738251838500511,-0.03791989167519435,0.021670143576935284,0.6210104396279742,-0.05985020644510083,-0.01558915071022366,-0.046070939059702457,-0.05372080499195594,-0.04602942118356205,-0.01681588702993781,-0.04158803621014623,-0.0009549802164539449,0.011073577500758727,-0.03254951810578041,-0.04254866451481925,-0.027904282417510577,-0.0006752565303457679,0.015866988285451723,0.04730543431231515,-0.05222969198611128,-0.027307286402419306,-0.035187035676645974,-0.00961249362319046,0.020939446606805995,0.04840220235588734,-0.005723346730009458,-0.03857179305390333,-0.03048693263730013,0.046811601025372074,-0.02751535500738941,-0.03647203509208429,0.04509963198489528,-0.04055947575578568,-0.04328753598874733,-0.0512404113097023,-0.04108973131235479,-0.04948252792859868,0.002845916267068672,-0.026324300617333575,0.04072544523120401,-0.03896447750382402,-0.00026713936900378066,-0.006291487734317284,-0.04702593859457049,0.005485498915694741,0.021722521805694266,-0.03606539295385925,0.002452919364037288,-0.006812053909596406
lateraloccipital-rh,-0.013165499460388039,0.027150291841682647,-0.011888206546846433,-0.05717046900835272,-0.014105242829888716,0.004207371905322591,-0.04856177539951057,0.001268970858042154,-0.003083714855634305,0.05194865350763827,-0.013597226840967428,-0.02315003189911215,-0.011554113836479175,-0.0439606468286977,-0.03677851626335891,0.08083150009159323,0.007973969362288854,-0.015439305653272242,-0.04137524074872209,0.0032649671319603373,-0.01103510193802421,-0.010213210602008593,-0.0499765331288496,0.7952131032058527,-0.05254607128883852,-0.025824947798540422,0.06786634466136988,0.06602249550841831,-0.014816990319405548,0.00695090220658832,-0.026330998920776078,-0.013450403395017818,0.0004253730624734445,-0.06970233045407907,0.07193458379328657,-0.030484824208568018,0.010622222333392812,0.0029793591488771315,0.0033250131494886206,-0.053166835025479184,0.10167986171415173,0.04440340171873257,-0.05577315097665673,-0.0619687313483909,-0.01597835743553288,-0.05033371176822703,-0.04294922942652903,-0.060913625591421515,0.08465499337516297,-0.055658886547935126,-0.036307925547847515,-0.03328584781391468,-0.06227055195900628,-0.013688529500434025,-0.025855549961547236,-0.048292658794622315,-0.05372974208721713,-0.03253697416319055,0.04508230029336855,-0.062177664357431994,0.011496379242914068,-0.02429678876491219,-0.015302521919357019,0.02338979554303097,-0.014768947837202697,-0.007497899824598086,-0.05354081292368485,0.00581449214484063
lateralorbitofrontal-lh,0.03608037633206668,0.074403704978249,-0.0019042006311925765,-0.014840047340610068,-0.03561732183299763,0.0482856880296599,-0.006075854641750511,0.05086521594964318,-0.01599682819869713,0.0318872757578676,-0.03269556882154388,-0.00720491248724745,0.04453718066928045,-0.0017623183467233153,-0.00416020404629996,0.0072715936263487106,-0.013148136454175858,0.0075203205555115045,0.02948347457755745,0.02760670489199213,-0.00032957294818446945,-0.030041013700754744,-0.029592716104432176,-0.05820355005709539,0.6372974239760093,0.005373212089865291,-0.011442472711081201,-0.02274879169212596,-0.024699042883161316,-0.03342188621390555,0.054571657908353846,-0.021705074819004553,-0.04326118716218623,-0.06163577164703476,-0.05048526258151962,0.009747898822938441,0.0020207752973945355,-0.005334508698441277,0.045433580695479925,-0.017618393919147886,0.010652305053978814,0.0109748736630083,-0.04245902156872581,-0.052237033191353976,0.0026460821989821083,-0.026451298348913473,-0.05820746255653428,-0.044821863858663075,-0.00562583336872154,0.052274173725892756,-0.06042814052095615,-0.05376453186143624,-0.02786276221185887,-0.03276945816068299,-0.00591415044590262,-0.005782452385968787,-0.022352176989002454,-0.020034666785844344,-0.06159235774477927,-0.023445633502727593,-0.002402063390666743,-6.899364755553607e-05,-0.030211700823173444,-0.016709477588656544,-0.0165297148799962,-0.0206286784874534,-0.02057642755612796,0.005867019014934918
lateralorbitofrontal-rh,0.011690954378037657,0.01650560550383054,-0.04535195897864936,-0.045743283189646745,-0.03384193333423919,0.016057250925707874,-0.02589755168700574,-0.016513456434831555,-0.04311466099734877,0.03460007852594201,0.045580993884898204,0.10824206589284936,0.012415615139305261,0.004605889688493008,-0.05603538358202212,0.03184192093469284,0.04357498776576171,0.015666805903951943,-0.05693848750622213,0.02496792556662041,-0.04003546446166786,-0.017679666907664857,-0.04334414350027001,-0.02290000480743425,0.008215556415484524,0.3559179475962176,-0.004923120586736017,0.0033167234807257077,0.05442109590394534,0.1328820951505535,-0.01773269536191677,-0.0237604341352883,-0.0011253810150845857,-0.04541521891330235,-0.015285753505322535,0.02078998039642202,-0.015964289612572364,-0.018665089320519423,-0.013601955380556661,0.10773607394098997,-0.03283608763550149,0.013178207349598594,-0.04021533296658466,-0.056450065567967986,-0.00027906774324346686,-0.020571623547034564,-0.029079648839867234,-0.03897493617752834,0.03813910963075932,0.01863296737320287,-0.04558338243797305,-0.02821807316254734,0.02569959522908241,0.020983794261132,-0.049520927309093514,0.037524128052648716,-0.05393088313191553,0.0010630476240740103,-0.03365161163469273,0.0024821149765851054,-0.0009753772255231839,-0.018302804704144957,-0.04014275469042594,-0.013399345850164491,-0.020516511277468837,-0.04076871334798034,-0.049469811806241125,0.010024360782687883
lingual-lh,0.06242984288885955,0.02562652158943252,-0.04205314134744436,-0.02420302607543819,-0.0329925551176562,0.0026484743967876054,-0.05210187624303993,-0.00474085364149327,-0.03768828612548807,0.009294129258566264,-0.05364405099747983,-0.004741505547238999,0.08422465763596408,0.17255378746728084,-0.0582442683910929,0.008928697960028055,0.04127550827917796,0.11513696137140762,-0.06329175928438949,0.08619977658914048,-0.0362874098127385,0.02000839799763116,-0.04482049412032167,-0.021271351217269977,-0.003319706128484629,-0.0030437769335051627,0.33915388145509384,0.14168407022638999,-0.032406418153995115,-0.051210140224771196,0.026845468349343815,-0.01763754633222674,-0.06188810891015729,-0.02795289914989374,0.09408828561004683,0.15831850658307958,-0.024931610402890658,-0.006137048096963404,-0.029427991502030477,-0.04449268447008592,-0.011566891791863458,0.006126768224608134,-0.054779975112625987,-0.03958123599216511,0.006698154364770516,-0.041642156685341075,-0.06382613691775889,-0.05694172399227949,-0.009428586867296715,-0.012557310734268556,-0.0643167138980542,-0.039774578717752404,-0.050314759762168634,-0.03899368228855347,-0.056858310948195066,-0.012925441570480315,-0.06121570406904246,-0.009506109811977274,-0.0656565102339743,-0.02495530720603304,0.05548211628771705,0.014206078066290982,0.045951176053954115,-0.017981434958724448,-0.010122873740342648,-0.026029660375852925,0.003943628501206239,0.026678724744068922
lingual-rh,0.05101978397905196,-0.0019211554951591063,-0.04119257849496223,-0.0331886615180278,-0.0330473101639747,0.003264767261446753,-0.046048269531190185,-0.010177524780206119,-0.0377032289023726,-0.007977906772092641,-0.03242473392921825,-0.022637083295072816,0.037838155773337906,0.19677953247334176,-0.05443630533697428,0.035036359764143044,0.025163631714045627,0.12710219982838564,-0.0633675399490701,0.06879811701680731,-0.023149932595663045,0.005629536408904991,-0.04336239946260776,-0.0035753974067974995,-0.01266868198452002,-0.002838742434621046,0.07186190133412602,0.3215318815001336,-0.031080200079264875,-0.03637839872528117,4.84712847510501e-05,0.023720252493371948,-0.03503402509194768,-0.04025951441669635,0.04452210248855201,0.2031333612292006,-0.02985617706719319,-0.0008512957946807809,-0.021435110152790884,-0.04994188003498722,-0.01544710011938338,0.006908103841957263,-0.044258584024436685,0.005845752601472274,0.01265633240857146,-0.04623519632955531,-0.06458046979217355,-0.06169576611997492,0.030425796298008914,-0.013519792928663179,-0.04323786290153821,-0.017340146244011256,-0.059887675339226946,-0.049106907600328854,-0.02673603865923676,-0.0089096604071614,-0.05930358922212397,-0.022349547897872402,-0.04218932016626223,-0.02223858002511358,0.04235290721454067,0.010833398652461548,0.017654822024776785,0.013230819017575062,-0.009350003619348695,-0.021402137617258538,-0.02076620047717283,0.007750646297250796
medialorbitofrontal-lh,-0.003810039180945977,0.05529528855459886,-0.03757331602428839,-0.030563174365650432,-0.03214048309609479,0.01196255623732759,-0.031111974316245464,0.0052820807348486895,-0.015138638151604242,-0.020060590626507103,0.0837900724031825,0.18585847891743182,0.042932849942422545,-0.0371412723430649,-0.03511893720542534,-0.01256090093376124,0.02775905952494864,-0.016356715862943114,-0.01925980919865563,0.0070806938459197334,-0.039160279865794664,-0.04210550361294556,-0.021490498961819825,-0.03382953988050349,-0.0040413777652340945,0.06252044651907679,-0.0260354320712613,-0.02790319481646883,0.43044571492554823,0.09879138016771077,-0.022313672941554872,-0.017548632721218583,-0.021020791853340336,-0.021841285688726956,-0.016923829254687692,-0.03694619484579067,-0.04310833032319135,0.04017534060639056,-0.018723081189652543,-0.004337515023125841,-0.04792758845533132,0.01698777843053695,-0.05178420257220345,-0.029313712778171446,0.005240500617281168,-0.03898469310191183,-0.003535281663983933,-0.02411178670842595,-0.03753242171510492,0.013162742019399171,-0.050053221031473416,-0.05318402859162284,0.07966329959561333,0.06775125451271298,-0.054861123693059496,0.0480174549005654,-0.049630401426530184,0.010256872935530185,-0.05092274634766337,-0.026632416610338265,-0.0016322158589356325,-0.022376580997411865,-0.03964951782008933,0.023948265916673383,0.02379833917867796,-0.04313754345010473,-0.034569213489380475,0.007283237945848392
medialorbitofrontal-rh,0.003072246413309433,0.03116560017263455,0.013787170520344488,0.003940822804870821,-0.036694077897357735,0.03626393863794351,-0.00530186642777024,-0.00962658585151412,-0.029560319333487874,-0.012702467934099567,0.08628104063909697,0.1251992014791646,0.024413715071561416,-0.02716170753566671,-0.05136954506379301,-0.008113207660222095,0.0492308280167057,-0.009577014067798878,-0.05301273332558809,-0.01411348478848498,-0.050170165104298274,-0.05226633745289028,-0.039863948802773254,-0.018686823627279633,-0.02780650054056505,0.11019928747641553,-0.04368952135828795,-0.02339972991612988,0.08450837608173464,0.44755528615139106,-0.009980400295356155,0.009334301046689177,-0.018897980511644857,-0.048333236692175145,0.012377729906030688,-0.011300454990253457,-0.017829959131083612,0.008309730963363725,0.024894674147075583,0.06505166970622132,-0.0007402723206791984,0.017891829347872982,-0.04939439210004066,-0.04915525082445988,0.0020695054689665766,-0.026276210870808787,-0.034232261750432605,-0.038140086133478794,0.014573817128936928,-0.02749205547045965,-0.053379032958535584,-0.04831926913137908,0.008826764957497363,-0.023641399768729726,-0.04836821864601744,-0.007825539614503501,-0.04261961277196316,0.0022801533383920445,-0.04366248013612292,-0.047611613685363284,-0.0007227995698092397,-0.01362712733630883,0.007182310145223933,-0.002986494225288667,0.025426391382050866,-0.012321459216061885,-0.019897615569923408,-0.003965130594606937
middletemporal-lh,-0.1598671265703953,-0.19528089617748734,-0.030766213635618836,-0.034006884391157385,0.0050207440656899445,-0.07854283482277477,-0.018308728359846795,-0.283311730644208,-0.025956976231602383,0.024513765449941365,0.018758296010294762,-0.016924976010832152,0.021675590254199417,0.043234725610182705,0.14161349748726287,-0.015878272702537256,-0.005348842849643267,-0.005359762407704938,-0.027187731688566315,0.035767098072970585,0.011448953089527768,-0.03148345260137035,0.007642846756334792,-0.030404676355878922,0.11478253232899693,-0.014466531282822269,0.03819682247386498,0.03846450397565843,-0.020268601190137406,-0.0016163844531373649,0.32824902638339565,-0.04609246513701946,-0.017745179586840285,0.050694589333240246,0.038487795418122174,0.03472725839292682,-0.03287351643819917,-0.036951674898754186,0.03842259094973659,0.02404860525727796,-0.004439977558445616,0.0016754565496869905,-0.0025223833822844233,-0.008627580711650389,0.004136967463614852,0.011058036368959934,0.03205792486863219,0.014082192577388035,-0.0008765473456164013,-0.003172599925102368,0.002796928512328982,-0.02445853927284501,0.053105634298112034,-0.02569326110163038,0.016879031531727914,0.049825275180276206,-0.024418595548218413,-0.060626197958753514,-0.024146244187419313,-0.024560762440196556,-0.011566384446226298,-0.007480306386211732,0.044003917514448765,0.014906959039126335,-0.01875250922859592,0.04406384542343007,0.06564393729237428,0.0
middletemporal-rh,-0.010249146924655714,0.02937517995621854,-0.003469334827640445,-0.011809471756117896,-0.016720515894315034,0.089910325646702,-0.0301153141177549,-0.03215107505980729,-0.011721139342431684,-0.01249989800076778,-0.04203738424291825,-0.027405897791433247,0.007959058478010069,0.026621252584839432,-0.025129206299937853,-0.030330322412295323,0.07771002133419287,-0.01893910059000508,-0.03906338491475487,-0.022958922035876128,-0.001805174767159625,-0.03682507711709596,0.0047695613105829295,-0.03678846893302525,-0.04478526105329035,-0.06274225939811959,-0.0377918568839692,0.04662806630497546,-0.05682029056022443,0.004720936657434268,-0.026665986614594645,0.44242085890405497,0.006831359384485957,-0.01869872876399328,0.0029119926170380235,0.011336648727843466,0.033417460874460035,0.024132306072637853,-0.016109688171353508,0.012308849132401035,-0.034193332377127864,-0.006986822579874221,-0.03593480710192737,0.09976642542165683,-0.018933853216418044,-0.028560778705440264,0.00325533742525039,-0.03647644773144877,-0.03398200748432097,-0.028340044595062217,-0.0016716564509885986,-0.03938126692245128,0.005646049083423723,0.02505496310235439,0.04479912270883698,-0.014810715453031436,0.01696292302091983,0.0027182084333123714,0.026802947374401594,-0.015177155715405356,-0.03907640531970396,0.023962269830579176,-0.041516353166208435,0.00044472878715155707,-0.023887807638711688,-0.071631376932556,0.032586176805347526,0.04114070788510257
paracentral-lh,-0.012544289986006723,0.02135116352270173,-0.056048183888378025,-0.05807587672399488,-0.016950407941547414,-0.009468856032399976,-0.03523881739105611,0.03371698977043632,-0.04503559803177537,0.0063142251049950185,0.012428696413578365,-0.03173470222704624,-0.00511792486360076,-0.03662367098059726,-0.04447372179233981,0.032502808244620235,0.037514898107783606,0.01724193019795511,-0.06551569823957457,-0.02076883763940444,-0.044125891936869686,-0.05599250819190029,-0.02121565492974085,-0.008405836295069932,-0.022741404548438784,-0.012273568923680894,-0.05893233602539979,-0.0126365179785832,-0.020393380268219907,-0.017679170148536403,-0.018160451408364416,0.017321948173137036,0.6062380675241672,-0.007303182883392714,-0.008447597052700621,-0.015367625195114932,-0.04535180195487242,0.013931132955067984,-0.012492240675389683,-0.055670859730720626,0.003496626011414789,-0.025516367829890762,-0.05562913477068762,-0.05226694244847712,-0.005169521654986108,-0.05032193516122325,0.06715270972676919,0.003181419956086317,0.06802973481286576,-0.04898209620884683,0.14817592822841244,-0.005197025860722886,-0.06400002872252031,-0.06436797723781272,-6.507943442060382e-06,-0.05856678478895409,0.03713821460408741,-0.038410053021410644,0.13364162377419814,-0.029108547340369932,-0.0010620932664627883,-0.030550986038682434,0.018752502582271395,0.08448147309582475,0.004421400475031958,-0.019322923390893983,0.030400894406185756,0.025831151882509805
paracentral-rh,-0.011455757288722878,-0.0037110199667693827,-0.04593507914414482,-0.04364872812810386,-0.03350767748804633,0.004662636598071362,-0.045166680321895726,-0.00845921920492643,-0.04353442785980177,-0.0302813149623041,0.001647232009821975,-0.032026413962945956,0.0065465395429551085,0.022370483428033352,-0.05256973656560531,-0.030988402700097506,-0.015208762823155595,-0.02546315593876808,-0.06697524663466607,-0.014298073068521025,-0.06296514010102013,-0.05363052665853114,-0.017596121408962818,-0.0651536256949265,-0.05213203944682404,-0.026251183754678997,0.0020017498757387737,-0.0039154233857081715,-0.007516651804338673,-0.03220303258228372,0.05102270001528505,0.004956414611372404,0.030377252386252815,0.703423513679585,-0.0025331714643129287,-0.00753150404313403,-0.037876525079843536,-0.0054152413082447955,-0.05116372911177097,-0.01098188183584052,-0.03641191083275733,-0.024557035163316587,-0.05946159962249004,-0.01727950005593853,-0.01866529982841823,-0.015745598558860752,0.07363643374051822,0.255774599737381,-0.026500117040346872,-0.010450364458152485,0.013522717783281773,0.14829317146830903,-0.05418520722028877,-0.051694083470459166,-0.053676002943136444,-0.053514872418737966,-0.029114206611068238,-0.013399136590380355,-0.06649120055204398,0.025804252126239345,0.03230609731440396,0.0038885247985826744,-0.015803742969471637,0.0779886641638039,0.017367578232487958,-0.008218080289351361,0.002286404866065694,0.017386485985925206
parahippocampal-lh,0.034343118009830094,0.04727278078453506,-0.03602826054493153,-0.02101143720120783,-0.02423278318766776,-0.008682198563837597,-0.00499343902713735,0.030261018329827975,-0.0444425019967966,0.0433450395082128,-0.023813263354478115,-0.010768583494962437,0.13869777816427062,0.024538172289594262,-0.047094223240164504,-0.0013902494060574473,0.09592459741932254,0.05529361271580443,-0.04895290213989439,0.007661765266422091,-0.021253547775927903,0.0403145787827459,-0.03887071466930972,0.0008715822369482696,-0.04664754085615779,-0.02920214845780733,0.08089996019580596,0.037616712587939055,-0.03321898754709663,-0.0012859371536914244,-0.0054242652884765085,-0.0034699484144332516,-0.027100891706907576,-0.03811220207572528,0.40924304355670893,0.08123507061972629,-0.023315660188333916,-0.0065210737032754245,-0.030809708466966738,-0.04623576592467441,-0.007490039321145892,-0.03540635452783537,-0.017304141665698308,-0.0069858194520013295,-0.0009576123851067206,-0.04731274262056543,-0.05136836263826752,-0.05630885052343879,-0.01677822424320954,-0.04919393079999004,-0.02672878781551632,0.008745920158287422,-0.05734041536800075,-0.05731663697707586,-0.04129152766897004,-0.039486560396732866,-0.025644845128803075,-0.006960051469393739,-0.03251646106526886,-0.007776902049547147,0.06711625276876756,-0.00748697320868376,0.06442276900322852,-0.026113969560435896,-0.003381545903306149,-0.009282299415673434,-0.010497756438086717,-0.003994727369304805
parahippocampal-rh,0.04607604703131772,0.01091465104017956,-0.00626318127134958,-0.0006636065014545654,-0.020085849304579833,0.007355491781161164,-0.026086444341637822,-0.006776750669224774,-0.03550627169219495,-0.04097558011550524,-0.04950106506333746,0.013942275916887953,0.07838466023953412,0.11578563793703513,-0.033935520313126584,0.023584437637257157,0.027074130857689074,0.06913012995249176,-0.016937419525210717,0.031150654441710796,-0.002503285121676332,0.04351312231980306,-0.021207727265472116,-0.0384977489157254,0.003247012764138846,0.010473751059658643,0.08222978348416561,0.17069690630899056,-0.08474160772034407,-0.02677627036331039,-0.02803262641368577,-0.001276480699962196,-0.03410674755970508,-0.028262296189440605,0.07490731478765814,0.1519761924363708,-0.05973525327012193,0.0008936851664526235,-0.02127634311058214,-0.03399212972396997,-0.05350117738797479,0.008074592383956873,-0.02406817237486702,0.01899427096426819,0.013273654852920466,-0.012502211239020015,-0.0396337754913451,-0.03656526900860462,-0.030419890983363364,0.012321573566451055,-0.03602098396344537,0.0007733950834816503,-0.03732139245390269,-0.031726531812996416,-0.06309994210855942,0.009306706968169412,-0.08375290542185511,-0.005064287492560169,-0.033854004848795236,0.015060707044744576,0.02952743676477571,0.012042500347652052,0.061643621749325014,0.0059662904602306235,-0.02797554864594862,-0.005590815324374536,-0.013515519403887087,0.0034319977646388032
parsopercularis-lh,0.03149716392502536,0.03209452979688208,-0.05610257011512972,-0.034928748780683784,-0.019438721525156404,-0.027131987265466007,0.025806672999978846,0.015246665230478277,0.021237853467724038,0.010595512034516164,-0.05761251563427033,-0.05746800510779752,-0.05421087759813528,-0.016540897012960607,0.03988695744861292,0.0005060088291341401,-0.023166912731156217,-0.00046888065932316255,-0.04131910383263225,-0.03630108851596221,-0.0441743475307027,0.0028873778569173114,0.0510672684028161,-0.004512665147782573,0.039014431814878875,0.0004995782519864868,-0.0077564566707343475,-0.017722976698839855,-0.038721522496999776,0.003924624219083178,-0.03503023106073513,0.04973168948779376,-0.05756073105270572,-0.05078935222259825,-0.011730773349501724,-0.019060216451068573,0.8604477224968698,0.09677810437250055,-0.0325893023268834,0.06145301984620723,0.02230422465665272,0.010207587997587196,-0.023536030036717143,0.06517105586922202,0.017728607983626004,-0.026329256895761315,-0.04321665500998547,-0.05092564534306384,-0.045625896480967175,-0.0013985716179456347,-0.006879152737827394,0.050553163740803694,-0.053744958171234654,-0.061158664196878196,-0.05689416885624657,-0.013961123605827581,-0.07008445094855653,-0.05378797018202433,-0.053826918145654566,-0.055276448319636476,0.0,-0.030515817126253567,-0.03324447465696227,-0.03111333321395992,-0.014948307301052595,-0.03247876820662772,-0.05132907877735968,0.045974752888471596
parsopercularis-rh,0.07163529659774094,-0.021520325904045037,0.012374577108005755,0.020807434724735323,-0.008929804676350489,0.038577672292418916,0.023147927681483278,-0.06514496168288661,-0.001267284754003665,-0.01614284681971944,-0.09194617740102963,0.017971394576958923,-0.01866662021308804,-0.05132660090900998,0.007008109502281707,0.026458351582661452,0.04989632799071677,-0.018071793799419287,0.10364494916818243,-0.016113999244149038,-0.06436030790008752,-0.05813256380433751,0.03471846647586471,-0.007542931709482001,-0.014594232678767728,-0.07038982711034651,-0.022338919211451726,-0.00896882016978743,0.027789842353192304,0.0011207632390358153,-0.013579467865230854,0.008382024617675088,0.00907072761831579,-0.020437734597711154,-0.023764807671757152,0.002593934829493161,0.0318650983170475,0.1859676017450137,0.009338520296811594,-0.025190696132062585,-0.01272091981884528,-0.019338661096860957,0.02778455814990722,0.006461097250725969,-0.0067749592156902926,0.010886024638433113,-0.0074047217915445265,0.016253349507944086,-0.07439653513733839,0.02635818222104267,0.011438211432884565,-0.0010415919063043646,0.03886982890112833,-0.030401731422773734,0.05982236261427069,0.01549172416599369,0.057790675439099964,-0.059887315332828026,0.01511051043124825,0.004156332581670848,0.05723681309482383,-0.1374890280620214,0.02841600299024728,-0.03286875020882431,-0.025476328732928964,-0.1064285580006992,-0.005030215001802915,0.09924534584613025
parsorbitalis-lh,0.013063061023057926,-0.0017599640008649467,-0.05531207301241877,-0.05051210395696352,-0.027730458167175686,0.03606289510385109,-0.048096378068844585,0.005369617549329467,0.020273597531868044,0.026797148851870435,0.0942073556583615,-0.03276769434634824,-0.04117261298081448,-0.018040002928663947,-0.05526133818417408,0.020137137379884377,0.00495247128547131,-0.011838857669901563,0.05788040880815594,0.01964800908467758,-0.04428525667645066,-0.0529887884948328,-0.05013170190891014,-0.0061557877786276175,0.09588879492924396,-0.028293366971716444,-0.04026453569946318,-0.0074409933331864775,0.03508505296875759,0.02050846986753978,0.01312111025165369,0.021987315912010766,-0.01866123565032549,-0.06066636635786822,-0.001926082179259224,-0.006538572927542585,-0.03659495603796022,0.015220441072468956,0.7630003583760638,-0.04086299090704886,0.03943509676142567,-0.027428625686182373,0.0014242275834155122,-0.032663930443656314,-0.02036492675320904,-0.051335482953022746,-0.05473603096521773,-0.05432316898839585,0.03348761055736665,-0.048681392041040404,-0.04657688939036917,-0.05147988799155428,-0.0426149130451553,-0.039685990719186964,0.11804474578528022,-0.035714711612231116,-0.061004851506306905,0.037970956950307076,-0.027348958218976205,-0.06083071890703965,0.01964037243356203,-0.031629874698957124,0.004797679426596735,-0.04460096431081348,-0.0071892558187254514,0.000518313620644329,-0.036598375838933835,-0.006411180644528771
parsorbitalis-rh,-0.0005845949729576163,-0.0025475061834016955,-0.03162545061383687,-0.02325885873095645,-0.04554338565212985,0.017125896313859572,-0.04292722790336078,0.00497621674167067,-0.03982778666520189,-0.028807090202063804,0.05451667610588249,0.024555702701286618,-0.03623413321615906,-0.04300823256581831,-0.0068183349589720985,-0.046931755238314735,0.016959702347682685,-0.024400753346582874,-0.051891656308066456,-0.03512257762859068,-0.04921185704471433,-0.04934401563219881,-0.019684675783718363,-0.057637576547029765,-0.013701875748306301,0.2072971920883647,-0.042623202192088885,-0.04932282366299574,0.024345549247593568,0.1691753318675273,0.007000848787145473,0.03199871255591234,-0.06178668238173168,-0.021784554399398425,-0.027694335411256994,-0.029119291876382396,0.038908385641896026,-0.007600234648935649,-0.024702221997553495,0.79383991043465,0.005876790003197045,-0.006014715967358167,-0.05206785939231532,-0.051702156041033294,-0.005739190816265932,-0.020948119670210708,0.004762550394353331,-0.008780058418907978,-0.027334177246172073,0.0038041907280250086,-0.06235611507682928,-0.03330106881054134,0.026765905241135566,-0.04296767023082723,-0.04500035613633882,-0.00977556872339216,-0.060535108836588684,-0.030816476784442045,-0.052613944859614875,-0.016743728832817915,-0.0005333497999253087,0.030235040636322083,-0.022303168894967838,-0.010330332632667125,0.019312271042002793,0.01130959864083682,-0.052978659425342675,0.03381804658993879
parstriangularis-lh,0.022196589290610736,-0.00142887942987946,0.07332199173609658,0.06847296084228016,-0.005438474021201801,-0.0043016699362376535,0.00045103140538480907,0.04261383537142376,-0.031829108983895654,0.022789854279925255,0.007507376251648025,-0.028801006750895034,0.012747193990705692,-0.012591998981359548,-0.0477136007116094,-0.04054608815374937,0.017429613002443004,-0.0036444778203472607,-0.03375572137538324,-0.039806543033063205,0.010010990181164388,-0.0048871306256227645,-0.03619784821646959,0.08677728671467334,-0.01480708645868096,-0.036574385990199965,-0.026186518995198995,-0.013245913186063342,-0.05124662365060642,-0.00786102597318473,-0.015983819463153776,-0.0180476290550753,0.008596309176396996,-0.04835464461850664,0.012429194550881126,-0.010525706790233416,-0.02338563602992291,-0.0012234349575583846,0.03327269866156713,-0.0049763295506281184,0.5922877579044569,0.0006022165266210817,-0.03392856174061846,-0.031134220514872062,-0.020201013928122232,-0.002424732777059445,0.008307833730582023,-0.02701058049850474,-0.05549405320985343,-0.055058478354397505,-0.013011053257714168,-0.03167535090584295,-0.04502676922768727,-0.010129042734844185,-0.04707659096905475,-0.04062038066234825,-0.03022081782171524,0.007055543010861711,0.009475363266743869,-0.02373360389779113,0.03817531708366901,-0.03672084774900181,0.03279484367664419,-0.036141967374193285,0.022292959143124142,-0.01863650221267335,-0.004301509508561833,-0.0037013796943208754
parstriangularis-rh,-0.0023532784553899964,0.004085197606393153,-0.007687371686111005,-0.011175456323052564,-0.032810841499906214,0.037477299305894676,0.03544565169414247,0.002349465370215367,-0.05116036015284445,-0.021335207359951845,-0.04629795801222191,0.0434971815724098,0.006801928889093945,0.0341483826459636,-0.01609519685962251,0.006601514721235357,-0.016106128870819296,0.04897623659321428,-0.03835693230480245,0.06424067454033631,-0.03132926535882603,-0.0484443593825872,-0.013397616391909901,0.026670014642357995,0.02923695409529109,0.02495869593571041,0.01814144445382839,0.032978942558870274,0.01868869576383844,0.0120799431818139,-0.010477507995770711,0.011443167163326402,-0.03947026203577832,-0.03897324949944157,-0.045502337048538594,0.047768794617334825,-0.003597693990371506,0.005194328224645982,-0.04932294949465694,-0.05319579368587742,-0.005111910326370706,0.3099461733283236,-0.024980240666343478,-0.04370476554620433,-0.0073990537729011875,-0.034340702968315255,-0.03406700523855033,-0.019974349987584284,-0.02766750585218019,0.01666484077801528,-0.024429244930896342,-0.029768620625648074,-0.00394376263926443,0.033806516737513795,-0.04203450032997121,0.06904312287344831,0.009053061201958597,-0.013881298501811808,0.0012345606717287926,0.0025174003331133034,-0.0008351326081165563,-0.004684550709804514,-0.0010586772442304662,0.008207755917037823,0.006198812728715165,-0.013450515880377602,-0.0540612468111398,-0.004973907097580504
pericalcarine-lh,0.03769404031450577,0.0034256580216622794,0.008556052272601842,0.010091445179341652,0.05156512710962531,0.03288743370236632,0.04039237501408932,0.031242907241511166,-0.0241874125003356,0.03992970025049905,-0.034969381896033234,-0.050352757856590075,-0.024788036026848655,-0.04086414617844198,-0.014585563769390035,0.08237906649680259,0.0527139661885727,-0.02526138299853954,-0.055275528283649185,-0.008839587183579762,-0.06135679997970244,0.05421207299177683,0.029724607812371354,-0.05765837281733699,-0.03914831945052308,-0.036388251181655375,-0.04933505562011342,-0.035325883662309335,-0.05433283337395894,-0.04645063755854575,-0.0024688926183844854,-0.017859121101531872,-0.059890937821913286,-0.0652146529538009,0.005889044994050822,-0.002807610731297104,-0.01961874570491343,0.04512880845774681,0.03300174467166725,-0.05148169742092437,-0.019733327100569284,-0.020865170318800925,0.7650622277748567,0.031799065263415034,-0.017605113057855386,0.010366148606752565,-0.033675131137194766,-0.0339433817704641,-0.02764927492377462,0.014401413410961553,-0.028138212471487994,-0.06675104468556983,-0.028646733459686734,-0.034585547072701874,-0.03848660484242271,-0.009782895554463327,-0.013446601785553833,0.00402384945929943,-0.03199143941240558,-0.06614241767251786,0.017478887512526253,-0.02594604391382748,-0.025931441927155782,-0.026400169409425907,-0.0004136574341528655,0.0028404330110113622,0.030199345523756325,-0.006409604641420479
pericalcarine-rh,0.002798828848463199,0.0008450083769062204,-0.004396141215822111,0.02259310143742269,-0.028730926727655755,0.06700783573083509,-0.046580821921333365,0.026293081558781118,-0.02158750202600046,-0.029496621767561383,-0.03067582297862361,-0.03534420981586965,0.020334885366227542,0.04841315806613383,-0.0398675997396828,-0.00016984626139567618,0.040012724994382284,-0.0038418210664799665,-0.05587390703385659,-0.005236960128756333,-0.04911113047641598,0.04201907226429027,0.05213739726350999,-0.0598106998351772,-0.0490291554243935,-0.05478649744463267,-0.04937819841768821,0.036665091454064075,-0.029698767108948424,-0.045393090943882636,-0.014037227415614757,0.10815565664496121,-0.052519776400180934,-0.03599269648648812,0.021525088775956307,0.061270924356590914,0.04710892573093425,0.02284159789811484,-0.0355946335166802,-0.050129690521427024,-0.022385057342550016,-0.032283548674211036,0.030539518354669372,0.5499960433269209,-0.017223189961977116,0.0016084407760541492,-0.023171038463310832,-0.018741984509749513,-0.023844673223894025,-0.00965899452337908,-0.05533407181605222,-0.024240008948980585,-0.03512439388368451,-0.02794206740745979,0.012491668462053062,-0.03227769717974164,0.014924842802807538,-0.020422372268979954,-0.04612945501329894,-0.03456081868786863,0.04045742692944488,-0.00980769468671782,0.029151559224896022,-0.025836923100995078,0.03196663861850844,-0.004836424897662418,-0.03854450978064324,-0.0015098482172043346
postcentral-lh,0.009313254205182772,0.0,0.0007859096098264956,-0.0038840857754724382,-0.06300812775648881,0.027151797017558703,0.0787233850938174,-0.09942597530913125,-0.04044077947151786,0.011374953430812724,-0.01548376016001165,0.018471404402789056,-0.002088658427441598,0.0326244697477874,0.0028541732000775697,-0.03877409187074743,-0.1419083074252419,0.026369222710733106,0.11014311945517413,0.014488787435150006,0.017874886526161815,0.031380166616941214,-0.011930528833054815,-0.02338926759545697,0.023388213215626674,-0.016344724529658444,0.02532475867953261,0.035804029465915786,0.014743797108775858,0.013431608499453476,0.00274134171069742,-0.06325611427672286,-0.003690975057818591,-0.026075398396044024,-0.0066628280254064556,0.050594552189612944,0.007259596333201173,-0.011328001259786965,-0.026075398396044024,-0.009083438783109467,-0.025914439146685727,-0.010998018987208211,-0.025180021462515006,-0.022648721257672248,0.15991663945220735,0.03746099410788904,-0.012644744393108764,-0.025431561398610837,0.047453624889416075,0.029436771245578742,0.11360340323448267,-0.015065622777730783,-0.015795366980928698,-0.0007179875720928888,-0.018751423678453588,0.018793322901505653,-0.026075398396044024,0.09049526950161155,0.09121897989625723,0.01641539811976599,0.010280031415115326,-0.07012354030577338,-0.02575347989732743,-0.010890815475319088,-0.1555002009429126,-0.09725943149183396,-0.0233340566853466,0.015017430780061387
postcentral-rh,0.01154815358782584,0.0034367451192308346,0.03973025105018415,0.045014137153046675,-0.03820687368191907,0.08399843856275617,0.05143959604337052,0.06549646590376576,-0.0233912770838061,-0.03151569254775242,-0.03968861746976631,-0.054126669276758264,-0.01738380431902116,-0.01138189428567739,-0.057216880998391215,-0.0105363927009532,-0.014644627821150922,-0.006935628771207329,-0.025890164983554897,-0.014376837628271086,-0.0413496153206231,0.03137614110373165,-0.03418284241052986,-0.05494339355812631,-0.012348861994740841,-0.008022032967272563,-0.03253022460896655,-0.047787515124471394,-0.0413245703611413,-0.012236423351918806,0.012519109378050754,-0.002231968862561214,-0.05744028492917836,-0.02728133002298432,-0.0372975072317681,0.015677732246362007,-0.02610822781284139,0.03325793952800852,-0.049970724487504975,-0.02029696746543521,-0.015582092752094314,-0.023883755047041787,-0.008373807450140866,-0.013326514042789896,0.04561784339094764,0.6983030928786752,0.020730252186498002,0.041157690105740795,-0.026604407208424177,0.088990591183067,-0.05946652523754744,-0.037804181779101775,-0.02717701385062669,-0.03106350454217926,-0.055347223504794735,-0.019385025434754358,0.002289142052495821,-0.02876148886371993,-0.059745146617496296,0.02803520001265236,-0.0009763085214100615,0.007229400515818532,-0.038827012276022733,-0.0383911985967536,-0.010338895265646861,-0.027756303747035825,-0.04714826904973126,0.09475860386337726
posteriorcingulate-lh,-0.008139285787406417,0.016796123018513794,0.07883577640803507,0.09466811343164652,-0.03557114695508022,0.10291121348666787,0.02239922833699401,-0.0050698231769234344,-0.010389729384251728,0.012094633565332559,-0.018876584602067332,-0.06424158109441716,-0.03707095810951209,-0.043032247518770564,-0.030467677895649907,-0.005491754010828657,-0.01669633608832279,-0.026324745143573452,-0.06572485407718957,-0.03558672603573648,-0.047875625944530285,-0.04940778439900573,-0.015318489573190932,-0.04312451797263351,-0.050596209627384384,-0.014339868870658865,-0.061099056657993485,-0.061161270654965634,0.00027284900924648485,-0.02137980141121697,0.013328339715710008,0.012982984058380697,0.07468813812492937,0.027003515137910716,-0.03932861715345713,-0.030561679500280367,-0.031846095981098166,0.005286421058096888,-0.04666130767853852,0.003720696056229475,0.005121599784869805,-0.02744574429966034,-0.03709836414097241,-0.026080671331369855,-0.011478910737041752,0.017082348469847124,0.5027497057483712,0.10839168600559917,-0.015202137396573539,-0.026597987143578836,-0.06668579428371176,-0.051671183534340186,0.07599239030256422,0.0027167260004152902,-0.04868705935254414,0.029224428813440635,0.06163670482642547,-0.01648814922622695,-0.0526985785656951,-0.04358839360206828,-0.0006005876290763594,0.003213394897567772,-0.01940417059088553,0.061750611961042104,0.04345962390971706,-0.012418206614534808,-0.04579943421552406,0.041001895840934464
posteriorcingulate-rh,-0.0049054498920997796,-0.0022593570728001782,0.0912046185855098,0.11612776783944416,-0.032553457218839295,0.0738042121541888,0.030991984719918837,0.0027631111324964847,-0.004312394326995405,-0.03556341150131719,0.001457126957341215,-0.04441229094456681,0.0020453620175671467,-0.02329963382448271,-0.024855882295075488,-0.03350240639958904,-0.012816751793559008,-0.027399326710645388,-0.05243690295479617,-0.03402070828353944,-0.047722003863747135,-0.051740608277246386,0.0422031630514219,-0.06169801448147504,-0.030735878785497116,-0.02943764658140158,-0.05668070927178435,-0.060800841855925915,-0.018648178446267975,-0.032806583597514045,0.004359007786877027,-0.009341055111939067,0.00658022591594673,0.13283604871865287,-0.041671497129363966,-0.03111112761595997,-0.04113958858372324,0.019843965605088103,-0.049518135499577044,-0.016384694759518398,-0.030350972583422887,-0.01692285536930976,-0.03853731860047792,-0.006729833565156761,-0.020634970387630003,0.01292178454789034,0.10124483792477333,0.5290180602464475,-0.011790717602143229,-0.01339506684303034,-0.020853180572103953,0.031330214039958046,0.01070178867352409,-0.05896300461978707,-0.029067946752402773,-0.02410310189196633,0.033646924513470046,-0.00812832323853675,-0.06258074398710531,-0.009062198908597439,-0.0014559274799138188,-0.016426990205574744,-0.011280839252675926,-0.004329429360811198,0.04070891869765386,-0.011174243776007323,-0.028725946313314668,0.05249902526104508
precentral-lh,0.04831780839925127,-0.012596032003662216,-0.02711166247547368,-0.02612578384000191,-0.023291382763020573,-0.0072733269275926235,-0.02017766267845303,-0.022351248857949244,-0.05782245669256567,-0.06061872796240387,-0.0875806721747284,0.07064763964567722,0.01996360277847865,-0.09097398769998677,-0.020550652101626765,0.1591832791504011,0.05534679084198077,-0.015231997137099046,0.08117372698725868,-0.00904288572539944,-0.001623798499601279,-0.019833121512067543,-0.025879314181133973,0.11637763578835433,0.01648380318682475,0.05879517924841142,0.007584615988604207,0.0955995108476393,-0.09407369504732689,0.040354685837881196,-0.01913886157620069,-0.02986700036527131,0.12501049040698342,-0.027851071452077512,-0.0021348843320226985,-0.017068761369083203,-0.07649888151553934,-0.038448304433141206,0.0659603180491551,-0.026002549010567942,-0.07747086026725714,-0.020673417855729525,-0.02686519281660574,-0.02305300882287457,0.06449065420039628,-0.026372253498869857,-0.01061861119065101,-0.007182161695064993,0.30541440033581363,0.014881750404183122,-0.013456883564468688,0.017460659695266334,-0.018685704985758066,-0.04379711659718916,0.046031553857102725,-0.011465142126095501,-0.056364960684563446,-0.0122390594985224,0.03587662727842708,0.01006245231677094,0.08598486250923176,-0.10078542304408228,-0.024523731057360287,-0.002902948826030068,-0.08279270811921556,-0.09798973384091304,-0.028220775940379427,0.00362636901153439
precentral-rh,0.0011795945220039088,0.0005116276919640249,0.022646156778005157,0.04539029688424679,-0.0487447285955659,0.09520812173281133,0.02688957180595587,0.06883831274909546,-0.037434663648095064,-0.030034869679247823,-0.041805963974631946,0.02225716582004521,-0.021944704340667212,0.06421245931214038,-0.04851780441906366,0.016989081168357567,-0.014311365933272006,0.00646583345657872,-0.05916225068808716,0.010407695492814555,-0.023328208873415603,0.006102533612650624,-0.04101945550284014,-0.06216298218981633,0.0519612800452054,0.02139455270107236,-0.014304625282555791,-0.020284959774264918,0.02033185591987267,-0.03250031052468122,-0.01574698322315092,-0.015233551329501827,-0.056853810761731814,-0.024001259227385947,-0.05235496045676372,0.028145260727569604,-0.01776449960959526,0.03693348412036471,-0.04777595717774295,-0.02172726326669467,-0.045850433770682465,0.012751628184841744,-0.021538710857809767,-0.040761946634487047,0.01099021348823242,0.04461526800234249,-0.043469663821417696,-0.008521701878540369,-0.0029925266840016723,0.47154203953179596,-0.05853303938293349,-0.044592110299644855,-0.011984044416002619,-0.010750296241875913,-0.055887037055096726,0.007203463271774332,0.002435192815667157,0.02781337647295948,-0.05866978102076717,0.025330349524124114,0.020901382216488327,-0.0021006193263317504,0.001001148954330223,-0.03078882257051411,0.02986475050543263,-0.027177911424922905,-0.039961091110509134,0.05028121746556638
precuneus-lh,0.006448942507203567,0.03089416039524384,-0.06197636924067259,-0.05781419521728908,-0.009438511414103628,-0.005004474972828658,0.07495000553297992,0.024592963765833527,-0.04516860071041866,0.04914106155835345,-0.05486229046953968,-0.06390905787049081,-0.051365789860355726,-0.04247781916330179,-0.007257869847767729,-0.007419966224056429,0.03725315621558115,0.026198044016264087,-0.019260287435694853,-0.008045092230480303,-0.04692571622865214,-0.05432099662916393,0.05233510710871607,-0.02938149783036517,-0.05250201496183128,-0.04350916774996965,-0.06038905870968463,-0.0203771095081806,-0.048524198941387674,-0.049226685827213526,0.005261712371110804,0.017687460300913522,0.18563186066771856,-0.01333167336477593,-0.008373539706754671,-0.023911512300927064,-0.022862244149462974,0.022150608176801145,-0.03599516346171052,-0.05622898069028689,-0.015058298492223227,-0.020747704316662598,-0.027540995139539903,-0.05688152390267938,0.09558794330022106,-0.05230184200891223,-0.06585409878465669,-0.005555468290987076,-0.017007203587031876,-0.05046369781421891,0.6339244448213028,0.06003215668085277,-0.06408452625471459,-0.06394057268219912,-0.017882952763500347,-0.0548993473225826,0.012771873579773878,-0.03666105998110747,0.3828602247784704,-0.06856404285913421,-0.000953992030561472,-0.014859443625830521,-0.041529369174074945,-0.028788547755790834,0.015484027026959692,-0.02785781350966238,0.004168331403966092,-0.006081699194829385
precuneus-rh,-0.0014130072896454827,-0.0033670702937318984,-0.003028120670354432,-0.010018551508599257,-0.006961768542781679,-0.002911764643367712,-0.021506814312536857,0.07162092288479303,-0.011698164034115005,0.020473703864037036,-0.05550950128492059,-0.04356186497358736,-0.0018251351760918103,-0.01703552391949885,-0.024946937491942205,-0.008307272414655988,0.06812496115341443,0.020740329546432925,-0.05756639310932522,-0.015084046028223778,0.0482488689137097,0.062233585411060964,-0.027397865210423634,-0.038801714718789994,-0.03558223471351616,-0.014379246028952292,-0.034611231658778024,0.002434036522288186,-0.050360340158554937,-0.04385112913145247,-0.022810080069522454,-0.016635033849305956,-0.011182693341759115,0.06697032599487511,0.038751962310494326,0.021596170537339518,-0.012721337548496964,0.007197624865773236,-0.04300406441328849,-0.03353186394008656,-0.02347181150613497,-0.013547961846349424,-0.06081691017290721,-0.027546548206898572,-0.010404794692338426,-0.02890128549975501,-0.0512658928052585,0.04765573201949688,0.004230822327285892,-0.02196898186371161,0.03526914890425344,0.41709368999189006,-0.044146190091394394,-0.04967783978781054,-0.029868567617205088,-0.029597889017721788,-0.04871009856411189,-0.009052567897478797,-0.012640052619418323,0.13603398767915512,0.03771738004475652,0.011646034554181848,-0.012600963822915054,0.007361480007560254,0.03555288191427709,0.0026782165555580876,-0.050187576561033634,0.030384837046114777
rostralanteriorcingulate-lh,-0.012985604360055872,0.03237750106897704,0.06851561849865827,0.03314565762789745,-0.019477371856771578,0.1329034389664322,0.03248765528196002,0.006057686858179181,0.022788155011720868,0.05692690357935686,-0.004751221934234965,-0.006298809069082703,-0.05906100199116511,-0.037661281059289814,-0.014573696169164813,-0.039296944567316236,-0.01544233963193749,-0.022879285665707655,-0.05198426317814566,-0.010214030818555531,-0.03657903623506175,-0.04154791220948141,-0.03812444167401163,-0.060433584628588416,-0.015273903317195903,0.033615742490306466,-0.04799707462770768,-0.05654979339934495,0.08023787076718238,0.0019001539371181517,0.003971655643514106,0.014070274132054335,-0.06558442594205817,-0.06027854407361663,-0.04943845243780389,-0.027135053568361916,-0.04193349800297943,0.047151507586278556,-0.030332762615186342,-0.008626487576747771,-0.035485086799087906,-0.0028854010593934135,-0.03356735517511879,-0.04070560343580962,-0.013212444419645843,-0.02889326258945004,0.06381192320581745,0.00012619517655152945,-0.021191769914320792,-0.0053110384558992165,-0.0653012639753853,-0.052788161567367355,0.4601879413579636,0.17406107806719331,-0.03667395921040376,0.1352948359393238,0.031897487738271495,-0.006823310466408314,-0.06435981628215427,-0.042299928914957194,-0.0013066595073177876,-0.02618475574485807,-0.0420679029017481,-0.03331045423800232,0.03603406435667049,-0.019706378136664933,-0.052449029457724,0.03142105556986295
rostralanteriorcingulate-rh,-0.01260684834797252,0.043284450670922014,0.0019021583967584659,-0.029101199559596228,-0.03475369519844844,0.13438821520776711,-0.007031471710525716,0.026345384826146543,-0.006984236424668599,0.13944578383648265,-0.00608865250227459,0.003957689143660057,-0.042288910534650954,-0.02122801768586394,-0.05099731627742553,-0.014755992369789899,-0.004097623960710068,0.010380817002207748,-0.05267223514590623,0.030518937378775247,0.012504737329249832,-0.024127833944059762,-0.04368475119559137,-0.007531133710280207,-0.01947550048021831,0.027508161511621984,-0.03088156998251383,-0.04313564105246611,0.06021418364000075,-0.026252839318742886,-0.02440790570972855,0.029166315823986204,-0.06275335004072695,-0.05540897480513071,-0.048451784777657186,-0.01126290093667747,-0.04796133255692822,-0.007281177880329324,-0.04461345470650703,-0.04278991423135693,0.011625289771983825,0.013997411065765445,-0.036521387325175375,-0.03611144117523411,-0.005362520192651081,-0.03149929332704399,0.01950565197305927,-0.054631735072098966,-0.02858708879043421,-0.0015284438181532012,-0.06248227691148413,-0.05465530717993263,0.17757111349022586,0.46841461731079265,-0.022501504268880684,0.11760064097244137,-0.01966925262888178,0.028394475812008938,-0.01179219497117974,-0.027027010770963318,-0.0008320261012047773,-0.014000007468202612,-0.0396883203594518,-0.025619887497838736,-0.0002943881999470329,-0.01686899378166447,-0.05365748306790336,0.009230792791217477
rostralmiddlefrontal-lh,-0.013730226218293532,0.059060519732122674,-0.01367039570101363,-0.0042879391819588,-0.0020757084163613155,0.07181072437258404,-0.03488549343246294,0.004701689213432765,0.06159272469115078,-0.01138924438676259,0.029791311865291947,-0.05353486410280646,-0.048151654049741484,-0.03891295300802784,0.0054812247158505635,0.004756812505223368,0.03628328269407582,-0.010174999615389337,0.03654579983130612,-0.020724978574517633,-0.03224697656211563,-0.011990960346790317,-0.038427897049185936,-0.029937660024696902,0.008508442476969625,-0.05222616834285663,-0.058312252830995476,-0.01582169585492972,-0.0486787903542394,-0.05102960813545253,0.013715576856612536,0.06506970289666106,0.008372878374847336,-0.06041395179946133,-0.026719316618650953,-0.030843660342210356,-0.05056290281416427,0.06042601513441389,0.041734695575593526,-0.04410738710011515,-0.034508107351141806,-0.03234490453423558,-0.04581056626149471,0.01283969917084685,-0.01596074107884012,-0.0532121328257769,-0.053694642316718805,-0.023706367529331886,0.05250970901206348,-0.05415340800050446,-0.02903636693267276,-0.02568523000082921,-0.026224877567694798,-0.001184530651253872,0.7664279375187221,-0.04407220428614303,-0.008693826569978592,0.009165953762952301,-0.058592192831994065,0.013889757425310886,0.04119394936030128,-0.03359457074260728,-0.04092138404341151,-0.02839403567043623,-0.006610556459111391,-0.0341759653441552,-0.030037976999400168,0.07959386567459974
rostralmiddlefrontal-rh,-0.014065105970103405,0.019132225117907138,0.02242143415061942,0.006322661453683665,-0.022340127140994055,0.1186945114820504,0.017068578556205995,0.014105495557314635,0.011487701646694447,0.014317155332956438,-0.03623648935767497,0.022337127161048752,-0.017623522835713574,0.011636669258386101,-0.029272297115691556,0.0020064246036209077,0.012201075722697357,0.04429531321840536,-0.05568644035300283,0.021617632070955104,-0.02641224858953298,-0.014161330654975305,-0.04467953380916516,-0.055969552194057325,0.0003919339187894053,0.03483749524706236,-0.013754800966190753,-0.007068418533418618,0.0332161137270838,-0.015914094913224076,-0.0010370706381736831,-0.0008142957611755681,-0.06569451011451959,-0.06089064928457674,-0.03217163992273533,0.03735057002492685,-0.03045880585617317,0.007612326824222517,-0.047817200883411605,-0.03251783808814691,-0.03632551904559743,0.035670874609239164,-0.025370828437772754,-0.03445418019202478,0.004135254249164419,-0.027903617979478875,0.022459667936119303,-0.03452577115967667,-0.01708716320639653,0.0062448677032298045,-0.061326050029014326,-0.03860533712360424,0.10779692663279794,0.09079767411978097,-0.04360612732533226,0.4446198790775896,0.005897324099146887,-0.03488784161049384,-0.06027602384580307,-0.014784072945602522,0.01385852541988287,0.002611451482419897,-0.03874754697649084,-0.008625097406973634,-0.014757430608755626,-0.025012018800438462,-0.057384838681689795,0.013120547953801263
superiorfrontal-lh,0.013168922173994058,-0.0012554028434419444,0.09437410714903492,0.08845520973851416,-0.039935502550104175,0.12572034927161044,0.014415252080154052,0.021005008564973796,0.03437880337937681,-0.02535457378531563,-0.03980002542209698,-0.0490803815202945,0.007061531848905397,-0.02618380938089406,0.022804448132369943,-0.05206566446151444,-0.01602634618910626,-0.035773063561581095,-0.06028771519759101,-0.04356893292700844,-0.058616283625606225,-0.0502874461116925,0.004657059636361925,-0.050522842673945065,0.0017846289833325561,-0.04780659537186836,-0.056670171255192026,-0.0546495519898184,-0.04671768570644301,-0.03870858934145325,-0.017085756903287036,0.027730967300419056,0.063439232633124,-0.04342683221139596,0.003306663984059311,-0.04685368262439105,-0.05553023507712704,0.04444991540565404,-0.05139063585614497,-0.050667650480902736,-0.009251699326269054,0.006591627891583301,-0.027415811061412682,0.024052957404505398,-0.019231615426927515,-0.020986460859397555,0.0643589930494509,0.019941881260557903,-0.03477666059496577,-0.009470809951555364,0.0316827486556459,-0.0424922026555675,0.04272852577671745,-0.018297503736059876,-0.007742088240640257,0.010430820840100934,0.5290410286385466,-0.035892791264790336,0.005220050565064198,-0.03736782452235377,0.0008041850354637823,-0.028792509002874975,-0.030076732525706435,-0.0033134918738530333,0.006454170367118968,0.00033080501753366483,0.017285667505755047,0.05769801582066173
superiorfrontal-rh,0.026062435103357505,0.05731058142700276,-0.02912325103375385,-0.018775402607553757,-0.03341108507384421,0.005428021733677093,-0.03280927446677268,0.04065570093656076,-0.014417283546835469,0.04851121658502738,-0.04176836718894022,0.06367559647639309,-0.03130049446906917,0.00265323962796432,-0.04766614184654153,-0.012599564428640658,-0.005821259445447809,0.023338990029056966,-0.05456297307870439,0.019517353730320174,0.06553874786631107,0.04317913688777759,-0.04435069429623937,-0.047897203709299195,-0.019848167667908343,-0.0007243927063174397,-0.012918215628468139,-0.029871393303315355,0.010084624190075121,-0.005880119235939626,-0.036193114425291543,0.012629962560399962,-0.057771921292327784,-0.029182231788386918,-0.00044617979335347227,0.0165874420395846,-0.06828978053675896,-0.04208740469516382,0.0011741028714788743,-0.048562198114643955,0.022589244643103114,-0.019753524801867168,-0.02401290226595203,-0.045443855763349056,0.06439208955650166,-0.04193356645970629,-0.04021495094627814,-0.013249873224498271,-0.019251385987513317,0.02803204192930271,-0.056598300802980936,-0.018601154813317318,-0.006765390851142413,0.04670038295009175,-0.00794003492270579,-0.03895504703709277,-0.057761283757967824,0.4788289899429188,-0.05563446710767185,-0.0066478319572133475,0.004617039997396769,0.026769995340938407,0.062371094920850224,0.012283065002774398,0.005711955000854562,0.03273217033714915,-0.01871232642374449,0.01637878981564992
superiorparietal-lh,-0.01148984914991118,0.04761142063550001,-0.035055854355045164,-0.0580170044117456,-0.016873549518700945,0.012821449973022854,0.05568958598828377,0.025479230563494736,-0.045233482614931805,0.014324487309058975,-0.04959879240959523,-0.050016908117265536,-0.06464871737033467,-0.04231131887760947,-0.011255020209176002,0.0035195364772865004,0.07792328176707698,0.009493026117909122,-0.029606481183460674,0.0064312687510092986,-0.048921147342612006,-0.05450094326032226,0.0537107527293274,0.05059433161005652,-0.05332455785966824,-0.03317300037009278,-0.06244839594521698,-0.02038947672466478,-0.049340687643626556,-0.03796551679445928,-0.01966804320149028,0.04990506868772807,0.18091050847086246,-0.0679357883193266,-0.012253611191273644,-0.019017795309700172,-0.04139781933106786,0.028403515561354856,-0.015257466230068377,-0.04619152824745203,0.016289543233594713,-0.010004519720778343,-0.03676601735096738,-0.048010112451359194,0.061679854844352504,-0.052578356281892565,-0.049173113287799435,-0.059392291246678566,0.017590374128886314,-0.050615535737409005,0.3791134946122027,0.004114467651145535,-0.0631984981157448,-0.005565642911887852,-0.05360458449252426,-0.054140107567035065,-0.005931494260435721,-0.03634095270815999,0.5778832399681959,-0.0679357883193266,-0.0009500035225365169,-0.030082144708426635,-0.04182995341179082,-0.025788861366517438,0.02986899848879349,-0.029576318973192947,0.020075887310308807,-0.006056272456170296
superiorparietal-rh,-0.0007198816385318361,0.0017476614368258131,-0.017555112106849395,-0.005201692983349067,0.0027387732053166295,0.020790292362650207,-0.02485055468013651,0.08656518581964251,0.015403956509517305,-0.022168533471063564,-0.032132732013798126,-0.005601902224320339,-0.0016538903318473466,0.02913652145143097,-0.05130670963248895,-0.001977835551258913,0.060934026092511924,0.026454004558144395,-0.05416892335260668,0.01812109959484941,0.005879617281134726,0.08392339999986707,-0.03266364689840247,-0.06020287485694542,-0.001662476375421031,0.02221862194020122,-0.016281247720978907,-0.011702483784276001,-0.024802743353252554,-0.047290596374184445,-0.02315347367977123,-0.002309711293722244,-0.0343006702603942,-0.028124929142563464,0.018698363062175906,0.03741280162172617,-0.04185762217044421,0.010298677930371128,-0.050946273559442104,-0.032198259388429386,-0.016552729920800337,0.007766485201831358,-0.06036512602055306,-0.03645195186457775,0.007906141500252711,0.003744264853149371,-0.049427990930528576,-0.016533830064319067,-0.0020564067355809557,0.036276059310903046,-0.06670127758103303,0.10991938514425548,-0.038212569209223717,-0.025600974986407694,-0.0019003930054909855,-0.005402833058254724,-0.03916419270000591,-0.0010072629780811537,-0.06625329357227966,0.3853092643989086,0.028344021296155337,0.0037526668590612097,-0.00569261029229377,0.016378195070682826,0.019916901822128328,-0.008813731478679006,-0.04793249433257545,0.05326805725146952
superiortemporal-lh,-0.07586055121119509,-0.17193270223760004,0.026259642157795353,0.04052160725609629,0.005568471325064954,-0.027145916516419125,-0.004301606775808681,-0.0314386981737917,0.08927977134070605,0.009581298594401695,0.0070707397884617355,-0.007532379065120719,0.040582216986427985,0.04987647135716551,0.021082932262028654,-0.0094154738314009,0.05655971680520055,-0.05629096231987275,0.2662044244365932,0.00298359974406376,-0.0041069763181989195,0.02804172070685605,-0.0037661895325603596,0.005132135885414341,-0.01977249504594189,-0.0094154738314009,0.042055847594044744,0.061654581091684736,-0.014123210747101352,-0.007532379065120719,0.000409595016055483,-0.17400176359432934,-0.01035702121454099,0.015102496264221549,0.12546510030154925,-0.021113235375232672,0.0,0.07554442190367436,0.015443283049860108,-0.00564928429884054,0.02902914214009136,-0.00847392644826081,0.003945350370647746,0.04645106861024371,0.017169186796289627,-0.0094154738314009,-0.006590831681980631,-0.01613559261673808,0.1618702639916036,0.005146871565650808,-0.0094154738314009,0.04801357983432922,-0.012240115980821172,-0.00847392644826081,0.04579729939005369,0.008053726293996541,-0.00712624892522895,0.004346746886617995,-0.0094154738314009,0.033731411492584386,-0.4824569114722624,-0.014123210747101352,0.07797157927858468,-0.0470773691570045,0.0037615867660308997,-0.00847392644826081,0.023836396524345334,-0.20036948323383727
superiortemporal-rh,-0.004597782844082441,0.12183027649934579,-0.037977184308653725,-0.011281713138157259,-0.030574933886627405,0.04084911544194992,-0.026339668316266423,0.008892864049915536,-0.058540992282911486,-0.004551101052205269,-0.0732329817973959,0.02466798448831337,0.03446829665029519,-0.04229289408838484,0.005124503520535211,0.024473571063102016,-0.013428738173109257,0.053813727793282334,-0.014879269755424184,0.03583215282192689,-0.015970169143774002,-0.04891426765617198,0.00014960923173684638,-0.02167304801574318,0.015461246024154322,-0.023385138465702168,0.02799078789287494,0.020838495912953513,-0.04075599181150401,-0.019621140196364163,-0.007806078059289239,0.10047197546658904,-0.037977184308653725,-0.02247026435384049,-0.010232926760414372,0.050290476134946936,-0.03299195919672895,-0.05340192025739574,-0.03596352294866658,0.04180997459440274,-0.03925373619138803,0.00017157681852433173,-0.03159208405496369,-0.024095675901313656,-0.024504520980785652,0.0006614546379946687,-0.012914680792698115,-0.02376362844382126,-0.0767170353424498,0.004366261568340086,-0.02723133346877718,-0.004258833342990907,-0.03208343067872426,-0.01966163680166028,-0.03951055617157035,0.012972597213230292,-0.03328957078002694,0.031020651640650907,-0.03722206129865855,0.0032332130900921685,-0.0016360998549895533,0.49688497071023013,-0.014249925136127422,0.13629967478147093,-0.060451534427376094,-0.1071884150868384,0.011899886477668577,-0.005989714951899814
supramarginal-lh,0.028544893718171534,0.04171678898231664,-0.034897554769255996,-0.02855888746545584,-0.03551898566548086,0.01645192472582866,-0.05800781497939894,0.0350241490489418,-0.042595196843509556,-0.03370135520161147,-0.04814071839586979,0.00992355036402637,0.07118064911580689,0.07379633193677305,-0.06134599817826312,-0.038265341049069784,0.03342425958654566,0.06515537117117265,-0.05603810928805896,-0.0031892432049388636,-0.010953504555033486,-0.03394489478590475,-0.05315217191106437,-0.03869920519420113,-0.01667498384752053,-0.054691900958994615,0.021074901641926182,0.020229143547796983,-0.05140621112202141,0.013523835787922215,0.0067231762272514815,-0.0244151124807175,0.025846999188708666,-0.03613647643201088,0.10697395799553232,0.08976464220100228,-0.03251134956527788,0.031528115597643416,-0.011472999917959815,-0.04042756142571122,0.015719568980339875,-0.011625413916352497,-0.03539148429436023,0.0178501871445275,-0.020775290243804638,-0.05604508224426996,-0.02428432719336495,-0.017715371178106988,-0.026289719135678707,-0.03429024335766772,-0.056140347422578875,-0.02775634968048356,-0.05646531150945607,-0.0547682768335418,-0.05410899352743452,-0.04767196544638034,-0.04730292631739244,0.06824422391848953,-0.05610416923287649,-0.023583470002087145,0.06831416133606963,-0.0043151696447424085,0.5601642218768773,0.06866167962788793,-0.011372748075566548,-0.01229254140839597,0.03513373296285694,-0.001925688782542807
supramarginal-rh,-0.0019277807785244014,0.025892113562710567,-0.0716505100733082,-0.029874457390925268,-0.062347144815749454,0.04001326271428794,-0.058875422985164745,0.026059936806435768,-0.029064064016455716,-0.03105772605526836,0.06692586938482552,0.0636728413279544,0.008922756123639818,0.01856727496550365,-0.007850695126771218,0.06285575115219381,0.012838182700453941,0.03593624169736217,-0.04727899491755809,0.009109918165645414,-0.012254160157987287,0.003725170586401361,-0.006261449749002242,-0.01353850294580586,-0.012331511986411045,-0.014082024955503012,-0.02122665962802585,0.019864807750010992,0.03164480949154514,-0.01278449217099566,0.001074694987555133,0.002692212168846612,0.06367355175584694,0.023245114561941293,-0.03804144253458815,0.033979786217388265,-0.03533659959931823,-0.007069311199905625,-0.06573201316070022,-0.026822088244180812,-0.04374897706859811,0.011946307725200889,-0.04009263301693973,-0.034758322865176404,-0.009565133090126264,-0.05165046025109801,0.04299633351431548,-0.007714939339597713,-0.0067041773139870685,-0.04424946858244079,-0.04459865846462298,-0.0017297188681945751,-0.045953038505077266,-0.037454023792100125,-0.041467841466536245,-0.009337884259136769,-0.01734111645463188,0.0073975886073701525,-0.0440269585985573,0.01719306590902682,-0.006034052371321197,0.0776495181949008,0.012621575353660085,0.42636163631757756,-0.002401660472516657,-0.04250957157620061,-0.00928824563079393,-0.000826387262797412
temporalpole-lh,0.02252679465769305,0.00024327980863806154,0.0427601757485565,0.06467543770828078,-0.014531010469182528,0.03297401479361935,-0.011986373341834947,-0.04879480086997606,-0.015615352857847882,-0.03397312643429196,-0.0658630096212458,-0.020248018136068968,0.0031472918713336146,-0.06502238958060133,-0.023512765506858536,0.03623345414369149,0.017138398829294594,-0.02507152501412501,0.013033097786929628,-0.01902536416206887,0.06967276660519216,-0.030924661150937272,0.010101134657524803,-0.028273535043656605,-0.029549777178081316,-0.05491210534445651,-0.02487867748620251,-0.017801290534195904,0.004542457747370195,0.035264151505553794,0.013871452646678053,-0.026231058985291145,-0.008640730779575256,-0.008246501440205597,-0.0013057009136134504,-0.029608254731013414,-0.03433539197870648,0.00033020054549047175,-0.020248018136068968,0.008006950562240654,-0.024463205279215423,-0.00879696396536033,-0.012998623000206933,0.025518673913698227,-0.05720826516904776,-0.02550427736081308,0.03335184085644297,0.04159691444781394,-0.09476192020216735,0.023959279972854637,0.005705062110487621,0.0485060104124664,0.05498323261301274,-0.01014637320747501,-0.024135675417261672,-0.02711009415892263,-0.027610424370780824,0.0077410806757197545,0.02245522591579659,0.03466390417741094,0.04194076063472669,-0.10053007775585317,-0.019544550549552325,-0.011564260075683841,0.4555301714996884,-0.11201078863757187,0.002220556559633795,0.04229116543817863
temporalpole-rh,0.057955720981524725,0.004675083086883294,2.1695431836834956e-05,-0.02510056256910832,0.05207909710170592,-0.0035923114604635652,-0.017647580054810843,-0.004659849970954363,-0.058963715524961456,0.05978530894378022,-0.07622584770573339,-0.0021401583541585047,0.023377897493787797,-0.032265464780474505,0.0035899160634728883,-0.018688226815818124,-0.0030794699351203493,0.007856651891804359,-0.03965102467052149,-0.01625507203985242,0.07871592882805666,-0.047583787686657976,-0.03593417635637331,-0.011129885996788007,-0.012723640672338242,-0.04682102412107481,-0.019617438894355164,-0.013748104795839784,-0.0428790063231678,-0.001983179934628907,0.025221293340538277,-0.015931200616255848,-0.014602854583459562,-0.011516958729737637,0.01353945238353638,0.03373340997241777,-0.027161606768930775,-0.015880251093991365,0.016990659196167903,0.01295540439743831,-0.006760018284839513,-0.0005932229116647787,-0.003370591355402574,0.012278642205006147,-0.030271989245889763,-0.02977308046830612,-0.0065851874467767815,-0.007422824260881542,-0.061924170854329046,-0.01903668134526951,-0.03371681570432775,0.0017314919063988051,-0.010534558202169994,-0.003810978133920093,-0.03790875202326453,-0.01672619987676206,-0.00040410521541642724,0.05704949841281098,-0.03630982733690384,0.0019733823492719777,-0.0008130605687199126,-0.0919254891255382,0.015016344134419405,-0.034727411546257254,-0.054611702563878164,0.6252078871629397,-0.03907026712143583,0.03832456876373178
transversetemporal-lh,0.025368760561689317,0.022422537524386426,-0.0014660089522826824,0.011144034928660439,-0.03687465144610984,0.0612579462063496,-0.0374900714919819,0.01585949102762135,-0.045295898985565644,-0.00941579403126429,-0.0293873997092632,-0.04474956629999845,-0.0009986622107666892,0.05987867616107195,-0.02455741952055143,-0.05946481546384878,0.025076120981476515,0.005799082465544561,-0.05781731139256493,0.015542510674145561,-0.03259318407616204,-0.0497938158452256,0.0085197366133842,-0.05908664392532216,0.013740587663500907,-0.05274559628522495,0.023916076362500798,0.0393973499484814,-0.03025475461096333,0.0007179345599529185,0.07757056475223982,0.06318258011301836,0.030880058559740152,0.005027231093142367,0.018693179206391953,0.04428421412883193,-0.04598339974747141,0.009936436461254292,-0.021810743151330393,-0.0547769106987781,-0.012054512068699959,-0.03409380942948168,0.01777078110576857,-0.031803337834316533,-0.015287003279783683,-0.04753271359926846,-0.0535165262130886,-0.029050605721617433,-0.02720569446606715,-0.03139975457528583,-0.006291151446709589,-0.05691041065734193,-0.05682256691798427,-0.0612760423287198,-0.024556966782759784,-0.059013829069260365,-0.0050192205283237454,-0.0026766446533872546,0.001967036099026237,-0.051887336488372064,0.05229237310484685,0.0069819892651549935,0.05304837384468476,0.0209407573424856,0.012166459878754546,-0.03567342659074992,0.5858741523509441,0.007377167510843501
transversetemporal-rh,-0.035783237816377586,-0.06181219982307186,0.039617021855304684,0.03868708225306597,-0.04271897994581508,-0.0703060523471916,-0.029274015158866698,0.0780129868351729,0.03230319896362367,-0.011269244087189472,-0.04181920077193025,-0.014023238117194812,-0.020909600385965125,0.047488687237871655,-0.011097377079403926,0.004155325990851573,-0.00983981194633653,-0.08900778663172225,-0.020909600385965125,-0.013397205183670238,0.05814132126399524,-0.017053457866454864,-0.020909600385965125,-0.008388941715473643,-0.01381883665392654,-0.019517275774246536,0.01164411215731273,0.0165378718017157,-0.0021505570242633986,-0.01801749349633243,0.0012520658670491483,-0.02722147426250643,0.024400074218280454,-0.0008765465131787531,-0.018981529126209994,0.012580760338039725,0.005971503084605436,0.09092425854944272,-0.020909600385965125,0.009139980423214431,-0.0190315015853914,-0.0190315015853914,-0.020909600385965125,-0.013197315346944603,0.007257607573050121,-0.003471015599668637,0.036770815511227704,0.042619560655105304,-0.0035569590481689477,0.03206760476057034,-0.020909600385965125,0.036932537406688795,0.044245042772258054,0.012493643963396674,0.06485691150690152,0.0165378718017157,0.06610897737395068,0.004752896920065479,-0.020909600385965125,0.06548294444042611,-0.08171782349490854,-0.02392484570646333,-0.04695048893359845,-0.026807733676138187,0.05701107259448361,-0.002805355101169696,-0.01089307344957194,-0.0038644605488522524
