,bankssts-lh,bankssts-rh,caudalanteriorcingulate-lh,caudalanteriorcingulate-rh,caudalmiddlefrontal-lh,caudalmiddlefrontal-rh,cuneus-lh,cuneus-rh,entorhinal-lh,entorhinal-rh,frontalpole-lh,frontalpole-rh,fusiform-lh,fusiform-rh,inferiorparietal-lh,inferiorparietal-rh,inferiortemporal-lh,inferiortemporal-rh,insula-lh,insula-rh,isthmuscingulate-lh,isthmuscingulate-rh,lateraloccipital-lh,lateraloccipital-rh,lateralorbitofrontal-lh,lateralorbitofrontal-rh,lingual-lh,lingual-rh,medialorbitofrontal-lh,medialorbitofrontal-rh,middletemporal-lh,middletemporal-rh,paracentral-lh,paracentral-rh,parahippocampal-lh,parahippocampal-rh,parsopercularis-lh,parsopercularis-rh,parsorbitalis-lh,parsorbitalis-rh,parstriangularis-lh,parstriangularis-rh,pericalcarine-lh,pericalcarine-rh,postcentral-lh,postcentral-rh,posteriorcingulate-lh,posteriorcingulate-rh,precentral-lh,precentral-rh,precuneus-lh,precuneus-rh,rostralanteriorcingulate-lh,rostralanteriorcingulate-rh,rostralmiddlefrontal-lh,rostralmiddlefrontal-rh,superiorfrontal-lh,superiorfrontal-rh,superiorparietal-lh,superiorparietal-rh,superiortemporal-lh,superiortemporal-rh,supramarginal-lh,supramarginal-rh,temporalpole-lh,temporalpole-rh,transversetemporal-lh,transversetemporal-rh
bankssts-lh,-0.35994200509576274,-0.025820236826683697,-0.01615472971909674,0.017298984465497942,-0.0230970087238694,-0.1376363167984529,0.009751334313294628,-0.0159399218119695,0.04990241603643183,-0.023983481350970757,-0.022003248390361,0.04720444747070037,0.16587735552819433,0.05943051389804324,0.0693260583578599,0.027464991427482578,0.00538742672191967,-0.0409845787784257,-0.007756967311739819,0.0010105900472210762,0.006584239390386601,0.03468086337637926,0.1255026379190432,0.013988968776141949,-0.07325191618843133,0.025498633368728357,0.027136183641872466,0.016219466030120606,-0.04655837903814256,-0.05898493464613524,0.03479143505087065,0.0393957755691293,0.046944591507979895,0.008392374480311276,0.07422968095930846,-0.013559779719342758,-0.052890144746076895,-0.06207433836517315,-0.11933427177683834,-0.02085398570928904,-0.06836032372124122,0.020439266295518628,0.03600286543438994,0.02613413406746063,0.06966798124325187,0.007636944732876597,0.06898530125911521,-0.0031862185004313905,0.053220134237251145,0.022642950456609943,0.01242331730885063,0.009283035478829943,-0.016011855717729187,-0.007739656063758298,0.015532930901861131,0.01691555905875059,-0.017128054756249383,-0.052074645983564476,0.027204673607399924,0.01476223272102593,0.026028560358744488,0.017621783773366536,0.009125783172481288,-0.0013589598329833525,-0.020668280818193958,0.01907101795721222,0.029189822199059114,-0.10055302221006057
bankssts-rh,-0.024942640956195607,0.3850704088391431,-0.023971344617889315,-0.03364241656938086,-0.031535779233149146,0.00736402063194412,-0.01873974081160544,-0.07937290355657126,-0.050255825474220965,-0.09262703897216558,-0.04667958768009826,-0.03985262245169093,-0.047748580964297814,0.07500661442467672,-0.03399676260734714,0.08652957425667906,-0.013361441639924325,0.11210065301440103,-0.029611658510329122,-0.002800582871137847,-0.0202894117045684,0.01734262940999463,-0.025863539726737356,0.07932103909794508,-0.022887229999086368,-0.030942611889544037,-0.002434766087627832,0.03230254110707765,0.0013046103981302203,-0.03430581364269635,-0.001261290660237051,-0.02253715393049203,0.03586071482909637,0.005262958813691204,0.008623349187267723,0.030844052017127414,-0.010979814727581505,-0.05499636257808295,-0.007280948321301084,-0.055228962713083286,-0.02458515193216971,0.03463034922194304,-0.050573948615971635,-0.015388708361239636,-0.044152700969221255,0.10664990625237263,0.009735025080154778,0.04872773038809666,-0.03779482169150819,0.05428292735755862,-0.007918988286355658,-0.04683672167029342,-0.04259195791808685,-0.05765428541980904,0.02670948963916079,-0.031187534792964586,-0.030385703591094982,0.010598672495414903,-0.035021242647700214,-0.01801824410159676,-0.022110205573631976,0.15169349141936284,0.039624834629457505,-0.015709613313530872,-0.023738657539896287,-0.02730718921101073,0.02992208796097248,-0.0003851719385448868
caudalanteriorcingulate-lh,-0.002604901802466528,-0.0202093496625486,0.6236654564696148,0.16331588391944735,-0.04503550140569655,0.03028432280360181,-0.03406683571341925,0.002163071512759717,0.011793997723251038,-0.03509549294302226,0.06967492205853423,-0.009443149771067078,-0.00898075222253557,-0.0489630370312627,-0.050637166065161096,-0.05242846083362977,-0.0010371980720963471,-0.02279830878328844,0.0078080512700861955,0.00860442266124015,-0.03797343747846581,-0.057582672293110974,-0.06565530255788184,-0.06089537016565354,0.04578253537455409,0.013616119388704708,-0.01358838357454103,-0.03515251076201463,0.08260302374298026,0.03525853642246074,0.02229916065803018,-0.037885576692012354,-0.06853484939457405,-0.03103774992859849,0.030364347663556196,-0.02096879437324962,-0.033613638125825185,-0.015271215706019027,0.08135671308505572,0.04741324213974462,0.0027466551098315685,-0.04402409151187489,-0.040371138484013136,-0.06336665585908066,-0.06732430384700736,-0.060946615686092775,0.05289311441323363,0.026959939471829533,-0.0641544045050355,-0.05001148892608335,-0.03613116491763592,-0.0400069335627757,0.03661634569433634,0.06365368569549881,0.02970889817427148,-0.016203224845651808,0.04959468264418148,0.009055932841213345,-0.010585961436304508,-0.049653623752978326,-0.03799993151768284,-0.056409136458062156,-0.013282198659031198,-0.07178888685622331,0.06119602599545419,-0.06344987599796,-0.003707073510180975,-0.009552721241656945
caudalanteriorcingulate-rh,0.016983896480555462,-0.021889535990573937,0.14246771765647767,0.8164224860947036,-0.02886336184398489,0.06454416221466468,-0.048341679609333665,0.006126118333429693,-0.003694629583853995,-0.026554450063998696,0.08964905840538755,-0.015148104869539518,-0.026080664191269323,-0.06225466433755093,-0.07346801704899254,-0.04448015705323972,-0.02087834994318648,-0.03646535758818339,-0.029867842266491206,-0.036066649193561055,-0.05994689787187965,-0.04489027928896506,-0.06711828885015511,-0.0635417616910846,0.04396993523016387,0.007877999912887217,-0.021407514376609822,-0.040033843919626604,0.03881340108375283,0.04651783884756524,-0.009055711222715666,-0.047510995622292204,-0.05892398063362247,-0.017823161688613826,0.014478448876442725,-0.027493710088597714,-0.0038756745061478584,-0.01585730073628411,0.03862111203301506,0.005059818400989816,0.024129873668788427,-0.05254350281706973,-0.011346218475981842,-0.057622645341921915,-0.03594616809779005,-0.06152656312847067,-0.023574828860381605,0.10485322837632169,-0.07017832879904182,-0.031851604461367006,-0.028301648222530746,-0.044976766449159676,0.022700925833021766,0.07424874972628484,0.039406068173865515,-0.013080589878718159,-0.004306517512484967,0.09305811888484065,-0.06091283877149511,-0.053639174456977114,-0.028534504393409564,-0.05626769984629503,-0.014279883605812676,-0.06946601376600949,0.035076577446837655,-0.051821776129914045,0.015985148386705793,-0.019280826971516576
caudalmiddlefrontal-lh,-0.009500155257697181,-0.03631132152674567,-0.05106468325368057,-0.029371454943918785,1.0,0.0055594101769411075,-0.014739646523948626,0.10905155277855472,-0.018167571357598705,0.058080578339976256,0.060616005204799914,0.016838306904437283,-0.027007733043363354,-0.04614529886311042,-0.02588666100871983,-0.0360767366281175,-0.0050571752786173,-0.021768786322290807,-0.015868616938310164,-0.04270973884231402,0.013282097872645966,-0.003635699491285287,-0.041010693334205935,-0.01976987590489981,-0.003402949023743445,-0.033410108065198854,-0.01269695250814357,-0.060938260295247244,0.04611482435755992,0.07524092522528845,0.005037263067542389,-0.07686874792267949,-0.04731811236243194,-0.0665452077446697,-0.007607472933490178,-0.01694912728140717,0.037018709295502696,-0.016523158819821682,0.014050676751503167,-0.06269354561387717,-0.05082850781267935,-0.020837031530800007,-0.030819217757703965,0.010551807631917503,-0.03933444869193918,-0.07114186655385275,0.07171132874995458,-0.02506795858274801,-0.010163615106538607,-0.06946702186869028,-0.06077925191196146,-0.0006778245462746563,-0.038760531272675064,0.015107098801517475,0.042203851082979284,0.0021010435885300918,-0.028608097728982,0.00031097843937965137,-0.03511091466209174,-0.023531585010545638,0.015430187304299162,-0.06368786124649549,-0.02200543395483837,-0.07338660755986406,0.019250404456583197,-0.06271700461593288,0.005913997762720891,-0.0475007762884859
caudalmiddlefrontal-rh,-0.2197902733727746,-0.027021980893328433,0.04580222407929146,0.08653995356749385,0.005113638554700071,0.558272709873388,0.054484940908161396,-0.07345124459653034,-0.043457705405381734,-0.06083193130728906,0.043904273849553796,0.024918589208428144,-0.025228257893512178,0.00750692791854908,-0.00019326293264324557,0.015757661137011356,-0.025345370142967165,-0.00674959764547993,-0.03163358449732686,-0.01799767936409869,0.04137476790697378,0.018154420079293555,0.049982660593214594,-0.004305054540333066,-0.12416900179876368,0.030145883784259742,0.018005338391106438,0.022130115075100557,-0.008033729877745506,0.026183500528131818,-0.04636051243342189,-0.010473946810780172,-0.0172151354523118,-0.0015593751274783762,-0.018870798752643424,-0.013772108361849437,-0.19598283764371888,0.014362989098453195,-0.1624894049814854,-0.03783647924407942,-0.03392070686030983,0.04937895141392163,0.010818037879155721,-0.014469456039457106,0.04252244360379456,-0.0070507339531877536,0.1076905056297029,0.08906551001821308,0.022082934199091367,0.05024362853833088,0.021971517889042332,0.020813110177109486,0.009142090399074022,0.0336435841775765,0.0014807447764938382,0.03723925920786761,0.014340571824359067,-0.01637055599741264,-0.0018249925015019056,0.020465152916954433,-0.1557076212572167,-0.0063159508876083435,-0.06144181972297784,0.03784618465877024,-0.10595664866507969,0.09398213943835602,0.09933228227639519,-0.24887148461662464
cuneus-lh,0.008212588427899395,-0.012657787195927502,-0.03910317437147407,-0.0454403234802477,-0.018590147847014977,0.029661056961706834,0.7173859073386235,0.11803685764387109,-0.010007798527952612,0.02067410588456626,-0.016917225824141208,-0.023026902717860648,-0.030008021687299127,0.006015983866354949,0.02491223568179314,-0.01879406195703003,0.009032686710225415,-0.030335564480478312,-0.005234344780192238,0.01694796890228667,0.011230082955406505,0.04646796716468934,-0.005428444742484102,-0.022707498152224097,-0.010053519810256607,-0.029770115544778243,0.0411687931802716,0.031529634954026775,-0.024814593227896215,0.009035637890863793,0.014450874243719974,-0.06896159052980017,-0.06421741958688412,-0.06294543575567293,0.044864949322710415,-0.007446565302299408,0.009979145583594659,-0.0016711608480312308,0.07385484732544895,-0.03636851752427045,-0.024592026522793922,-0.024204063595279542,0.026970021036179116,0.03822341025071411,-0.047743506363670925,-0.036396601484406724,-0.06274923086387874,-0.028798524635681333,-0.03717247083282081,-0.05475442736926004,0.018599222301968366,0.020393211064905065,-0.05783174548753754,-0.024976519038363593,-0.01696617118434788,-0.051749077447376605,-0.06049272083043117,0.029478804276250613,-0.019773389145630517,-0.02641970591863461,-0.015630404507441624,-0.01996408716932398,-0.025304203792043546,-0.07111541684805135,0.016699600329961557,-0.0659636355168097,-0.012249231694793243,-0.014478219155244613
cuneus-rh,-0.0022205775759566093,-0.14552674059730997,-0.0269326335415431,-0.012278863409031062,0.0633674617026636,-0.09291391162178284,0.12667769559499806,0.29409308487053726,0.0050468316464829105,-0.07816012235682147,-0.0415901818430664,-0.04225978609264282,0.01426614228836766,-0.0033694940868388337,0.041423194441185515,0.04074294586509128,-0.08826852833120676,-0.1194727181279035,0.04375408546009114,-0.024445257025063137,0.03352001495532876,0.0655247443785388,0.06627723843928392,-0.0029946801464782696,-0.0009207156430190197,-0.015333202708790772,-0.01799554452144741,0.028684702919716195,-0.07222001192631584,-0.04458388929927097,0.014662799062310612,-0.04319084014453622,0.013670524739460918,0.017566597235077468,-0.008890281446730701,-0.02064418483666711,0.03521529577697107,-0.1634282608775063,0.03947691144248836,-0.006845682526320915,-0.014022400712361641,-0.012305532071431745,0.04652814176721767,0.09786059118239349,0.014919133774660061,0.00837992031666385,-0.007573497403587436,-0.010677776746314031,0.026502669466524808,0.03598373245267422,0.10032770596157344,0.11091429819222835,-0.039159611527059886,-0.03915384387912654,-0.026895198109020826,0.0024041973905795516,-0.004974450491012235,-0.048006448052673734,0.08270435000009292,0.03535432501598298,0.04975565767306485,-0.02362480910654618,0.04234576356315736,-0.03294633622917614,-0.14004844484215231,-0.024445257025063137,0.057737431967515504,-0.15736847466114673
entorhinal-lh,0.03960257504970162,-0.03701769944844702,0.006545433128349146,-0.020264146741466347,-0.025942112317133222,-0.010749773118101713,-0.026689091862402235,0.02135874339834372,0.388144492551145,-0.0012826806816452962,0.04944671339435959,0.017312470853526205,0.031194826151016587,0.015293723694632812,-0.014070924873728598,-0.020931898298923335,0.11142016763904766,-0.013436751324817179,0.040066607586757744,-0.03204594300062556,0.02209673169887002,0.0014706440089357745,-0.0419863288236525,-0.030999314926585562,-0.02586696893205962,0.01282988136065124,0.007182047311096205,-0.029863911390009882,0.029668653896550646,0.13595413034001017,0.020585133828028093,-0.015496830717741645,-0.036917999426539144,-0.030817588666549198,0.09551554712485094,0.010687325409053004,-0.025835486918790528,-0.022646341582485508,0.007499601276975859,-0.032353062796550244,-0.04181029660626048,-0.05664939223599134,-0.06629540662106245,-0.0497448604112496,-0.022238110345947974,-0.05781114778685776,0.008326934670330379,-0.023979489110323732,0.019429263687602644,-0.026181814266320165,-0.040441891277749775,-0.027559296733853246,0.006126564114029125,0.010100794379756839,0.0038714471729626877,-0.022346923220473356,0.01983935149915382,-0.009720065761257484,-0.04830659719446469,-0.05225492565681795,-0.022684551691476543,-0.056341511598357936,0.06490569359142888,-0.054297553391587317,0.07218680727722558,-0.04424637896565457,-0.023313632068534002,-0.027223605301897248
entorhinal-rh,0.030538880541926727,-0.05716005463316763,-0.05008214192148826,-0.049258744383795225,0.02197981614744326,-0.03143039950093367,0.006453298411836609,-0.009377661673041963,0.007618599324580085,0.4213357777697253,-0.011981520428894644,-0.005244438550467118,0.025467504420291522,0.07705693681574967,-0.017592768568216028,-0.05012915174403916,0.019692496427171285,0.03728245531625928,0.022528386849464517,0.035599783782576104,0.026133167352578087,0.005277392364796072,0.007867595862234565,-0.04558828484977932,-0.005062605644044196,0.007994122015167228,0.02051055685960324,0.029039930985422246,-0.02332257745624684,0.0060879859069667315,0.03215041834831064,-0.01777720299493694,-0.01611170796713894,-0.04883486517800058,-0.020678596844716863,0.06235660301861887,-0.016864308836221496,-0.028509369400128548,-0.017588854819940748,-0.027456925870182693,-0.03605128021147147,-0.027994578049207353,-0.04913114671712968,0.021310910500061835,-0.005008021645231044,-0.01009632430591559,-0.010337968068603421,-0.040600889801070204,0.037713699903064515,-0.038954094725684126,-0.04311809223670021,0.0006448963719605594,-0.029368815009660255,-0.02288487150088524,0.02170970903909149,-0.021687107308026567,-0.024152699963441757,0.00016935953193971857,-0.017503874148926495,-0.040401130635121,0.020498393275589555,0.01204337461472849,0.025073364365238406,-0.017769878785510566,-0.008566346281871137,-0.07147246261638539,0.007674556133814584,0.01534179102001116
frontalpole-lh,0.0009687336456982289,-0.030556181763139578,0.024320668937578505,0.04935360229795288,0.010999475726212175,0.03240358971559752,-0.04025953881069958,-0.009371388291068582,0.03683639255616188,-0.022904616115509348,0.4051638103779835,-0.008936860255362507,-0.04446812513625396,-0.03296913447481918,-0.024653482187454587,-0.047504547669493656,-0.009611841658866424,-0.05503128911484285,-0.08061183172400999,-0.04016629004101265,0.015314823052420648,-0.01834946549493362,-0.022526700668128126,-0.012407430965202214,0.06028439019838348,0.026018359107766134,0.0017264353451914949,0.003501394742362056,0.12812985621531237,0.041278647679774814,-0.024833245100191494,-0.03445847389344005,-0.01204087774679897,-0.03875632590876088,0.012399390768293007,0.0002868670106073207,-0.050676945922792246,-0.05314466671882325,-0.0006885740598601954,0.014991442750244825,-0.025235898484890683,0.025966788299669835,-0.008815041224891856,0.019408300215381927,-0.020517459889951108,-0.051151233227542565,0.007939751284255135,-0.03138130757942097,-0.004309810815104329,-0.04558279197706761,0.009872922644484763,-0.015927475919974635,-0.02967176527179688,-0.002320526271230929,0.10449464802523814,-0.0194139224027689,-0.032397388660918396,0.06293530170045689,-0.02253031842288641,-0.018696414235161312,-0.03483682411695146,-0.031504091100472316,0.00487895303095793,-0.03169309989418605,0.08410431746680805,-0.020428393721659475,-0.028080866348233285,0.0058436004917796665
frontalpole-rh,0.06865136136696683,-0.03035367345599702,0.012058559644516548,-0.013678721372344637,4.40404753121439e-05,0.025338808232854452,-0.037449459517230395,-0.006390623108624366,0.025975984238850745,0.01606938374452665,0.02041737305950761,0.5473936115822603,-0.05515598440628582,-0.0417350973197384,0.013534863243331774,-0.03827690755125043,-0.00360005846872062,-0.041047397335665155,-0.005546851044291488,-0.021937128864857817,-0.03532128845142743,-0.018037221647635042,0.03779201487995603,-0.045144500999196736,-0.003593189182445744,0.032128185925824275,-0.030086261746504923,-0.027122857259096942,0.05184121106720289,0.29577547031925294,0.02524364447703401,-0.051748093357029776,-0.04692150496482115,-0.05705891688844625,-0.0352986711786548,-0.05057233761479701,0.0283149591020066,0.0332395661073719,-0.03417454186932495,-0.047401056902989375,-0.032347486337874265,-0.0278181756015653,-0.04443947622465521,-0.04909573654692926,-0.01412241693447175,-0.035383702200774754,-0.05344164295620242,-0.05144669841676987,-0.011387324190325818,-0.04188195150642652,-0.03384371582613357,-0.013454297647378656,0.05927067480338777,0.046222718225355786,0.012169352053555186,0.06647184211341747,0.01833856752792894,0.0067907755520232585,-0.04603976441601004,-0.042727457276784085,-0.02068672503738389,-0.027284172661264903,-0.01261080577059642,-0.038723318355661715,-0.002333470050182451,-0.04723740884397231,0.0015678058233644515,-0.02069268225706895
fusiform-lh,0.1470421054996427,-0.03186733704956628,-0.019619562749545107,-0.036257727573038946,-0.02356029629504187,-0.004694128495268475,-0.03731907223505936,0.03151507128112231,0.02015587218402619,0.013248195860791854,-0.014275814726042465,-0.045721831482572264,0.6068291121534234,0.01602120154028539,-0.02078404166786164,-0.05190349827860115,0.11150741799681364,-0.03476756632984084,-0.022984559688095162,-0.06372609998041989,-0.0438267182891415,-0.02892965509064702,0.05501988798586235,-0.031266969239992386,-0.005677954524527342,-0.04894967268089392,0.14054429835117346,-0.008088154448401554,-0.019449750595787588,-0.018634257756984983,-0.004972300569242727,-0.011174379585097453,-0.04400416610201522,-0.042233715056740694,0.2008612357988253,-0.026553407074744826,-0.005850319859408525,0.0015090544600234069,-0.01970103419002999,-0.04549824579894426,-0.04427452720888991,-0.017478590632677,0.01569997850032223,-0.005127115531190566,0.015923115769172762,-0.05923160979791409,-0.030121254485610673,-0.05754289517274428,-0.029984244163247478,-0.049556268378959704,-0.05688763107789646,-0.03621119103739671,-0.045299668759098355,-0.016019873031635108,-0.0263740885485477,-0.013718741965826942,-0.057769927220601223,0.0025700641884300493,-0.04775053331164007,-0.034930865411382205,0.07908369165761037,-0.05093135658636154,0.04434472733666175,-0.06389695198115712,0.10389197590228005,-0.0491089799009406,0.005193849924903914,-0.0064523047740997945
fusiform-rh,0.041219037974309834,0.0297978165539751,-0.04669764951249343,-0.06211008110935995,-0.041167601704533645,0.002995219894220358,-0.015772325922725688,0.01718029459079559,0.014601238084817548,0.05571174091152133,-0.01322983001379969,-0.031743356854302,0.002826756532340411,0.4668514162930813,0.008458473652977897,-0.03476084582686625,0.007632829810971399,0.0928020496457504,-0.0582243229159047,-0.012770537634272657,0.006104703945938548,0.029848134068565842,-0.022738910955090143,-0.046696029978400964,-0.016682615045015364,-0.03539002590179466,0.11838587900723024,0.12521005047867295,-0.021563139566930324,-0.0012386683744419569,0.07051738758517076,0.02041896010305709,-0.01689508331956668,-0.04299888164652654,0.06322969590841036,0.14507047253166053,0.015272297580319104,-0.03155272509203938,-0.002286885553665801,-0.031251606005185284,-0.031220809200096865,-0.05406775521678408,-0.039650346962319276,-0.031151361218839595,-0.029562428673868837,-0.023559938704897802,-0.05749007941352375,-0.04432972651837125,-0.045887499319489475,-0.053039787788142785,-0.030523681038621457,-0.027679912279781074,-0.05168360630126494,-0.02782919774043857,-0.025560980513054127,-0.06192227905271923,-0.04161125596811939,-0.0037496370859075256,-0.03578079883510578,-0.042366783311768505,-0.015463317926848828,-0.020221139153233474,0.011030139388157586,-0.043743263210028215,0.057889269008777576,-0.015577866128341271,0.02059832064155543,0.01579239030220409
inferiorparietal-lh,0.07572154432272177,-0.025712129253722397,-0.04793435256705192,-0.0718362015983028,-0.02940923276563108,0.005020940245684904,0.021123151413634127,0.062146796896735156,0.01064309286554021,0.003545205838913402,0.0008081822004644266,0.038715295436675665,-0.007673136801381191,0.045575713401079944,0.7898406152169243,-0.07245478414993622,-0.008581263097320147,0.02392585441853226,-0.018654217068593368,-0.037938847181802154,-0.01618546604584071,-0.0382802700983405,0.040945256622523005,-0.0413518363086925,-0.01608829152586899,-0.029716647099267253,0.028742694850536567,0.011749102409608803,-0.019113644340619275,0.03363072158776233,0.08758207398285607,-0.03711199364302041,-0.06373552646711889,-0.0646373706663842,0.050119908116075834,0.014028576335494565,0.03207244144943546,-0.014255224596989845,0.008812848444881729,-0.04981972682937702,-0.03878242578847295,-0.058248744910125105,-0.01106155473719956,-0.023250987450720503,-0.0331053349558695,-0.05964941100732808,-0.04456420029482574,-0.06571197387965935,-0.022062928468448862,-0.07913636927989573,0.04478629373074067,-0.00825119818235507,-0.0505215704393126,0.03672502439911268,-0.0368787431890585,-0.029798818516750817,-0.04521090447654913,-0.00022074817680283666,-0.02498715706747849,-0.0662269810039183,0.019361700909425635,-0.04205708177336223,0.022572638285335008,-0.06712662119953362,0.01929386470247636,-0.043777406377001206,0.05365045641878287,-0.020018671222024626
inferiorparietal-rh,0.03516786589475502,0.1189517412654044,-0.04545849768165768,-0.04571451013018581,-0.024699893500444617,0.02077703251527474,-0.0010238686311158378,0.06453604912295523,0.000764055312992419,-0.031337628285180906,-0.021617506804927692,-0.015205834023203465,-0.04271152028126411,0.0009133567019781404,-0.07316893929490809,0.9705860263837415,-0.013783239449009131,0.004409652063683733,-0.043128047597432224,-0.028806803218985374,-0.045803251784770564,-0.05238148989868157,-0.01719991768045036,0.06608226731100755,-0.012995210212188643,-0.024697962729632317,-0.01814738364235155,-0.0394453317280215,0.006410740141015394,0.0010233429042376346,-0.0033216364498496465,-0.02887017093678911,0.0008482334835058448,-0.03289713603453232,0.0362011527940257,-0.052584138610483104,-0.025592362677046808,-0.015037938618919205,-0.011835347678968232,-0.030382935175703552,-0.03350548884723984,-0.07546809633282356,-0.0596988598976798,0.009151265689979976,-0.0651692691429995,0.07803023320987106,-0.012341098438561487,-0.053750081826001106,-0.05989974537456979,-0.003935536127467141,-0.07027646735153002,0.004104604342840207,-0.03990274049135212,-0.026630048700805337,-0.036095821258293206,-0.059501334972848346,-0.03503808098371141,-0.016868903401346613,-0.06700922102513243,-0.020760582066380415,-0.028433174132565738,0.06917578291479717,0.04331602124771883,-0.03542374185081928,0.018325881389070403,0.005735959697563165,0.014630778487783531,0.02841475210462878
inferiortemporal-lh,0.02218016909291966,-0.022083957705717697,-0.02713250990766333,-0.02403837436238928,-0.02477869557491849,-0.03044637947562256,-0.013960470620484725,-0.08153848215008992,0.06967914922360698,0.012643093589188194,-0.0333283204788117,-0.018307457107948524,0.11179388211066013,-0.0020756902867849134,-0.012753029221757627,-0.023521435165507452,0.256100196021739,-0.058445916370788414,0.06392839379384632,0.001482643508576525,0.014299764956200271,0.022219380590087313,-0.019907681981916937,0.031601960935564284,-0.006377462026526757,-0.004174224801342792,0.0494489519027302,-0.016403744897145897,-0.08911585937627127,-0.008645203204937875,0.05212568444744404,0.009127158857660415,0.06590315332389324,-0.006453334967529296,0.08715592645839718,0.042595891648109195,0.017759005272832588,-0.13869848985605665,0.00534512871716092,-0.006596562963054674,-0.037022426905440824,-0.028669399602848797,-0.022843789482548366,-0.0405429304825232,0.05224264600820643,-0.02113012265267792,0.03041916119803571,0.014811347270212865,0.026023427076461804,0.0023919500261627286,-0.004242013719106287,-0.016635697925384066,-0.03256922361318458,-0.017012627683637985,-0.03515378235514007,0.004592021820560321,-0.0018695698300690764,-0.06997136497053615,-0.0047048483990087785,0.010870288543311693,0.09076755459754368,-0.0742189347954283,-0.02135181348712195,-0.022724330994564272,-0.0838787316158006,-0.015298619961221319,0.05041757815053539,0.0006980018378622035
inferiortemporal-rh,0.017199560507780685,0.1340834501393803,-0.04120827120694627,-0.046750002441004024,-0.024901726729027344,0.0037658388825212745,-0.04447208613706807,-0.029838859305048336,-0.00916653474710841,0.022399804892536606,-0.035079565607606354,-0.05093210655247011,-0.05045871375484334,0.1594291983223973,0.02057992741115774,-0.0205001199315125,-0.0179776934455556,0.6188813710730544,0.009599875670120071,-0.001508892114592346,0.0008934032597663134,0.016476076261298794,0.0037305498127896,-0.018778354546994214,-0.034185237200521676,-0.034229558259729266,0.052154739120708477,0.09145487094276958,-0.05502597974446132,-0.04114524896036611,0.005815049358556338,0.08469479912676912,-0.004441389201982298,-0.04466875491457257,-0.03040823851602054,0.07668595046437794,-0.003779137436351431,-0.060722952773050426,-0.022916885798927825,-0.033915473272094813,-0.03287485267724982,-0.03055465094873307,-0.015545160286720722,-0.007200844841957449,-0.03721333347135251,0.02518456861770597,-0.009410607470055038,-0.0366193089654866,-0.06338988010510332,-0.024425195820276045,-0.0028514224523920567,-0.013881635886728473,-0.039532077548868,-0.03790786711023743,-0.05139994416970803,-0.06852298625672076,-0.050671220627517416,-0.027734694146346474,-0.019905910713685793,-0.018667451617653423,-0.020066660486105947,0.08286323353590094,-0.02402046772990931,-0.05338910663097935,0.025729576764738415,0.012605850498823222,-0.0006646495897568873,-0.02076598251175405
insula-lh,0.014853925585617943,-0.01070590792271163,0.012924663504860441,-0.02447565055304382,-0.02372191488529056,0.0012630867504363963,0.003955063084572434,0.06533585632020171,0.061494328016262284,0.04700365211901594,-0.044500104033705204,0.00951806993806153,0.002166190028601835,-0.06795291243285785,-0.02563508542228171,-0.047246593350419044,0.0853697732413183,0.025515480430625983,0.7749598565888384,-0.022125916073600097,0.026688898703945457,-0.04888374308597157,-0.015960406354669072,-0.01193596238754694,-0.005507956370948243,-0.07362920562744547,-0.01706568109218853,-0.05493959510826849,0.01791180862520419,0.00035016067832146835,-0.019064800373562583,-0.03809185443789763,-0.04387002293256975,-0.02409646413408118,0.04940134012282568,-0.06015149068830724,0.01826521472442243,0.01950963994235776,-0.030935663720388026,-0.07330743557591905,-0.04327568297555885,-0.05567564702841675,-0.022053616671413687,-0.014909145678759055,-0.015177345071025094,-0.027129321314445832,0.025705588014785456,-0.01312679005411284,-0.06441329656201977,0.0034928547782001654,-0.03331274560825356,-0.05015623363771301,-0.02948624918923598,-0.02471696237970837,0.03870241071157536,-0.01881329026933241,-0.04379787917799676,0.00764548225283458,-0.04077934777510545,-0.05605074774015726,0.042711199099906824,-0.046526891527855954,0.045572148742746406,-0.04680244267476809,0.03734467427158206,-0.01367714368174128,0.030855137982523036,-0.02483135867835023
insula-rh,0.015514932129823897,0.014466367463246784,0.011157987687052114,-0.02680646599961875,-0.037427933155349556,0.009264973600445264,0.04023807414965252,-0.005453870643295418,-0.013406297899366234,0.05875558271349199,-0.013204676708308887,-0.009409262663412278,-0.06839908716690717,0.027239190776749043,-0.039179038304085284,-0.03409850770645951,0.00823451325660897,0.002650939326220559,-0.028221423522855248,0.7892490195263898,0.021966434133766654,-0.034648826832107626,-0.06490911281016654,-0.06266100077956879,-0.0036083960250314347,-0.020201815915082025,0.019189817764562876,0.011407107277613836,0.005400025267251216,0.014521933583458832,-0.007759841576539567,0.006523251262657722,-0.0608865737380359,-0.05013117025333023,0.02168195237641275,0.03227217227986363,-0.02418671810518665,0.1020376200303309,0.005444762926072284,-0.07273613164706924,-0.017340884920607168,-0.019147728854652796,-0.052260911310643934,-0.030506808043993902,-0.05609167731980569,-0.011320347292236209,-0.013683964899058359,-0.05768873010516695,-0.061913133557154894,-0.04108053370694396,-0.005635036171600824,-0.02295278908269986,-0.05871100216754882,-0.027871352337122443,-0.0061419902316078015,-0.024402125268586834,-0.07248030486943433,-0.0009539615528138053,-0.0293131457993393,-0.05079007395469334,-0.0062471898445219595,0.047408879486149615,0.02097475748767823,-0.04846073511145584,0.06512498456782581,-0.0487040844415549,0.013176882427551382,0.07713250079414373
isthmuscingulate-lh,0.008809407499213367,-0.016821970929840335,-0.0361612792630319,-0.05788606373174599,-0.004006702029940987,0.026919780463748544,0.014847913188462538,0.04860484351670297,0.046504622675036814,0.04405875002320197,0.05211312039695274,-0.017096655388294604,-0.03647055156756025,0.034144506756015776,-0.02634237841597098,-0.052562178165561024,0.02429584713811564,0.017435059983477656,0.014996755723671134,0.006468638609285103,0.7042083710251377,0.05042847427927112,0.0050952432907305145,-0.07370892421919141,-0.033764942177430424,-0.024233539384146022,-0.005319546301655206,0.0617343208339242,0.007981509926860404,0.0009724854536212736,0.05083730868557024,0.01821029267553286,-0.05155609314184555,-0.06183457132765351,0.006983472459367696,0.04173103620676909,-0.0008683449119657092,0.0005411698581272618,-0.029445354896701095,-0.06321680201340693,-0.01933230299079569,-0.06751842847929927,-0.07798494703618332,-0.006168340698348413,-0.023177449122707743,-0.04571264035595527,-0.013628955327250026,-0.053902311832544625,0.0023930646421154813,-0.04893116356151254,0.0025145980324624184,0.005946622493546932,-0.061613262845064215,-0.029367744762568423,0.01112950351266065,-0.06742450529629201,-0.032728064147769076,0.030464844264239507,-0.04053102479802731,-0.045129484328626436,-0.012068039395915454,-0.05897038725352903,0.029855738325794454,-0.06185660186500655,0.05661823690062996,-0.037993177821069944,-0.0339442770210792,0.0024334679652404183
isthmuscingulate-rh,0.030349650693531006,0.004942730876021586,-0.056069382937681544,-0.046511664510952434,-0.03016179848504288,0.013851289188336027,0.021816944056313597,0.05379652756389775,0.002715862241618057,0.004297449271763633,-0.0015428652029888656,-0.014048054414730874,-0.01968341208339775,0.038849440559417574,-0.04667500711825771,-0.05866622623801869,0.0291542798368568,0.010715587541932943,-0.0459680835487445,-0.0451573401680017,0.01940813585001135,0.5571305930314753,-0.0009953672959675203,-0.012246187605037324,-0.023195218336125537,-0.03786403995728878,0.061642843402671954,0.11405537905197928,-0.030580842818459388,0.015836748505783635,0.03366465365121473,-0.03345245011790626,-0.040074395583085905,-0.030473703362320925,0.06527542874729209,0.14349756646626682,0.032012365570124726,-0.003687656707841066,0.0014858883722217915,-0.054398595465242644,-0.04384325867831912,-0.07158305320441327,-0.009512301817512886,0.001183365586934722,0.0218460920258292,-0.07045157730371064,-0.04446987176004682,-0.010599880145698572,-0.012339710074587324,-0.07413860237919592,-0.02536648836778115,0.04365946065054949,-0.0617179837366776,-0.021975685050127803,-0.026907589736234857,-0.043081713287331555,-0.03929163604087367,0.010302794502869275,-0.01438401281206473,-0.05484040816624622,0.00592972332604749,-0.06089556038499406,0.04254300909007766,-0.03763584376834578,0.02886095934544846,-0.058245956242032125,0.002058048397649034,0.0018506075091506145
lateraloccipital-lh,0.11825443164124853,-0.005353273141946905,-0.05850498580775772,-0.06137040816667264,-0.04285051629345923,0.025435495532611502,-0.018088846643339117,0.06228472294125666,-0.0249284008359298,0.015171714677587149,-0.0002869131357876035,0.04744958255934554,0.0695160964172109,-0.010319777953229053,0.036095981912008655,-0.03317124874069434,0.024825296130398942,0.004705119927878739,-0.01956972579191171,-0.056885974909188085,-0.003887883193230284,0.0024980512475510377,0.646704541726938,-0.054342992912227855,-0.01337101789715053,-0.03602172842940276,0.040268485262715245,-0.023525553077245017,-0.01741493292847479,-0.013684345392155128,0.08127412371771456,-0.026034071094503636,-0.06858657657335758,-0.04543729521404202,0.021990956611180206,-0.0032461083933818828,0.022852829464210328,0.017013299473735755,-0.011636578070575576,-0.027377479134305303,-0.011202794063310362,-0.046944657857058134,-0.04816251952041884,-0.023652170589233946,0.0687649163936691,-0.06291805412240026,-0.044125529206656064,-0.06402748878363196,-0.009824227645206298,-0.04973310812800952,-0.03588005170827816,-0.034371246500685314,-0.03913150568538634,-0.012948103602649688,-0.012419736404615677,-0.01684494872930699,-0.04739609745184977,0.005240691875708115,-0.03915215543203221,-0.0420731541591124,0.033823898907264144,-0.0487468469947111,0.08374962975631384,-0.07039323289298066,0.014710828592020986,-0.01349209739924446,0.02482416405633002,-0.018118498218151438
lateraloccipital-rh,0.018953296194029853,0.06928381442929966,-0.053314701939657996,-0.05967890605147949,-0.021122655674502177,-0.0014039118334139337,-0.020726534875015686,0.022880753722365248,-0.010627890276908908,-0.023453440304552906,0.009543192394655607,-0.031290403093807,-0.022027433410999445,-0.025691882287103056,-0.03666661135255372,0.04512656177225601,0.05083378164985668,-0.004908821094452473,-0.0031588887204927257,-0.05552511299941607,-0.07312930258792172,0.01098453293441179,-0.046862283541931886,0.8535552446067651,0.008403168797191314,-0.004775591596205306,-0.016578076002662184,-0.0716036396043138,-0.015084648637833048,-0.01672603956549855,0.00014499088190618898,-0.046289526513346814,-0.00038188284283415344,0.007748741081568948,0.007501587339925724,0.000559155859581897,0.021970261350147707,0.013355554895499035,-0.013681537966147968,-0.018896596888493267,-0.03499797499285291,-0.05299453149267583,-0.010054374248451582,0.020923631840279514,-0.05286965518195085,-0.015646189278127942,0.006507296727153442,0.0452494989889857,-0.047947401363010095,-0.04465505670164784,-0.03881136462509593,0.0660901687946284,-0.05013536605264299,-0.043743858311327086,-0.008558112923469514,-0.05592697776982821,-0.006843279274466176,0.017559080188611707,-0.07234150352518313,0.03534812645554455,-0.003703458924651081,-0.04486073550314665,-0.007624430568455651,-0.051403222970790356,0.039147230365056275,-0.0504210797073195,-0.004121249146639507,0.01959647095355681
lateralorbitofrontal-lh,-0.03134635298572424,-0.0200346844433118,0.030120301422648852,0.023487705175829966,-0.008757230721228903,-0.03472092465384732,-0.027578766701698242,0.008298345770014873,-0.03222599105431893,-0.007652508155014832,0.07197037406751831,-0.017209579865537266,-0.05408703869506357,-0.02687374727664015,-0.025792144704966397,-0.025670549313563426,0.00012638555508212346,-0.03335518071552185,-0.05337522349194804,-0.024560352255910786,-0.045812264792244754,-0.03523021596715008,-0.025267218022973114,-0.00477105394665665,0.382384252158483,0.09752607148689296,0.01674907624611617,-0.020910418797227857,0.12080817149520506,0.05007829613946782,-0.15013379317910452,-0.018098023193416676,-0.03653020651621863,-0.028058826178252293,0.06063944574319319,0.015710645031459216,-0.055782118659657175,0.08220272160978993,0.028332848732698347,0.001563060384425276,0.07800669945877817,-0.014616471856309808,-0.03439205392969691,-0.028125466277783312,-0.05492237307307527,-0.007140962259739857,-0.008538106919052173,-0.02941827384134959,-0.055989385736159504,-0.012830947339248645,-0.03333015423379929,-0.02177059044263584,0.07326867741631987,0.0778831455606233,0.053570783421900234,-0.006164544773341765,-0.03118005431192581,0.030573225678420222,-0.0371133809290959,-0.03449115337850419,-0.1007593370235022,0.030240937182321674,0.0119666737247699,0.015708325261728925,0.02946626091460161,-0.03611455345910976,0.0014915053108261651,-0.0014417108775879631
lateralorbitofrontal-rh,0.031809087027082066,-0.029948279678121928,0.009988881964426629,-0.005664910921263981,-0.03505042572052153,0.028694558902334303,-0.032306315350676594,0.0008708044973134877,0.025674789197860683,0.01265819221174574,0.06287963556708949,0.022235090019786925,-0.04179294722378878,-0.03557433265617758,-0.04297460746928633,-0.04000210220540732,-0.0007332463397731794,-0.03079658030218326,-0.07157130197299041,-0.03272890528420433,-0.025164916852619786,-0.04273448153680811,-0.03569146319244067,-0.014841486708148442,0.08578478073672684,0.6778616923612636,-0.03219382343907161,-0.04824051611262447,0.09762260662301381,0.1384731272844388,-0.005917606831461455,-0.0504881886346062,-0.06928655987596184,-0.0314115877709528,0.02869819605424602,-0.04320487061108045,-0.02440927875819827,0.03747187635500949,0.09539177383495365,-0.006767614785320075,-0.03493151634659136,0.004986573693975207,-0.04073162590637025,-0.06232442115357966,-0.03226766211346024,-0.039854919008222155,-0.023516043922486227,-0.04471793129722121,-0.04446769662594044,-0.040094818631241355,-0.05211841451756586,-0.035993252513674,0.07049406632209458,0.05780169632447262,-0.02459915511274872,-0.011120106172496964,-0.04584140062449255,-0.0008244938804177354,-0.06013441056302666,-0.07166111268434695,0.003241046938762265,-0.01979275164159304,-0.01491912940901068,-0.025135642653207974,0.02607493972769255,-0.019223173686377732,0.028421661801246365,0.0266309512522262
lingual-lh,0.05362546636507829,-0.005536199086440133,-0.03633173633610164,-0.03963045630906487,-0.02983745793014185,0.008244221368283709,0.014148228964581002,0.009062964315635016,-0.004010911423875121,0.0001307922717390748,0.010545166698196282,-0.03859812578042221,0.10654145277204292,0.12268897680417871,-0.004934549178536951,-0.04142243690523686,0.058154043083021065,0.022095131132307357,-0.0364900843094,-0.013381754674548245,-0.031164409524044066,0.05417070039105065,0.009624747734091867,-0.03227377896577096,0.008391461383045947,-0.03547737337956034,0.34944174603530176,0.11863116276764775,-0.017413530306668316,-0.02018293017542764,0.06508953328596087,-0.03580988462265335,-0.03453343139435181,-0.043012899435160304,0.09823320895195965,0.10246606486902307,0.012432040900626521,-0.022274473752954563,0.007975016171311786,-0.025446925050703423,-0.05142710254522467,-0.05510925257694965,-0.006039168911737729,0.026119184429554756,-0.018429355752384417,-0.04533829169591718,-0.05878287498568767,-0.039181130907776855,-0.05362687472758134,-0.055036372115480764,-0.0189780526026277,-0.021880988863653965,-0.05706177021253383,-0.03899208032071547,-0.045595709648801226,-0.026702216670879853,-0.0420934791476893,-0.00034901488174979316,-0.014126268635380343,-0.02249165600199354,0.01311717675830706,-0.04990708465597049,0.0363279756172283,-0.06835456597791359,0.07417599709147607,-0.03857098179947728,0.028613843702085934,-0.0342086616845461
lingual-rh,0.01208426149341313,0.015817312814810372,-0.03918422394376047,-0.04398483658820716,-0.05028800408583243,0.009630643754754182,0.0071290110531698255,0.029347435601901218,-0.02076731744310999,0.028886118520616122,0.01994168458807151,-0.02163785219381419,-0.017703021574244877,0.1317384536005245,-0.008777802515868538,-0.053310240575379364,0.01955861642415047,0.05897269290240096,-0.05343336381547934,-0.015173715111008951,0.029595479512205425,0.08087540058509145,-0.03245722013169069,-0.06773911936783887,-0.006312099964844245,-0.040093708233142615,0.12773236626074502,0.5568189026592552,-0.02055953050670795,-0.020959251603317797,0.06055921754819099,-0.025858384898188303,-0.03219451070576498,-0.042494218529047396,0.08846727718098671,0.1731886173327527,0.03665946260272306,-0.021138862880798328,0.03458331676681145,-0.0496045575585657,-0.01647361505062528,-0.05732122280967416,-0.04097199162582737,0.007874014089792127,-0.030460024444418837,-0.04634873984858654,-0.06731177138581446,-0.05674601288191701,-0.010404821466959091,-0.03804047892594222,-0.045889426858996496,-0.010647484521142192,-0.06089382540801204,-0.03553138461048425,-0.02956394545012762,-0.05330937901721933,-0.051344920921077904,-0.01003001278882428,-0.042219530882016854,-0.011120019949012135,-0.023253894433757843,-0.0576383344722248,0.007223611146613391,-0.04594048716965988,0.030002554819132575,-0.040383241093677545,0.01795224776416908,-0.019122290779671123
medialorbitofrontal-lh,-0.003789398683505239,-0.0006961109060748038,0.036417346513939845,0.019820644051885588,0.01770923949227239,-0.004472201619153135,-0.03268108252163372,-0.03342910623473564,0.036300025065312866,-0.028457430473247336,0.1340814489263072,0.012861861724805187,-0.035988510503456785,-0.03215599968881583,-0.028446189730154506,-0.023543834369519307,-0.0458789699456913,-0.08371118686410162,-0.004454014702477374,-0.008305325975343182,-0.0023879305584353617,-0.04176061801407152,-0.02926690073725906,-0.024507129386604556,0.11472047994178841,0.08132411233983891,-0.021128642341252776,-0.03355123868167683,0.39086097752007637,0.0743827419293619,-0.007124667235208501,-0.04284224492369493,-0.02524865861938035,-0.035357292277710284,-0.006289459589157021,-0.01236156822942501,-0.029730572181288502,-0.029890359511452566,0.028781446757497983,0.02355941323670967,-0.013945652565891446,-0.020950229720613046,-0.05199358003823375,-0.00847182076394751,-0.03152812960359428,-0.03810770336742787,0.020897053402448632,-0.028205324496387903,-0.029671004143154652,-0.01859701509501833,-0.0091558416106893,-0.007391378998451729,0.04958706081153364,0.019173204097061993,0.07940156430122146,-0.010444527881101234,0.058294558180756025,-0.03713376504441789,-0.03172666249660769,-0.023772238553944114,-0.045197824501938245,0.0011818717242379562,-0.007900340408477403,-0.02799906970909793,-0.016178531288155107,-0.027262589722246277,-0.0028687773459920678,-0.003396398157141204
medialorbitofrontal-rh,-0.014698264754936706,-0.025576867863894508,0.004289658083358222,0.017209563721622766,0.030981698578641408,0.017274148235865518,-0.023724502309028325,0.0009483962353816901,0.12115693246614705,-0.00563986171557427,0.027181840921216487,0.2073930774430556,-0.04327930570417189,-0.028144598471811853,-0.00515457399857619,-0.03244893807488592,0.013119675358325904,-0.05348902165586686,-0.018081614644218664,-0.015138206678647896,-0.03155247237145007,-0.003781659077830066,-0.03922912749825781,-0.0405102524257801,0.009653282347476033,0.08905038492058359,-0.02915753465787463,-0.04370604235817066,0.06271786535293286,0.4372242521650943,0.005777199634646864,-0.03780990315821313,-0.04206503666551236,-0.04751494129642116,-0.01621288961634207,-0.030483316417462696,-0.007853894569811434,-0.031085506813866397,0.016478905280302963,0.023885374597807853,-0.025052662428161333,-0.031771707869713416,-0.0409139493282139,-0.022672834590473555,-0.029111599355126024,-0.03353556524014051,-0.015685064232729033,-0.02593755334634367,-0.009226041399275126,-0.026733015606681735,-0.03669102279151959,-0.01077276381670881,0.03694576518329134,0.09147675659502803,-0.020664381690901925,0.0019389106236305212,-0.0009588330826804391,-0.04739502227258348,-0.04124935071781219,-0.038503112378330644,-0.03214050466858307,-0.00544146068327245,0.0027311253853663127,-0.030799691978108338,0.003094569685425818,-0.01972615583187656,-0.002676175245700538,-0.006532581461659041
middletemporal-lh,0.03813131580204711,-0.0207757425590667,0.017599545440653962,-0.01529963292004368,0.009809326190093472,-0.01863183486725676,0.007947751014761159,0.021826582973118566,-0.025486143875918996,0.03374896734700721,-0.054760472676934485,-0.005353200207221934,-0.06198041473973279,0.0783665029264002,0.05256022804014537,-0.015058172794436631,0.0512407497387788,0.007095105404225569,-0.05372861465452515,-0.022546117047569897,0.0378745680754534,0.03091479799702103,0.08169387268961244,-0.006297542207488236,-0.24256426877317444,-0.024449644982295043,0.08439523500130452,0.07246357382051306,-0.012285996816732935,-0.005021702842184183,0.23953271460060674,0.0032894613197825846,0.0014243135127777545,-0.0030353959230816647,0.08985029175478135,0.03708269832668426,-0.06165295058199392,0.0034123746343621662,-0.12377200294998274,-0.03001322162549065,0.014756834133000624,-0.01170559573809069,0.008419522963080251,0.0136098377388731,-0.022466425010258473,-0.021250649561727033,0.011877205584046835,-0.01737862049246925,-0.0008370925834335881,-0.008443449453684115,-0.02166254087715354,0.006593713517334425,-0.012336366281429922,-0.053745755594682185,-0.008581506227098619,-0.006007913432597857,-0.019656448621307134,-0.02011612214771955,-0.02432392605084872,0.019100503029731115,-0.07573206495027747,-0.016103479025789427,0.061011869005115904,-0.003179704672356603,0.015877441771827046,0.05580377950957571,0.029936281321602514,-0.09100623141826318
middletemporal-rh,0.060095469027900375,0.010264725613399854,-0.03318644130867755,-0.04212628443885988,-0.06153456468631462,0.009340055834832198,-0.07310220054092256,0.011544707670310388,0.0001734464571045532,0.0033731132848119198,-0.01392237067306556,-0.04290467016538849,0.015949565604399085,0.06584763400499075,-0.031968470691333,-0.022891488813033847,0.033231545830588086,0.10746810477534997,-0.03708385354820273,0.009086524193822134,0.046935010689554746,-0.005784914616260047,-0.016741915694811232,-0.04557676095001724,-0.0010649332066159818,-0.04192978704891224,-0.0167841041359845,-0.004146960426140778,-0.033711397562965414,-0.013321690456503613,0.01534557529052739,0.8426094380126935,-0.05184833063639823,-0.023790076710135517,-0.014638942510384263,0.061458624695012384,0.030576840756034014,0.011727891007603417,0.0005486799109019882,-0.05565780830740965,-0.005748320328751556,-0.06773513257089595,-0.07776918772830989,-0.0010881157762912446,0.014825695599647214,-0.02481181747285249,-0.05755996257201959,-0.04535189343871574,-0.02545076216750997,-0.025289153695650202,-0.06653380668329195,-0.04786743617925952,-0.04347020124467379,-0.02822887968421674,-0.049003015518114576,-0.047939076792624,-0.0458508112453442,0.037244293293437376,-0.04679658026510418,-0.06443606436130983,0.001803981361283506,-0.027191070526316672,0.016184144338655816,-0.04151651041532989,0.08461695476690526,-0.0032785796566458052,-0.0043805431520342894,0.04076286658383301
paracentral-lh,0.05200641430939194,0.03944370961792164,-0.062079043197346445,-0.05942333615885296,-0.04631146773636163,-0.0075408055669561585,-0.06631297950805014,0.026829211441629083,-0.017102756900406083,0.0027481316450172536,0.008284499799126254,-0.03669726220243739,-0.037796452871048596,0.02186342981724605,-0.06445430970506671,-0.010165208013645205,0.10136765112021229,0.002804260458879045,-0.03873539147145199,-0.054330350194086274,-0.04492533038022709,-0.03433171278036752,-0.06635372591062691,-0.004239958141424352,-0.029553313532137134,-0.06734893670806463,-0.013312776082266132,-0.01944715640908341,-0.02222107082944689,-0.021027865398795195,0.012465644263726506,-0.059562167640185244,0.6875913226344479,0.14505654314914962,0.00977132365494127,-0.03530226254707207,-0.023214223008731816,-0.02012519775176299,-0.032558363106909224,-0.06392083131880932,-0.047431521804028036,-0.059640615349336096,-0.07833747402389024,-0.05128745605557141,-0.019746683455964933,0.052812812303202665,0.03148476705702542,0.008238864320432427,0.04594687940790251,-0.04564946183493632,-0.003205588203345398,-0.04506862612303814,-0.035306376763792634,-0.04360073936957512,-0.02114610888195425,-0.057905215206209795,0.12970561929290206,0.03912296376980838,-0.03389078885824635,-0.004414214536136904,0.04062167312687967,0.01407552817249937,0.026339943160269347,-0.029015343833280798,0.0520337044196506,-0.045811303628916826,0.1301610276216349,-0.0009241515640532763
paracentral-rh,0.017618942869393285,0.0039613435458425135,-0.0131320245649658,0.0008205072776890872,-0.05555837991574659,0.006870651793330285,-0.06378957168053795,0.03901888013297096,-0.013529530349715222,-0.030401676028561586,-0.012086504550911184,-0.04427503183165997,-0.022903784308484453,-0.02838440958557391,-0.06057926168750703,-0.03353268415739128,0.004204775859017023,-0.032212372016678696,-0.013164296839405659,-0.047129452851457795,-0.055394670731495184,-0.004390663444826331,-0.043713252766670756,0.015723477693283406,-0.012394157456076292,-0.02977568413970615,-0.02062776874836524,-0.026794904271232555,-0.023685671360313305,-0.028436276411683097,0.011645961727242832,-0.03500685173771262,0.20440312238383523,0.8112744976449245,0.03855481619284752,-0.02485075512844955,-0.008837645094105357,-0.019265693386081226,-0.01736641526849019,-0.035251872540738007,-0.040190343784850945,-0.06225019506188557,-0.019573731463562095,-0.007541093691934308,0.0036471869655631674,0.0077173260779638065,0.04473931916653383,0.07005895567072869,-0.06953526065273598,-0.04672574696646306,-0.06013114181542711,-0.04876820000585067,-0.041854402674599826,-0.029571078544914902,-0.03403968645722364,-0.053809586071274035,0.1370721628927733,0.028582717504615506,-0.06684144731132041,-0.037327349502176685,0.012528186664190798,0.015448262413513459,-0.022033959397889945,0.0028044921706061564,0.015072307417961155,-0.05535890290704034,0.018801126217121707,0.04145436888174421
parahippocampal-lh,0.0702702056121236,-0.012932551214100405,-0.015211379290202293,-0.016588754829569532,-0.025010043497989094,-0.009560534330580425,0.0024681954827661837,0.01551599275603152,0.04506408087052528,-0.045821769827659044,0.005066047438190642,-0.059602145678895095,0.12920154336758796,0.04430858039068297,0.002137857313439849,-0.01637593207208311,0.06928640985905826,-0.052745319838187886,0.009143976127113559,-0.01355565167119611,-0.02348182409077018,0.02884599566867333,-0.0030434504956856094,-0.02208770581113319,0.04216717979771784,-0.0013791497736443433,0.08869621064482865,0.06790282640149738,-0.011850763727171917,-0.027386048963041563,0.07807544261886269,-0.044569526821482346,-0.02298730805411201,-0.009056990482702905,0.2821002752473216,-0.0007311574608727064,-0.018987602174378518,-0.006597120629099708,0.03468815906645206,-0.01986700155507728,-0.040524778831406164,-0.03178440221622207,0.0007804020801327715,-0.025920358303193388,-0.02280573086369662,-0.054814066537565174,-0.017513747066324616,-0.044161106024843556,-0.026707128744906064,-0.021233566530726108,-0.030302840902702643,0.002368131602467039,-0.03297030597208242,-0.04481779119036426,-0.04263749171593455,-0.045018019405240625,-0.022452416675034156,-0.04035807875470515,-0.005993803975364899,-0.015374205001878638,0.035643960685249595,-0.03341974772294759,0.028476948838890122,-0.039914396823064024,0.07579208755755869,-0.021641274174301436,0.0002842318423701398,-0.0184897515474022
parahippocampal-rh,0.00904001376599993,0.005584001787297716,-0.029117229664183942,-0.034605324014103336,-0.029283379386717358,-0.005781791817203463,-0.03500719554924717,0.013491304260240068,0.010810355520817537,0.04401991910664748,0.016172248784620372,-0.03766462697295815,-0.024926926210132202,0.14037781332954752,-0.008620980543585174,-0.05571247262236804,0.04826168755810354,0.043550711364911954,-0.05334842033967935,-0.006997381559953811,0.010771131628667179,0.1144433217609642,-0.0108630447069512,-0.02541980040523431,0.023652596983034176,-0.03990304519389348,0.08553022526138748,0.1491779320865468,-0.003720328231744838,-0.005840140839530794,0.025118821768218922,0.013182573150027101,-0.04686521271588476,-0.038465127594323786,0.021462451375852766,0.5088374340823305,0.036072462527695186,-0.028534589536361368,0.006596728367134965,-0.046233220663422454,-0.03581145690980133,-0.02802846531358153,-0.030317921564809273,0.03704593805542834,-0.017442948366088076,-0.04402745262201337,-0.04510530360747445,-0.032681903686505316,-0.044613414516236315,-0.04583632740808529,-0.02832587888428894,-0.046275681839722436,-0.058027192923974166,-0.022478855995377408,-0.03522421756820676,-0.04588827168229001,-0.028195591668489367,-0.003691990163337295,-0.06080477410977558,-0.03658782000775554,-0.016461793567356785,-0.04140612465390876,0.017750975019771843,-0.05179058302310958,0.047917251052145886,-0.044095665366924455,-0.006501875661004662,-0.012336148919795618
parsopercularis-lh,-0.02575234533634897,-0.02034446161651583,-0.03252556029175892,0.0001511567514169219,0.03864101733812604,-0.10626024747726175,0.01882664465723897,0.04557171284638433,-0.057509042029349124,-0.012855854477851664,-0.05707045986488058,0.027721230195689422,-0.024585823112389077,0.03676145153799622,0.022833311489757525,-0.04512896239823229,0.006786337210538165,-0.012334735532523582,-0.020298613061480175,-0.051377743676426106,-0.007022459946842739,0.04226647850389459,0.018912348699772374,0.018527157401285625,-0.10092366266114207,-0.04654570113021065,0.026501929260306912,0.05516849834309101,-0.013828833550040075,0.024398836969657032,-0.062363821108106836,0.016859606324338684,-0.0319398687878517,-0.019662193198069524,0.0062779620760510385,0.08055467935806362,0.7376163450291178,-0.018881809798835053,-0.10884372587328398,-0.045063179410698095,0.049960969857557436,6.232322287775451e-05,0.011160064533593413,0.07000542888327146,-0.02291851088616401,-0.04578818571487664,0.029058540269597238,0.010956434842167169,-0.04012823086579883,-0.032884286998548645,0.0008196964032897583,-0.011758950856434134,0.0210821472008686,-0.02583357236944944,0.03383158765490121,-0.0025680344452981537,-0.03529255687622847,0.021316895658747368,0.001244380669000751,-0.005312667502309654,-0.1208412094929479,-0.04087603004355814,0.026168614970037144,-0.022617539216222296,-0.044944679193229684,-0.03164253400046791,0.01254767880875305,-0.10806537416575604
parsopercularis-rh,-0.01778681693862915,0.035773011967801256,-0.04460269579148902,-0.028504538492032036,-0.01915277902951734,0.015693658061128653,-0.02660209744015906,-0.09393477261057354,-0.026903010138304442,-0.027649934264088225,-0.0662755823243041,0.03628942507532043,-0.00233329413955379,-0.07551342413469933,-0.018796336389813026,-0.024631381239884693,-0.08307809259249772,-0.12295103355639714,0.020804777355431778,0.1067677265731239,-0.0010702624311205813,-0.007970191726812993,0.005360675657905913,0.01208807424333408,0.11112938623267128,0.060491725952235814,-0.02931050600520893,-0.04710276909626081,-0.03674040975486797,-0.02730357336801097,0.0034624300457004134,0.00024502617264765206,-0.027706037168471007,-0.023498042259856126,-0.0016842672247490268,-0.07190390879263259,-0.011909725263786912,0.5060894808277403,0.09253410836226317,0.0863665910796349,0.06400270065730126,0.05374846800158129,0.016572994907786704,-0.054321311719653265,-0.01930580302339706,0.015875384393111914,-0.03348560313605279,-0.016806237183495675,-0.01102238820519415,0.014744080370056242,-0.0015893661724452203,-0.01893221827807753,0.004210097419369032,-0.0012521199994583814,-0.05997932622940822,0.0804493969242793,-0.03268179162122088,-0.10803880021116774,-0.029351244145283832,-0.015901112164743672,-0.021095934200740022,0.08182286668201157,-0.052893756666209615,0.00916922948218442,-0.05721364918975082,0.001941678870435477,-0.016855529575095167,0.08000867858005795
parsorbitalis-lh,-0.09755935627860171,-0.015261586867007435,0.0779780670946046,0.024041073197325204,0.0007392312309944767,-0.062329842655950304,0.0672595441727504,0.027445347425569287,-0.011958656566561313,-0.016073696414613488,0.012263597438953038,-0.04268791651297202,-0.0433120745647738,-0.0038458982709791115,-0.012362403946131379,-0.02232312253167783,-0.01399581281261426,-0.0374344715232469,-0.07512306942311826,-0.025829039841815032,-0.03887242635010078,-0.014420593144211118,-0.018701738752677978,-0.02735175303937488,-0.007989529634979372,0.0901572157970232,0.01885850036570461,0.04165470247694306,0.05709621716666062,0.04268601222526406,-0.10905995615529192,-0.01397863463393916,-0.04031161697055728,-0.0289870116396305,0.04865210180041941,-0.0019270202828901247,-0.0855216776653977,0.053424085166276385,0.5158531870926832,0.08454117850308039,0.042982202992028845,0.04728235314573946,0.009427086237206905,0.019281877293220662,-0.05138308987258682,-0.01625240803144767,0.0021295249714879017,-0.008768601249143462,-0.05062028009098459,-0.03178204946517088,-0.006718648385935799,0.013218079379280235,0.014142132694083924,0.06916535038700128,-0.022184420157705713,-0.012183914934679107,-0.033825249225856384,-0.019783892228615603,-0.0018865570210952073,-0.04348829984612858,-0.11352894256408808,0.009396136293174831,0.0005978542521618914,-0.0017346804660134817,-0.02117793488643823,-0.014401720048849046,0.005305891012367174,-0.07863895485815289
parsorbitalis-rh,-0.0020428620849527817,-0.03992715977208384,0.06732706621945718,0.01875889487079027,-0.05454975530198531,-0.0007935228265472318,-0.03564401731565402,0.014370876919919146,-0.01930998890738887,-0.007587800164544836,0.06736685740014918,-0.0382545278159577,-0.04567955060587188,-0.02397004953498426,-0.05614221447874379,-0.04692358930857428,-0.002168471169915,-0.02405750046393055,-0.07258793852039853,-0.07996947457085095,-0.06817341865658874,-0.057108916471325696,-0.025546074796809173,-0.02640368531048352,0.0436847963609933,0.02155665213699259,-0.010926008710725877,-0.04919872997894886,0.045310186991738305,0.08239197046481288,-0.009277810860234936,-0.06168666140947911,-0.06720462610217047,-0.04252698515911623,0.012419442921982547,-0.04699450311071043,-0.015885055889604226,0.088980188903418,0.15474081396808873,0.7578997955813,-0.022913282702889722,0.09958174390384762,-0.034001194812893105,-0.0662214621669123,-0.06604765085631732,-0.060584019079064265,-0.054333084750888286,-0.03976026252111259,-0.0553130769495767,-0.013543168996071478,-0.044792201096002564,-0.0286387323496503,-0.0020917488033837814,0.06435345716024815,0.011336094347214862,0.025756844382632888,-0.07230036904232028,-0.009342450397304735,-0.032269557276692236,-0.018694311543345055,-0.0032041178777447664,-0.035189833908471774,-0.007576807408910991,0.03977023851034641,0.09432557596733501,-0.008859454628262587,-0.03989265427194005,0.03617884372706885
parstriangularis-lh,0.002994334178438678,-0.012557837677279419,0.010373785683622775,0.041793076298817386,-0.05074629528544756,-0.00015947355445200968,-0.03612207010318414,0.016563133282962786,-0.03897994695569265,-0.026476043143672585,0.017825379505670376,-0.023809010236895696,-0.04605117879490297,-0.04089619499645014,-0.042817729541363106,-0.038196603056384906,-0.016630261760862637,-0.028741498190798114,-0.05135729134409002,-0.030312442290024652,-0.015218675083664245,-0.059471329164595466,-0.00409853152101408,-0.04754953424895788,0.12351454311009624,-0.019331336422632777,-0.039337931457166214,-0.006098154487986531,0.008298808263880905,0.00758200841289032,0.05074011393866852,-0.01035630083391485,-0.060105070648334966,-0.04935791348815767,-0.01138318092970376,-0.04611642984394091,0.04702358742242793,0.07601289305465926,0.13694878638455146,-0.030769206613870514,0.8790286714645422,-0.03940833602789841,0.029146195330202865,-0.016817717485183077,-0.0016085215296699042,-0.020948645597176217,-0.02790119959420679,-0.05077472299289609,-0.06270584529848984,-0.003564689195809806,-0.031349471545084114,-0.0311928609385384,-0.01761404486647695,6.469231183996208e-05,-0.012039044633998873,-0.040457369111511654,-0.065716630119247,0.05908448612605262,-0.03601227010953544,-0.04783992681387512,-0.031031173333106232,-0.025975419733108136,-0.0009755750518211094,-0.025982632354470632,0.059113490491775486,-0.04383846389614404,-0.046654697294370155,-0.0026512560630412465
parstriangularis-rh,0.03506206069416058,0.06104401997823198,-0.03365096653554347,-0.04359429288006646,-0.004262607075509421,0.03990855218077524,-0.006706186778165575,0.008594292129822599,-0.041398326758220846,-0.009888603242674527,0.07448903841627554,0.0009653065866481389,0.008415093944114027,-0.02849410141880119,-0.04851167784551373,-0.07251551652887728,-0.025103507538588508,-0.016884033219514722,-0.048572529192180726,-0.012828397794592102,-0.06399025460741309,-0.06029041657980216,-0.03185725070594799,-0.04264277014849718,0.001979266456738991,0.03593445582666624,-0.036681803976178116,-0.04574847900700079,-0.002417622831670717,0.01702295169341597,-0.0023587272530442975,-0.06612954136550633,-0.06150148832842618,-0.056891272273984834,0.00283865071581302,0.003949212180236017,0.007928607872911083,0.06384982628830435,0.12185233402450492,0.07482496814405958,-0.024012309994447836,0.874805044661311,-0.00023270274480988163,-0.031780537685857736,-0.07886425503297328,-0.01658414022777185,-0.06831327321289973,-0.04287047577201378,-0.0668021992659243,0.027689161136744907,-0.050490049059110136,-0.07562299709602975,0.0036140519965506077,0.057648204114044026,0.003308417603340226,-0.013656996669138962,-0.04782538443204398,-0.02182657563636736,-0.027202860771144727,-0.04923102866385626,-0.019789338330816936,0.009857604365151911,-0.04084603567469719,-0.041789259259616,0.05287935977590003,-0.05333297829043639,-0.03428038964319074,0.0798136805631461
pericalcarine-lh,0.050516665213910086,-0.03143032928952161,-0.03197579027308511,-0.006824034690980195,-0.028836387134135423,0.011118143544995181,0.04847246132078721,0.07042310904392976,-0.05162846452582233,-0.02533409087047884,0.0293903706796722,-0.02545489847521791,0.05153293278854957,-0.0013032027800081215,0.013931885293627082,-0.050948808673198426,0.0021992218693959354,0.0002127725348324559,-0.021021932761292307,-0.04198488481445706,-0.07541490933057703,0.021041662817124544,-0.05008596886445944,-0.00863632377316021,-0.02168422305740521,-0.03080837998040892,0.03862621569082874,-0.01436582121262816,-0.04222728349284859,-0.010640559867009913,0.0300949361628502,-0.0765410121759538,-0.07528381360569646,-0.026965971749335228,0.0612673566242594,-0.010071963773783419,0.014907567603711239,0.030318204347846406,0.03615146140844848,-0.037414843889902315,0.01968935307678757,-0.0034304108996122077,0.9605062018215309,0.015806810416452054,-0.008967780729374238,-0.07342716003589474,-0.056236870514896335,-0.0406317813191999,-0.057050065789038894,-0.07505590363748776,-0.052146174763012754,-0.03818047570894841,-0.03799057859451001,-5.851734845270377e-05,-0.010678270185987477,-0.027093258618631107,-0.037703213059443484,-0.01546334382620251,-0.03896584130968491,-0.04199969972264464,0.010251960776678884,-0.0632117683780066,0.02454101980257534,-0.062371300538037314,0.033544202655051064,-0.07007103374357523,-0.0008048774355751875,0.033877709725738184
pericalcarine-rh,0.04146542628646775,-0.012785667528568799,-0.05722110451338292,-0.05213227213184553,0.003554252063950992,-0.007425900293235596,0.039956185018669,0.10877799146177981,-0.029989324179242643,0.015353662498691793,0.04103044746581826,-0.0360043267665305,0.0017290815196740546,-0.016894429116139642,-0.021140525107920295,-0.016623678029626224,-0.00030340000912897763,-0.002230803270580133,-0.012083378194451731,-0.025690448160951465,-0.002423107697147825,0.017334036656349392,-0.006233141601117815,0.02081035948287316,-0.017174951278960706,-0.058866558979896184,0.04763804860080161,0.024267915340948368,-0.00029777345017444854,-0.0011795251746399811,0.011328399929224752,-0.016620756553713555,-0.05379829182464162,-0.021319566500816182,0.003556382929276821,0.0762546215709986,0.05210533112171834,-0.024641152782984458,0.031581627735451215,-0.058989531962674216,-0.02153742266592495,-0.040072474342296015,0.0024292769450412624,0.708790776326542,-0.029558857427430654,-0.05311832462109178,-0.016760486251208948,-0.026853067780664916,0.004842434516621769,-0.04388570759612261,-0.029995874730425906,-0.03793237244214908,-0.049488863572421,-0.04067600045375575,-0.009177906019691835,-0.04079743424484681,-0.0281517564447593,-0.0049633249749842,-0.04451832948066234,0.021243024652672624,0.020019778854238845,-0.07076246771438972,-0.0037297503719189674,-0.06250878077723866,0.01858769262145878,-0.06021760466046539,-0.021997311437818294,-0.023883020480630634
postcentral-lh,0.06936042077404828,-0.034157359214385286,-0.05714834781718162,-0.039381526456965445,-0.03777860203603426,0.023534561982382112,-0.05160411184139753,0.034999075530300815,-0.012248343460921506,0.011773959380131482,0.01060201515022084,-0.010501998721391818,0.042600611216882384,-0.017841178991403254,-0.035447631084306694,-0.059981454583624666,0.0676913274310048,-0.027711477697925917,-0.016205522964414874,-0.061127651392839,-0.023856001021115254,0.03440969266625927,0.06938389723568443,-0.05848347424989153,-0.03730961507268133,-0.03026229354434125,0.011258588719124435,-0.022331016785911796,-0.010519045645867853,0.0012183531292655927,-0.00965331302272573,-0.012251732882290192,-0.02240323056400848,-0.00840381848146339,0.017599131819407466,-0.018898460012792245,-0.017087696947025385,-0.01173989380793448,-0.036766727407282866,-0.059966881091398236,-0.007518876555257621,-0.0790199530233032,-0.02111922236683969,-0.02493056395321692,0.7125856892657706,-0.03185898678674714,-0.014629558255433136,-0.037118702479805456,0.07347361270415448,-0.036309054695811645,-0.010007049346916553,-0.05357906458468846,-0.01914871277622673,-0.01648071167642687,-0.000986552188637105,0.028310036968266585,0.037159484243494134,-0.004961653811733978,0.006637533301978476,-0.05591790582940011,0.00741027711988531,-0.03721904666474268,0.09141593775589367,-0.05188777384975224,0.042299099862985155,-0.06278266822819119,0.02221826245693387,-0.009397104841421595
postcentral-rh,0.00863536559469885,0.13679830381158992,-0.05521160298105579,-0.05617322594181805,-0.05677759421651337,0.0031224375974881207,-0.02879365714027017,0.02876224762022419,-0.04563215837088148,0.01312178617467742,-0.022831811666598915,-0.01972189126201126,-0.04952106625624575,0.021121493258296032,-0.05613899686129992,0.07779532554965453,-0.012967249426866514,0.05263876820355227,-0.015676864969485792,-0.0068697432592341725,-0.03425406107687154,-0.07050900227528255,-0.06746767029885731,-0.008912622091796716,-7.696804478248229e-05,-0.01625999009208742,-0.02277017633715041,-0.03456106366438287,-0.020032308374606223,-0.0033628156165435067,-0.017351356364624582,-0.020940982998040425,0.06291539908090624,-0.0038405548763755337,-0.030960753430646838,-0.027945817587789128,-0.028112073652447944,0.014484980608984548,-0.010374851402099391,-0.054027778424515276,-0.018680221817337934,-0.026258933048296514,-0.0771403454679226,-0.049181931824338616,-0.025845434783479004,0.7749710654414763,-0.020386522861770368,-0.026110876100691908,-0.022725660676270035,0.089097283040985,-0.05919225562899781,-0.043756465926697324,-0.02677501170816631,-0.031016095396132516,-0.038964083240620756,-0.012337891952022511,0.050272205484383777,0.0251965049354041,-0.07087801762771297,-0.05454406217636701,-0.01564295570162702,0.14594403743155016,-0.012520109373868956,-0.026264865250084427,0.016071646359936194,-0.06907802588988783,0.054749349397461,0.049678275822205055
posteriorcingulate-lh,0.05703448049965642,0.008453516595864808,0.03087360942934941,-0.0305637483415116,0.04152920377915334,0.05788354973209921,-0.0607961008074434,0.00532269809780916,0.027338720471604103,-0.001838026611415055,0.032860666700286645,-0.03984667831050844,-0.020925995431105213,-0.05230971668370901,-0.05028732913829181,-0.028965170372925717,0.035133524738998875,-0.005450231268393856,0.017232827098500506,-0.023182184465444157,-0.015741270279302146,-0.04249893803710257,-0.04058269251464864,-0.02099520996637445,-0.00036188148643271733,-0.024066763227545297,-0.05189958467846693,-0.06771963537486263,0.022686442027583523,0.018559633491553793,0.012184610499680979,-0.060938180451020355,0.013623808465646845,0.008761727716574083,0.014148969936344834,-0.0461471778867684,0.018743109615160403,-0.019034830641813077,0.0027312169485509087,-0.04949106326973274,-0.03475257881773176,-0.07023104884370547,-0.05610936540971015,-0.02236070976565553,-0.02760504181799189,-0.03416161418119325,0.8348167777437352,0.02450592497922742,0.017961642755574055,-0.035687141854329356,-0.04156703004456986,-0.05895677969608735,-0.022299970835777814,-0.009539818620691545,0.012893594784571109,-0.05306056794953004,0.015059324987718082,0.05686013533728781,-0.05206232558312845,-0.05824367216967758,0.0002275529408684294,-0.032878173713128865,0.01660473449306549,-0.06153164144543512,0.04889092536623898,-0.053830968381124715,0.041627309211838145,-0.016029380070255693
posteriorcingulate-rh,0.002702803954609986,0.04667672023464754,0.052684165565342216,0.13598066255197408,-0.007999983772893926,0.06291542227333843,-0.024531319353857117,0.009771841036175127,-0.00028904421137224357,-0.02226756853644141,-0.006566797538755093,-0.04164407626766124,-0.05321963693336995,-0.03348615540295651,-0.060504952589916075,-0.05329082660314314,0.02667989534193873,-0.027561100310931414,2.5498171256296408e-05,-0.055063497390659105,-0.05900211363217325,0.027387772280999492,-0.06134105245867051,0.04464052610796695,-0.011669688316088143,-0.03764421957510881,-0.026326381985382813,-0.053187803125082804,-0.0184759646966035,0.0016542164824489974,-0.021216492767561174,-0.04687652331717828,0.024713841249676845,0.07297923135679679,-0.022952530504466637,-0.014781386606576519,0.008866547439508503,-0.01324585981178741,0.018729270635091055,-0.03380900535651516,-0.040891875083202085,-0.04895361301717816,-0.035482025212154995,-0.02520535798586895,-0.02872305638139166,-0.03530163670335942,0.06534075398497483,0.9070831152015504,-0.029225182114203652,-0.05606231002415976,-0.057279457858756315,-0.06332355206551907,-0.03666198140863438,0.01683496294163685,0.006766012195825426,-0.05627082526757976,-0.030314529134419062,0.0601394954926626,-0.07202497237303014,-0.03919022647825541,0.000584772766681807,-0.06905336517743531,-0.01784325410281923,-0.07139419493553853,0.030391659408155747,-0.06004830415950406,0.055677559300171625,0.0009769545747319028
precentral-lh,0.0785592338281362,-0.025092832224286633,-0.05663904326761065,-0.07296898206810237,-0.003189264702246757,0.020325434134036643,-0.038147110268293954,0.045527641813903084,0.05059231077590923,0.04815951490989237,0.03364495629698847,0.0030358191950659676,-0.012918370181891339,-0.04529299936740741,-0.02339758727666499,-0.06882441823564511,0.0531883055087177,-0.04662516215544767,-0.05583304120292504,-0.057471039156835366,0.00812621546150089,0.003234356006582508,-0.0013314084394721254,-0.04366905450205324,-0.039868326177531686,-0.031053875405556867,-0.02502470385841319,0.009335891580880983,-0.005637455592035606,0.034846999610801406,0.02468587523484687,-0.020808517145766967,0.027431835027814988,-0.07091114278190941,0.02471112791242015,-0.04199584747441108,-0.018487349439171193,-0.0018408824932469826,-0.03405297721381101,-0.05002291550180757,-0.050040938143152344,-0.07110138108375727,-0.06780087137230047,0.005608354931944913,0.08051758314059644,-0.03916736835602167,0.023930096390482707,-0.02197413019022047,0.6960622370264097,0.020723854238342936,-0.019156550219214235,-0.04058119778011863,-0.054736167847055525,-0.03780697820465418,-0.0008126880195974102,-0.04429647231999144,-0.012843923072554875,0.035742669194251724,0.0629925493743219,-0.056289871547336355,-0.0066930750290558685,-0.045899553834446494,0.1234875580303148,-0.07062748504654716,0.03518552137520849,-0.06632883658110504,0.06891341763719581,-0.02130756385689312
precentral-rh,0.030828638779591272,0.072394782391124,-0.046783179908799453,-0.03107139524073877,-0.05170088168877082,0.033549927216379845,-0.05866814420779735,0.05200661308490805,0.007491146158308743,-0.020829177958497407,-0.025400506440184743,-0.02570049217066694,-0.04109024961469831,-0.03512988638039062,-0.07732557201112676,-0.0014937797451097469,0.02257323041822336,-0.013937592150440947,0.015065613249341641,-0.03935040883259446,-0.03900701373584989,-0.06972979760080046,-0.043863042479401954,-0.034515806068091966,-0.006384369714066725,-0.01833539866001573,-0.03620156938167186,-0.021195765447661725,-0.0073769755122948776,0.0021552324100206134,0.004218350542028348,-0.029710837390141142,-0.047524303795276016,-0.030229502495220596,0.027510283046983174,-0.020812976127557368,-0.020326599527295767,0.011409353108715435,-0.02137625538168055,-0.0065993983218991005,-0.0028390729513253178,0.020300492989452412,-0.07544120892401343,-0.03193136543784782,-0.030478761731725094,0.07450112261522168,-0.020981011441440652,-0.054038645575594894,0.016494244709822862,0.9272789032207818,-0.06274445465529227,-0.06981881765653371,-0.026454107095699946,-0.001908539400665482,-0.038457130846720616,-0.0380284037431066,-0.005115616560913049,0.07266554250675063,-0.030728832153768686,-0.025909827077468577,-0.011447043583339733,0.03930588321054234,0.01504118877232042,-0.037253631490853735,0.00597163547930692,-0.054840764847161695,0.04532176620759614,0.04400416304479358
precuneus-lh,0.016045191421075085,0.0005165700657000343,-0.03310858802986257,-0.012326069665542333,-0.053218469640248955,0.0257398646887961,0.02749715982770469,0.11698479614581098,-0.020363358590474397,-0.02260791185385912,0.0442279608908017,-0.023108247632807496,-0.050624908766802895,-0.009532056818451973,0.04873802029833457,-0.071811139958124,0.011157132065534486,0.00982518280523205,-0.021075404428413973,-0.013606532090970428,0.01488753092483444,-0.0060141252730632495,-0.02848741217907945,-0.04591943799216179,-0.023726363752827516,-0.040872933014562504,0.014354283242082776,-0.026775320242672224,0.0009640122449803164,-0.009265932317045339,-0.015609149139667761,-0.06599686371455783,0.002594700278295669,-0.06337339325881511,-0.003521063661290508,-0.0034635429790664664,0.007759964300354112,-0.00034737125768002664,-0.0007116070921160949,-0.04417123167359392,-0.020001597792361648,-0.05779037584555541,-0.055458124634389296,-0.017523103777307657,0.013152714243095713,-0.05784634321680055,-0.03893824344776501,-0.054423205677265885,-0.0024661121824664446,-0.0636804308057006,0.8173057962668012,0.044492237291644234,-0.043933797286894054,-0.02563984756512769,0.02236380902951112,-0.027986033809811746,0.008219154272690963,0.01918615566239191,0.09742355355325982,-0.00034081638740272055,-0.019982178679391196,-0.04388182334082302,0.015539156589730508,-0.07530793772385147,0.015698537905144416,-0.04416217900561258,-0.015364672635443563,-0.020308225176078287
precuneus-rh,0.0062207459586932365,-0.03736143847043571,-0.03953792840664707,-0.04063712031700258,-0.01126403933376895,0.01669033224474251,0.019246339720180913,0.10208777954622392,-0.010560696364179325,0.01888644800924593,0.015030415126690825,8.023522798543754e-05,-0.02725756319732828,0.0010888131032943398,-0.0172903366140761,-0.019102364334523968,-0.006310425816340386,0.0027345335835439527,-0.04151280503557043,-0.021675781376673343,0.015287811583044212,0.08344694828483412,-0.03134650502412899,0.05473806619589174,-0.012828345614455802,-0.0302947217898988,0.016613546927522416,0.027138970992400133,0.006045411517052814,0.022043992915104917,0.008049070448121188,-0.05596865376355764,-0.04655632577044734,-0.05309889114349942,0.03926662826935792,-0.03351809633745801,-0.0006262166606659254,-0.011670266312821797,0.024430003262448555,-0.021632015130388548,-0.02795453151521588,-0.07681595783760299,-0.047797485625201926,-0.044184921773109107,-0.050470633694481924,-0.049435366744856844,-0.06455237772433146,-0.06788503211453394,-0.04273479685691739,-0.07426456609854856,0.03215022581090545,0.7231140655723225,-0.021637002262498976,-0.014409787925410254,-0.017049079792971447,-0.05933410935878958,-0.02762319569140269,-0.0053819669582978,-0.03359529159103777,0.1608749535540491,-0.0032847793700753617,-0.03406521256710911,0.036057828786836256,-0.06580130604083308,0.0079005015173129,-0.05311238764289606,0.033808090560307494,-0.021591432718122208
rostralanteriorcingulate-lh,0.019471982420963378,-0.0292829864801116,0.09502319264455575,0.04338642091106551,-0.03678873985052775,0.008543725013110001,-0.06649703462171909,-0.00869736857561748,0.025747805023384893,-0.0036867658584517735,0.03248465747227818,0.07515066910541324,-0.04340727669013306,-0.061036442534210734,-0.05326234467948583,-0.04848842021941205,0.006372085257115047,-0.0169522906565498,-0.017592767011177776,-0.05956157733590622,-0.06896711662467782,-0.06933649122102609,-0.04447968287197531,-0.05507081478405289,0.07596710341444132,0.09548189672256993,-0.05090458174463919,-0.07069844943493997,0.12273159373114895,0.12562104954622777,-0.011800846736606226,-0.04766762196088743,-0.036006449603667307,-0.04409189005564526,0.010097815886353249,-0.06896711662467782,0.015457369785274337,0.014331843393913002,0.018740129178551564,0.006369902798004995,-0.015804021221238522,-0.011495586700510528,-0.04681067936249707,-0.04943181485069843,-0.008185773383446547,-0.03378175464228518,-0.025178383058175484,-0.04548240454098935,-0.06395073478069027,-0.03765713257055308,-0.047128368023106944,-0.02351021740842627,0.4965434669338757,0.1315437944052212,0.06721293788104601,-0.004625754381088447,0.09765898232620517,-0.003124513469122608,-0.06363022064623682,-0.03569902322545107,-0.04398793832638467,0.003885654300300013,0.028240042135962002,-0.026984967192259728,0.01768424419019465,-0.039239125626426376,0.006497307691088262,-0.001292182582578096
rostralanteriorcingulate-rh,0.025319527947799667,-0.0356453936520135,0.04835884745250105,0.05455538865104189,0.004985765570619247,0.026766302534870744,-0.034922277207960976,-0.009272459672307052,0.014667351976072161,-0.014218250419317954,0.014309982125080684,0.03355727245950627,-0.03028465009319796,-0.043638893613319796,0.00702227494438246,-0.046439340690737914,-0.005330904847827804,-0.030138219926488328,-0.02519212825148537,-0.04162393556536233,-0.04238853405480038,-0.030296503729021578,-0.027282322390014237,-0.05111233613545629,0.0609112824489719,0.054135676626207996,-0.037526695093494544,-0.04815129091257281,0.04135983122663491,0.15222276611025862,-0.014237702174201105,-0.04080369148218991,-0.051804183300453284,-0.04035306622933841,-0.01765756060115495,-0.03579180988147753,-0.015702390259158726,-0.010265448247688883,0.06125760073123408,0.020568408707172994,-0.02192557522942473,0.0089689012841219,-0.021500811944471697,-0.05142520130052465,-0.03377592812244572,-0.04754441110270609,-0.019096955004187035,0.0036718334968226713,-0.059269206001387575,-0.0223702850645355,-0.0395450007978081,-0.03127881008021549,0.08829256656885726,0.46114032355177664,0.0018425113207290844,0.1361151752085811,-0.01963492277823235,-0.013790711568452161,-0.05857744753173039,-0.053238603738534986,0.003002403084931675,-0.013792249825448771,-0.011858932380992507,-0.05057881015203967,0.0288512718092656,-0.019490100552464525,0.008657589580691624,0.008233096188511218
rostralmiddlefrontal-lh,0.024563334556844285,0.026663617700973023,-0.0037343922463091753,0.009668083239770628,0.011706514413625625,0.005267305673793873,-0.024702341202334385,0.0069034005135787755,0.005761088446131894,0.026615440146448812,0.1302989479998955,-0.009392044630176786,-0.033655164496684445,-0.030316416649422685,-0.05380506010365625,-0.05426862567607388,-0.00359298290543672,-0.043441102591110704,0.007720643992891919,-0.01597730958400961,-0.002905597044831846,-0.0400751062673796,-0.026158753526816705,-0.024693703559318846,0.037274717580207,-0.03470889282099222,-0.042922743302340534,-0.03834010365500119,0.08330009727879127,-0.0013979740866760962,-0.013845274103418724,-0.0556597112671858,-0.027773783638583238,-0.05416887029538874,-0.022215060428409674,-0.05087235096963583,0.0030798862750917987,-0.02932815791946378,-0.021081295912584768,-0.010015039734336343,-0.017537891626476402,-0.022986585167517865,-0.033649071993487004,-0.015523215240991449,-0.019212212672273438,-0.051585438039637894,0.002171582178509327,-0.015064460844284927,-0.02258192468384918,-0.05085325536976249,0.0005763344577489714,-0.03418857424334723,0.013724671475028009,-0.008813315569472575,0.709887257480889,-0.002136989413449793,0.005960961904840124,0.047731382923978355,-0.028806791872399626,-0.00630334425467357,-0.024368043063086917,-0.03518918802672638,0.03210666315485042,-0.06289588304451459,0.026201135758100024,-0.004242088925252912,-0.010297850868071256,0.018100916384865443
rostralmiddlefrontal-rh,0.028616837565241984,-0.021245570143913622,-0.003372427837474556,-0.014780189491672006,0.0013753280696842513,0.023184879990995604,-0.057182575658148854,0.02974819980094016,-0.018943768525606777,-0.0013147638511402807,0.023440656820088633,0.050995975875382044,0.0013261553798875052,-0.07099010005217123,-0.0334055786902781,-0.06445842828414637,0.03979737577635987,-0.05370151771465339,-0.026444683088136516,-0.020292590586590425,-0.07177338895518003,-0.041027998025382595,-0.01984711127394,-0.05889339054148292,0.012802582612855022,-0.0018107404188560103,-0.008413968066716267,-0.05643265452713409,0.027738417371244144,0.028189318244008603,-0.0006967974534514172,-0.05703869099367031,-0.06326728545878293,-0.057965405595073696,-0.008670697207199027,-0.05074755615991511,-0.016376170040388528,0.09292766811512594,-0.0034046392436447976,0.01729002285438837,-0.028730446311848398,-0.0189999607677619,-0.039912687892794084,-0.039183760141808896,0.0192381694853931,-0.01244988239242882,-0.05768816120267616,-0.05364650940570583,-0.052347115625178825,-0.048398075563636664,-0.040420345580233705,-0.06504869500885917,-0.01713801632835169,0.15275455551977027,0.016035501360781603,0.8507457920908997,0.008658277875580432,0.02532925796434215,-0.0719456953079215,-0.03615254090830732,0.02950607297937225,-0.013442124635770675,0.0051037136797742275,-0.04242417739957305,0.02453664044078114,-0.009964508157450817,-0.006676170718881784,0.04772616136104206
superiorfrontal-lh,0.02475362091031489,-0.014607548397075905,0.06985528045674412,-0.001609187000617855,-0.02621578583017082,0.021176075440956746,-0.06954806981078035,0.010455490372177401,0.04241792199841157,-0.01082136754601039,0.006227699018989561,0.016424215192573182,-0.053535593163763016,-0.04638748469248036,-0.05555580888543108,-0.04964529446045867,0.005987670801913066,-0.0417924807266056,-0.04222908663889749,-0.07804722845653059,-0.0381075760462406,-0.040062273778042064,-0.0558034390359501,-0.017358885327560355,-0.001238518775459738,-0.04652832118108226,-0.03470196206027962,-0.053479873961600595,0.08768288568987233,0.025461958479423254,-0.007090572583245153,-0.0520170472389102,0.12371485163335401,0.08537687134100728,0.014652762704017148,-0.0313043447580321,-0.015380016778537113,-0.022187116013162866,-0.012867618534343452,-0.07039563553605906,-0.05848272992681458,-0.05441467795404514,-0.042988558834953707,-0.035836222171981846,0.03416670420447411,0.03659884577756916,0.030275711070669255,-0.04161107223710778,-0.02021993377596193,-0.015847679877908173,-0.00435875405191667,-0.037341429394590724,0.06752552710078082,-0.012644747819799212,0.02799931745064044,0.018653083626532344,0.6463258343933403,0.056750960737311,-0.05520374006935897,-0.022740686055683752,0.01610552577610978,-0.0016588951742626964,0.007860596734303345,-0.05734756434171458,0.0,-0.04330542155044443,0.039524839088012416,-0.023453999545625964
superiorfrontal-rh,0.001935722290631484,0.004999925762232147,-0.03188769998864584,0.075242033637624,-0.02215638065827707,0.007634013468552875,0.009907646757094817,-0.003748193123973571,-0.021368328744000874,-0.01674740572386777,0.11181074059083056,-0.016314324629697754,-0.021842560383712666,-0.030240691068446922,-0.019951751288388643,-0.04350008967903255,-0.022534763120397816,-0.07116619300536035,-0.006388415912995466,-0.014033677634625026,0.032869465000497707,-0.004718202323054002,-0.002526964589863346,-0.008687591065859368,0.04108458294798006,-0.011660931799530245,-0.014590490998593289,-0.03903430224776324,-0.04832003235351665,-0.07666640683653639,-0.0471787766316392,0.0008580675558511755,0.01525215184542299,0.0020842787085961108,-0.05505652425646939,-0.04272832552730764,0.006482253107823237,-0.08473511769349432,-0.03880356913435755,-0.02171186174565713,0.022275127762089567,-0.05751328512533929,-0.04091673501602921,-0.03437171751364629,-0.037251354151581255,-0.002598052241667765,0.08304553723043165,0.04286596781974035,0.004144560521276153,0.06259145213793459,-0.006015687296508534,-0.03611018992206199,-0.037011816331584235,-0.03224323886803399,0.05101525351289356,-0.0058923952938817505,0.05379171670215902,0.6658444208812778,-0.02437447872223227,0.008354953296881466,0.004530414151718668,-0.01797923548389045,-0.041746969153018475,-0.05248024507325956,0.03221182429816802,-0.012518824224997399,-0.0005109814240522962,-0.06299733198085919
superiorparietal-lh,0.04363498750840006,-0.020386411178604846,-0.0005085105601784144,-0.04582474304533645,-0.03355921979534007,-0.0014443439886934403,0.013138944463649025,0.10114411146268645,-0.03419663179144212,0.01769443885480016,0.009629976224997009,-0.026806668551896073,-0.029347188417681802,0.0051899861954688145,-0.016611023963365123,-0.06451280448390921,0.004973676017305312,-0.008016369221966668,-0.03598065804738471,-0.011062289995778242,-0.03252044672258635,0.01993601274514554,-0.022356736473681818,-0.07536788173349229,-0.020498851537259475,-0.040676843159413625,0.03240782833675697,-0.013212244960949752,-0.017473288469945784,-0.019682711848790137,-0.02339282193794156,-0.04884785890771373,-0.031183523112589002,-0.06933787455543185,0.04253951444299083,-0.05375012353306527,0.024454966213495334,-0.01933604709531928,0.012492533550511966,-0.03357572388407852,-0.025959659714775814,-0.02247957168563701,-0.03502406505094667,-0.044055918534304156,0.037079469967503824,-0.06464948569250917,-0.03886071283061118,-0.06697991899394246,0.08984459520402555,-0.011823078390471822,0.12497548770509793,-0.023285199486142327,-0.05344761343835448,-0.04757719980219304,-0.0014876190531513036,-0.06336483826519627,-0.04601656871000444,0.00903852611238991,0.9905057741158375,-0.06785889751049505,0.00282772157389066,-0.05465284524450908,0.06748103797133372,-0.0760559422936325,0.03737647318239123,-0.07143615912070513,-0.0029980113744468126,-0.018882915682813573
superiorparietal-rh,0.03275501928244338,-0.014475087909015246,-0.04914254589134212,-0.05209904034701873,-0.007687257358231993,0.028114937972995063,-0.00048202963781351384,0.10328114901866507,-0.03652123153858795,-0.017104625481022543,9.105842510721044e-05,-0.030633749588496146,-0.030453903807641205,-0.039925916625866906,-0.06092940873289385,-0.027650832958096543,0.029223120279096394,-0.010900789695817027,-0.05078809729158058,-0.047840919118773986,-0.04649027170007269,-0.04251464315574676,-0.006326928782239457,0.08165350688750696,-0.012502390749821098,-0.06820328555489956,0.018833851112444792,-0.002666767376871416,-0.006922675007356292,-0.019214607760085076,0.04491510593727897,-0.0642701655123092,-0.011223414302129083,-0.04011649576611391,0.023969104636310135,-0.0272625604064522,0.006096821311045386,-0.002294351835554179,-0.03297465538198126,0.022532170281087248,-0.03182939191144883,-0.053933616822038566,-0.0325298920671286,0.04974838165046469,-0.06107312753978938,-0.059365414381507685,-0.05587999356746789,-0.029640930699893552,-0.04669156467832989,-0.01822348374066999,0.005333701790743765,0.27943672941305864,-0.02958075438152877,-0.044908457109418376,0.009844179488598823,-0.03628152102850686,-0.002729867957444646,0.03911698376090094,-0.06948774000157676,0.8474114677712218,-0.02001938846769638,-0.06534105529535186,0.015029639855110003,-0.05869582372354016,0.006484255609332676,-0.02346592627344127,-0.020836807265248915,-0.023737778297553
superiortemporal-lh,0.09215108434850713,-0.02071820086676852,-0.03707020740989453,-0.03877824640764716,-0.0003987877084450655,-0.04793006775296932,-0.022947267779138233,0.05026263551159595,-0.02572574607890986,0.01907435560881384,-0.038251802700105024,-0.038745129516469225,0.07258743196783488,-0.009481780801937782,0.013601886654381104,-0.043876036422239965,0.13344406179275572,-0.02754333743970785,-0.0025354377523230253,-0.025532387964855272,-0.016391077683013535,0.0006330776625845355,0.022825324597457567,-0.008029433718167913,-0.10307547938905952,-0.01157468750276418,0.027377450918347784,-0.0230302986273608,-0.04435821131391172,-0.017358331226893328,-0.03271989579051187,-0.006492733271077541,0.03428025041179327,-0.010570176108198048,0.08693495988100684,-0.025574729134143947,-0.05913587000651497,-0.0010412583632123296,-0.05138141018105336,-0.026805908348911327,-0.03158722119740181,-0.03368045639305436,-0.012946731869550183,0.012450309718439228,-0.005373270329411987,-0.02707181702361505,-0.00568582465294813,-0.010057357128943015,-0.02302722313411735,-0.0215064954472368,-0.028803158871063828,-0.009108021898171958,-0.052918118543912214,0.0011317076356822423,-0.02503206329311211,0.013948930507709354,-0.005526463813608777,0.025071155541479408,-0.009498586023788292,-0.03196432109613123,0.4519975668726168,-0.005751840134834431,0.06715768107984424,-0.031477716459349735,0.03649990446425875,-0.012679766181468688,0.06558137752856466,-0.02624076194574796
superiortemporal-rh,0.02587610491909255,0.19069282590452316,-0.05458235420247741,-0.0601468391038676,-0.05441215453731743,0.002993440336669863,-0.018382544606884287,-0.0018774259915101685,-0.044992691020130184,0.022660957906643495,-0.010666052102680042,-0.013770815156172617,-0.04972791192954199,0.017958733760375545,-0.047629572853110716,0.0387796672575264,-0.041073864953890614,0.08793644738902746,-0.046577071336690624,0.03780967884635168,-0.05654210692097357,-0.06320351376400776,-0.05317826003001086,-0.04609425465505419,0.030698231059547994,-0.0068149492786579126,-0.036032201897176055,-0.05847467787464728,0.007857058008549397,0.021585449107921085,-0.00961811198127704,-0.027104744095439986,0.020978615845743953,0.002238609908261782,-0.014343786529873049,-0.033194324137171105,-0.024074094469385462,0.06355384392743688,0.009692132532500992,-0.03892470669581765,-0.0261284468405986,-0.0036731779032583905,-0.06803615629964055,-0.0735043782016895,-0.036461220949019234,0.11859567089627836,-0.037870608927253864,-0.07454835631868116,-0.053490056095868696,0.029976445052492615,-0.043469045198783605,-0.035430564500879426,-0.0016425451525950152,0.008166395877013762,-0.027265420854286484,-0.0229105865799891,0.005166177476802069,0.0005911390738322528,-0.059989533200431384,-0.06798760069552824,0.0039045571812966985,0.7591882441850815,-0.03271263004780903,-0.04062939219928026,5.243530114540506e-05,-0.007999136004081963,0.01850118992133208,0.09973383441799329
supramarginal-lh,0.02044886323016255,0.024719001825049918,-0.01648305151216278,-0.02972635948261713,-0.07270121722897226,-0.07867753371386527,-0.051361648634581245,0.01990875481212478,0.05397879126337107,0.006518806623859589,0.001504070168430184,-0.015371474837460536,0.04323777927422598,0.005701161211625353,-0.006061456788193061,0.01949366441099509,-0.040536558176094556,-0.038642634563645945,0.014168884023538933,-0.009538330986420105,-0.0030734836741686663,0.023472681356874102,0.05661478472161488,-0.03131723710399866,0.007325915703654162,-0.041230948096808315,0.027336453204938035,0.004184950221051158,-0.03132490307637166,0.00452103975272341,0.052689250472037215,-0.02091485041378536,-0.020761878473790275,-0.04878431123092725,0.05642973929972427,0.010614799668535305,0.016290234907440568,-0.07318348107010599,-0.0032307433129496587,-0.03320709916979632,-0.026112584008782733,-0.06587730082050056,0.0014945841418820835,-0.02570905893896854,0.07425813396316742,-0.04122013093099182,-0.023687470649196588,-0.03965536533236286,0.06168356527052753,-0.014034224516176246,-0.000604516714630793,-0.004069619199554072,0.008279282181440696,-0.014947951832791706,0.01597490644820079,-0.0023556821443508637,-0.012601729873280083,-0.03075931007939932,0.016790657624443105,-0.019424637328791454,0.07160496408806648,-0.05760280764685748,0.42615305245957064,-0.04765243278763322,-0.029774124572241628,-0.03128223290429448,0.030456719127051564,-0.022355109628807365
supramarginal-rh,0.0,0.023378854828227616,-0.06371833782653696,-0.06664066526517108,-0.05817731555691885,0.04002975830841706,-0.07442693592348092,0.018452932042292668,-0.04493919464719427,0.026276542931567098,0.00210066448947455,-0.01388740842857298,-0.06338249239902927,0.0033415006887112277,-0.07009502914247777,-0.00028103297372186113,-0.00928434264359733,-0.03504726716094813,-0.03474425508505431,-0.03420052741552887,-0.05607689847773507,0.015929306223106586,-0.07368004303889637,-0.02298294851454752,0.03220915551058454,0.01006038628616316,-0.05686555288204781,-0.026864341637719325,0.00814154648643659,0.024843382045105857,0.017588801451061547,-0.0017332429320200487,0.039398498856568515,0.1013390141905896,0.0016059682817665376,-0.02383855710823499,-0.010932805314493897,0.027821930793030476,0.00869154223751287,0.1348209228538341,-0.016020460931138045,-0.008754791922650915,-0.049620169795332535,-0.05938181182853761,-0.007617646851026012,-0.0034687526039650658,-0.052967978209864826,-0.07442693592348092,-0.06977295577537168,0.010583862310455373,-0.07276977912123157,-0.05810750172227668,0.008056714031909306,-0.03697085141252822,-0.04933147890061451,-0.01618961764608186,-0.023582601278850972,-0.01812038271342282,-0.07759653055611719,-0.05328075028739108,-0.016413103737287837,-4.427398451283942e-05,-0.030981378599281285,0.8768506452877765,0.010391044982717779,-0.0427916278533553,0.005818853895240735,0.23227874701569715
temporalpole-lh,-0.03588033254365166,-0.0786971732006671,0.05576582996352898,0.036006671487322256,0.005724067652871169,-0.1224551132796142,0.009492760185930902,-0.15182633423795217,-0.02651230113504495,-0.07443843224473151,0.06264023799420697,-0.030404975488055253,0.12534279401499687,0.08068986237063822,0.017009933943228334,0.013289373473754218,-0.25482074529892634,-0.0007494334992439911,-0.008634907292952002,0.050357957230504645,0.05026403158752713,0.035381789709630664,0.017620450622582193,0.03644370197905883,-0.010516334375479873,0.0252024600259967,0.0898515443219541,0.035630968915412196,-0.086252050572135,-0.05199422816735571,0.004059962372438649,0.037381587782797675,0.042447208076668824,0.013571150402686768,0.05568795655016299,0.06791707993326034,-0.0586541632540822,-0.11316073459794268,-0.043288810712186286,0.052376699686374546,0.04762361601229446,0.048295460611474814,0.03847746840141318,0.024812392355748895,0.04669855922517892,0.011335167596039643,0.05977151667198073,0.026907486697929747,0.031091987588052632,0.002001168699203333,0.011006427845618335,0.007004090447211667,-0.04424905765307539,-0.08995315092356825,0.009482553839550146,0.0175958791778637,0.00040426731290744603,-0.015881254068981707,0.03348891175174258,0.011523018881994676,-0.007429257700913693,-0.0017292780023413312,-0.029231394605691515,0.009427924539813828,-0.08993741993392633,0.024046622113591022,0.020319600008974033,-0.07477331727359887
temporalpole-rh,0.07696829262785793,-0.019756120825274302,-0.05833507221602324,-0.048705824682898614,-0.0500797747312395,0.0753036748671266,-0.0734579275486554,-0.005073524593495553,-0.031449345290115505,-0.01767543739691183,0.008840790838961624,-0.035456769727182195,-0.03217965373861796,0.03676597516373724,-0.027886251209848056,0.013989438050952723,0.0008169471725830225,0.04243011506279866,0.0023838356041257437,-0.042649692895468556,-0.016075197048845555,-0.057215414342464146,0.04833863421294169,-0.051374356543085344,-0.010583389824883827,-0.004247440947791003,0.004142534899422978,-0.005154700235760209,-0.008653186295843369,0.016136349649924817,0.13988888518877185,0.022147996584975932,-0.04024914396447311,-0.0561671656557144,0.021023345988725788,-0.027820471602221477,-0.01711402696608289,0.022004130549299224,-0.010349629842291937,0.005467851530388596,-0.03224463506862534,-0.049322148640260265,-0.07303941708608211,-0.059163674630430214,-0.06752897226509533,-0.07142185391578235,-0.045762921317345044,-0.05825699796544365,-0.06324265498052317,-0.0524475120379467,-0.037312905662689785,-0.05541532221161188,-0.028801667731816843,0.008494163977134239,0.016891041837114734,0.021717581754111898,-0.03693492258361712,0.024956779350657248,-0.07340144886866197,-0.0025430375882011854,0.019070180683407933,0.01274693065538539,0.005076418195230842,-0.05083328139953207,0.028739922386175003,0.9367996509660605,0.011175182828594355,-0.016933758547613673
transversetemporal-lh,0.0789348719939217,0.015586659592000333,0.007066611575859051,0.024053680345634928,0.0021026514168256028,0.059269744266564964,-0.010681818810741052,0.042785166800400724,-0.05423333732249675,-0.006980660468475815,-0.1263557569679367,-0.0024798455754141543,-0.010022967172847343,0.046754192586918236,0.056979478815448535,0.004195666158833589,0.03579461786487449,0.011914316012079443,-0.18591900988788493,0.0037327998414034723,-0.030148719574634292,0.005613175135576816,0.030838022199268515,-0.005026195388139306,-0.0013061480728851467,0.03175731906635339,0.0511776964143804,0.0408318582922383,-0.02653214831320228,0.01983548899958752,0.0055425276779899925,-0.009413190080751666,0.10548130697124439,-0.0016313457208903478,0.019792081435052983,0.012886589039651385,-0.0004184824985405454,0.007030204473565241,0.013512353505162236,-0.0644334995004759,-0.03547048153321962,-0.03132515871784483,-0.007481396551757105,-0.023070811365735782,0.029945512736505277,0.045098318068084314,0.04376384164205712,0.0439272364057381,0.06473133486394597,0.04153257655931341,-0.011627321410836782,0.03518859281274161,-0.036977281925935856,0.02135153827517442,0.0029324799654190806,0.002048511913716964,0.03427092195018766,0.017766540393613747,-0.013491624262417146,-0.0228179482835634,-0.006957771269827261,0.019937230205473437,0.032822016311140935,-0.016116638980645852,0.0024198859232471026,-0.03999268900049905,-0.3847968280430315,-0.005496541806564955
transversetemporal-rh,-0.14173766163089224,-0.015793650008110848,-0.008331266635742875,-0.025012907789171118,-0.03278837945617769,-0.17858033228777015,-0.0163944185725692,-0.09950093681943227,-0.0500794725526339,0.009564531444106013,0.023810897081688917,-0.01678529731498595,-0.0029375697751561456,0.05807277279578231,-0.013758566354169966,0.021275022085853225,0.018441064528100442,-0.026408193191119648,-0.046505329978575594,0.06460504919816304,0.009437725905252608,0.0015767814570008408,-0.025763682219027532,0.026007964048443494,-0.017377241305504696,0.05835803313004737,-0.018080510122570923,-0.02193078481173258,0.0250360438397015,0.02183634031539019,-0.13894185005944806,0.023590624137589323,-0.0006569922737503533,0.0451985170077183,0.008312089215422367,-0.02176628677247448,-0.1373721748437694,0.0794530242165823,-0.12662767044639334,0.024147242973791838,0.011125635362728545,0.1085751486496053,0.037350960593734314,-0.027708489681276923,-0.014220374515524579,0.07080562265096424,-0.02246786004910908,0.00772334064151508,-0.025861257035858464,0.062979781175931,-0.021157702641067117,-0.02246786004910908,0.023848340986663618,0.049453127670230565,0.04699508730552575,0.10038766335723451,-0.03815533916921782,-0.0712058259602184,-0.021157702641067117,-0.027708489681276923,-0.07292707693424968,0.1632070839419709,-0.004284499863426258,0.09349600622729448,-0.002981038574046568,-0.014606915600857312,-0.006896505304649316,0.28226659097810114
