timestamp,bankssts-lh,bankssts-rh,caudalanteriorcingulate-lh,caudalanteriorcingulate-rh,caudalmiddlefrontal-lh,caudalmiddlefrontal-rh,cuneus-lh,cuneus-rh,entorhinal-lh,entorhinal-rh,frontalpole-lh,frontalpole-rh,fusiform-lh,fusiform-rh,inferiorparietal-lh,inferiorparietal-rh,inferiortemporal-lh,inferiortemporal-rh,insula-lh,insula-rh,isthmuscingulate-lh,isthmuscingulate-rh,lateraloccipital-lh,lateraloccipital-rh,lateralorbitofrontal-lh,lateralorbitofrontal-rh,lingual-lh,lingual-rh,medialorbitofrontal-lh,medialorbitofrontal-rh,middletemporal-lh,middletemporal-rh,paracentral-lh,paracentral-rh,parahippocampal-lh,parahippocampal-rh,parsopercularis-lh,parsopercularis-rh,parsorbitalis-lh,parsorbitalis-rh,parstriangularis-lh,parstriangularis-rh,pericalcarine-lh,pericalcarine-rh,postcentral-lh,postcentral-rh,posteriorcingulate-lh,posteriorcingulate-rh,precentral-lh,precentral-rh,precuneus-lh,precuneus-rh,rostralanteriorcingulate-lh,rostralanteriorcingulate-rh,rostralmiddlefrontal-lh,rostralmiddlefrontal-rh,superiorfrontal-lh,superiorfrontal-rh,superiorparietal-lh,superiorparietal-rh,superiortemporal-lh,superiortemporal-rh,supramarginal-lh,supramarginal-rh,temporalpole-lh,temporalpole-rh,transversetemporal-lh,transversetemporal-rh
0,0.0181507,0.0549768,-0.0449071,-0.0493998,0.0486043,0.00211966,-0.0118601,-0.00107973,-0.0104799,0.00743474,-0.075956,-0.0454629,0.0624779,-0.0282063,-9.61677e-05,-0.0305376,-0.0228886,-0.0734459,0.0591893,-0.0186773,0.0778269,0.143956,0.020168,0.10313,0.0928529,-0.0244899,0.0226447,-0.0233803,0.00455193,0.000682634,0.0398363,0.025089,-0.00549997,-0.0444817,-0.0361173,-0.0820748,0.0351572,0.0168508,-0.0163489,-0.0527872,-0.00646275,0.00744293,0.108169,0.119898,0.00665209,0.0066172,-0.0192715,-0.0830933,0.00620129,0.0154804,0.0761677,0.0389449,0.0139849,-0.04602,0.0802863,0.0184962,-0.00165299,0.00847189,0.0279334,0.0291588,0.0229773,-0.00839006,-0.00223776,-0.026892,-0.0570841,0.140954,-0.0479736,0.0367957
0.000999984,0.0164232,0.0550435,-0.045483,-0.0489273,0.0482778,0.00150936,-0.0116666,-0.000517207,-0.0091786,0.00748154,-0.0738841,-0.0430629,0.0666949,-0.0284469,-0.000128305,-0.0309823,-0.0205266,-0.0737349,0.0623408,-0.0179823,0.0788237,0.146656,0.0188876,0.102873,0.0931658,-0.0235388,0.025883,-0.0218224,0.00526446,0.00108174,0.0383249,0.0250878,-0.00562735,-0.0434517,-0.0324104,-0.0799219,0.0350506,0.0170171,-0.0163762,-0.051975,-0.00692415,0.00747081,0.108518,0.120388,0.00673777,0.00629979,-0.0190787,-0.0818264,0.00611678,0.0151262,0.0769535,0.0395828,0.0157775,-0.0451946,0.0795748,0.0188904,-0.00186934,0.00817181,0.0278204,0.0298904,0.0233253,-0.00842504,-0.00193791,-0.0273012,-0.0551396,0.140732,-0.0477609,0.0363885
0.00199997,0.0146822,0.0551002,-0.0460534,-0.0484443,0.0479392,0.000895624,-0.0114707,4.9165e-05,-0.00786735,0.00752779,-0.0717918,-0.0406421,0.0709267,-0.0286844,-0.000160908,-0.0314237,-0.0181462,-0.0740131,0.0654992,-0.0172811,0.079812,0.149346,0.0175962,0.102596,0.0934626,-0.0225786,0.0291372,-0.020253,0.00597978,0.00148308,0.0367981,0.0250828,-0.00575385,-0.0424096,-0.0286757,-0.0777441,0.0349377,0.0171804,-0.0164017,-0.0511493,-0.00738784,0.00749797,0.108847,0.120859,0.00682272,0.00597933,-0.0188822,-0.08054,0.00603064,0.0147674,0.0777296,0.0402176,0.0175746,-0.0443596,0.0788426,0.0192838,-0.00208625,0.00786809,0.0277011,0.0306211,0.0236722,-0.00845895,-0.0016362,-0.0277061,-0.0531717,0.140481,-0.0475404,0.0359721
0.00299995,0.012928,0.0551468,-0.0466182,-0.0479508,0.0475886,0.000278618,-0.0112727,0.000619261,-0.00654648,0.00757348,-0.0696795,-0.038201,0.075172,-0.0289188,-0.000193946,-0.0318615,-0.0157479,-0.0742802,0.0686637,-0.0165738,0.0807913,0.152026,0.0162941,0.102299,0.0937429,-0.0216095,0.0324066,-0.0186725,0.00669765,0.00188649,0.035256,0.0250737,-0.00587944,-0.0413555,-0.024914,-0.0755418,0.0348186,0.0173406,-0.0164252,-0.0503102,-0.00785371,0.0075244,0.109158,0.121311,0.00690693,0.0056559,-0.018682,-0.0792345,0.00594291,0.0144042,0.0784957,0.0408489,0.0193758,-0.0435153,0.0780897,0.0196763,-0.00230365,0.00756074,0.0275754,0.0313507,0.0240179,-0.00849178,-0.00133269,-0.0281064,-0.0511807,0.140201,-0.0473122,0.0355466
0.00399993,0.0111609,0.0551833,-0.0471771,-0.0474469,0.0472259,-0.000341507,-0.0110725,0.00119295,-0.0052163,0.00761857,-0.0675476,-0.0357402,0.0794297,-0.02915,-0.000227387,-0.0322957,-0.0133319,-0.0745362,0.0718334,-0.0158606,0.0817613,0.154694,0.0149816,0.101982,0.0940065,-0.0206317,0.0356904,-0.0170812,0.00741783,0.00229182,0.033699,0.0250607,-0.00600412,-0.0402896,-0.0211261,-0.0733153,0.0346931,0.0174977,-0.0164468,-0.0494578,-0.00832167,0.00755009,0.109449,0.121743,0.00699035,0.00532955,-0.0184781,-0.0779099,0.0058536,0.0140366,0.0792515,0.0414765,0.0211806,-0.0426619,0.0773161,0.0200678,-0.0025215,0.00724984,0.0274433,0.0320789,0.0243623,-0.00852348,-0.00102748,-0.0285021,-0.0491669,0.139891,-0.0470762,0.0351121
0.00499992,0.00938123,0.0552096,-0.04773,-0.0469325,0.0468511,-0.000964598,-0.0108701,0.0017701,-0.00387711,0.00766304,-0.0653965,-0.0332601,0.0836988,-0.0293778,-0.0002612,-0.0327261,-0.0108989,-0.0747808,0.0750076,-0.0151415,0.0827214,0.157349,0.0136589,0.101644,0.0942529,-0.0196454,0.0389878,-0.0154795,0.00814008,0.00269891,0.0321271,0.0250437,-0.00612785,-0.0392121,-0.0173128,-0.0710651,0.0345611,0.0176516,-0.0164665,-0.0485922,-0.00879159,0.00757502,0.109721,0.122156,0.00707296,0.00500035,-0.0182706,-0.0765666,0.00576276,0.0136646,0.0799965,0.0421001,0.0229885,-0.0417996,0.0765218,0.0204582,-0.00273974,0.00693542,0.0273048,0.0328056,0.0247053,-0.00855405,-0.00072065,-0.0288931,-0.0471306,0.13955,-0.0468322,0.0346687
0.0059999,0.00758932,0.0552256,-0.0482767,-0.0464077,0.0464642,-0.00159049,-0.0106657,0.00235058,-0.00252924,0.00770686,-0.0632268,-0.0307613,0.0879781,-0.0296022,-0.000295353,-0.0331525,-0.00844928,-0.0750138,0.0781854,-0.0144168,0.0836713,0.159991,0.0123262,0.101286,0.094482,-0.0186508,0.0422979,-0.0138677,0.00886415,0.00310758,0.0305405,0.0250226,-0.00625061,-0.0381231,-0.0134747,-0.0687918,0.0344227,0.0178023,-0.0164843,-0.0477134,-0.00926338,0.00759916,0.109972,0.122548,0.00715474,0.00466838,-0.0180595,-0.0752047,0.00567041,0.0132883,0.0807303,0.0427194,0.024799,-0.0409286,0.0757068,0.0208472,-0.00295831,0.00661753,0.0271598,0.0335305,0.0250466,-0.00858345,-0.000412276,-0.0292792,-0.0450721,0.13918,-0.0465803,0.0342162
0.00699988,0.0057855,0.0552313,-0.048817,-0.0458726,0.0460652,-0.00221904,-0.0104592,0.00293424,-0.001173,0.00775002,-0.0610388,-0.0282444,0.0922663,-0.0298231,-0.000329812,-0.0335748,-0.00598352,-0.0752353,0.0813659,-0.0136865,0.0846106,0.162617,0.0109837,0.100907,0.0946932,-0.017648,0.04562,-0.0122461,0.00958981,0.00351769,0.0289396,0.0249974,-0.0063724,-0.0370229,-0.00961277,-0.0664958,0.0342778,0.0179498,-0.0165,-0.0468217,-0.00973692,0.00762251,0.110203,0.122919,0.00723564,0.0043337,-0.0178448,-0.0738244,0.00557659,0.0129078,0.0814527,0.0433343,0.0266116,-0.0400492,0.0748712,0.0212348,-0.00317715,0.00629622,0.0270082,0.0342533,0.0253864,-0.00861167,-0.000102447,-0.0296604,-0.0429918,0.138779,-0.0463204,0.0337549
0.00799987,0.0039701,0.0552266,-0.0493508,-0.0453272,0.045654,-0.00285007,-0.0102508,0.00352095,0.000191295,0.00779247,-0.0588332,-0.0257098,0.0965623,-0.0300405,-0.000364545,-0.0339929,-0.00350211,-0.0754449,0.0845484,-0.0129507,0.0855388,0.165229,0.00963179,0.100507,0.0948864,-0.0166373,0.0489532,-0.0106152,0.0103168,0.00392905,0.0273245,0.024968,-0.00649319,-0.0359116,-0.00572773,-0.0641775,0.0341264,0.0180938,-0.0165139,-0.045917,-0.0102121,0.00764504,0.110414,0.123269,0.00731563,0.00399638,-0.0176266,-0.072426,0.00548132,0.012523,0.0821633,0.0439445,0.0284258,-0.0391615,0.0740148,0.0216208,-0.00339621,0.00597156,0.02685,0.0349739,0.0257243,-0.00863868,0.000208753,-0.0300364,-0.0408899,0.138346,-0.0460524,0.0332847
0.00899985,0.00214346,0.0552115,-0.0498779,-0.0447715,0.0452307,-0.00348342,-0.0100404,0.00411057,0.00156331,0.00783421,-0.0566103,-0.0231582,0.100865,-0.0302541,-0.000399517,-0.0344065,-0.00100555,-0.0756427,0.087732,-0.0122097,0.0864556,0.167823,0.00827059,0.100087,0.0950612,-0.0156188,0.0522966,-0.00897528,0.0110449,0.00434151,0.0256954,0.0249344,-0.00661296,-0.0347895,-0.00182041,-0.0618376,0.0339683,0.0182345,-0.0165257,-0.0449996,-0.0106888,0.00766674,0.110603,0.123597,0.0073947,0.0036565,-0.0174048,-0.0710098,0.00538465,0.0121341,0.0828616,0.0445497,0.030241,-0.0382658,0.0731377,0.022005,-0.00361542,0.00564358,0.0266852,0.035692,0.0260603,-0.00866446,0.000521236,-0.0304072,-0.0387669,0.137883,-0.0457762,0.0328057
0.00999984,0.000305944,0.0551859,-0.0503981,-0.0442057,0.0447953,-0.00411893,-0.00982812,0.00470296,0.0029427,0.0078752,-0.0543706,-0.0205901,0.105173,-0.0304641,-0.000434694,-0.0348156,0.00150566,-0.0758283,0.0909158,-0.0114636,0.0873605,0.1704,0.0069004,0.0996453,0.0952173,-0.0145929,0.0556495,-0.00732678,0.0117738,0.00475489,0.0240526,0.0248967,-0.00673169,-0.0336566,0.00210836,-0.0594764,0.0338036,0.0183717,-0.0165356,-0.0440694,-0.0111669,0.00768759,0.110771,0.123903,0.0074728,0.00331413,-0.0171796,-0.069576,0.0052866,0.0117411,0.0835474,0.0451497,0.0320567,-0.0373623,0.0722401,0.0223874,-0.00383474,0.00531236,0.0265137,0.0364073,0.0263943,-0.00868898,0.000834915,-0.0307727,-0.0366231,0.137389,-0.0454918,0.0323179
0.0109998,-0.0015421,0.0551498,-0.0509112,-0.0436297,0.0443477,-0.00475643,-0.00961399,0.00529795,0.00432914,0.00791542,-0.0521147,-0.0180061,0.109485,-0.0306702,-0.000470043,-0.03522,0.00403101,-0.0760018,0.0940989,-0.0107124,0.088253,0.172958,0.00552148,0.0991829,0.0953544,-0.0135596,0.0590109,-0.00567006,0.0125033,0.00516903,0.0223964,0.0248546,-0.00684937,-0.0325132,0.00605774,-0.0570945,0.0336321,0.0185054,-0.0165435,-0.0431267,-0.0116463,0.00770757,0.110918,0.124187,0.00754991,0.00296935,-0.016951,-0.0681248,0.00518721,0.0113441,0.0842202,0.0457441,0.0338725,-0.0364512,0.0713218,0.0227679,-0.0040541,0.00497794,0.0263355,0.0371197,0.0267261,-0.00871222,0.0011497,-0.0311327,-0.0344588,0.136863,-0.0451992,0.0318215
0.0119998,-0.00340031,0.0551031,-0.0514171,-0.0430436,0.0438879,-0.00539575,-0.00939807,0.00589542,0.00572229,0.00795484,-0.049843,-0.0154068,0.1138,-0.0308725,-0.000505528,-0.0356195,0.00656996,-0.0761629,0.0972805,-0.00995644,0.0891328,0.175496,0.00413411,0.0986994,0.0954722,-0.0125193,0.06238,-0.00400552,0.0132331,0.00558375,0.0207268,0.0248083,-0.00696598,-0.0313596,0.0100269,-0.0546925,0.033454,0.0186356,-0.0165494,-0.0421715,-0.0121269,0.00772667,0.111042,0.124448,0.00762599,0.00262222,-0.016719,-0.0666565,0.00508652,0.010943,0.0848798,0.0463329,0.0356877,-0.0355329,0.070383,0.0231461,-0.00427343,0.00464038,0.0261506,0.0378288,0.0270556,-0.00873417,0.00146551,-0.0314871,-0.0322744,0.136305,-0.0448983,0.0313165
0.0129998,-0.00526831,0.0550459,-0.0519156,-0.0424476,0.0434161,-0.00603672,-0.00918039,0.00649521,0.00712178,0.00799343,-0.0475561,-0.0127928,0.118117,-0.0310707,-0.000541114,-0.036014,0.009122,-0.0763116,0.10046,-0.00919578,0.0899995,0.178013,0.00273855,0.0981948,0.0955703,-0.0114721,0.065756,-0.00233353,0.013963,0.00599889,0.0190443,0.0247576,-0.00708151,-0.0301958,0.0140149,-0.0522708,0.033269,0.0187621,-0.0165533,-0.041204,-0.0126085,0.00774487,0.111144,0.124686,0.00770102,0.00227284,-0.0164836,-0.0651713,0.00498456,0.0105381,0.0855257,0.0469156,0.0375019,-0.0346075,0.0694236,0.0235221,-0.0044927,0.00429975,0.0259589,0.0385345,0.0273828,-0.00875479,0.00178224,-0.0318358,-0.0300703,0.135715,-0.044589,0.0308028
0.0139998,-0.00714573,0.054978,-0.0524065,-0.0418416,0.0429321,-0.00667917,-0.00896101,0.00709716,0.00852728,0.00803117,-0.0452544,-0.0101646,0.122434,-0.0312648,-0.000576765,-0.0364033,0.0116866,-0.0764476,0.103636,-0.00843057,0.0908526,0.180509,0.00133508,0.0976689,0.0956486,-0.0104182,0.0691378,-0.000654498,0.0146928,0.00641425,0.017349,0.0247026,-0.00719593,-0.0290222,0.0180209,-0.0498301,0.0330772,0.018885,-0.0165552,-0.0402243,-0.0130911,0.00776214,0.111224,0.1249,0.00777497,0.00192128,-0.0162449,-0.0636696,0.00488136,0.0101293,0.0861576,0.0474921,0.0393145,-0.0336752,0.0684438,0.0238957,-0.00471182,0.00395611,0.0257604,0.0392365,0.0277075,-0.00877406,0.00209982,-0.0321788,-0.0278469,0.135093,-0.0442713,0.0302807
0.0149998,-0.00903219,0.0548994,-0.0528896,-0.0412257,0.0424361,-0.00732293,-0.00873997,0.00770113,0.00993843,0.00806803,-0.0429385,-0.00752291,0.126751,-0.0314548,-0.000612446,-0.0367873,0.0142632,-0.0765709,0.106807,-0.00766098,0.0916918,0.182982,-7.60163e-05,0.0971218,0.0957066,-0.00935788,0.0725246,0.00103117,0.0154221,0.00682968,0.0156412,0.0246432,-0.00730923,-0.0278389,0.0220441,-0.0473708,0.0328786,0.0190041,-0.0165551,-0.0392326,-0.0135745,0.00777848,0.11128,0.125091,0.0078478,0.00156762,-0.016003,-0.0621516,0.00477697,0.00971673,0.0867751,0.0480621,0.041125,-0.0327363,0.0674436,0.0242666,-0.00493075,0.00360952,0.025555,0.0399345,0.0280295,-0.00879197,0.00241814,-0.0325158,-0.0256047,0.134439,-0.0439452,0.0297502
0.0159997,-0.0109273,0.0548101,-0.0533649,-0.0406001,0.0419279,-0.00796782,-0.00851734,0.00830696,0.0113549,0.00810398,-0.040609,-0.00486834,0.131065,-0.0316406,-0.000648121,-0.0371658,0.0168512,-0.0766814,0.109974,-0.00688715,0.0925165,0.185431,-0.00149446,0.0965533,0.0957441,-0.00829137,0.0759156,0.00272307,0.0161507,0.007245,0.0139212,0.0245793,-0.0074214,-0.0266461,0.0260834,-0.0448935,0.0326731,0.0191195,-0.016553,-0.0382289,-0.0140585,0.00779386,0.111314,0.125257,0.00791949,0.00121194,-0.0157578,-0.0606176,0.00467142,0.00930043,0.0873779,0.0486254,0.0429329,-0.031791,0.0664232,0.0246349,-0.00514942,0.00326005,0.0253429,0.0406284,0.0283487,-0.00880849,0.00273711,-0.0328468,-0.0233439,0.133752,-0.0436105,0.0292113
0.0169997,-0.0128307,0.0547101,-0.0538321,-0.0399647,0.0414078,-0.00861368,-0.00829314,0.00891449,0.0127762,0.00813901,-0.0382662,-0.0022015,0.135376,-0.031822,-0.000683753,-0.0375388,0.0194501,-0.0767789,0.113135,-0.00610925,0.0933265,0.187855,-0.00291996,0.0959634,0.0957608,-0.0072189,0.0793097,0.0044208,0.0168783,0.00766003,0.0121893,0.024511,-0.00753241,-0.0254442,0.0301381,-0.0423989,0.0324606,0.0192311,-0.0165488,-0.0372135,-0.0145431,0.00780826,0.111323,0.125398,0.00799001,0.000854324,-0.0155094,-0.0590678,0.00456476,0.00888047,0.0879657,0.0491816,0.0447376,-0.0308397,0.0653824,0.0250004,-0.00536778,0.00290777,0.0251238,0.0413178,0.0286651,-0.00882359,0.00305664,-0.0331717,-0.0210651,0.133032,-0.0432673,0.0286641
0.0179997,-0.0147419,0.0545993,-0.054291,-0.0393197,0.0408756,-0.00926031,-0.00806745,0.00952356,0.0142021,0.00817307,-0.0359109,0.000476974,0.139683,-0.0319991,-0.000719305,-0.0379059,0.0220593,-0.0768634,0.116289,-0.00532744,0.0941213,0.190254,-0.00435222,0.0953521,0.0957565,-0.00614069,0.0827061,0.00612394,0.0176048,0.00807459,0.0104457,0.0244382,-0.00764226,-0.0242332,0.0342072,-0.0398874,0.0322412,0.0193388,-0.0165426,-0.0361864,-0.0150281,0.00782168,0.111309,0.125514,0.00805932,0.000494861,-0.0152578,-0.0575027,0.00445701,0.00845693,0.088538,0.0497306,0.0465386,-0.0298824,0.0643216,0.0253628,-0.00558575,0.00255273,0.0248978,0.0420026,0.0289785,-0.00883727,0.00337665,-0.0334904,-0.0187687,0.13228,-0.0429155,0.0281088
0.0189997,-0.0166606,0.0544778,-0.0547416,-0.0386651,0.0403315,-0.00990754,-0.0078403,0.010134,0.0156322,0.00820614,-0.0335435,0.00316644,0.143983,-0.0321716,-0.000754741,-0.0382672,0.0246782,-0.0769346,0.119435,-0.00454188,0.0949004,0.192625,-0.00579094,0.0947194,0.0957309,-0.00505698,0.0861038,0.00783208,0.0183297,0.0084885,0.00869071,0.0243609,-0.00775094,-0.0230134,0.0382897,-0.0373596,0.0320148,0.0194426,-0.0165344,-0.0351479,-0.0155134,0.00783408,0.111271,0.125604,0.0081274,0.000133632,-0.0150032,-0.0559223,0.00434822,0.00802987,0.0890946,0.0502721,0.0483353,-0.0289196,0.0632407,0.0257221,-0.00580329,0.00219502,0.0246649,0.0426825,0.0292887,-0.00884949,0.00369703,-0.0338027,-0.0164551,0.131494,-0.042555,0.0275453
0.0199997,-0.0185864,0.0543455,-0.0551836,-0.0380011,0.0397754,-0.0105552,-0.00761175,0.0107457,0.017066,0.00823821,-0.0311646,0.00586626,0.148277,-0.0323396,-0.000790023,-0.0386224,0.0273063,-0.0769925,0.122572,-0.00375272,0.0956636,0.194969,-0.00723582,0.0940651,0.0956836,-0.00396801,0.089502,0.00954479,0.0190529,0.00890159,0.00692462,0.0242791,-0.00785841,-0.0217851,0.0423846,-0.0348162,0.0317813,0.0195425,-0.0165241,-0.0340981,-0.0159989,0.00784546,0.111209,0.125669,0.00819423,-0.000229275,-0.0147455,-0.0543272,0.00423843,0.00759936,0.0896351,0.0508059,0.0501273,-0.0279513,0.0621399,0.0260781,-0.00602034,0.00183469,0.0244251,0.0433573,0.0295957,-0.00886023,0.00401768,-0.0341086,-0.0141247,0.130675,-0.0421858,0.0269739
0.0209997,-0.0205188,0.0542024,-0.0556169,-0.0373276,0.0392075,-0.0112031,-0.00738185,0.0113584,0.0185033,0.00826923,-0.0287747,0.00857577,0.152561,-0.0325029,-0.000825115,-0.0389714,0.029943,-0.077037,0.1257,-0.00296015,0.0964103,0.197284,-0.00868655,0.0933894,0.0956146,-0.00287403,0.0928996,0.0112617,0.0197741,0.00931367,0.00514773,0.0241926,-0.00796468,-0.0205484,0.0464912,-0.0322578,0.0315408,0.0196383,-0.0165118,-0.0330371,-0.0164844,0.0078558,0.111122,0.125708,0.00825976,-0.000593772,-0.0144848,-0.0527175,0.00412767,0.00716548,0.0901592,0.0513316,0.0519139,-0.026978,0.0610192,0.0264307,-0.00623682,0.00147184,0.0241783,0.0440266,0.0298993,-0.00886948,0.00433852,-0.034408,-0.0117781,0.129823,-0.041808,0.0263945
0.0219996,-0.0224574,0.0540484,-0.0560412,-0.0366449,0.0386277,-0.0118511,-0.00715064,0.011972,0.0199436,0.00829918,-0.0263743,0.0112943,0.156836,-0.0326615,-0.000859978,-0.0393141,0.0325876,-0.0770679,0.128817,-0.00216431,0.0971402,0.199569,-0.0101428,0.0926921,0.0955234,-0.00177528,0.0962957,0.0129822,0.0204931,0.00972458,0.00336033,0.0241016,-0.00806973,-0.0193037,0.0506083,-0.0296849,0.0312933,0.0197301,-0.0164973,-0.0319651,-0.0169698,0.00786507,0.111009,0.12572,0.00832398,-0.000959771,-0.0142211,-0.0510937,0.004016,0.00672831,0.0906665,0.051849,0.0536947,-0.0259997,0.0598789,0.0267797,-0.00645268,0.00110652,0.0239245,0.0446903,0.0301994,-0.0088772,0.00465945,-0.0347007,-0.00941563,0.128937,-0.0414213,0.0258072
0.0229996,-0.0244018,0.0538836,-0.0564566,-0.0359529,0.0380361,-0.0124989,-0.00691819,0.0125864,0.0213866,0.00832804,-0.0239642,0.0140212,0.1611,-0.0328153,-0.000894576,-0.0396504,0.0352396,-0.0770852,0.131923,-0.00136538,0.0978529,0.201823,-0.0116043,0.0919732,0.0954098,-0.000672,0.0996893,0.0147061,0.0212095,0.0101341,0.00156273,0.0240059,-0.00817355,-0.0180511,0.054735,-0.0270982,0.0310386,0.0198179,-0.0164809,-0.0308823,-0.017455,0.00787326,0.110872,0.125705,0.00838685,-0.00132718,-0.0139545,-0.0494559,0.00390344,0.00628791,0.0911567,0.052358,0.0554691,-0.0250169,0.0587189,0.027125,-0.00666787,0.000738811,0.0236638,0.0453482,0.0304959,-0.0088834,0.00498037,-0.0349867,-0.00703787,0.128018,-0.0410259,0.0252122
0.0239996,-0.0263516,0.053708,-0.0568628,-0.0352519,0.0374329,-0.0131465,-0.00668454,0.0132013,0.0228318,0.00835578,-0.0215447,0.0167558,0.165351,-0.0329642,-0.00092887,-0.03998,0.0378983,-0.0770888,0.135017,-0.000563528,0.098548,0.204045,-0.0130707,0.0912328,0.0952737,0.000435547,0.10308,0.0164328,0.0219231,0.0105421,-0.000244752,0.0239056,-0.00827612,-0.016791,0.0588704,-0.0244983,0.0307768,0.0199015,-0.0164623,-0.0297888,-0.0179398,0.00788036,0.11071,0.125663,0.00844835,-0.00169591,-0.0136851,-0.0478046,0.00379005,0.00584438,0.0916294,0.0528582,0.0572365,-0.0240296,0.0575396,0.0274664,-0.00688231,0.000368796,0.0233961,0.0459999,0.0307886,-0.00888803,0.00530119,-0.0352659,-0.00464526,0.127065,-0.0406216,0.0246096
0.0249996,-0.0283063,0.0535216,-0.0572596,-0.0345419,0.036818,-0.0137935,-0.00644974,0.0138165,0.0242788,0.00838236,-0.0191166,0.0194974,0.169589,-0.0331082,-0.000962822,-0.0403028,0.0405631,-0.0770785,0.138097,0.000241073,0.0992252,0.206234,-0.0145418,0.0904709,0.0951148,0.00154711,0.106465,0.018162,0.0226337,0.0109484,-0.00206181,0.0238006,-0.00837744,-0.0155235,0.0630134,-0.0218858,0.0305078,0.0199809,-0.0164417,-0.0286849,-0.0184241,0.00788634,0.110521,0.125593,0.00850845,-0.00206588,-0.0134128,-0.0461401,0.00367585,0.00539778,0.0920845,0.0533494,0.0589965,-0.0230383,0.0563409,0.0278039,-0.00709595,-3.45095e-06,0.0231214,0.0466453,0.0310774,-0.00889109,0.0056218,-0.0355382,-0.00223831,0.126078,-0.0402084,0.0239995
0.0259996,-0.0302655,0.0533243,-0.057647,-0.0338229,0.0361915,-0.0144399,-0.00621385,0.014432,0.0257273,0.00840777,-0.0166803,0.0222454,0.173811,-0.0332471,-0.000996394,-0.0406188,0.0432335,-0.0770543,0.141164,0.00104825,0.0998839,0.208389,-0.016017,0.0896875,0.0949328,0.00266244,0.109846,0.0198931,0.0233409,0.0113528,-0.00388813,0.0236909,-0.00847748,-0.0142489,0.067163,-0.0192614,0.0302317,0.0200562,-0.016419,-0.0275707,-0.0189077,0.00789118,0.110307,0.125496,0.00856711,-0.00243697,-0.0131377,-0.0444626,0.00356091,0.0049482,0.0925214,0.0538314,0.0607485,-0.0220431,0.0551231,0.0281372,-0.00730873,-0.000377851,0.0228398,0.0472841,0.0313623,-0.00889254,0.00594211,-0.0358035,0.000182492,0.125058,-0.0397864,0.0233819
0.0269996,-0.0322288,0.0531162,-0.0580247,-0.0330952,0.0355535,-0.0150854,-0.00597692,0.0150476,0.0271769,0.00843198,-0.0142364,0.024999,0.178017,-0.0333809,-0.00102955,-0.0409277,0.0459087,-0.0770161,0.144215,0.00185783,0.100524,0.210509,-0.0174962,0.0888825,0.0947275,0.00378127,0.11322,0.0216258,0.0240446,0.0117551,-0.00572337,0.0235765,-0.00857625,-0.0129675,0.0713182,-0.0166256,0.0299484,0.0201272,-0.0163941,-0.0264464,-0.0193906,0.00789488,0.110067,0.125371,0.00862433,-0.00280911,-0.0128599,-0.0427726,0.00344525,0.00449571,0.09294,0.0543039,0.0624919,-0.0210443,0.0538863,0.0284663,-0.00752059,-0.000754322,0.0225512,0.047916,0.031643,-0.00889239,0.00626203,-0.0360618,0.00261662,0.124004,-0.0393554,0.0227569
0.0279995,-0.0341957,0.0528973,-0.0583926,-0.0323588,0.0349041,-0.0157299,-0.005739,0.015663,0.0286271,0.00845496,-0.0117856,0.0277575,0.182205,-0.0335095,-0.00106225,-0.0412295,0.0485881,-0.0769638,0.14725,0.00266965,0.101145,0.212594,-0.018979,0.088056,0.0944988,0.00490335,0.116587,0.0233596,0.0247444,0.0121551,-0.00756721,0.0234574,-0.00867372,-0.0116794,0.075478,-0.0139793,0.0296579,0.020194,-0.0163672,-0.0253122,-0.0198725,0.00789742,0.1098,0.125217,0.00868006,-0.0031822,-0.0125795,-0.0410704,0.00332892,0.00404041,0.0933398,0.0547667,0.0642262,-0.0200422,0.0526308,0.0287909,-0.00773146,-0.00113278,0.0222555,0.0485409,0.0319195,-0.00889059,0.00658146,-0.0363128,0.00506357,0.122915,-0.0389155,0.0221248
0.0289995,-0.0361658,0.0526676,-0.0587506,-0.0316138,0.0342434,-0.0163732,-0.00550014,0.0162781,0.0300776,0.00847667,-0.00932833,0.0305203,0.186374,-0.0336329,-0.00109445,-0.041524,0.0512712,-0.0768973,0.150268,0.00348351,0.101746,0.214642,-0.0204651,0.0872081,0.0942463,0.0060284,0.119946,0.0250941,0.0254401,0.0125527,-0.00941932,0.0233335,-0.00876989,-0.0103851,0.0796415,-0.0113229,0.0293602,0.0202565,-0.0163382,-0.0241682,-0.0203534,0.00789877,0.109507,0.125034,0.00873427,-0.00355615,-0.0122964,-0.0393563,0.00321196,0.00358238,0.0937207,0.0552195,0.0659509,-0.0190369,0.0513565,0.029111,-0.00794129,-0.00151315,0.021953,0.0491585,0.0321916,-0.00888715,0.00690029,-0.0365566,0.00752279,0.121793,-0.0384666,0.0214855
0.0299995,-0.0381385,0.0524271,-0.0590985,-0.0308603,0.0335714,-0.017015,-0.0052604,0.0168927,0.0315279,0.00849711,-0.00686529,0.0332866,0.190523,-0.0337509,-0.00112613,-0.041811,0.0539572,-0.0768165,0.153268,0.00429925,0.102328,0.216651,-0.0219541,0.0863388,0.09397,0.00715618,0.123295,0.0268287,0.0261314,0.0129476,-0.0112793,0.0232048,-0.00886475,-0.00908469,0.0838074,-0.00865716,0.0290552,0.0203146,-0.016307,-0.0230148,-0.020833,0.00789891,0.109187,0.124823,0.00878696,-0.00393085,-0.0120107,-0.0376306,0.00309442,0.0031217,0.0940822,0.0556621,0.0676654,-0.0180289,0.0500639,0.0294264,-0.00815001,-0.00189535,0.0216434,0.0497685,0.0324592,-0.00888203,0.00721843,-0.0367931,0.00999377,0.120637,-0.0380087,0.0208393
0.0309995,-0.0401135,0.0521758,-0.0594363,-0.0300986,0.0328883,-0.0176553,-0.00501982,0.0175067,0.0329776,0.00851623,-0.00439704,0.0360557,0.194649,-0.0338634,-0.00115723,-0.0420905,0.0566454,-0.0767213,0.15625,0.00511668,0.102889,0.218623,-0.0234457,0.0854481,0.0936696,0.0082864,0.126634,0.0285631,0.0268181,0.0133398,-0.0131469,0.0230713,-0.00895829,-0.00777849,0.0879749,-0.00598277,0.0287431,0.0203684,-0.0162738,-0.021852,-0.0213113,0.00789785,0.10884,0.124582,0.00883808,-0.00430621,-0.0117225,-0.0358939,0.00297634,0.00265845,0.0944242,0.0560943,0.0693693,-0.0170183,0.048753,0.0297369,-0.00835757,-0.00227928,0.0213269,0.0503707,0.0327221,-0.00887522,0.00753578,-0.0370222,0.012476,0.119446,-0.0375417,0.0201862
0.0319995,-0.0420903,0.0519138,-0.0597636,-0.0293285,0.0321941,-0.0182937,-0.00477847,0.0181198,0.0344264,0.00853401,-0.00192418,0.038827,0.198753,-0.0339705,-0.00118773,-0.0423623,0.0593353,-0.0766118,0.159211,0.00593563,0.10343,0.220554,-0.0249395,0.0845361,0.093345,0.00941881,0.129962,0.0302968,0.0274999,0.0137289,-0.0150218,0.022933,-0.0090505,-0.00646675,0.0921428,-0.00330037,0.0284237,0.0204178,-0.0162384,-0.0206801,-0.0217881,0.00789554,0.108466,0.124311,0.00888761,-0.00468213,-0.0114319,-0.0341463,0.00285777,0.00219274,0.0947462,0.0565159,0.0710619,-0.0160054,0.047424,0.0300425,-0.0085639,-0.00266486,0.0210035,0.0509649,0.0329804,-0.0088667,0.00785224,-0.0372438,0.0149688,0.118222,-0.0370657,0.0195264
0.0329995,-0.0440685,0.051641,-0.0600806,-0.0285505,0.0314889,-0.0189302,-0.00453639,0.018732,0.0358738,0.00855043,0.000552704,0.0415997,0.202832,-0.0340721,-0.00121758,-0.0426263,0.0620262,-0.0764877,0.162152,0.00675591,0.10395,0.222445,-0.0264352,0.0836028,0.0929959,0.0105531,0.133277,0.0320294,0.0281765,0.014115,-0.0169035,0.0227899,-0.00914137,-0.00514976,0.0963102,-0.000610642,0.028097,0.0204628,-0.0162009,-0.0194994,-0.0222633,0.00789199,0.108065,0.124011,0.00893554,-0.00505852,-0.0111389,-0.0323882,0.00273875,0.00172464,0.0950481,0.0569265,0.0727428,-0.0149904,0.0460772,0.0303429,-0.00876895,-0.003052,0.0206732,0.0515509,0.0332337,-0.00885646,0.00816771,-0.0374578,0.0174717,0.116963,-0.0365807,0.0188599
0.0339994,-0.0460475,0.0513576,-0.0603869,-0.0277644,0.0307729,-0.0195645,-0.00429363,0.0193429,0.0373193,0.00856546,0.00303301,0.044373,0.206885,-0.034168,-0.00124675,-0.0428824,0.0647174,-0.0763491,0.165072,0.00757734,0.104448,0.224294,-0.0279325,0.0826483,0.0926222,0.0116891,0.13658,0.0337603,0.0288477,0.0144976,-0.0187917,0.022642,-0.00923089,-0.00382778,0.100476,0.00208574,0.0277632,0.0205034,-0.0161612,-0.0183099,-0.0227366,0.00788717,0.107636,0.123681,0.00898182,-0.00543527,-0.0108435,-0.0306202,0.00261932,0.00125426,0.0953295,0.057326,0.0744115,-0.0139737,0.0447127,0.0306381,-0.00897266,-0.00344062,0.0203359,0.0521283,0.0334821,-0.00884448,0.0084821,-0.0376642,0.0199842,0.115671,-0.0360866,0.0181869
0.0349994,-0.0480268,0.0510634,-0.0606824,-0.0269705,0.0300462,-0.0201965,-0.00405026,0.0199525,0.0387626,0.00857907,0.00551614,0.0471463,0.21091,-0.0342583,-0.00127519,-0.0431304,0.0674082,-0.0761959,0.167969,0.00839974,0.104925,0.2261,-0.0294309,0.0816727,0.0922237,0.0128264,0.139868,0.0354892,0.0295132,0.0148768,-0.020686,0.0224892,-0.00931906,-0.00250109,0.104639,0.00478809,0.0274221,0.0205395,-0.0161194,-0.017112,-0.0232081,0.00788106,0.10718,0.12332,0.00902644,-0.00581229,-0.0105458,-0.0288424,0.00249953,0.000781668,0.0955902,0.0577142,0.0760673,-0.0129554,0.0433308,0.030928,-0.00917496,-0.00383062,0.0199918,0.0526971,0.0337254,-0.00883074,0.0087953,-0.037863,0.0225056,0.114344,-0.0355834,0.0175076
0.0359994,-0.0500061,0.0507587,-0.0609672,-0.0261689,0.0293088,-0.0208259,-0.00380632,0.0205605,0.0402033,0.00859123,0.00800148,0.0499189,0.214908,-0.0343427,-0.00130288,-0.0433703,0.070098,-0.076028,0.170843,0.00922293,0.10538,0.227863,-0.0309302,0.0806761,0.0918003,0.0139648,0.14314,0.0372156,0.0301728,0.0152522,-0.0225862,0.0223316,-0.00940586,-0.00116997,0.108798,0.00749572,0.0270737,0.020571,-0.0160755,-0.0159058,-0.0236774,0.00787365,0.106696,0.122929,0.00906938,-0.00618947,-0.0102458,-0.0270553,0.00237943,0.000306974,0.0958298,0.0580909,0.0777098,-0.0119359,0.0419318,0.0312123,-0.0093758,-0.00422191,0.0196409,0.0532569,0.0339634,-0.00881522,0.00910723,-0.038054,0.0250354,0.112984,-0.0350711,0.016822
0.0369994,-0.0519848,0.0504433,-0.0612409,-0.0253597,0.028561,-0.0214526,-0.00356186,0.0211668,0.0416408,0.00860193,0.0104884,0.0526899,0.218875,-0.0344214,-0.00132977,-0.0436018,0.0727861,-0.0758453,0.173692,0.0100467,0.105812,0.229582,-0.0324299,0.0796585,0.0913519,0.015104,0.146397,0.038939,0.0308262,0.0156238,-0.0244917,0.0221691,-0.0094913,0.000165307,0.112952,0.0102079,0.0267182,0.0205981,-0.0160294,-0.0146917,-0.0241446,0.00786493,0.106184,0.122507,0.00911061,-0.00656672,-0.0099437,-0.0252592,0.00225905,-0.000169732,0.0960482,0.0584557,0.0793385,-0.0109153,0.0405158,0.0314909,-0.00957512,-0.00461441,0.0192831,0.0538075,0.0341961,-0.00879792,0.00941777,-0.0382371,0.0275729,0.11159,-0.0345498,0.0161304
0.0379994,-0.0539624,0.0501174,-0.0615035,-0.0245431,0.0278028,-0.0220764,-0.00331694,0.0217712,0.0430749,0.00861112,0.0129764,0.0554587,0.222811,-0.0344941,-0.00135582,-0.043825,0.0754717,-0.0756479,0.176516,0.0108709,0.106222,0.231255,-0.0339298,0.0786201,0.0908783,0.0162438,0.149636,0.040659,0.0314732,0.0159914,-0.0264023,0.0220017,-0.00957536,0.00150445,0.117101,0.0129241,0.0263554,0.0206207,-0.0159811,-0.0134697,-0.0246093,0.00785488,0.105644,0.122054,0.0091501,-0.00694393,-0.00963946,-0.0234546,0.00213845,-0.000648354,0.0962451,0.0588086,0.0809529,-0.00989406,0.0390831,0.0317638,-0.00977286,-0.00500801,0.0189185,0.0543487,0.0344233,-0.00877881,0.00972683,-0.0384124,0.0301177,0.110162,-0.0340193,0.0154328
0.0389994,-0.0559385,0.049781,-0.0617549,-0.0237192,0.0270344,-0.0226971,-0.00307161,0.0223735,0.0445051,0.0086188,0.0154648,0.0582246,0.226715,-0.0345609,-0.001381,-0.0440396,0.0781543,-0.0754356,0.179314,0.0116953,0.106609,0.232882,-0.0354294,0.0775609,0.0903794,0.0173838,0.152857,0.042375,0.0321134,0.0163547,-0.0283175,0.0218294,-0.00965804,0.00284718,0.121242,0.0156434,0.0259853,0.0206387,-0.0159307,-0.0122401,-0.0250716,0.00784348,0.105076,0.12157,0.00918785,-0.007321,-0.00933314,-0.0216419,0.00201767,-0.0011288,0.0964202,0.0591492,0.0825524,-0.0088723,0.037634,0.0320308,-0.00996897,-0.00540262,0.0185472,0.0548803,0.034645,-0.00875788,0.0100343,-0.0385798,0.0326691,0.1087,-0.0334797,0.0147294
0.0399993,-0.0579126,0.0494342,-0.061995,-0.0228881,0.0262558,-0.0233145,-0.00282593,0.0229736,0.0459309,0.00862493,0.0179529,0.0609867,0.230584,-0.0346216,-0.00140528,-0.0442456,0.0808331,-0.0752085,0.182085,0.0125198,0.106973,0.234462,-0.0369284,0.0764811,0.0898551,0.0185238,0.156059,0.0440868,0.0327467,0.0167137,-0.030237,0.0216523,-0.00973933,0.00419321,0.125376,0.0183652,0.0256081,0.0206521,-0.0158781,-0.0110033,-0.0255312,0.00783071,0.104479,0.121054,0.00922381,-0.00769783,-0.00902482,-0.0198213,0.00189675,-0.00161096,0.0965732,0.0594774,0.0841365,-0.00785032,0.0361687,0.0322917,-0.0101634,-0.00579815,0.0181692,0.055402,0.0348609,-0.00873512,0.0103401,-0.0387392,0.0352264,0.107204,-0.032931,0.0140203
0.0409993,-0.0598841,0.0490769,-0.0622236,-0.0220501,0.0254673,-0.0239284,-0.00257994,0.0235712,0.0473519,0.00862949,0.0204402,0.0637444,0.234419,-0.0346763,-0.00142861,-0.0444428,0.0835074,-0.0749664,0.184829,0.0133441,0.107313,0.235994,-0.0384264,0.0753808,0.0893052,0.0196635,0.15924,0.0457937,0.0333728,0.017068,-0.0321603,0.0214702,-0.00981922,0.00554224,0.1295,0.0210888,0.0252237,0.020661,-0.0158234,-0.00975931,-0.025988,0.00781657,0.103854,0.120507,0.00925797,-0.00807431,-0.00871455,-0.0179934,0.00177574,-0.00209475,0.096704,0.059793,0.0857048,-0.00682837,0.0346875,0.0325464,-0.010356,-0.0061945,0.0177845,0.0559137,0.035071,-0.00871051,0.0106441,-0.0388905,0.0377891,0.105675,-0.0323733,0.0133057
0.0419993,-0.0618527,0.0487093,-0.0624407,-0.0212052,0.024669,-0.0245387,-0.0023337,0.0241661,0.0487678,0.00863245,0.0229261,0.0664969,0.238216,-0.0347249,-0.00145096,-0.0446312,0.0861765,-0.0747095,0.187543,0.0141681,0.107629,0.237478,-0.0399231,0.0742601,0.0887297,0.0208026,0.1624,0.0474954,0.0339914,0.0174177,-0.0340872,0.0212833,-0.00989772,0.00689399,0.133614,0.0238135,0.0248322,0.0206652,-0.0157665,-0.00850851,-0.0264418,0.00780104,0.103201,0.119928,0.00929031,-0.00845035,-0.00840239,-0.0161585,0.00165469,-0.00258006,0.0968123,0.0600958,0.0872567,-0.00580671,0.0331907,0.0327949,-0.0105469,-0.00659158,0.0173932,0.0564151,0.0352752,-0.00868404,0.0109463,-0.0390338,0.0403566,0.104113,-0.0318064,0.0125857
0.0429993,-0.0638177,0.0483314,-0.0626461,-0.0203536,0.023861,-0.0251451,-0.00208726,0.0247583,0.050178,0.00863379,0.02541,0.0692434,0.241976,-0.0347672,-0.0014723,-0.0448107,0.0888398,-0.0744375,0.190228,0.0149915,0.107922,0.238912,-0.041418,0.0731191,0.0881285,0.0219408,0.165538,0.0491913,0.0346024,0.0177624,-0.0360171,0.0210915,-0.00997482,0.00824817,0.137716,0.0265385,0.0244335,0.0206649,-0.0157074,-0.00725112,-0.0268925,0.00778409,0.102519,0.119318,0.00932081,-0.00882584,-0.0080884,-0.0143169,0.00153364,-0.00306679,0.0968979,0.0603855,0.0887917,-0.00478561,0.0316786,0.0330369,-0.0107359,-0.00698928,0.0169953,0.056906,0.0354733,-0.0086557,0.0112465,-0.0391689,0.0429281,0.102518,-0.0312305,0.0118604
0.0439993,-0.0657787,0.0479432,-0.0628397,-0.0194954,0.0230435,-0.0257475,-0.00184068,0.0253474,0.0515821,0.00863349,0.0278912,0.0719833,0.245697,-0.0348032,-0.00149258,-0.0449811,0.0914965,-0.0741505,0.192882,0.0158143,0.108189,0.240295,-0.0429109,0.071958,0.0875015,0.0230778,0.168653,0.050881,0.0352054,0.0181021,-0.0379496,0.0208948,-0.0100505,0.00960448,0.141806,0.0292632,0.0240276,0.0206599,-0.0156461,-0.00598737,-0.0273399,0.00776573,0.101809,0.118675,0.00934945,-0.00920067,-0.00777265,-0.0124693,0.00141264,-0.00355485,0.0969606,0.0606621,0.0903094,-0.00376531,0.0301514,0.0332724,-0.0109229,-0.0073875,0.0165908,0.0573862,0.0356652,-0.00862547,0.0115446,-0.0392959,0.0455032,0.100889,-0.0306455,0.0111302
0.0449993,-0.0677353,0.0475449,-0.0630215,-0.0186309,0.0222167,-0.0263457,-0.001594,0.0259334,0.0529798,0.00863151,0.0303692,0.0747158,0.249378,-0.034833,-0.00151178,-0.0451423,0.0941459,-0.0738485,0.195504,0.0166361,0.108432,0.241627,-0.0444013,0.070777,0.0868486,0.0242134,0.171743,0.0525641,0.0358002,0.0184366,-0.0398845,0.0206932,-0.0101248,0.0109626,0.145883,0.0319869,0.0236147,0.0206503,-0.0155826,-0.00471753,-0.027784,0.00774592,0.101069,0.118,0.00937621,-0.00957475,-0.00745519,-0.0106158,0.00129173,-0.00404412,0.0970001,0.0609252,0.0918093,-0.00274607,0.0286094,0.0335012,-0.011108,-0.00778615,0.0161799,0.0578555,0.0358509,-0.00859335,0.0118406,-0.0394146,0.0480812,0.0992272,-0.0300514,0.010395
0.0459992,-0.0696868,0.0471365,-0.0631913,-0.0177601,0.0213806,-0.0269395,-0.00134729,0.026516,0.0543706,0.00862784,0.0328432,0.0774401,0.253016,-0.0348564,-0.00152985,-0.0452943,0.0967873,-0.0735315,0.198095,0.0174568,0.10865,0.242907,-0.0458888,0.0695761,0.0861698,0.0253473,0.174808,0.0542401,0.0363866,0.0187656,-0.0418212,0.0204867,-0.0101976,0.0123223,0.149944,0.0347088,0.0231946,0.0206361,-0.015517,-0.00344185,-0.0282245,0.00772467,0.100302,0.117293,0.00940107,-0.00994796,-0.00713608,-0.00875692,0.00117096,-0.0045345,0.0970162,0.0611747,0.0932909,-0.00172815,0.027053,0.0337232,-0.0112911,-0.00818513,0.0157625,0.0583136,0.0360301,-0.00855932,0.0121343,-0.0395251,0.0506613,0.0975329,-0.0294483,0.00965502
0.0469992,-0.0716328,0.046718,-0.0633491,-0.0168832,0.0205356,-0.0275287,-0.00110058,0.027095,0.055754,0.00862246,0.0353128,0.0801555,0.256612,-0.0348733,-0.00154676,-0.045437,0.0994201,-0.0731994,0.200652,0.0182762,0.108843,0.244134,-0.0473732,0.0683556,0.0854651,0.0264792,0.177847,0.0559086,0.0369644,0.0190891,-0.0437594,0.0202753,-0.0102691,0.0136832,0.15399,0.0374282,0.0227676,0.0206172,-0.0154492,-0.00216058,-0.0286613,0.00770195,0.0995049,0.116553,0.009424,-0.0103202,-0.0068154,-0.00689311,0.00105037,-0.0050259,0.0970088,0.0614104,0.0947536,-0.000711804,0.0254825,0.0339383,-0.0114721,-0.00858433,0.0153387,0.0587604,0.0362029,-0.00852337,0.0124257,-0.0396273,0.053243,0.095806,-0.0288362,0.00891048
0.0479992,-0.0735728,0.0462897,-0.0634947,-0.0160004,0.0196817,-0.0281132,-0.000853936,0.0276703,0.0571297,0.00861534,0.0377773,0.0828613,0.260163,-0.0348838,-0.00156249,-0.0455702,0.102043,-0.0728522,0.203175,0.0190942,0.10901,0.245308,-0.0488539,0.0671156,0.0847343,0.0276088,0.180858,0.057569,0.0375333,0.0194069,-0.0456986,0.0200591,-0.0103391,0.0150451,0.15802,0.0401444,0.0223335,0.0205937,-0.0153792,-0.000873997,-0.0290942,0.00767775,0.0986794,0.115781,0.009445,-0.0106914,-0.00649321,-0.00502475,0.000930015,-0.0055182,0.0969777,0.0616321,0.0961972,0.000302723,0.0238981,0.0341464,-0.0116509,-0.00898366,0.0149087,0.0591957,0.0363691,-0.00848548,0.0127146,-0.0397212,0.0558257,0.0940467,-0.0282152,0.0081615
0.0489992,-0.0755064,0.0458514,-0.0636282,-0.0151119,0.0188191,-0.0286927,-0.000607407,0.0282418,0.0584972,0.00860645,0.0402362,0.0855567,0.263668,-0.0348877,-0.00157699,-0.0456939,0.104657,-0.07249,0.205663,0.0199105,0.109152,0.246427,-0.0503307,0.0658563,0.0839774,0.0287357,0.183842,0.0592209,0.038093,0.0197188,-0.0476384,0.019838,-0.0104077,0.0164076,0.162031,0.0428567,0.0218924,0.0205656,-0.0153069,0.000417645,-0.0295232,0.00765206,0.0978252,0.114976,0.00946404,-0.0110614,-0.00616956,-0.00315225,0.000809932,-0.00601131,0.0969226,0.0618397,0.0976209,0.00131518,0.0223003,0.0343474,-0.0118275,-0.009383,0.0144724,0.0596192,0.0365285,-0.00844566,0.013001,-0.0398067,0.0584086,0.0922552,-0.0275851,0.00740826
0.0499992,-0.0774329,0.0454033,-0.0637493,-0.0142178,0.017948,-0.0292671,-0.000361043,0.0288091,0.0598561,0.00859578,0.0426887,0.0882409,0.267127,-0.0348851,-0.00159023,-0.045808,0.107259,-0.0721127,0.208115,0.0207249,0.109267,0.247491,-0.0518032,0.0645778,0.0831945,0.0298598,0.186796,0.060864,0.0386434,0.0200246,-0.0495785,0.019612,-0.0104749,0.0177704,0.166023,0.0455643,0.0214444,0.0205328,-0.0152325,0.00171408,-0.029948,0.00762487,0.0969421,0.114139,0.00948111,-0.0114301,-0.00584452,-0.00127603,0.000690167,-0.0065051,0.0968435,0.062033,0.0990246,0.0023253,0.0206893,0.034541,-0.012002,-0.00978226,0.0140299,0.0600308,0.0366811,-0.0084039,0.0132847,-0.0398838,0.0609911,0.0904319,-0.0269461,0.00665092
0.0509992,-0.0793519,0.0449456,-0.063858,-0.0133183,0.0170686,-0.0298361,-0.000114898,0.0293721,0.061206,0.0085833,0.0451343,0.0909133,0.270537,-0.0348759,-0.00160218,-0.0459124,0.10985,-0.0717203,0.210531,0.0215373,0.109357,0.248499,-0.0532709,0.0632805,0.0823856,0.0309808,0.18972,0.0624976,0.0391842,0.0203243,-0.0515183,0.0193812,-0.0105407,0.0191333,0.169995,0.0482666,0.0209895,0.0204953,-0.0151559,0.00301503,-0.0303685,0.00759616,0.0960302,0.113268,0.00949619,-0.0117974,-0.00551816,0.000603489,0.000570768,-0.00699947,0.0967401,0.0622119,0.100408,0.00333286,0.0190655,0.0347274,-0.0121741,-0.0101813,0.0135812,0.0604303,0.0368268,-0.00836017,0.0135657,-0.0399526,0.0635726,0.0885769,-0.0262983,0.00588965
0.0519991,-0.0812628,0.0444782,-0.0639543,-0.0124136,0.0161811,-0.0303998,0.000130979,0.0299308,0.0625464,0.008569,0.0475723,0.093573,0.273899,-0.0348599,-0.0016128,-0.046007,0.112429,-0.0713129,0.21291,0.0223475,0.10942,0.249451,-0.0547335,0.0619644,0.0815505,0.0320982,0.192613,0.0641214,0.0397152,0.0206176,-0.0534574,0.0191455,-0.010605,0.0204959,0.173946,0.0509628,0.0205277,0.0204533,-0.0150771,0.00432022,-0.0307846,0.00756592,0.0950895,0.112365,0.00950926,-0.0121633,-0.00519055,0.00248588,0.000451777,-0.00749432,0.0966124,0.062376,0.101769,0.0043376,0.0174293,0.0349062,-0.0123438,-0.0105801,0.0131266,0.0608175,0.0369655,-0.00831448,0.0138439,-0.0400129,0.0661523,0.0866905,-0.0256415,0.00512463
0.0529991,-0.0831653,0.0440012,-0.064038,-0.0115038,0.0152856,-0.0309577,0.000376536,0.0304847,0.063877,0.00855285,0.0500023,0.0962193,0.277209,-0.0348373,-0.00162207,-0.0460918,0.114994,-0.0708904,0.21525,0.0231552,0.109456,0.250345,-0.0561906,0.0606298,0.0806894,0.033212,0.195473,0.065735,0.0402362,0.0209045,-0.0553955,0.018905,-0.0106679,0.0218579,0.177874,0.0536522,0.0200592,0.0204065,-0.0149961,0.00562939,-0.0311961,0.00753414,0.09412,0.111429,0.00952031,-0.0125275,-0.00486174,0.00437074,0.000333241,-0.00798954,0.09646,0.0625254,0.10311,0.00533927,0.015781,0.0350775,-0.0125112,-0.0109785,0.0126659,0.0611922,0.037097,-0.00826682,0.0141192,-0.0400648,0.0687296,0.0847729,-0.024976,0.00435602
0.0539991,-0.0850586,0.0435149,-0.0641092,-0.0105892,0.0143825,-0.0315099,0.000621722,0.0310339,0.0651972,0.00853482,0.0524235,0.0988516,0.280468,-0.0348079,-0.00162996,-0.0461667,0.117546,-0.0704529,0.217551,0.0239602,0.109465,0.251182,-0.0576419,0.0592769,0.0798023,0.0343217,0.198301,0.0673378,0.0407469,0.0211847,-0.057332,0.0186598,-0.0107294,0.023219,0.181779,0.0563341,0.0195838,0.0203552,-0.0149129,0.00694224,-0.0316029,0.0075008,0.0931218,0.11046,0.00952933,-0.0128901,-0.00453181,0.00625762,0.000215202,-0.00848502,0.096283,0.0626598,0.104428,0.00633764,0.0141209,0.0352411,-0.0126761,-0.0113763,0.0121994,0.0615542,0.0372213,-0.00821718,0.0143915,-0.0401082,0.0713038,0.0828245,-0.0243016,0.003584
0.0549991,-0.0869425,0.0430192,-0.0641677,-0.00966981,0.0134718,-0.032056,0.000866488,0.0315781,0.0665068,0.00851491,0.0548354,0.101469,0.283673,-0.0347718,-0.00163643,-0.0462316,0.120084,-0.0700004,0.219813,0.0247625,0.109447,0.25196,-0.0590869,0.057906,0.0788891,0.0354271,0.201095,0.0689295,0.0412472,0.0214581,-0.0592666,0.0184097,-0.0107894,0.024579,0.185659,0.0590077,0.0191017,0.0202992,-0.0148275,0.00825851,-0.0320048,0.0074659,0.0920949,0.109458,0.0095363,-0.0132509,-0.00420083,0.00814611,9.7706e-05,-0.00898063,0.0960812,0.0627792,0.105724,0.00733245,0.0124495,0.0353969,-0.0128386,-0.0117736,0.0117271,0.0619033,0.0373383,-0.00816556,0.0146606,-0.0401431,0.0738743,0.0808455,-0.0236185,0.00280876
0.0559991,-0.0888163,0.0425143,-0.0642134,-0.00874593,0.0125537,-0.032596,0.00111078,0.0321171,0.0678052,0.0084931,0.0572374,0.104071,0.286825,-0.0347287,-0.00164145,-0.0462864,0.122607,-0.0695329,0.222033,0.0255618,0.109402,0.252679,-0.0605253,0.0565172,0.07795,0.0365278,0.203854,0.0705095,0.0417369,0.0217246,-0.0611988,0.0181549,-0.0108481,0.0259374,0.189514,0.0616724,0.018613,0.0202385,-0.0147399,0.0095779,-0.0324017,0.00742943,0.0910393,0.108423,0.0095412,-0.0136097,-0.00386885,0.0100358,-1.92039e-05,-0.00947629,0.0958544,0.0628832,0.106997,0.00832348,0.010767,0.0355448,-0.0129985,-0.0121701,0.011249,0.0622394,0.0374478,-0.00811194,0.0149267,-0.0401696,0.0764403,0.0788363,-0.0229268,0.00203046
0.0569991,-0.0906795,0.0420002,-0.0642464,-0.00781772,0.0116286,-0.0331296,0.00135455,0.0326508,0.069092,0.00846935,0.0596289,0.106656,0.289921,-0.0346789,-0.001645,-0.0463312,0.125114,-0.0690505,0.224213,0.0263578,0.10933,0.253338,-0.0619566,0.0551107,0.0769849,0.0376238,0.206577,0.0720776,0.0422157,0.021984,-0.0631281,0.0178953,-0.0109052,0.027294,0.193341,0.0643274,0.0181177,0.0201733,-0.0146501,0.0109001,-0.0327935,0.00739137,0.0899552,0.107355,0.00954402,-0.0139666,-0.00353595,0.0119262,-0.000135484,-0.00997186,0.0956025,0.0629719,0.108247,0.00931048,0.00907399,0.0356847,-0.0131558,-0.0125658,0.0107653,0.0625624,0.0375499,-0.00805633,0.0151894,-0.0401876,0.0790013,0.0767972,-0.0222264,0.0012493
0.057999,-0.0925317,0.0414771,-0.0642666,-0.00688536,0.0106966,-0.0336568,0.00159775,0.033179,0.0703669,0.00844366,0.0620093,0.109225,0.29296,-0.0346221,-0.00164705,-0.0463657,0.127604,-0.0685532,0.22635,0.0271505,0.10923,0.253936,-0.0633807,0.0536869,0.075994,0.0387145,0.209263,0.0736331,0.0426834,0.0222362,-0.0650542,0.017631,-0.010961,0.0286485,0.197142,0.0669721,0.0176158,0.0201035,-0.0145581,0.0122249,-0.0331799,0.00735171,0.0888426,0.106254,0.00954476,-0.0143213,-0.00320219,0.0138169,-0.000251091,-0.0104673,0.0953255,0.0630451,0.109474,0.0102932,0.0073707,0.0358165,-0.0133104,-0.0129606,0.010276,0.0628719,0.0376443,-0.00799872,0.0154488,-0.0401971,0.0815564,0.0747286,-0.0215174,0.000465453
0.058999,-0.0943723,0.0409451,-0.0642739,-0.00594904,0.00975783,-0.0341772,0.00184033,0.0337015,0.0716295,0.00841601,0.064378,0.111776,0.295942,-0.0345584,-0.00164756,-0.04639,0.130077,-0.0680409,0.228444,0.0279396,0.109102,0.254474,-0.0647969,0.052246,0.0749774,0.0397998,0.211911,0.0751757,0.0431398,0.022481,-0.0669765,0.0173619,-0.0110154,0.0300006,0.200913,0.0696056,0.0171074,0.0200291,-0.014464,0.013552,-0.0335609,0.00731045,0.0877016,0.105121,0.00954339,-0.0146738,-0.00286765,0.0157076,-0.000365983,-0.0109623,0.0950233,0.0631026,0.110676,0.0112714,0.00565759,0.0359402,-0.0134624,-0.0133544,0.0097813,0.0631679,0.037731,-0.0079391,0.0157047,-0.0401981,0.084105,0.0726307,-0.0207999,-0.000320897
0.059999,-0.0962008,0.0404042,-0.0642683,-0.00500896,0.00881264,-0.0346908,0.00208224,0.0342181,0.0728792,0.00838637,0.0667345,0.114308,0.298864,-0.0344877,-0.00164651,-0.046404,0.132532,-0.0675139,0.230495,0.028725,0.108946,0.25495,-0.066205,0.0507883,0.073935,0.0408793,0.214521,0.076705,0.0435848,0.0227184,-0.0688947,0.0170882,-0.0110683,0.0313499,0.204654,0.0722274,0.0165926,0.0199501,-0.0143676,0.014881,-0.0339363,0.00726757,0.0865324,0.103954,0.00953991,-0.015024,-0.00253239,0.0175976,-0.000480115,-0.011457,0.0946957,0.0631444,0.111854,0.012245,0.00393503,0.0360556,-0.0136117,-0.0137469,0.0092812,0.0634503,0.0378099,-0.00787748,0.0159572,-0.0401906,0.0866464,0.0705039,-0.020074,-0.00110956
0.060999,-0.0980167,0.0398547,-0.0642497,-0.00406529,0.00786122,-0.0351974,0.00232344,0.0347287,0.0741158,0.00835474,0.069078,0.116821,0.301727,-0.0344101,-0.00164388,-0.0464077,0.134969,-0.0669721,0.232501,0.0295064,0.108763,0.255364,-0.0676046,0.0493139,0.072867,0.0419528,0.217091,0.0782205,0.0440182,0.0229482,-0.0708082,0.0168099,-0.0111198,0.0326961,0.208364,0.0748366,0.0160715,0.0198666,-0.014269,0.0162117,-0.034306,0.00722307,0.085335,0.102755,0.00953431,-0.0153718,-0.00219649,0.0194868,-0.000593448,-0.0119511,0.0943427,0.0631703,0.113007,0.0132135,0.00220344,0.0361626,-0.0137582,-0.0141383,0.00877584,0.0637187,0.037881,-0.00781385,0.016206,-0.0401747,0.0891799,0.0683487,-0.0193397,-0.00190035
0.061999,-0.0998196,0.0392966,-0.0642181,-0.00311824,0.00690378,-0.0356969,0.00256386,0.0352331,0.0753388,0.00832109,0.0714082,0.119314,0.304529,-0.0343254,-0.00163963,-0.046401,0.137386,-0.0664155,0.234462,0.0302836,0.108551,0.255715,-0.0689953,0.0478232,0.0717735,0.04302,0.219621,0.0797218,0.0444397,0.0231703,-0.0727167,0.0165269,-0.0111699,0.034039,0.212042,0.0774326,0.015544,0.0197786,-0.0141682,0.0175437,-0.0346699,0.00717694,0.0841095,0.101523,0.00952658,-0.015717,-0.00186,0.0213745,-0.000705937,-0.0124446,0.0939642,0.0631802,0.114135,0.0141769,0.000463229,0.0362612,-0.0139019,-0.0145282,0.0082653,0.0639732,0.0379441,-0.00774821,0.0164511,-0.0401502,0.0917048,0.0661654,-0.018597,-0.00269308
0.062999,-0.101609,0.0387301,-0.0641735,-0.002168,0.00594056,-0.036189,0.00280347,0.0357312,0.0765478,0.00828541,0.0737243,0.121787,0.307268,-0.0342337,-0.00163375,-0.0463838,0.139783,-0.0658443,0.236377,0.0310565,0.108311,0.256003,-0.0703767,0.0463165,0.0706547,0.0440806,0.22211,0.0812085,0.0448492,0.0233845,-0.0746197,0.0162394,-0.0112185,0.0353783,0.215687,0.0800147,0.0150104,0.019686,-0.0140652,0.0188769,-0.0350277,0.00712916,0.0828561,0.100258,0.0095167,-0.0160597,-0.00152301,0.0232603,-0.000817543,-0.0129374,0.0935602,0.0631739,0.115238,0.0151348,-0.00128519,0.0363513,-0.0140427,-0.0149167,0.00774969,0.0642136,0.0379991,-0.00768055,0.0166925,-0.0401174,0.0942205,0.0639545,-0.0178461,-0.00348755
0.0639989,-0.103384,0.0381552,-0.0641159,-0.00121477,0.0049718,-0.0366737,0.00304221,0.0362227,0.0777425,0.00824769,0.0760259,0.124238,0.309944,-0.0341349,-0.00162621,-0.0463562,0.14216,-0.0652585,0.238246,0.031825,0.108042,0.256228,-0.0717484,0.0447941,0.0695106,0.0451343,0.224556,0.0826801,0.0452465,0.0235907,-0.0765167,0.0159472,-0.0112658,0.0367135,0.219297,0.0825822,0.0144705,0.0195889,-0.0139601,0.0202108,-0.0353794,0.00707974,0.081575,0.0989604,0.00950468,-0.0163996,-0.00118557,0.0251439,-0.000928223,-0.0134292,0.0931305,0.0631515,0.116314,0.0160872,-0.0030414,0.0364327,-0.0141807,-0.0153036,0.00722912,0.0644396,0.0380461,-0.00761089,0.0169299,-0.040076,0.0967261,0.0617163,-0.017087,-0.00428358
0.0649989,-0.105145,0.0375721,-0.0640451,-0.000258743,0.00399773,-0.0371507,0.00328004,0.0367074,0.0789223,0.00820791,0.0783123,0.126667,0.312556,-0.034029,-0.00161698,-0.0463181,0.144515,-0.0646581,0.240067,0.0325887,0.107745,0.256389,-0.0731102,0.0432561,0.0683414,0.0461809,0.226959,0.0841363,0.0456314,0.0237888,-0.0784072,0.0156506,-0.0113116,0.0380445,0.222872,0.0851343,0.0139247,0.0194874,-0.0138527,0.0215452,-0.0357249,0.00702865,0.0802664,0.0976306,0.00949049,-0.0167367,-0.000847773,0.0270248,-0.00103794,-0.0139201,0.0926753,0.0631128,0.117365,0.0170336,-0.00480496,0.0365055,-0.0143157,-0.0156888,0.0067037,0.0646513,0.0380848,-0.00753921,0.0171635,-0.0400262,0.0992211,0.0594513,-0.0163198,-0.00508096
0.0659989,-0.10689,0.0369809,-0.0639613,0.000699875,0.00301861,-0.0376199,0.00351691,0.0371854,0.080087,0.00816606,0.080583,0.129073,0.315102,-0.033916,-0.00160605,-0.0462694,0.146848,-0.0640433,0.241841,0.0333475,0.10742,0.256485,-0.0744615,0.0417031,0.0671472,0.0472201,0.229319,0.0855767,0.0460037,0.0239787,-0.0802909,0.0153494,-0.0113561,0.0393708,0.226411,0.0876705,0.0133728,0.0193815,-0.0137432,0.0228798,-0.0360639,0.00697591,0.0789303,0.0962684,0.00947415,-0.0170708,-0.000509674,0.0289026,-0.00114665,-0.0144099,0.0921944,0.0630577,0.118388,0.017974,-0.00657546,0.0365695,-0.0144477,-0.0160721,0.00617354,0.0648484,0.0381153,-0.00746552,0.0173931,-0.039968,0.101705,0.0571599,-0.0155447,-0.00587951
0.0669989,-0.10862,0.0363818,-0.0638643,0.00166088,0.00203466,-0.0380812,0.00375278,0.0376562,0.0812362,0.00812212,0.0828374,0.131456,0.317582,-0.0337959,-0.00159338,-0.0462102,0.149158,-0.0634141,0.243566,0.0341013,0.107065,0.256516,-0.0758021,0.0401351,0.0659283,0.0482515,0.231633,0.0870008,0.0463634,0.0241603,-0.0821672,0.0150439,-0.0113991,0.0406923,0.229913,0.0901899,0.0128151,0.0192711,-0.0136315,0.0242142,-0.0363964,0.0069215,0.077567,0.094874,0.00945563,-0.017402,-0.000171347,0.0307768,-0.00125431,-0.0148984,0.0916878,0.0629861,0.119385,0.0189081,-0.00835245,0.0366248,-0.0145768,-0.0164536,0.00563874,0.0650308,0.0381374,-0.00738982,0.0176185,-0.0399014,0.104176,0.0548426,-0.0147616,-0.00667903
0.0679989,-0.110334,0.0357749,-0.0637543,0.00262408,0.00104614,-0.0385344,0.0039876,0.0381199,0.0823694,0.00807608,0.085075,0.133815,0.319995,-0.0336687,-0.00157897,-0.0461404,0.151445,-0.0627706,0.245241,0.0348498,0.106682,0.256482,-0.0771316,0.0385527,0.0646847,0.049275,0.233902,0.0884082,0.0467102,0.0243335,-0.0840357,0.0147338,-0.0114408,0.0420085,0.233376,0.092692,0.0122515,0.0191563,-0.0135177,0.0255482,-0.0367222,0.00686541,0.0761767,0.0934476,0.00943493,-0.01773,0.000167135,0.0326469,-0.00136089,-0.0153857,0.0911556,0.062898,0.120355,0.0198358,-0.0101355,0.0366711,-0.0147027,-0.016833,0.00509944,0.0651984,0.0381511,-0.00731211,0.0178398,-0.0398265,0.106635,0.0524999,-0.0139706,-0.00747931
0.0689989,-0.112031,0.0351603,-0.063631,0.00358926,5.33073e-05,-0.0389794,0.00422131,0.0385763,0.0834864,0.00802794,0.0872953,0.136149,0.322339,-0.0335343,-0.00156278,-0.0460599,0.153708,-0.0621128,0.246867,0.0355929,0.106271,0.256382,-0.0784496,0.036956,0.0634166,0.0502902,0.236125,0.0897985,0.047044,0.0244982,-0.0858959,0.0144194,-0.011481,0.0433192,0.236799,0.095176,0.0116822,0.0190372,-0.0134017,0.0268815,-0.0370413,0.00680764,0.0747596,0.0919893,0.00941206,-0.0180548,0.000505701,0.0345127,-0.00146635,-0.0158714,0.0905976,0.0627932,0.121297,0.0207567,-0.0119241,0.0367084,-0.0148256,-0.0172103,0.00455574,0.0653511,0.0381563,-0.0072324,0.0180569,-0.0397432,0.10908,0.0501323,-0.0131719,-0.00828017
0.0699988,-0.113711,0.0345382,-0.0634947,0.00455621,-0.000943591,-0.039416,0.00445388,0.0390251,0.0845866,0.00797767,0.0894976,0.138458,0.324614,-0.0333928,-0.00154481,-0.0459688,0.155946,-0.061441,0.248442,0.0363304,0.10583,0.256217,-0.0797557,0.0353455,0.0621243,0.0512969,0.238301,0.0911714,0.0473646,0.0246542,-0.0877474,0.0141007,-0.0115199,0.0446241,0.240182,0.0976413,0.0111073,0.0189138,-0.0132835,0.0282136,-0.0373534,0.00674818,0.0733159,0.0904992,0.009387,-0.0183763,0.00084428,0.0363735,-0.00157065,-0.0163556,0.090014,0.0626718,0.122211,0.0216707,-0.013718,0.0367368,-0.0149454,-0.0175854,0.00400776,0.0654887,0.038153,-0.00715069,0.0182696,-0.0396516,0.111511,0.0477402,-0.0123656,-0.0090814
0.0709988,-0.115374,0.0339087,-0.0633452,0.00552474,-0.00194429,-0.0398441,0.00468526,0.0394662,0.0856698,0.00792527,0.0916815,0.14074,0.326819,-0.0332441,-0.00152503,-0.0458671,0.158158,-0.0607551,0.249967,0.0370621,0.105361,0.255985,-0.0810496,0.0337214,0.060808,0.0522949,0.240428,0.0925265,0.0476719,0.0248014,-0.0895897,0.0137777,-0.0115573,0.0459228,0.243524,0.100087,0.0105269,0.018786,-0.0131632,0.0295445,-0.0376585,0.00668703,0.0718459,0.0889776,0.00935974,-0.0186944,0.0011828,0.0382291,-0.00167375,-0.0168381,0.0894047,0.0625336,0.123097,0.0225776,-0.0155165,0.036756,-0.015062,-0.0179581,0.00345564,0.0656112,0.038141,-0.00706698,0.018478,-0.0395517,0.113928,0.0453241,-0.0115518,-0.00988281
0.0719988,-0.117019,0.0332719,-0.0631826,0.00649462,-0.00294854,-0.0402635,0.00491541,0.0398996,0.0867356,0.00787073,0.0938464,0.142996,0.328952,-0.0330883,-0.00150343,-0.0457547,0.160344,-0.0600553,0.251439,0.0377878,0.104862,0.255687,-0.0823309,0.0320841,0.0594678,0.0532837,0.242507,0.0938634,0.0479657,0.0249399,-0.0914224,0.0134505,-0.0115934,0.047215,0.246823,0.102513,0.00994096,0.018654,-0.0130407,0.0308736,-0.0379564,0.00662419,0.0703498,0.0874248,0.0093303,-0.019009,0.00152119,0.0400789,-0.00177562,-0.0173189,0.0887698,0.0623787,0.123954,0.0234771,-0.0173192,0.0367661,-0.0151755,-0.0183283,0.00289949,0.0657185,0.0381204,-0.00698128,0.0186819,-0.0394435,0.116328,0.0428847,-0.0107305,-0.0106842
0.0729988,-0.118645,0.0326281,-0.0630068,0.00746565,-0.00395608,-0.0406741,0.00514427,0.0403249,0.0877836,0.00781404,0.0959918,0.145224,0.331013,-0.0329253,-0.00147998,-0.0456316,0.162504,-0.0593417,0.25286,0.0385074,0.104335,0.255321,-0.0835993,0.030434,0.0581041,0.0542633,0.244536,0.0951816,0.0482459,0.0250694,-0.093245,0.013119,-0.0116281,0.0485005,0.250079,0.104918,0.00934972,0.0185178,-0.0129161,0.0322007,-0.038247,0.00655966,0.0688279,0.0858408,0.00929866,-0.01932,0.00185937,0.0419225,-0.00187621,-0.0177977,0.0881094,0.0622069,0.124783,0.0243692,-0.0191258,0.036767,-0.0152857,-0.018696,0.00233945,0.0658104,0.0380911,-0.00689359,0.0188813,-0.0393272,0.118713,0.0404223,-0.00990183,-0.0114853
0.0739988,-0.120252,0.0319773,-0.062818,0.00843761,-0.00496662,-0.0410759,0.00537181,0.0407422,0.0888135,0.0077552,0.0981172,0.147424,0.333001,-0.0327551,-0.00145468,-0.0454978,0.164635,-0.0586144,0.254227,0.0392206,0.103779,0.254889,-0.0848544,0.0287713,0.0567169,0.0552333,0.246515,0.0964809,0.0485124,0.0251899,-0.095057,0.0127834,-0.0116615,0.049779,0.25329,0.107302,0.00875323,0.0183774,-0.0127893,0.0335256,-0.0385302,0.00649342,0.0672803,0.0842259,0.00926483,-0.0196273,0.00219728,0.0437596,-0.0019755,-0.0182744,0.0874234,0.0620182,0.125583,0.0252536,-0.0209356,0.0367587,-0.0153926,-0.0190609,0.00177565,0.0658868,0.038053,-0.00680393,0.0190761,-0.0392027,0.12108,0.0379377,-0.00906599,-0.012286
0.0749988,-0.12184,0.0313197,-0.062616,0.0094103,-0.00597992,-0.0414685,0.00559798,0.0411511,0.0898248,0.00769419,0.100222,0.149595,0.334916,-0.0325778,-0.0014275,-0.0453533,0.166739,-0.0578734,0.255541,0.0399274,0.103194,0.254389,-0.0860958,0.0270965,0.0553067,0.0561934,0.248443,0.0977609,0.0487651,0.0253014,-0.096858,0.0124437,-0.0116935,0.0510501,0.256456,0.109664,0.00815161,0.0182329,-0.0126605,0.0348477,-0.0388059,0.00642548,0.0657075,0.0825804,0.0092288,-0.0199308,0.00253484,0.0455896,-0.00207345,-0.018749,0.0867119,0.0618125,0.126354,0.02613,-0.0227483,0.0367411,-0.0154963,-0.0194231,0.00120822,0.0659477,0.038006,-0.0067123,0.0192663,-0.0390701,0.12343,0.0354312,-0.00822305,-0.0130861
0.0759988,-0.123407,0.0306555,-0.062401,0.0103835,-0.0069957,-0.041852,0.00582274,0.0415517,0.0908174,0.007631,0.102306,0.151737,0.336756,-0.0323933,-0.00139844,-0.0451982,0.168814,-0.057119,0.256802,0.0406275,0.10258,0.253822,-0.0873232,0.0254099,0.0538735,0.0571434,0.25032,0.0990212,0.0490037,0.0254037,-0.0986475,0.0120999,-0.0117241,0.0523135,0.259576,0.112003,0.00754496,0.0180842,-0.0125295,0.036167,-0.0390739,0.00635583,0.0641097,0.0809046,0.00919058,-0.0202305,0.00287198,0.0474122,-0.00217002,-0.0192214,0.085975,0.06159,0.127095,0.0269984,-0.0245634,0.0367142,-0.0155967,-0.0197824,0.00063729,0.0659931,0.0379502,-0.0066187,0.0194517,-0.0389294,0.125761,0.0329036,-0.00737313,-0.0138853
0.0769987,-0.124955,0.0299848,-0.0621729,0.011357,-0.00801368,-0.0422262,0.00604604,0.0419437,0.0917908,0.00756564,0.104368,0.153849,0.33852,-0.0322017,-0.00136749,-0.0450324,0.17086,-0.0563513,0.258008,0.0413207,0.101937,0.253187,-0.0885363,0.0237119,0.0524178,0.0580831,0.252143,0.100261,0.0492283,0.0254967,-0.100425,0.0117522,-0.0117534,0.0535689,0.262648,0.114318,0.00693339,0.0179315,-0.0123964,0.037483,-0.0393342,0.00628448,0.0624873,0.0791986,0.00915015,-0.0205262,0.00320862,0.0492269,-0.00226519,-0.0196914,0.0852129,0.0613504,0.127806,0.0278585,-0.0263803,0.0366778,-0.0156938,-0.0201387,6.30108e-05,0.0660227,0.0378854,-0.00652315,0.0196324,-0.0387807,0.128073,0.0303553,-0.00651635,-0.0146835
0.0779987,-0.126481,0.0293078,-0.0619319,0.0123306,-0.00903359,-0.042591,0.00626784,0.042327,0.0927447,0.0074981,0.106408,0.15593,0.340208,-0.0320029,-0.00133463,-0.0448559,0.172875,-0.0555703,0.259159,0.042007,0.101265,0.252485,-0.0897348,0.0220029,0.0509398,0.0590121,0.253914,0.101481,0.0494387,0.0255804,-0.10219,0.0114005,-0.0117813,0.0548161,0.265672,0.11661,0.00631701,0.0177747,-0.0122612,0.0387954,-0.0395866,0.00621142,0.0608404,0.0774629,0.00910754,-0.0208178,0.0035447,0.0510332,-0.00235891,-0.0201588,0.0844255,0.0610939,0.128487,0.0287101,-0.0281987,0.0366321,-0.0157875,-0.0204918,-0.000514483,0.0660365,0.0378117,-0.00642565,0.0198082,-0.038624,0.130366,0.0277871,-0.00565284,-0.0154804
0.0789987,-0.127987,0.0286246,-0.0616778,0.013304,-0.0100551,-0.0429462,0.00648811,0.0427015,0.0936787,0.00742838,0.108426,0.15798,0.341819,-0.031797,-0.00129984,-0.0446688,0.17486,-0.0547762,0.260254,0.042686,0.100565,0.251714,-0.0909181,0.0202833,0.0494398,0.0599303,0.255631,0.10268,0.0496348,0.0256547,-0.103942,0.011045,-0.0118079,0.0560547,0.268647,0.118877,0.00569595,0.017614,-0.012124,0.0401039,-0.039831,0.00613665,0.0591695,0.0756976,0.00906274,-0.0211053,0.00388014,0.0528309,-0.00245116,-0.0206237,0.0836129,0.0608204,0.129138,0.0295531,-0.030018,0.0365769,-0.0158778,-0.0208417,-0.00109505,0.0660346,0.0377289,-0.00632622,0.0199792,-0.0384594,0.132638,0.0251994,-0.00478274,-0.0162759
0.0799987,-0.12947,0.0279354,-0.0614108,0.0142771,-0.0110781,-0.0432918,0.00670678,0.0430669,0.0945926,0.00735646,0.11042,0.159999,0.343352,-0.0315839,-0.00126313,-0.0444711,0.176814,-0.0539692,0.261294,0.0433578,0.0998361,0.250875,-0.0920862,0.0185533,0.047918,0.0608374,0.257293,0.103858,0.0498164,0.0257196,-0.105681,0.0106856,-0.0118331,0.0572844,0.271572,0.12112,0.00507031,0.0174494,-0.0119846,0.0414083,-0.0400673,0.00606018,0.057475,0.0739032,0.00901574,-0.0213886,0.00421487,0.0546194,-0.0025419,-0.0210858,0.0827754,0.0605299,0.129759,0.0303874,-0.0318378,0.0365123,-0.0159647,-0.0211883,-0.00167854,0.0660167,0.0376371,-0.00622486,0.0201451,-0.0382869,0.134889,0.0225929,-0.00390616,-0.0170696
0.0809987,-0.130931,0.0272404,-0.061131,0.0152496,-0.0121021,-0.0436276,0.00692384,0.0434233,0.095486,0.00728235,0.112391,0.161984,0.344807,-0.0313638,-0.00122448,-0.0442628,0.178736,-0.0531493,0.262278,0.044022,0.0990784,0.249969,-0.0932385,0.0168136,0.0463748,0.0617331,0.2589,0.105015,0.0499836,0.025775,-0.107406,0.0103225,-0.011857,0.058505,0.274445,0.123336,0.00444022,0.0172808,-0.0118433,0.042708,-0.0402954,0.00598201,0.055757,0.0720799,0.00896656,-0.0216676,0.00454881,0.0563984,-0.00263111,-0.0215451,0.081913,0.0602225,0.130349,0.0312126,-0.0336575,0.0364382,-0.0160481,-0.0215315,-0.00226481,0.0659829,0.0375363,-0.00612159,0.0203061,-0.0381067,0.137119,0.0199682,-0.00302326,-0.0178616
0.0819987,-0.13237,0.0265397,-0.0608383,0.0162213,-0.0131269,-0.0439535,0.00713923,0.0437705,0.0963587,0.00720605,0.114339,0.163937,0.346183,-0.0311366,-0.00118389,-0.0440439,0.180625,-0.0523168,0.263205,0.0446785,0.0982923,0.248994,-0.0943748,0.0150643,0.0448106,0.0626172,0.260452,0.10615,0.0501361,0.0258208,-0.109117,0.00995562,-0.0118797,0.0597161,0.277267,0.125526,0.0038058,0.0171085,-0.0116998,0.044003,-0.0405153,0.00590213,0.0540161,0.070228,0.00891521,-0.0219422,0.00488189,0.0581673,-0.00271875,-0.0220015,0.0810259,0.059898,0.130909,0.0320287,-0.0354767,0.0363545,-0.0161281,-0.0218711,-0.00285371,0.0659331,0.0374263,-0.00601643,0.020462,-0.0379187,0.139325,0.017326,-0.00213418,-0.0186514
0.0829986,-0.133786,0.0258335,-0.0605327,0.017192,-0.0141523,-0.0442695,0.00735291,0.0441083,0.0972102,0.00712756,0.116261,0.165857,0.347478,-0.0309023,-0.00114135,-0.0438144,0.182481,-0.0514718,0.264074,0.0453272,0.0974777,0.247951,-0.0954948,0.013306,0.0432256,0.0634895,0.261947,0.107263,0.050274,0.0258571,-0.110814,0.00958516,-0.0119009,0.0609175,0.280037,0.127689,0.00316719,0.0169323,-0.0115544,0.0452928,-0.0407267,0.00582054,0.0522526,0.068348,0.00886168,-0.0222123,0.00521404,0.0599259,-0.0028048,-0.0224547,0.0801141,0.0595566,0.131437,0.0328355,-0.0372949,0.0362613,-0.0162047,-0.022207,-0.00344509,0.0658672,0.0373071,-0.00590937,0.0206128,-0.0377231,0.141509,0.014667,-0.00123905,-0.019439
0.0839986,-0.135178,0.025122,-0.0602145,0.0181615,-0.0151779,-0.0445753,0.00756485,0.0444366,0.0980403,0.00704687,0.118159,0.167742,0.348694,-0.030661,-0.00109686,-0.0435744,0.184304,-0.0506145,0.264887,0.0459679,0.0966348,0.24684,-0.0965981,0.0115391,0.0416202,0.0643497,0.263385,0.108353,0.0503972,0.0258836,-0.112495,0.00921113,-0.0119209,0.0621089,0.282752,0.129824,0.0025245,0.0167524,-0.0114069,0.046577,-0.0409296,0.00573726,0.0504668,0.0664402,0.00880598,-0.0224778,0.00554518,0.0616736,-0.00288922,-0.0229048,0.0791779,0.0591982,0.131935,0.0336328,-0.0391115,0.0361585,-0.0162777,-0.0225393,-0.00403879,0.0657853,0.0371788,-0.00580045,0.0207584,-0.0375198,0.143669,0.0119917,-0.000338032,-0.020224
0.0849986,-0.136546,0.0244054,-0.0598836,0.0191295,-0.0162034,-0.044871,0.007775,0.0447553,0.0988488,0.00696399,0.120032,0.169592,0.349828,-0.0304128,-0.0010504,-0.043324,0.186092,-0.0497449,0.265641,0.0466005,0.0957638,0.24566,-0.0976844,0.00976398,0.0399947,0.0651976,0.264766,0.109421,0.0505055,0.0259004,-0.11416,0.0088336,-0.0119396,0.0632899,0.285413,0.131932,0.00187786,0.0165689,-0.0112574,0.0478555,-0.0411239,0.00565229,0.0486593,0.064505,0.00874812,-0.0227388,0.00587525,0.0634102,-0.002972,-0.0233516,0.0782174,0.058823,0.132401,0.0344204,-0.0409261,0.0360462,-0.0163472,-0.0228676,-0.00463466,0.0656873,0.0370414,-0.00568967,0.0208988,-0.037309,0.145805,0.00930087,0.000568724,-0.0210064
0.0859986,-0.13789,0.0236837,-0.05954,0.0200958,-0.0172286,-0.0451563,0.00798333,0.0450643,0.0996352,0.00687892,0.121878,0.171407,0.35088,-0.0301575,-0.00100199,-0.0430631,0.187846,-0.0488633,0.266337,0.0472247,0.0948647,0.244413,-0.0987534,0.00798103,0.0383496,0.0660329,0.266088,0.110466,0.0505989,0.0259075,-0.115809,0.00845265,-0.011957,0.0644604,0.288019,0.13401,0.00122742,0.0163817,-0.0111059,0.0491279,-0.0413095,0.00556562,0.0468303,0.0625428,0.0086881,-0.022995,0.00620416,0.0651351,-0.00305309,-0.0237949,0.0772328,0.0584309,0.132835,0.0351983,-0.0427382,0.0359242,-0.0164132,-0.023192,-0.00523255,0.0655731,0.0368947,-0.00557704,0.021034,-0.0370907,0.147915,0.00659517,0.00148106,-0.0217858
0.0869986,-0.139209,0.0229573,-0.059184,0.0210602,-0.0182532,-0.0454313,0.00818979,0.0453634,0.100399,0.00679166,0.123699,0.173187,0.351851,-0.0298953,-0.000951612,-0.0427918,0.189564,-0.0479699,0.266975,0.0478405,0.0939376,0.243098,-0.0998048,0.0061907,0.0366851,0.0668555,0.267352,0.111487,0.0506774,0.0259048,-0.117442,0.00806834,-0.0119731,0.0656199,0.290569,0.13606,0.000573304,0.0161909,-0.0109525,0.0503938,-0.0414864,0.00547727,0.0449803,0.060554,0.00862595,-0.0232464,0.00653185,0.0668479,-0.00313249,-0.0242347,0.0762242,0.058022,0.133238,0.0359663,-0.0445473,0.0357927,-0.0164757,-0.0235123,-0.00583229,0.0654428,0.0367387,-0.00546259,0.0211638,-0.0368651,0.15,0.00387531,0.00239882,-0.0225622
0.0879986,-0.140502,0.0222262,-0.0588154,0.0220225,-0.0192768,-0.0456959,0.00839434,0.0456526,0.101141,0.00670222,0.125492,0.17493,0.352738,-0.0296261,-0.000899271,-0.0425102,0.191246,-0.0470647,0.267554,0.0484477,0.0929829,0.241714,-0.100838,0.00439344,0.0350017,0.0676652,0.268557,0.112485,0.0507409,0.0258923,-0.119058,0.00768074,-0.0119879,0.0667683,0.293062,0.13808,-8.43452e-05,0.0159967,-0.0107971,0.0516529,-0.0416543,0.00538724,0.0431097,0.058539,0.00856165,-0.023493,0.00685824,0.0685483,-0.00321015,-0.0246709,0.075192,0.0575963,0.13361,0.0367242,-0.0463529,0.0356516,-0.0165346,-0.0238285,-0.00643372,0.0652963,0.0365736,-0.00534633,0.0212883,-0.0366321,0.152058,0.00114196,0.00332184,-0.0233352
0.0889985,-0.141771,0.0214907,-0.0584345,0.0229825,-0.0202992,-0.0459498,0.00859696,0.0459317,0.10186,0.0066106,0.127259,0.176636,0.353543,-0.0293501,-0.000844967,-0.0422183,0.192891,-0.0461481,0.268073,0.0490461,0.0920005,0.240264,-0.101854,0.00258966,0.0332998,0.0684616,0.269702,0.11346,0.0507893,0.02587,-0.120657,0.00728993,-0.0120015,0.0679053,0.295497,0.140069,-0.000745388,0.015799,-0.0106397,0.052905,-0.0418134,0.00529553,0.041219,0.0564982,0.00849523,-0.0237346,0.00718327,0.0702359,-0.00328607,-0.0251034,0.0741362,0.0571539,0.13395,0.0374719,-0.0481544,0.0355009,-0.0165899,-0.0241404,-0.00703669,0.0651336,0.0363992,-0.00522829,0.0214074,-0.0363919,0.154089,-0.00160414,0.00424995,-0.0241047
0.0899985,-0.143013,0.020751,-0.0580412,0.0239399,-0.0213202,-0.0461932,0.0087976,0.0462007,0.102556,0.00651681,0.128999,0.178305,0.354264,-0.0290673,-0.000788703,-0.0419162,0.1945,-0.0452201,0.268534,0.0496356,0.0909908,0.238745,-0.10285,0.000779826,0.0315798,0.0692446,0.270787,0.11441,0.0508227,0.0258378,-0.122237,0.00689598,-0.0120138,0.0690305,0.297873,0.142028,-0.00140968,0.0155978,-0.0104805,0.0541497,-0.0419634,0.00520215,0.0393086,0.0544321,0.00842669,-0.0239712,0.00750685,0.0719102,-0.0033602,-0.0255319,0.0730571,0.0566949,0.134257,0.0382092,-0.0499514,0.0353407,-0.0166416,-0.0244479,-0.00764102,0.0649547,0.0362156,-0.00510847,0.0215211,-0.0361446,0.156093,-0.00436229,0.00518298,-0.0248704
0.0909985,-0.144228,0.0200071,-0.0576358,0.0248945,-0.0223392,-0.0464258,0.00899622,0.0464594,0.103228,0.00642085,0.13071,0.179936,0.3549,-0.0287777,-0.000730481,-0.0416039,0.196071,-0.044281,0.268934,0.050216,0.0899538,0.23716,-0.103828,-0.00103563,0.029842,0.0700139,0.271811,0.115335,0.0508409,0.0257957,-0.1238,0.00649898,-0.0120248,0.0701437,0.300191,0.143955,-0.00207708,0.0153934,-0.0103193,0.0553867,-0.0421042,0.00510711,0.037379,0.0523412,0.00835605,-0.0242028,0.00782891,0.0735709,-0.00343254,-0.0259565,0.0719549,0.0562193,0.134533,0.0389359,-0.0517434,0.0351708,-0.0166898,-0.024751,-0.00824655,0.0647596,0.0360227,-0.00498689,0.0216293,-0.0358901,0.158068,-0.00713176,0.00612075,-0.0256322
0.0919985,-0.145417,0.0192594,-0.0572182,0.0258461,-0.0233562,-0.0466476,0.00919279,0.0467077,0.103877,0.00632274,0.132393,0.181529,0.355452,-0.0284813,-0.000670305,-0.0412815,0.197604,-0.043331,0.269274,0.0507872,0.0888898,0.235507,-0.104787,-0.00285626,0.028087,0.0707694,0.272774,0.116237,0.0508439,0.0257437,-0.125344,0.006099,-0.0120346,0.0712446,0.302448,0.14585,-0.00274743,0.0151857,-0.0101563,0.0566156,-0.0422359,0.00501042,0.0354306,0.050226,0.00828332,-0.0244292,0.00814939,0.0752176,-0.00350306,-0.0263771,0.0708299,0.0557272,0.134777,0.0396521,-0.0535299,0.0349914,-0.0167343,-0.0250495,-0.00885312,0.0645484,0.0358205,-0.00486359,0.021732,-0.0356287,0.160014,-0.00991181,0.00706309,-0.0263899
0.0929985,-0.146579,0.018508,-0.0567886,0.0267945,-0.0243708,-0.0468586,0.00938727,0.0469455,0.104502,0.00622247,0.134048,0.183083,0.355919,-0.0281783,-0.000608182,-0.040949,0.199099,-0.0423702,0.269555,0.0513491,0.0877991,0.233787,-0.105727,-0.00468161,0.026315,0.0715109,0.273675,0.117113,0.0508318,0.0256818,-0.126868,0.00569612,-0.0120432,0.0723331,0.304645,0.147713,-0.0034206,0.0149747,-0.00999135,0.0578362,-0.0423583,0.00491208,0.033464,0.0480869,0.00820851,-0.0246503,0.00846821,0.0768499,-0.00357174,-0.0267934,0.0696823,0.0552187,0.134989,0.0403575,-0.0553103,0.0348025,-0.0167752,-0.0253433,-0.00946055,0.064321,0.0356092,-0.00473857,0.0218292,-0.0353604,0.161931,-0.0127017,0.00800981,-0.0271432
0.0939985,-0.147714,0.017753,-0.056347,0.0277394,-0.0253827,-0.0470586,0.00957963,0.0471728,0.105104,0.00612006,0.135673,0.184598,0.356301,-0.0278686,-0.000544116,-0.0406066,0.200554,-0.0413988,0.269775,0.0519016,0.0866817,0.232001,-0.106647,-0.00651122,0.0245267,0.0722381,0.274515,0.117964,0.0508044,0.02561,-0.128373,0.00529042,-0.0120505,0.0734087,0.306781,0.149543,-0.00409641,0.0147607,-0.00982459,0.0590482,-0.0424714,0.00481211,0.0314796,0.0459244,0.00813164,-0.0248662,0.00878529,0.0784673,-0.00363856,-0.0272054,0.0685123,0.0546939,0.135168,0.041052,-0.0570842,0.034604,-0.0168126,-0.0256324,-0.0100687,0.0640774,0.0353885,-0.00461186,0.0219208,-0.0350853,0.163817,-0.0155007,0.00896073,-0.027892
0.0949984,-0.14882,0.0169947,-0.0558936,0.0286806,-0.0263916,-0.0472477,0.00976983,0.0473894,0.105681,0.00601552,0.137269,0.186073,0.356597,-0.0275522,-0.000478117,-0.0402543,0.20197,-0.0404171,0.269934,0.0524444,0.0855381,0.230148,-0.107547,-0.00834462,0.0227224,0.0729508,0.275292,0.11879,0.0507619,0.0255283,-0.129858,0.004882,-0.0120566,0.0744712,0.308854,0.15134,-0.00477473,0.0145435,-0.00965601,0.0602512,-0.042575,0.00471051,0.0294779,0.043739,0.00805271,-0.0250768,0.00910058,0.0800696,-0.00370351,-0.0276131,0.0673203,0.0541529,0.135315,0.0417356,-0.058851,0.034396,-0.0168462,-0.0259167,-0.0106773,0.0638178,0.0351587,-0.00448349,0.0220068,-0.0348035,0.165673,-0.0183079,0.00991567,-0.028636
0.0959984,-0.149898,0.0162333,-0.0554285,0.0296179,-0.0273973,-0.0474256,0.00995784,0.0475953,0.106233,0.00590886,0.138836,0.187508,0.356807,-0.0272294,-0.000410193,-0.0398922,0.203346,-0.0394253,0.270033,0.0529774,0.0843683,0.22823,-0.108426,-0.0101814,0.0209026,0.073649,0.276007,0.11959,0.0507041,0.0254367,-0.131322,0.00447092,-0.0120615,0.0755204,0.310864,0.153102,-0.00545539,0.0143233,-0.00948563,0.0614449,-0.0426692,0.0046073,0.0274594,0.0415313,0.00797175,-0.0252819,0.00941398,0.0816564,-0.00376655,-0.0280162,0.0661065,0.0535958,0.13543,0.042408,-0.0606103,0.0341786,-0.0168763,-0.026196,-0.0112863,0.063542,0.0349196,-0.00435347,0.0220872,-0.0345151,0.167498,-0.0211228,0.0108744,-0.0293751
0.0969984,-0.150948,0.0154689,-0.0549518,0.030551,-0.0283993,-0.0475925,0.0101436,0.0477903,0.106761,0.0058001,0.140372,0.188903,0.356931,-0.0269001,-0.000340354,-0.0395204,0.204681,-0.0384235,0.270071,0.0535006,0.0831728,0.226246,-0.109286,-0.012021,0.0190678,0.0743323,0.276659,0.120365,0.0506311,0.0253352,-0.132766,0.00405729,-0.0120652,0.0765561,0.312811,0.154831,-0.00613823,0.0141002,-0.00931348,0.062629,-0.0427539,0.00450248,0.0254247,0.0393018,0.00788877,-0.0254816,0.00972545,0.0832272,-0.00382768,-0.0284147,0.0648711,0.0530227,0.135513,0.0430691,-0.0623615,0.0339517,-0.0169027,-0.0264702,-0.0118955,0.0632502,0.0346714,-0.00422183,0.0221619,-0.0342201,0.16929,-0.0239444,0.0118368,-0.030109
0.0979984,-0.151968,0.0147018,-0.0544635,0.0314799,-0.0293974,-0.0477482,0.0103271,0.0479745,0.107264,0.00568924,0.141878,0.190257,0.356969,-0.0265643,-0.000268611,-0.0391389,0.205975,-0.037412,0.270047,0.0540137,0.0819517,0.224197,-0.110124,-0.013863,0.0172184,0.0750005,0.277247,0.121114,0.0505429,0.0252238,-0.134188,0.00364119,-0.0120677,0.0775779,0.314694,0.156525,-0.0068231,0.0138742,-0.00913957,0.0638033,-0.0428289,0.00439607,0.0233743,0.0370511,0.00780379,-0.0256758,0.0100349,0.0847817,-0.00388688,-0.0288085,0.0636146,0.0524338,0.135563,0.0437189,-0.0641041,0.0337154,-0.0169255,-0.0267394,-0.0125047,0.0629424,0.034414,-0.00408859,0.022231,-0.0339187,0.17105,-0.026772,0.0128026,-0.0308376
0.0989984,-0.15296,0.0139321,-0.0539639,0.0324041,-0.0303914,-0.0478927,0.0105083,0.0481477,0.107742,0.00557631,0.143353,0.191569,0.35692,-0.0262222,-0.000194978,-0.0387479,0.207228,-0.036391,0.269963,0.0545168,0.0807053,0.222083,-0.110942,-0.0157069,0.0153549,0.0756536,0.277772,0.121836,0.0504394,0.0251025,-0.135589,0.0032227,-0.012069,0.0785856,0.316513,0.158184,-0.00750982,0.0136454,-0.00896394,0.0649673,-0.0428944,0.00428808,0.0213087,0.0347797,0.00771682,-0.0258644,0.0103422,0.0863195,-0.00394414,-0.0291974,0.0623371,0.0518291,0.135582,0.0443573,-0.0658377,0.0334698,-0.0169447,-0.0270033,-0.0131137,0.0626187,0.0341475,-0.00395378,0.0222944,-0.033611,0.172777,-0.0296048,0.0137716,-0.0315606
0.0999984,-0.153921,0.01316,-0.053453,0.0333236,-0.0313809,-0.0480259,0.0106872,0.0483098,0.108194,0.00546131,0.144797,0.19284,0.356784,-0.0258738,-0.000119467,-0.0383474,0.20844,-0.0353608,0.269818,0.0550095,0.079434,0.219905,-0.111739,-0.0175522,0.0134779,0.0762913,0.278233,0.122532,0.0503208,0.0249713,-0.136968,0.00280193,-0.0120691,0.079579,0.318266,0.159807,-0.00819824,0.0134138,-0.0087866,0.0661209,-0.0429501,0.00417853,0.0192285,0.0324882,0.00762789,-0.0260473,0.0106474,0.0878404,-0.00399944,-0.0295814,0.0610391,0.0512088,0.135568,0.0449841,-0.0675617,0.0332148,-0.0169602,-0.0272619,-0.0137224,0.062279,0.0338718,-0.00381743,0.022352,-0.0332971,0.17447,-0.032442,0.0147436,-0.0322778
0.100998,-0.154853,0.0123857,-0.052931,0.034238,-0.0323655,-0.0481478,0.0108638,0.0484608,0.108621,0.00534426,0.14621,0.194069,0.356561,-0.0255191,-4.20938e-05,-0.0379375,0.209608,-0.0343215,0.269611,0.0554919,0.0781379,0.217662,-0.112514,-0.0193985,0.0115878,0.0769135,0.278629,0.123202,0.050187,0.0248304,-0.138324,0.00237896,-0.012068,0.0805579,0.319953,0.161394,-0.00888819,0.0131795,-0.00860758,0.0672636,-0.042996,0.00406742,0.0171341,0.0301771,0.007537,-0.0262246,0.0109504,0.0893438,-0.00405277,-0.0299604,0.0597208,0.050573,0.135521,0.0455993,-0.0692756,0.0329505,-0.0169721,-0.0275151,-0.0143305,0.0619236,0.0335871,-0.00367956,0.022404,-0.032977,0.176129,-0.0352828,0.0157185,-0.0329891
0.101998,-0.155754,0.0116094,-0.052398,0.0351472,-0.0333452,-0.0482584,0.0110379,0.0486006,0.109023,0.00522518,0.147591,0.195255,0.356251,-0.0251583,3.71255e-05,-0.0375185,0.210735,-0.0332734,0.269343,0.0559638,0.0768176,0.215357,-0.113268,-0.0212453,0.00968509,0.07752,0.278961,0.123844,0.0500381,0.0246796,-0.139657,0.00195388,-0.0120658,0.0815219,0.321574,0.162945,-0.0095795,0.0129427,-0.00842691,0.0683953,-0.0430322,0.00395478,0.0150263,0.0278471,0.00744419,-0.0263961,0.0112511,0.0908295,-0.00410411,-0.0303343,0.0583826,0.0499219,0.135443,0.0462027,-0.070979,0.032677,-0.0169803,-0.0277629,-0.0149379,0.0615524,0.0332933,-0.0035402,0.0224502,-0.0326509,0.177753,-0.0381264,0.0166959,-0.0336943
0.102998,-0.156625,0.0108314,-0.0518542,0.0360509,-0.0343194,-0.0483575,0.0112096,0.0487292,0.109399,0.0051041,0.14894,0.196398,0.355854,-0.0247914,0.000118174,-0.0370902,0.211818,-0.0322167,0.269014,0.0564251,0.0754732,0.212988,-0.113999,-0.0230921,0.00777036,0.0781105,0.279228,0.12446,0.0498741,0.0245191,-0.140967,0.0015268,-0.0120624,0.0824708,0.323128,0.164459,-0.010272,0.0127033,-0.00824462,0.0695155,-0.0430585,0.00384062,0.0129055,0.0254989,0.00734947,-0.0265618,0.0115494,0.0922972,-0.00415345,-0.0307029,0.0570248,0.0492557,0.135332,0.0467943,-0.0726713,0.0323944,-0.0169849,-0.0280051,-0.0155444,0.0611654,0.0329905,-0.00339938,0.0224906,-0.0323189,0.179342,-0.040972,0.0176757,-0.0343931
0.103998,-0.157465,0.0100518,-0.0512996,0.036949,-0.035288,-0.0484453,0.0113789,0.0488464,0.109749,0.00498102,0.150257,0.197499,0.35537,-0.0244185,0.000201032,-0.0366529,0.212858,-0.0311516,0.268623,0.0568756,0.0741051,0.210558,-0.114709,-0.0249383,0.00584412,0.0786851,0.279431,0.125049,0.049695,0.0243488,-0.142253,0.00109782,-0.0120579,0.0834045,0.324614,0.165936,-0.0109655,0.0124615,-0.00806074,0.070624,-0.043075,0.00372495,0.0107724,0.0231329,0.00725286,-0.0267217,0.0118452,0.0937464,-0.00420079,-0.0310662,0.0556477,0.0485744,0.135189,0.0473739,-0.074352,0.0321026,-0.0169859,-0.0282416,-0.0161499,0.0607629,0.0326787,-0.00325712,0.0225253,-0.0319811,0.180895,-0.0438187,0.0186577,-0.0350854
0.104998,-0.158274,0.00927075,-0.0507344,0.0378412,-0.0362507,-0.0485216,0.0115457,0.0489523,0.110073,0.00485597,0.151541,0.198556,0.354798,-0.0240396,0.000285681,-0.0362067,0.213854,-0.0300785,0.268171,0.0573153,0.0727136,0.208065,-0.115396,-0.0267836,0.0039069,0.0792435,0.279568,0.125611,0.0495009,0.0241689,-0.143515,0.000667016,-0.0120522,0.0843226,0.326032,0.167375,-0.0116599,0.0122173,-0.00787529,0.0717205,-0.0430815,0.00360779,0.00862754,0.0207499,0.00715439,-0.0268757,0.0121386,0.0951768,-0.00424612,-0.0314241,0.0542518,0.0478783,0.135014,0.0479416,-0.0760207,0.0318018,-0.0169833,-0.0284724,-0.0167541,0.0603449,0.0323581,-0.00311346,0.0225542,-0.0316376,0.182412,-0.0466658,0.0196415,-0.0357709
0.105998,-0.159052,0.00848852,-0.0501587,0.0387272,-0.037207,-0.0485865,0.0117099,0.0490468,0.110371,0.00472897,0.152793,0.199569,0.354139,-0.0236549,0.0003721,-0.0357517,0.214806,-0.0289975,0.267658,0.057744,0.0712992,0.205512,-0.116061,-0.0286274,0.00195924,0.0797855,0.279641,0.126145,0.0492918,0.0239793,-0.144752,0.000234506,-0.0120453,0.0852251,0.327382,0.168776,-0.0123549,0.0119708,-0.0076883,0.0728048,-0.0430781,0.00348917,0.00647148,0.0183504,0.00705407,-0.0270237,0.0124294,0.0965882,-0.00428942,-0.0317765,0.0528374,0.0471676,0.134808,0.0484971,-0.0776768,0.0314919,-0.0169771,-0.0286974,-0.0173569,0.0599114,0.0320286,-0.00296843,0.0225773,-0.0312885,0.183892,-0.0495124,0.0206272,-0.0364495
0.106998,-0.159797,0.00770529,-0.0495728,0.039607,-0.0381569,-0.0486399,0.0118716,0.0491299,0.110642,0.00460004,0.154011,0.200538,0.353393,-0.0232645,0.000460266,-0.035288,0.215713,-0.0279089,0.267084,0.0581617,0.0698622,0.202898,-0.116703,-0.0304692,1.68946e-06,0.080311,0.279647,0.126652,0.0490678,0.0237802,-0.145965,-0.000199613,-0.0120374,0.0861115,0.328663,0.170139,-0.0130504,0.0117221,-0.00749981,0.0738764,-0.0430648,0.00336909,0.00430486,0.0159351,0.00695194,-0.0271659,0.0127175,0.0979801,-0.00433069,-0.0321232,0.0514048,0.0464423,0.134569,0.0490405,-0.0793198,0.0311732,-0.0169673,-0.0289165,-0.017958,0.0594627,0.0316902,-0.00282205,0.0225947,-0.030934,0.185334,-0.0523577,0.0216142,-0.0371211
0.107998,-0.160511,0.00692127,-0.0489768,0.0404801,-0.0390999,-0.0486818,0.0120308,0.0492014,0.110887,0.0044692,0.155196,0.201463,0.35256,-0.0228683,0.000550157,-0.0348157,0.216576,-0.026813,0.266449,0.0585683,0.0684029,0.200224,-0.117322,-0.0323085,-0.0019652,0.08082,0.279589,0.127131,0.0488291,0.0235715,-0.147153,-0.00063524,-0.0120283,0.0869818,0.329874,0.171464,-0.0137462,0.0114712,-0.00730984,0.0749352,-0.0430414,0.00324757,0.0021283,0.0135048,0.006848,-0.027302,0.0130029,0.0993523,-0.00436993,-0.0324642,0.0499546,0.0457028,0.134299,0.0495717,-0.0809494,0.0308456,-0.0169539,-0.0291297,-0.0185574,0.0589987,0.0313432,-0.00267436,0.0226062,-0.0305741,0.186739,-0.0552008,0.0226026,-0.0377853
0.108998,-0.161193,0.00613664,-0.0483707,0.0413465,-0.0400358,-0.0487121,0.0121873,0.0492614,0.111106,0.00433649,0.156347,0.202343,0.35164,-0.0224665,0.000641747,-0.0343349,0.217393,-0.0257099,0.265753,0.0589636,0.0669218,0.197491,-0.117918,-0.0341448,-0.00394086,0.0813122,0.279465,0.127583,0.0485755,0.0233533,-0.148314,-0.00107227,-0.0120181,0.0878357,0.331016,0.17275,-0.0144421,0.0112182,-0.00711843,0.0759808,-0.043008,0.00312464,-5.76012e-05,0.01106,0.0067423,-0.027432,0.0132856,0.100704,-0.00440712,-0.0327994,0.048487,0.0449491,0.133997,0.0500906,-0.0825649,0.0305092,-0.0169369,-0.0293368,-0.0191548,0.0585196,0.0309874,-0.0025254,0.022612,-0.0302089,0.188105,-0.0580408,0.0235919,-0.0384421
0.109998,-0.161842,0.00535161,-0.0477549,0.042206,-0.0409642,-0.048731,0.0123412,0.0493099,0.111298,0.00420192,0.157465,0.203179,0.350633,-0.0220593,0.000735012,-0.0338459,0.218165,-0.0246001,0.264996,0.0593475,0.0654192,0.194699,-0.118491,-0.0359777,-0.00592472,0.0817874,0.279275,0.128006,0.0483073,0.0231258,-0.14945,-0.0015106,-0.0120068,0.0886729,0.332087,0.173996,-0.015138,0.0109633,-0.00692561,0.077013,-0.0429646,0.00300032,-0.0022522,0.00860148,0.00663485,-0.027556,0.0135654,0.102036,-0.00444227,-0.0331288,0.0470025,0.0441816,0.133663,0.0505971,-0.084166,0.0301641,-0.0169164,-0.0295378,-0.01975,0.0580255,0.030623,-0.00237519,0.022612,-0.0298386,0.189432,-0.0608771,0.0245821,-0.0390912
0.110998,-0.162458,0.00456638,-0.0471294,0.0430582,-0.041885,-0.0487384,0.0124925,0.0493467,0.111464,0.00406552,0.158549,0.203969,0.349539,-0.0216466,0.000829924,-0.0333486,0.218891,-0.0234836,0.264178,0.05972,0.0638956,0.19185,-0.119041,-0.0378066,-0.00791622,0.0822457,0.27902,0.128402,0.0480244,0.0228889,-0.15056,-0.00195012,-0.0119944,0.0894934,0.333088,0.175203,-0.0158337,0.0107064,-0.00673141,0.0780315,-0.0429111,0.00287463,-0.00445487,0.00612987,0.00652568,-0.0276739,0.0138423,0.103347,-0.00447536,-0.0334521,0.0455015,0.0434003,0.133298,0.0510912,-0.085752,0.0298104,-0.0168923,-0.0297327,-0.0203428,0.0575165,0.03025,-0.00222377,0.0226061,-0.0294634,0.190721,-0.0637086,0.0255727,-0.0397325
0.111998,-0.163042,0.00378114,-0.0464944,0.0439031,-0.0427978,-0.0487342,0.0126411,0.0493719,0.111602,0.00392732,0.159598,0.204714,0.348359,-0.0212286,0.000926455,-0.0328433,0.219572,-0.0223608,0.2633,0.0600809,0.0623514,0.188944,-0.119567,-0.039631,-0.00991476,0.0826869,0.278698,0.12877,0.0477271,0.0226427,-0.151643,-0.00239072,-0.0119809,0.0902969,0.334018,0.176371,-0.0165289,0.0104477,-0.00653587,0.079036,-0.0428475,0.00274759,-0.00666497,0.0036459,0.00641482,-0.0277856,0.0141162,0.104637,-0.00450641,-0.0337694,0.0439844,0.0426056,0.132902,0.0515728,-0.0873227,0.0294482,-0.0168647,-0.0299212,-0.0209332,0.0569928,0.0298686,-0.00207117,0.0225946,-0.0290832,0.191969,-0.0665346,0.0265637,-0.0403658
0.112998,-0.163592,0.0029961,-0.0458501,0.0447404,-0.0437023,-0.0487185,0.0127869,0.0493855,0.111714,0.00378735,0.160614,0.205414,0.347093,-0.0208053,0.00102458,-0.0323301,0.220205,-0.021232,0.262361,0.0604303,0.0607869,0.185982,-0.120069,-0.0414504,-0.0119198,0.0831108,0.278312,0.12911,0.0474153,0.0223874,-0.152699,-0.0028323,-0.0119663,0.0910831,0.334877,0.177498,-0.0172235,0.0101872,-0.00633903,0.0800262,-0.0427739,0.00261922,-0.00888185,0.00115027,0.00630229,-0.0278911,0.0143871,0.105906,-0.0045354,-0.0340805,0.0424517,0.0417975,0.132474,0.0520419,-0.0888774,0.0290776,-0.0168335,-0.0301035,-0.0215208,0.0564545,0.0294788,-0.00191743,0.0225772,-0.0286983,0.193178,-0.0693542,0.0275547,-0.0409909
0.113998,-0.16411,0.00221145,-0.0451966,0.0455698,-0.0445983,-0.0486913,0.0129301,0.0493874,0.111799,0.00364564,0.161594,0.206068,0.34574,-0.0203769,0.00112426,-0.0318091,0.220793,-0.0200974,0.261363,0.0607679,0.0592027,0.182964,-0.120547,-0.0432643,-0.0139306,0.0835174,0.277859,0.129421,0.0470893,0.022123,-0.153727,-0.00327475,-0.0119507,0.0918519,0.335663,0.178585,-0.0179173,0.00992503,-0.00614091,0.0810019,-0.0426902,0.00248954,-0.0111049,-0.00135629,0.00618812,-0.0279905,0.0146549,0.107153,-0.00456233,-0.0343854,0.0409037,0.0409765,0.132016,0.0524984,-0.0904157,0.0286986,-0.0167989,-0.0302793,-0.0221055,0.0559017,0.0290806,-0.00176259,0.0225541,-0.0283087,0.194346,-0.0721665,0.0285456,-0.0416076
0.114998,-0.164593,0.0014274,-0.0445342,0.0463912,-0.0454855,-0.0486527,0.0130705,0.0493776,0.111857,0.00350221,0.16254,0.206676,0.344302,-0.0199435,0.00122547,-0.0312805,0.221333,-0.0189573,0.260304,0.0610938,0.0575992,0.179891,-0.121001,-0.0450722,-0.0159468,0.0839065,0.277341,0.129705,0.046749,0.0218495,-0.154728,-0.00371795,-0.011934,0.0926032,0.336379,0.179631,-0.0186102,0.00966126,-0.00594156,0.0819627,-0.0425965,0.00235859,-0.0133334,-0.00387305,0.00607234,-0.0280836,0.0149195,0.108378,-0.00458721,-0.0346839,0.039341,0.0401426,0.131527,0.0529423,-0.0919373,0.0283113,-0.0167607,-0.0304488,-0.0226871,0.0553346,0.0286742,-0.00160667,0.0225252,-0.0279146,0.195473,-0.0749707,0.0295359,-0.0422157
0.115998,-0.165043,0.000644149,-0.0438629,0.0472044,-0.0463636,-0.0486025,0.013208,0.0493562,0.111888,0.0033571,0.163451,0.207239,0.342779,-0.0195052,0.00132818,-0.0307445,0.221827,-0.017812,0.259186,0.0614078,0.0559769,0.176765,-0.121431,-0.0468736,-0.0179675,0.084278,0.276758,0.12996,0.0463946,0.0215671,-0.155701,-0.0041618,-0.0119162,0.0933367,0.337021,0.180637,-0.0193018,0.00939598,-0.00574101,0.0829085,-0.0424926,0.00222638,-0.0155666,-0.0063993,0.00595498,-0.0281705,0.0151809,0.109581,-0.00461004,-0.0349761,0.037764,0.0392961,0.131008,0.0533735,-0.0934415,0.027916,-0.0167192,-0.0306117,-0.0232655,0.0547533,0.0282596,-0.00144973,0.0224906,-0.0275161,0.196558,-0.077766,0.0305256,-0.0428152
0.116998,-0.165459,-0.000138113,-0.0431831,0.0480091,-0.0472323,-0.0485409,0.0133428,0.049323,0.111892,0.00321034,0.164327,0.207755,0.34117,-0.0190621,0.00143235,-0.0302011,0.222274,-0.0166618,0.258009,0.0617098,0.0543362,0.173586,-0.121837,-0.0486681,-0.0199924,0.0846319,0.276109,0.130186,0.0460263,0.0212759,-0.156645,-0.00460617,-0.0118973,0.0940522,0.337592,0.181602,-0.0199921,0.00912926,-0.00553931,0.083839,-0.0423787,0.00209293,-0.0178041,-0.00893427,0.00583607,-0.0282511,0.015439,0.110762,-0.00463082,-0.0352617,0.0361731,0.0384373,0.130458,0.053792,-0.0949279,0.0275125,-0.0166741,-0.030768,-0.0238404,0.0541581,0.0278369,-0.00129179,0.0224503,-0.0271133,0.197602,-0.0805514,0.0315143,-0.0434058
0.117998,-0.165841,-0.000919182,-0.0424949,0.0488052,-0.0480913,-0.0484679,0.0134748,0.0492782,0.111869,0.00306196,0.165168,0.208224,0.339477,-0.0186142,0.00153794,-0.0296505,0.222673,-0.0155068,0.256772,0.0619998,0.0526775,0.170356,-0.122219,-0.050455,-0.0220207,0.084968,0.275395,0.130385,0.0456441,0.0209759,-0.157561,-0.00505097,-0.0118774,0.0947496,0.338089,0.182525,-0.0206809,0.00886118,-0.00533648,0.0847538,-0.0422548,0.00195829,-0.020045,-0.0114772,0.00571564,-0.0283255,0.0156937,0.11192,-0.00464956,-0.0355408,0.0345689,0.0375664,0.129878,0.0541978,-0.0963962,0.0271012,-0.0166257,-0.0309177,-0.0244117,0.053549,0.0274063,-0.00113289,0.0224043,-0.0267064,0.198604,-0.0833261,0.0325019,-0.0439873
0.118998,-0.166188,-0.00169886,-0.0417984,0.0495925,-0.0489405,-0.0483834,0.0136039,0.0492216,0.111819,0.002912,0.165973,0.208648,0.337699,-0.0181618,0.00164493,-0.029093,0.223024,-0.0143475,0.255477,0.0622778,0.0510014,0.167074,-0.122575,-0.0522339,-0.0240518,0.0852863,0.274615,0.130555,0.0452482,0.0206673,-0.158448,-0.00549606,-0.0118565,0.0954286,0.338514,0.183408,-0.0213678,0.00859182,-0.00513258,0.0856529,-0.0421208,0.00182247,-0.0222887,-0.0140274,0.00559372,-0.0283935,0.015945,0.113055,-0.00466625,-0.0358132,0.0329518,0.0366836,0.129268,0.0545908,-0.0978458,0.026682,-0.0165738,-0.0310607,-0.0249791,0.0529262,0.0269678,-0.000973072,0.0223527,-0.0262955,0.199563,-0.0860893,0.0334879,-0.0445596
0.119998,-0.166501,-0.00247695,-0.0410939,0.0503708,-0.0497794,-0.0482876,0.0137301,0.0491534,0.111742,0.00276049,0.166743,0.209025,0.335838,-0.0177048,0.00175328,-0.0285285,0.223328,-0.0131841,0.254123,0.0625436,0.0493085,0.163742,-0.122908,-0.0540043,-0.0260851,0.0855867,0.273771,0.130696,0.0448387,0.0203502,-0.159306,-0.00594134,-0.0118345,0.0960892,0.338866,0.184248,-0.0220529,0.00832128,-0.00492763,0.0865358,-0.0419768,0.00168549,-0.0245344,-0.016584,0.00547034,-0.0284552,0.0161929,0.114166,-0.0046809,-0.0360789,0.0313222,0.0357892,0.128628,0.054971,-0.0992763,0.0262551,-0.0165186,-0.0311969,-0.0255426,0.0522899,0.0265215,-0.000812377,0.0222953,-0.0258807,0.200479,-0.0888401,0.0344722,-0.0451226
0.120998,-0.16678,-0.00325325,-0.0403815,0.0511398,-0.050608,-0.0481805,0.0138534,0.0490735,0.111637,0.00260747,0.167477,0.209355,0.333893,-0.0172435,0.00186294,-0.0279574,0.223584,-0.0120169,0.252711,0.0627972,0.047599,0.160361,-0.123215,-0.0557657,-0.02812,0.0858692,0.272861,0.130809,0.0444157,0.0200247,-0.160134,-0.00638669,-0.0118115,0.0967312,0.339145,0.185047,-0.0227357,0.00804962,-0.00472169,0.0874024,-0.0418228,0.0015474,-0.0267816,-0.0191463,0.00534554,-0.0285106,0.0164372,0.115254,-0.00469353,-0.0363378,0.0296807,0.0348836,0.127959,0.0553385,-0.100687,0.0258207,-0.01646,-0.0313264,-0.0261018,0.0516403,0.0260676,-0.000650845,0.0222324,-0.0254621,0.201353,-0.0915776,0.0354545,-0.045676
0.121998,-0.167024,-0.00402756,-0.0396615,0.0518994,-0.0514258,-0.0480621,0.0139738,0.0489819,0.111506,0.00245297,0.168176,0.209638,0.331866,-0.0167779,0.00197388,-0.0273798,0.223791,-0.0108462,0.251241,0.0630386,0.0458737,0.156932,-0.123498,-0.0575175,-0.0301558,0.0861336,0.271888,0.130894,0.0439795,0.0196908,-0.160932,-0.006832,-0.0117875,0.0973544,0.33935,0.185805,-0.0234163,0.00777694,-0.00451479,0.0882523,-0.0416588,0.00140822,-0.0290296,-0.0217135,0.00521934,-0.0285596,0.0166779,0.116319,-0.00470413,-0.0365899,0.0280278,0.0339668,0.127261,0.055693,-0.102078,0.0253788,-0.0163981,-0.031449,-0.0266567,0.0509776,0.0256061,-0.000488514,0.0221638,-0.0250399,0.202183,-0.094301,0.0364346,-0.0462198
0.122998,-0.167234,-0.0047997,-0.0389341,0.0526493,-0.0522327,-0.0479324,0.0140912,0.0488786,0.111348,0.00229704,0.168839,0.209875,0.329757,-0.0163082,0.00208606,-0.0267958,0.223951,-0.00967225,0.249715,0.0632676,0.0441329,0.153456,-0.123755,-0.0592593,-0.032192,0.0863798,0.270849,0.13095,0.0435301,0.0193488,-0.1617,-0.00727713,-0.0117624,0.0979586,0.339482,0.18652,-0.0240943,0.00750332,-0.00430698,0.0890855,-0.0414849,0.00126797,-0.0312775,-0.0242848,0.00509178,-0.0286023,0.016915,0.117359,-0.00471272,-0.036835,0.026364,0.0330393,0.126533,0.0560347,-0.103449,0.0249295,-0.0163329,-0.0315647,-0.0272071,0.0503019,0.0251371,-0.000325427,0.0220897,-0.0246142,0.202969,-0.0970093,0.0374121,-0.0467537
0.123998,-0.167408,-0.00556946,-0.0381994,0.0533895,-0.0530284,-0.0477915,0.0142057,0.0487638,0.111163,0.00213971,0.169466,0.210065,0.327565,-0.0158344,0.00219944,-0.0262056,0.224063,-0.00849539,0.248131,0.0634843,0.0423773,0.149934,-0.123988,-0.0609906,-0.0342278,0.086608,0.269747,0.130978,0.0430677,0.0189987,-0.162438,-0.00772198,-0.0117364,0.0985438,0.33954,0.187193,-0.0247696,0.00722884,-0.00409829,0.0899016,-0.041301,0.00112669,-0.0335248,-0.0268595,0.0049629,-0.0286387,0.0171484,0.118376,-0.0047193,-0.0370731,0.0246898,0.0321013,0.125777,0.0563636,-0.104799,0.024473,-0.0162645,-0.0316734,-0.0277527,0.0496134,0.0246607,-0.000161624,0.0220101,-0.0241851,0.203711,-0.0997019,0.0383869,-0.0472777
0.124998,-0.167548,-0.00633664,-0.0374576,0.0541196,-0.0538126,-0.0476395,0.0143172,0.0486374,0.110951,0.00198102,0.170057,0.210208,0.325293,-0.0153568,0.00231397,-0.0256095,0.224126,-0.00731589,0.246491,0.0636885,0.0406073,0.146367,-0.124196,-0.0627109,-0.0362626,0.0868178,0.268581,0.130978,0.0425926,0.0186407,-0.163145,-0.00816643,-0.0117093,0.0991097,0.339525,0.187824,-0.025442,0.00695358,-0.00388878,0.0907004,-0.0411073,0.000984404,-0.0357707,-0.0294367,0.00483273,-0.0286687,0.017378,0.119368,-0.00472388,-0.0373042,0.0230056,0.0311531,0.124993,0.0566796,-0.106128,0.0240095,-0.0161928,-0.0317752,-0.0282935,0.0489125,0.0241772,2.8516e-06,0.0219249,-0.0237528,0.204408,-0.102378,0.0393585,-0.0477915
0.125998,-0.167652,-0.00710106,-0.0367091,0.0548396,-0.0545851,-0.0474763,0.0144257,0.0484994,0.110712,0.00182101,0.170612,0.210305,0.322941,-0.0148754,0.00242962,-0.0250074,0.22414,-0.00613408,0.244795,0.0638803,0.0388235,0.142756,-0.124378,-0.0644197,-0.0382959,0.0870095,0.267351,0.130949,0.0421047,0.0182748,-0.163821,-0.00861035,-0.0116812,0.0996563,0.339436,0.188413,-0.0261112,0.00667763,-0.00367849,0.0914817,-0.0409038,0.000841152,-0.0380146,-0.0320156,0.0047013,-0.0286923,0.0176038,0.120335,-0.00472649,-0.037528,0.0213121,0.030195,0.124181,0.0569827,-0.107435,0.023539,-0.0161178,-0.0318699,-0.0288291,0.0481991,0.0236865,0.000167958,0.0218342,-0.0233173,0.205061,-0.105036,0.0403268,-0.048295
0.126998,-0.167721,-0.00786252,-0.0359539,0.0555492,-0.0553456,-0.0473022,0.0145312,0.0483498,0.110446,0.00165973,0.171131,0.210354,0.320508,-0.0143903,0.00254634,-0.0243998,0.224107,-0.00495023,0.243043,0.0640595,0.0370264,0.139102,-0.124535,-0.0661165,-0.0403269,0.0871828,0.266058,0.130892,0.0416044,0.0179013,-0.164466,-0.00905363,-0.0116521,0.100183,0.339273,0.188959,-0.0267772,0.00640107,-0.00346747,0.0922453,-0.0406905,0.000696963,-0.0402556,-0.0345954,0.00456865,-0.0287096,0.0178257,0.121277,-0.00472712,-0.0377447,0.0196097,0.0292272,0.12334,0.057273,-0.10872,0.0230617,-0.0160398,-0.0319576,-0.0293595,0.0474737,0.0231889,0.000333651,0.0217382,-0.0228789,0.205669,-0.107676,0.0412915,-0.0487881
0.127998,-0.167756,-0.00862082,-0.0351923,0.0562483,-0.056094,-0.047117,0.0146337,0.0481888,0.110154,0.00149721,0.171614,0.210357,0.317997,-0.0139018,0.00266408,-0.0237866,0.224024,-0.00376466,0.241237,0.0642262,0.0352166,0.135407,-0.124668,-0.0678007,-0.0423549,0.0873378,0.264702,0.130807,0.0410918,0.0175202,-0.165079,-0.00949613,-0.0116221,0.100691,0.339036,0.189463,-0.0274396,0.00612399,-0.00325575,0.0929909,-0.0404674,0.000551869,-0.0424932,-0.0371753,0.00443482,-0.0287205,0.0180437,0.122194,-0.00472579,-0.0379542,0.0178991,0.0282501,0.122473,0.0575503,-0.109982,0.0225777,-0.0159585,-0.0320382,-0.0298845,0.0467363,0.0226844,0.000499888,0.0216367,-0.0224377,0.206233,-0.110297,0.0422523,-0.0492707
0.128998,-0.167755,-0.00937578,-0.0344245,0.0569366,-0.0568299,-0.046921,0.0147331,0.0480164,0.109835,0.0013335,0.172061,0.210313,0.315407,-0.0134098,0.00278279,-0.0231682,0.223894,-0.00257768,0.239376,0.0643804,0.0333947,0.131671,-0.124774,-0.069472,-0.0443795,0.0874744,0.263284,0.130694,0.040567,0.0171318,-0.165661,-0.00993775,-0.011591,0.101178,0.338726,0.189924,-0.0280983,0.00584647,-0.00304339,0.0937183,-0.0402347,0.000405905,-0.0447266,-0.0397545,0.00429984,-0.0287251,0.0182577,0.123086,-0.00472252,-0.0381563,0.0161806,0.0272639,0.121578,0.0578148,-0.111222,0.0220872,-0.0158742,-0.0321116,-0.0304039,0.0459873,0.0221732,0.000666624,0.0215299,-0.0219937,0.20675,-0.112897,0.043209,-0.0497426
0.129998,-0.167718,-0.0101272,-0.0336508,0.057614,-0.0575532,-0.0467141,0.0148294,0.0478325,0.109489,0.00116864,0.172471,0.210223,0.31274,-0.0129146,0.00290244,-0.0225446,0.223714,-0.00138958,0.237461,0.0645219,0.0315612,0.127896,-0.124856,-0.0711297,-0.0463998,0.0875926,0.261803,0.130552,0.0400303,0.0167361,-0.166211,-0.0103783,-0.011559,0.101646,0.338343,0.190343,-0.028753,0.00556859,-0.00283043,0.0944274,-0.0399924,0.000259104,-0.046955,-0.0423322,0.00416374,-0.0287234,0.0184677,0.123953,-0.00471731,-0.038351,0.0144549,0.026269,0.120656,0.0580665,-0.112439,0.0215903,-0.0157868,-0.0321778,-0.0309174,0.0452268,0.0216553,0.000833815,0.0214177,-0.0215471,0.207222,-0.115477,0.0441612,-0.0502037
0.130998,-0.167647,-0.0108749,-0.0328713,0.0582803,-0.0582636,-0.0464965,0.0149226,0.0476373,0.109117,0.00100268,0.172846,0.210085,0.309996,-0.0124162,0.00302298,-0.0219162,0.223486,-0.000200674,0.235492,0.0646508,0.0297167,0.124082,-0.124912,-0.0727735,-0.0484153,0.0876924,0.260261,0.130383,0.0394819,0.0163332,-0.166729,-0.0108178,-0.011526,0.102094,0.337886,0.190719,-0.0294037,0.00529044,-0.00261692,0.0951179,-0.0397404,0.000111502,-0.0491779,-0.0449075,0.00402658,-0.0287153,0.0186736,0.124793,-0.00471019,-0.0385383,0.0127225,0.0252658,0.119708,0.0583053,-0.113632,0.0210871,-0.0156963,-0.0322369,-0.0314251,0.044455,0.0211311,0.00100142,0.0213003,-0.0210981,0.207649,-0.118035,0.0451086,-0.0506538
0.131998,-0.16754,-0.0116187,-0.0320863,0.0589354,-0.0589609,-0.0462682,0.0150127,0.0474309,0.108719,0.000835661,0.173184,0.209901,0.307177,-0.0119149,0.00314435,-0.0212829,0.22321,0.000988726,0.233471,0.064767,0.0278618,0.120232,-0.124943,-0.0744029,-0.0504253,0.0877738,0.258658,0.130185,0.0389219,0.0159235,-0.167215,-0.011256,-0.011492,0.102522,0.337355,0.191053,-0.0300501,0.0050121,-0.00240292,0.0957896,-0.039479,-3.6866e-05,-0.0513944,-0.0474796,0.00388838,-0.0287009,0.0188753,0.125608,-0.00470117,-0.0387181,0.010984,0.0242544,0.118733,0.0585312,-0.114801,0.0205779,-0.0156028,-0.0322886,-0.0319266,0.0436723,0.0206005,0.00116938,0.0211777,-0.0206468,0.208029,-0.12057,0.0460511,-0.0510928
0.132998,-0.167398,-0.0123584,-0.0312959,0.059579,-0.0596448,-0.0460293,0.0150997,0.0472132,0.108294,0.000667633,0.173487,0.209671,0.304282,-0.0114107,0.00326651,-0.0206452,0.222885,0.00217831,0.231397,0.0648705,0.025997,0.116346,-0.124949,-0.0760173,-0.0524291,0.0878367,0.256993,0.12996,0.0383506,0.0155069,-0.167668,-0.0116928,-0.011457,0.102929,0.336751,0.191344,-0.0306919,0.00473366,-0.00218846,0.0964423,-0.0392081,-0.000185963,-0.0536038,-0.0500478,0.00374918,-0.0286802,0.0190729,0.126397,-0.00469027,-0.0388904,0.00923992,0.0232353,0.117733,0.0587444,-0.115946,0.0200628,-0.0155064,-0.0323332,-0.0324218,0.0428788,0.0200637,0.00133767,0.0210499,-0.0201933,0.208364,-0.123082,0.0469882,-0.0515206
0.133998,-0.16722,-0.0130938,-0.0305005,0.0602111,-0.0603152,-0.0457798,0.0151836,0.0469843,0.107843,0.000498641,0.173753,0.209394,0.301313,-0.0109038,0.0033894,-0.0200031,0.222512,0.00336777,0.229272,0.0649613,0.024123,0.112425,-0.124929,-0.0776163,-0.0544261,0.0878812,0.255269,0.129707,0.0377682,0.0150836,-0.168088,-0.0121281,-0.0114211,0.103317,0.336074,0.191592,-0.031329,0.0044552,-0.0019736,0.0970758,-0.0389279,-0.000335753,-0.0558055,-0.052611,0.00360903,-0.0286532,0.0192663,0.12716,-0.00467751,-0.0390551,0.0074908,0.0222087,0.116707,0.0589447,-0.117067,0.0195419,-0.015407,-0.0323704,-0.0329105,0.0420748,0.019521,0.00150622,0.020917,-0.0197378,0.208652,-0.12557,0.0479198,-0.0519371
0.134998,-0.167007,-0.0138247,-0.0297002,0.0608313,-0.0609719,-0.04552,0.0152643,0.0467443,0.107367,0.000328734,0.173983,0.209071,0.29827,-0.0103943,0.00351299,-0.0193569,0.22209,0.0045568,0.227096,0.0650394,0.0222403,0.108471,-0.124884,-0.0791994,-0.0564156,0.0879073,0.253484,0.129427,0.0371748,0.0146539,-0.168476,-0.0125618,-0.0113842,0.103684,0.335324,0.191798,-0.0319613,0.0041768,-0.0017584,0.09769,-0.0386384,-0.000486198,-0.0579986,-0.0551686,0.00346795,-0.02862,0.0194554,0.127896,-0.0046629,-0.0392121,0.00573722,0.021175,0.115656,0.0591323,-0.118162,0.0190154,-0.0153048,-0.0324004,-0.0333927,0.0412605,0.0189723,0.001675,0.020779,-0.0192803,0.208894,-0.128033,0.0488456,-0.0523422
0.135998,-0.166759,-0.014551,-0.0288952,0.0614397,-0.0616146,-0.0452498,0.0153419,0.0464934,0.106864,0.00015796,0.174177,0.208701,0.295156,-0.00988237,0.00363721,-0.0187067,0.22162,0.00574507,0.22487,0.0651047,0.0203496,0.104485,-0.124813,-0.0807662,-0.058397,0.0879149,0.251641,0.129119,0.0365708,0.0142179,-0.168831,-0.0129937,-0.0113464,0.10403,0.334501,0.191962,-0.0325884,0.00389855,-0.00154289,0.0982847,-0.0383396,-0.00063726,-0.0601826,-0.0577197,0.003326,-0.0285804,0.0196402,0.128606,-0.00464646,-0.0393615,0.00397976,0.0201345,0.114581,0.0593072,-0.119232,0.0184835,-0.0151996,-0.032423,-0.033868,0.0404362,0.0184179,0.00184397,0.020636,-0.0188211,0.209089,-0.13047,0.0497651,-0.0527358
0.136998,-0.166476,-0.0152724,-0.0280859,0.062036,-0.0622431,-0.0449694,0.0154162,0.0462314,0.106336,-1.36319e-05,0.174335,0.208286,0.29197,-0.00936816,0.00376201,-0.0180527,0.221102,0.00693228,0.222594,0.0651573,0.0184515,0.100468,-0.124718,-0.0823161,-0.0603696,0.0879042,0.249739,0.128784,0.0359562,0.0137757,-0.169152,-0.0134238,-0.0113076,0.104356,0.333606,0.192083,-0.0332103,0.00362053,-0.00132714,0.0988596,-0.0380318,-0.000788901,-0.0623566,-0.0602634,0.00318321,-0.0285347,0.0198206,0.12929,-0.00462822,-0.0395031,0.00221898,0.0190876,0.113481,0.0594693,-0.120277,0.0179463,-0.0150917,-0.0324382,-0.0343364,0.0396022,0.017858,0.00201306,0.0204881,-0.0183603,0.209238,-0.13288,0.0506783,-0.0531176
0.137998,-0.166157,-0.0159888,-0.0272724,0.0626201,-0.0628573,-0.0446788,0.0154874,0.0459587,0.105782,-0.000185991,0.174457,0.207825,0.288713,-0.0088518,0.00388734,-0.0173952,0.220536,0.0081181,0.220269,0.0651971,0.0165465,0.0964219,-0.124597,-0.0838488,-0.0623328,0.087875,0.247778,0.128421,0.0353314,0.0133275,-0.16944,-0.0138518,-0.0112679,0.104661,0.332638,0.192162,-0.0338266,0.00334282,-0.00111119,0.0994147,-0.0377149,-0.00094108,-0.0645201,-0.0627989,0.00303962,-0.0284828,0.0199966,0.129946,-0.0046082,-0.039637,0.000455461,0.0180345,0.112357,0.0596188,-0.121295,0.017404,-0.014981,-0.0324461,-0.0347977,0.0387587,0.0172926,0.00218223,0.0203352,-0.0178979,0.20934,-0.135263,0.0515848,-0.0534878
0.138998,-0.165804,-0.0167,-0.026455,0.0631918,-0.0634569,-0.0443783,0.0155554,0.0456751,0.105204,-0.000359067,0.174543,0.207319,0.285387,-0.00833344,0.00401314,-0.0167343,0.219922,0.00930224,0.217895,0.0652242,0.0146353,0.0923476,-0.124451,-0.0853637,-0.0642859,0.0878275,0.24576,0.128032,0.0346966,0.0128735,-0.169695,-0.0142777,-0.0112272,0.104946,0.331598,0.192198,-0.0344373,0.0030655,-0.000895103,0.0999498,-0.037389,-0.00109376,-0.0666721,-0.0653254,0.00289528,-0.0284247,0.0201681,0.130575,-0.00458642,-0.039763,-0.00131023,0.0169757,0.11121,0.0597556,-0.122288,0.0168567,-0.0148675,-0.0324466,-0.0352517,0.0379059,0.016722,0.00235145,0.0201775,-0.0174341,0.209396,-0.137617,0.0524843,-0.053846
0.139998,-0.165415,-0.0174059,-0.0256338,0.0637509,-0.0640418,-0.0440678,0.0156202,0.0453809,0.1046,-0.000532808,0.174594,0.206767,0.281993,-0.00781322,0.00413937,-0.0160703,0.21926,0.0104844,0.215474,0.0652386,0.0127186,0.0882465,-0.124279,-0.0868604,-0.0662282,0.0877617,0.243685,0.127616,0.034052,0.0124138,-0.169916,-0.0147013,-0.0111856,0.10521,0.330486,0.192192,-0.035042,0.00278867,-0.000678924,0.100465,-0.0370543,-0.0012469,-0.0688121,-0.067842,0.00275022,-0.0283604,0.0203351,0.131178,-0.0045629,-0.0398813,-0.0030775,0.0159115,0.11004,0.0598798,-0.123254,0.0163047,-0.0147514,-0.0324398,-0.0356983,0.0370443,0.0161463,0.00252065,0.0200151,-0.0169691,0.209405,-0.139943,0.0533765,-0.0541923
0.140998,-0.164991,-0.0181062,-0.0248092,0.0642974,-0.0646117,-0.0437474,0.0156818,0.045076,0.103971,-0.000707162,0.174608,0.206169,0.278532,-0.0072913,0.00426597,-0.0154033,0.21855,0.0116642,0.213007,0.0652402,0.0107968,0.08412,-0.124083,-0.0883385,-0.0681592,0.0876775,0.241554,0.127173,0.0333978,0.0119487,-0.170103,-0.0151226,-0.0111431,0.105453,0.329303,0.192145,-0.0356407,0.00251239,-0.000462709,0.100959,-0.0367108,-0.00140045,-0.0709394,-0.0703479,0.00260448,-0.0282901,0.0204977,0.131753,-0.00453767,-0.0399916,-0.00484578,0.0148422,0.108847,0.0599915,-0.124193,0.0157481,-0.0146326,-0.0324256,-0.0361374,0.0361739,0.0155657,0.00268979,0.0198479,-0.0165031,0.209366,-0.142238,0.0542611,-0.0545266
0.141998,-0.164533,-0.0188008,-0.0239814,0.064831,-0.0651666,-0.0434174,0.0157401,0.0447607,0.103317,-0.000882077,0.174587,0.205527,0.275004,-0.00676781,0.00439288,-0.0147336,0.217793,0.0128413,0.210493,0.0652291,0.00887075,0.0799694,-0.123862,-0.0897975,-0.0700781,0.0875751,0.239367,0.126703,0.0327343,0.0114783,-0.170257,-0.0155413,-0.0110996,0.105675,0.328049,0.192055,-0.0362332,0.00223675,-0.000246512,0.101433,-0.0363586,-0.00155439,-0.0730531,-0.0728422,0.00245812,-0.0282136,0.0206556,0.132301,-0.00451074,-0.040094,-0.00661448,0.0137682,0.107631,0.0600907,-0.125104,0.015187,-0.0145112,-0.0324039,-0.0365687,0.0352951,0.0149803,0.00285881,0.019676,-0.016036,0.209281,-0.144503,0.0551379,-0.0548487
0.142998,-0.164039,-0.0194894,-0.0231506,0.0653517,-0.0657062,-0.0430778,0.0157952,0.044435,0.102639,-0.0010575,0.174531,0.20484,0.271412,-0.00624292,0.00452005,-0.0140613,0.216989,0.0140155,0.207934,0.0652053,0.00694098,0.075796,-0.123615,-0.091237,-0.0719843,0.0874545,0.237125,0.126207,0.0320617,0.0110028,-0.170376,-0.0159574,-0.0110552,0.105877,0.326724,0.191923,-0.0368191,0.00196183,-3.03886e-05,0.101886,-0.0359979,-0.00170865,-0.0751527,-0.0753241,0.00231116,-0.0281311,0.020809,0.132822,-0.00448215,-0.0401885,-0.00838301,0.0126898,0.106394,0.0601774,-0.125989,0.0146218,-0.0143873,-0.0323749,-0.0369921,0.0344082,0.0143903,0.00302768,0.0194996,-0.0155681,0.209149,-0.146737,0.0560066,-0.0551585
0.143998,-0.163511,-0.0201721,-0.022317,0.0658593,-0.0662303,-0.0427288,0.015847,0.0440989,0.101937,-0.00123337,0.174439,0.204108,0.267755,-0.00571676,0.00464741,-0.0133868,0.216138,0.0151864,0.20533,0.0651687,0.00500813,0.0716013,-0.123344,-0.0926565,-0.0738772,0.0873158,0.234829,0.125685,0.0313803,0.0105224,-0.170462,-0.0163707,-0.0110098,0.106057,0.325328,0.19175,-0.0373984,0.00168772,0.000185607,0.102319,-0.0356287,-0.00186321,-0.0772374,-0.0777928,0.00216366,-0.0280426,0.0209577,0.133315,-0.00445192,-0.0402751,-0.0101508,0.0116074,0.105136,0.0602518,-0.126845,0.0140524,-0.0142608,-0.0323385,-0.0374075,0.0335135,0.013796,0.00319635,0.0193187,-0.0150995,0.208971,-0.148939,0.0568669,-0.0554561
0.144998,-0.162949,-0.0208484,-0.0214809,0.0663536,-0.0667388,-0.0423704,0.0158956,0.0437527,0.10121,-0.00140964,0.174312,0.203333,0.264036,-0.0051895,0.00477492,-0.0127101,0.21524,0.0163537,0.202683,0.0651195,0.00307286,0.0673867,-0.123048,-0.0940556,-0.0757562,0.0871589,0.232479,0.125137,0.0306904,0.0100372,-0.170513,-0.0167812,-0.0109635,0.106217,0.323863,0.191535,-0.0379709,0.00141448,0.00040142,0.102731,-0.0352511,-0.00201802,-0.0793065,-0.0802474,0.00201565,-0.0279481,0.0211017,0.133781,-0.00442008,-0.0403536,-0.0119172,0.0105214,0.103856,0.0603137,-0.127674,0.0134793,-0.0141319,-0.0322947,-0.0378147,0.0326112,0.0131973,0.00336475,0.0191333,-0.0146303,0.208745,-0.151108,0.0577184,-0.0557412
0.145998,-0.162352,-0.0215184,-0.0206425,0.0668346,-0.0672316,-0.0420027,0.0159409,0.0433964,0.10046,-0.00158626,0.17415,0.202513,0.260255,-0.00466129,0.00490252,-0.0120314,0.214295,0.0175171,0.199992,0.0650576,0.00113579,0.0631535,-0.122727,-0.0954339,-0.0776205,0.0869841,0.230076,0.124563,0.0299921,0.00954758,-0.17053,-0.0171886,-0.0109164,0.106355,0.322328,0.191279,-0.0385363,0.00114221,0.000616994,0.103121,-0.0348654,-0.00217303,-0.0813593,-0.0826871,0.00186719,-0.0278477,0.021241,0.134219,-0.00438665,-0.0404241,-0.0136817,0.00943204,0.102556,0.0603634,-0.128475,0.0129024,-0.0140005,-0.0322435,-0.0382136,0.0317016,0.0125947,0.00353285,0.0189436,-0.0141606,0.208472,-0.153243,0.058561,-0.0560139
0.146998,-0.16172,-0.0221819,-0.0198021,0.0673021,-0.0677085,-0.0416261,0.015983,0.0430302,0.0996866,-0.00176316,0.173953,0.20165,0.256414,-0.00413228,0.00503014,-0.0113511,0.213304,0.0186763,0.19726,0.0649831,-0.000802418,0.0589032,-0.122381,-0.096791,-0.0794695,0.0867912,0.227621,0.123964,0.0292857,0.00905356,-0.170513,-0.0175929,-0.0108682,0.106473,0.320723,0.190982,-0.0390945,0.000870985,0.000832273,0.103491,-0.0344715,-0.00232821,-0.0833951,-0.085111,0.0017183,-0.0277414,0.0213755,0.134629,-0.00435166,-0.0404866,-0.0154437,0.00833981,0.101236,0.0604009,-0.129247,0.012322,-0.0138668,-0.0321849,-0.0386041,0.0307851,0.0119881,0.00370059,0.0187495,-0.0136907,0.208153,-0.155345,0.0593943,-0.0562741
0.147998,-0.161055,-0.0228386,-0.0189599,0.067756,-0.0681693,-0.0412404,0.0160218,0.0426541,0.0988896,-0.0019403,0.173721,0.200743,0.252514,-0.00360262,0.00515773,-0.0106693,0.212267,0.0198309,0.194486,0.064896,-0.00274113,0.0546372,-0.122012,-0.0981264,-0.0813027,0.0865805,0.225115,0.123339,0.0285716,0.0085554,-0.170461,-0.0179939,-0.0108192,0.106569,0.319051,0.190644,-0.0396453,0.000600875,0.0010472,0.103839,-0.0340696,-0.0024835,-0.0854133,-0.0875184,0.00156905,-0.0276293,0.0215053,0.135011,-0.00431515,-0.0405411,-0.0172026,0.00724502,0.0998968,0.0604262,-0.12999,0.0117383,-0.0137308,-0.032119,-0.038986,0.029862,0.0113779,0.00386792,0.0185512,-0.0132205,0.207787,-0.157411,0.0602181,-0.0565216
0.148998,-0.160356,-0.0234884,-0.0181162,0.0681962,-0.0686139,-0.0408459,0.0160573,0.0422683,0.0980696,-0.00211761,0.173455,0.199793,0.248556,-0.00307247,0.00528523,-0.00998628,0.211184,0.0209807,0.191672,0.0647963,-0.0046797,0.0503569,-0.121617,-0.0994397,-0.0831194,0.086352,0.222559,0.12269,0.0278499,0.00805329,-0.170375,-0.0183916,-0.0107693,0.106644,0.31731,0.190265,-0.0401885,0.000331963,0.00126172,0.104166,-0.0336598,-0.00263887,-0.0874131,-0.0899083,0.00141946,-0.0275114,0.0216303,0.135366,-0.00427713,-0.0405874,-0.0189578,0.00614805,0.0985381,0.0604394,-0.130705,0.0111516,-0.0135924,-0.0320457,-0.0393591,0.0289324,0.0107641,0.00403479,0.0183488,-0.0127503,0.207375,-0.159442,0.0610321,-0.0567565
0.149998,-0.159623,-0.0241312,-0.0172711,0.0686225,-0.0690422,-0.0404428,0.0160895,0.0418729,0.0972269,-0.00229504,0.173154,0.198801,0.244542,-0.00254199,0.00541258,-0.00930215,0.210056,0.0221253,0.188819,0.064684,-0.00661747,0.0460638,-0.121199,-0.100731,-0.0849189,0.0861058,0.219953,0.122015,0.027121,0.00754742,-0.170255,-0.0187857,-0.0107184,0.106699,0.315501,0.189846,-0.040724,6.43262e-05,0.00147577,0.104471,-0.0332423,-0.00279426,-0.0893939,-0.09228,0.00126959,-0.0273877,0.0217504,0.135692,-0.00423764,-0.0406257,-0.0207086,0.00504926,0.0971608,0.0604406,-0.13139,0.0105618,-0.0134519,-0.0319651,-0.0397234,0.0279968,0.0101471,0.00420116,0.0181423,-0.0122802,0.206916,-0.161436,0.061836,-0.0569786
0.150998,-0.158856,-0.0247667,-0.016425,0.0690348,-0.069454,-0.0400311,0.0161184,0.041468,0.0963617,-0.00247253,0.172819,0.197766,0.240473,-0.00201133,0.00553973,-0.00861718,0.208883,0.0232644,0.185927,0.0645593,-0.00855381,0.0417593,-0.120756,-0.101999,-0.0867007,0.0858419,0.217298,0.121316,0.026385,0.007038,-0.1701,-0.0191762,-0.0106666,0.106732,0.313625,0.189386,-0.0412515,-0.000201959,0.00168931,0.104755,-0.0328172,-0.00294963,-0.091355,-0.0946327,0.00111947,-0.0272583,0.0218657,0.135991,-0.00419671,-0.0406559,-0.0224546,0.00394903,0.0957654,0.0604298,-0.132046,0.00996939,-0.0133091,-0.0318771,-0.0400787,0.0270555,0.00952688,0.00436697,0.0179318,-0.0118103,0.206411,-0.163393,0.0626295,-0.0571879
0.151998,-0.158057,-0.025395,-0.015578,0.0694331,-0.0698492,-0.0396111,0.016144,0.0410538,0.0954743,-0.00265002,0.17245,0.19669,0.236349,-0.00148065,0.00566661,-0.00793157,0.207664,0.0243977,0.182997,0.0644222,-0.010488,0.0374449,-0.120289,-0.103244,-0.0884641,0.0855605,0.214595,0.120593,0.0256424,0.00652524,-0.16991,-0.019563,-0.010614,0.106744,0.311683,0.188887,-0.0417708,-0.000466817,0.00190226,0.105017,-0.0323846,-0.00310494,-0.0932958,-0.0969655,0.00096916,-0.0271233,0.021976,0.136262,-0.00415438,-0.040678,-0.0241951,0.00284774,0.0943524,0.0604071,-0.132673,0.00937441,-0.0131643,-0.0317819,-0.040425,0.0261087,0.00890373,0.00453217,0.0177174,-0.0113407,0.205859,-0.165313,0.0634123,-0.0573844
0.152997,-0.157224,-0.0260157,-0.0147305,0.0698172,-0.0702277,-0.0391828,0.0161664,0.0406305,0.0945651,-0.00282746,0.172047,0.195572,0.232173,-0.000950114,0.00579316,-0.00724555,0.206402,0.0255249,0.180031,0.0642726,-0.0124195,0.033122,-0.119799,-0.104465,-0.0902085,0.0852617,0.211844,0.119845,0.0248933,0.00600933,-0.169687,-0.0199459,-0.0105604,0.106735,0.309675,0.188348,-0.0422819,-0.000730171,0.00211457,0.105258,-0.0319446,-0.00326014,-0.0952155,-0.0992776,0.000818698,-0.0269827,0.0220815,0.136505,-0.00411066,-0.0406919,-0.0259295,0.00174574,0.0929221,0.0603726,-0.133269,0.0087771,-0.0130173,-0.0316794,-0.0407619,0.0251567,0.00827784,0.00469672,0.0174991,-0.0108716,0.205262,-0.167194,0.0641842,-0.057568
0.153997,-0.156358,-0.0266288,-0.0138826,0.070187,-0.0705894,-0.0387464,0.0161854,0.0401981,0.0936343,-0.00300478,0.17161,0.194413,0.227947,-0.000419871,0.00591932,-0.00655932,0.205095,0.0266457,0.177028,0.0641107,-0.0143476,0.0287922,-0.119285,-0.105662,-0.0919334,0.0849456,0.209048,0.119074,0.0241381,0.00549048,-0.169428,-0.0203248,-0.0105059,0.106705,0.307601,0.187769,-0.0427844,-0.000991948,0.00232619,0.105476,-0.0314974,-0.00341517,-0.0971134,-0.101568,0.000668128,-0.0268365,0.022182,0.136719,-0.00406559,-0.0406977,-0.0276573,0.00064343,0.0914752,0.0603264,-0.133836,0.00817764,-0.0128683,-0.0315696,-0.0410896,0.0242,0.0076494,0.00486055,0.0172771,-0.0104031,0.204618,-0.169036,0.0649449,-0.0577386
0.154997,-0.15546,-0.0272341,-0.0130347,0.0705425,-0.0709342,-0.038302,0.0162012,0.0397567,0.0926822,-0.00318193,0.17114,0.193213,0.22367,0.000109916,0.00604503,-0.0058731,0.203745,0.0277597,0.173991,0.0639365,-0.0162717,0.0244568,-0.118747,-0.106835,-0.093638,0.0846122,0.206206,0.118279,0.0233769,0.0049689,-0.169136,-0.0206996,-0.0104505,0.106654,0.305463,0.187151,-0.0432783,-0.00125207,0.00253705,0.105673,-0.0310432,-0.00357001,-0.0989891,-0.103837,0.000517496,-0.0266849,0.0222776,0.136906,-0.00401921,-0.0406954,-0.0293778,-0.000458827,0.0900122,0.0602686,-0.134373,0.00757625,-0.0127174,-0.0314526,-0.0414078,0.0232387,0.00701859,0.00502362,0.0170514,-0.00993523,0.203929,-0.170839,0.0656941,-0.0578963
0.155997,-0.154529,-0.0278314,-0.0121869,0.0708835,-0.071262,-0.0378499,0.0162136,0.0393066,0.0917092,-0.00335884,0.170636,0.191972,0.219345,0.000639089,0.00617024,-0.00518711,0.202351,0.0288667,0.17092,0.06375,-0.018191,0.0201174,-0.118186,-0.107983,-0.0953219,0.0842618,0.20332,0.117461,0.0226102,0.00444479,-0.168808,-0.0210701,-0.0103942,0.106582,0.30326,0.186494,-0.0437634,-0.00151048,0.0027471,0.105848,-0.030582,-0.00372459,-0.100842,-0.106082,0.000366847,-0.0265278,0.0223681,0.137065,-0.00397155,-0.040685,-0.0310905,-0.00156065,0.0885335,0.0601991,-0.13488,0.00697311,-0.0125645,-0.0313284,-0.0417163,0.0222732,0.00638563,0.00518588,0.0168222,-0.00946824,0.203194,-0.172601,0.0664316,-0.058041
0.156997,-0.153566,-0.0284207,-0.0113395,0.0712099,-0.0715727,-0.0373902,0.0162228,0.038848,0.0907157,-0.00353547,0.1701,0.190692,0.214973,0.00116749,0.00629487,-0.00450156,0.200915,0.0299663,0.167816,0.0635514,-0.020105,0.0157755,-0.117602,-0.109106,-0.0969844,0.0838944,0.20039,0.11662,0.0218381,0.00391838,-0.168447,-0.0214363,-0.010337,0.106489,0.300995,0.185799,-0.0442394,-0.00176708,0.00295628,0.106001,-0.0301141,-0.00387887,-0.102671,-0.108303,0.000216226,-0.0263654,0.0224537,0.137195,-0.00392264,-0.0406665,-0.0327947,-0.00266166,0.0870397,0.0601182,-0.135356,0.00636844,-0.0124097,-0.0311971,-0.0420153,0.0213038,0.0057507,0.00534729,0.0165894,-0.00900221,0.202414,-0.174323,0.0671571,-0.0581726
0.157997,-0.152571,-0.0290017,-0.0104927,0.0715217,-0.0718661,-0.036923,0.0162286,0.0383808,0.0897018,-0.00371174,0.169531,0.189373,0.210556,0.00169495,0.00641888,-0.00381667,0.199436,0.0310582,0.16468,0.0633407,-0.022013,0.0114325,-0.116995,-0.110204,-0.0986249,0.0835102,0.197418,0.115756,0.0210611,0.00338986,-0.168051,-0.021798,-0.0102789,0.106376,0.298666,0.185065,-0.0447063,-0.00202182,0.00316453,0.106132,-0.0296395,-0.0040328,-0.104475,-0.1105,6.56781e-05,-0.0261978,0.0225342,0.137298,-0.00387251,-0.0406398,-0.03449,-0.00376149,0.0855312,0.0600259,-0.135802,0.00576244,-0.0122531,-0.0310586,-0.0423044,0.0203309,0.00511402,0.00550778,0.0163533,-0.00853727,0.201589,-0.176003,0.0678703,-0.0582912
0.158997,-0.151545,-0.0295744,-0.00964685,0.0718188,-0.0721423,-0.0364484,0.0162312,0.0379054,0.0886681,-0.0038876,0.168929,0.188014,0.206095,0.00222133,0.00654219,-0.00313264,0.197915,0.0321422,0.161513,0.0631179,-0.0239143,0.00708996,-0.116365,-0.111276,-0.100243,0.0831093,0.194404,0.11487,0.0202793,0.00285945,-0.167621,-0.0221552,-0.0102199,0.106241,0.296276,0.184293,-0.0451639,-0.00227462,0.00337179,0.10624,-0.0291585,-0.00418633,-0.106255,-0.112671,-8.47507e-05,-0.0260248,0.0226097,0.137372,-0.0038212,-0.0406051,-0.0361756,-0.00485975,0.0840086,0.0599223,-0.136218,0.0051553,-0.0120947,-0.0309131,-0.0425836,0.0193548,0.00447578,0.0056673,0.0161138,-0.00807352,0.200719,-0.177641,0.0685709,-0.0583966
0.159997,-0.150487,-0.0301386,-0.00880208,0.0721011,-0.0724012,-0.0359668,0.0162304,0.0374218,0.0876148,-0.00406299,0.168296,0.186617,0.201592,0.00274645,0.00666476,-0.0024497,0.196352,0.033218,0.158316,0.0628831,-0.0258084,0.00274934,-0.115712,-0.112322,-0.101838,0.0826918,0.19135,0.113962,0.019493,0.00232737,-0.167157,-0.0225076,-0.01016,0.106086,0.293824,0.183484,-0.0456119,-0.00252541,0.00357801,0.106327,-0.0286711,-0.00433942,-0.10801,-0.114816,-0.000235015,-0.0258468,0.0226802,0.137419,-0.00376875,-0.0405622,-0.0378511,-0.00595607,0.0824725,0.0598075,-0.136602,0.00454724,-0.0119346,-0.0307605,-0.0428528,0.0183757,0.00383619,0.00582582,0.015871,-0.0076111,0.199805,-0.179237,0.0692588,-0.058489
0.160997,-0.149399,-0.0306941,-0.00795868,0.0723685,-0.0726426,-0.0354782,0.0162264,0.0369302,0.0865424,-0.00423784,0.16763,0.185182,0.197048,0.00327016,0.00678651,-0.00176806,0.194748,0.0342851,0.15509,0.0626365,-0.0276945,-0.00158784,-0.115038,-0.113341,-0.103409,0.0822579,0.188256,0.113033,0.0187026,0.00179382,-0.166658,-0.0228552,-0.0100992,0.10591,0.291312,0.182638,-0.0460503,-0.00277412,0.00378312,0.106391,-0.0281776,-0.00449202,-0.109738,-0.116934,-0.00038507,-0.0256636,0.0227456,0.137437,-0.00371518,-0.0405113,-0.0395159,-0.00705006,0.0809233,0.0596816,-0.136956,0.00393845,-0.0117729,-0.030601,-0.0431119,0.0173941,0.00319545,0.00598327,0.0156252,-0.00715013,0.198846,-0.18079,0.0699336,-0.0585682
0.161997,-0.148279,-0.031241,-0.00711688,0.0726209,-0.0728665,-0.0349828,0.0162191,0.0364309,0.0854511,-0.0044121,0.166933,0.183709,0.192464,0.0037923,0.00690739,-0.00108794,0.193104,0.0353434,0.151836,0.062378,-0.029572,-0.00592009,-0.11434,-0.114334,-0.104956,0.0818077,0.185124,0.112082,0.0179084,0.00125903,-0.166126,-0.0231979,-0.0100375,0.105713,0.288741,0.181755,-0.0464789,-0.00302069,0.00398706,0.106433,-0.0276781,-0.00464407,-0.111439,-0.119024,-0.00053487,-0.0254754,0.0228059,0.137428,-0.00366054,-0.0404522,-0.0411694,-0.00814136,0.0793615,0.0595447,-0.137279,0.00332915,-0.0116095,-0.0304345,-0.0433608,0.0164102,0.00255377,0.00613962,0.0153763,-0.00669072,0.197843,-0.182299,0.0705951,-0.0586343
0.162997,-0.14713,-0.0317789,-0.00627692,0.0728583,-0.0730728,-0.0344807,0.0162085,0.0359239,0.0843413,-0.00458571,0.166204,0.1822,0.187842,0.0043127,0.00702733,-0.000409539,0.19142,0.0363925,0.148555,0.0621078,-0.0314402,-0.0102459,-0.113621,-0.1153,-0.106478,0.0813413,0.181954,0.111109,0.0171105,0.000723214,-0.165559,-0.0235355,-0.00997492,0.105495,0.28611,0.180835,-0.0468975,-0.00326505,0.00418978,0.106453,-0.0271728,-0.00479552,-0.113114,-0.121086,-0.00068437,-0.0252822,0.0228611,0.137391,-0.00360485,-0.0403852,-0.042811,-0.00922958,0.0777878,0.0593968,-0.13757,0.00271954,-0.0114446,-0.030261,-0.0435995,0.0154244,0.00191136,0.0062948,0.0151244,-0.00623298,0.196797,-0.183764,0.071243,-0.0586872
0.163997,-0.14595,-0.0323079,-0.00543904,0.0730807,-0.0732616,-0.0339722,0.0161947,0.0354094,0.0832135,-0.00475861,0.165444,0.180653,0.183184,0.00483122,0.00714629,0.000266922,0.189696,0.0374321,0.145248,0.0618259,-0.0332986,-0.0145638,-0.112881,-0.116238,-0.107975,0.080859,0.178747,0.110116,0.0163095,0.000186581,-0.164959,-0.023868,-0.00991145,0.105257,0.283421,0.179879,-0.047306,-0.00350713,0.00439122,0.106451,-0.0266618,-0.00494634,-0.11476,-0.123119,-0.000833523,-0.0250842,0.0229112,0.137325,-0.00354816,-0.04031,-0.0444401,-0.0103143,0.0762026,0.0592381,-0.137831,0.00210983,-0.0112781,-0.0300808,-0.0438278,0.0144369,0.00126842,0.00644876,0.0148697,-0.00577705,0.195707,-0.185184,0.0718771,-0.058727
0.164997,-0.144741,-0.0328277,-0.00460348,0.073288,-0.0734328,-0.0334574,0.0161775,0.0348876,0.0820681,-0.00493073,0.164654,0.179071,0.178492,0.00534768,0.00726418,0.000941232,0.187933,0.038462,0.141917,0.0615324,-0.0351465,-0.0188723,-0.112119,-0.117149,-0.109446,0.080361,0.175505,0.109103,0.0155054,-0.000350648,-0.164325,-0.0241952,-0.00984709,0.104999,0.280675,0.178888,-0.0477042,-0.00374687,0.00459133,0.106426,-0.0261452,-0.00509646,-0.116378,-0.125121,-0.000982285,-0.0248813,0.0229563,0.137233,-0.0034905,-0.0402269,-0.0460562,-0.0113953,0.0746065,0.0590687,-0.13806,0.00150022,-0.0111103,-0.0298937,-0.0440456,0.0134482,0.000625172,0.00660147,0.0146122,-0.00532302,0.194574,-0.186559,0.0724972,-0.0587536
0.165997,-0.143502,-0.0333383,-0.00377048,0.07348,-0.0735862,-0.0329365,0.0161571,0.0343587,0.0809053,-0.00510201,0.163833,0.177454,0.173766,0.00586194,0.00738097,0.00161318,0.186131,0.0394819,0.138562,0.0612275,-0.0369833,-0.0231699,-0.111335,-0.118032,-0.110891,0.0798472,0.172229,0.10807,0.0146987,-0.000888256,-0.163657,-0.0245171,-0.00978183,0.10472,0.277873,0.177861,-0.0480921,-0.00398421,0.00479003,0.106379,-0.0256234,-0.00524584,-0.117967,-0.127093,-0.00113061,-0.0246738,0.0229962,0.137112,-0.00343191,-0.0401358,-0.0476588,-0.012472,0.073,0.0588887,-0.138259,0.000890924,-0.010941,-0.0296999,-0.0442529,0.0124585,-1.81848e-05,0.00675286,0.014352,-0.00487102,0.193398,-0.187888,0.0731029,-0.0587671
0.166997,-0.142235,-0.0338395,-0.00294027,0.0736568,-0.073722,-0.0324097,0.0161335,0.0338229,0.0797257,-0.0052724,0.162982,0.175801,0.169009,0.00637384,0.00749658,0.00228256,0.184292,0.0404914,0.135184,0.0609112,-0.0388082,-0.0274551,-0.110531,-0.118887,-0.112309,0.079318,0.16892,0.107017,0.0138896,-0.00142603,-0.162956,-0.0248334,-0.00971569,0.104421,0.275015,0.1768,-0.0484693,-0.00421908,0.00498728,0.10631,-0.0250964,-0.00539443,-0.119526,-0.129034,-0.00127845,-0.0244615,0.023031,0.136964,-0.00337242,-0.0400366,-0.0492473,-0.0135442,0.0713836,0.0586982,-0.138426,0.000282147,-0.0107704,-0.0294994,-0.0444496,0.0114683,-0.000661436,0.0069029,0.0140893,-0.00442116,0.192181,-0.189172,0.0736941,-0.0587674
0.167997,-0.140939,-0.0343313,-0.00211308,0.0738184,-0.07384,-0.0318772,0.0161066,0.0332803,0.0785296,-0.00544183,0.162101,0.174115,0.164221,0.00688321,0.00761095,0.00294915,0.182415,0.0414903,0.131784,0.0605836,-0.0406208,-0.0317263,-0.109705,-0.119713,-0.113699,0.0787736,0.165578,0.105945,0.0130785,-0.00196374,-0.162222,-0.0251442,-0.00964866,0.104101,0.272103,0.175704,-0.0488359,-0.00445142,0.00518301,0.106219,-0.0245644,-0.00554217,-0.121055,-0.130943,-0.00142577,-0.0242447,0.0230606,0.136788,-0.00331207,-0.0399296,-0.0508211,-0.0146114,0.069758,0.0584973,-0.138561,-0.000325904,-0.0105984,-0.0292923,-0.0446357,0.0104777,-0.00130437,0.00705152,0.013824,-0.00397354,0.190921,-0.190408,0.0742705,-0.0587547
0.168997,-0.139615,-0.0348135,-0.00128916,0.0739646,-0.0739402,-0.0313391,0.0160765,0.0327311,0.0773174,-0.00561024,0.161191,0.172394,0.159406,0.0073899,0.00772403,0.00361276,0.180501,0.0424783,0.128364,0.0602448,-0.0424203,-0.0359822,-0.10886,-0.120511,-0.115062,0.078214,0.162205,0.104853,0.0122656,-0.00250117,-0.161455,-0.0254493,-0.00958074,0.103762,0.269137,0.174574,-0.0491916,-0.00468116,0.00537717,0.106106,-0.0240277,-0.00568903,-0.122553,-0.132818,-0.00157251,-0.0240234,0.0230852,0.136585,-0.0032509,-0.0398146,-0.0523796,-0.0156733,0.0681236,0.0582861,-0.138666,-0.000933021,-0.0104253,-0.0290786,-0.044811,0.00948716,-0.00194677,0.00719869,0.0135564,-0.00352828,0.18962,-0.191598,0.0748319,-0.0587288
0.169997,-0.138263,-0.0352861,-0.000468726,0.0740955,-0.0740227,-0.0307956,0.0160431,0.0321756,0.0760896,-0.00577757,0.160252,0.170641,0.154563,0.00789375,0.00783576,0.00427317,0.178551,0.0434551,0.124925,0.0598949,-0.0442062,-0.0402213,-0.107994,-0.12128,-0.116396,0.0776395,0.158802,0.103744,0.0114512,-0.00303812,-0.160655,-0.0257486,-0.00951194,0.103402,0.266118,0.17341,-0.0495363,-0.00490826,0.00556971,0.10597,-0.0234863,-0.00583494,-0.124021,-0.134661,-0.00171864,-0.0237977,0.0231046,0.136354,-0.00318894,-0.0396918,-0.0539225,-0.0167295,0.066481,0.0580647,-0.138739,-0.001539,-0.010251,-0.0288584,-0.0449755,0.008497,-0.00258843,0.00734435,0.0132865,-0.00308549,0.188278,-0.192741,0.075378,-0.0586899
0.170997,-0.136883,-0.0357489,0.000347986,0.074211,-0.0740874,-0.030247,0.0160065,0.0316138,0.0748465,-0.00594376,0.159284,0.168855,0.149696,0.00839461,0.00794608,0.00493017,0.176565,0.0444204,0.121467,0.0595341,-0.0459779,-0.044442,-0.107108,-0.12202,-0.117702,0.0770502,0.155371,0.102616,0.0106357,-0.00357435,-0.159822,-0.026042,-0.00944225,0.103023,0.263047,0.172214,-0.04987,-0.00513265,0.00576055,0.105813,-0.0229404,-0.00597986,-0.125456,-0.136469,-0.00186411,-0.0235676,0.0231189,0.136097,-0.00312624,-0.0395611,-0.0554491,-0.0177796,0.0648308,0.0578332,-0.138781,-0.00214362,-0.0100755,-0.0286318,-0.0451291,0.00750755,-0.00322914,0.00748846,0.0130145,-0.00264527,0.186895,-0.193836,0.0759087,-0.0586379
0.171997,-0.135477,-0.0362018,0.00116075,0.0743111,-0.0741344,-0.0296933,0.0159668,0.0310461,0.0735887,-0.00610875,0.158287,0.167037,0.144805,0.00889231,0.00805493,0.00558357,0.174544,0.045374,0.117992,0.0591623,-0.0477346,-0.0486429,-0.106202,-0.12273,-0.118978,0.0764464,0.151912,0.10147,0.00981934,-0.00410965,-0.158956,-0.0263294,-0.00937168,0.102624,0.259926,0.170985,-0.0501924,-0.00535428,0.00594965,0.105633,-0.0223903,-0.00612374,-0.126859,-0.138242,-0.00200886,-0.0233333,0.0231281,0.135812,-0.00306283,-0.0394226,-0.0569588,-0.0188234,0.0631735,0.0575919,-0.138791,-0.00274669,-0.00989899,-0.0283989,-0.0452718,0.00651913,-0.00386868,0.00763097,0.0127403,-0.00220773,0.185472,-0.194883,0.0764237,-0.0585729
0.172997,-0.134044,-0.0366447,0.00196933,0.0743958,-0.0741635,-0.0291349,0.0159238,0.0304725,0.0723166,-0.00627249,0.157262,0.165188,0.139892,0.00938672,0.00816225,0.00623316,0.172489,0.0463156,0.114501,0.0587798,-0.0494759,-0.0528225,-0.105277,-0.123411,-0.120224,0.0758283,0.148426,0.100306,0.00900241,-0.00464381,-0.158059,-0.0266107,-0.00930023,0.102205,0.256754,0.169723,-0.0505034,-0.00557309,0.00613696,0.105431,-0.0218361,-0.00626652,-0.12823,-0.13998,-0.00215287,-0.0230948,0.0231322,0.1355,-0.00299874,-0.0392764,-0.0584513,-0.0198603,0.0615096,0.0573406,-0.13877,-0.003348,-0.00972146,-0.0281597,-0.0454036,0.00553207,-0.00450683,0.00777183,0.0124641,-0.00177298,0.184009,-0.195881,0.0769228,-0.0584949
0.173997,-0.132585,-0.0370775,0.00277351,0.074465,-0.074175,-0.0285718,0.0158777,0.0298933,0.0710305,-0.0064349,0.15621,0.163308,0.13496,0.00987767,0.00826799,0.00687874,0.1704,0.0472449,0.110995,0.0583867,-0.0512012,-0.0569794,-0.104333,-0.124062,-0.12144,0.075196,0.144915,0.0991261,0.00818523,-0.0051766,-0.157129,-0.0268859,-0.00922789,0.101767,0.253534,0.16843,-0.050803,-0.00578902,0.0063224,0.105207,-0.021278,-0.00640817,-0.129567,-0.141682,-0.00229608,-0.0228522,0.0231311,0.135161,-0.00293402,-0.0391224,-0.0599259,-0.0208901,0.0598397,0.0570797,-0.138718,-0.00394733,-0.00954296,-0.0279142,-0.0455243,0.0045467,-0.00514339,0.00791099,0.0121861,-0.0013411,0.182507,-0.196831,0.0774058,-0.0584039
0.174997,-0.131101,-0.0375002,0.00357307,0.0745187,-0.0741687,-0.0280043,0.0158283,0.0293087,0.069731,-0.00659593,0.155131,0.161398,0.130008,0.010365,0.00837209,0.00752011,0.168278,0.0481617,0.107475,0.057983,-0.0529097,-0.0611122,-0.103371,-0.124683,-0.122626,0.0745499,0.14138,0.0979291,0.0073681,-0.00570782,-0.156167,-0.0271547,-0.00915468,0.10131,0.250266,0.167106,-0.051091,-0.00600202,0.00650594,0.104962,-0.0207163,-0.00654862,-0.130871,-0.143348,-0.00243845,-0.0226057,0.023125,0.134796,-0.0028687,-0.0389608,-0.0613822,-0.0219124,0.0581643,0.0568091,-0.138635,-0.00454449,-0.00936356,-0.0276627,-0.045634,0.00356335,-0.00577814,0.00804842,0.0119063,-0.000912216,0.180966,-0.197731,0.0778725,-0.0583001
0.175997,-0.129591,-0.0379127,0.00436778,0.074557,-0.0741446,-0.0274326,0.0157759,0.0287188,0.0684184,-0.00675553,0.154024,0.159459,0.12504,0.0108486,0.00847449,0.00815707,0.166124,0.0490657,0.103942,0.057569,-0.054601,-0.0652193,-0.102389,-0.125274,-0.12378,0.0738899,0.137822,0.0967159,0.00655133,-0.00623723,-0.155174,-0.0274172,-0.00908059,0.100833,0.246951,0.165752,-0.0513674,-0.00621204,0.0066875,0.104694,-0.020151,-0.00668783,-0.132141,-0.144976,-0.00257994,-0.0223552,0.0231138,0.134404,-0.00280283,-0.0387915,-0.0628196,-0.0229268,0.0564841,0.0565291,-0.13852,-0.00513928,-0.00918331,-0.0274051,-0.0457326,0.00258235,-0.00641086,0.00818405,0.0116248,-0.000486415,0.179387,-0.198582,0.0783226,-0.0581834
0.176997,-0.128056,-0.0383148,0.00515742,0.0745798,-0.0741029,-0.0268568,0.0157203,0.028124,0.0670933,-0.00691362,0.152891,0.15749,0.120057,0.0113283,0.00857513,0.00878942,0.163938,0.0499566,0.100398,0.0571446,-0.0562745,-0.0692994,-0.10139,-0.125834,-0.124903,0.0732165,0.134241,0.0954868,0.00573521,-0.00676464,-0.154149,-0.0276732,-0.00900562,0.100337,0.24359,0.164367,-0.0516319,-0.00641903,0.00686705,0.104405,-0.0195824,-0.00682574,-0.133376,-0.146566,-0.0027205,-0.0221009,0.0230975,0.133985,-0.00273643,-0.0386147,-0.0642377,-0.0239331,0.0547995,0.0562398,-0.138374,-0.00573147,-0.00900226,-0.0271415,-0.04582,0.00160402,-0.00704135,0.00831785,0.0113417,-6.37966e-05,0.177771,-0.199383,0.078756,-0.0580539
0.177997,-0.126498,-0.0387066,0.00594177,0.0745871,-0.0740436,-0.0262773,0.0156616,0.0275243,0.0657561,-0.00707016,0.151732,0.155494,0.115061,0.0118039,0.00867397,0.00941697,0.161721,0.0508342,0.0968429,0.0567101,-0.0579296,-0.073351,-0.100372,-0.126364,-0.125994,0.0725298,0.130641,0.0942422,0.00492004,-0.00728982,-0.153093,-0.0279226,-0.00892978,0.0998225,0.240185,0.162952,-0.0518844,-0.00662293,0.00704451,0.104094,-0.0190106,-0.00696232,-0.134576,-0.148118,-0.00286009,-0.0218429,0.0230761,0.13354,-0.00266955,-0.0384303,-0.065636,-0.0249307,0.0531111,0.0559412,-0.138198,-0.00632088,-0.00882048,-0.026872,-0.0458962,0.000628684,-0.00766939,0.00844977,0.0110571,0.000355542,0.176117,-0.200134,0.0791725,-0.0579116
0.178997,-0.124915,-0.0390878,0.00672063,0.0745789,-0.0739667,-0.025694,0.0155998,0.02692,0.0644073,-0.00722508,0.150547,0.153471,0.110053,0.0122753,0.00877094,0.0100395,0.159473,0.0516983,0.0932788,0.0562656,-0.0595656,-0.0773727,-0.0993372,-0.126864,-0.127052,0.07183,0.127021,0.0929826,0.00410614,-0.00781256,-0.152007,-0.0281654,-0.00885307,0.099289,0.236736,0.161509,-0.052125,-0.00682371,0.00721985,0.103761,-0.018436,-0.0070975,-0.135741,-0.14963,-0.00299867,-0.0215813,0.0230497,0.13307,-0.00260223,-0.0382384,-0.0670139,-0.0259195,0.0514195,0.0556335,-0.13799,-0.0069073,-0.008638,-0.0265968,-0.0459613,-0.000343327,-0.00829476,0.00857977,0.0107711,0.000771506,0.174426,-0.200836,0.0795718,-0.0577567
0.179997,-0.123309,-0.0394585,0.00749377,0.0745553,-0.0738722,-0.0251073,0.0155349,0.0263113,0.0630473,-0.00737833,0.149337,0.15142,0.105035,0.0127423,0.008866,0.0106569,0.157196,0.0525486,0.0897064,0.0558112,-0.0611822,-0.0813632,-0.0982849,-0.127333,-0.128078,0.0711174,0.123382,0.0917084,0.00329378,-0.00833265,-0.15089,-0.0284015,-0.00877548,0.0987369,0.233244,0.160037,-0.0523534,-0.00702131,0.007393,0.103407,-0.0178586,-0.00723124,-0.13687,-0.151103,-0.00313619,-0.021316,0.0230182,0.132573,-0.00253449,-0.0380391,-0.0683711,-0.026899,0.0497252,0.0553168,-0.137751,-0.00749053,-0.0084549,-0.0263158,-0.0460151,-0.00131169,-0.00891726,0.0087078,0.0104839,0.001184,0.172699,-0.201486,0.0799539,-0.0575892
0.180997,-0.12168,-0.0398186,0.00826099,0.0745162,-0.0737603,-0.0245174,0.015467,0.0256984,0.0616766,-0.00752985,0.148102,0.149344,0.100008,0.0132049,0.00895909,0.0112689,0.15489,0.0533848,0.0861269,0.055347,-0.0627786,-0.085321,-0.0972157,-0.12777,-0.129071,0.0703922,0.119727,0.09042,0.00248328,-0.00884987,-0.149742,-0.0286308,-0.00869703,0.0981664,0.229711,0.158537,-0.0525697,-0.00721568,0.00756392,0.103032,-0.0172786,-0.00736349,-0.137962,-0.152536,-0.00327261,-0.0210474,0.0229818,0.13205,-0.00246639,-0.0378325,-0.069707,-0.0278689,0.0480287,0.0549913,-0.137482,-0.00807036,-0.00827122,-0.0260292,-0.0460578,-0.00227609,-0.00953668,0.00883381,0.0101955,0.00159294,0.170937,-0.202086,0.0803185,-0.0574091
0.181997,-0.120029,-0.0401679,0.00902208,0.0744616,-0.0736309,-0.0239244,0.015396,0.0250815,0.0602957,-0.00767958,0.146842,0.147242,0.0949753,0.0136628,0.00905015,0.0118753,0.152555,0.0542067,0.0825415,0.0548732,-0.0643544,-0.0892448,-0.0961299,-0.128177,-0.130031,0.0696546,0.116056,0.0891178,0.00167493,-0.00936402,-0.148565,-0.0288532,-0.00861771,0.0975777,0.226138,0.157009,-0.0527736,-0.00740679,0.00773254,0.102635,-0.0166963,-0.00749421,-0.139019,-0.153929,-0.00340789,-0.0207754,0.0229403,0.131502,-0.00239796,-0.0376186,-0.0710213,-0.0288289,0.0463307,0.054657,-0.137182,-0.0086466,-0.00808701,-0.0257371,-0.0460891,-0.00323621,-0.0101528,0.00895778,0.00990602,0.00199823,0.16914,-0.202635,0.0806655,-0.0572165
0.182997,-0.118356,-0.0405065,0.00977682,0.0743917,-0.0734841,-0.0233286,0.015322,0.0244608,0.058905,-0.00782747,0.145559,0.145116,0.0899375,0.0141159,0.00913915,0.012476,0.150194,0.0550141,0.0789514,0.0543899,-0.0659091,-0.0931331,-0.0950278,-0.128552,-0.130957,0.0689048,0.11237,0.0878022,0.000869018,-0.00987489,-0.147358,-0.0290686,-0.00853752,0.0969708,0.222526,0.155455,-0.0529652,-0.00759459,0.00789883,0.102217,-0.0161118,-0.00762333,-0.140038,-0.15528,-0.00354198,-0.0205001,0.0228938,0.130928,-0.00232924,-0.0373974,-0.0723133,-0.0297786,0.0446316,0.0543142,-0.136851,-0.00921905,-0.00790234,-0.0254396,-0.0461092,-0.00419172,-0.0107654,0.00907964,0.00961557,0.00239978,0.167309,-0.203133,0.0809946,-0.0570115
0.183997,-0.116662,-0.0408343,0.010525,0.0743063,-0.0733201,-0.0227301,0.0152449,0.0238365,0.0575051,-0.00797345,0.144251,0.142966,0.0848964,0.0145641,0.00922601,0.0130708,0.147805,0.0558067,0.0753575,0.0538973,-0.067442,-0.0969848,-0.0939099,-0.128897,-0.131849,0.0681432,0.108671,0.0864737,6.58497e-05,-0.0103823,-0.146122,-0.0292769,-0.00845647,0.0963461,0.218875,0.153874,-0.0531443,-0.00777903,0.00806272,0.101778,-0.0155254,-0.00775082,-0.14102,-0.15659,-0.00367486,-0.0202216,0.0228424,0.13033,-0.00226025,-0.037169,-0.0735828,-0.0307178,0.042932,0.0539629,-0.13649,-0.00978752,-0.00771725,-0.0251367,-0.046118,-0.00514231,-0.0113743,0.00919937,0.00932426,0.00279751,0.165443,-0.20358,0.0813058,-0.0567942
0.184997,-0.114947,-0.0411512,0.0112665,0.0742056,-0.0731389,-0.0221291,0.0151649,0.0232089,0.0560964,-0.00811748,0.142921,0.140792,0.0798539,0.0150072,0.00931071,0.0136594,0.145391,0.0565844,0.0717612,0.0533954,-0.0689527,-0.100798,-0.0927763,-0.12921,-0.132706,0.0673699,0.10496,0.0851328,-0.000734287,-0.010886,-0.144857,-0.0294782,-0.00837457,0.0957036,0.215188,0.152267,-0.0533109,-0.00796008,0.00822417,0.101318,-0.0149373,-0.00787663,-0.141964,-0.157857,-0.00380646,-0.0199401,0.022786,0.129706,-0.00219105,-0.0369336,-0.0748293,-0.031646,0.0412324,0.0536032,-0.136099,-0.0103518,-0.0075318,-0.0248286,-0.0461155,-0.00608767,-0.0119793,0.00931692,0.0090322,0.00319134,0.163545,-0.203975,0.0815988,-0.0565646
0.185997,-0.113212,-0.0414572,0.012001,0.0740896,-0.0729406,-0.021526,0.015082,0.0225782,0.0546794,-0.00825949,0.141567,0.138596,0.0748116,0.0154452,0.00939318,0.0142418,0.142951,0.0573469,0.0681635,0.0528846,-0.0704406,-0.104572,-0.0916275,-0.129491,-0.133529,0.0665851,0.101238,0.0837797,-0.0015311,-0.0113857,-0.143563,-0.0296722,-0.0082918,0.0950437,0.211465,0.150635,-0.0534648,-0.0081377,0.00838313,0.100837,-0.0143476,-0.0080007,-0.14287,-0.159082,-0.00393676,-0.0196556,0.0227247,0.129057,-0.00212167,-0.0366911,-0.0760524,-0.032563,0.0395334,0.0532354,-0.135678,-0.0109117,-0.00734604,-0.0245153,-0.0461018,-0.00702749,-0.0125801,0.00943225,0.00873947,0.00358117,0.161614,-0.204319,0.0818735,-0.0563229
0.186997,-0.111457,-0.0417521,0.0127284,0.0739582,-0.0727253,-0.0209207,0.0149961,0.0219445,0.0532547,-0.00839944,0.140192,0.136379,0.0697712,0.0158778,0.00947337,0.0148177,0.140487,0.0580939,0.0645656,0.0523648,-0.0719053,-0.108306,-0.0904639,-0.129741,-0.134316,0.0657893,0.0975063,0.0824151,-0.0023243,-0.0118814,-0.142241,-0.029859,-0.00820818,0.0943664,0.207707,0.148979,-0.0536061,-0.00831185,0.00853955,0.100336,-0.0137565,-0.008123,-0.143738,-0.160264,-0.00406572,-0.0193682,0.0226586,0.128384,-0.00205215,-0.0364417,-0.0772515,-0.0334685,0.0378355,0.0528595,-0.135226,-0.0114671,-0.00716003,-0.024197,-0.0460768,-0.00796145,-0.0131766,0.00954531,0.00844618,0.00396693,0.159652,-0.204612,0.0821298,-0.0560692
0.187997,-0.109683,-0.0420361,0.0134485,0.0738117,-0.072493,-0.0203137,0.0149073,0.0213081,0.0518226,-0.00853727,0.138794,0.13414,0.0647345,0.0163049,0.00955125,0.015387,0.137999,0.0588254,0.0609686,0.0518363,-0.0733463,-0.111997,-0.0892857,-0.129959,-0.135069,0.0649825,0.0937664,0.0810392,-0.00311361,-0.0123728,-0.140891,-0.0300385,-0.00812371,0.093672,0.203917,0.147298,-0.0537346,-0.00848249,0.00869338,0.0998142,-0.0131643,-0.00824347,-0.144567,-0.161402,-0.00419328,-0.019078,0.0225876,0.127687,-0.00198252,-0.0361853,-0.0784265,-0.0343621,0.0361393,0.0524757,-0.134745,-0.0120176,-0.00697381,-0.0238738,-0.0460405,-0.00888926,-0.0137685,0.00965608,0.00815244,0.00434855,0.157658,-0.204853,0.0823676,-0.0558034
0.188997,-0.107891,-0.042309,0.014161,0.0736499,-0.072244,-0.0197049,0.0148157,0.0206692,0.0503838,-0.00867292,0.137375,0.131881,0.0597031,0.0167264,0.00962677,0.0159494,0.135488,0.059541,0.0573736,0.0512992,-0.074763,-0.115646,-0.0880934,-0.130146,-0.135786,0.064165,0.0900193,0.0796526,-0.00389873,-0.0128597,-0.139514,-0.0302106,-0.0080384,0.0929607,0.200094,0.145594,-0.0538503,-0.00864959,0.00884458,0.099272,-0.0125711,-0.00836207,-0.145358,-0.162497,-0.00431942,-0.0187851,0.0225117,0.126965,-0.00191281,-0.0359222,-0.0795768,-0.0352435,0.0344453,0.0520841,-0.134234,-0.0125633,-0.00678744,-0.0235458,-0.045993,-0.0098106,-0.0143557,0.0097645,0.00785835,0.00472593,0.155634,-0.205042,0.0825866,-0.0555258
0.189997,-0.10608,-0.0425707,0.0148659,0.073473,-0.0719782,-0.0190948,0.0147211,0.020028,0.0489386,-0.00880635,0.135935,0.129602,0.0546788,0.0171422,0.00969987,0.0165049,0.132956,0.0602406,0.0537819,0.0507537,-0.076155,-0.119249,-0.0868873,-0.130301,-0.136467,0.0633372,0.0862664,0.0782558,-0.00467938,-0.0133419,-0.13811,-0.0303752,-0.00795224,0.0922327,0.19624,0.143868,-0.0539531,-0.00881311,0.00899309,0.0987096,-0.0119772,-0.00847875,-0.146109,-0.163547,-0.0044441,-0.0184897,0.0224311,0.12622,-0.00184308,-0.0356523,-0.080702,-0.0361124,0.032754,0.0516848,-0.133694,-0.0131038,-0.00660098,-0.023213,-0.0459343,-0.0107252,-0.014938,0.00987055,0.00756402,0.00509901,0.15358,-0.205179,0.0827868,-0.0552365
0.190997,-0.104252,-0.0428213,0.0155628,0.073281,-0.0716959,-0.0184833,0.0146238,0.0193847,0.0474876,-0.0089375,0.134475,0.127305,0.0496632,0.0175521,0.00977052,0.0170533,0.130402,0.0609239,0.0501945,0.0501999,-0.0775218,-0.122807,-0.0856678,-0.130425,-0.137112,0.0624992,0.0825088,0.076849,-0.00545529,-0.0138192,-0.136679,-0.0305323,-0.00786523,0.0914882,0.192357,0.142118,-0.0540431,-0.00897303,0.00913888,0.0981272,-0.0113827,-0.00859346,-0.146821,-0.164553,-0.00456728,-0.0181917,0.0223457,0.125451,-0.00177334,-0.0353757,-0.0818018,-0.0369686,0.0310659,0.0512781,-0.133125,-0.013639,-0.00641448,-0.0228757,-0.0458644,-0.0116327,-0.0155151,0.00997418,0.00726953,0.00546772,0.151496,-0.205264,0.0829681,-0.0549355
0.191997,-0.102406,-0.0430607,0.0162517,0.073074,-0.0713971,-0.0178709,0.0145236,0.0187396,0.0460313,-0.00906633,0.132995,0.124989,0.0446579,0.017956,0.00983867,0.0175944,0.127828,0.0615909,0.0466125,0.049638,-0.078863,-0.126318,-0.0844353,-0.130516,-0.13772,0.0616514,0.0787479,0.0754328,-0.00622617,-0.0142914,-0.135221,-0.0306819,-0.0077774,0.0907275,0.188445,0.140348,-0.05412,-0.00912931,0.0092819,0.097525,-0.0107879,-0.00870617,-0.147494,-0.165514,-0.00468891,-0.0178914,0.0222555,0.124659,-0.00170364,-0.0350926,-0.0828759,-0.0378118,0.0293817,0.0508639,-0.132527,-0.0141687,-0.00622798,-0.0225338,-0.0457833,-0.0125329,-0.0160868,0.0100754,0.006975,0.00583198,0.149385,-0.205298,0.0831303,-0.0546229
0.192997,-0.100545,-0.0432889,0.0169323,0.0728521,-0.071082,-0.0172576,0.0144207,0.0180928,0.0445702,-0.00919277,0.131494,0.122656,0.0396648,0.0183538,0.00990428,0.018128,0.125234,0.0622412,0.0430371,0.0490682,-0.0801781,-0.129781,-0.0831901,-0.130576,-0.138293,0.0607939,0.0749848,0.0740077,-0.00699174,-0.0147583,-0.133738,-0.0308238,-0.00768873,0.0899507,0.184506,0.138556,-0.054184,-0.00928192,0.0094221,0.0969031,-0.010193,-0.00881682,-0.148126,-0.166429,-0.00480896,-0.0175887,0.0221607,0.123843,-0.00163402,-0.034803,-0.0839238,-0.0386416,0.0277017,0.0504425,-0.131899,-0.0146927,-0.00604153,-0.0221876,-0.045691,-0.0134254,-0.016653,0.0101741,0.00668053,0.00619171,0.147245,-0.20528,0.0832733,-0.0542989
0.193997,-0.0986677,-0.0435059,0.0176046,0.0726152,-0.0707507,-0.0166437,0.0143151,0.0174447,0.0431048,-0.00931679,0.129975,0.120307,0.0346854,0.0187454,0.00996731,0.018654,0.122621,0.0628747,0.0394695,0.0484905,-0.0814667,-0.133194,-0.0819326,-0.130605,-0.138828,0.0599271,0.0712209,0.0725741,-0.00775175,-0.0152198,-0.132229,-0.030958,-0.00759923,0.0891582,0.180541,0.136744,-0.054235,-0.00943084,0.00955945,0.0962617,-0.00959812,-0.00892537,-0.148719,-0.167298,-0.0049274,-0.0172839,0.0220612,0.123005,-0.00156451,-0.034507,-0.0849453,-0.0394578,0.0260265,0.050014,-0.131244,-0.0152108,-0.0058552,-0.0218371,-0.0455877,-0.01431,-0.0172134,0.0102702,0.00638621,0.00654687,0.145079,-0.20521,0.0833971,-0.0539636
0.194997,-0.0967753,-0.0437116,0.0182682,0.0723635,-0.0704033,-0.0160293,0.0142067,0.0167953,0.0416356,-0.00943833,0.128438,0.117942,0.0297215,0.0191306,0.0100277,0.0191723,0.119991,0.0634913,0.0359107,0.0479053,-0.0827283,-0.136557,-0.0806632,-0.130601,-0.139327,0.0590513,0.0674574,0.0711324,-0.00850591,-0.0156756,-0.130695,-0.0310846,-0.0075089,0.0883501,0.176551,0.134911,-0.0542729,-0.00957604,0.00969389,0.095601,-0.0090035,-0.00903178,-0.149271,-0.168122,-0.00504419,-0.016977,0.0219571,0.122145,-0.00149514,-0.0342047,-0.08594,-0.0402601,0.0243566,0.0495786,-0.13056,-0.0157229,-0.00566903,-0.0214825,-0.0454732,-0.0151863,-0.017768,0.0103639,0.00609215,0.00689736,0.142886,-0.205089,0.0835014,-0.0536171
0.195997,-0.0948683,-0.0439059,0.0189231,0.0720972,-0.07004,-0.0154147,0.0140956,0.016145,0.0401631,-0.00955734,0.126882,0.115562,0.0247746,0.0195093,0.0100855,0.0196826,0.117343,0.0640907,0.0323618,0.0473126,-0.0839626,-0.139869,-0.0793823,-0.130566,-0.139789,0.0581666,0.0636954,0.0696831,-0.00925396,-0.0161256,-0.129137,-0.0312033,-0.00741776,0.0875266,0.172538,0.13306,-0.0542976,-0.00971749,0.0098254,0.0949213,-0.00840935,-0.00913601,-0.149783,-0.168899,-0.00515929,-0.0166681,0.0218484,0.121262,-0.00142595,-0.0338961,-0.0869075,-0.0410482,0.0226926,0.0491363,-0.129848,-0.0162288,-0.00548306,-0.0211238,-0.0453478,-0.0160542,-0.0183163,0.0104549,0.00579846,0.00724315,0.140668,-0.204916,0.0835864,-0.0532596
0.196997,-0.0929473,-0.044089,0.0195691,0.0718161,-0.069661,-0.0148,0.0139819,0.0154939,0.0386878,-0.00967379,0.125308,0.113167,0.0198465,0.0198815,0.0101405,0.0201849,0.114679,0.0646729,0.028824,0.0467127,-0.0851691,-0.143127,-0.0780903,-0.1305,-0.140213,0.0572735,0.0599364,0.0682267,-0.00999564,-0.0165696,-0.127554,-0.0313142,-0.00732581,0.0866881,0.168503,0.13119,-0.0543093,-0.00985517,0.00995392,0.0942227,-0.00781587,-0.009238,-0.150254,-0.16963,-0.00527266,-0.0163573,0.0217351,0.120357,-0.00135697,-0.0335814,-0.0878476,-0.0418219,0.0210349,0.0486874,-0.129108,-0.0167284,-0.00529736,-0.0207612,-0.0452114,-0.0169133,-0.0188584,0.0105433,0.00550521,0.00758415,0.138425,-0.204691,0.0836517,-0.0528911
0.197997,-0.0910128,-0.0442608,0.0202059,0.0715206,-0.0692664,-0.0141856,0.0138656,0.0148422,0.0372102,-0.00978762,0.123717,0.11076,0.0149387,0.0202469,0.0101928,0.020679,0.112,0.0652375,0.0252983,0.0461056,-0.0863474,-0.146332,-0.0767876,-0.130402,-0.1406,0.0563721,0.0561814,0.0667636,-0.0107307,-0.0170075,-0.125948,-0.0314173,-0.00723305,0.0858348,0.164447,0.129303,-0.0543078,-0.00998905,0.0100794,0.0935054,-0.00722325,-0.00933773,-0.150684,-0.170314,-0.00538428,-0.0160447,0.0216174,0.11943,-0.00128824,-0.0332607,-0.08876,-0.0425809,0.0193841,0.0482319,-0.128341,-0.0172214,-0.00511196,-0.0203948,-0.045064,-0.0177633,-0.019394,0.010629,0.00521253,0.00792031,0.136158,-0.204416,0.0836975,-0.0525118
0.198997,-0.0890656,-0.0444212,0.0208336,0.0712105,-0.0688563,-0.0135714,0.0137467,0.0141903,0.0357308,-0.00989878,0.12211,0.108339,0.010053,0.0206056,0.0102424,0.0211648,0.109306,0.0657846,0.0217859,0.0454917,-0.0874972,-0.149482,-0.0754745,-0.130272,-0.14095,0.0554627,0.0524318,0.0652942,-0.0114588,-0.0174389,-0.124318,-0.0315125,-0.00713948,0.0849669,0.160372,0.127398,-0.0542932,-0.0101191,0.0102019,0.0927697,-0.0066317,-0.00943515,-0.151074,-0.170951,-0.00549411,-0.0157304,0.0214952,0.118482,-0.00121979,-0.032934,-0.0896443,-0.043325,0.0177405,0.04777,-0.127546,-0.0177076,-0.00492692,-0.0200248,-0.0449058,-0.018604,-0.0199228,0.0107121,0.0049205,0.00825158,0.133868,-0.204088,0.0837236,-0.0521218
0.199997,-0.0871063,-0.0445703,0.0214519,0.0708861,-0.0684309,-0.0129579,0.0136253,0.0135382,0.0342502,-0.0100072,0.120486,0.105907,0.00519089,0.0209573,0.0102891,0.0216421,0.106599,0.0663139,0.0182879,0.044871,-0.088618,-0.152576,-0.0741514,-0.130111,-0.141262,0.0545457,0.0486887,0.063819,-0.0121798,-0.0178638,-0.122666,-0.0315998,-0.00704512,0.0840846,0.156278,0.125476,-0.0542654,-0.0102454,0.0103212,0.0920157,-0.00604142,-0.00953022,-0.151422,-0.17154,-0.00560211,-0.0154146,0.0213686,0.117513,-0.00115165,-0.0326015,-0.0905004,-0.0440539,0.0161048,0.0473019,-0.126725,-0.018187,-0.00474229,-0.0196512,-0.0447368,-0.0194351,-0.0204448,0.0107925,0.00462922,0.00857788,0.131555,-0.20371,0.08373,-0.0517214
0.200997,-0.0851353,-0.044708,0.0220606,0.0705474,-0.0679905,-0.012345,0.0135014,0.0128863,0.0327688,-0.0101129,0.118847,0.103463,0.000354008,0.021302,0.0103331,0.0221108,0.103878,0.0668253,0.0148053,0.0442437,-0.0897096,-0.155613,-0.0728188,-0.129918,-0.141536,0.0536213,0.0449535,0.0623385,-0.0128934,-0.0182821,-0.120992,-0.031679,-0.00694997,0.0831883,0.152167,0.123538,-0.0542245,-0.0103678,0.0104375,0.0912438,-0.0054526,-0.0096229,-0.15173,-0.172082,-0.00570825,-0.0150973,0.0212376,0.116523,-0.00108386,-0.0322632,-0.0913278,-0.0447673,0.0144775,0.0468277,-0.125877,-0.0186594,-0.00455811,-0.0192742,-0.044557,-0.0202563,-0.0209598,0.0108701,0.0043388,0.00889918,0.129221,-0.203281,0.0837165,-0.0513105
0.201997,-0.0831534,-0.0448344,0.0226596,0.0701946,-0.0675352,-0.0117332,0.013375,0.0122346,0.0312871,-0.0102159,0.117192,0.10101,-0.00445605,0.0216396,0.0103741,0.0225708,0.101146,0.0673186,0.0113391,0.04361,-0.0907716,-0.158592,-0.0714771,-0.129695,-0.141772,0.0526898,0.0412273,0.0608531,-0.0135994,-0.0186934,-0.119296,-0.0317503,-0.00685404,0.0822782,0.148041,0.121585,-0.0541704,-0.0104863,0.0105506,0.0904541,-0.00486545,-0.00971314,-0.151996,-0.172577,-0.0058125,-0.0147785,0.0211024,0.115512,-0.00101644,-0.0319192,-0.0921265,-0.0454651,0.0128589,0.0463475,-0.125002,-0.0191246,-0.00437443,-0.0188939,-0.0443666,-0.0210675,-0.0214675,0.0109449,0.00404932,0.00921542,0.126866,-0.202801,0.0836832,-0.0508894
0.202997,-0.0811612,-0.0449495,0.0232489,0.0698277,-0.0670651,-0.0111224,0.0132461,0.0115836,0.0298057,-0.010316,0.115523,0.0985465,-0.0092377,0.0219699,0.0104123,0.0230219,0.098403,0.0677938,0.0078906,0.0429702,-0.0918036,-0.161512,-0.0701267,-0.12944,-0.141971,0.0517514,0.0375113,0.0593633,-0.0142975,-0.0190978,-0.117578,-0.0318136,-0.00675733,0.0813546,0.1439,0.119617,-0.0541031,-0.010601,0.0106604,0.0896469,-0.00428016,-0.00980092,-0.152222,-0.173023,-0.00591483,-0.0144586,0.0209628,0.114481,-0.000949442,-0.0315698,-0.0928961,-0.0461471,0.0112495,0.0458615,-0.124102,-0.0195824,-0.0041913,-0.0185104,-0.0441655,-0.0218683,-0.0219678,0.0110169,0.00376088,0.00952654,0.12449,-0.20227,0.0836301,-0.0504582
0.203997,-0.0791592,-0.0450532,0.0238281,0.0694469,-0.0665804,-0.010513,0.0131149,0.0109332,0.028325,-0.0104132,0.113839,0.0960745,-0.0139894,0.0222929,0.0104475,0.023464,0.0956495,0.0682506,0.0044607,0.0423243,-0.0928053,-0.164372,-0.0687679,-0.129154,-0.142132,0.0508065,0.0338069,0.0578695,-0.0149874,-0.0194949,-0.11584,-0.0318688,-0.00665985,0.0804177,0.139746,0.117635,-0.0540228,-0.0107117,0.0107671,0.0888224,-0.00369693,-0.0098862,-0.152406,-0.173422,-0.00601521,-0.0141374,0.0208191,0.113431,-0.00088288,-0.0312148,-0.0936364,-0.0468129,0.00964994,0.0453699,-0.123175,-0.0200327,-0.00400876,-0.0181239,-0.0439539,-0.0226585,-0.0224605,0.0110862,0.00347358,0.0098325,0.122095,-0.201689,0.083557,-0.050017
0.204997,-0.0771482,-0.0451456,0.0243973,0.0690523,-0.0660814,-0.00990518,0.0129812,0.0102839,0.0268455,-0.0105075,0.112142,0.0935945,-0.0187095,0.0226085,0.0104798,0.023897,0.0928868,0.0686891,0.00105047,0.0416726,-0.0937764,-0.167171,-0.0674012,-0.128837,-0.142254,0.0498554,0.030115,0.0563722,-0.015669,-0.0198847,-0.114082,-0.031916,-0.00656161,0.0794678,0.13558,0.115639,-0.0539292,-0.0108186,0.0108705,0.0879809,-0.00311595,-0.00996893,-0.152548,-0.173772,-0.00611361,-0.0138151,0.0206712,0.112361,-0.000816789,-0.0308546,-0.0943472,-0.0474624,0.00806055,0.0448727,-0.122224,-0.0204754,-0.00382687,-0.0177345,-0.0437319,-0.0234378,-0.0229455,0.0111525,0.00318751,0.0101333,0.119682,-0.201058,0.083464,-0.0495661
0.205997,-0.0751287,-0.0452267,0.0249562,0.0686439,-0.0655683,-0.00929904,0.0128453,0.00963574,0.0253678,-0.0105988,0.110432,0.0911074,-0.0233966,0.0229167,0.0105091,0.0243209,0.0901156,0.069109,-0.00233903,0.0410153,-0.0947167,-0.169909,-0.0660269,-0.12849,-0.142339,0.0488984,0.0264371,0.0548719,-0.016342,-0.0202671,-0.112304,-0.0319551,-0.00646262,0.0785052,0.131404,0.113631,-0.0538226,-0.0109215,0.0109706,0.0871226,-0.00253742,-0.0100491,-0.152649,-0.174075,-0.00620999,-0.0134919,0.0205192,0.111272,-0.000751201,-0.0304891,-0.0950282,-0.0480954,0.00648181,0.0443702,-0.121247,-0.0209103,-0.00364566,-0.0173423,-0.0434995,-0.024206,-0.0234225,0.011216,0.00290276,0.0104288,0.117251,-0.200377,0.0833511,-0.0491055
0.206997,-0.0731014,-0.0452965,0.0255048,0.068222,-0.0650412,-0.0086948,0.0127071,0.00898899,0.0238923,-0.0106872,0.108709,0.0886138,-0.0280491,0.0232172,0.0105354,0.0247354,0.0873369,0.0695102,-0.00570677,0.0403525,-0.0956257,-0.172584,-0.0646456,-0.128112,-0.142386,0.0479356,0.0227742,0.0533689,-0.0170061,-0.0206418,-0.110506,-0.031986,-0.00636288,0.0775303,0.127219,0.11161,-0.0537029,-0.0110205,0.0110674,0.0862479,-0.00196154,-0.0101266,-0.152709,-0.174328,-0.00630434,-0.0131678,0.0203631,0.110164,-0.000686145,-0.0301185,-0.0956794,-0.0487117,0.00491417,0.0438624,-0.120245,-0.0213373,-0.00346518,-0.0169474,-0.0432569,-0.024963,-0.0238915,0.0112766,0.00261943,0.010719,0.114803,-0.199647,0.0832182,-0.0486355
0.207997,-0.0710669,-0.0453551,0.0260429,0.0677867,-0.0645003,-0.00809267,0.0125667,0.00834385,0.0224196,-0.0107726,0.106973,0.0861147,-0.0326655,0.02351,0.0105586,0.0251404,0.0845515,0.0698927,-0.00905174,0.0396844,-0.0965034,-0.175196,-0.0632575,-0.127703,-0.142394,0.0469675,0.0191276,0.0518638,-0.0176613,-0.0210087,-0.108691,-0.0320089,-0.0062624,0.0765431,0.123026,0.109578,-0.0535702,-0.0111156,0.0111608,0.0853569,-0.00138848,-0.0102015,-0.152728,-0.174534,-0.00639661,-0.0128429,0.020203,0.109037,-0.000621649,-0.0297429,-0.0963004,-0.049311,0.00335809,0.0433495,-0.11922,-0.0217562,-0.00328548,-0.01655,-0.043004,-0.0257083,-0.0243522,0.0113342,0.0023376,0.0110038,0.112339,-0.198868,0.0830653,-0.0481562
0.208997,-0.0690258,-0.0454023,0.0265704,0.0673381,-0.0639459,-0.00749281,0.012424,0.00770054,0.0209501,-0.0108549,0.105226,0.0836108,-0.0372443,0.023795,0.0105789,0.025536,0.0817603,0.0702564,-0.0123729,0.0390113,-0.0973493,-0.177743,-0.0618632,-0.127264,-0.142365,0.0459944,0.0154984,0.050357,-0.0183071,-0.0213677,-0.106857,-0.0320236,-0.0061612,0.0755442,0.118827,0.107535,-0.0534244,-0.0112068,0.0112509,0.0844499,-0.000818446,-0.0102737,-0.152705,-0.174691,-0.00648679,-0.0125173,0.020039,0.107892,-0.000557743,-0.0293624,-0.0968912,-0.0498933,0.001814,0.0428317,-0.11817,-0.0221669,-0.0031066,-0.0161503,-0.0427411,-0.0264419,-0.0248046,0.011389,0.00205738,0.0112833,0.10986,-0.198039,0.0828925,-0.0476677
0.209997,-0.0669788,-0.0454384,0.0270873,0.0668763,-0.0633782,-0.00689543,0.0122792,0.00705926,0.0194843,-0.0109341,0.103468,0.0811028,-0.041784,0.0240723,0.010596,0.0259219,0.0789643,0.0706012,-0.0156693,0.0383333,-0.0981633,-0.180225,-0.060463,-0.126796,-0.142298,0.0450164,0.0118878,0.0488489,-0.0189435,-0.0217186,-0.105005,-0.0320303,-0.00605928,0.0745336,0.114622,0.105482,-0.0532657,-0.011294,0.0113376,0.0835273,-0.000251623,-0.0103432,-0.152642,-0.1748,-0.00657485,-0.0121912,0.0198712,0.10673,-0.000494455,-0.028977,-0.0974515,-0.0504583,0.00028233,0.0423091,-0.117096,-0.0225692,-0.00292858,-0.0157483,-0.0424682,-0.0271635,-0.0252484,0.0114407,0.00177884,0.0115574,0.107366,-0.197162,0.0826997,-0.0471703
0.210997,-0.0649266,-0.0454633,0.0275933,0.0664015,-0.0627973,-0.00630071,0.0121323,0.00642023,0.0180228,-0.0110102,0.1017,0.0785916,-0.0462833,0.0243415,0.0106101,0.0262981,0.0761642,0.0709269,-0.01894,0.0376506,-0.098945,-0.182642,-0.0590573,-0.126297,-0.142193,0.044034,0.00829695,0.0473401,-0.0195702,-0.0220613,-0.103137,-0.0320287,-0.00595665,0.0735118,0.110414,0.103419,-0.0530941,-0.0113772,0.0114209,0.0825893,0.000311803,-0.01041,-0.152536,-0.17486,-0.00666076,-0.0118646,0.0196995,0.10555,-0.000431811,-0.0285871,-0.0979813,-0.0510059,-0.00123649,0.0417819,-0.116,-0.0229631,-0.00275146,-0.0153442,-0.0421854,-0.0278729,-0.0256834,0.0114895,0.00150207,0.011826,0.104859,-0.196237,0.0824871,-0.046664
0.211997,-0.0628697,-0.045477,0.0280883,0.0659139,-0.0622036,-0.00570882,0.0119833,0.00578364,0.0165659,-0.0110831,0.0999207,0.0760779,-0.0507406,0.0246028,0.0106211,0.0266645,0.0733611,0.0712336,-0.0221839,0.0369634,-0.0996944,-0.184992,-0.0576466,-0.125768,-0.14205,0.0430474,0.004727,0.0458308,-0.020187,-0.0223957,-0.101252,-0.0320191,-0.00585332,0.0724791,0.106203,0.101347,-0.0529095,-0.0114565,0.0115008,0.0816362,0.000871647,-0.010474,-0.15239,-0.174872,-0.00674449,-0.0115376,0.019524,0.104353,-0.000369839,-0.0281925,-0.0984804,-0.0515358,-0.00274204,0.0412501,-0.11488,-0.0233484,-0.00257529,-0.0149381,-0.0418929,-0.0285698,-0.0261097,0.0115353,0.00122716,0.0120891,0.10234,-0.195264,0.0822545,-0.0461492
0.212996,-0.0608087,-0.0454796,0.0285724,0.0654135,-0.0615972,-0.00511995,0.0118323,0.00514971,0.0151142,-0.0111529,0.0981322,0.0735626,-0.0551545,0.0248561,0.0106289,0.027021,0.0705557,0.071521,-0.0254,0.0362719,-0.100411,-0.187274,-0.0562312,-0.12521,-0.141869,0.0420569,0.00117908,0.0443217,-0.0207937,-0.0227217,-0.0993513,-0.0320013,-0.0057493,0.0714357,0.101991,0.0992666,-0.0527122,-0.0115319,0.0115772,0.0806683,0.00142773,-0.0105351,-0.152203,-0.174836,-0.00682603,-0.0112103,0.0193449,0.103139,-0.000308565,-0.0277936,-0.0989487,-0.052048,-0.00423391,0.0407141,-0.113738,-0.023725,-0.0024001,-0.0145302,-0.0415907,-0.0292542,-0.0265269,0.011578,0.000954205,0.0123468,0.0998078,-0.194243,0.0820021,-0.0456259
0.213996,-0.0587445,-0.0454712,0.0290453,0.0649006,-0.0609784,-0.00453427,0.0116793,0.00451864,0.0136681,-0.0112194,0.0963345,0.0710464,-0.0595237,0.0251012,0.0106337,0.0273675,0.067749,0.0717893,-0.0285875,0.0355763,-0.101095,-0.189489,-0.0548116,-0.124623,-0.14165,0.0410628,-0.00234568,0.042813,-0.0213902,-0.023039,-0.0974354,-0.0319754,-0.0056446,0.0703819,0.0977791,0.0971788,-0.0525021,-0.0116033,0.0116501,0.0796859,0.00197986,-0.0105935,-0.151975,-0.174751,-0.00690535,-0.0108829,0.0191621,0.101909,-0.000248014,-0.0273903,-0.0993861,-0.0525423,-0.0057117,0.0401738,-0.112574,-0.0240928,-0.00222595,-0.0141206,-0.0412789,-0.0299257,-0.026935,0.0116177,0.000683278,0.0125988,0.0972651,-0.193176,0.0817299,-0.0450943
0.214996,-0.0566775,-0.0454517,0.0295071,0.0643752,-0.0603474,-0.00395196,0.0115244,0.00389063,0.0122282,-0.0112828,0.0945283,0.06853,-0.0638468,0.0253381,0.0106352,0.0277039,0.0649418,0.0720383,-0.0317455,0.0348768,-0.101746,-0.191636,-0.0533883,-0.124007,-0.141394,0.0400654,-0.00584616,0.0413054,-0.0219761,-0.0233477,-0.0955048,-0.0319414,-0.00553924,0.0693181,0.0935685,0.095084,-0.0522793,-0.0116708,0.0117195,0.0786892,0.00252786,-0.010649,-0.151706,-0.174618,-0.00698242,-0.0105553,0.0189758,0.100663,-0.000188212,-0.0269828,-0.0997924,-0.0530185,-0.00717501,0.0396294,-0.111388,-0.0244516,-0.00205286,-0.0137094,-0.0409577,-0.0305842,-0.0273339,0.0116544,0.000414466,0.0128453,0.0947121,-0.192062,0.0814379,-0.0445547
0.215996,-0.0546084,-0.0454212,0.0299575,0.0638376,-0.0597045,-0.00337321,0.0113676,0.00326588,0.0107949,-0.0113428,0.092714,0.0660143,-0.0681224,0.0255667,0.0106337,0.0280302,0.0621351,0.072268,-0.0348729,0.0341736,-0.102364,-0.193713,-0.0519615,-0.123362,-0.141101,0.039065,-0.00932126,0.0397991,-0.0225514,-0.0236476,-0.0935601,-0.0318993,-0.00543323,0.0682446,0.0893606,0.0929827,-0.0520439,-0.0117344,0.0117854,0.0776787,0.00307156,-0.0107016,-0.151397,-0.174436,-0.00705723,-0.0102278,0.018786,0.0994014,-0.000129183,-0.0265712,-0.100168,-0.0534766,-0.00862346,0.0390812,-0.110181,-0.0248014,-0.00188088,-0.0132968,-0.0406272,-0.0312296,-0.0277233,0.011688,0.000147851,0.0130863,0.0921499,-0.190902,0.0811263,-0.0440071
0.216996,-0.0525379,-0.0453798,0.0303965,0.063288,-0.0590499,-0.00279817,0.011209,0.0026446,0.00936869,-0.0113996,0.0908921,0.0635001,-0.0723492,0.025787,0.0106289,0.0283463,0.0593297,0.0724783,-0.0379688,0.0334668,-0.102949,-0.19572,-0.0505317,-0.122688,-0.14077,0.0380619,-0.0127699,0.0382947,-0.0231159,-0.0239386,-0.091602,-0.0318491,-0.00532657,0.0671616,0.0851568,0.0908758,-0.051796,-0.011794,0.0118478,0.0766546,0.00361078,-0.0107513,-0.151047,-0.174207,-0.00712976,-0.00990041,0.0185927,0.0981245,-7.09505e-05,-0.0261557,-0.100512,-0.0539164,-0.0100566,0.0385292,-0.108953,-0.025142,-0.00171005,-0.0128829,-0.0402875,-0.0318615,-0.0281032,0.0117185,-0.000116487,0.0133216,0.0895792,-0.189696,0.080795,-0.0434519
0.217996,-0.0504667,-0.0453275,0.0308241,0.0627264,-0.0583838,-0.00222702,0.0110486,0.00202696,0.00795,-0.0114531,0.0890631,0.060988,-0.076526,0.025999,0.010621,0.0286521,0.0565265,0.0726692,-0.0410325,0.0327568,-0.1035,-0.197657,-0.0490994,-0.121986,-0.140402,0.0370564,-0.016191,0.0367925,-0.0236693,-0.0242206,-0.0896309,-0.0317908,-0.00521928,0.0660695,0.0809583,0.0887637,-0.0515356,-0.0118497,0.0119067,0.0756172,0.00414535,-0.010798,-0.150657,-0.173929,-0.00719997,-0.00957321,0.0183961,0.0968328,-1.35375e-05,-0.0257363,-0.100825,-0.0543377,-0.0114742,0.0379735,-0.107704,-0.0254734,-0.0015404,-0.0124679,-0.0399387,-0.0324799,-0.0284734,0.011746,-0.000378467,0.0135512,0.0870009,-0.188445,0.0804442,-0.0428891
0.218996,-0.0483952,-0.0452643,0.0312401,0.0621531,-0.0577065,-0.00165992,0.0108864,0.00141318,0.00653932,-0.0115032,0.0872276,0.0584789,-0.0806513,0.0262025,0.0106099,0.0289476,0.0537264,0.0728407,-0.0440629,0.0320437,-0.104017,-0.199523,-0.047665,-0.121256,-0.139997,0.0360488,-0.0195835,0.0352931,-0.0242115,-0.0244934,-0.0876476,-0.0317245,-0.00511137,0.0649686,0.0767664,0.0866471,-0.0512628,-0.0119015,0.011962,0.0745668,0.0046751,-0.0108418,-0.150227,-0.173604,-0.00726787,-0.00924631,0.0181961,0.0955266,4.30335e-05,-0.0253133,-0.101106,-0.0547405,-0.0128758,0.0374145,-0.106436,-0.0257954,-0.00137197,-0.0120518,-0.0395811,-0.0330846,-0.0288339,0.0117703,-0.000638012,0.0137752,0.0844158,-0.187149,0.0800739,-0.042319
0.219996,-0.0463242,-0.0451905,0.0316445,0.0615682,-0.0570182,-0.00109706,0.0107225,0.000803443,0.00513709,-0.01155,0.0853861,0.0559735,-0.084724,0.0263976,0.0105956,0.0292327,0.0509303,0.0729927,-0.0470593,0.0313276,-0.104501,-0.201318,-0.0462288,-0.120499,-0.139555,0.0350394,-0.0229463,0.0337968,-0.0247424,-0.024757,-0.0856526,-0.0316501,-0.00500286,0.0638593,0.0725824,0.0845268,-0.0509777,-0.0119494,0.0120138,0.0735038,0.00519985,-0.0108826,-0.149757,-0.173231,-0.00733342,-0.00891982,0.017993,0.0942064,9.87409e-05,-0.0248866,-0.101357,-0.0551247,-0.014261,0.036852,-0.105148,-0.0261079,-0.0012048,-0.0116349,-0.0392146,-0.0336754,-0.0291845,0.0117915,-0.000895045,0.0139935,0.0818249,-0.185809,0.0796843,-0.0417417
0.220996,-0.0442544,-0.0451059,0.0320373,0.060972,-0.0563193,-0.000538574,0.010557,0.000197938,0.00374377,-0.0115935,0.083539,0.0534726,-0.0887429,0.0265841,0.0105782,0.0295073,0.048139,0.0731253,-0.0500207,0.0306089,-0.104951,-0.203041,-0.0447913,-0.119714,-0.139076,0.0340285,-0.0262785,0.032304,-0.0252618,-0.0250113,-0.0836465,-0.0315678,-0.00489376,0.0627417,0.0684076,0.0824032,-0.0506805,-0.0119933,0.012062,0.0724286,0.00571945,-0.0109204,-0.149247,-0.172811,-0.00739661,-0.00859381,0.0177867,0.0928726,0.000153564,-0.0244565,-0.101576,-0.0554901,-0.0156295,0.0362865,-0.103841,-0.026411,-0.00103892,-0.0112172,-0.0388395,-0.0342522,-0.029525,0.0118096,-0.00114949,0.0142062,0.0792289,-0.184426,0.0792753,-0.0411575
0.221996,-0.0421863,-0.0450106,0.0324183,0.0603646,-0.0556099,1.53588e-05,0.0103899,-0.000403147,0.0023598,-0.0116335,0.081687,0.0509769,-0.0927066,0.0267621,0.0105575,0.0297715,0.0453534,0.0732383,-0.0529464,0.0298876,-0.105368,-0.204692,-0.0433529,-0.118901,-0.138561,0.0330164,-0.0295789,0.0308152,-0.0257695,-0.0252562,-0.08163,-0.0314774,-0.00478408,0.0616164,0.0642433,0.0802771,-0.0503711,-0.0120334,0.0121066,0.0713413,0.00623373,-0.0109552,-0.148698,-0.172343,-0.00745742,-0.00826839,0.0175773,0.0915255,0.000207482,-0.0240231,-0.101763,-0.0558367,-0.016981,0.0357178,-0.102515,-0.0267043,-0.000874379,-0.0107989,-0.0384559,-0.0348148,-0.0298554,0.0118246,-0.00140128,0.0144131,0.0766287,-0.182999,0.0788473,-0.0405666
0.222996,-0.0401207,-0.0449048,0.0327875,0.0597461,-0.0548903,0.000564585,0.0102213,-0.000999625,0.000985623,-0.0116702,0.0798304,0.0484871,-0.0966141,0.0269315,0.0105337,0.0300251,0.0425743,0.0733319,-0.0558355,0.029164,-0.10575,-0.20627,-0.041914,-0.118063,-0.13801,0.0320034,-0.0328466,0.0293308,-0.0262654,-0.0254917,-0.0796036,-0.0313792,-0.00467384,0.0604835,0.0600907,0.0781491,-0.0500498,-0.0120697,0.0121477,0.0702425,0.00674253,-0.010987,-0.14811,-0.171829,-0.00751584,-0.00794364,0.0173649,0.0901656,0.000260475,-0.0235865,-0.10192,-0.0561645,-0.0183151,0.0351463,-0.101171,-0.026988,-0.000711197,-0.0103802,-0.0380639,-0.0353631,-0.0301757,0.0118365,-0.00165033,0.0146143,0.0740253,-0.18153,0.0784001,-0.0399691
0.223996,-0.038058,-0.0447885,0.0331448,0.0591169,-0.0541609,0.00110895,0.0100512,-0.00159131,-0.000378321,-0.0117035,0.0779699,0.0460041,-0.100464,0.0270923,0.0105067,0.0302681,0.0398027,0.073406,-0.0586872,0.0284384,-0.106098,-0.207775,-0.040475,-0.117197,-0.137423,0.0309897,-0.0360807,0.0278513,-0.0267494,-0.0257175,-0.0775681,-0.0312731,-0.00456305,0.0593435,0.0559511,0.0760197,-0.0497166,-0.0121021,0.0121852,0.0691323,0.00724568,-0.0110157,-0.147482,-0.171267,-0.00757185,-0.00761966,0.0171495,0.0887932,0.000312525,-0.0231468,-0.102045,-0.0564733,-0.0196316,0.0345721,-0.0998094,-0.0272619,-0.000549413,-0.00996117,-0.0376637,-0.0358969,-0.0304855,0.0118452,-0.00189657,0.0148098,0.0714193,-0.180019,0.0779341,-0.0393652
0.224996,-0.035999,-0.0446618,0.0334903,0.058477,-0.0534218,0.00164829,0.00987964,-0.00217803,-0.0017316,-0.0117333,0.0761059,0.0435286,-0.104256,0.0272444,0.0104764,0.0305005,0.0370394,0.0734606,-0.0615008,0.0277108,-0.106413,-0.209207,-0.0390363,-0.116306,-0.1368,0.0299757,-0.03928,0.0263769,-0.0272213,-0.0259338,-0.0755239,-0.031159,-0.00445172,0.0581966,0.0518258,0.0738897,-0.0493716,-0.0121306,0.012219,0.0680112,0.00774305,-0.0110413,-0.146817,-0.170659,-0.00762544,-0.00729655,0.0169313,0.0874088,0.000363613,-0.0227042,-0.102139,-0.056763,-0.02093,0.0339953,-0.0984303,-0.027526,-0.00038906,-0.00954197,-0.0372554,-0.0364161,-0.030785,0.0118508,-0.00213994,0.0149995,0.0688118,-0.178466,0.0774492,-0.0387552
0.225996,-0.0339443,-0.0445248,0.0338238,0.0578268,-0.0526733,0.00218247,0.0097067,-0.0027596,-0.0030738,-0.0117597,0.0742389,0.0410612,-0.107988,0.0273878,0.0104431,0.0307222,0.0342853,0.0734957,-0.0642754,0.0269815,-0.106693,-0.210566,-0.0375983,-0.115388,-0.136142,0.0289616,-0.0424438,0.0249081,-0.0276809,-0.0261403,-0.0734718,-0.0310372,-0.00433988,0.0570431,0.047716,0.0717596,-0.049015,-0.0121553,0.0122493,0.0668796,0.00823447,-0.0110638,-0.146112,-0.170005,-0.0076766,-0.00697438,0.0167103,0.0860128,0.000413722,-0.0222587,-0.102201,-0.0570338,-0.02221,0.033416,-0.0970344,-0.0277801,-0.000230171,-0.00912273,-0.0368392,-0.0369206,-0.0310739,0.0118532,-0.00238037,0.0151835,0.0662035,-0.176873,0.0769457,-0.0381393
0.226996,-0.0318945,-0.0443775,0.0341453,0.0571663,-0.0519157,0.00271133,0.00953243,-0.00333585,-0.0044045,-0.0117826,0.0723694,0.0386028,-0.111659,0.0275225,0.0104065,0.0309333,0.0315411,0.0735114,-0.0670104,0.0262508,-0.10694,-0.21185,-0.0361615,-0.114446,-0.135448,0.0279478,-0.045571,0.0234454,-0.0281282,-0.026337,-0.0714124,-0.0309076,-0.00422754,0.0558835,0.043623,0.06963,-0.0486468,-0.0121763,0.012276,0.0657376,0.00871979,-0.0110832,-0.14537,-0.169305,-0.00772531,-0.00665325,0.0164866,0.0846056,0.000462836,-0.0218106,-0.102233,-0.0572853,-0.0234715,0.0328345,-0.0956221,-0.0280242,-7.27768e-05,-0.00870359,-0.0364153,-0.0374102,-0.0313523,0.0118525,-0.00261779,0.0153617,0.0635953,-0.17524,0.0764237,-0.0375176
0.227996,-0.0298502,-0.04422,0.0344547,0.0564957,-0.0511493,0.00323473,0.00935689,-0.00390661,-0.00572327,-0.0118021,0.070498,0.0361539,-0.115268,0.0276485,0.0103668,0.0311337,0.0288078,0.0735078,-0.0697049,0.0255187,-0.107152,-0.21306,-0.0347262,-0.113478,-0.13472,0.0269346,-0.0486606,0.0219891,-0.028563,-0.026524,-0.0693463,-0.0307703,-0.00411472,0.054718,0.039548,0.0675016,-0.0482673,-0.0121934,0.0122992,0.0645858,0.00919887,-0.0110995,-0.144591,-0.168559,-0.00777156,-0.00633324,0.0162603,0.0831876,0.000510937,-0.0213599,-0.102234,-0.0575178,-0.024714,0.0322508,-0.0941939,-0.0282583,8.30909e-05,-0.00828469,-0.0359837,-0.0378849,-0.0316199,0.0118486,-0.00285214,0.0155342,0.0609881,-0.173567,0.0758834,-0.0368904
0.228996,-0.0278121,-0.0440524,0.0347522,0.0558154,-0.0503744,0.00375253,0.00918012,-0.00447169,-0.00702973,-0.0118182,0.0686251,0.0337154,-0.118815,0.0277657,0.0103239,0.0313233,0.0260861,0.0734847,-0.0723583,0.0247855,-0.10733,-0.214196,-0.0332928,-0.112485,-0.133956,0.0259222,-0.0517119,0.0205396,-0.0289852,-0.026701,-0.0672741,-0.0306254,-0.00400142,0.053547,0.0354921,0.0653749,-0.0478765,-0.0122068,0.0123187,0.0634245,0.00967156,-0.0111127,-0.143773,-0.167769,-0.00781534,-0.00601445,0.0160314,0.0817592,0.000558012,-0.0209068,-0.102203,-0.057731,-0.0259374,0.031665,-0.0927503,-0.0284822,0.000237402,-0.00786618,-0.0355448,-0.0383446,-0.0318768,0.0118416,-0.00308336,0.015701,0.0583827,-0.171855,0.0753248,-0.0362579
0.229996,-0.0257808,-0.0438748,0.0350375,0.0551255,-0.0495912,0.00426458,0.00900219,-0.00503095,-0.00832346,-0.0118307,0.0667513,0.031288,-0.122298,0.0278742,0.0102779,0.0315022,0.0233769,0.0734424,-0.0749699,0.0240515,-0.107475,-0.215257,-0.0318618,-0.111468,-0.133159,0.0249109,-0.054724,0.0190974,-0.0293947,-0.0268681,-0.0651966,-0.0304728,-0.00388768,0.0523708,0.0314567,0.0632506,-0.0474745,-0.0122165,0.0123347,0.062254,0.0101377,-0.0111228,-0.142919,-0.166933,-0.00785665,-0.00569696,0.0158,0.0803209,0.000604044,-0.0204514,-0.102142,-0.0579251,-0.0271413,0.0310775,-0.0912917,-0.028696,0.000390127,-0.00744819,-0.0350985,-0.0387891,-0.0321228,0.0118315,-0.00331137,0.015862,0.0557799,-0.170105,0.0747483,-0.0356203
0.230996,-0.0237568,-0.0436873,0.0353108,0.0544262,-0.0488,0.00477074,0.00882315,-0.00558421,-0.00960408,-0.0118398,0.064877,0.0288723,-0.125716,0.0279738,0.0102287,0.0316703,0.0206811,0.0733807,-0.077539,0.0233168,-0.107585,-0.216244,-0.0304335,-0.110428,-0.132328,0.023901,-0.0576959,0.0176627,-0.0297915,-0.0270252,-0.0631143,-0.0303126,-0.0037735,0.0511897,0.0274429,0.0611292,-0.0470616,-0.0122225,0.0123471,0.0610746,0.0105972,-0.0111297,-0.142029,-0.166052,-0.00789548,-0.00538086,0.0155662,0.0788731,0.000649022,-0.0199939,-0.10205,-0.0581,-0.0283255,0.0304882,-0.0898188,-0.0288996,0.000541238,-0.00703085,-0.0346452,-0.0392184,-0.032358,0.0118182,-0.00353613,0.0160172,0.0531806,-0.168318,0.0741539,-0.0349777
0.231996,-0.0217408,-0.0434901,0.0355719,0.0537177,-0.0480011,0.0052709,0.00864304,-0.00613132,-0.0108712,-0.0118454,0.0630027,0.026469,-0.129068,0.0280648,0.0101764,0.0318277,0.0179993,0.0732999,-0.0800648,0.0225815,-0.107662,-0.217155,-0.0290083,-0.109363,-0.131463,0.0228929,-0.0606268,0.016236,-0.0301753,-0.0271723,-0.0610278,-0.030145,-0.00365891,0.0500041,0.0234519,0.0590114,-0.0466378,-0.0122248,0.0123559,0.0598868,0.01105,-0.0111334,-0.141102,-0.165128,-0.00793181,-0.00506622,0.0153301,0.0774161,0.00069293,-0.0195344,-0.101927,-0.0582556,-0.0294896,0.0298973,-0.0883319,-0.029093,0.000690705,-0.00661431,-0.0341849,-0.0396323,-0.0325821,0.0118018,-0.00375757,0.0161668,0.0505857,-0.166494,0.0735418,-0.0343305
0.232996,-0.0197335,-0.0432831,0.0358209,0.0530002,-0.0471948,0.0057649,0.00846194,-0.00667211,-0.0121244,-0.0118476,0.061129,0.0240788,-0.132354,0.0281469,0.010121,0.0319744,0.0153326,0.0731999,-0.0825469,0.021846,-0.107705,-0.217992,-0.0275866,-0.108276,-0.130565,0.0218867,-0.0635159,0.0148176,-0.0305462,-0.0273093,-0.0589379,-0.0299699,-0.00354392,0.0488144,0.0194848,0.0568978,-0.0462034,-0.0122234,0.0123612,0.058691,0.0114957,-0.011134,-0.140139,-0.16416,-0.00796564,-0.00475313,0.0150918,0.0759505,0.000735758,-0.019073,-0.101774,-0.058392,-0.0306336,0.029305,-0.0868315,-0.029276,0.000838503,-0.0061987,-0.0337178,-0.0400308,-0.0327952,0.0117823,-0.00397564,0.0163105,0.0479959,-0.164634,0.0729123,-0.0336788
0.233996,-0.0177353,-0.0430665,0.0360578,0.052274,-0.0463814,0.00625263,0.00827989,-0.00720643,-0.0133634,-0.0118463,0.0592562,0.0217024,-0.135573,0.0282202,0.0100626,0.0321103,0.0126815,0.0730808,-0.0849846,0.0211104,-0.107714,-0.218754,-0.0261688,-0.107165,-0.129634,0.0208828,-0.0663624,0.0134079,-0.030904,-0.0274362,-0.0568451,-0.0297874,-0.00342855,0.0476207,0.0155429,0.0547888,-0.0457584,-0.0122184,0.0123629,0.0574874,0.0119345,-0.0111315,-0.139141,-0.163148,-0.00799697,-0.00444168,0.0148513,0.0744767,0.000777494,-0.0186099,-0.101591,-0.0585093,-0.0317571,0.0287114,-0.0853182,-0.0294487,0.000984604,-0.00578416,-0.0332442,-0.0404139,-0.0329972,0.0117596,-0.00419029,0.0164486,0.0454121,-0.162739,0.0722655,-0.0330228
0.234996,-0.0157468,-0.0428403,0.0362825,0.0515393,-0.0455612,0.00673396,0.00809696,-0.00773413,-0.0145878,-0.0118415,0.057385,0.0193405,-0.138723,0.0282848,0.010001,0.0322354,0.010047,0.0729428,-0.0873772,0.020375,-0.107689,-0.219441,-0.0247553,-0.106033,-0.12867,0.0198814,-0.0691655,0.0120074,-0.0312486,-0.027553,-0.0547502,-0.0295977,-0.00331283,0.0464236,0.0116273,0.0526852,-0.0453031,-0.0122098,0.0123611,0.0562765,0.012366,-0.0111257,-0.138109,-0.162094,-0.00802579,-0.00413194,0.0146088,0.072995,0.000818126,-0.0181451,-0.101377,-0.0586073,-0.0328599,0.0281166,-0.0837925,-0.0296111,0.00112898,-0.00537082,-0.0327641,-0.0407814,-0.0331881,0.0117338,-0.00440145,0.0165809,0.0428352,-0.160809,0.0716016,-0.0323628
0.235996,-0.0137688,-0.0426048,0.0364951,0.0507963,-0.0447344,0.00720878,0.00791319,-0.00825507,-0.0157971,-0.0118332,0.0555157,0.0169937,-0.141805,0.0283406,0.00993647,0.0323498,0.00742985,0.0727858,-0.0897242,0.0196398,-0.107631,-0.220054,-0.0233464,-0.104878,-0.127675,0.0188828,-0.0719244,0.0106163,-0.03158,-0.0276596,-0.0526537,-0.0294007,-0.00319677,0.0452233,0.00773911,0.0505874,-0.0448375,-0.0121977,0.0123558,0.0550587,0.0127903,-0.0111168,-0.137041,-0.160997,-0.0080521,-0.00382399,0.0143642,0.071506,0.000857645,-0.0176789,-0.101133,-0.0586863,-0.0339418,0.0275209,-0.0822548,-0.0297631,0.00127161,-0.00495882,-0.0322778,-0.0411333,-0.0333678,0.0117049,-0.00460909,0.0167076,0.0402658,-0.158845,0.070921,-0.0316989
0.236996,-0.0118017,-0.0423601,0.0366955,0.0500453,-0.0439014,0.00767695,0.00772866,-0.00876909,-0.0169912,-0.0118215,0.053649,0.0146627,-0.144816,0.0283876,0.00986887,0.0324535,0.00483077,0.07261,-0.092025,0.0189052,-0.10754,-0.220591,-0.0219426,-0.103702,-0.126647,0.0178873,-0.0746385,0.00923493,-0.0318982,-0.027756,-0.0505563,-0.0291966,-0.00308038,0.0440202,0.00387948,0.048496,-0.0443619,-0.012182,0.0123469,0.0538342,0.0132071,-0.0111048,-0.13594,-0.159859,-0.00807589,-0.00351792,0.0141177,0.07001,0.000896042,-0.0172113,-0.10086,-0.0587461,-0.0350026,0.0269242,-0.0807057,-0.0299047,0.00141247,-0.00454829,-0.0317855,-0.0414695,-0.0335362,0.011673,-0.00481315,0.0168285,0.037705,-0.156848,0.0702237,-0.0310314
0.237996,-0.00984616,-0.0421061,0.0368838,0.0492864,-0.0430624,0.00813836,0.0075434,-0.00927606,-0.0181696,-0.0118063,0.0517851,0.012348,-0.147757,0.0284259,0.00979828,0.0325464,0.00225054,0.0724155,-0.0942792,0.0181712,-0.107415,-0.221053,-0.0205443,-0.102505,-0.125589,0.0168953,-0.0773068,0.00786376,-0.0322029,-0.0278423,-0.0484586,-0.0289854,-0.0029637,0.0428145,4.94976e-05,0.0464116,-0.0438764,-0.0121628,0.0123346,0.0526036,0.0136164,-0.0110896,-0.134805,-0.158679,-0.00809717,-0.00321379,0.0138694,0.0685075,0.000933307,-0.0167426,-0.100557,-0.0587868,-0.0360421,0.0263269,-0.0791457,-0.0300359,0.00155154,-0.00413936,-0.0312872,-0.0417901,-0.0336934,0.0116379,-0.00501358,0.0169438,0.0351533,-0.154819,0.06951,-0.0303605
0.238996,-0.0079027,-0.0418431,0.03706,0.0485199,-0.0422178,0.00859291,0.00735749,-0.00977584,-0.019332,-0.0117877,0.0499247,0.0100504,-0.150626,0.0284555,0.0097247,0.0326287,-0.000310071,0.0722024,-0.096486,0.0174382,-0.107258,-0.221441,-0.0191517,-0.101287,-0.124499,0.0159068,-0.0799289,0.00650307,-0.0324943,-0.0279183,-0.0463614,-0.0287672,-0.00284674,0.0416068,-0.00374973,0.0443347,-0.0433812,-0.0121402,0.0123188,0.0513671,0.0140181,-0.0110712,-0.133637,-0.157458,-0.00811593,-0.00291169,0.0136194,0.0669989,0.000969434,-0.0162728,-0.100225,-0.0588086,-0.0370601,0.0257289,-0.0775752,-0.0301566,0.00168879,-0.00373217,-0.0307833,-0.0420949,-0.0338393,0.0115998,-0.00521034,0.0170534,0.0326118,-0.152758,0.0687801,-0.0296864
0.239996,-0.00597192,-0.0415711,0.037224,0.047746,-0.0413678,0.00904049,0.00717098,-0.0102683,-0.020478,-0.0117656,0.0480682,0.0077705,-0.153424,0.0284764,0.00964819,0.0327004,-0.00285032,0.0719707,-0.0986452,0.0167063,-0.107068,-0.221755,-0.0177653,-0.100049,-0.12338,0.0149223,-0.0825039,0.00515322,-0.0327723,-0.0279842,-0.0442652,-0.0285421,-0.00272953,0.0403972,-0.00751712,0.042266,-0.0428765,-0.0121141,0.0122996,0.0501252,0.014412,-0.0110496,-0.132436,-0.156197,-0.00813218,-0.00261168,0.0133677,0.0654847,0.00100441,-0.015802,-0.0998631,-0.0588114,-0.0380564,0.0251305,-0.0759949,-0.0302669,0.0018242,-0.00332685,-0.0302739,-0.0423839,-0.0339738,0.0115586,-0.00540338,0.0171574,0.030081,-0.150667,0.0680343,-0.0290094
0.240996,-0.00405436,-0.0412903,0.037376,0.0469651,-0.0405127,0.00948098,0.00698393,-0.0107533,-0.0216074,-0.0117401,0.046216,0.00550884,-0.156149,0.0284886,0.00956875,0.0327614,-0.00536948,0.0717207,-0.100756,0.0159757,-0.106844,-0.221994,-0.0163855,-0.0987916,-0.12223,0.0139419,-0.0850313,0.00381453,-0.0330367,-0.0280399,-0.0421706,-0.0283102,-0.00261208,0.0391861,-0.0112516,0.0402059,-0.0423625,-0.0120846,0.012277,0.0488782,0.0147981,-0.0110249,-0.131203,-0.154896,-0.00814591,-0.00231385,0.0131144,0.0639653,0.00103824,-0.0153305,-0.0994726,-0.0587953,-0.0390309,0.0245318,-0.0744052,-0.0303668,0.00195774,-0.00292353,-0.0297592,-0.0426572,-0.034097,0.0115143,-0.00559266,0.0172557,0.027562,-0.148545,0.0672729,-0.0283296
0.241996,-0.00215058,-0.0410008,0.037516,0.0461772,-0.0396529,0.00991429,0.0067964,-0.0112307,-0.0227199,-0.0117112,0.0443687,0.00326607,-0.158801,0.0284921,0.00948642,0.0328118,-0.00786681,0.0714525,-0.102818,0.0152466,-0.106589,-0.222159,-0.0150125,-0.0975149,-0.121051,0.012966,-0.0875103,0.00248733,-0.0332876,-0.0280853,-0.0400784,-0.0280716,-0.00249442,0.0379739,-0.0149522,0.0381549,-0.0418393,-0.0120518,0.0122509,0.0476265,0.0151763,-0.010997,-0.129939,-0.153555,-0.00815713,-0.00201827,0.0128596,0.0624411,0.00107091,-0.0148583,-0.0990535,-0.0587604,-0.0399834,0.023933,-0.0728066,-0.0304562,0.00208941,-0.00252233,-0.0292393,-0.0429146,-0.0342089,0.0114671,-0.00577815,0.0173485,0.0250553,-0.146394,0.0664961,-0.0276472
0.242996,-0.00026113,-0.0407028,0.0376439,0.0453827,-0.0387885,0.0103403,0.00660844,-0.0117004,-0.0238151,-0.0116789,0.0425267,0.00104276,-0.161379,0.028487,0.00940123,0.0328517,-0.0103416,0.0711661,-0.104831,0.0145191,-0.106301,-0.22225,-0.0136468,-0.0962194,-0.119843,0.0119948,-0.0899404,0.00117194,-0.033525,-0.0281206,-0.0379892,-0.0278263,-0.00237656,0.0367609,-0.0186178,0.0361136,-0.0413071,-0.0120156,0.0122214,0.0463706,0.0155464,-0.010966,-0.128643,-0.152177,-0.00816585,-0.00172499,0.0126034,0.0609126,0.00110242,-0.0143856,-0.098606,-0.0587068,-0.0409138,0.0233341,-0.0711998,-0.0305352,0.00221918,-0.00212339,-0.0287145,-0.0431562,-0.0343093,0.0114168,-0.00595979,0.0174357,0.0225618,-0.144216,0.0657041,-0.0269626
0.243996,0.00161346,-0.0403963,0.0377599,0.0445818,-0.03792,0.010759,0.00642012,-0.0121623,-0.0248927,-0.0116432,0.0406903,-0.00116049,-0.163883,0.0284734,0.00931322,0.0328811,-0.0127932,0.0708617,-0.106795,0.0137936,-0.105981,-0.222267,-0.0122886,-0.0949056,-0.118606,0.0110286,-0.092321,-0.000131327,-0.0337488,-0.0281457,-0.0359035,-0.0275744,-0.00225854,0.0355475,-0.0222474,0.0340825,-0.0407662,-0.0119762,0.0121886,0.0451107,0.0159084,-0.0109319,-0.127318,-0.15076,-0.00817206,-0.0014341,0.0123459,0.0593802,0.00113276,-0.0139125,-0.0981303,-0.0586346,-0.0418218,0.0227353,-0.0695851,-0.0306038,0.00234702,-0.00172683,-0.028185,-0.043382,-0.0343984,0.0113636,-0.00613757,0.0175173,0.0200823,-0.142009,0.0648973,-0.0262758
0.244996,0.00347265,-0.0400814,0.0378639,0.0437747,-0.0370477,0.0111702,0.00623149,-0.0126163,-0.0259525,-0.0116041,0.0388602,-0.00334311,-0.166312,0.0284512,0.00922242,0.0329001,-0.0152208,0.0705395,-0.108709,0.0130701,-0.10563,-0.222211,-0.0109385,-0.0935741,-0.117342,0.0100676,-0.0946515,-0.00142216,-0.0339589,-0.0281607,-0.0338221,-0.0273161,-0.00214038,0.0343339,-0.02584,0.0320621,-0.0402167,-0.0119336,0.0121525,0.0438473,0.0162621,-0.0108946,-0.125962,-0.149305,-0.00817577,-0.00114567,0.0120872,0.0578443,0.00116193,-0.0134392,-0.0976268,-0.0585439,-0.0427074,0.0221367,-0.0679631,-0.030662,0.00247293,-0.00133278,-0.0276509,-0.043592,-0.034476,0.0113073,-0.00631143,0.0175934,0.0176175,-0.139776,0.0640759,-0.0255872
0.245996,0.00531593,-0.0397584,0.037956,0.0429617,-0.0361717,0.0115738,0.00604261,-0.0130622,-0.0269943,-0.0115617,0.0370368,-0.00550455,-0.168665,0.0284205,0.00912885,0.0329086,-0.0176238,0.0701996,-0.110572,0.0123489,-0.105247,-0.222083,-0.00959663,-0.0922253,-0.11605,0.00911204,-0.0969314,-0.00270025,-0.0341555,-0.0281655,-0.0317456,-0.0270515,-0.00202209,0.0331206,-0.0293946,0.030053,-0.0396588,-0.0118877,0.012113,0.0425808,0.0166076,-0.0108543,-0.124577,-0.147814,-0.00817698,-0.000859748,0.0118273,0.0563054,0.00118993,-0.0129657,-0.0970957,-0.0584347,-0.0435705,0.0215385,-0.0663343,-0.0307098,0.00259689,-0.000941356,-0.0271124,-0.0437861,-0.0345423,0.0112482,-0.00648136,0.0176641,0.0151681,-0.137517,0.0632401,-0.0248969
0.246996,0.00714277,-0.0394273,0.0380362,0.042143,-0.0352924,0.0119698,0.00585355,-0.0134999,-0.0280176,-0.011516,0.0352204,-0.00764424,-0.170943,0.0283813,0.00903257,0.0329068,-0.0200016,0.0698421,-0.112385,0.0116302,-0.104832,-0.221881,-0.00826342,-0.0908596,-0.114731,0.00816223,-0.0991601,-0.00396532,-0.0343385,-0.0281602,-0.0296745,-0.0267806,-0.0019037,0.0319077,-0.0329104,0.0280556,-0.0390927,-0.0118387,0.0120703,0.0413116,0.0169447,-0.0108108,-0.123163,-0.146287,-0.00817571,-0.000576413,0.0115663,0.0547639,0.00121675,-0.0124923,-0.0965373,-0.0583073,-0.044411,0.0209408,-0.0646993,-0.0307472,0.00271887,-0.000552686,-0.0265698,-0.0439645,-0.0345972,0.0111861,-0.00664732,0.0177292,0.012735,-0.135234,0.0623904,-0.0242052
0.247996,0.00895267,-0.0390883,0.0381047,0.0413189,-0.0344102,0.012358,0.00566436,-0.0139294,-0.0290223,-0.0114669,0.0334115,-0.00976165,-0.173145,0.0283338,0.00893361,0.0328947,-0.0223534,0.0694673,-0.114147,0.0109141,-0.104387,-0.221608,-0.00693918,-0.0894777,-0.113385,0.0072184,-0.101337,-0.00521706,-0.0345078,-0.0281449,-0.0276097,-0.0265035,-0.00178524,0.0306958,-0.0363863,0.0260704,-0.0385187,-0.0117866,0.0120244,0.04004,0.0172734,-0.0107642,-0.121721,-0.144724,-0.00817197,-0.000295726,0.0113043,0.0532203,0.0012424,-0.0120191,-0.095952,-0.0581617,-0.0452287,0.0203438,-0.0630586,-0.0307743,0.00283887,-0.000166891,-0.0260232,-0.0441271,-0.0346407,0.0111211,-0.00680927,0.017789,0.0103187,-0.132926,0.0615269,-0.0235122
0.248996,0.0107451,-0.0387416,0.0381614,0.0404897,-0.0335252,0.0127385,0.0054751,-0.0143505,-0.0300081,-0.0114146,0.0316106,-0.0118563,-0.17527,0.0282779,0.008832,0.0328724,-0.0246786,0.0690753,-0.115857,0.0102008,-0.103911,-0.221263,-0.00562426,-0.08808,-0.112014,0.00628079,-0.103462,-0.00645519,-0.0346636,-0.0281195,-0.0255515,-0.0262205,-0.00166673,0.0294851,-0.0398213,0.0240979,-0.0379369,-0.0117314,0.0119752,0.0387664,0.0175935,-0.0107146,-0.120251,-0.143127,-0.00816576,-1.77493e-05,0.0110415,0.051675,0.00126687,-0.0115461,-0.0953401,-0.0579981,-0.0460235,0.0197475,-0.0614127,-0.0307911,0.00295687,0.00021591,-0.0254729,-0.0442739,-0.0346729,0.0110532,-0.0069672,0.0178433,0.00792012,-0.130595,0.06065,-0.0228182
0.249996,0.0125196,-0.0383872,0.0382064,0.0396555,-0.0326379,0.0131111,0.00528584,-0.0147631,-0.0309748,-0.011359,0.0298181,-0.0139275,-0.177319,0.0282137,0.00872779,0.03284,-0.0269766,0.0686662,-0.117516,0.00949057,-0.103404,-0.220846,-0.00431899,-0.0866671,-0.110618,0.00534964,-0.105535,-0.00767945,-0.0348057,-0.0280842,-0.0235008,-0.0259315,-0.0015482,0.0282759,-0.0432147,0.0221386,-0.0373476,-0.0116732,0.0119228,0.0374912,0.0179051,-0.010662,-0.118755,-0.141495,-0.00815709,0.000257457,0.0107778,0.0501284,0.00129016,-0.0110736,-0.094702,-0.0578166,-0.0467954,0.0191521,-0.0597622,-0.0307976,0.00307285,0.000595599,-0.024919,-0.0444051,-0.0346937,0.0109825,-0.00712108,0.0178923,0.00553985,-0.128242,0.05976,-0.0221234
0.250996,0.0142758,-0.0380253,0.0382398,0.0388167,-0.0317485,0.0134758,0.00509662,-0.0151672,-0.0319221,-0.0113002,0.0280344,-0.015975,-0.17929,0.0281412,0.00862102,0.0327975,-0.0292468,0.0682404,-0.119123,0.00878351,-0.102868,-0.220359,-0.00302367,-0.0852393,-0.109196,0.00442519,-0.107554,-0.00888955,-0.0349343,-0.0280389,-0.021458,-0.0256366,-0.00142966,0.0270687,-0.0465656,0.0201929,-0.0367509,-0.011612,0.0118673,0.0362149,0.018208,-0.0106063,-0.117232,-0.13983,-0.00814598,0.000529832,0.0105134,0.0485809,0.00131228,-0.0106016,-0.0940379,-0.0576173,-0.0475444,0.0185578,-0.0581075,-0.030794,0.0031868,0.00097206,-0.0243617,-0.0445205,-0.0347033,0.0109089,-0.00727088,0.017936,0.00317862,-0.125867,0.0588571,-0.0214281
0.251996,0.016013,-0.037656,0.0382617,0.0379734,-0.0308573,0.0138324,0.00490751,-0.0155627,-0.0328499,-0.0112382,0.0262599,-0.0179981,-0.181184,0.0280606,0.00851173,0.032745,-0.0314886,0.0677978,-0.120678,0.00807982,-0.102302,-0.219802,-0.00173863,-0.0837974,-0.107751,0.00350767,-0.10952,-0.0100852,-0.0350493,-0.0279837,-0.0194239,-0.0253361,-0.00131115,0.0258636,-0.049873,0.0182613,-0.0361471,-0.0115479,0.0118087,0.0349377,0.0185022,-0.0105476,-0.115683,-0.138132,-0.00813243,0.000799319,0.0102484,0.0470331,0.00133323,-0.0101303,-0.0933482,-0.0574005,-0.0482703,0.0179647,-0.0564492,-0.0307801,0.00329871,0.00134518,-0.0238013,-0.0446204,-0.0347015,0.0108326,-0.00741658,0.0179743,0.000837119,-0.123472,0.0579418,-0.0207324
0.252996,0.0177308,-0.0372796,0.0382721,0.037126,-0.0299645,0.014181,0.00471857,-0.0159494,-0.0337579,-0.011173,0.0244951,-0.0199964,-0.183,0.0279719,0.00839998,0.0326826,-0.0337013,0.0673388,-0.122181,0.0073797,-0.101706,-0.219175,-0.000464191,-0.0823417,-0.106282,0.00259731,-0.111432,-0.0112663,-0.0351508,-0.0279187,-0.017399,-0.02503,-0.00119269,0.0246611,-0.0531361,0.0163442,-0.0355365,-0.0114809,0.0117471,0.0336602,0.0187876,-0.0104859,-0.114109,-0.136402,-0.00811646,0.00106586,0.00998279,0.0454853,0.00135301,-0.00965989,-0.0926334,-0.0571662,-0.048973,0.0173728,-0.0547878,-0.0307561,0.00340856,0.00171484,-0.0232379,-0.0447047,-0.0346885,0.0107535,-0.00755817,0.0180075,-0.00148398,-0.121057,0.0570144,-0.0200365
0.253996,0.0194289,-0.036896,0.0382711,0.0362747,-0.0290706,0.0145215,0.00452985,-0.0163273,-0.034646,-0.0111046,0.0227404,-0.0219694,-0.184739,0.0278752,0.00828579,0.0326103,-0.0358844,0.0668636,-0.123631,0.0066833,-0.101082,-0.218478,0.000799351,-0.0808728,-0.10479,0.00169434,-0.11329,-0.0124324,-0.0352388,-0.0278439,-0.0153839,-0.0247184,-0.0010743,0.0234614,-0.0563541,0.0144421,-0.0349191,-0.011411,0.0116823,0.0323826,0.0190642,-0.0104212,-0.112511,-0.13464,-0.00809809,0.0013294,0.00971673,0.0439379,0.00137161,-0.0091904,-0.0918937,-0.0569147,-0.0496527,0.0167823,-0.0531238,-0.030722,0.00351636,0.00208093,-0.0226718,-0.0447735,-0.0346644,0.0106716,-0.00769563,0.0180354,-0.00378402,-0.118623,0.0560751,-0.0193407
0.254996,0.0211067,-0.0365056,0.0382587,0.0354198,-0.0281757,0.0148537,0.00434143,-0.0166964,-0.0355139,-0.0110331,0.0209961,-0.0239167,-0.186399,0.0277704,0.00816923,0.0325283,-0.0380374,0.0663723,-0.125029,0.00599082,-0.100428,-0.217714,0.00205169,-0.0793913,-0.103276,0.000798989,-0.115094,-0.0135833,-0.0353134,-0.0277594,-0.0133793,-0.0244014,-0.000956017,0.0222649,-0.0595262,0.0125555,-0.0342954,-0.0113384,0.0116146,0.0311053,0.019332,-0.0103536,-0.110889,-0.132849,-0.00807732,0.00158989,0.00945029,0.0423914,0.00138906,-0.00872201,-0.0911296,-0.0566461,-0.0503091,0.0161934,-0.0514578,-0.030678,0.00362207,0.00244335,-0.0221031,-0.0448268,-0.0346291,0.010587,-0.00782894,0.0180581,-0.00606234,-0.116172,0.0551243,-0.0186452
0.255996,0.0227638,-0.0361084,0.0382352,0.0345615,-0.0272803,0.0151778,0.00415334,-0.0170564,-0.0363614,-0.0109586,0.0192626,-0.0258378,-0.187982,0.0276578,0.00805034,0.0324367,-0.0401597,0.0658652,-0.126374,0.00530243,-0.0997466,-0.216881,0.00329253,-0.0778976,-0.101739,-8.85315e-05,-0.116843,-0.0147189,-0.0353746,-0.0276653,-0.0113857,-0.0240792,-0.000837861,0.0210719,-0.0626517,0.0106847,-0.0336654,-0.0112631,0.011544,0.0298288,0.0195908,-0.0102831,-0.109244,-0.131027,-0.00805418,0.00184728,0.00918355,0.0408462,0.00140534,-0.00825484,-0.0903414,-0.0563605,-0.0509423,0.0156062,-0.0497903,-0.0306239,0.0037257,0.00280198,-0.021532,-0.0448649,-0.0345827,0.0104998,-0.00795809,0.0180757,-0.0083183,-0.113703,0.0541624,-0.0179502
0.256996,0.0243998,-0.0357047,0.0382005,0.0337,-0.0263844,0.0154935,0.00396566,-0.0174075,-0.0371884,-0.010881,0.0175405,-0.0277323,-0.189486,0.0275374,0.00792916,0.0323354,-0.0422508,0.0653424,-0.127665,0.00461829,-0.0990371,-0.215982,0.00452158,-0.0763924,-0.100182,-0.000968003,-0.118537,-0.0158388,-0.0354224,-0.0275616,-0.00940368,-0.0237519,-0.00071986,0.0198827,-0.0657297,0.00883019,-0.0330294,-0.0111851,0.0114704,0.0285535,0.0198408,-0.0102097,-0.107576,-0.129176,-0.00802868,0.0021015,0.00891659,0.0393028,0.00142047,-0.00778902,-0.0895297,-0.0560583,-0.0515524,0.0150208,-0.0481218,-0.03056,0.00382724,0.00315672,-0.0209588,-0.0448876,-0.0345252,0.0104099,-0.00808306,0.0180883,-0.0105513,-0.111219,0.0531896,-0.0172559
0.257996,0.0260142,-0.0352944,0.0381547,0.0328357,-0.0254886,0.0158009,0.00377844,-0.0177495,-0.0379947,-0.0108004,0.0158299,-0.0295998,-0.190912,0.0274093,0.00780576,0.0322248,-0.04431,0.0648042,-0.128904,0.00393858,-0.0983001,-0.215015,0.00573855,-0.0748761,-0.0986039,-0.00183921,-0.120176,-0.0169429,-0.035457,-0.0274484,-0.00743389,-0.0234197,-0.000602041,0.0186977,-0.0687595,0.00699234,-0.0323877,-0.0111044,0.011394,0.0272796,0.0200817,-0.0101335,-0.105887,-0.127298,-0.00800084,0.00235252,0.0086495,0.0377615,0.00143445,-0.00732468,-0.0886947,-0.0557396,-0.0521392,0.0144373,-0.0464528,-0.0304863,0.00392668,0.00350747,-0.0203836,-0.0448952,-0.0344568,0.0103174,-0.00820385,0.0180958,-0.0127606,-0.10872,0.0522064,-0.0165626
0.258996,0.0276067,-0.0348779,0.038098,0.0319688,-0.024593,0.0161,0.00359174,-0.0180824,-0.0387802,-0.0107168,0.0141314,-0.0314398,-0.192259,0.0272735,0.00768018,0.0321047,-0.0463371,0.0642509,-0.13009,0.00326346,-0.097536,-0.213984,0.00694317,-0.0733493,-0.0970059,-0.00270195,-0.121759,-0.0180309,-0.0354784,-0.0273258,-0.00547688,-0.0230825,-0.000484429,0.0175172,-0.0717404,0.00517157,-0.0317405,-0.0110212,0.0113147,0.0260077,0.0203137,-0.0100544,-0.104176,-0.125391,-0.00797068,0.00260029,0.00838237,0.0362229,0.00144728,-0.00686195,-0.0878369,-0.0554045,-0.0527028,0.0138558,-0.0447838,-0.0304029,0.004024,0.00385412,-0.0198067,-0.0448876,-0.0343775,0.0102224,-0.00832045,0.0180983,-0.0149458,-0.106206,0.0512131,-0.0158703
0.259996,0.0291769,-0.0344553,0.0380304,0.0310995,-0.0236979,0.0163906,0.00340562,-0.018406,-0.0395447,-0.0106302,0.0124453,-0.033252,-0.193529,0.0271301,0.00755247,0.0319755,-0.0483314,0.0636827,-0.131222,0.00259311,-0.0967452,-0.212887,0.00813516,-0.0718126,-0.0953887,-0.00355602,-0.123286,-0.0191026,-0.0354866,-0.0271939,-0.00353322,-0.0227407,-0.000367053,0.0163414,-0.0746718,0.00336826,-0.031088,-0.0109354,0.0112327,0.024738,0.0205366,-0.00997249,-0.102446,-0.123459,-0.00793822,0.00284476,0.00811527,0.0346872,0.00145898,-0.00640096,-0.0869568,-0.0550534,-0.0532431,0.0132766,-0.0431154,-0.0303098,0.00411921,0.00419658,-0.0192282,-0.0448651,-0.0342873,0.0101248,-0.00843285,0.0180959,-0.0171062,-0.103679,0.0502101,-0.0151794
0.260996,0.0307243,-0.0340267,0.0379521,0.0302282,-0.0228036,0.0166728,0.00322013,-0.0187204,-0.0402881,-0.0105408,0.010772,-0.0350359,-0.19472,0.0269793,0.00742269,0.031837,-0.0502924,0.0630997,-0.132302,0.00192768,-0.0959282,-0.211725,0.00931424,-0.0702664,-0.0937528,-0.00440122,-0.124758,-0.0201579,-0.0354818,-0.0270528,-0.00160347,-0.0223943,-0.00024994,0.0151707,-0.0775529,0.00158279,-0.0304304,-0.0108472,0.0111479,0.0234709,0.0207505,-0.00988784,-0.100695,-0.1215,-0.00790347,0.00308589,0.0078483,0.033155,0.00146956,-0.00594183,-0.0860547,-0.0546864,-0.0537604,0.0126996,-0.041448,-0.0302071,0.0042123,0.00453475,-0.0186484,-0.0448277,-0.0341864,0.0100247,-0.00854106,0.0180886,-0.0192412,-0.10114,0.0491976,-0.01449
0.261996,0.0322487,-0.0335922,0.0378632,0.029355,-0.0219105,0.0169465,0.00303533,-0.0190255,-0.0410103,-0.0104485,0.00911175,-0.0367913,-0.195833,0.0268212,0.00729089,0.0316896,-0.0522198,0.0625024,-0.133328,0.00126734,-0.0950854,-0.210501,0.0104802,-0.0687114,-0.0920989,-0.00523734,-0.126174,-0.0211966,-0.035464,-0.0269026,0.00031179,-0.0220434,-0.000133116,0.0140054,-0.0803832,-0.000184461,-0.0297681,-0.0107565,0.0110605,0.0222069,0.0209554,-0.00980046,-0.0989255,-0.119516,-0.00786647,0.00332363,0.00758153,0.0316266,0.00147901,-0.00548468,-0.0851312,-0.0543037,-0.0542544,0.012125,-0.0397822,-0.030095,0.00430327,0.00486852,-0.0180675,-0.0447756,-0.0340748,0.00992211,-0.00864505,0.0180764,-0.0213503,-0.0985899,0.0481762,-0.0138024
0.262996,0.0337496,-0.0331521,0.0377637,0.0284802,-0.0210187,0.0172118,0.00285129,-0.0193213,-0.0417112,-0.0103534,0.00746504,-0.0385178,-0.196868,0.0266557,0.00715713,0.0315332,-0.0541131,0.0618908,-0.134301,0.000612247,-0.0942172,-0.209214,0.0116327,-0.0671481,-0.0904276,-0.0060642,-0.127533,-0.0222184,-0.0354333,-0.0267433,0.00221203,-0.0216881,-1.66101e-05,0.0128458,-0.0831619,-0.00193313,-0.0291012,-0.0106635,0.0109704,0.0209463,0.0211511,-0.00971038,-0.0971377,-0.117508,-0.00782723,0.00355795,0.00731505,0.0301024,0.00148735,-0.00502965,-0.0841867,-0.0539056,-0.0547254,0.0115529,-0.0381185,-0.0299734,0.0043921,0.00519782,-0.0174856,-0.0447087,-0.0339526,0.00981714,-0.00874485,0.0180595,-0.0234329,-0.096029,0.0471461,-0.0131167
0.263996,0.0352266,-0.0327066,0.0376538,0.0276042,-0.0201286,0.0174685,0.00266804,-0.0196077,-0.0423906,-0.0102555,0.00583217,-0.0402149,-0.197825,0.0264831,0.00702146,0.031368,-0.0559718,0.0612653,-0.135221,-3.74441e-05,-0.0933242,-0.207865,0.0127715,-0.0655771,-0.0887396,-0.00688162,-0.128836,-0.0232232,-0.0353898,-0.0265751,0.00409669,-0.0213287,9.95503e-05,0.0116922,-0.0858885,-0.00366287,-0.02843,-0.0105682,0.0108777,0.0196895,0.0213378,-0.00961765,-0.0953323,-0.115477,-0.00778578,0.0037888,0.00704894,0.0285829,0.00149459,-0.00457684,-0.0832217,-0.0534923,-0.0551733,0.0109835,-0.0364574,-0.0298426,0.0044788,0.00552254,-0.016903,-0.0446274,-0.0338198,0.00970978,-0.00884045,0.0180378,-0.0254884,-0.0934586,0.0461077,-0.0124332
0.264996,0.0366795,-0.0322557,0.0375335,0.0267271,-0.0192404,0.0177167,0.00248566,-0.0198847,-0.0430485,-0.0101549,0.0042135,-0.0418825,-0.198705,0.0263034,0.00688395,0.0311942,-0.0577956,0.0606261,-0.136087,-0.000681577,-0.0924067,-0.206455,0.0138964,-0.0639989,-0.0870355,-0.0076894,-0.130083,-0.0242108,-0.0353337,-0.0263981,0.00596524,-0.0209653,0.000215337,0.0105448,-0.0885625,-0.00537333,-0.0277547,-0.0104706,0.0107825,0.0184368,0.0215154,-0.00952229,-0.0935102,-0.113423,-0.00774213,0.00401614,0.00678328,0.0270685,0.00150074,-0.0041264,-0.0822365,-0.0530641,-0.0555982,0.0104169,-0.0347994,-0.0297026,0.00456336,0.0058426,-0.0163198,-0.0445316,-0.0336767,0.00960009,-0.00893184,0.0180115,-0.0275165,-0.0908797,0.0450615,-0.011752
0.265996,0.0381079,-0.0317997,0.0374031,0.0258492,-0.0183545,0.0179564,0.00230419,-0.0201523,-0.0436848,-0.0100516,0.00260935,-0.0435201,-0.199507,0.0261168,0.00674465,0.0310118,-0.059584,0.0599735,-0.136901,-0.00132,-0.0914654,-0.204986,0.0150072,-0.062414,-0.0853161,-0.00848738,-0.131274,-0.025181,-0.0352649,-0.0262124,0.00781715,-0.0205979,0.000330723,0.00940411,-0.0911832,-0.00706418,-0.0270756,-0.0103709,0.0106849,0.0171887,0.021684,-0.00942435,-0.0916719,-0.111348,-0.00769633,0.00423994,0.00651816,0.0255596,0.0015058,-0.00367843,-0.0812318,-0.0526211,-0.0560002,0.00985315,-0.0331449,-0.0295534,0.00464578,0.00615792,-0.0157364,-0.0444216,-0.0335233,0.0094881,-0.00901905,0.0179805,-0.0295164,-0.0882931,0.0440077,-0.0110734
0.266996,0.0395115,-0.0313387,0.0372627,0.0249708,-0.017471,0.0181875,0.0021237,-0.0204104,-0.0442994,-0.00994572,0.00102006,-0.0451275,-0.200232,0.0259232,0.00660362,0.030821,-0.0613367,0.0593077,-0.137661,-0.00195256,-0.0905006,-0.203457,0.0161036,-0.0608231,-0.083582,-0.00927537,-0.132408,-0.0261338,-0.0351837,-0.0260181,0.0096519,-0.0202268,0.000445679,0.00827027,-0.0937502,-0.00873509,-0.026393,-0.010269,0.0105847,0.0159454,0.0218434,-0.00932387,-0.0898183,-0.109252,-0.00764838,0.00446017,0.00625364,0.0240565,0.0015098,-0.00323305,-0.080208,-0.0521637,-0.0563794,0.00929238,-0.0314945,-0.0293953,0.00472606,0.0064684,-0.0151528,-0.0442975,-0.0333596,0.00937387,-0.00910207,0.017945,-0.0314879,-0.0856998,0.0429468,-0.0103975
0.267996,0.04089,-0.0308728,0.0371123,0.0240921,-0.0165903,0.01841,0.00194423,-0.020659,-0.0448923,-0.0098372,-0.000554033,-0.0467044,-0.20088,0.025723,0.00646092,0.0306219,-0.0630534,0.0586291,-0.138369,-0.00257912,-0.0895128,-0.201871,0.0171854,-0.0592267,-0.0818339,-0.0100532,-0.133486,-0.0270689,-0.0350902,-0.0258153,0.011469,-0.0198521,0.000560177,0.0071436,-0.096263,-0.0103857,-0.025707,-0.010165,0.0104822,0.0147074,0.0219938,-0.00922089,-0.08795,-0.107135,-0.00759832,0.00467678,0.00598983,0.0225597,0.00151274,-0.00279039,-0.0791656,-0.0516922,-0.0567358,0.00873473,-0.0298487,-0.0292284,0.0048042,0.00677397,-0.0145692,-0.0441594,-0.0331858,0.00925742,-0.00918091,0.0179049,-0.0334303,-0.0831008,0.0418792,-0.00972459
0.268996,0.0422431,-0.0304023,0.0369521,0.0232135,-0.0157127,0.018624,0.00176584,-0.0208981,-0.0454634,-0.00972615,-0.00211262,-0.0482505,-0.201451,0.0255161,0.00631661,0.0304146,-0.0647336,0.0579379,-0.139024,-0.00319953,-0.0885026,-0.200227,0.0182523,-0.0576252,-0.0800725,-0.0108207,-0.134507,-0.0279862,-0.0349844,-0.0256042,0.0132679,-0.0194738,0.000674189,0.00602439,-0.098721,-0.0120158,-0.0250179,-0.010059,0.0103774,0.0134749,0.0221351,-0.00911545,-0.0860679,-0.105,-0.00754618,0.00488976,0.00572678,0.0210696,0.00151463,-0.00235056,-0.078105,-0.0512066,-0.0570696,0.00818028,-0.028208,-0.0290526,0.00488019,0.00707455,-0.013986,-0.0440075,-0.0330021,0.00913881,-0.00925559,0.0178604,-0.0353432,-0.0804969,0.0408053,-0.0090548
0.269996,0.0435704,-0.0299274,0.0367823,0.022335,-0.0148383,0.0188294,0.00158858,-0.0211277,-0.0460127,-0.00961261,-0.00365539,-0.0497656,-0.201946,0.0253027,0.00617075,0.0301993,-0.0663771,0.0572344,-0.139626,-0.00381364,-0.0874706,-0.198527,0.0193042,-0.0560194,-0.0782984,-0.0115778,-0.135473,-0.0288856,-0.0348664,-0.0253849,0.0150481,-0.0190923,0.000787687,0.00491292,-0.101124,-0.0136251,-0.024326,-0.00995102,0.0102703,0.0122485,0.0222674,-0.0090076,-0.0841726,-0.102847,-0.00749199,0.00509906,0.00546459,0.0195865,0.00151549,-0.00191367,-0.0770269,-0.0507075,-0.0573808,0.00762917,-0.0265728,-0.0288682,0.00495405,0.00737006,-0.0134032,-0.043842,-0.0328084,0.00901809,-0.00932611,0.0178115,-0.0372262,-0.0778891,0.0397254,-0.00838835
0.270996,0.0448718,-0.0294481,0.0366029,0.0214571,-0.0139675,0.0190262,0.00141251,-0.0213478,-0.0465401,-0.00949663,-0.00518204,-0.0512494,-0.202366,0.0250829,0.00602341,0.0299761,-0.0679835,0.0565188,-0.140176,-0.00442133,-0.0864171,-0.196773,0.0203409,-0.0544098,-0.0765123,-0.0123242,-0.136382,-0.0297669,-0.0347366,-0.0251574,0.0168092,-0.0187075,0.000900642,0.00380947,-0.103471,-0.0152132,-0.0236316,-0.00984114,0.010161,0.0110283,0.0223906,-0.00889737,-0.0822649,-0.100676,-0.00743576,0.00530467,0.00520333,0.0181109,0.00151533,-0.00147984,-0.0759316,-0.0501949,-0.0576695,0.00708149,-0.0249436,-0.0286753,0.00502576,0.00766043,-0.0128211,-0.0436629,-0.0326051,0.00889529,-0.00939249,0.0177583,-0.0390789,-0.0752783,0.0386399,-0.00772542
0.271996,0.046147,-0.0289648,0.0364141,0.02058,-0.0131005,0.0192145,0.00123768,-0.0215584,-0.0470456,-0.00937826,-0.00669226,-0.0527017,-0.20271,0.0248568,0.00587465,0.0297452,-0.0695526,0.0557916,-0.140674,-0.00502245,-0.0853427,-0.194964,0.0213621,-0.0527969,-0.074715,-0.0130598,-0.137234,-0.0306301,-0.0345948,-0.024922,0.0185506,-0.0183197,0.00101302,0.00271432,-0.105762,-0.0167798,-0.0229348,-0.00972941,0.0100496,0.00981482,0.0225049,-0.00878483,-0.0803456,-0.0984893,-0.00737755,0.00550654,0.00494308,0.0166431,0.00151416,-0.00104918,-0.0748198,-0.0496693,-0.057936,0.00653736,-0.023321,-0.0284741,0.00509534,0.00794559,-0.0122398,-0.0434705,-0.032392,0.00877048,-0.00945476,0.0177008,-0.0409007,-0.0726655,0.0375493,-0.00706619
0.272996,0.0473956,-0.0284774,0.0362161,0.0197038,-0.0122376,0.0193942,0.00106414,-0.0217595,-0.0475293,-0.00925756,-0.00818576,-0.0541223,-0.202979,0.0246245,0.00572454,0.0295067,-0.071084,0.0550529,-0.14112,-0.00561686,-0.084248,-0.193102,0.0223677,-0.0511812,-0.0729071,-0.0137845,-0.138031,-0.0314751,-0.0344414,-0.0246788,0.0202719,-0.017929,0.00112481,0.00162774,-0.107997,-0.0183248,-0.0222359,-0.00961589,0.009936,0.00860834,0.0226102,-0.00867001,-0.0784154,-0.0962867,-0.00731736,0.00570466,0.00468391,0.0151835,0.001512,-0.000621799,-0.0736919,-0.0491308,-0.0581803,0.00599688,-0.0217053,-0.0282645,0.00516278,0.00822546,-0.0116596,-0.043265,-0.0321695,0.00864369,-0.00951291,0.0176391,-0.0426914,-0.0700515,0.0364539,-0.00641086
0.273995,0.0486176,-0.0279863,0.036009,0.018829,-0.011379,0.0195654,0.000891945,-0.021951,-0.047991,-0.00913458,-0.00966226,-0.0555109,-0.203173,0.0243862,0.00557313,0.0292608,-0.0725776,0.0543031,-0.141515,-0.00620445,-0.0831336,-0.191189,0.0233574,-0.0495634,-0.0710893,-0.0144981,-0.138772,-0.0323016,-0.0342764,-0.0244279,0.0219726,-0.0175356,0.00123596,0.000549991,-0.110175,-0.0198479,-0.0215353,-0.00950065,0.0098204,0.00740921,0.0227065,-0.00855296,-0.0764751,-0.0940695,-0.00725525,0.00589901,0.0044259,0.0137325,0.00150886,-0.00019781,-0.0725485,-0.0485798,-0.0584025,0.00546015,-0.020097,-0.0280468,0.00522809,0.00849998,-0.0110806,-0.0430464,-0.0319376,0.00851498,-0.00956698,0.0175733,-0.0444505,-0.0674373,0.0353542,-0.0057596
0.274995,0.0498126,-0.0274915,0.035793,0.0179557,-0.010525,0.0197281,0.000721138,-0.0221331,-0.0484309,-0.00900938,-0.0111215,-0.0568674,-0.203294,0.024142,0.00542049,0.0290075,-0.0740331,0.0535425,-0.141858,-0.00678508,-0.0819999,-0.189224,0.0243311,-0.047944,-0.0692623,-0.0152005,-0.139458,-0.0331097,-0.0341,-0.0241694,0.0236524,-0.0171395,0.00134646,-0.000518658,-0.112297,-0.0213487,-0.020833,-0.00938373,0.00970282,0.00621777,0.022794,-0.00843373,-0.0745254,-0.0918386,-0.00719123,0.00608955,0.00416913,0.0122905,0.00150476,0.000222682,-0.0713901,-0.0480166,-0.0586028,0.00492729,-0.0184967,-0.0278211,0.00529127,0.00876909,-0.0105031,-0.0428151,-0.0316965,0.0083844,-0.00961699,0.0175033,-0.0461777,-0.0648238,0.0342505,-0.00511259
0.275995,0.0509804,-0.0269934,0.0355681,0.0170841,-0.00967581,0.0198823,0.000551773,-0.0223056,-0.048849,-0.00888201,-0.0125631,-0.0581916,-0.203341,0.0238921,0.00526669,0.0287471,-0.0754502,0.0527713,-0.142149,-0.00735862,-0.0808475,-0.18721,0.0252887,-0.0463235,-0.0674269,-0.0158916,-0.140088,-0.0338992,-0.0339124,-0.0239036,0.0253106,-0.0167411,0.00145627,-0.00157795,-0.11436,-0.0228271,-0.0201295,-0.0092652,0.00958331,0.00503437,0.0228726,-0.00831238,-0.0725671,-0.0895949,-0.00712534,0.00627628,0.00391367,0.0108578,0.00149971,0.000639569,-0.0702172,-0.0474414,-0.0587814,0.00439839,-0.0169047,-0.0275876,0.00535233,0.00903272,-0.00992719,-0.0425712,-0.0314463,0.00825199,-0.00966296,0.0174294,-0.0478725,-0.0622119,0.0331433,-0.00447002
0.276995,0.0521209,-0.0264919,0.0353346,0.0162146,-0.00883171,0.0200281,0.000383897,-0.0224687,-0.0492452,-0.00875253,-0.013987,-0.0594833,-0.203315,0.0236365,0.0051118,0.0284798,-0.0768288,0.05199,-0.142391,-0.00792496,-0.0796771,-0.185148,0.0262299,-0.0447025,-0.0655838,-0.0165712,-0.140662,-0.0346702,-0.0337136,-0.0236305,0.026947,-0.0163403,0.00156537,-0.00262763,-0.116366,-0.0242829,-0.0194249,-0.00914512,0.00946193,0.00385932,0.0229424,-0.00818895,-0.0706009,-0.0873393,-0.00705762,0.00645917,0.00365959,0.00943472,0.00149373,0.00105275,-0.0690304,-0.0468546,-0.0589384,0.00387354,-0.0153215,-0.0273463,0.00541127,0.00929082,-0.00935311,-0.0423149,-0.0311871,0.00811782,-0.0097049,0.0173515,-0.0495347,-0.0596026,0.0320329,-0.00383205
0.277995,0.0532338,-0.0259874,0.0350926,0.0153474,-0.00799293,0.0201654,0.000217561,-0.0226223,-0.0496197,-0.00862099,-0.0153928,-0.0607425,-0.203218,0.0233753,0.00495587,0.0282055,-0.0781687,0.0511987,-0.142581,-0.00848398,-0.0784891,-0.183038,0.0271546,-0.0430815,-0.0637335,-0.0172392,-0.141182,-0.0354224,-0.033504,-0.0233503,0.0285611,-0.0159374,0.00167373,-0.00366745,-0.118315,-0.0257158,-0.0187194,-0.00902355,0.00933876,0.00269296,0.0230035,-0.0080635,-0.0686277,-0.0850727,-0.0069881,0.0066382,0.00340697,0.00802171,0.00148683,0.00146212,-0.0678303,-0.0462565,-0.059074,0.00335287,-0.0137476,-0.0270975,0.00546809,0.00954333,-0.00878105,-0.0420463,-0.0309192,0.00798192,-0.00974286,0.0172697,-0.051164,-0.0569966,0.0309198,-0.00319887
0.278995,0.0543191,-0.02548,0.0348422,0.0144828,-0.0071597,0.0202943,5.28103e-05,-0.0227665,-0.0499724,-0.00848746,-0.0167803,-0.0619689,-0.203048,0.0231088,0.00479898,0.0279246,-0.0794697,0.0503979,-0.142722,-0.00903556,-0.0772842,-0.180882,0.0280627,-0.0414612,-0.0618769,-0.0178955,-0.141647,-0.0361558,-0.0332836,-0.0230632,0.0301525,-0.0155325,0.00178131,-0.00469715,-0.120205,-0.0271256,-0.0180135,-0.00890055,0.00921383,0.00153561,0.0230558,-0.00793608,-0.0666481,-0.082796,-0.00691681,0.00681335,0.00315588,0.00661909,0.00147904,0.00186758,-0.0666173,-0.0456473,-0.0591884,0.00283645,-0.0121833,-0.0268412,0.00552281,0.0097902,-0.00821118,-0.0417658,-0.0306426,0.00784436,-0.00977686,0.0171842,-0.05276,-0.054395,0.0298044,-0.00257063
0.279995,0.0553764,-0.0249699,0.0345837,0.0136209,-0.00633226,0.0204148,-0.000110308,-0.0229013,-0.0503034,-0.00835199,-0.0181492,-0.0631624,-0.202808,0.0228371,0.0046412,0.0276372,-0.0807316,0.0495879,-0.142812,-0.00957959,-0.0760629,-0.178681,0.028954,-0.0398419,-0.0600147,-0.0185399,-0.142058,-0.0368705,-0.0330526,-0.0227693,0.0317207,-0.0151257,0.0018881,-0.0057165,-0.122037,-0.0285121,-0.0173072,-0.00877618,0.00908723,0.000387598,0.0230995,-0.00780675,-0.0646629,-0.0805101,-0.0068438,0.00698462,0.00290638,0.00522721,0.00147037,0.00226903,-0.065392,-0.0450274,-0.0592817,0.00232439,-0.0106292,-0.0265777,0.00557543,0.0100314,-0.00764368,-0.0414735,-0.0303575,0.00770519,-0.00980692,0.0170948,-0.0543225,-0.0517986,0.028687,-0.00194752
0.280995,0.0564057,-0.0244572,0.0343172,0.012762,-0.00551084,0.0205271,-0.000271747,-0.0230267,-0.0506129,-0.00821465,-0.0194993,-0.064323,-0.202498,0.0225603,0.00448258,0.0273434,-0.0819544,0.0487689,-0.142854,-0.010116,-0.0748258,-0.176437,0.0298283,-0.0382244,-0.0581475,-0.0191725,-0.142414,-0.0375663,-0.0328112,-0.0224687,0.0332655,-0.0147173,0.00199406,-0.00672527,-0.12381,-0.0298751,-0.0166009,-0.0086505,0.00895901,-0.000750774,0.0231346,-0.00767556,-0.062673,-0.0782159,-0.00676909,0.00715199,0.00265856,0.00384641,0.00146083,0.00266637,-0.064155,-0.0443972,-0.0593542,0.00181678,-0.0090857,-0.026307,0.00562596,0.0102668,-0.00707875,-0.0411695,-0.0300641,0.00756447,-0.00983308,0.0170018,-0.0558511,-0.0492082,0.0275682,-0.00132968
0.281995,0.0574068,-0.0239421,0.0340428,0.0119065,-0.00469566,0.020631,-0.000431463,-0.0231428,-0.0509008,-0.0080755,-0.0208304,-0.0654505,-0.202118,0.0222785,0.00432321,0.0270435,-0.0831378,0.0479414,-0.142846,-0.0106446,-0.0735735,-0.174149,0.0306856,-0.0366091,-0.056276,-0.019793,-0.142717,-0.0382431,-0.0325596,-0.0221618,0.0347864,-0.0143073,0.00209917,-0.00772321,-0.125525,-0.0312144,-0.0158947,-0.00852358,0.00882923,-0.00187919,0.0231612,-0.00754256,-0.0606789,-0.0759144,-0.00669273,0.00731544,0.00241247,0.00247703,0.00145045,0.00305951,-0.0629069,-0.0437569,-0.059406,0.00131371,-0.00755316,-0.0260293,0.00567441,0.0104965,-0.00651656,-0.0408542,-0.0297625,0.00742224,-0.00985537,0.0169052,-0.0573457,-0.0466249,0.0264482,-0.000717294
0.282995,0.0583796,-0.0234249,0.0337608,0.0110544,-0.00388695,0.0207267,-0.000589412,-0.0232496,-0.0511673,-0.00793459,-0.0221422,-0.0665449,-0.201669,0.0219918,0.00416314,0.0267375,-0.0842819,0.0471055,-0.14279,-0.0111653,-0.0723066,-0.171821,0.0315256,-0.0349966,-0.0544011,-0.0204014,-0.142966,-0.038901,-0.0322979,-0.0218485,0.036283,-0.013896,0.00220339,-0.0087101,-0.127182,-0.03253,-0.0151891,-0.00839546,0.00869795,-0.00299735,0.0231793,-0.00740782,-0.0586816,-0.0736064,-0.00661475,0.00747497,0.00216818,0.00111939,0.00143924,0.00344835,-0.0616481,-0.0431068,-0.0594374,0.000815284,-0.00603202,-0.0257449,0.00572079,0.0107203,-0.00595729,-0.0405277,-0.0294529,0.00727856,-0.00987382,0.016805,-0.0588059,-0.0440494,0.0253276,-0.00011051
0.283995,0.059324,-0.0229056,0.0334712,0.0102061,-0.00308494,0.0208142,-0.00074555,-0.0233471,-0.0514125,-0.00779199,-0.0234346,-0.0676061,-0.201153,0.0217006,0.00400245,0.0264257,-0.0853865,0.0462618,-0.142686,-0.0116781,-0.0710257,-0.169452,0.0323484,-0.0333873,-0.0525233,-0.0209976,-0.143163,-0.03954,-0.0320264,-0.0215291,0.0377551,-0.0134835,0.0023067,-0.00968572,-0.128779,-0.0338216,-0.0144841,-0.00826622,0.00856525,-0.00410496,0.023189,-0.0072714,-0.0566818,-0.0712929,-0.0065352,0.00763057,0.00192577,-0.000226164,0.00142722,0.0038328,-0.0603793,-0.0424474,-0.0594486,0.000321584,-0.00452269,-0.0254538,0.0057651,0.0109382,-0.00540111,-0.0401903,-0.0291355,0.0071335,-0.00988847,0.0167014,-0.0602315,-0.0414826,0.0242067,0.000490514
0.284995,0.0602399,-0.0223845,0.0331743,0.00936178,-0.00228982,0.0208936,-0.000899836,-0.0234355,-0.0516365,-0.00764776,-0.0247073,-0.0686341,-0.200569,0.0214047,0.0038412,0.0261081,-0.0864516,0.0454104,-0.142534,-0.0121828,-0.0697314,-0.167045,0.0331537,-0.0317819,-0.0506433,-0.0215815,-0.143306,-0.04016,-0.0317452,-0.0212038,0.0392023,-0.0130699,0.00240908,-0.0106498,-0.130318,-0.035089,-0.01378,-0.00813591,0.00843117,-0.00520171,0.0231904,-0.00713334,-0.0546802,-0.0689747,-0.0064541,0.00778223,0.00168529,-0.00155932,0.00141441,0.00421278,-0.0591011,-0.0417788,-0.0594397,-0.0001673,-0.00302559,-0.0251562,0.00580736,0.0111503,-0.0048482,-0.0398422,-0.0288104,0.0069871,-0.00989936,0.0165944,-0.0616224,-0.0389253,0.0230859,0.00108562
0.285995,0.0611272,-0.0218617,0.0328703,0.00852169,-0.00150182,0.0209649,-0.00105223,-0.0235148,-0.0518393,-0.00750197,-0.0259602,-0.0696288,-0.199919,0.0211045,0.00367946,0.0257851,-0.087477,0.0445518,-0.142335,-0.0126793,-0.0684243,-0.1646,0.0339415,-0.0301808,-0.048762,-0.022153,-0.143398,-0.040761,-0.0314546,-0.0208727,0.0406242,-0.0126553,0.00251049,-0.0116023,-0.131797,-0.0363321,-0.0130772,-0.00800459,0.00829579,-0.00628731,0.0231836,-0.00699372,-0.0526775,-0.0666529,-0.00637151,0.00792995,0.00144681,-0.00287977,0.00140083,0.0045882,-0.0578139,-0.0411015,-0.0594111,-0.00065128,-0.00154111,-0.0248523,0.00584757,0.0113564,-0.00429874,-0.0394836,-0.0284779,0.00683943,-0.00990652,0.016484,-0.0629784,-0.0363785,0.0219656,0.00167467
0.286995,0.0619858,-0.0213375,0.0325593,0.00768608,-0.000721147,0.0210282,-0.00120268,-0.0235849,-0.0520212,-0.00735468,-0.027193,-0.0705902,-0.199204,0.0208001,0.0035173,0.0254567,-0.0884629,0.0436863,-0.14209,-0.0131676,-0.0671051,-0.162118,0.0347117,-0.0285847,-0.0468799,-0.022712,-0.143438,-0.041343,-0.0311547,-0.020536,0.0420205,-0.0122401,0.00261091,-0.0125428,-0.133218,-0.0375509,-0.0123758,-0.00787233,0.00815917,-0.0073615,0.0231686,-0.00685259,-0.0506746,-0.0643282,-0.00628745,0.00807372,0.0012104,-0.0041872,0.0013865,0.00495897,-0.0565184,-0.0404158,-0.0593629,-0.00113027,-6.96336e-05,-0.0245422,0.00588576,0.0115566,-0.00375288,-0.0391148,-0.028138,0.00669054,-0.00991,0.0163704,-0.0642992,-0.0338429,0.0208463,0.00225751
0.287995,0.0628157,-0.0208119,0.0322414,0.00685516,5.20024e-05,0.0210835,-0.00135117,-0.023646,-0.0521822,-0.00720595,-0.0284056,-0.0715183,-0.198424,0.0204916,0.0033548,0.0251231,-0.0894091,0.0428141,-0.141798,-0.0136475,-0.0657742,-0.159602,0.0354642,-0.0269939,-0.0449978,-0.0232585,-0.143427,-0.041906,-0.0308457,-0.0201939,0.0433909,-0.0118242,0.0027103,-0.0134712,-0.13458,-0.0387451,-0.0116761,-0.00773918,0.00802137,-0.00842397,0.0231456,-0.00671001,-0.0486721,-0.0620016,-0.00620197,0.00821353,0.000976111,-0.00548129,0.00137144,0.005325,-0.0552151,-0.039722,-0.0592954,-0.00160419,0.00138844,-0.0242261,0.00592192,0.0117507,-0.00321081,-0.0387359,-0.027791,0.00654049,-0.00990983,0.0162537,-0.0655847,-0.0313195,0.0197283,0.00283399
0.288995,0.0636168,-0.0202852,0.0319169,0.00602917,0.000817427,0.021131,-0.00149764,-0.0236982,-0.0523225,-0.00705586,-0.0295978,-0.0724131,-0.19758,0.0201791,0.00319201,0.0247846,-0.0903158,0.0419358,-0.141461,-0.0141191,-0.0644325,-0.157052,0.0361989,-0.0254091,-0.0431163,-0.0237924,-0.143365,-0.04245,-0.0305279,-0.0198465,0.0447352,-0.0114079,0.00280866,-0.0143872,-0.135883,-0.0399147,-0.0109783,-0.00760521,0.00788246,-0.00947447,0.0231146,-0.00656605,-0.0466708,-0.059674,-0.00611512,0.0083494,0.000744011,-0.00676176,0.00135567,0.00568622,-0.0539046,-0.0390204,-0.0592089,-0.00207295,0.00283275,-0.0239042,0.00595608,0.0119388,-0.00267268,-0.0383473,-0.0274371,0.00638934,-0.00990606,0.0161338,-0.0668348,-0.0288089,0.0186121,0.00340397
0.289995,0.0643891,-0.0197576,0.031586,0.00520833,0.00157493,0.0211706,-0.00164206,-0.0237415,-0.0524423,-0.00690445,-0.0307695,-0.0732747,-0.196674,0.0198629,0.00302901,0.0244412,-0.0911828,0.0410516,-0.141079,-0.0145821,-0.0630804,-0.15447,0.0369157,-0.0238306,-0.0412363,-0.0243137,-0.143252,-0.042975,-0.0302014,-0.0194941,0.046053,-0.0109913,0.00290594,-0.0152908,-0.137127,-0.0410596,-0.0102827,-0.00747048,0.0077425,-0.0105127,0.0230756,-0.00642077,-0.0446715,-0.0573463,-0.00602693,0.00848131,0.000514157,-0.00802832,0.0013392,0.00604254,-0.0525874,-0.0383115,-0.0591036,-0.00253647,0.0042629,-0.0235767,0.00598824,0.0121209,-0.00213865,-0.0379491,-0.0270764,0.00623715,-0.00989873,0.0160109,-0.0680494,-0.026312,0.0174981,0.00396733
0.290995,0.0651326,-0.0192292,0.0312488,0.00439287,0.00232433,0.0212025,-0.00178439,-0.023776,-0.0525417,-0.00675181,-0.0319204,-0.074103,-0.195706,0.019543,0.00286586,0.0240932,-0.0920103,0.0401618,-0.140652,-0.0150366,-0.0617186,-0.151857,0.0376146,-0.0222591,-0.0393582,-0.0248222,-0.14309,-0.0434811,-0.0298665,-0.0191368,0.0473442,-0.0105745,0.00300212,-0.0161817,-0.138312,-0.0421796,-0.00958945,-0.00733503,0.00760156,-0.0115385,0.0230289,-0.00627423,-0.0426749,-0.0550194,-0.00593745,0.00860928,0.000286608,-0.00928067,0.00132206,0.0063939,-0.0512642,-0.0375955,-0.0589797,-0.00299468,0.00567855,-0.0232437,0.00601843,0.012297,-0.00160889,-0.0375417,-0.0267092,0.00608398,-0.00988789,0.015885,-0.0692283,-0.0238297,0.0163866,0.00452391
0.291995,0.0658472,-0.0187002,0.0309055,0.00358301,0.00306542,0.0212266,-0.0019246,-0.0238017,-0.0526208,-0.00659799,-0.0330504,-0.0748981,-0.194678,0.0192197,0.00270264,0.0237407,-0.0927983,0.0392668,-0.140182,-0.0154824,-0.0603477,-0.149214,0.0382955,-0.0206951,-0.0374829,-0.025318,-0.142879,-0.0439683,-0.0295233,-0.0187748,0.0486083,-0.0101578,0.00309718,-0.0170597,-0.139439,-0.0432748,-0.00889887,-0.00719895,0.0074597,-0.0125515,0.0229745,-0.00612649,-0.0406817,-0.0526942,-0.00584671,0.00873329,6.14218e-05,-0.0105185,0.00130427,0.00674021,-0.0499356,-0.0368728,-0.0588375,-0.0034475,0.00707934,-0.0229054,0.00604664,0.0124669,-0.00108355,-0.0371253,-0.0263356,0.00592988,-0.00987358,0.0157562,-0.0703715,-0.0213627,0.015278,0.0050736
0.292995,0.0665329,-0.0181707,0.0305563,0.00277897,0.00379804,0.0212432,-0.00206266,-0.0238188,-0.05268,-0.00644307,-0.0341595,-0.0756601,-0.193589,0.018893,0.00253942,0.0233839,-0.0935469,0.038367,-0.139669,-0.0159195,-0.0589683,-0.146543,0.0389584,-0.019139,-0.035611,-0.0258009,-0.142619,-0.0444367,-0.0291722,-0.0184083,0.0498452,-0.00974119,0.00319109,-0.0179246,-0.140507,-0.0443449,-0.00821118,-0.00706228,0.00731698,-0.0135514,0.0229125,-0.00597763,-0.0386927,-0.0503715,-0.00575477,0.00885336,-0.000161346,-0.0117416,0.00128585,0.0070814,-0.0486019,-0.0361437,-0.0586774,-0.00389484,0.00846491,-0.0225621,0.00607291,0.0126308,-0.000562795,-0.0367,-0.0259558,0.00577492,-0.00985585,0.0156247,-0.0714788,-0.0189118,0.0141728,0.00561626
0.293995,0.0671898,-0.017641,0.0302014,0.00198096,0.00452201,0.0212523,-0.00219853,-0.0238272,-0.0527192,-0.00628711,-0.0352473,-0.0763891,-0.192442,0.0185632,0.00237625,0.023023,-0.0942562,0.0374627,-0.139112,-0.0163479,-0.0575811,-0.143845,0.0396032,-0.0175913,-0.0337432,-0.026271,-0.142312,-0.0448862,-0.0288132,-0.0180375,0.0510547,-0.00932493,0.00328382,-0.0187763,-0.141517,-0.04539,-0.0075266,-0.00692508,0.00717348,-0.0145381,0.022843,-0.0058277,-0.0367085,-0.0480522,-0.00566166,0.0089695,-0.000381642,-0.0129497,0.00126682,0.00741741,-0.047264,-0.0354086,-0.0584995,-0.00433665,0.00983492,-0.0222137,0.00609723,0.0127885,-4.6766e-05,-0.0362663,-0.0255701,0.00561917,-0.00983475,0.0154904,-0.0725502,-0.0164777,0.0130714,0.00615177
0.294995,0.0678178,-0.0171113,0.029841,0.0011892,0.00523714,0.0212539,-0.00233218,-0.0238272,-0.0527389,-0.00613017,-0.0363139,-0.0770851,-0.191238,0.0182303,0.00221321,0.0226582,-0.0949263,0.0365543,-0.138514,-0.0167674,-0.0561867,-0.141121,0.0402298,-0.0160525,-0.0318801,-0.0267282,-0.141957,-0.0453169,-0.0284467,-0.0176625,0.0522365,-0.00890915,0.00337536,-0.0196147,-0.142469,-0.04641,-0.00684537,-0.00678742,0.00702925,-0.0155114,0.0227661,-0.00567676,-0.0347299,-0.0457373,-0.00556743,0.00908171,-0.000599411,-0.0141425,0.0012472,0.00774816,-0.0459222,-0.0346679,-0.0583041,-0.00477284,0.011189,-0.0218607,0.00611964,0.0129402,0.000464385,-0.0358242,-0.0251786,0.00546267,-0.00981033,0.0153534,-0.0735857,-0.0140613,0.011974,0.00668001
0.295995,0.0684171,-0.0165816,0.0294752,0.000403905,0.00594328,0.0212481,-0.00246357,-0.0238188,-0.052739,-0.00597233,-0.0373591,-0.0777482,-0.189977,0.0178947,0.00205037,0.0222896,-0.0955573,0.035642,-0.137875,-0.017178,-0.0547857,-0.138373,0.0408383,-0.0145231,-0.0300225,-0.0271725,-0.141555,-0.0457289,-0.0280729,-0.0172836,0.0533904,-0.008494,0.00346567,-0.0204394,-0.143363,-0.0474049,-0.00616771,-0.00664935,0.00688436,-0.0164708,0.0226819,-0.0055249,-0.0327576,-0.0434276,-0.00547212,0.00918999,-0.000814602,-0.0153198,0.00122702,0.00807358,-0.0445773,-0.0339218,-0.0580916,-0.00520334,0.012527,-0.021503,0.00614014,0.0130857,0.000970511,-0.0353742,-0.0247814,0.00530549,-0.00978264,0.0152139,-0.0745852,-0.0116633,0.0108813,0.00720085
0.296995,0.0689877,-0.0160523,0.0291043,-0.000374726,0.00664026,0.0212351,-0.00259269,-0.0238021,-0.05272,-0.00581366,-0.0383828,-0.0783785,-0.18866,0.0175563,0.00188779,0.0219175,-0.0961493,0.0347263,-0.137195,-0.0175796,-0.0533787,-0.135601,0.0414286,-0.0130036,-0.028171,-0.0276039,-0.141107,-0.0461223,-0.027692,-0.016901,0.0545163,-0.00807961,0.00355473,-0.0212505,-0.1442,-0.0483746,-0.00549386,-0.00651093,0.00673887,-0.0174164,0.0225905,-0.00537216,-0.0307923,-0.0411239,-0.00537578,0.00929437,-0.00102716,-0.0164812,0.00120629,0.00839363,-0.0432297,-0.0331708,-0.0578623,-0.0056281,0.0138483,-0.021141,0.00615875,0.0132251,0.00147147,-0.0349164,-0.024379,0.00514769,-0.00975173,0.0150718,-0.0755488,-0.00928437,0.0097934,0.0077142
0.297995,0.0695296,-0.0155233,0.0287284,-0.00114649,0.00732793,0.0212149,-0.00271949,-0.0237771,-0.0526819,-0.00565422,-0.0393849,-0.0789763,-0.187289,0.0172153,0.00172554,0.021542,-0.0967026,0.0338076,-0.136475,-0.0179722,-0.0519664,-0.132809,0.0420007,-0.0114944,-0.0263262,-0.0280223,-0.140614,-0.0464971,-0.0273041,-0.0165148,0.0556139,-0.00766615,0.00364252,-0.0220477,-0.144979,-0.0493191,-0.00482403,-0.00637222,0.00659286,-0.0183478,0.0224921,-0.00521862,-0.0288347,-0.0388271,-0.00527846,0.00939485,-0.00123705,-0.0176267,0.00118503,0.00870822,-0.04188,-0.0324151,-0.0576163,-0.00604703,0.0151529,-0.0207748,0.0061755,0.0133584,0.00196712,-0.0344512,-0.0239713,0.00498934,-0.00971765,0.0149274,-0.0764764,-0.0069253,0.00871082,0.00821994
0.298995,0.0700429,-0.014995,0.0283477,-0.00191117,0.00800612,0.0211876,-0.00284395,-0.023744,-0.052625,-0.00549407,-0.0403653,-0.0795415,-0.185865,0.016872,0.00156369,0.0211633,-0.0972173,0.0328861,-0.135716,-0.0183558,-0.0505493,-0.129996,0.0425545,-0.00999594,-0.0244888,-0.0284277,-0.140076,-0.0468535,-0.0269097,-0.0161253,0.0566831,-0.00725376,0.00372901,-0.0228309,-0.1457,-0.0502384,-0.00415845,-0.00623327,0.00644637,-0.0192647,0.0223868,-0.00506435,-0.0268855,-0.0365381,-0.00518019,0.00949143,-0.0014442,-0.0187559,0.00116327,0.00901731,-0.0405287,-0.0316552,-0.0573541,-0.00646007,0.0164403,-0.0204046,0.00619038,0.0134856,0.00245733,-0.0339787,-0.0235587,0.00483049,-0.00968046,0.0147805,-0.0773681,-0.0045868,0.00763393,0.00871795
0.299995,0.0705278,-0.0144675,0.0279624,-0.00266859,0.00867469,0.0211533,-0.00296605,-0.023703,-0.0525496,-0.0053333,-0.0413239,-0.0800744,-0.184389,0.0165265,0.00140231,0.0207816,-0.0976936,0.0319622,-0.134918,-0.0187302,-0.0491282,-0.127164,0.0430902,-0.00850876,-0.0226595,-0.0288202,-0.139494,-0.0471914,-0.0265088,-0.0157325,0.0577238,-0.00684259,0.00381419,-0.0236,-0.146365,-0.0511325,-0.00349733,-0.00609415,0.00629949,-0.0201671,0.0222747,-0.00490941,-0.0249453,-0.0342577,-0.00508102,0.00958415,-0.00164859,-0.0198685,0.00114102,0.00932083,-0.0391765,-0.0308914,-0.0570759,-0.00686717,0.0177102,-0.0200306,0.00620343,0.0136067,0.00294195,-0.0334992,-0.0231413,0.00467121,-0.00964022,0.0146314,-0.0782238,-0.00226955,0.00656309,0.00920814
0.300995,0.0709842,-0.0139409,0.0275728,-0.00341854,0.00933349,0.0211122,-0.00308576,-0.0236539,-0.0524558,-0.00517196,-0.0422606,-0.0805752,-0.182862,0.0161789,0.00124145,0.020397,-0.0981317,0.0310363,-0.134083,-0.0190956,-0.0477036,-0.124314,0.0436076,-0.00703327,-0.0208389,-0.0291996,-0.138869,-0.047511,-0.0261017,-0.0153369,0.0587358,-0.00643278,0.00389803,-0.0243548,-0.146974,-0.0520013,-0.00284091,-0.00595491,0.00615226,-0.0210548,0.0221558,-0.00475387,-0.0230149,-0.0319867,-0.004981,0.009673,-0.00185015,-0.0209645,0.00111832,0.00961874,-0.0378239,-0.030124,-0.0567821,-0.00726826,0.0189625,-0.0196529,0.00621467,0.0137217,0.00342087,-0.0330131,-0.0227194,0.00451156,-0.00959698,0.0144802,-0.0790437,2.57548e-05,0.00549867,0.00969041
0.301995,0.0714123,-0.0134155,0.0271789,-0.00416083,0.00998239,0.0210642,-0.00320306,-0.0235971,-0.052344,-0.00501012,-0.0431753,-0.0810439,-0.181285,0.0158294,0.00108119,0.0200098,-0.0985318,0.0301088,-0.13321,-0.0194517,-0.0462761,-0.121449,0.0441068,-0.0055699,-0.0190275,-0.0295661,-0.138201,-0.0478124,-0.0256886,-0.0149384,0.0597189,-0.00602449,0.0039805,-0.0250952,-0.147526,-0.052845,-0.00218937,-0.00581561,0.00600476,-0.0219274,0.0220304,-0.0045978,-0.021095,-0.029726,-0.00488018,0.00975802,-0.00204886,-0.0220436,0.00109517,0.00991098,-0.0364715,-0.0293534,-0.0564729,-0.00766328,0.0201967,-0.0192718,0.0062241,0.0138305,0.00389395,-0.0325206,-0.0222932,0.0043516,-0.00955079,0.0143267,-0.0798279,0.00229844,0.00444105,0.0101647
0.302995,0.0718122,-0.0128913,0.0267811,-0.00489528,0.0106213,0.0210095,-0.00331792,-0.0235326,-0.0522143,-0.00484786,-0.044068,-0.0814809,-0.17966,0.0154781,0.000921589,0.0196202,-0.0988942,0.0291799,-0.132301,-0.0197987,-0.0448463,-0.118569,0.0445878,-0.0041191,-0.0172262,-0.0299195,-0.137491,-0.0480957,-0.0252699,-0.0145374,0.0606731,-0.00561785,0.00406158,-0.0258211,-0.148023,-0.0536634,-0.00154295,-0.00567629,0.00585705,-0.0227849,0.0218986,-0.00444126,-0.0191861,-0.0274763,-0.0047786,0.00983921,-0.00224466,-0.0231055,0.00107161,0.0101975,-0.0351197,-0.0285799,-0.0561487,-0.00805218,0.0214127,-0.0188874,0.00623175,0.0139334,0.00436106,-0.0320219,-0.0218628,0.00419139,-0.00950171,0.0141713,-0.0805763,0.00454784,0.00339058,0.0106308
0.303995,0.0721842,-0.0123687,0.0263794,-0.00562171,0.0112499,0.0209483,-0.00343032,-0.0234605,-0.0520671,-0.00468523,-0.0449387,-0.0818862,-0.177988,0.0151253,0.000762712,0.0192282,-0.0992191,0.02825,-0.131356,-0.0201364,-0.043415,-0.115675,0.0450507,-0.00268128,-0.0154353,-0.03026,-0.13674,-0.048361,-0.0248457,-0.0141339,0.0615983,-0.00521301,0.00414127,-0.0265324,-0.148464,-0.0544567,-0.000901839,-0.00553703,0.00570918,-0.023627,0.0217604,-0.00428432,-0.017289,-0.0252385,-0.0046763,0.00991659,-0.00243751,-0.0241501,0.00104766,0.0104783,-0.0337692,-0.0278039,-0.0558098,-0.00843489,0.0226101,-0.0185,0.00623765,0.0140301,0.00482209,-0.0315173,-0.0214285,0.00403099,-0.00944981,0.0140139,-0.0812891,0.00677332,0.00234764,0.0110887
0.304995,0.0725282,-0.0118476,0.0259741,-0.00633992,0.0118683,0.0208806,-0.00354025,-0.023381,-0.0519026,-0.00452232,-0.0457872,-0.0822601,-0.176269,0.014771,0.000604623,0.0188341,-0.0995068,0.0273196,-0.130377,-0.0204648,-0.0419826,-0.11277,0.0454954,-0.00125687,-0.0136557,-0.0305876,-0.135949,-0.0486084,-0.0244162,-0.0137283,0.0624943,-0.00481012,0.00421952,-0.0272289,-0.14885,-0.0552248,-0.000266248,-0.00539787,0.00556123,-0.0244536,0.0216161,-0.00412706,-0.0154042,-0.0230134,-0.00457334,0.00999019,-0.00262738,-0.0251771,0.00102332,0.0107532,-0.0324205,-0.0270258,-0.0554565,-0.00881136,0.0237888,-0.0181097,0.0062418,0.0141209,0.00527692,-0.0310072,-0.0209905,0.00387047,-0.00939514,0.0138545,-0.0819665,0.00897423,0.00131256,0.0115384
0.305995,0.0728445,-0.0113283,0.0255654,-0.00704975,0.0124763,0.0208065,-0.00364767,-0.023294,-0.051721,-0.00435919,-0.0466136,-0.0826029,-0.174506,0.0144155,0.000447386,0.0184382,-0.0997576,0.0263889,-0.129364,-0.0207839,-0.0405498,-0.109853,0.045922,0.000153729,-0.0118878,-0.0309022,-0.135119,-0.0488381,-0.0239818,-0.0133207,0.0633612,-0.0044093,0.00429633,-0.0279106,-0.149182,-0.0559679,0.000363624,-0.00525887,0.00541326,-0.0252645,0.0214657,-0.00396953,-0.0135324,-0.0208018,-0.00446975,0.01006,-0.00281423,-0.0261865,0.000998638,0.0110223,-0.0310741,-0.0262458,-0.0550891,-0.00918155,0.0249484,-0.0177168,0.00624424,0.0142056,0.00572544,-0.0304917,-0.0205491,0.00370989,-0.00933776,0.0136934,-0.0826085,0.01115,0.000285709,0.0119797
0.306995,0.0731332,-0.010811,0.0251534,-0.00775102,0.0130738,0.0207261,-0.00375258,-0.0231999,-0.0515228,-0.0041959,-0.0474178,-0.0829147,-0.172699,0.0140589,0.000291061,0.0180404,-0.0999718,0.0254582,-0.128317,-0.0210937,-0.0391172,-0.106928,0.0463305,0.00155011,-0.0101323,-0.0312039,-0.134249,-0.0490502,-0.0235426,-0.0129114,0.0641988,-0.0040107,0.00437167,-0.0285774,-0.149459,-0.056686,0.000987578,-0.00512008,0.00526532,-0.0260596,0.0213094,-0.00381181,-0.0116743,-0.0186043,-0.0043656,0.0101261,-0.00299802,-0.027178,0.000973622,0.0112855,-0.0297305,-0.0254644,-0.0547081,-0.00954541,0.0260888,-0.0173213,0.00624497,0.0142843,0.00616753,-0.0299711,-0.0201044,0.00354932,-0.00927773,0.0135305,-0.0832153,0.0132999,-0.000732574,0.0124125
0.307995,0.0733946,-0.0102958,0.0247384,-0.00844356,0.0136606,0.0206396,-0.00385496,-0.0230986,-0.051308,-0.00403252,-0.0481998,-0.0831958,-0.170849,0.0137013,0.000135712,0.0176411,-0.10015,0.024528,-0.127238,-0.0213942,-0.0376854,-0.103994,0.046721,0.00293188,-0.00838972,-0.0314927,-0.133342,-0.0492448,-0.0230989,-0.0125004,0.065007,-0.00361446,0.00444553,-0.0292292,-0.149684,-0.0573791,0.00160542,-0.00498156,0.00511747,-0.0268387,0.0211473,-0.00365396,-0.0098305,-0.016422,-0.00426091,0.0101885,-0.00317871,-0.0281514,0.000948295,0.0115428,-0.0283904,-0.0246819,-0.0543136,-0.00990287,0.0272097,-0.0169236,0.00624403,0.0143571,0.00660308,-0.0294458,-0.0196566,0.0033888,-0.00921512,0.013366,-0.083787,0.0154235,-0.00174195,0.0128369
0.308995,0.0736288,-0.00978289,0.0243206,-0.0091272,0.0142367,0.020547,-0.00395479,-0.0229904,-0.0510772,-0.00386912,-0.0489595,-0.0834465,-0.168959,0.0133429,-1.86017e-05,0.0172405,-0.100292,0.0235986,-0.126127,-0.0216854,-0.036255,-0.101054,0.0470936,0.00429865,-0.0066607,-0.0317687,-0.132398,-0.049422,-0.022651,-0.012088,0.065786,-0.00322071,0.00451788,-0.0298658,-0.149855,-0.0580473,0.00221696,-0.00484335,0.00496979,-0.0276017,0.0209796,-0.00349606,-0.00800153,-0.0142553,-0.00415575,0.0102472,-0.00335628,-0.0291066,0.000922679,0.0117941,-0.0270542,-0.0238986,-0.0539061,-0.0102539,0.0283109,-0.0165237,0.00624143,0.014424,0.00703199,-0.028916,-0.019206,0.0032284,-0.00914998,0.0131999,-0.0843239,0.0175201,-0.00274208,0.0132526
0.309995,0.0738359,-0.00927239,0.0239001,-0.0098018,0.0148019,0.0204485,-0.00405206,-0.0228753,-0.0508304,-0.00370578,-0.049697,-0.0836671,-0.167029,0.0129838,-0.000171819,0.0168386,-0.100398,0.0226703,-0.124985,-0.0219672,-0.0348266,-0.0981086,0.0474483,0.00565005,-0.00494578,-0.0320319,-0.131417,-0.049582,-0.022199,-0.0116744,0.0665356,-0.00282959,0.00458871,-0.0304873,-0.149973,-0.0586907,0.00282202,-0.00470551,0.00482233,-0.0283485,0.0208063,-0.00333817,-0.00618803,-0.0121052,-0.00405016,0.0103022,-0.00353068,-0.0300434,0.000896796,0.0120394,-0.0257224,-0.0231148,-0.0534859,-0.0105985,0.0293922,-0.016122,0.00623719,0.0144849,0.00745416,-0.0283819,-0.0187528,0.0030682,-0.00908238,0.0130323,-0.084826,0.0195893,-0.00373264,0.0136597
0.310995,0.0740163,-0.00876447,0.0234771,-0.0104672,0.0153562,0.0203442,-0.00414675,-0.0227535,-0.0505681,-0.00354255,-0.0504122,-0.0838577,-0.165061,0.0126243,-0.000323881,0.0164357,-0.100469,0.0217435,-0.123814,-0.0222396,-0.0334008,-0.0951593,0.0477851,0.0069857,-0.00324553,-0.0322823,-0.130401,-0.049725,-0.0217433,-0.0112598,0.0672558,-0.00244122,0.004658,-0.0310935,-0.15004,-0.0593094,0.0034204,-0.0045681,0.00467514,-0.0290788,0.0206278,-0.00318036,-0.00439058,-0.00997235,-0.00394417,0.0103535,-0.0037019,-0.0309617,0.000870667,0.0122787,-0.0243956,-0.022331,-0.0530533,-0.0109365,0.0304534,-0.0157185,0.00623135,0.01454,0.00786949,-0.0278439,-0.0182972,0.00290823,-0.00901238,0.0128633,-0.0852937,0.0216303,-0.00471329,0.0140581
0.311995,0.0741702,-0.00825929,0.0230519,-0.0111232,0.0158995,0.0202342,-0.00423885,-0.0226251,-0.0502906,-0.0033795,-0.0511052,-0.0840187,-0.163056,0.0122644,-0.00047473,0.016032,-0.100505,0.0208185,-0.122613,-0.0225027,-0.0319781,-0.0922075,0.0481042,0.00830524,-0.00156049,-0.0325199,-0.129351,-0.0498511,-0.021284,-0.0108444,0.0679467,-0.00205575,0.00472574,-0.0316843,-0.150055,-0.0599034,0.00401193,-0.00443115,0.00452829,-0.0297926,0.020444,-0.00302269,-0.00260976,-0.00785745,-0.00383785,0.0104013,-0.00386989,-0.0318614,0.000844312,0.0125119,-0.0230743,-0.0215474,-0.0526087,-0.011268,0.0314944,-0.0153135,0.00622391,0.0145893,0.0082779,-0.0273022,-0.0178395,0.00274858,-0.00894005,0.0126929,-0.0857272,0.0236428,-0.00568374,0.0144477
0.312995,0.0742977,-0.00775701,0.0226246,-0.0117697,0.0164316,0.0201187,-0.00432836,-0.0224902,-0.0499981,-0.0032167,-0.0517759,-0.0841504,-0.161014,0.0119044,-0.000624306,0.0156276,-0.100507,0.0198957,-0.121384,-0.0227565,-0.0305592,-0.0892543,0.0484056,0.00960832,0.0001088,-0.032745,-0.128267,-0.0499604,-0.0208215,-0.0104284,0.0686082,-0.0016733,0.0047919,-0.0322598,-0.150019,-0.0604729,0.00459644,-0.00429473,0.00438184,-0.0304898,0.0202551,-0.00286524,-0.000846143,-0.00576121,-0.00373124,0.0104455,-0.00403464,-0.0327422,0.000817754,0.012739,-0.0217589,-0.0207644,-0.0521524,-0.0115929,0.0325148,-0.0149072,0.0062149,0.0146328,0.00867928,-0.0267571,-0.0173797,0.00258929,-0.00886545,0.0125212,-0.0861266,0.0256263,-0.00664365,0.0148285
0.313995,0.0743991,-0.00725777,0.0221954,-0.0124065,0.0169526,0.0199977,-0.00441527,-0.0223491,-0.049691,-0.00305421,-0.0524244,-0.0842532,-0.158939,0.0115444,-0.000772555,0.0152228,-0.100474,0.0189753,-0.120128,-0.0230008,-0.0291446,-0.0863013,0.0486894,0.0108946,0.0017618,-0.0329574,-0.12715,-0.0500532,-0.0203559,-0.010012,0.0692404,-0.00129399,0.00485647,-0.0328199,-0.149933,-0.061018,0.00517375,-0.00415888,0.00423584,-0.0311702,0.0200613,-0.00270806,0.00089972,-0.00368435,-0.00362438,0.0104861,-0.00419612,-0.0336042,0.000791011,0.0129601,-0.02045,-0.0199823,-0.0516848,-0.0119112,0.0335146,-0.0144997,0.00620436,0.0146706,0.00907355,-0.0262088,-0.0169183,0.00243044,-0.00878864,0.0123483,-0.0864922,0.0275801,-0.00759273,0.0152005
0.314995,0.0744747,-0.00676172,0.0217645,-0.0130336,0.0174623,0.0198714,-0.00449955,-0.0222017,-0.0493695,-0.0028921,-0.0530507,-0.0843272,-0.15683,0.0111844,-0.000919419,0.0148176,-0.100408,0.0180578,-0.118844,-0.0232359,-0.0277349,-0.0833496,0.0489558,0.0121638,0.00339799,-0.0331573,-0.126001,-0.0501297,-0.0198875,-0.00959537,0.0698434,-0.000917946,0.00491944,-0.0333645,-0.149797,-0.0615388,0.0057437,-0.00402365,0.00409036,-0.0318339,0.0198628,-0.00255124,0.00262729,-0.00162754,-0.00351733,0.0105232,-0.0043543,-0.0344471,0.000764107,0.013175,-0.0191481,-0.0192015,-0.0512062,-0.0122228,0.0344936,-0.0140913,0.00619229,0.0147027,0.00946063,-0.0256577,-0.0164553,0.00227207,-0.00870969,0.0121744,-0.0868243,0.0295038,-0.00853068,0.0155634
0.315995,0.0745248,-0.00626901,0.0213321,-0.0136507,0.0179606,0.0197399,-0.00458122,-0.0220483,-0.0490341,-0.00273044,-0.0536549,-0.0843729,-0.154689,0.0108248,-0.00106484,0.0144123,-0.100309,0.0171434,-0.117536,-0.0234616,-0.0263307,-0.0804006,0.0492047,0.0134154,0.00501686,-0.0333447,-0.124821,-0.0501899,-0.0194165,-0.00917868,0.0704171,-0.000545298,0.00498079,-0.0338936,-0.149613,-0.0620354,0.00630612,-0.00388909,0.00394544,-0.0324806,0.0196596,-0.00239483,0.00433602,0.000408546,-0.00341012,0.0105568,-0.00450915,-0.0352708,0.000737059,0.0133838,-0.0178536,-0.0184222,-0.0507169,-0.0125277,0.0354517,-0.0136821,0.00617872,0.0147292,0.00984044,-0.0251041,-0.015991,0.00211424,-0.00862866,0.0119993,-0.0871231,0.031397,-0.00945719,0.0159175
0.316995,0.0745495,-0.00577978,0.0208984,-0.0142577,0.0184476,0.0196033,-0.00466026,-0.021889,-0.0486851,-0.00256929,-0.0542369,-0.0843906,-0.152518,0.0104656,-0.00120878,0.014007,-0.100176,0.0162325,-0.116202,-0.023678,-0.0249324,-0.0774555,0.0494364,0.0146493,0.00661791,-0.0335198,-0.123612,-0.0502341,-0.0189433,-0.00876216,0.0709617,-0.000176164,0.00504051,-0.0344071,-0.14938,-0.062508,0.00686086,-0.00375524,0.00380114,-0.0331102,0.0194519,-0.00223889,0.0060254,0.00242326,-0.0033028,0.0105869,-0.00466067,-0.0360753,0.00070989,0.0135864,-0.0165671,-0.0176448,-0.0502174,-0.0128259,0.0363886,-0.0132723,0.00616368,0.01475,0.0102129,-0.0245481,-0.0155256,0.00195703,-0.00854563,0.0118233,-0.0873889,0.0332593,-0.010372,0.0162625
0.317995,0.0745493,-0.00529419,0.0204636,-0.0148546,0.0189231,0.0194618,-0.00473667,-0.0217239,-0.0483227,-0.00240871,-0.0547969,-0.0843806,-0.150318,0.010107,-0.00135116,0.0136019,-0.100012,0.0153255,-0.114844,-0.0238851,-0.0235408,-0.0745157,0.0496509,0.0158652,0.00820066,-0.0336825,-0.122373,-0.0502624,-0.018468,-0.00834599,0.0714773,0.000189339,0.00509859,-0.034905,-0.149099,-0.0629567,0.00740776,-0.00362216,0.00365752,-0.0337229,0.01924,-0.00208351,0.00769492,0.00441595,-0.00319543,0.0106136,-0.00480882,-0.0368605,0.00068262,0.0137829,-0.015289,-0.0168697,-0.049708,-0.0131173,0.0373043,-0.0128622,0.00614719,0.0147654,0.010578,-0.0239901,-0.0150593,0.00180048,-0.00846065,0.0116464,-0.0876221,0.0350901,-0.0112748,0.0165985
0.318995,0.0745243,-0.00481236,0.0200278,-0.0154411,0.0193871,0.0193154,-0.00481045,-0.0215533,-0.0479474,-0.00224878,-0.0553349,-0.0843433,-0.148091,0.00974913,-0.00149195,0.0131972,-0.0998149,0.0144226,-0.113463,-0.024083,-0.0221562,-0.0715824,0.0498483,0.0170626,0.00976461,-0.0338329,-0.121105,-0.0502751,-0.0179908,-0.00793035,0.0719639,0.000551093,0.00515501,-0.0353873,-0.148772,-0.0633817,0.00794666,-0.00348988,0.00351463,-0.0343183,0.0190238,-0.00192873,0.00934408,0.00638599,-0.00308804,0.010637,-0.00495359,-0.0376263,0.000655267,0.0139731,-0.0140197,-0.0160971,-0.049189,-0.013402,0.0381987,-0.0124518,0.00612928,0.0147752,0.0109355,-0.0234303,-0.0145924,0.00164466,-0.0083738,0.0114687,-0.0878229,0.0368891,-0.0121653,0.0169254
0.319995,0.0744749,-0.00433444,0.0195913,-0.0160171,0.0198395,0.0191644,-0.00488159,-0.0213771,-0.0475594,-0.00208954,-0.0558509,-0.0842791,-0.145836,0.00939214,-0.00163109,0.0127931,-0.0995868,0.0135241,-0.11206,-0.0242716,-0.0207793,-0.0686568,0.0500288,0.0182414,0.0113093,-0.0339712,-0.119811,-0.0502723,-0.0175121,-0.00751545,0.0724216,0.000908985,0.00520975,-0.035854,-0.148398,-0.0637831,0.00847743,-0.00335845,0.00337253,-0.0348965,0.0188036,-0.00177463,0.0109724,0.00833277,-0.00298068,0.0106569,-0.00509497,-0.0383725,0.000627852,0.0141572,-0.0127598,-0.0153274,-0.0486608,-0.0136798,0.0390716,-0.0120414,0.00610997,0.0147797,0.0112855,-0.022869,-0.0141251,0.00148962,-0.00828513,0.0112902,-0.0879916,0.0386558,-0.0130433,0.0172433
0.320995,0.0744014,-0.00386057,0.0191542,-0.0165827,0.0202804,0.0190088,-0.00495009,-0.0211957,-0.0471592,-0.00193106,-0.056345,-0.0841883,-0.143557,0.00903617,-0.00176854,0.0123896,-0.0993277,0.0126305,-0.110636,-0.024451,-0.0194105,-0.0657403,0.0501925,0.0194012,0.0128343,-0.0340975,-0.11849,-0.0502543,-0.0170321,-0.00710145,0.0728506,0.0012629,0.00526282,-0.036305,-0.147979,-0.064161,0.00899993,-0.00322793,0.00323127,-0.0354575,0.0185796,-0.00162126,0.0125794,0.0102557,-0.00287341,0.0106736,-0.00523293,-0.0390991,0.000600395,0.0143351,-0.0115097,-0.0145608,-0.0481237,-0.0139508,0.0399229,-0.0116312,0.00608928,0.0147787,0.0116279,-0.0223065,-0.0136575,0.00133542,-0.00819472,0.011111,-0.0881286,0.04039,-0.0139085,0.017552
0.321995,0.0743042,-0.00339087,0.0187167,-0.0171375,0.0207095,0.0188488,-0.00501596,-0.0210091,-0.046747,-0.00177341,-0.0568173,-0.0840712,-0.141254,0.00868137,-0.00190423,0.0119871,-0.0990381,0.0117419,-0.109191,-0.0246212,-0.0180504,-0.0628339,0.0503395,0.0205418,0.0143391,-0.0342117,-0.117143,-0.0502213,-0.0165509,-0.00668856,0.073251,0.00161274,0.0053142,-0.0367404,-0.147515,-0.0645156,0.00951401,-0.00309834,0.0030909,-0.0360012,0.0183518,-0.0014687,0.0141646,0.0121542,-0.00276626,0.010687,-0.00536747,-0.0398062,0.000572914,0.0145068,-0.0102698,-0.0137978,-0.0475781,-0.014215,0.0407525,-0.0112214,0.00606724,0.0147725,0.0119627,-0.021743,-0.0131899,0.00118212,-0.00810264,0.0109313,-0.0882343,0.0420911,-0.0147607,0.0178515
0.322995,0.0741834,-0.00292549,0.018279,-0.0176816,0.0211271,0.0186845,-0.0050792,-0.0208174,-0.0463232,-0.00161665,-0.0572679,-0.0839284,-0.138929,0.00832789,-0.00203814,0.0115856,-0.0987185,0.0108587,-0.107726,-0.0247822,-0.0166996,-0.059939,0.05047,0.021663,0.0158234,-0.0343141,-0.115772,-0.0501734,-0.0160689,-0.00627695,0.073623,0.00195838,0.00536388,-0.0371602,-0.147007,-0.0648472,0.0100195,-0.00296973,0.00295146,-0.0365275,0.0181205,-0.001317,0.0157276,0.0140276,-0.00265927,0.0106971,-0.00549856,-0.0404935,0.00054543,0.0146723,-0.00904057,-0.0130385,-0.0470244,-0.0144724,0.0415604,-0.0108121,0.00604388,0.0147611,0.0122897,-0.0211788,-0.0127225,0.00102977,-0.00800894,0.010751,-0.0883089,0.043759,-0.0155996,0.0181419
0.323995,0.0740395,-0.00246455,0.0178413,-0.0182148,0.0215328,0.0185161,-0.00513981,-0.0206209,-0.0458881,-0.00146083,-0.0576969,-0.0837602,-0.136583,0.00797586,-0.0021702,0.0111853,-0.0983694,0.00998129,-0.106243,-0.0249342,-0.0153584,-0.0570568,0.0505841,0.0227644,0.0172866,-0.0344047,-0.114377,-0.0501109,-0.0155863,-0.0058668,0.0739667,0.00229973,0.00541184,-0.0375643,-0.146456,-0.0651559,0.0105164,-0.00284214,0.00281302,-0.0370364,0.0178857,-0.00116624,0.017268,0.0158755,-0.0025525,0.010704,-0.00562621,-0.041161,0.000517959,0.0148317,-0.00782244,-0.0122833,-0.0464628,-0.0147228,0.0423464,-0.0104035,0.00601922,0.0147444,0.0126089,-0.0206142,-0.0122556,0.000878428,-0.0079137,0.0105703,-0.0883529,0.0453932,-0.0164249,0.0184232
0.324995,0.0738729,-0.00200818,0.0174038,-0.0187371,0.0219269,0.0183436,-0.00519779,-0.0204197,-0.0454422,-0.00130602,-0.0581044,-0.083567,-0.134218,0.00762543,-0.00230038,0.0107864,-0.0979914,0.00910987,-0.104742,-0.0250771,-0.0140275,-0.0541884,0.050682,0.0238458,0.0187284,-0.0344837,-0.11296,-0.050034,-0.0151032,-0.0054583,0.0742822,0.00263669,0.00545809,-0.0379528,-0.145862,-0.0654418,0.0110045,-0.00271562,0.00267562,-0.0375279,0.0176477,-0.00101645,0.0187852,0.0176973,-0.00244599,0.0107078,-0.00575039,-0.0418088,0.000490522,0.0149848,-0.00661581,-0.0115325,-0.0458939,-0.0149664,0.0431105,-0.00999581,0.00599329,0.0147227,0.0129203,-0.0200494,-0.0117892,0.000728152,-0.00781698,0.0103891,-0.0883666,0.0469934,-0.0172365,0.0186953
0.325995,0.0736838,-0.0015565,0.0169665,-0.0192483,0.0223092,0.0181672,-0.00525316,-0.0202139,-0.0449857,-0.00115227,-0.0584904,-0.0833491,-0.131834,0.00727673,-0.00242863,0.010389,-0.097585,0.00824477,-0.103224,-0.0252109,-0.0127072,-0.051335,0.0507637,0.0249071,0.0201484,-0.034551,-0.111521,-0.0499429,-0.0146201,-0.00505162,0.0745698,0.00296914,0.00550261,-0.0383257,-0.145227,-0.0657053,0.0114836,-0.0025902,0.00253931,-0.038002,0.0174066,-0.000867724,0.020279,0.0194925,-0.00233978,0.0107084,-0.00587111,-0.0424368,0.000463135,0.0151318,-0.00542111,-0.0107864,-0.0453178,-0.0152031,0.0438526,-0.00958919,0.00596611,0.014696,0.0132239,-0.0194847,-0.0113237,0.000578996,-0.00771886,0.0102077,-0.0883504,0.0485594,-0.0180341,0.0189582
0.326995,0.0734726,-0.00110964,0.0165298,-0.0197484,0.0226798,0.0179871,-0.00530591,-0.0200037,-0.0445191,-0.000999645,-0.0588551,-0.0831071,-0.129433,0.0069299,-0.0025549,0.00999325,-0.0971506,0.00738628,-0.10169,-0.0253358,-0.0113982,-0.0484977,0.0508296,0.0259479,0.0215462,-0.034607,-0.110061,-0.0498378,-0.014137,-0.00464693,0.0748296,0.003297,0.0055454,-0.0386831,-0.14455,-0.0659464,0.0119537,-0.00246592,0.00240413,-0.0384586,0.0171626,-0.000720102,0.0217489,0.0212605,-0.00223392,0.010706,-0.00598836,-0.0430449,0.000435818,0.0152725,-0.00423874,-0.0100453,-0.0447351,-0.0154329,0.0445727,-0.00918382,0.0059377,0.0146643,0.0135195,-0.0189203,-0.0108592,0.000431011,-0.00761939,0.010026,-0.0883047,0.0500908,-0.0188175,0.0192119
0.327995,0.0732397,-0.000667717,0.0160938,-0.0202372,0.0230386,0.0178033,-0.00535606,-0.0197893,-0.0440426,-0.0008482,-0.0591986,-0.0828413,-0.127017,0.00658508,-0.00267917,0.00959938,-0.0966889,0.0065347,-0.100141,-0.0254518,-0.0101008,-0.0456777,0.0508797,0.0269682,0.0229214,-0.0346516,-0.108582,-0.049719,-0.0136542,-0.00424442,0.0750619,0.00362018,0.00558645,-0.0390249,-0.143834,-0.0661654,0.0124147,-0.00234283,0.00227013,-0.0388978,0.0169157,-0.000573649,0.0231945,0.0230009,-0.00212845,0.0107005,-0.00610213,-0.0436331,0.000408588,0.0154072,-0.00306909,-0.00930938,-0.0441459,-0.0156557,0.0452708,-0.00877987,0.0059081,0.0146277,0.0138073,-0.0183565,-0.0103959,0.000284252,-0.00751864,0.00984413,-0.0882299,0.0515874,-0.0195865,0.0194564
0.328995,0.0729855,-0.00023085,0.0156587,-0.0207147,0.0233856,0.0176161,-0.00540361,-0.0195707,-0.0435567,-0.00069799,-0.059521,-0.0825522,-0.124586,0.00624239,-0.00280138,0.00920749,-0.0962005,0.00569031,-0.0985782,-0.0255589,-0.00881548,-0.0428761,0.0509142,0.0279676,0.0242736,-0.0346849,-0.107083,-0.0495867,-0.0131719,-0.00384426,0.0752669,0.00393858,0.00562576,-0.0393511,-0.143078,-0.0663625,0.0128664,-0.00222095,0.00213736,-0.0393196,0.0166662,-0.000428423,0.0246155,0.0247132,-0.00202341,0.010692,-0.00621242,-0.0442015,0.000381461,0.0155356,-0.00191253,-0.00857903,-0.0435508,-0.0158717,0.0459467,-0.00837752,0.00587734,0.0145863,0.014087,-0.0177936,-0.00993409,0.000138771,-0.00741669,0.00966216,-0.0881265,0.053049,-0.0203409,0.0196918
0.329995,0.0727103,0.000200847,0.0152246,-0.0211809,0.0237208,0.0174254,-0.00544858,-0.0193482,-0.0430617,-0.000549071,-0.0598225,-0.0822402,-0.122143,0.00590196,-0.0029215,0.00881774,-0.0956858,0.0048534,-0.0970017,-0.0256572,-0.00754276,-0.0400941,0.0509333,0.028946,0.0256026,-0.0347072,-0.105567,-0.0494412,-0.0126904,-0.00344661,0.0754447,0.00425211,0.00566331,-0.039662,-0.142284,-0.0665379,0.0133088,-0.00210032,0.00200585,-0.039724,0.0164143,-0.000284481,0.0260115,0.026397,-0.00191884,0.0106805,-0.00631922,-0.04475,0.000354456,0.015658,-0.000769461,-0.0078545,-0.0429499,-0.0160807,0.0466005,-0.00797693,0.00584543,0.0145402,0.0143588,-0.0172318,-0.00947391,-5.38026e-06,-0.0073136,0.00948016,-0.0879948,0.0544753,-0.0210805,0.019918
0.330995,0.0724145,0.000627262,0.0147916,-0.0216356,0.0240442,0.0172316,-0.00549098,-0.019122,-0.042558,-0.000401498,-0.0601032,-0.0819057,-0.119689,0.00556393,-0.00303949,0.00843027,-0.0951454,0.00402424,-0.0954128,-0.0257468,-0.00628305,-0.0373326,0.0509371,0.0299033,0.026908,-0.0347186,-0.104034,-0.0492826,-0.0122099,-0.00305163,0.0755956,0.00456068,0.00569912,-0.0399574,-0.141453,-0.0666918,0.0137418,-0.00198098,0.00187566,-0.040111,0.01616,-0.00014188,0.0273822,0.0280517,-0.00181479,0.0106662,-0.00642254,-0.0452787,0.000327589,0.0157742,0.000359766,-0.00713605,-0.0423438,-0.0162828,0.0472322,-0.00757828,0.0058124,0.0144894,0.0146226,-0.0166713,-0.00901556,-0.000148152,-0.00720943,0.00929819,-0.0878353,0.0558661,-0.0218052,0.0201351
0.331995,0.0720985,0.00104828,0.0143601,-0.0220788,0.0243559,0.0170347,-0.00553081,-0.0188921,-0.0420459,-0.000255325,-0.0603633,-0.0815493,-0.117224,0.00522842,-0.00315532,0.00804524,-0.09458,0.0032031,-0.0938124,-0.0258277,-0.00503678,-0.0345927,0.0509259,0.0308392,0.0281895,-0.0347191,-0.102485,-0.0491112,-0.0117306,-0.00265951,0.07572,0.00486422,0.00573316,-0.0402374,-0.140584,-0.0668245,0.0141653,-0.00186296,0.00174683,-0.0404806,0.0159035,-6.74744e-07,0.0287273,0.0296771,-0.00171131,0.0106489,-0.00652238,-0.0457874,0.000300875,0.0158843,0.00147479,-0.00642394,-0.0417327,-0.016478,0.0478417,-0.00718172,0.00577829,0.0144341,0.0148783,-0.0161124,-0.00855925,-0.000289493,-0.00710424,0.00911632,-0.0876485,0.0572213,-0.0225147,0.020343
0.332995,0.0717628,0.00146381,0.0139301,-0.0225105,0.0246559,0.0168348,-0.0055681,-0.0186587,-0.0415259,-0.000110603,-0.0606028,-0.0811713,-0.11475,0.00489555,-0.00326895,0.00766279,-0.0939901,0.00239026,-0.0922014,-0.0258999,-0.00380438,-0.0318756,0.0508999,0.0317536,0.0294467,-0.0347089,-0.10092,-0.0489272,-0.0112528,-0.00227039,0.0758179,0.00516264,0.00576545,-0.0405021,-0.13968,-0.0669362,0.0145791,-0.00174629,0.00161939,-0.0408329,0.015645,0.00013908,0.0300464,0.0312726,-0.00160842,0.0106289,-0.00661874,-0.0462764,0.000274332,0.0159884,0.00257527,-0.00571844,-0.041117,-0.0166663,0.0484291,-0.00678743,0.00574311,0.0143743,0.015126,-0.0155554,-0.00810517,-0.000429356,-0.00699812,0.00893462,-0.0874348,0.0585406,-0.0232088,0.0205419
0.333995,0.0714076,0.00187373,0.0135018,-0.0229305,0.0249441,0.0166321,-0.00560286,-0.018422,-0.0409981,3.2616e-05,-0.0608219,-0.0807722,-0.112269,0.00456545,-0.00338034,0.00728305,-0.0933763,0.00158597,-0.0905806,-0.0259636,-0.00258627,-0.0291822,0.0508592,0.0326463,0.0306793,-0.0346881,-0.0993421,-0.0487309,-0.0107766,-0.00188444,0.0758897,0.00545586,0.00579597,-0.0407516,-0.138741,-0.0670272,0.0149832,-0.00163101,0.00149339,-0.0411679,0.0153846,0.00027733,0.0313393,0.0328379,-0.00150617,0.0106061,-0.00671162,-0.0467455,0.000247975,0.0160865,0.00366086,-0.0050198,-0.040497,-0.0168477,0.0489944,-0.00639556,0.00570689,0.0143101,0.0153656,-0.0150004,-0.0076535,-0.000567692,-0.00689112,0.00875315,-0.0871946,0.0598239,-0.0238876,0.0207316
0.334994,0.0710335,0.00227794,0.0130753,-0.0233389,0.0252207,0.0164268,-0.0056351,-0.0181822,-0.0404632,0.000174281,-0.0610209,-0.0803524,-0.109781,0.00423824,-0.00348947,0.00690617,-0.0927392,0.000790492,-0.0889509,-0.0260189,-0.00138285,-0.0265135,0.050804,0.0335173,0.0318872,-0.0346569,-0.0977507,-0.0485226,-0.0103022,-0.00150181,0.0759357,0.00574381,0.00582473,-0.0409859,-0.137768,-0.0670976,0.0153776,-0.00151715,0.00136886,-0.0414856,0.0151225,0.000414023,0.0326056,0.0343727,-0.0014046,0.0105805,-0.00680103,-0.0471949,0.000221819,0.0161785,0.00473124,-0.00432826,-0.0398731,-0.0170222,0.0495376,-0.00600628,0.00566967,0.0142416,0.0155972,-0.0144477,-0.00720445,-0.000704453,-0.0067833,0.00857199,-0.0869285,0.061071,-0.0245507,0.0209124
0.335994,0.0706408,0.00267635,0.0126509,-0.0237355,0.0254855,0.0162188,-0.00566485,-0.0179393,-0.0399213,0.000314343,-0.0611998,-0.0799125,-0.107289,0.00391403,-0.00359631,0.00653227,-0.0920794,4.07887e-06,-0.0873133,-0.0260657,-0.00019451,-0.0238704,0.0507345,0.0343664,0.0330699,-0.0346155,-0.0961471,-0.0483025,-0.00982996,-0.00112265,0.0759562,0.00602643,0.00585173,-0.0412052,-0.136762,-0.0671478,0.0157622,-0.00140474,0.00124585,-0.0417862,0.0148589,0.000549108,0.0338451,0.0358765,-0.00130376,0.0105523,-0.00688698,-0.0476245,0.000195878,0.0162645,0.00578609,-0.00364408,-0.0392455,-0.0171898,0.0500587,-0.00561973,0.00563147,0.0141688,0.0158207,-0.0138976,-0.00675818,-0.000839593,-0.00667473,0.00839118,-0.0866368,0.0622819,-0.025198,0.0210841
0.336994,0.0702299,0.00306887,0.0122287,-0.0241204,0.0257387,0.0160085,-0.00569212,-0.0176936,-0.0393729,0.000452753,-0.0613589,-0.0794529,-0.104793,0.00359293,-0.00370081,0.0061615,-0.0913975,-0.000773024,-0.0856686,-0.0261043,0.000978366,-0.0212541,0.0506509,0.0351934,0.0342273,-0.0345639,-0.0945323,-0.0480708,-0.00935997,-0.000747129,0.0759514,0.00630363,0.00587697,-0.0414094,-0.135724,-0.0671779,0.0161368,-0.0012938,0.00112438,-0.0420697,0.0145938,0.000682535,0.0350576,0.037349,-0.00120367,0.0105214,-0.00696947,-0.0480345,0.000170169,0.0163446,0.0068251,-0.00296749,-0.0386148,-0.0173505,0.0505577,-0.00523608,0.00559231,0.0140919,0.0160361,-0.0133502,-0.0063149,-0.000973067,-0.00656548,0.0082108,-0.0863202,0.0634564,-0.0258294,0.0212468
0.337994,0.0698013,0.00345539,0.0118087,-0.0244936,0.0259803,0.0157959,-0.00571693,-0.0174453,-0.0388183,0.000589464,-0.0614983,-0.0789741,-0.102295,0.00327507,-0.00380297,0.00579398,-0.0906941,-0.00154057,-0.0840176,-0.0261346,0.0021354,-0.0186654,0.0505535,0.0359983,0.0353592,-0.0345023,-0.0929073,-0.0478278,-0.00889247,-0.000375381,0.0759216,0.00657535,0.00590045,-0.0415987,-0.134654,-0.0671883,0.0165016,-0.00118437,0.0010045,-0.0423361,0.0143275,0.000814255,0.0362427,0.03879,-0.00110438,0.0104879,-0.00704852,-0.0484248,0.000144704,0.0164188,0.00784798,-0.00229872,-0.0379811,-0.0175044,0.0510348,-0.00485547,0.00555222,0.014011,0.0162434,-0.0128058,-0.00587478,-0.00110483,-0.00645561,0.00803091,-0.085979,0.0645945,-0.0264449,0.0214005
0.338994,0.0693554,0.00383583,0.0113913,-0.0248549,0.0262104,0.0155812,-0.00573929,-0.0171944,-0.0382579,0.00072443,-0.0616181,-0.0784765,-0.0997956,0.00296054,-0.00390275,0.00542985,-0.0899699,-0.00229834,-0.0823613,-0.0261567,0.00327625,-0.0161051,0.0504424,0.036781,0.0364652,-0.0344309,-0.0912728,-0.0475738,-0.00842766,-7.55479e-06,0.0758672,0.00684154,0.00592216,-0.0417731,-0.133554,-0.0671792,0.0168563,-0.00107647,0.000886236,-0.0425855,0.01406,0.000944219,0.0374004,0.040199,-0.00100592,0.0104519,-0.00712413,-0.0487956,0.000119499,0.016487,0.00885443,-0.001638,-0.0373449,-0.0176514,0.0514899,-0.00447806,0.00551123,0.0139261,0.0164427,-0.0122647,-0.005438,-0.00123484,-0.00634519,0.00785158,-0.0856137,0.065696,-0.0270442,0.0215454
0.339994,0.0688926,0.0042101,0.0109765,-0.0252044,0.026429,0.0153644,-0.00575924,-0.0169411,-0.037692,0.000857606,-0.0617187,-0.0779607,-0.0972965,0.00264946,-0.00400012,0.00506921,-0.0892254,-0.00304609,-0.0807004,-0.0261708,0.00440054,-0.0135743,0.0503179,0.0375414,0.0375452,-0.0343498,-0.08963,-0.0473089,-0.00796574,0.000356208,0.0757886,0.00710212,0.00594212,-0.0419329,-0.132424,-0.0671509,0.0172009,-0.000970126,0.000769624,-0.0428181,0.0137916,0.00107238,0.0385303,0.0415759,-0.000908341,0.0104134,-0.00719632,-0.0491469,9.45649e-05,0.0165495,0.00984419,-0.000985546,-0.0367064,-0.0177916,0.0519232,-0.00410398,0.00546937,0.0138373,0.0166339,-0.0117269,-0.00500472,-0.00136305,-0.00623426,0.00767285,-0.085225,0.066761,-0.0276272,0.0216814
0.340994,0.0684134,0.00457812,0.0105645,-0.0255421,0.0266361,0.0151458,-0.0057768,-0.0166856,-0.0371211,0.000988948,-0.0618002,-0.0774271,-0.0947987,0.00234193,-0.00409506,0.0047122,-0.0884613,-0.0037836,-0.0790359,-0.0261769,0.00550795,-0.0110738,0.0501802,0.0382794,0.038599,-0.0342592,-0.0879797,-0.0470335,-0.00750691,0.000715768,0.0756859,0.00735705,0.00596033,-0.042078,-0.131266,-0.0671036,0.0175355,-0.000865365,0.000654695,-0.0430339,0.0135224,0.00119869,0.0396323,0.0429204,-0.000811665,0.0103724,-0.0072651,-0.0494788,6.99164e-05,0.0166061,0.010817,-0.000341577,-0.036066,-0.017925,0.0523347,-0.00373338,0.00542666,0.0137448,0.0168171,-0.0111928,-0.00457514,-0.00148943,-0.00612291,0.0074948,-0.0848132,0.0677893,-0.028194,0.0218087
0.341994,0.0679183,0.00493981,0.0101554,-0.0258678,0.0268317,0.0149254,-0.00579198,-0.016428,-0.0365455,0.00111841,-0.0618628,-0.0768762,-0.0923037,0.00203805,-0.00418756,0.00435894,-0.0876782,-0.00451065,-0.0773686,-0.0261751,0.00659814,-0.00860439,0.0500295,0.038995,0.0396264,-0.0341593,-0.0863227,-0.0467479,-0.00705136,0.00107099,0.0755596,0.00760628,0.00597679,-0.0422086,-0.13008,-0.0670377,0.0178599,-0.000762211,0.00054148,-0.043233,0.0132524,0.00132312,0.0407063,0.0442321,-0.000715934,0.0103291,-0.00733049,-0.0497914,4.55658e-05,0.016657,0.0117726,0.0002937,-0.035424,-0.0180517,0.0527244,-0.0033664,0.00538313,0.0136486,0.0169922,-0.0106626,-0.0041494,-0.00161393,-0.00601119,0.00731748,-0.0843789,0.0687811,-0.0287443,0.0219271
0.342994,0.0674075,0.00529509,0.00974932,-0.0261818,0.0270161,0.0147035,-0.00580481,-0.0161686,-0.0359654,0.00124596,-0.0619066,-0.0763085,-0.0898125,0.00173792,-0.00427758,0.00400954,-0.0868768,-0.00522703,-0.0756994,-0.0261655,0.00767081,-0.00616695,0.049866,0.0396881,0.0406272,-0.0340501,-0.0846601,-0.0464522,-0.00659929,0.00142174,0.0754101,0.00784973,0.00599151,-0.0423247,-0.128867,-0.0669533,0.0181741,-0.000660685,0.000430009,-0.0434154,0.012982,0.0014456,0.0417519,0.045511,-0.000621182,0.0102834,-0.0073925,-0.0500847,2.15254e-05,0.0167022,0.0127107,0.000920084,-0.0347807,-0.0181716,0.0530926,-0.00300317,0.00533881,0.0135488,0.0171593,-0.0101365,-0.00372769,-0.00173651,-0.00589916,0.00714096,-0.0839226,0.0697361,-0.0292781,0.0220369
0.343994,0.0668816,0.00564388,0.00934648,-0.0264838,0.0271892,0.01448,-0.00581533,-0.0159073,-0.0353814,0.00137155,-0.061932,-0.0757245,-0.0873263,0.00144164,-0.00436511,0.00366411,-0.0860576,-0.00593254,-0.074029,-0.0261482,0.00872564,-0.00376226,0.04969,0.0403586,0.0416012,-0.033932,-0.0829928,-0.0461468,-0.00615087,0.0017679,0.0752376,0.00808739,0.00600448,-0.0424266,-0.127629,-0.0668508,0.0184781,-0.00056081,0.000320309,-0.0435815,0.0127111,0.00156611,0.0427692,0.0467567,-0.000527442,0.0102354,-0.00745114,-0.050359,-2.1931e-06,0.0167417,0.0136311,0.00153738,-0.0341365,-0.0182847,0.0534392,-0.00264384,0.00529372,0.0134456,0.0173185,-0.00961456,-0.00331015,-0.00185714,-0.00578689,0.00696528,-0.0834449,0.0706546,-0.0297953,0.0221381
0.344994,0.0663411,0.00598612,0.00894697,-0.026774,0.027351,0.0142552,-0.00582354,-0.0156445,-0.0347937,0.00149514,-0.0619391,-0.0751247,-0.0848464,0.0011493,-0.00445014,0.00332276,-0.0852213,-0.00662697,-0.0723583,-0.0261234,0.00976235,-0.00139111,0.0495016,0.0410066,0.0425484,-0.0338049,-0.0813216,-0.0458319,-0.00570629,0.00210932,0.0750426,0.00831919,0.00601573,-0.0425143,-0.126366,-0.0667305,0.018772,-0.000462607,0.000212407,-0.0437311,0.0124401,0.00168461,0.0437578,0.0479691,-0.000434749,0.0101852,-0.00750645,-0.0506142,-2.55781e-05,0.0167756,0.0145336,0.00214539,-0.0334916,-0.0183912,0.0537644,-0.00228853,0.00524789,0.0133389,0.0174697,-0.00909712,-0.00289696,-0.00197577,-0.00567442,0.00679051,-0.0829462,0.0715365,-0.0302959,0.0222306
0.345994,0.0657864,0.00632174,0.00855094,-0.0270523,0.0275018,0.0140291,-0.00582949,-0.0153803,-0.0342027,0.0016167,-0.0619281,-0.0745096,-0.082374,0.000860989,-0.00453264,0.00298561,-0.0843686,-0.00731015,-0.0706881,-0.026091,0.0107806,0.000945755,0.0493012,0.041632,0.0434686,-0.0336692,-0.0796474,-0.0455078,-0.00526573,0.0024459,0.0748253,0.00854509,0.00602525,-0.042588,-0.125079,-0.0665927,0.0190555,-0.000366096,0.00010633,-0.0438646,0.0121689,0.00180104,0.0447179,0.049148,-0.000343135,0.0101327,-0.00755844,-0.0508505,-4.86187e-05,0.0168039,0.0154179,0.00274395,-0.0328465,-0.018491,0.0540683,-0.00193736,0.00520136,0.013229,0.0176129,-0.00858435,-0.00248826,-0.00209238,-0.00556183,0.00661671,-0.0824271,0.0723818,-0.0307798,0.0223147
0.346994,0.0652179,0.00665066,0.0081585,-0.0273187,0.0276414,0.013802,-0.00583319,-0.0151147,-0.0336088,0.00173618,-0.0618993,-0.0738796,-0.0799101,0.0005768,-0.00461261,0.00265275,-0.0835,-0.00798186,-0.0690193,-0.0260512,0.0117803,0.00324761,0.0490889,0.0422349,0.0443616,-0.0335249,-0.0779712,-0.0451748,-0.00482936,0.00277752,0.0745863,0.00876506,0.00603305,-0.0426477,-0.123769,-0.0664376,0.0193288,-0.000271294,2.10253e-06,-0.0439819,0.0118977,0.00191539,0.0456491,0.0502933,-0.000252631,0.0100781,-0.00760713,-0.051068,-7.13042e-05,0.0168267,0.016284,0.00333286,-0.0322013,-0.0185842,0.0543511,-0.00159047,0.00515413,0.0131159,0.0177483,-0.00807643,-0.00208421,-0.00220692,-0.00544917,0.00644391,-0.0818881,0.0731906,-0.031247,0.0223903
0.347994,0.0646361,0.00697284,0.0077698,-0.0275733,0.0277701,0.0135739,-0.00583469,-0.014848,-0.0330122,0.00185356,-0.0618529,-0.0732354,-0.0774559,0.000296817,-0.00469002,0.00232428,-0.0826163,-0.00864195,-0.0673525,-0.0260041,0.012761,0.00551376,0.048865,0.0428151,0.0452274,-0.0333723,-0.0762937,-0.0448331,-0.00439736,0.00310406,0.0743259,0.00897907,0.00603915,-0.0426937,-0.122437,-0.0662655,0.0195919,-0.00017822,-0.000100253,-0.0440833,0.0116267,0.0020276,0.0465515,0.0514047,-0.00016327,0.0100215,-0.00765254,-0.0512669,-9.36243e-05,0.016844,0.0171315,0.00391197,-0.0315564,-0.0186708,0.0546128,-0.00124797,0.00510625,0.0129997,0.0178758,-0.00757354,-0.00168495,-0.00231937,-0.0053365,0.00627219,-0.0813298,0.0739631,-0.0316974,0.0224576
0.348994,0.0640414,0.0072882,0.00738494,-0.027816,0.0278879,0.0133449,-0.005834,-0.0145803,-0.0324134,0.0019688,-0.0617891,-0.0725772,-0.0750125,2.11198e-05,-0.00476487,0.00200031,-0.081718,-0.00929023,-0.0656887,-0.0259499,0.0137225,0.00774351,0.0486298,0.0433728,0.0460659,-0.0332115,-0.0746159,-0.0444829,-0.00396989,0.0034254,0.0740444,0.00918708,0.00604355,-0.0427261,-0.121084,-0.0660768,0.0198447,-8.68895e-05,-0.000200713,-0.0441688,0.011356,0.00213765,0.047425,0.0524822,-7.50811e-05,0.00996273,-0.0076947,-0.0514472,-0.000115569,0.016856,0.0179603,0.0044811,-0.0309121,-0.0187509,0.0548536,-0.000909983,0.00505774,0.0128805,0.0179955,-0.00707586,-0.00129063,-0.00242969,-0.00522387,0.0061016,-0.0807527,0.0746993,-0.032131,0.0225166
0.349994,0.0634344,0.0075967,0.00700406,-0.028047,0.0279949,0.0131153,-0.00583115,-0.0143117,-0.0318126,0.00208187,-0.0617082,-0.0719058,-0.0725811,-0.000250211,-0.00483715,0.00168092,-0.0808058,-0.00992655,-0.0640286,-0.0258885,0.0146646,0.00993623,0.0483834,0.0439078,0.046877,-0.0330426,-0.0729386,-0.0441246,-0.00354711,0.00374144,0.0737423,0.00938905,0.00604626,-0.0427449,-0.119711,-0.0658718,0.0200872,2.68127e-06,-0.000299258,-0.0442387,0.0110857,0.0022455,0.0482694,0.0535258,1.19059e-05,0.00990201,-0.00773364,-0.0516092,-0.00013713,0.0168625,0.0187702,0.0050401,-0.0302687,-0.0188244,0.0550736,-0.000576617,0.00500863,0.0127584,0.0181074,-0.00658358,-0.000901391,-0.00253785,-0.00511134,0.00593217,-0.0801574,0.0753993,-0.0325477,0.0225673
0.350994,0.0628154,0.00789829,0.00662727,-0.0282662,0.0280912,0.012885,-0.00582619,-0.0140424,-0.0312103,0.00219273,-0.0616104,-0.0712216,-0.0701627,-0.0005171,-0.00490684,0.00136621,-0.0798804,-0.0105507,-0.0623729,-0.0258202,0.015587,0.0120913,0.0481262,0.0444204,0.0476607,-0.032866,-0.0712626,-0.0437584,-0.00312919,0.00405208,0.0734199,0.00958498,0.00604729,-0.0427505,-0.118319,-0.0656506,0.0203195,9.04781e-05,-0.000395868,-0.044293,0.010816,0.00235112,0.0490848,0.0545352,9.76625e-05,0.00983936,-0.00776937,-0.0517529,-0.000158297,0.0168638,0.0195611,0.00558883,-0.0296265,-0.0188915,0.055273,-0.000247985,0.00495893,0.0126335,0.0182116,-0.00609686,-0.000517368,-0.00264383,-0.00499897,0.00576398,-0.0795443,0.0760632,-0.0329477,0.0226099
0.351994,0.062185,0.00819291,0.00625469,-0.0284737,0.0281769,0.0126543,-0.00581914,-0.0137726,-0.0306067,0.00230135,-0.0614959,-0.070525,-0.0677583,-0.000779474,-0.00497394,0.00105626,-0.0789423,-0.0111626,-0.0607224,-0.0257451,0.0164897,0.0142081,0.0478583,0.0449105,0.0484168,-0.0326817,-0.0695888,-0.0433846,-0.00271628,0.00435722,0.0730778,0.00977483,0.00604666,-0.0427428,-0.116909,-0.0654138,0.0205415,0.000176488,-0.000490524,-0.044332,0.010547,0.00245448,0.0498711,0.0555104,0.000182161,0.00977481,-0.00780192,-0.0518785,-0.000179063,0.0168599,0.0203328,0.00612713,-0.0289857,-0.0189521,0.055452,7.58046e-05,0.00490869,0.0125059,0.0183081,-0.00561587,-0.000138693,-0.00274758,-0.00488682,0.00559705,-0.0789141,0.0766912,-0.0333308,0.0226445
0.352994,0.0615435,0.00848051,0.00588642,-0.0286694,0.0282521,0.0124232,-0.00581004,-0.0135024,-0.0300022,0.00240772,-0.061365,-0.0698166,-0.0653691,-0.00103726,-0.00503844,0.000751162,-0.0779922,-0.0117621,-0.0590779,-0.0256632,0.0173722,0.016286,0.0475801,0.0453781,0.0491454,-0.03249,-0.067918,-0.0430035,-0.00230853,0.00465676,0.0727162,0.00995858,0.00604437,-0.0427222,-0.115481,-0.0651615,0.0207532,0.000260698,-0.000583209,-0.0443558,0.0102788,0.00255555,0.0506283,0.0564514,0.000265374,0.00970842,-0.00783133,-0.0519862,-0.000199418,0.0168508,0.0210853,0.00665487,-0.0283467,-0.0190064,0.0556106,0.00039465,0.00485792,0.0123758,0.018397,-0.00514078,0.000234504,-0.00284909,-0.00477493,0.00543145,-0.0782673,0.0772835,-0.033697,0.0226711
0.353994,0.0608915,0.00876107,0.00552258,-0.0288535,0.0283168,0.0121919,-0.00579891,-0.0132319,-0.0293971,0.00251179,-0.061218,-0.0690968,-0.062996,-0.0012904,-0.00510034,0.000450993,-0.0770308,-0.012349,-0.0574401,-0.0255747,0.0182346,0.0183246,0.0472917,0.0458234,0.0498465,-0.0322909,-0.0662511,-0.0426153,-0.00190609,0.0049506,0.0723357,0.0101362,0.00604044,-0.0426886,-0.114037,-0.064894,0.0209548,0.000343097,-0.000673907,-0.0443646,0.0100116,0.00265431,0.0513564,0.0573582,0.000347275,0.00964024,-0.00785763,-0.0520762,-0.000219356,0.0168367,0.0218183,0.00717193,-0.0277097,-0.0190543,0.0557492,0.00070845,0.00480665,0.0122432,0.0184783,-0.00467173,0.000602099,-0.00294834,-0.00466335,0.00526723,-0.0776045,0.0778402,-0.0340465,0.0226899
0.354994,0.0602294,0.00903453,0.00516327,-0.029026,0.0283712,0.0119604,-0.00578579,-0.0129612,-0.0287918,0.00261355,-0.0610552,-0.0683662,-0.0606401,-0.00153882,-0.00515964,0.000155832,-0.0760587,-0.0129232,-0.0558098,-0.0254796,0.0190766,0.0203233,0.0469935,0.0462463,0.05052,-0.0320848,-0.0645887,-0.0422202,-0.00150909,0.00523867,0.0719366,0.0103077,0.00603488,-0.0426424,-0.112578,-0.0646118,0.0211462,0.000423676,-0.000762603,-0.0443586,0.00974545,0.00275072,0.0520554,0.0582307,0.000427841,0.00957033,-0.00788084,-0.0521486,-0.000238869,0.0168174,0.0225317,0.00767817,-0.027075,-0.019096,0.0558679,0.00101711,0.00475491,0.0121082,0.0185522,-0.00420889,0.000963972,-0.00304528,-0.00455215,0.00510442,-0.0769261,0.0783615,-0.0343792,0.0227008
0.355994,0.0595576,0.00930086,0.00480859,-0.029187,0.0284155,0.011729,-0.00577072,-0.0126906,-0.0281865,0.00271297,-0.0608767,-0.0676253,-0.0583022,-0.00178246,-0.00521633,-0.000134248,-0.0750764,-0.0134846,-0.0541875,-0.0253782,0.019898,0.0222816,0.0466856,0.0466471,0.0511659,-0.0318718,-0.0629318,-0.0418187,-0.00111768,0.00552087,0.0715195,0.0104731,0.00602771,-0.0425837,-0.111104,-0.064315,0.0213274,0.000502424,-0.000849285,-0.0443379,0.00948049,0.00284476,0.0527254,0.0590689,0.000507045,0.00949874,-0.007901,-0.0522035,-0.00025795,0.0167933,0.0232255,0.00817349,-0.0264429,-0.0191314,0.0559668,0.00132054,0.00470272,0.0119709,0.0186185,-0.0037524,0.00132001,-0.00313991,-0.00444137,0.00494307,-0.0762328,0.0788477,-0.0346951,0.0227041
0.356994,0.0588767,0.00956003,0.00445865,-0.0293364,0.0284496,0.0114976,-0.00575373,-0.0124201,-0.0275815,0.00281002,-0.0606828,-0.0668746,-0.0559835,-0.00202127,-0.00527042,-0.000419175,-0.0740848,-0.014033,-0.0525741,-0.0252706,0.0206988,0.024199,0.0463684,0.0470257,0.0517843,-0.031652,-0.0612811,-0.0414108,-0.000731991,0.00579712,0.0710846,0.0106324,0.00601895,-0.0425126,-0.109617,-0.0640041,0.0214985,0.000579334,-0.000933938,-0.0443027,0.00921684,0.00293641,0.0533663,0.0598729,0.000584865,0.00942552,-0.00791813,-0.0522412,-0.000276593,0.0167642,0.0238996,0.00865777,-0.0258136,-0.0191606,0.0560462,0.00161864,0.00465011,0.0118314,0.0186775,-0.00330241,0.00167009,-0.0032322,-0.00433106,0.00478323,-0.0755251,0.0792989,-0.0349943,0.0226998
0.357994,0.0581871,0.00981201,0.00411353,-0.0294744,0.0284738,0.0112665,-0.00573486,-0.0121499,-0.0269773,0.0029047,-0.0604738,-0.0661145,-0.0536847,-0.00225519,-0.0053219,-0.000698882,-0.0730842,-0.0145684,-0.0509702,-0.0251568,0.0214787,0.0260752,0.0460421,0.0473822,0.0523752,-0.0314257,-0.0596373,-0.040997,-0.00035215,0.00606735,0.0706325,0.0107855,0.0060086,-0.0424293,-0.108117,-0.0636793,0.0216595,0.000654398,-0.00101655,-0.0442533,0.00895462,0.00302565,0.0539783,0.0606426,0.000661279,0.00935071,-0.00793228,-0.0522619,-0.000294792,0.0167303,0.0245539,0.00913091,-0.0251874,-0.0191838,0.0561063,0.00191134,0.0045971,0.0116899,0.0187292,-0.00285905,0.00201411,-0.00332212,-0.00422127,0.00462494,-0.0748035,0.0797153,-0.0352768,0.022688
0.358994,0.0574892,0.0100568,0.00377333,-0.0296011,0.0284882,0.0110358,-0.00571415,-0.0118801,-0.026374,0.00299696,-0.0602501,-0.0653455,-0.051407,-0.00248417,-0.00537078,-0.000973305,-0.0720755,-0.0150907,-0.0493765,-0.0250369,0.0222376,0.0279096,0.0457069,0.0477169,0.0529387,-0.031193,-0.0580011,-0.0405774,2.17196e-05,0.00633148,0.0701636,0.0109324,0.00599669,-0.042334,-0.106605,-0.0633409,0.0218105,0.000727612,-0.00109712,-0.0441897,0.00869394,0.00311246,0.0545613,0.0613782,0.000736265,0.00927438,-0.00794347,-0.0522657,-0.000312541,0.0166917,0.0251883,0.00959282,-0.0245646,-0.0192008,0.0561472,0.00219855,0.00454373,0.0115464,0.0187736,-0.00242245,0.00235198,-0.00340967,-0.00411205,0.00446825,-0.0740687,0.0800973,-0.0355427,0.0226687
0.359994,0.0567834,0.0102943,0.00343814,-0.0297164,0.0284928,0.0108055,-0.00569163,-0.0116109,-0.025772,0.0030868,-0.0600117,-0.0645682,-0.049151,-0.00270816,-0.00541706,-0.00124238,-0.0710592,-0.0155996,-0.0477937,-0.0249112,0.0229755,0.029702,0.0453631,0.0480297,0.0534748,-0.0309542,-0.0563735,-0.0401523,0.000389497,0.00658945,0.0696784,0.0110732,0.00598322,-0.0422269,-0.105083,-0.0629894,0.0219515,0.000798969,-0.00117563,-0.0441123,0.00843492,0.00319681,0.0551155,0.0620797,0.000809801,0.00919657,-0.00795175,-0.0522529,-0.000329835,0.0166484,0.0258027,0.0100434,-0.0239453,-0.0192119,0.0561693,0.00248019,0.00449001,0.0114011,0.0188108,-0.00199275,0.00268358,-0.00349481,-0.00400345,0.00431318,-0.0733211,0.0804451,-0.035792,0.0226422
0.360994,0.0560704,0.0105246,0.00310804,-0.0298205,0.0284878,0.0105757,-0.00566734,-0.0113423,-0.0251716,0.00317421,-0.0597592,-0.063783,-0.0469177,-0.00292712,-0.00546074,-0.00150606,-0.0700359,-0.0160953,-0.0462224,-0.0247797,0.0236922,0.0314519,0.045011,0.0483208,0.0539836,-0.0307093,-0.0547549,-0.0397221,0.000751068,0.00684119,0.0691773,0.0112079,0.00596823,-0.0421083,-0.10355,-0.0626249,0.0220826,0.000868465,-0.00125208,-0.0440212,0.00817767,0.0032787,0.055641,0.0627472,0.00088187,0.00911733,-0.00795715,-0.0522237,-0.00034667,0.0166005,0.0263972,0.0104826,-0.0233299,-0.019217,0.0561727,0.00275619,0.00443597,0.011254,0.018841,-0.00157006,0.00300882,-0.00357754,-0.00389551,0.00415979,-0.0725614,0.080759,-0.0360249,0.0226086
0.361994,0.0553504,0.0107476,0.00278311,-0.0299135,0.0284733,0.0103466,-0.00564131,-0.0110746,-0.0245731,0.00325915,-0.0594926,-0.0629904,-0.044708,-0.003141,-0.00550184,-0.00176428,-0.0690062,-0.0165775,-0.0446632,-0.0246426,0.0243877,0.033159,0.0446508,0.0485904,0.0544651,-0.0304587,-0.0531462,-0.0392868,0.00110632,0.00708665,0.0686607,0.0113364,0.00595172,-0.0419781,-0.102009,-0.0622478,0.0222038,0.000936099,-0.00132645,-0.0439167,0.00792229,0.00335811,0.0561378,0.0633808,0.000952452,0.00903672,-0.0079597,-0.0521782,-0.000363041,0.016548,0.0269716,0.0109103,-0.0227185,-0.0192162,0.0561576,0.00302649,0.00438163,0.0111052,0.0188641,-0.0011545,0.00332762,-0.00365784,-0.00378828,0.0040081,-0.07179,0.0810393,-0.0362413,0.0225678
0.362994,0.054624,0.0109633,0.00246344,-0.0299954,0.0284496,0.0101183,-0.0056136,-0.0108077,-0.0239767,0.00334163,-0.0592123,-0.0621909,-0.0425226,-0.00334977,-0.00554036,-0.00201699,-0.0679708,-0.0170462,-0.0431167,-0.0244999,0.0250618,0.0348231,0.0442828,0.0488386,0.0549195,-0.0302025,-0.0515481,-0.0388469,0.00145515,0.00732575,0.0681291,0.0114588,0.00593372,-0.0418368,-0.10046,-0.0618584,0.0223152,0.00100187,-0.00139875,-0.0437989,0.00766889,0.00343502,0.0566062,0.0639807,0.00102153,0.00895479,-0.00795945,-0.0521166,-0.000378945,0.0164911,0.027526,0.0113265,-0.0221115,-0.0192096,0.0561243,0.003291,0.00432703,0.0109548,0.0188803,-0.000746192,0.00363989,-0.0037357,-0.00368179,0.00385817,-0.0710075,0.0812862,-0.0364415,0.0225201
0.363994,0.0538916,0.0111717,0.00214909,-0.0300663,0.0284166,0.00989084,-0.00558423,-0.010542,-0.0233828,0.00342162,-0.0589186,-0.0613849,-0.0403624,-0.00355339,-0.00557631,-0.00226416,-0.0669302,-0.0175014,-0.0415837,-0.0243519,0.0257146,0.0364438,0.0439073,0.0490655,0.0553469,-0.0299409,-0.0499611,-0.0384026,0.00179746,0.00755846,0.067583,0.0115752,0.00591425,-0.0416844,-0.0989038,-0.0614572,0.0224168,0.00106577,-0.00146897,-0.0436681,0.00741757,0.00350943,0.0570462,0.0645469,0.00108908,0.00887159,-0.00795643,-0.0520393,-0.000394378,0.0164299,0.0280603,0.011731,-0.021509,-0.0191973,0.056073,0.00354968,0.00427218,0.010803,0.0188897,-0.000345231,0.00394554,-0.0038111,-0.0035761,0.00371002,-0.0702145,0.0815,-0.0366254,0.0224655
0.364994,0.0531536,0.0113729,0.00184015,-0.0301264,0.0283745,0.00966435,-0.00555324,-0.0102774,-0.0227916,0.00349911,-0.0586117,-0.0605731,-0.0382282,-0.00375182,-0.0056097,-0.00250572,-0.065885,-0.0179429,-0.0400645,-0.0241987,0.0263459,0.0380209,0.0435245,0.0492714,0.0557474,-0.029674,-0.0483861,-0.037954,0.00213315,0.00778472,0.0670229,0.0116854,0.00589332,-0.0415212,-0.0973412,-0.0610443,0.0225088,0.0011278,-0.00153711,-0.0435246,0.00716843,0.00358131,0.0574579,0.0650796,0.0011551,0.00878717,-0.00795069,-0.0519464,-0.000409336,0.0163644,0.0285746,0.0121239,-0.0209112,-0.0191793,0.0560039,0.00380247,0.00421711,0.0106499,0.0188922,4.82769e-05,0.0042445,-0.00388402,-0.00347125,0.00356368,-0.0694115,0.0816812,-0.0367932,0.0224042
0.365994,0.0524106,0.0115667,0.00153667,-0.0301757,0.0283235,0.00943893,-0.00552069,-0.010014,-0.0222034,0.0035741,-0.0582921,-0.0597557,-0.0361206,-0.00394504,-0.00564055,-0.00274165,-0.0648359,-0.0183708,-0.0385599,-0.0240403,0.0269558,0.0395541,0.0431346,0.0494563,0.0561211,-0.0294022,-0.0468236,-0.0375016,0.00246213,0.0080045,0.0664491,0.0117895,0.00587095,-0.0413474,-0.0957732,-0.0606201,0.0225912,0.00118797,-0.00160316,-0.0433684,0.00692156,0.00365067,0.0578416,0.0655789,0.00121957,0.00870159,-0.00794226,-0.0518382,-0.000423818,0.0162946,0.0290688,0.0125051,-0.0203184,-0.0191557,0.0559174,0.0040493,0.00416184,0.0104955,0.0188881,0.000434236,0.0045367,-0.00395447,-0.00336727,0.0034192,-0.0685991,0.0818301,-0.036945,0.0223363
0.366994,0.0516628,0.0117532,0.00123872,-0.0302143,0.0282638,0.00921467,-0.00548659,-0.00975215,-0.0216185,0.00364657,-0.0579598,-0.0589333,-0.0340404,-0.00413303,-0.00566886,-0.0029719,-0.0637834,-0.0187849,-0.0370703,-0.0238769,0.0275442,0.0410434,0.0427379,0.0496205,0.0564683,-0.0291254,-0.0452742,-0.0370455,0.00278432,0.00821774,0.0658622,0.0118877,0.00584718,-0.0411631,-0.0942006,-0.0601849,0.022664,0.00124628,-0.00166713,-0.0431999,0.00667707,0.00371749,0.0581974,0.0660452,0.00128247,0.00861488,-0.00793119,-0.0517148,-0.00043782,0.0162207,0.0295431,0.0128746,-0.0197308,-0.0191265,0.0558137,0.00429013,0.00410639,0.0103399,0.0188774,0.000812556,0.00482206,-0.00402244,-0.00326421,0.0032766,-0.0677777,0.081947,-0.0370809,0.0222618
0.367994,0.0509108,0.0119324,0.000946356,-0.0302423,0.0281954,0.00899167,-0.00545101,-0.00949178,-0.0210371,0.00371652,-0.0576153,-0.0581063,-0.0319883,-0.00431575,-0.00569466,-0.00319645,-0.0627282,-0.0191853,-0.0355964,-0.0237087,0.0281111,0.0424884,0.0423348,0.0497642,0.056789,-0.0288441,-0.0437386,-0.036586,0.00309962,0.00842441,0.0652626,0.0119798,0.00582201,-0.0409686,-0.0926243,-0.0597391,0.0227274,0.00130272,-0.00172902,-0.0430193,0.00643504,0.00378177,0.0585255,0.0664785,0.00134379,0.00852711,-0.00791752,-0.0515765,-0.000451342,0.0161428,0.0299973,0.0132322,-0.0191486,-0.0190919,0.055693,0.00452492,0.0040508,0.0101833,0.0188602,0.00118315,0.00510054,-0.00408791,-0.0031621,0.00313592,-0.066948,0.0820322,-0.0372011,0.022181
0.368994,0.050155,0.0121044,0.000659645,-0.0302598,0.0281185,0.00877002,-0.00541397,-0.00923304,-0.0204594,0.00378395,-0.0572589,-0.0572753,-0.029965,-0.0044932,-0.00571795,-0.00341527,-0.0616706,-0.0195719,-0.0341386,-0.0235357,0.0286565,0.0438892,0.0419254,0.0498875,0.0570834,-0.0285582,-0.0422174,-0.0361233,0.00340798,0.00862449,0.0646508,0.0120659,0.00579547,-0.0407641,-0.0910452,-0.059283,0.0227815,0.00135731,-0.00178883,-0.0428269,0.00619557,0.00384351,0.0588261,0.0668791,0.00140352,0.00843832,-0.00790129,-0.0514236,-0.000464381,0.016061,0.0304315,0.0135781,-0.0185719,-0.0190519,0.0555556,0.00475362,0.00399508,0.0100257,0.0188366,0.00154594,0.00537206,-0.00415087,-0.00306098,0.00299718,-0.0661105,0.0820862,-0.0373056,0.0220939
0.369994,0.0493959,0.012269,0.000378635,-0.0302669,0.0280332,0.00854981,-0.00537552,-0.00897606,-0.0198858,0.00384884,-0.0568907,-0.0564406,-0.0279712,-0.00466535,-0.00573876,-0.00362832,-0.0606114,-0.0199447,-0.0326975,-0.0233582,0.0291804,0.0452454,0.04151,0.0499906,0.0573517,-0.0282682,-0.0407112,-0.0356578,0.00370931,0.00881794,0.0640273,0.0121461,0.00576759,-0.0405498,-0.0894641,-0.0588169,0.0228263,0.00141005,-0.00184656,-0.0426228,0.00595873,0.0039027,0.0590994,0.0672472,0.00146165,0.00834856,-0.00788255,-0.0512564,-0.000476937,0.0159752,0.0308458,0.0139122,-0.018001,-0.0190065,0.0554018,0.00497619,0.00393926,0.00986727,0.0188067,0.00190085,0.00563657,-0.00421134,-0.00296089,0.00286042,-0.0652656,0.0821094,-0.0373946,0.0220007
0.370994,0.0486338,0.0124264,0.000103377,-0.0302639,0.0279398,0.00833113,-0.0053357,-0.00872092,-0.0193164,0.00391119,-0.0565112,-0.0556028,-0.0260073,-0.00483219,-0.0057571,-0.00383559,-0.0595512,-0.0203037,-0.0312735,-0.0231763,0.0296828,0.0465572,0.0410889,0.0500738,0.0575942,-0.027974,-0.0392204,-0.0351896,0.00400354,0.00900474,0.0633925,0.0122203,0.00573839,-0.0403259,-0.0878818,-0.0583411,0.022862,0.00146094,-0.00190222,-0.0424073,0.00572461,0.00395934,0.0593457,0.0675831,0.00151817,0.00825789,-0.00786133,-0.0510749,-0.000489009,0.0158857,0.0312403,0.0142344,-0.017436,-0.0189559,0.0552318,0.00519259,0.00388336,0.00970807,0.0187705,0.0022478,0.00589403,-0.00426929,-0.00286186,0.00272566,-0.064414,0.0821021,-0.0374683,0.0219014
0.371994,0.0478691,0.0125766,-0.000166084,-0.0302506,0.0278383,0.00811406,-0.00529456,-0.00846774,-0.0187516,0.00397101,-0.0561207,-0.0547622,-0.0240742,-0.00499371,-0.005773,-0.00403705,-0.0584903,-0.0206488,-0.0298671,-0.02299,0.0301639,0.0478244,0.0406623,0.0501373,0.057811,-0.0276759,-0.0377457,-0.0347189,0.00429062,0.00918487,0.0627469,0.0122887,0.00570788,-0.0400927,-0.0862991,-0.057856,0.0228886,0.00150999,-0.00195581,-0.0421808,0.00549329,0.00401343,0.0595651,0.067887,0.00157307,0.00816635,-0.00783769,-0.0508796,-0.000500597,0.0157925,0.031615,0.0145448,-0.0168772,-0.0189002,0.055046,0.0054028,0.00382739,0.00954819,0.0187283,0.00258675,0.00614439,-0.00432474,-0.00276393,0.00259292,-0.0635561,0.0820647,-0.0375269,0.0217963
0.372994,0.0471024,0.0127195,-0.000429704,-0.0302274,0.027729,0.00789868,-0.00525212,-0.00821663,-0.0181914,0.00402829,-0.0557193,-0.0539192,-0.0221722,-0.0051499,-0.00578647,-0.0042327,-0.0574295,-0.0209801,-0.0284788,-0.0227995,0.0306235,0.0490469,0.0402305,0.0501813,0.0580023,-0.0273741,-0.0362876,-0.0342461,0.0045705,0.00935832,0.0620909,0.0123512,0.00567611,-0.0398503,-0.0847168,-0.0573619,0.0229062,0.00155721,-0.00200733,-0.0419433,0.00526485,0.00406497,0.0597579,0.0681591,0.00162634,0.008074,-0.00781167,-0.0506707,-0.0005117,0.0156956,0.03197,0.0148434,-0.0163246,-0.0188394,0.0548446,0.0056068,0.00377139,0.00938775,0.01868,0.00291762,0.0063876,-0.00437768,-0.00266713,0.00246223,-0.0626924,0.0819978,-0.0375703,0.0216854
0.373994,0.0463339,0.0128553,-0.000687444,-0.0301943,0.0276119,0.00768508,-0.00520845,-0.00796767,-0.0176362,0.00408304,-0.0553075,-0.0530745,-0.020302,-0.00530077,-0.00579753,-0.00442251,-0.0563691,-0.0212975,-0.0271091,-0.022605,0.0310618,0.0502248,0.0397938,0.0502061,0.0581684,-0.0270688,-0.0348466,-0.0337714,0.00484311,0.00952508,0.0614251,0.0124079,0.00564308,-0.039599,-0.0831358,-0.056859,0.022915,0.0016026,-0.00205681,-0.0416952,0.00503937,0.00411397,0.0599244,0.0683999,0.00167797,0.00798087,-0.00778332,-0.0504484,-0.00052232,0.0155953,0.0323054,0.0151301,-0.0157786,-0.0187735,0.0546279,0.00580454,0.00371538,0.00922683,0.0186259,0.00324036,0.00662364,-0.00442811,-0.00257149,0.00233362,-0.0618236,0.0819017,-0.037599,0.0215689
0.374994,0.0455641,0.0129838,-0.000939268,-0.0301514,0.0274872,0.00747334,-0.00516357,-0.00772096,-0.0170862,0.00413525,-0.0548855,-0.0522283,-0.018464,-0.0054463,-0.00580622,-0.00460648,-0.0553099,-0.0216012,-0.0257583,-0.0224067,0.0314789,0.0513581,0.0393523,0.0502118,0.0583096,-0.0267602,-0.0334232,-0.0332949,0.00510841,0.00968513,0.0607498,0.0124589,0.00560883,-0.039339,-0.0815567,-0.0563478,0.0229151,0.00164619,-0.00210424,-0.0414368,0.00481691,0.00416043,0.0600648,0.0686095,0.00172797,0.00788703,-0.00775268,-0.0502129,-0.000532457,0.0154915,0.0326213,0.015405,-0.0152391,-0.0187028,0.0543962,0.00599603,0.00365937,0.00906553,0.0185659,0.00355494,0.00685247,-0.00447603,-0.00247703,0.00220711,-0.06095,0.0817768,-0.0376129,0.0214468
0.375994,0.0447935,0.0131052,-0.00118514,-0.030099,0.0273552,0.00726353,-0.00511753,-0.0074766,-0.0165416,0.00418493,-0.0544537,-0.0513811,-0.0166588,-0.0055865,-0.00581254,-0.0047846,-0.0542522,-0.021891,-0.0244269,-0.0222045,0.0318748,0.0524468,0.0389065,0.0501988,0.058426,-0.0264485,-0.0320179,-0.032817,0.00536635,0.00983847,0.0600657,0.0125042,0.00557338,-0.0390705,-0.0799804,-0.0558285,0.0229065,0.00168796,-0.00214963,-0.0411683,0.00459755,0.00420436,0.0601795,0.0687884,0.00177632,0.00779251,-0.0077198,-0.0499647,-0.000542111,0.0153843,0.0329178,0.0156681,-0.0147065,-0.0186272,0.0541497,0.00618123,0.0036034,0.00890394,0.0185003,0.00386129,0.00707407,-0.00452145,-0.0023838,0.00208272,-0.0600722,0.0816236,-0.0376123,0.0213194
0.376994,0.0440223,0.0132195,-0.00142505,-0.030037,0.0272159,0.00705572,-0.00507038,-0.00723468,-0.0160025,0.00423208,-0.0540123,-0.0505333,-0.0148869,-0.00572138,-0.00581654,-0.00495688,-0.0531965,-0.0221671,-0.0231152,-0.0219987,0.0322496,0.053491,0.0384564,0.0501673,0.0585179,-0.0261337,-0.0306311,-0.0323379,0.00561691,0.00998511,0.059373,0.0125438,0.00553675,-0.0387937,-0.0784077,-0.0553015,0.0228894,0.00172794,-0.002193,-0.0408899,0.00438135,0.00424577,0.0602686,0.0689367,0.00182302,0.00769737,-0.00768473,-0.0497039,-0.000551286,0.015274,0.033195,0.0159195,-0.0141807,-0.0185469,0.0538889,0.00636015,0.00354747,0.00874214,0.0184291,0.00415939,0.00728841,-0.00456437,-0.00229181,0.00196046,-0.0591906,0.0814426,-0.0375974,0.0211868
0.377994,0.0432511,0.0133267,-0.00165894,-0.0299657,0.0270695,0.00684999,-0.00502215,-0.00699529,-0.0154692,0.00427672,-0.0535617,-0.0496853,-0.0131485,-0.00585094,-0.00581823,-0.0051233,-0.0521435,-0.0224294,-0.0218237,-0.0217894,0.0326034,0.0544908,0.0380024,0.0501175,0.0585856,-0.0258163,-0.0292633,-0.0318578,0.00586005,0.0101251,0.0586723,0.0125778,0.00549898,-0.038509,-0.0768391,-0.0547671,0.0228639,0.00176614,-0.00223435,-0.040602,0.00416837,0.00428466,0.0603325,0.0690549,0.00186807,0.00760166,-0.00764751,-0.0494307,-0.000559982,0.0151604,0.0334531,0.0161591,-0.0136621,-0.018462,0.053614,0.00653277,0.00349161,0.00858024,0.0183524,0.0044492,0.00749548,-0.00460481,-0.0022011,0.00184037,-0.0583059,0.0812343,-0.0375684,0.021049
0.378994,0.0424801,0.0134269,-0.00188682,-0.0298852,0.0269162,0.00664641,-0.00497289,-0.0067585,-0.0149419,0.00431885,-0.0531021,-0.0488375,-0.0114443,-0.00597519,-0.00581765,-0.00528388,-0.0510936,-0.0226781,-0.0205527,-0.0215768,0.0329364,0.0554462,0.0375447,0.0500497,0.0586294,-0.0254962,-0.0279148,-0.0313769,0.00609574,0.0102583,0.057964,0.0126063,0.00546009,-0.0382164,-0.0752756,-0.0542256,0.0228301,0.00180258,-0.00227371,-0.0403047,0.00395867,0.00432104,0.0603716,0.0691434,0.00191146,0.00750541,-0.0076082,-0.0491456,-0.000568202,0.0150438,0.0336921,0.0163871,-0.0131506,-0.0183724,0.0533253,0.00669909,0.00343584,0.00841832,0.0182703,0.0047307,0.00769526,-0.00464276,-0.00211169,0.00172244,-0.0574184,0.080999,-0.0375254,0.0209063
0.379994,0.0417098,0.0135201,-0.00210866,-0.0297956,0.0267561,0.00644504,-0.00492263,-0.00652442,-0.0144207,0.00435848,-0.0526339,-0.0479904,-0.00977449,-0.00609416,-0.00581482,-0.00543862,-0.0500472,-0.0229131,-0.0193026,-0.021361,0.0332486,0.0563576,0.0370835,0.0499642,0.0586496,-0.0251737,-0.0265862,-0.0308954,0.00632396,0.0103849,0.0572487,0.0126292,0.00542011,-0.0379163,-0.0737177,-0.0536773,0.0227883,0.00183725,-0.00231108,-0.0399984,0.00375232,0.00435494,0.0603861,0.0692024,0.0019532,0.00740868,-0.00756685,-0.0488487,-0.000575948,0.0149242,0.0339123,0.0166034,-0.0126465,-0.0182784,0.0530232,0.00685911,0.00338018,0.00825646,0.018183,0.00500387,0.00788775,-0.00467823,-0.0020236,0.00160671,-0.0565286,0.0807374,-0.0374687,0.0207587
0.380994,0.0409404,0.0136064,-0.00232444,-0.0296971,0.0265895,0.00624595,-0.00487144,-0.0062931,-0.0139059,0.00439562,-0.0521573,-0.0471443,-0.00813948,-0.00620785,-0.00580977,-0.00558754,-0.0490048,-0.0231345,-0.0180736,-0.0211421,0.0335403,0.0572249,0.0366192,0.0498613,0.0586465,-0.024849,-0.0252778,-0.0304137,0.00654469,0.0105048,0.0565267,0.0126468,0.00537906,-0.0376088,-0.0721662,-0.0531226,0.0227383,0.00187019,-0.00234647,-0.0396833,0.00354936,0.00438635,0.0603763,0.0692324,0.00199329,0.00731152,-0.00752349,-0.0485403,-0.000583224,0.0148017,0.0341138,0.0168081,-0.0121498,-0.01818,0.0527078,0.00701284,0.00332465,0.00809475,0.0180906,0.00526868,0.00807294,-0.00471125,-0.00193685,0.00149318,-0.0556371,0.0804499,-0.0373984,0.0206064
0.381994,0.0401725,0.0136857,-0.00253415,-0.0295899,0.0264164,0.0060492,-0.00481933,-0.00606464,-0.0133976,0.00443028,-0.0516727,-0.0462996,-0.00653961,-0.00631629,-0.00580253,-0.00573064,-0.047967,-0.0233424,-0.0168661,-0.0209202,0.0338114,0.0580485,0.0361519,0.0497412,0.0586204,-0.0245222,-0.0239899,-0.0299318,0.00675792,0.010618,0.0557985,0.012659,0.00533698,-0.0372943,-0.0706218,-0.0525617,0.0226806,0.0019014,-0.00237991,-0.0393597,0.00334985,0.00441531,0.0603427,0.0692338,0.00203172,0.00721396,-0.00747819,-0.0482208,-0.000590032,0.0146764,0.0342968,0.0170013,-0.0116607,-0.0180773,0.0523796,0.00716027,0.00326927,0.00793329,0.0179932,0.00552513,0.00825084,-0.00474181,-0.00185148,0.00138187,-0.0547442,0.080137,-0.0373149,0.0204495
0.382994,0.0394064,0.0137582,-0.00273779,-0.029474,0.0262371,0.00585485,-0.00476636,-0.0058391,-0.0128959,0.00446248,-0.0511804,-0.0454567,-0.00497517,-0.0064195,-0.00579313,-0.00586795,-0.0469341,-0.0235368,-0.0156803,-0.0206955,0.0340623,0.0588285,0.035682,0.0496043,0.0585716,-0.0241935,-0.0227229,-0.02945,0.00696364,0.0107247,0.0550646,0.0126659,0.00529389,-0.0369728,-0.0690851,-0.0519949,0.022615,0.00193089,-0.00241141,-0.0390278,0.00315384,0.00444181,0.0602855,0.0692069,0.0020685,0.00711606,-0.00743099,-0.0478904,-0.000596376,0.0145484,0.0344613,0.0171831,-0.0111793,-0.0179704,0.0520389,0.00730143,0.00321406,0.00777214,0.0178908,0.00577321,0.00842144,-0.00476993,-0.00176749,0.00127279,-0.0538505,0.0797992,-0.0372182,0.0202883
0.383994,0.0386423,0.0138239,-0.00293535,-0.0293497,0.0260517,0.00566296,-0.00471257,-0.00561655,-0.0124011,0.00449222,-0.0506807,-0.0446159,-0.00344644,-0.0065175,-0.00578162,-0.00599947,-0.0459066,-0.0237179,-0.0145166,-0.0204682,0.0342931,0.0595652,0.0352096,0.0494508,0.0585005,-0.0238632,-0.0214772,-0.0289685,0.00716184,0.0108248,0.0543253,0.0126675,0.00524982,-0.0366447,-0.0675568,-0.0514226,0.0225419,0.0019587,-0.00244099,-0.038688,0.00296136,0.00446589,0.0602051,0.0691522,0.00210363,0.00701786,-0.00738194,-0.0475494,-0.000602259,0.0144177,0.0346077,0.0173534,-0.0107057,-0.0178593,0.051686,0.00743633,0.00315903,0.0076114,0.0177837,0.00601292,0.00858476,-0.00479563,-0.00168491,0.00116596,-0.0529564,0.079437,-0.0371087,0.0201227
0.384994,0.0378808,0.0138829,-0.00312684,-0.0292171,0.0258604,0.00547358,-0.00465801,-0.00539706,-0.0119132,0.00451954,-0.0501738,-0.0437777,-0.00195367,-0.00661032,-0.00576801,-0.00612525,-0.044885,-0.0238856,-0.0133752,-0.0202383,0.0345038,0.0602587,0.0347349,0.0492811,0.0584073,-0.0235314,-0.020253,-0.0284876,0.00735253,0.0109183,0.0535812,0.012664,0.00520479,-0.0363102,-0.0660375,-0.0508451,0.0224613,0.00198482,-0.00246866,-0.0383405,0.00277247,0.00448755,0.0601019,0.0690701,0.00213711,0.0069194,-0.0073311,-0.0471981,-0.000607687,0.0142846,0.0347361,0.0175125,-0.01024,-0.0177443,0.0513212,0.00756498,0.00310421,0.00745114,0.0176719,0.00624427,0.00874081,-0.00481892,-0.00160375,0.00106137,-0.0520623,0.079051,-0.0369865,0.0199529
0.385994,0.037122,0.0139352,-0.00331225,-0.0290764,0.0256634,0.00528676,-0.0046027,-0.00518071,-0.0114325,0.00454443,-0.0496602,-0.0429423,-0.000497076,-0.006698,-0.00575234,-0.0062453,-0.0438696,-0.0240401,-0.0122563,-0.0200061,0.0346949,0.0609095,0.0342583,0.0490954,0.0582925,-0.0231982,-0.0190507,-0.0280073,0.00753572,0.0110052,0.0528327,0.0126554,0.00515885,-0.0359696,-0.0645278,-0.0502627,0.0223734,0.00200929,-0.00249445,-0.0379856,0.0025872,0.00450683,0.0599763,0.068961,0.00216896,0.00682073,-0.00727851,-0.0468367,-0.000612662,0.014149,0.0348468,0.0176603,-0.00978221,-0.0176253,0.0509448,0.00768741,0.00304962,0.00729144,0.0175556,0.00646726,0.00888962,-0.00483982,-0.00152404,0.000959049,-0.0511686,0.0786417,-0.0368519,0.0197792
0.386994,0.0363663,0.0139809,-0.00349159,-0.0289277,0.0254609,0.00510256,-0.0045467,-0.00496754,-0.010959,0.00456693,-0.04914,-0.0421102,0.000923145,-0.00678057,-0.00573465,-0.00635965,-0.0428609,-0.0241816,-0.0111602,-0.0197715,0.0348663,0.0615178,0.0337799,0.0488941,0.0581563,-0.0228638,-0.0178705,-0.027528,0.00771141,0.0110857,0.0520803,0.0126418,0.00511201,-0.0356229,-0.0630284,-0.0496757,0.0222782,0.00203212,-0.00251837,-0.0376235,0.00240559,0.00452374,0.0598285,0.0688254,0.00219917,0.00672189,-0.00722423,-0.0464656,-0.000617191,0.0140112,0.0349398,0.0177969,-0.0093325,-0.0175025,0.0505572,0.00780364,0.00299526,0.00713239,0.0174349,0.00668191,0.00903119,-0.00485835,-0.00144578,0.000858992,-0.0502759,0.0782096,-0.0367052,0.0196016
0.387994,0.0356141,0.01402,-0.00366486,-0.0287713,0.0252529,0.00492102,-0.00449005,-0.00475761,-0.0104929,0.00458705,-0.0486137,-0.0412817,0.00230682,-0.00685807,-0.00571498,-0.00646833,-0.0418592,-0.02431,-0.010087,-0.0195349,0.0350183,0.062084,0.0333001,0.0486775,0.0579992,-0.0225284,-0.0167126,-0.0270498,0.00787961,0.0111598,0.0513242,0.0126233,0.0050643,-0.0352706,-0.0615399,-0.0490843,0.0221761,0.00205332,-0.00254045,-0.0372545,0.00222768,0.0045383,0.0596591,0.0686637,0.00222776,0.00662292,-0.0071683,-0.0460851,-0.000621277,0.013871,0.0350154,0.0179226,-0.00889093,-0.017376,0.0501587,0.0079137,0.00294116,0.00697405,0.0173099,0.00688824,0.00916557,-0.00487452,-0.001369,0.000761209,-0.0493845,0.0777552,-0.0365465,0.0194202
0.388994,0.0348657,0.0140527,-0.00383209,-0.0286072,0.0250397,0.00474218,-0.00443278,-0.004551,-0.0100342,0.00460481,-0.0480814,-0.040457,0.00365382,-0.00693052,-0.00569335,-0.00657138,-0.0408651,-0.0244255,-0.009037,-0.0192962,0.0351512,0.0626084,0.0328189,0.0484458,0.0578216,-0.0221922,-0.0155774,-0.0265729,0.00804036,0.0112274,0.0505651,0.0125999,0.00501577,-0.0349128,-0.0600628,-0.0484889,0.0220671,0.00207293,-0.00256071,-0.036879,0.00205348,0.00455055,0.0594684,0.0684764,0.00225472,0.00652387,-0.00711078,-0.0456954,-0.000624927,0.0137287,0.0350739,0.0180372,-0.00845758,-0.0172459,0.0497497,0.00801763,0.00288734,0.0068165,0.0171807,0.00708627,0.00929278,-0.00488835,-0.00129371,0.000665704,-0.0484949,0.0772792,-0.0363761,0.0192352
0.389994,0.0341213,0.014079,-0.00399329,-0.0284356,0.0248215,0.0045661,-0.00437494,-0.00434773,-0.00958325,0.00462024,-0.0475436,-0.0396366,0.00496401,-0.00699798,-0.00566982,-0.00666884,-0.0398787,-0.0245282,-0.00801028,-0.0190557,0.0352652,0.0630913,0.0323367,0.0481995,0.0576237,-0.0218552,-0.014465,-0.0260975,0.00819367,0.0112888,0.0498032,0.0125717,0.00496643,-0.0345497,-0.0585976,-0.0478898,0.0219513,0.00209095,-0.00257917,-0.0364971,0.00188304,0.0045605,0.0592569,0.068264,0.00228007,0.00642478,-0.00705172,-0.0452969,-0.000628145,0.0135844,0.0351155,0.0181411,-0.0080325,-0.0171122,0.0493304,0.00811547,0.0028338,0.00665982,0.0170474,0.00727602,0.00941285,-0.00489988,-0.00121991,0.00057248,-0.0476074,0.076782,-0.0361943,0.0190468
0.390994,0.0333814,0.0140989,-0.00414848,-0.0282568,0.0245984,0.0043928,-0.00431657,-0.00414788,-0.00913997,0.00463335,-0.0470004,-0.0388208,0.0062373,-0.0070605,-0.00564441,-0.00676074,-0.0389006,-0.0246182,-0.007007,-0.0188135,0.0353604,0.0635332,0.0318536,0.0479389,0.057406,-0.0215178,-0.0133757,-0.0256238,0.00833957,0.0113438,0.0490391,0.0125388,0.00491631,-0.0341817,-0.057145,-0.0472873,0.021829,0.00210741,-0.00259585,-0.0361092,0.00171637,0.00456818,0.0590249,0.0680269,0.00230382,0.00632568,-0.00699117,-0.0448899,-0.000630937,0.0134381,0.0351404,0.0182342,-0.00761575,-0.0169751,0.0489012,0.00820724,0.00278057,0.00650407,0.0169103,0.00745755,0.00952583,-0.00490911,-0.00114762,0.000481542,-0.0467225,0.0762643,-0.0360013,0.018855
0.391994,0.0326461,0.0141125,-0.00429768,-0.0280708,0.0243707,0.00422233,-0.0042577,-0.00395147,-0.00870453,0.00464417,-0.0464523,-0.0380099,0.00747364,-0.0071181,-0.00561717,-0.00684713,-0.0379311,-0.0246957,-0.00602732,-0.0185696,0.0354372,0.0639344,0.03137,0.0476643,0.0571689,-0.0211801,-0.0123096,-0.025152,0.00847809,0.0113926,0.0482731,0.0125013,0.00486545,-0.0338088,-0.0557054,-0.0466816,0.0217002,0.00212233,-0.00261077,-0.0357155,0.0015535,0.00457362,0.0587728,0.0677656,0.00232598,0.00622662,-0.00692918,-0.0444746,-0.00063331,0.0132899,0.0351488,0.0183167,-0.00720739,-0.0168346,0.0484624,0.008293,0.00272767,0.00634933,0.0167693,0.00763087,0.00963176,-0.00491608,-0.00107685,0.000392888,-0.0458405,0.0757265,-0.0357973,0.0186601
0.392994,0.0319158,0.01412,-0.00444091,-0.027878,0.0241384,0.00405472,-0.00419839,-0.00375856,-0.008277,0.00465273,-0.0458994,-0.0372041,0.00867297,-0.00717086,-0.00558813,-0.00692806,-0.0369705,-0.0247608,-0.00507135,-0.0183243,0.0354957,0.0642955,0.0308859,0.0473759,0.0569127,-0.0208421,-0.0112669,-0.0246822,0.00860927,0.0114352,0.0475056,0.0124593,0.00481388,-0.0334314,-0.0542793,-0.0460731,0.0215652,0.00213574,-0.00262397,-0.0353163,0.00139445,0.00457684,0.0585011,0.0674807,0.00234656,0.00612764,-0.0068658,-0.0440513,-0.000635269,0.01314,0.035141,0.0183887,-0.00680748,-0.0166909,0.0480144,0.00837279,0.0026751,0.00619565,0.0166246,0.00779603,0.00973069,-0.00492081,-0.00100761,0.00030652,-0.0449618,0.0751693,-0.0355827,0.0184621
0.393994,0.0311908,0.0141214,-0.00457821,-0.0276783,0.0239018,0.00389001,-0.00413866,-0.00356919,-0.00785749,0.00465905,-0.0453422,-0.0364038,0.00983529,-0.00721881,-0.00555734,-0.00700358,-0.0360191,-0.0248136,-0.00413917,-0.0180777,0.0355363,0.0646169,0.0304017,0.0470743,0.0566379,-0.0205041,-0.0102477,-0.0242146,0.00873316,0.0114717,0.0467371,0.0124128,0.00476162,-0.0330497,-0.0528673,-0.0454621,0.0214241,0.00214765,-0.00263547,-0.0349119,0.00123922,0.00457789,0.0582102,0.0671726,0.00236557,0.00602877,-0.00680109,-0.0436204,-0.00063682,0.0129884,0.0351173,0.0184503,-0.00641603,-0.0165441,0.0475575,0.00844666,0.00262289,0.00604311,0.0164764,0.00795309,0.00982266,-0.00492333,-0.000939899,0.000222437,-0.0440869,0.0745931,-0.0353577,0.0182612
0.394994,0.0304713,0.0141167,-0.0047096,-0.0274721,0.023661,0.00372822,-0.00407856,-0.00338339,-0.00744606,0.00466317,-0.0447808,-0.0356093,0.0109606,-0.00726201,-0.00552483,-0.00707373,-0.0350774,-0.0248543,-0.00323088,-0.0178298,0.0355592,0.0648989,0.0299175,0.0467596,0.0563449,-0.0201662,-0.00925216,-0.0237494,0.0088498,0.0115021,0.0459679,0.0123619,0.00470871,-0.0326639,-0.0514698,-0.0448487,0.021277,0.0021581,-0.00264528,-0.0345026,0.00108785,0.00457678,0.0579005,0.0668418,0.00238303,0.00593006,-0.00673509,-0.0431821,-0.000637971,0.0128352,0.035078,0.0185017,-0.00603311,-0.0163943,0.0470921,0.00851466,0.00257104,0.00589178,0.0163248,0.00810209,0.00990773,-0.00492365,-0.000873732,0.000140635,-0.043216,0.0739987,-0.0351225,0.0180575
0.395993,0.0297576,0.0141062,-0.00483513,-0.0272595,0.0234162,0.00356938,-0.00401813,-0.00320121,-0.0070428,0.0046651,-0.0442156,-0.0348207,0.012049,-0.00730052,-0.00549065,-0.00713857,-0.0341455,-0.024883,-0.00234654,-0.0175808,0.0355646,0.0651422,0.0294335,0.0464323,0.0560341,-0.0198286,-0.00828042,-0.0232867,0.00895923,0.0115266,0.0451984,0.0123068,0.00465518,-0.0322742,-0.0500873,-0.0442333,0.0211241,0.00216709,-0.00265345,-0.0340885,0.000940332,0.00457356,0.0575725,0.0664889,0.00239894,0.00583154,-0.00666787,-0.0427368,-0.000638729,0.0126804,0.0350232,0.018543,-0.00565872,-0.0162415,0.0466184,0.00857685,0.00251957,0.0057417,0.0161699,0.0082431,0.00998597,-0.00492182,-0.000809111,6.1111e-05,-0.0423495,0.0733864,-0.0348775,0.0178512
0.396993,0.0290499,0.0140898,-0.00495482,-0.0270407,0.0231676,0.00341352,-0.0039574,-0.00302266,-0.00664776,0.00466488,-0.0436468,-0.0340386,0.0131004,-0.00733439,-0.00545483,-0.00719816,-0.0332238,-0.0248998,-0.0014862,-0.0173309,0.0355528,0.0653472,0.02895,0.0460927,0.0557059,-0.0194914,-0.00733255,-0.0228267,0.00906151,0.0115452,0.0444291,0.0122475,0.00460106,-0.0318809,-0.0487201,-0.0436163,0.0209656,0.00217467,-0.00265999,-0.03367,0.000796678,0.00456825,0.0572267,0.0661144,0.00241333,0.00573326,-0.00659946,-0.0422848,-0.000639099,0.0125243,0.0349533,0.0185743,-0.00529291,-0.0160859,0.0461368,0.00863328,0.0024685,0.00559295,0.0160118,0.00837616,0.0100574,-0.00491786,-0.000746041,-1.61391e-05,-0.0414878,0.072757,-0.0346229,0.0176424
0.397993,0.0283486,0.0140676,-0.00506873,-0.0268158,0.0229154,0.00326066,-0.00389642,-0.00284779,-0.00626102,0.00466254,-0.0430749,-0.0332629,0.014115,-0.00736369,-0.00541743,-0.00725255,-0.0323126,-0.024905,-0.000649888,-0.0170802,0.0355242,0.0655145,0.0284672,0.0457412,0.0553608,-0.0191548,-0.00640863,-0.0223697,0.00915671,0.0115579,0.0436602,0.0121841,0.00454638,-0.0314842,-0.0473688,-0.0429977,0.0208017,0.00218085,-0.00266494,-0.0332474,0.000656893,0.00456089,0.0568634,0.0657188,0.0024262,0.00563523,-0.00652992,-0.0418262,-0.00063909,0.0123669,0.0348685,0.0185958,-0.00493567,-0.0159276,0.0456477,0.00868402,0.00241783,0.00544558,0.0158506,0.00850135,0.0101222,-0.0049118,-0.000684523,-9.11216e-05,-0.0406312,0.072111,-0.0343589,0.0174313
0.398993,0.0276538,0.0140398,-0.00517689,-0.0265851,0.0226597,0.00311082,-0.00383521,-0.00267661,-0.00588262,0.00465811,-0.0424999,-0.0324941,0.0150929,-0.00738847,-0.00537848,-0.00730182,-0.0314121,-0.0248987,0.000162383,-0.0168287,0.035479,0.0656446,0.0279852,0.0453781,0.0549991,-0.0188189,-0.00550871,-0.0219156,0.00924487,0.0115649,0.0428922,0.0121167,0.00449116,-0.0310844,-0.0460338,-0.042378,0.0206324,0.00218565,-0.00266832,-0.032821,0.00052098,0.00455151,0.0564832,0.0653026,0.00243758,0.00553751,-0.0064593,-0.0413616,-0.000638709,0.0122082,0.0347691,0.0186077,-0.00458704,-0.0157666,0.0451514,0.00872913,0.00236759,0.00529964,0.0156865,0.00861873,0.0101803,-0.00490367,-0.000624561,-0.000163843,-0.03978,0.071449,-0.0340858,0.0172179
0.399993,0.0269658,0.0140064,-0.00527934,-0.0263487,0.0224006,0.00296402,-0.00377382,-0.00250915,-0.0055126,0.00465162,-0.0419223,-0.0317324,0.0160342,-0.00740881,-0.00533802,-0.00734601,-0.0305227,-0.0248811,0.000950614,-0.0165766,0.0354175,0.065738,0.0275042,0.0450037,0.0546213,-0.0184839,-0.00463284,-0.0214647,0.00932607,0.0115662,0.0421254,0.0120455,0.00443545,-0.0306816,-0.0447153,-0.0417573,0.0204581,0.00218911,-0.00267016,-0.0323909,0.000388939,0.00454016,0.0560864,0.0648664,0.00244748,0.00544013,-0.00638765,-0.040891,-0.000637964,0.0120484,0.0346555,0.01861,-0.00424701,-0.0156032,0.0446482,0.00876868,0.00231778,0.0051552,0.0155197,0.00872838,0.0102318,-0.0048935,-0.000566155,-0.000234313,-0.0389347,0.0707716,-0.033804,0.0170024
0.400993,0.0262847,0.0139675,-0.00537615,-0.0261069,0.0221385,0.00282028,-0.00371228,-0.00234544,-0.00515102,0.00464311,-0.0413423,-0.030978,0.016939,-0.00742476,-0.00529611,-0.00738519,-0.0296445,-0.0248523,0.00171482,-0.0163241,0.0353401,0.0657954,0.0270245,0.0446185,0.0542279,-0.0181498,-0.00378104,-0.0210171,0.00940038,0.0115619,0.0413603,0.0119704,0.00437927,-0.030276,-0.0434139,-0.041136,0.0202787,0.00219125,-0.00267049,-0.0319574,0.000260765,0.00452686,0.0556736,0.0644108,0.00245592,0.00534312,-0.00631503,-0.0404149,-0.000636861,0.0118875,0.0345279,0.018603,-0.00391558,-0.0154373,0.0441384,0.00880274,0.00226841,0.0050123,0.0153501,0.00883037,0.0102769,-0.00488133,-0.000509304,-0.000302538,-0.0380953,0.0700792,-0.0335137,0.016785
0.401993,0.0256109,0.0139233,-0.00546736,-0.0258598,0.0218734,0.00267961,-0.00365064,-0.00218547,-0.0047979,0.00463261,-0.0407601,-0.0302311,0.0178076,-0.00743641,-0.00525278,-0.00741944,-0.0287779,-0.0248126,0.00245504,-0.0160712,0.0352469,0.0658173,0.0265463,0.0442227,0.0538192,-0.0178168,-0.00295331,-0.0205729,0.00946786,0.0115521,0.040597,0.0118916,0.00432265,-0.029868,-0.0421297,-0.0405143,0.0200946,0.00219209,-0.00266935,-0.0315209,0.000136454,0.00451165,0.0552452,0.0639362,0.00246292,0.00524652,-0.00624148,-0.0399336,-0.00063541,0.0117257,0.0343866,0.0185867,-0.00359275,-0.0152691,0.0436224,0.00883138,0.00221951,0.00487099,0.015178,0.00892478,0.0103155,-0.00486719,-0.000454007,-0.000368531,-0.0372624,0.0693726,-0.0332152,0.0165658
0.402993,0.0249445,0.0138738,-0.00555302,-0.0256076,0.0216055,0.00254201,-0.00358891,-0.00202928,-0.00445327,0.00462015,-0.0401761,-0.029492,0.0186401,-0.0074438,-0.00520807,-0.00744883,-0.027923,-0.024762,0.00317131,-0.0158181,0.0351384,0.0658043,0.0260696,0.0438168,0.0533958,-0.0174852,-0.00214966,-0.0201324,0.0095286,0.011537,0.0398361,0.0118092,0.00426562,-0.0294576,-0.0408633,-0.0398925,0.0199059,0.00219166,-0.00266675,-0.0310816,1.59978e-05,0.00449458,0.0548018,0.0634433,0.00246849,0.00515035,-0.00616706,-0.0394472,-0.000633617,0.011563,0.0342319,0.0185615,-0.0032785,-0.0150988,0.0431006,0.00885468,0.00217106,0.00473133,0.0150035,0.00901171,0.0103479,-0.00485112,-0.000400262,-0.000432303,-0.0364361,0.0686523,-0.0329087,0.0163449
0.403993,0.0242857,0.0138191,-0.0056332,-0.0253505,0.021335,0.00240751,-0.00352715,-0.00187688,-0.00411715,0.00460578,-0.0395906,-0.0287609,0.0194368,-0.00744703,-0.00516204,-0.00747342,-0.0270801,-0.0247008,0.00386372,-0.0155649,0.0350148,0.0657571,0.0255947,0.043401,0.052958,-0.0171549,-0.00137004,-0.0196955,0.00958268,0.0115164,0.0390778,0.0117233,0.00420822,-0.0290452,-0.0396148,-0.0392707,0.0197127,0.00219,-0.00266274,-0.0306397,-0.000100615,0.00447568,0.0543436,0.0629326,0.00247266,0.00505465,-0.00609181,-0.0389562,-0.000631492,0.0113995,0.0340642,0.0185273,-0.00297283,-0.0149263,0.0425731,0.00887271,0.0021231,0.00459336,0.0148266,0.00909124,0.0103739,-0.00483315,-0.000348065,-0.000493865,-0.0356167,0.0679189,-0.0325946,0.0161224
0.404993,0.0236348,0.0137594,-0.00570795,-0.0250887,0.0210621,0.0022761,-0.00346538,-0.00172826,-0.00378956,0.00458953,-0.0390037,-0.0280379,0.0201979,-0.00744616,-0.00511472,-0.00749329,-0.0262493,-0.0246292,0.00453232,-0.0153116,0.0348766,0.0656762,0.0251218,0.0429758,0.0525064,-0.0168261,-0.000614424,-0.0192625,0.00963017,0.0114907,0.0383224,0.011634,0.00415047,-0.028631,-0.0383846,-0.0386493,0.0195152,0.00218712,-0.00265734,-0.0301955,-0.000213398,0.00445499,0.0538714,0.0624047,0.00247544,0.00495946,-0.00601578,-0.0384608,-0.000629042,0.0112353,0.0338837,0.0184845,-0.00267571,-0.0147518,0.0420405,0.00888555,0.00207563,0.00445712,0.0146476,0.00916345,0.0103939,-0.00481332,-0.000297411,-0.000553231,-0.0348046,0.0671729,-0.0322731,0.0158986
0.405993,0.0229918,0.0136947,-0.00577734,-0.0248223,0.0207868,0.0021478,-0.00340364,-0.00158344,-0.0034705,0.00457142,-0.0384158,-0.0273233,0.0209236,-0.00744126,-0.00506617,-0.00750852,-0.0254309,-0.0245474,0.00517723,-0.0150585,0.0347239,0.0655623,0.0246511,0.0425416,0.0520413,-0.016499,0.000117257,-0.0188335,0.00967117,0.0114598,0.0375703,0.0115413,0.0040924,-0.0282151,-0.037173,-0.0380285,0.0193136,0.00218306,-0.00265058,-0.0297493,-0.000322367,0.00443255,0.0533854,0.0618601,0.00247687,0.00486479,-0.00593902,-0.0379614,-0.000626276,0.0110705,0.0336908,0.0184331,-0.00238712,-0.0145754,0.041503,0.00889329,0.00202866,0.00432266,0.0144666,0.00922845,0.0104077,-0.00479167,-0.000248297,-0.000610416,-0.034,0.066415,-0.0319445,0.0156734
0.406993,0.022357,0.0136251,-0.00584142,-0.0245516,0.0205095,0.00202259,-0.00334196,-0.00144242,-0.00315997,0.00455152,-0.0378271,-0.0266172,0.0216143,-0.00743242,-0.00501643,-0.00751918,-0.0246251,-0.0244556,0.00579855,-0.0148056,0.0345572,0.0654162,0.0241827,0.0420986,0.0515633,-0.0161736,0.000825074,-0.0184085,0.00970577,0.0114239,0.0368218,0.0114455,0.00403404,-0.0277978,-0.0359803,-0.0374086,0.019108,0.00217784,-0.0026425,-0.0293013,-0.000427539,0.00440841,0.0528862,0.0612993,0.00247695,0.00477069,-0.00586159,-0.0374581,-0.000623202,0.0109052,0.0334857,0.0183734,-0.00210701,-0.0143972,0.0409609,0.00889601,0.00198219,0.00419001,0.0142836,0.00928634,0.0104156,-0.00476822,-0.000200714,-0.000665436,-0.033203,0.0656456,-0.0316091,0.0154471
0.407993,0.0217305,0.0135509,-0.00590028,-0.0242768,0.0202302,0.00190049,-0.00328037,-0.00130521,-0.00285797,0.00452984,-0.037238,-0.0259199,0.0222702,-0.00741972,-0.00496553,-0.00752536,-0.023832,-0.024354,0.00639641,-0.014553,0.0343769,0.0652384,0.0237167,0.0416473,0.0510728,-0.0158501,0.00150912,-0.0179877,0.00973405,0.0113831,0.0360773,0.0113466,0.00397543,-0.0273793,-0.0348065,-0.0367897,0.0188987,0.00217149,-0.00263313,-0.0288517,-0.000528935,0.00438261,0.0523743,0.0607231,0.00247571,0.00467719,-0.00578353,-0.0369513,-0.000619829,0.0107394,0.0332688,0.0183055,-0.00183537,-0.0142174,0.0404146,0.00889379,0.00193625,0.00405922,0.0140988,0.00933721,0.0104177,-0.00474303,-0.000154656,-0.000718306,-0.0324141,0.0648655,-0.0312672,0.0152197
0.408993,0.0211125,0.0134719,-0.00595397,-0.023998,0.0199491,0.00178149,-0.0032189,-0.00117179,-0.00256449,0.00450644,-0.0366485,-0.0252314,0.0228917,-0.00740322,-0.00491354,-0.00752713,-0.0230517,-0.0242428,0.00697094,-0.0143009,0.0341831,0.0650296,0.0232534,0.041188,0.0505702,-0.0155287,0.0021695,-0.0175713,0.00975611,0.0113374,0.0353369,0.0112446,0.00391659,-0.0269598,-0.0336521,-0.0361721,0.0186858,0.00216403,-0.0026225,-0.0284008,-0.000626579,0.00435518,0.0518501,0.0601318,0.00247318,0.0045843,-0.00570489,-0.0364413,-0.000616165,0.0105733,0.0330405,0.0182297,-0.00157213,-0.0140359,0.0398644,0.00888674,0.00189083,0.00393032,0.0139123,0.00938118,0.0104139,-0.00471614,-0.000110114,-0.000769045,-0.0316334,0.0640752,-0.0309191,0.0149914
0.409993,0.0205032,0.0133885,-0.00600257,-0.0237154,0.0196664,0.00166559,-0.00315759,-0.00104216,-0.00227951,0.00448135,-0.0360591,-0.024552,0.0234791,-0.00738302,-0.00486048,-0.00752458,-0.0222845,-0.0241222,0.0075223,-0.0140493,0.0339763,0.0647905,0.0227929,0.0407211,0.0500561,-0.0152093,0.00280633,-0.0171592,0.00977206,0.011287,0.034601,0.0111398,0.00385756,-0.0265394,-0.0325173,-0.0355561,0.0184694,0.00215551,-0.00261064,-0.0279489,-0.000720495,0.00432617,0.0513142,0.0595262,0.00246937,0.00449206,-0.00562571,-0.0359284,-0.00061222,0.0104068,0.032801,0.018146,-0.00131726,-0.013853,0.0393106,0.00887493,0.00184594,0.00380335,0.0137243,0.00941834,0.0104045,-0.00468757,-6.70798e-05,-0.000817671,-0.0308611,0.0632752,-0.030565,0.0147624
0.410993,0.0199026,0.0133006,-0.00604615,-0.0234293,0.0193823,0.00155279,-0.00309647,-0.000916326,-0.00200301,0.00445461,-0.0354699,-0.0238818,0.0240327,-0.00735919,-0.00480642,-0.00751779,-0.0215304,-0.0239924,0.00805065,-0.0137984,0.0337569,0.0645219,0.0223353,0.0402469,0.0495308,-0.0148921,0.00341975,-0.0167517,0.009782,0.011232,0.0338699,0.0110322,0.00379835,-0.0261185,-0.0314021,-0.0349418,0.0182497,0.00214595,-0.00259759,-0.0274961,-0.000810711,0.00429563,0.050767,0.0589067,0.00246432,0.00440049,-0.00554605,-0.0354128,-0.000608002,0.0102402,0.0325507,0.0180548,-0.00107071,-0.0136686,0.0387535,0.00885846,0.0018016,0.00367833,0.0135348,0.00944882,0.0103896,-0.00465738,-2.55424e-05,-0.000864204,-0.0300975,0.0624661,-0.0302053,0.0145327
0.411993,0.019311,0.0132085,-0.00608479,-0.0231398,0.0190968,0.00144306,-0.00303556,-0.000794264,-0.00173496,0.00442627,-0.0348812,-0.023221,0.024553,-0.00733182,-0.00475139,-0.00750686,-0.0207895,-0.0238537,0.00855618,-0.0135482,0.0335251,0.0642244,0.0218809,0.0397658,0.0489948,-0.0145773,0.00400992,-0.0163487,0.00978602,0.0111724,0.0331439,0.0109218,0.00373901,-0.0256972,-0.0303068,-0.0343295,0.018027,0.00213536,-0.00258339,-0.0270428,-0.000897256,0.0042636,0.050209,0.058274,0.00245804,0.00430963,-0.00546596,-0.0348948,-0.000603519,0.0100734,0.0322899,0.0179561,-0.000832421,-0.013483,0.0381934,0.00883743,0.00175781,0.00355531,0.013344,0.00947273,0.0103692,-0.0046256,1.45087e-05,-0.000908662,-0.0293427,0.0616485,-0.0298402,0.0143024
0.412993,0.0187283,0.0131122,-0.00611857,-0.0228471,0.0188102,0.00133641,-0.0029749,-0.000675966,-0.00147533,0.00439636,-0.0342932,-0.0225696,0.0250404,-0.00730099,-0.00469544,-0.00749186,-0.0200621,-0.0237062,0.00903908,-0.0132988,0.0332814,0.0638988,0.0214297,0.0392781,0.0484486,-0.0142649,0.00457698,-0.0159505,0.00978424,0.0111085,0.0324232,0.0108089,0.00367956,-0.0252757,-0.0292315,-0.0337194,0.0178013,0.0021238,-0.00256805,-0.0265892,-0.000980162,0.00423013,0.0496407,0.0576287,0.00245057,0.00421949,-0.00538547,-0.0343747,-0.000598782,0.00990665,0.032019,0.0178502,-0.000602327,-0.0132963,0.0376307,0.00881193,0.00171457,0.0034343,0.013152,0.00949018,0.0103435,-0.00459228,5.30855e-05,-0.000951069,-0.028597,0.0608229,-0.02947,0.0140718
0.413993,0.0181548,0.0130118,-0.00614757,-0.0225514,0.0185226,0.00123282,-0.00291451,-0.000561416,-0.00122408,0.00436493,-0.0337063,-0.0219278,0.0254952,-0.00726679,-0.00463862,-0.00747289,-0.0193482,-0.0235502,0.00949956,-0.0130504,0.0330262,0.0635458,0.0209818,0.0387843,0.0478927,-0.0139551,0.00512114,-0.015557,0.00977677,0.0110402,0.0317081,0.0106935,0.00362003,-0.0248543,-0.0281764,-0.0331117,0.0175729,0.00211128,-0.00255162,-0.0261354,-0.00105946,0.00419525,0.0490626,0.0569712,0.00244192,0.0041301,-0.00530463,-0.0338529,-0.000593798,0.0097399,0.0317383,0.0177372,-0.000380367,-0.0131084,0.0370657,0.00878206,0.0016719,0.00331534,0.0129589,0.00950129,0.0103125,-0.00455746,9.02005e-05,-0.000991446,-0.0278605,0.0599899,-0.029095,0.0138408
0.414993,0.0175906,0.0129075,-0.00617186,-0.0222529,0.0182341,0.00113227,-0.00285442,-0.000450597,-0.000981158,0.00433203,-0.0331205,-0.0212957,0.025918,-0.00722931,-0.00458097,-0.00745004,-0.0186478,-0.0233859,0.00993784,-0.012803,0.0327596,0.063166,0.0205375,0.0382847,0.0473275,-0.0136478,0.00564257,-0.0151685,0.00976371,0.0109678,0.0309989,0.0105757,0.00356044,-0.024433,-0.0271417,-0.0325066,0.0173419,0.00209783,-0.00253414,-0.0256817,-0.00113519,0.00415901,0.0484751,0.0563022,0.00243212,0.00404149,-0.0052235,-0.0333294,-0.000588577,0.00957325,0.0314481,0.0176175,-0.000166471,-0.0129196,0.0364986,0.00874792,0.0016298,0.00319845,0.0127648,0.00950619,0.0102764,-0.00452118,0.000125867,-0.00102982,-0.0271335,0.0591501,-0.0287155,0.0136097
0.415993,0.0170357,0.0127993,-0.00619154,-0.0219517,0.017945,0.00103476,-0.00279466,-0.000343489,-0.000746518,0.00429768,-0.0325362,-0.0206735,0.026309,-0.00718863,-0.00452254,-0.00742339,-0.0179611,-0.0232136,0.0103541,-0.0125568,0.0324823,0.0627604,0.0200969,0.0377796,0.0467535,-0.0133433,0.00614148,-0.0147848,0.00974519,0.0108913,0.0302957,0.0104557,0.00350083,-0.0240121,-0.0261273,-0.0319043,0.0171084,0.00208348,-0.00251563,-0.0252284,-0.00120739,0.00412147,0.0478787,0.0556222,0.00242121,0.00395367,-0.00514211,-0.0328047,-0.000583128,0.00940679,0.0311488,0.0174911,3.94345e-05,-0.0127298,0.0359298,0.00870962,0.00158828,0.00308365,0.0125698,0.009505,0.0102354,-0.00448348,0.0001601,-0.0010662,-0.026416,0.0583041,-0.0283317,0.0133785
0.416993,0.0164902,0.0126874,-0.00620668,-0.0216482,0.0176554,0.00094026,-0.00273526,-0.00024007,-0.000520106,0.00426195,-0.0319535,-0.0200611,0.0266689,-0.00714485,-0.00446337,-0.00739305,-0.0172881,-0.0230335,0.0107487,-0.0123118,0.0321944,0.0623296,0.0196601,0.0372694,0.0461712,-0.0130416,0.00661809,-0.0144062,0.00972132,0.0108109,0.0295988,0.0103335,0.00344122,-0.0235917,-0.0251335,-0.031305,0.0168727,0.00206827,-0.00249613,-0.0247757,-0.0012761,0.00408266,0.047274,0.0549319,0.0024092,0.00386667,-0.00506051,-0.032279,-0.00057746,0.00924059,0.0308407,0.0173583,0.000237428,-0.0125393,0.0353596,0.00866725,0.00154734,0.00297096,0.0123741,0.00949785,0.0101894,-0.00444441,0.000192913,-0.00110063,-0.0257083,0.0574523,-0.027944,0.0131474
0.417993,0.0159543,0.012572,-0.00621738,-0.0213423,0.0173654,0.000848754,-0.00267623,-0.000140315,-0.000301859,0.00422487,-0.0313727,-0.0194588,0.0269981,-0.00709804,-0.00440351,-0.0073591,-0.0166289,-0.0228458,0.0111218,-0.0120681,0.0318964,0.0618744,0.0192271,0.0367544,0.0455809,-0.0127428,0.00707264,-0.0140327,0.00969221,0.0107266,0.0289086,0.0102092,0.00338164,-0.0231721,-0.0241602,-0.0307089,0.0166349,0.00205222,-0.00247567,-0.0243237,-0.00134136,0.00404264,0.0466613,0.0542317,0.00239612,0.00378052,-0.00497874,-0.0317525,-0.000571582,0.00907472,0.0305241,0.0172192,0.000427592,-0.0123482,0.0347883,0.00862092,0.00150698,0.0028604,0.0121778,0.00948486,0.0101387,-0.00440402,0.000224323,-0.00113313,-0.0250104,0.0565953,-0.0275526,0.0129164
0.418993,0.0154279,0.0124531,-0.00622373,-0.0210344,0.0170751,0.000760221,-0.00261761,-4.41973e-05,-9.17127e-05,0.00418648,-0.0307941,-0.0188665,0.027297,-0.00704831,-0.004343,-0.00732164,-0.0159835,-0.0226507,0.0114737,-0.0118259,0.0315887,0.0613955,0.0187982,0.0362351,0.0449832,-0.012447,0.00750536,-0.0136643,0.009658,0.0106386,0.028225,0.0100829,0.00332212,-0.0227535,-0.0232077,-0.0301162,0.0163952,0.00203536,-0.0024543,-0.0238727,-0.00140321,0.00400144,0.0460412,0.0535223,0.00238201,0.00369523,-0.00489685,-0.0312255,-0.000565503,0.00890926,0.0301994,0.0170741,0.000610012,-0.0121564,0.0342161,0.00857074,0.00146722,0.00275198,0.0119809,0.00946618,0.0100834,-0.00436235,0.000254347,-0.00116371,-0.0243226,0.0557337,-0.0271579,0.0126857
0.419993,0.0149112,0.0123308,-0.0062258,-0.0207246,0.0167847,0.000674637,-0.00255942,4.83124e-05,0.000110404,0.00414684,-0.0302178,-0.0182845,0.0275662,-0.00699574,-0.00428189,-0.00728077,-0.015352,-0.0224485,0.0118047,-0.0115851,0.0312715,0.0608937,0.0183734,0.0357116,0.0443785,-0.0121543,0.0079165,-0.0133011,0.00961879,0.010547,0.0275485,0.00995482,0.00326268,-0.022336,-0.0222757,-0.0295271,0.0161536,0.00201773,-0.00243203,-0.023423,-0.0014617,0.00395912,0.0454142,0.0528042,0.00236689,0.00361082,-0.00481488,-0.0306984,-0.000559232,0.00874427,0.029867,0.0169232,0.000784778,-0.0119641,0.0336434,0.00851681,0.00142805,0.00264573,0.0117837,0.00944192,0.0100236,-0.00431943,0.000283,-0.00119242,-0.0236449,0.0548679,-0.0267599,0.0124554
0.420993,0.0144043,0.0122053,-0.00622371,-0.0204131,0.0164944,0.000591978,-0.00250168,0.000137245,0.000304565,0.00410598,-0.029644,-0.0177126,0.0278062,-0.00694042,-0.00422022,-0.00723657,-0.0147343,-0.0222395,0.012115,-0.0113459,0.0309454,0.0603698,0.0179529,0.0351845,0.0437673,-0.0118646,0.00830635,-0.0129432,0.00957472,0.010452,0.0268792,0.00982496,0.00320336,-0.0219198,-0.0213646,-0.0289418,0.0159105,0.00199934,-0.00240891,-0.0229746,-0.00151687,0.00391572,0.0447806,0.052078,0.00235078,0.00352731,-0.00473287,-0.0301712,-0.000552778,0.00857983,0.0295272,0.0167667,0.000951982,-0.0117715,0.0330705,0.00845924,0.00138948,0.00254166,0.0115861,0.00941224,0.00995936,-0.00427533,0.000310301,-0.00121928,-0.0229776,0.0539986,-0.0263592,0.0122256
0.421993,0.013907,0.0120768,-0.00621753,-0.0201001,0.0162043,0.000512218,-0.00244441,0.000222634,0.000490851,0.00406396,-0.029073,-0.0171511,0.0280176,-0.00688245,-0.00415804,-0.00718916,-0.0141305,-0.0220238,0.012405,-0.0111083,0.0306106,0.0598245,0.0175367,0.034654,0.04315,-0.0115783,0.00867517,-0.0125907,0.00952592,0.0103536,0.0262172,0.00969346,0.00314417,-0.021505,-0.0204741,-0.0283603,0.015666,0.00198024,-0.00238497,-0.0225278,-0.00156877,0.00387129,0.0441411,0.0513442,0.00233372,0.00344472,-0.00465087,-0.0296443,-0.00054615,0.00841601,0.0291803,0.0166047,0.00111172,-0.0115786,0.0324976,0.00839814,0.00135152,0.00243977,0.0113883,0.00937726,0.00989089,-0.00423008,0.000336269,-0.00124431,-0.0223205,0.0531262,-0.0259558,0.0119964
0.422993,0.0134196,0.0119452,-0.00620737,-0.0197858,0.0159145,0.000435328,-0.00238764,0.000304515,0.000669346,0.00402081,-0.0285049,-0.0165998,0.0282008,-0.00682191,-0.00409539,-0.00713863,-0.0135407,-0.0218018,0.012675,-0.0108725,0.0302676,0.0592587,0.0171251,0.0341205,0.0425271,-0.0112951,0.00902325,-0.0122435,0.0094725,0.0102519,0.0255628,0.00956041,0.00308514,-0.0210918,-0.0196044,-0.027783,0.0154201,0.00196044,-0.00236025,-0.0220829,-0.00161746,0.00382587,0.043496,0.0506034,0.00231574,0.00336306,-0.00456891,-0.0291179,-0.000539357,0.00825286,0.0288266,0.0164376,0.0012641,-0.0113854,0.0319249,0.00833361,0.00131416,0.00234007,0.0111904,0.00933712,0.00981828,-0.00418373,0.000360923,-0.00126755,-0.021674,0.0522513,-0.0255502,0.0117679
0.423993,0.012942,0.0118108,-0.00619332,-0.0194703,0.0156252,0.00036128,-0.00233139,0.000382925,0.000840139,0.00397659,-0.0279399,-0.016059,0.0283565,-0.0067589,-0.00403231,-0.00708507,-0.0129647,-0.0215735,0.0129252,-0.0106385,0.0299166,0.0586731,0.0167179,0.0335844,0.041899,-0.0110154,0.00935089,-0.0119017,0.0094146,0.0101471,0.0249162,0.00942592,0.0030263,-0.0206805,-0.0187554,-0.0272099,0.0151731,0.00193998,-0.00233478,-0.0216399,-0.00166298,0.00377952,0.0428458,0.0498561,0.00229686,0.00328236,-0.00448703,-0.0285923,-0.000532408,0.00809045,0.0284666,0.0162654,0.00140922,-0.0111922,0.0313529,0.00826578,0.00127741,0.00224257,0.0109926,0.00929196,0.00974168,-0.00413632,0.000384281,-0.00128902,-0.0210381,0.0513743,-0.0251425,0.0115401
0.424993,0.0124743,0.0116737,-0.00617547,-0.0191538,0.0153365,0.000290041,-0.00227567,0.000457904,0.00100332,0.00393133,-0.0273783,-0.0155286,0.0284852,-0.00669352,-0.00396886,-0.00702858,-0.0124025,-0.0213394,0.013156,-0.0104064,0.0295582,0.0580685,0.0163154,0.0330458,0.0412662,-0.010739,0.0096584,-0.0115654,0.00935235,0.0100394,0.0242774,0.0092901,0.00296767,-0.0202711,-0.017927,-0.0266412,0.0149252,0.0019189,-0.00230859,-0.0211992,-0.00170539,0.00373227,0.0421909,0.049103,0.00227711,0.00320262,-0.00440528,-0.0280677,-0.000525311,0.00792885,0.0281005,0.0160885,0.00154718,-0.0109989,0.0307817,0.00819475,0.00124127,0.00214728,0.0107948,0.00924193,0.0096612,-0.00408791,0.000406366,-0.00130876,-0.0204128,0.0504958,-0.024733,0.0113133
0.425993,0.0120164,0.011534,-0.00615393,-0.0188365,0.0150485,0.00022158,-0.00222051,0.000529491,0.00115899,0.00388509,-0.0268202,-0.0150086,0.0285875,-0.00662585,-0.00390506,-0.00696927,-0.0118542,-0.0210997,0.0133678,-0.0101762,0.0291926,0.0574457,0.0159177,0.0325053,0.0406291,-0.0104662,0.00994611,-0.0112345,0.00928589,0.00992873,0.0236468,0.00915303,0.00290928,-0.0198638,-0.0171193,-0.0260772,0.0146764,0.00189721,-0.00228171,-0.0207607,-0.00174474,0.00368418,0.0415319,0.0483445,0.00225653,0.00312388,-0.00432369,-0.0275444,-0.000518077,0.00776812,0.0277287,0.0159069,0.0016781,-0.0108057,0.0302117,0.00812063,0.00120575,0.00205421,0.0105973,0.00918716,0.00957698,-0.00403853,0.000427196,-0.00132679,-0.0197983,0.0496163,-0.024322,0.0110875
0.426993,0.0115684,0.0113918,-0.00612879,-0.0185186,0.0147614,0.000155863,-0.00216593,0.000597731,0.00130725,0.00383791,-0.0262658,-0.014499,0.0286639,-0.00655599,-0.00384097,-0.00690723,-0.0113198,-0.0208545,0.0135609,-0.00994807,0.0288202,0.0568054,0.0155248,0.0319631,0.0399881,-0.0101968,0.0102143,-0.0109092,0.00921533,0.00981534,0.0230243,0.00901483,0.00285114,-0.0194588,-0.0163322,-0.0255178,0.0144269,0.00187494,-0.00225419,-0.0203249,-0.00178109,0.0036353,0.0408692,0.0475811,0.00223514,0.00304612,-0.0042423,-0.0270225,-0.000510713,0.00760833,0.0273516,0.015721,0.00180209,-0.0106127,0.029643,0.00804353,0.00117084,0.00196334,0.0104001,0.00912781,0.00948915,-0.00398823,0.000446794,-0.00134315,-0.0191945,0.0487362,-0.0239097,0.0108628
0.427993,0.0111303,0.0112472,-0.00610015,-0.0182002,0.0144753,9.28548e-05,-0.00211193,0.000662668,0.0014482,0.00378983,-0.0257153,-0.014,0.0287152,-0.00648403,-0.00377662,-0.00684257,-0.010799,-0.0206042,0.0137357,-0.00972202,0.0284414,0.0561485,0.0151368,0.0314195,0.0393437,-0.00993111,0.0104634,-0.0105895,0.00914082,0.00969933,0.0224103,0.0088756,0.00279329,-0.0190563,-0.0155655,-0.0249633,0.014177,0.00185214,-0.00222605,-0.0198917,-0.00181448,0.00358566,0.0402032,0.0468135,0.00221297,0.00296938,-0.00416115,-0.0265023,-0.000503228,0.00744952,0.0269694,0.015531,0.00191927,-0.0104199,0.029076,0.00796357,0.00113655,0.00187468,0.0102032,0.00906401,0.00939784,-0.00393707,0.000465181,-0.00135787,-0.0186016,0.0478561,-0.0234965,0.0106392
0.428993,0.0107022,0.0111004,-0.00606812,-0.0178816,0.0141903,3.25188e-05,-0.00205855,0.000724348,0.00158195,0.00374091,-0.0251689,-0.0135114,0.0287418,-0.00641007,-0.00371206,-0.00677539,-0.010292,-0.0203489,0.0138924,-0.00949814,0.0280566,0.0554757,0.0147538,0.0308748,0.0386963,-0.00966902,0.0106937,-0.0102753,0.00906249,0.00958082,0.0218047,0.00873543,0.00273575,-0.0186562,-0.0148193,-0.0244139,0.0139266,0.00182882,-0.00219733,-0.0194615,-0.00184499,0.00353532,0.0395343,0.0460421,0.00219006,0.00289367,-0.00408027,-0.025984,-0.000495631,0.00729175,0.0265825,0.0153369,0.00202974,-0.0102274,0.0285108,0.00788086,0.00110287,0.00178824,0.0100069,0.0089959,0.00930319,-0.00388508,0.00048238,-0.00137099,-0.0180196,0.0469764,-0.0230825,0.010417
0.429993,0.0102838,0.0109515,-0.00603279,-0.0175628,0.0139065,-2.51824e-05,-0.0020058,0.000782819,0.00170861,0.00369118,-0.0246267,-0.0130332,0.0287444,-0.00633419,-0.00364733,-0.00670577,-0.00979857,-0.020089,0.0140315,-0.00927648,0.0276661,0.0547879,0.0143758,0.0303295,0.0380464,-0.00941061,0.0109055,-0.00996675,0.00898048,0.00945994,0.0212077,0.00859442,0.00267853,-0.0182589,-0.0140934,-0.0238696,0.013676,0.00180501,-0.00216806,-0.0190343,-0.00187267,0.00348431,0.038863,0.0452674,0.00216643,0.00281899,-0.0039997,-0.0254679,-0.000487931,0.00713509,0.0261912,0.0151391,0.00213364,-0.0100354,0.0279478,0.00779552,0.00106981,0.001704,0.00981118,0.00892365,0.00920533,-0.00383232,0.000498413,-0.00138253,-0.0174486,0.0460976,-0.0226679,0.0101961
0.430993,0.00987537,0.0108006,-0.00599427,-0.0172441,0.013624,-8.02879e-05,-0.00195368,0.000838131,0.0018283,0.0036407,-0.0240889,-0.0125655,0.0287236,-0.00625649,-0.00358247,-0.00663384,-0.00931872,-0.0198247,0.0141534,-0.0090571,0.0272703,0.0540857,0.014003,0.0297837,0.0373942,-0.00915594,0.0110992,-0.00966379,0.00889492,0.0093368,0.0206195,0.00845268,0.00262167,-0.0178645,-0.0133877,-0.0233306,0.0134254,0.00178074,-0.00213827,-0.0186103,-0.00189758,0.0034327,0.0381898,0.0444901,0.00214211,0.00274536,-0.00391948,-0.0249541,-0.000480135,0.00697959,0.0257959,0.0149378,0.00223109,-0.00984388,0.0273872,0.00770765,0.00103737,0.00162196,0.00961614,0.00884739,0.00910438,-0.00377882,0.000513304,-0.00139252,-0.0168885,0.0452201,-0.0222532,0.00997661
0.431993,0.00947675,0.0106479,-0.00595265,-0.0169255,0.0133431,-0.000132838,-0.00190223,0.000890334,0.00194113,0.00358951,-0.0235556,-0.0121083,0.02868,-0.00617707,-0.00351752,-0.00655968,-0.00885235,-0.0195562,0.0142583,-0.00884006,0.0268696,0.05337,0.0136353,0.0292378,0.0367404,-0.00890504,0.0112752,-0.00936646,0.00880595,0.00921153,0.0200402,0.00831029,0.00256518,-0.017473,-0.012702,-0.022797,0.0131748,0.00175604,-0.002108,-0.0181897,-0.00191978,0.00338052,0.0375151,0.0437105,0.00211714,0.00267278,-0.00383964,-0.0244429,-0.000472252,0.0068253,0.0253969,0.0147331,0.00232221,-0.00965295,0.0268291,0.00761738,0.00100555,0.00154212,0.00942188,0.00876727,0.00900049,-0.00372464,0.000527076,-0.00140101,-0.0163394,0.0443444,-0.0218384,0.00975869
0.432993,0.00908792,0.0104934,-0.00590805,-0.0166074,0.0130637,-0.000182873,-0.00185144,0.000939481,0.00204723,0.00353765,-0.0230271,-0.0116614,0.0286143,-0.00609602,-0.00345252,-0.0064834,-0.00839937,-0.0192837,0.0143468,-0.00862542,0.0264643,0.0526415,0.0132729,0.0286921,0.0360852,-0.00865796,0.0114339,-0.00907476,0.0087137,0.00908425,0.0194698,0.00816736,0.00250908,-0.0170846,-0.0120363,-0.022269,0.0129244,0.00173094,-0.00207728,-0.0177727,-0.00193934,0.00332782,0.0368392,0.0429292,0.00209154,0.00260127,-0.00376021,-0.0239344,-0.000464291,0.00667227,0.0249945,0.0145253,0.00240713,-0.0094627,0.0262739,0.0075248,0.000974338,0.00146446,0.00922848,0.00868343,0.00889379,-0.00366982,0.000539752,-0.00140803,-0.0158013,0.043471,-0.0214238,0.00954237
0.433993,0.00870885,0.0103373,-0.00586056,-0.0162897,0.012786,-0.000230435,-0.00180134,0.000985626,0.00214672,0.00348518,-0.0225034,-0.011225,0.0285272,-0.00601342,-0.0033875,-0.00640509,-0.00795967,-0.0190076,0.0144192,-0.00841323,0.0260547,0.051901,0.0129158,0.0281469,0.0354291,-0.00841473,0.0115756,-0.0087887,0.00861831,0.00895508,0.0189085,0.00802397,0.00245339,-0.0166995,-0.0113903,-0.0217466,0.0126744,0.00170546,-0.00204614,-0.0173592,-0.00195631,0.00327464,0.0361626,0.0421467,0.00206534,0.00253084,-0.00368122,-0.0234289,-0.00045626,0.00652056,0.0245891,0.0143145,0.00248598,-0.00927321,0.0257218,0.00743005,0.000943747,0.00138898,0.00903603,0.00859603,0.00878441,-0.0036144,0.000551358,-0.00141361,-0.0152742,0.0426002,-0.0210097,0.00932775
0.434993,0.00833951,0.0101797,-0.00581029,-0.0159728,0.0125101,-0.000275568,-0.00175193,0.00102882,0.00223972,0.00343213,-0.0219846,-0.0107989,0.0284192,-0.00592937,-0.00332251,-0.00632487,-0.00753315,-0.018728,0.0144759,-0.00820354,0.0256413,0.0511494,0.012564,0.0276025,0.0347725,-0.00817538,0.0117007,-0.00850827,0.00851993,0.00882415,0.0183563,0.00788023,0.00239813,-0.0163177,-0.010764,-0.0212299,0.0124248,0.00167964,-0.00201462,-0.0169496,-0.00197075,0.00322103,0.0354857,0.0413634,0.00203858,0.00246149,-0.00360271,-0.0229266,-0.000448166,0.0063702,0.0241809,0.0141011,0.00255889,-0.00908455,0.025173,0.00733323,0.000913771,0.00131567,0.0088446,0.00850522,0.00867249,-0.00355844,0.000561917,-0.00141779,-0.0147582,0.0417326,-0.0205962,0.00911489
0.435993,0.00797983,0.0100207,-0.00575735,-0.0156567,0.0122361,-0.000318316,-0.00170323,0.00106913,0.00232636,0.00337855,-0.0214711,-0.010383,0.028291,-0.00584396,-0.00325759,-0.00624282,-0.0071197,-0.0184453,0.0145173,-0.00799639,0.0252244,0.0503872,0.0122176,0.0270592,0.0341157,-0.00793995,0.0118096,-0.00823349,0.00841868,0.00869158,0.0178133,0.00773623,0.00234333,-0.0159394,-0.010157,-0.0207192,0.0121758,0.0016535,-0.00198274,-0.016544,-0.00198274,0.00316704,0.0348089,0.0405799,0.00201129,0.00239323,-0.00352471,-0.0224276,-0.000440017,0.00622125,0.0237703,0.013885,0.00262599,-0.00889679,0.0246277,0.00723445,0.000884408,0.0012445,0.0086543,0.00841114,0.00855816,-0.00350197,0.000571455,-0.0014206,-0.0142531,0.0408684,-0.0201837,0.00890388
0.436993,0.00762976,0.00986048,-0.00570183,-0.0153416,0.0119641,-0.000358724,-0.00165525,0.0011066,0.00240678,0.00332448,-0.0209628,-0.00997747,0.0281433,-0.00575728,-0.00319277,-0.00615905,-0.00671918,-0.0181595,0.0145438,-0.00779185,0.0248043,0.0496154,0.0118767,0.0265173,0.0334592,-0.00770845,0.0119028,-0.00796433,0.0083147,0.00855749,0.0172796,0.00759205,0.002289,-0.0155647,-0.00956934,-0.0202144,0.0119276,0.00162706,-0.00195053,-0.0161424,-0.00199234,0.0031127,0.0341327,0.0397967,0.00198348,0.00232607,-0.00344725,-0.0219322,-0.000431823,0.00607375,0.0233576,0.0136667,0.00268742,-0.00871003,0.0240861,0.00713383,0.000855657,0.00117547,0.00846518,0.00831393,0.00844154,-0.00344505,0.000579996,-0.00142207,-0.0137591,0.0400082,-0.0197723,0.00869478
0.437993,0.00728924,0.00969913,-0.00564384,-0.0150276,0.0116941,-0.000396836,-0.00160799,0.0011413,0.00248111,0.00326997,-0.0204599,-0.00958209,0.0279767,-0.00566943,-0.00312808,-0.00607366,-0.00633148,-0.0178711,0.0145558,-0.00758994,0.0243814,0.0488346,0.0115413,0.0259769,0.0328033,-0.0074809,0.0119805,-0.0077008,0.00820813,0.008422,0.0167552,0.00744779,0.00223515,-0.0151937,-0.00900071,-0.0197157,0.0116802,0.00160035,-0.00191803,-0.015745,-0.00199961,0.00305806,0.0334573,0.0390141,0.00195521,0.00226001,-0.00337035,-0.0214405,-0.000423589,0.00592775,0.0229431,0.0134462,0.00274332,-0.00852433,0.0235484,0.00703147,0.000827514,0.00110857,0.00827734,0.00821376,0.00832279,-0.00338772,0.000587567,-0.00142226,-0.0132759,0.0391523,-0.0193623,0.00848766
0.438993,0.0069582,0.00953676,-0.00558349,-0.0147149,0.0114264,-0.000432701,-0.00156148,0.00117328,0.00254949,0.00321507,-0.0199625,-0.00919683,0.0277919,-0.00558048,-0.00306357,-0.00598674,-0.00595646,-0.0175802,0.0145537,-0.00739071,0.0239561,0.0480456,0.0112113,0.0254385,0.0321485,-0.00725734,0.0120433,-0.00744287,0.0080991,0.00828523,0.0162402,0.00730354,0.00218182,-0.0148266,-0.00845092,-0.0192232,0.0114339,0.00157341,-0.00188527,-0.015352,-0.00200462,0.00300316,0.0327832,0.0382327,0.00192649,0.00219506,-0.00329405,-0.0209527,-0.000415324,0.00578329,0.0225271,0.0132238,0.00279381,-0.00833976,0.0230149,0.0069275,0.000799979,0.00104377,0.00809084,0.00811076,0.00820202,-0.00333001,0.000594192,-0.00142118,-0.0128038,0.0383011,-0.0189538,0.00828258
0.439993,0.00663656,0.0093735,-0.00552088,-0.0144037,0.011161,-0.000466365,-0.00151571,0.00120261,0.00261205,0.00315982,-0.0194708,-0.00882163,0.0275896,-0.00549053,-0.00299927,-0.00589839,-0.00559397,-0.017287,0.014538,-0.0071942,0.0235285,0.0472491,0.0108869,0.0249023,0.031495,-0.00703778,0.0120915,-0.00719054,0.00798776,0.00814729,0.0157347,0.00715938,0.002129,-0.0144633,-0.00791975,-0.018737,0.0111886,0.00154624,-0.00185228,-0.0149634,-0.00200744,0.00294805,0.0321107,0.0374529,0.00189735,0.00213123,-0.00321837,-0.0204689,-0.000407035,0.0056404,0.0221099,0.0129996,0.00283904,-0.0081564,0.0224856,0.00682202,0.000773048,0.000981048,0.00790576,0.00800508,0.00807936,-0.00327199,0.000599897,-0.00141888,-0.0123425,0.037455,-0.0185471,0.00807962
0.440993,0.00632425,0.00920946,-0.00545611,-0.014094,0.010898,-0.000497876,-0.00147069,0.00122934,0.00266893,0.00310425,-0.0189848,-0.00845641,0.0273703,-0.00539967,-0.00293521,-0.00580872,-0.00524386,-0.0169919,0.0145091,-0.00700044,0.0230992,0.0464459,0.0105681,0.0243684,0.0308433,-0.00682222,0.0121256,-0.00694377,0.00787424,0.00800831,0.0152387,0.00701539,0.00207673,-0.0141041,-0.00740697,-0.0182571,0.0109445,0.00151889,-0.00181908,-0.0145793,-0.00200813,0.00289277,0.0314403,0.0366751,0.00186783,0.00206851,-0.00314335,-0.0199894,-0.000398729,0.00549913,0.0216918,0.0127738,0.00287915,-0.00797431,0.0219609,0.00671514,0.000746717,0.000920396,0.00772217,0.00789687,0.00795496,-0.00321368,0.000604708,-0.00141539,-0.0118921,0.0366144,-0.0181424,0.00787884
0.441993,0.00602117,0.00904476,-0.00538929,-0.013786,0.0106374,-0.000527283,-0.00142644,0.00125354,0.00272027,0.00304842,-0.0185048,-0.0081011,0.0271348,-0.00530799,-0.00287143,-0.00571781,-0.00490597,-0.0166949,0.0144673,-0.00680948,0.0226684,0.0456367,0.0102548,0.0238373,0.0301936,-0.00661069,0.0121459,-0.00670256,0.00775867,0.0078684,0.0147521,0.00687168,0.00202501,-0.013749,-0.00691236,-0.0177836,0.0107019,0.00149137,-0.00178571,-0.0141999,-0.00200675,0.00283735,0.0307722,0.0358998,0.00183795,0.0020069,-0.003069,-0.0195142,-0.000390413,0.00535952,0.0212731,0.0125468,0.00291428,-0.00779356,0.0214408,0.00660697,0.000720984,0.000861788,0.00754014,0.00778628,0.00782893,-0.00315513,0.000608651,-0.00141076,-0.0114524,0.0357796,-0.0177398,0.00768028
0.442993,0.00572725,0.00887951,-0.00532051,-0.0134799,0.0103794,-0.000554634,-0.00138295,0.00127527,0.00276622,0.00299236,-0.0180306,-0.0077556,0.0268837,-0.00521556,-0.00280796,-0.00562576,-0.00458015,-0.0163964,0.0144131,-0.00662133,0.0222365,0.0448222,0.00994719,0.0233091,0.0295464,-0.00640318,0.0121528,-0.00646687,0.00764119,0.00772768,0.0142751,0.0067283,0.00197386,-0.0133981,-0.00643566,-0.0173166,0.0104606,0.00146371,-0.00175219,-0.0138253,-0.00200339,0.00278185,0.0301069,0.0351274,0.00180775,0.00194642,-0.00299534,-0.0190436,-0.000382095,0.00522159,0.0208541,0.0123185,0.00294457,-0.00761422,0.0209256,0.00649762,0.000695845,0.000805201,0.00735973,0.00767344,0.00770142,-0.00309639,0.000611753,-0.00140501,-0.0110235,0.0349509,-0.0173396,0.00748402
0.443993,0.00544238,0.00871382,-0.0052499,-0.0131757,0.010124,-0.00057998,-0.00134024,0.0012946,0.00280692,0.00293612,-0.0175626,-0.00741983,0.0266178,-0.00512247,-0.00274482,-0.00553268,-0.00426623,-0.0160966,0.014347,-0.00643604,0.0218037,0.044003,0.00964517,0.0227842,0.028902,-0.00619971,0.0121469,-0.00623668,0.00752193,0.00758626,0.0138076,0.00658536,0.0019233,-0.0130515,-0.00597662,-0.0168562,0.010221,0.00143594,-0.00171856,-0.0134555,-0.00199809,0.00272629,0.0294447,0.0343583,0.00177725,0.00188706,-0.00292242,-0.0185777,-0.000373782,0.00508538,0.0204351,0.0120892,0.00297016,-0.00743635,0.0204155,0.00638719,0.000671296,0.000750612,0.00718101,0.00755851,0.00757254,-0.0030375,0.000614039,-0.00139819,-0.0106053,0.0341288,-0.0169419,0.0072901
0.444993,0.00516646,0.00854782,-0.00517753,-0.0128736,0.00987136,-0.00060337,-0.0012983,0.00131158,0.00284251,0.00287974,-0.0171007,-0.00709369,0.0263375,-0.00502882,-0.00268206,-0.00543864,-0.00396403,-0.0157958,0.0142694,-0.00625363,0.0213704,0.04318,0.00934878,0.0222626,0.0282607,-0.00600028,0.0121285,-0.00601195,0.00740102,0.00744425,0.0133497,0.00644292,0.00187334,-0.0127093,-0.00553498,-0.0164024,0.00998297,0.00140807,-0.00168483,-0.0130906,-0.00199094,0.00267072,0.0287858,0.0335929,0.00174648,0.00182883,-0.00285024,-0.0181167,-0.000365479,0.00495093,0.0200163,0.0118592,0.00299119,-0.00726002,0.0199105,0.0062758,0.000647333,0.000697997,0.00700405,0.00744162,0.00744242,-0.0029785,0.000615536,-0.00139033,-0.0101976,0.0333135,-0.016547,0.00709857
0.445993,0.00489939,0.0083816,-0.00510353,-0.0125738,0.00962148,-0.000624855,-0.00125715,0.00132629,0.00287315,0.00282326,-0.0166451,-0.00677708,0.0260437,-0.00493467,-0.00261971,-0.00534375,-0.00367337,-0.015494,0.0141806,-0.00607411,0.0209369,0.0423538,0.00905802,0.0217446,0.0276228,-0.00580489,0.0120981,-0.00579265,0.0072786,0.00730177,0.0129014,0.00630107,0.00182399,-0.0123715,-0.00511047,-0.0159553,0.00974677,0.00138013,-0.00165105,-0.0127308,-0.001982,0.00261518,0.0281307,0.0328317,0.00171547,0.00177172,-0.00277883,-0.0176606,-0.000357193,0.00481826,0.019598,0.0116285,0.00300781,-0.00708529,0.0194109,0.00616355,0.000623951,0.000647328,0.00682889,0.00732292,0.00731119,-0.00291943,0.000616269,-0.00138147,-0.00980048,0.0325053,-0.016155,0.00690949
0.446993,0.00464106,0.00821528,-0.00502799,-0.0122763,0.00937446,-0.000644486,-0.00121678,0.00133879,0.00289897,0.00276672,-0.0161958,-0.0064699,0.025737,-0.00484011,-0.00255778,-0.00524809,-0.00339407,-0.0151916,0.0140811,-0.00589753,0.0205036,0.0415251,0.00877291,0.0212306,0.0269887,-0.00561353,0.012056,-0.00557874,0.0071548,0.00715892,0.0124626,0.00615987,0.00177526,-0.0120383,-0.00470281,-0.0155149,0.00951245,0.00135214,-0.00161723,-0.0123761,-0.00197133,0.00255971,0.0274797,0.0320749,0.00168424,0.00171573,-0.00270821,-0.0172096,-0.000348931,0.0046874,0.0191805,0.0113974,0.00302015,-0.00691221,0.0189167,0.00605054,0.000601145,0.00059858,0.0066556,0.00720254,0.00717897,-0.00286034,0.000616267,-0.00137164,-0.00941379,0.0317047,-0.0157661,0.0067229
0.447993,0.00439136,0.00804896,-0.004951,-0.0119812,0.00913036,-0.000662314,-0.0011772,0.00134914,0.00292012,0.00271016,-0.0157529,-0.00617203,0.025418,-0.00474523,-0.00249632,-0.00515177,-0.00312594,-0.0148888,0.0139714,-0.00572389,0.0200706,0.0406944,0.00849344,0.0207206,0.0263586,-0.0054262,0.0120027,-0.00537018,0.00702974,0.00701582,0.0120333,0.00601941,0.00172718,-0.0117096,-0.00431171,-0.0150814,0.00928011,0.00132413,-0.0015834,-0.0120266,-0.00195901,0.00250433,0.026833,0.031323,0.00165284,0.00166086,-0.00263841,-0.0167638,-0.000340699,0.00455839,0.0187641,0.011166,0.00302837,-0.00674083,0.0184282,0.00593687,0.000578912,0.000551724,0.00648423,0.00708064,0.00704589,-0.00280125,0.000615554,-0.00136089,-0.00903745,0.0309117,-0.0153804,0.00653885
0.448993,0.00415016,0.00788276,-0.00487268,-0.0116887,0.00888925,-0.00067839,-0.00113842,0.00135741,0.00293676,0.00265362,-0.0153165,-0.00588337,0.0250873,-0.0046501,-0.00243535,-0.00505486,-0.00286878,-0.0145858,0.0138519,-0.00555322,0.0196383,0.0398626,0.0082196,0.020215,0.0257329,-0.00524289,0.0119386,-0.00516692,0.00690355,0.00687256,0.0116136,0.00587976,0.00167974,-0.0113856,-0.0039369,-0.0146547,0.00904985,0.00129612,-0.00154958,-0.0116823,-0.0019451,0.0024491,0.0261911,0.0305763,0.00162127,0.00160711,-0.00256944,-0.0163235,-0.000332502,0.00443124,0.018349,0.0109344,0.0030326,-0.00657123,0.0179455,0.00582265,0.000557244,0.000506732,0.00631484,0.00695733,0.00691207,-0.00274222,0.000614157,-0.00134925,-0.00867136,0.0301269,-0.0149981,0.00635737
0.449993,0.00391735,0.00771677,-0.00479312,-0.0113989,0.0086512,-0.000692766,-0.00110042,0.00136367,0.00294903,0.00259713,-0.0148866,-0.00560379,0.0247457,-0.0045548,-0.00237489,-0.00495746,-0.00262241,-0.0142828,0.0137229,-0.00538553,0.0192069,0.0390302,0.00795139,0.0197138,0.0251119,-0.00506359,0.0118641,-0.00496893,0.00677636,0.00672926,0.0112033,0.00574099,0.00163296,-0.0110664,-0.00357806,-0.0142349,0.00882176,0.00126813,-0.00151581,-0.0113434,-0.00192967,0.00239404,0.0255541,0.0298352,0.00158958,0.00155448,-0.00250131,-0.0158886,-0.000324347,0.00430598,0.0179354,0.010703,0.00303299,-0.00640344,0.0174687,0.00570798,0.000536138,0.000463574,0.00614748,0.00683277,0.00677762,-0.00268327,0.000612102,-0.00133676,-0.00831543,0.0293503,-0.0146195,0.00617851
0.450993,0.00369281,0.0075511,-0.00471241,-0.0111119,0.00841627,-0.000705493,-0.00106322,0.00136798,0.00295707,0.00254074,-0.0144634,-0.00533317,0.0243938,-0.0044594,-0.00231498,-0.00485965,-0.00238662,-0.01398,0.013585,-0.00522083,0.0187769,0.0381979,0.0076888,0.0192174,0.0244957,-0.00488829,0.0117798,-0.00477616,0.0066483,0.00658602,0.0108025,0.00560317,0.00158685,-0.0107519,-0.0032349,-0.013822,0.00859593,0.00124018,-0.00148211,-0.0110098,-0.00191279,0.00233919,0.0249223,0.0291001,0.00155778,0.00150297,-0.00243406,-0.0154593,-0.00031624,0.00418262,0.0175236,0.0104718,0.00302967,-0.00623753,0.016998,0.00559296,0.000515587,0.000422219,0.0059822,0.00670709,0.00664267,-0.00262446,0.000609416,-0.00132346,-0.00796954,0.0285824,-0.0142445,0.0060023
0.451993,0.00347639,0.00738585,-0.00463066,-0.0108278,0.00818451,-0.000716623,-0.00102681,0.0013704,0.00296105,0.00248448,-0.0140468,-0.00507139,0.0240321,-0.00436398,-0.00225563,-0.00476152,-0.00216119,-0.0136776,0.0134385,-0.00505914,0.0183483,0.0373662,0.00743181,0.0187258,0.0238848,-0.00471697,0.0116859,-0.00458854,0.00651949,0.00644294,0.0104112,0.00546636,0.00154142,-0.0104423,-0.00290711,-0.0134161,0.00837245,0.00121228,-0.00144849,-0.0106817,-0.00189451,0.00228458,0.0242961,0.0283712,0.00152591,0.00145256,-0.00236769,-0.0150356,-0.000308185,0.0040612,0.0171139,0.010241,0.0030228,-0.00607353,0.0165334,0.00547767,0.000495586,0.000382635,0.00581903,0.00658041,0.00650733,-0.00256581,0.000606124,-0.00130937,-0.00763359,0.0278233,-0.0138734,0.00582878
0.452993,0.00326798,0.00722111,-0.00454796,-0.0105467,0.00795597,-0.000726209,-0.000991195,0.00137102,0.0029611,0.00242839,-0.013637,-0.00481832,0.0236614,-0.00426862,-0.00219688,-0.00466315,-0.00194594,-0.0133758,0.0132839,-0.00490047,0.0179216,0.0365359,0.00718041,0.0182394,0.0232794,-0.00454962,0.0115829,-0.00440604,0.00639004,0.00630011,0.0100292,0.00533062,0.00149669,-0.0101375,-0.00259438,-0.0130172,0.00815139,0.00118447,-0.00141499,-0.0103591,-0.00187492,0.00223025,0.0236757,0.0276488,0.00149399,0.00140326,-0.00230222,-0.0146178,-0.000300187,0.00394173,0.0167065,0.0100107,0.00301251,-0.0059115,0.0160751,0.00536223,0.000476128,0.000344791,0.00565803,0.00645287,0.00637171,-0.00250736,0.000602252,-0.00129455,-0.00730747,0.0270733,-0.0135063,0.00565798
0.453993,0.00306744,0.007057,-0.0044644,-0.0102687,0.00773071,-0.000734301,-0.000956372,0.00136988,0.00295737,0.0023725,-0.013234,-0.00457382,0.0232822,-0.00417339,-0.00213874,-0.00456463,-0.00174064,-0.0130749,0.0131216,-0.00474481,0.0174969,0.0357074,0.00693457,0.0177582,0.0226797,-0.0043862,0.0114713,-0.00422859,0.00626009,0.00615765,0.00965655,0.00519604,0.00145264,-0.0098377,-0.00229638,-0.0126253,0.00793284,0.00115676,-0.00138162,-0.010042,-0.00185407,0.00217623,0.0230613,0.0269334,0.00146204,0.00135506,-0.00223767,-0.0142059,-0.000292253,0.00382423,0.0163016,0.0097812,0.00299894,-0.00575148,0.0156232,0.00524672,0.000457207,0.000308654,0.00549924,0.00632461,0.00623593,-0.00244915,0.000597826,-0.00127902,-0.00699105,0.0263326,-0.0131434,0.00548992
0.454993,0.00287463,0.00689359,-0.00438009,-0.00999383,0.00750877,-0.000740953,-0.00092234,0.00136706,0.00295002,0.00231685,-0.0128377,-0.00433776,0.0228953,-0.00407835,-0.00208125,-0.00446604,-0.00154507,-0.0127749,0.0129519,-0.00459219,0.0170746,0.0348814,0.00669428,0.0172824,0.0220859,-0.00422671,0.0113514,-0.00405614,0.00612974,0.00601563,0.00929318,0.00506265,0.00140931,-0.00954287,-0.00201281,-0.0122404,0.00771687,0.00112917,-0.00134841,-0.00973044,-0.00183203,0.00212255,0.0224533,0.0262252,0.0014301,0.00130796,-0.00217405,-0.0137999,-0.000284387,0.00370871,0.0158994,0.00955253,0.00298223,-0.00559352,0.0151778,0.00513123,0.000438817,0.000274189,0.00534269,0.00619573,0.0061001,-0.00239122,0.000592872,-0.00126282,-0.00668421,0.0256015,-0.0127848,0.00532464
0.455993,0.0026894,0.00673099,-0.0042951,-0.00972227,0.0072902,-0.000746214,-0.000889095,0.00136263,0.00293919,0.00226147,-0.0124484,-0.00411,0.0225011,-0.00398357,-0.00202441,-0.00436745,-0.00135903,-0.0124761,0.0127754,-0.00444259,0.0166548,0.0340584,0.00645949,0.0168122,0.0214984,-0.00407112,0.0112237,-0.00388863,0.00599911,0.00587416,0.00893902,0.00493053,0.00136669,-0.00925304,-0.00174332,-0.0118626,0.00750355,0.00110171,-0.00131538,-0.00942453,-0.00180886,0.00206924,0.0218518,0.0255244,0.00139818,0.00126194,-0.00211137,-0.0134001,-0.000276593,0.00359519,0.0155002,0.00932486,0.00296253,-0.00543765,0.014739,0.00501586,0.000420951,0.000241363,0.00518843,0.00606638,0.00596433,-0.00233359,0.000587415,-0.00124599,-0.00638682,0.0248801,-0.0124305,0.00516216
0.456992,0.00251162,0.00656929,-0.00420954,-0.00945406,0.00707504,-0.000750138,-0.000856637,0.00135665,0.00292502,0.00220639,-0.0120659,-0.00389041,0.0221003,-0.00388913,-0.00196825,-0.00426896,-0.00118229,-0.0121787,0.0125924,-0.00429603,0.0162379,0.0332391,0.0062302,0.0163478,0.0209173,-0.0039194,0.0110886,-0.00372599,0.00586833,0.00573333,0.008594,0.00479973,0.00132478,-0.00896827,-0.0014876,-0.0114918,0.00729296,0.00107441,-0.00128256,-0.00912426,-0.00178463,0.00201634,0.0212571,0.0248315,0.00136631,0.00121701,-0.00204965,-0.0130063,-0.000268877,0.00348367,0.0151041,0.00909835,0.00293996,-0.00528392,0.0143069,0.00490068,0.000403603,0.000210141,0.00503648,0.00593667,0.00582873,-0.0022763,0.000581479,-0.00122856,-0.00609876,0.0241686,-0.0120808,0.0050025
0.457992,0.00234113,0.00640857,-0.0041235,-0.00918929,0.00686332,-0.000752774,-0.000824961,0.00134919,0.00290767,0.00215165,-0.0116903,-0.00367882,0.0216935,-0.00379509,-0.0019128,-0.00417062,-0.00101463,-0.0118829,0.0124033,-0.0041525,0.015824,0.0324238,0.00600635,0.0158893,0.0203429,-0.00377152,0.0109464,-0.00356818,0.00573749,0.00559323,0.00825806,0.0046703,0.00128361,-0.00868857,-0.00124531,-0.0111281,0.00708516,0.00104729,-0.00124995,-0.00882967,-0.00175941,0.00196386,0.0206694,0.0241465,0.00133451,0.00117315,-0.0019889,-0.0126188,-0.000261242,0.00337418,0.0147114,0.00887314,0.00291468,-0.00513236,0.0138815,0.0047858,0.000386764,0.000180487,0.00488688,0.00580673,0.00569339,-0.00221939,0.000575091,-0.00121057,-0.00581988,0.0234674,-0.0117357,0.00484568
0.458992,0.0021778,0.00624892,-0.00403705,-0.00892803,0.00665509,-0.000754175,-0.000794064,0.00134031,0.00288728,0.00209729,-0.0113217,-0.0034751,0.0212813,-0.0037015,-0.00185806,-0.00407253,-0.000855833,-0.0115888,0.0122086,-0.004012,0.0154133,0.0316132,0.00578792,0.0154368,0.0197754,-0.00362744,0.0107976,-0.00341511,0.00560671,0.00545394,0.00793111,0.0045423,0.00124316,-0.00841398,-0.00101611,-0.0107715,0.00688021,0.00102035,-0.00121758,-0.00854076,-0.00173325,0.00191184,0.0200889,0.0234698,0.00130281,0.00113037,-0.00192913,-0.0122376,-0.000253692,0.00326671,0.0143222,0.00864936,0.0028868,-0.00498301,0.013463,0.00467129,0.000370429,0.000152365,0.00473966,0.00567667,0.00555842,-0.00216288,0.000568275,-0.00119206,-0.00555005,0.0227764,-0.0113953,0.00469172
0.459992,0.00202147,0.00609043,-0.0039503,-0.00867037,0.00645037,-0.000754392,-0.00076394,0.00133007,0.00286399,0.00204332,-0.01096,-0.00327911,0.0208643,-0.00360845,-0.00180407,-0.00397474,-0.000705666,-0.0112966,0.0120085,-0.00387452,0.0150062,0.0308078,0.00557486,0.0149905,0.019215,-0.00348715,0.0106427,-0.00326672,0.0054761,0.00531554,0.00761308,0.00441578,0.00120345,-0.00814451,-0.000799679,-0.010422,0.00667818,0.00099362,-0.00118548,-0.00825757,-0.00170622,0.00186031,0.0195158,0.0228017,0.00127123,0.00108864,-0.00187035,-0.0118627,-0.000246233,0.00316128,0.0139368,0.00842715,0.00285647,-0.0048359,0.0130513,0.00455724,0.000354589,0.00012574,0.00459486,0.0055466,0.00542392,-0.00210681,0.000561055,-0.00117306,-0.00528913,0.022096,-0.0110598,0.00454063
0.460992,0.00187198,0.00593318,-0.00386332,-0.00841637,0.00624919,-0.000753473,-0.000734586,0.00131855,0.00283794,0.00198978,-0.0106054,-0.00309068,0.0204429,-0.00351597,-0.00175083,-0.00387734,-0.000563905,-0.0110065,0.0118036,-0.00374006,0.0146027,0.0300081,0.00536714,0.0145506,0.0186618,-0.0033506,0.0104819,-0.00312295,0.00534576,0.00517813,0.00730387,0.00429079,0.00116447,-0.00788019,-0.000595665,-0.0100795,0.00647911,0.000967111,-0.00115365,-0.00798011,-0.00167838,0.00180928,0.0189504,0.0221423,0.00123979,0.00104796,-0.00181256,-0.0114942,-0.000238866,0.0030579,0.0135553,0.00820663,0.00282382,-0.00469106,0.0126467,0.00444373,0.000339238,0.000100574,0.00445248,0.00541665,0.00528999,-0.0020512,0.000553455,-0.0011536,-0.00503697,0.0214262,-0.0107292,0.00439243
0.461992,0.00172919,0.00577724,-0.00377619,-0.0081661,0.00605159,-0.000751471,-0.000705996,0.0013058,0.00280929,0.00193669,-0.0102577,-0.00290966,0.0200179,-0.00342415,-0.00169836,-0.00378039,-0.000430323,-0.0107186,0.0115942,-0.0036086,0.0142032,0.0292145,0.00516471,0.014117,0.0181161,-0.00321775,0.0103157,-0.00298372,0.0052158,0.00504177,0.0070034,0.00416737,0.00112624,-0.00762103,-0.000403731,-0.00974404,0.00628307,0.000940838,-0.00112212,-0.00770837,-0.00164978,0.00175879,0.0183927,0.0214919,0.00120851,0.00100833,-0.00175578,-0.0111322,-0.000231597,0.00295656,0.0131779,0.00798794,0.00278898,-0.00454852,0.0122491,0.00433083,0.000324367,7.68305e-05,0.00431256,0.00528692,0.00515672,-0.00199609,0.0005455,-0.00113372,-0.00479343,0.0207671,-0.0104036,0.00424712
0.462992,0.00159295,0.0056227,-0.00368901,-0.00791962,0.00585757,-0.000748433,-0.000678165,0.0012919,0.00277816,0.0018841,-0.00991697,-0.00273591,0.0195898,-0.00333302,-0.00164668,-0.00368397,-0.000304692,-0.0104331,0.0113807,-0.00348014,0.0138078,0.0284275,0.00496753,0.01369,0.0175781,-0.00308857,0.0101444,-0.00284897,0.00508631,0.00490655,0.00671157,0.00404557,0.00108876,-0.00736703,-0.000223537,-0.00941565,0.00609009,0.000914817,-0.00109089,-0.00744238,-0.0016205,0.00170887,0.017843,0.0208507,0.00117742,0.000969723,-0.00170001,-0.0107766,-0.000224427,0.00285728,0.0128048,0.0077712,0.00275209,-0.00440831,0.0118586,0.00421862,0.000309969,5.44721e-05,0.00417512,0.00515752,0.0050242,-0.00194151,0.000537212,-0.00111345,-0.00455835,0.0201191,-0.0100832,0.00410472
0.463992,0.00146309,0.00546963,-0.00360185,-0.00767698,0.00566717,-0.00074441,-0.000651085,0.0012769,0.0027447,0.00183201,-0.00958326,-0.00256926,0.019159,-0.00324264,-0.0015958,-0.00358813,-0.000186783,-0.0101501,0.0111634,-0.00335467,0.0134167,0.0276475,0.00477554,0.0132696,0.0170478,-0.00296302,0.00996852,-0.00271862,0.00495739,0.00477255,0.00642828,0.00392543,0.00105203,-0.00711821,-5.47392e-05,-0.00909429,0.00590024,0.000889062,-0.00106,-0.00718212,-0.00159058,0.00165952,0.0173014,0.0202188,0.00114653,0.000932144,-0.00164527,-0.0104277,-0.000217361,0.00276004,0.0124361,0.00755651,0.00271326,-0.00427045,0.0114752,0.00410717,0.000296037,3.34613e-05,0.00404017,0.00502856,0.00489253,-0.00188747,0.000528614,-0.00109282,-0.00433158,0.019482,-0.00976788,0.00396522
0.464992,0.00133945,0.00531811,-0.00351478,-0.00743825,0.0054804,-0.000739451,-0.00062475,0.00126086,0.00270905,0.00178047,-0.00925654,-0.00240955,0.0187261,-0.00315308,-0.00154573,-0.00349294,-7.63678e-05,-0.00986989,0.0109428,-0.00323217,0.01303,0.0268751,0.00458869,0.012856,0.0165255,-0.00284106,0.00978835,-0.00259259,0.00482915,0.00463982,0.00615342,0.003807,0.00101604,-0.00687457,0.000103003,-0.00877993,0.00571354,0.000863586,-0.00102946,-0.0069276,-0.00156009,0.00161078,0.0167681,0.0195966,0.00111586,0.000895576,-0.00159155,-0.0100852,-0.000210402,0.00266486,0.012072,0.007344,0.00267263,-0.00413497,0.0110991,0.00399657,0.000282562,1.37602e-05,0.00390774,0.00490013,0.00476179,-0.00183402,0.00051973,-0.00107188,-0.00411296,0.0188562,-0.00945786,0.00382864
0.465992,0.00122189,0.0051682,-0.00342789,-0.00720348,0.00529728,-0.000733602,-0.000599153,0.00124385,0.00267133,0.00172949,-0.00893681,-0.00225664,0.0182917,-0.00306438,-0.00149649,-0.00339846,2.67836e-05,-0.00959247,0.0107192,-0.00311262,0.0126481,0.0261106,0.00440694,0.0124493,0.0160113,-0.00272264,0.00960427,-0.00247082,0.00470166,0.00450846,0.00588689,0.0036903,0.000980811,-0.00663611,0.000250034,-0.00847254,0.00553004,0.000838401,-0.00099927,-0.0066788,-0.00152909,0.00156266,0.0162433,0.0189841,0.00108544,0.000860009,-0.00153886,-0.00974945,-0.000203552,0.00257174,0.0117126,0.00713377,0.00263032,-0.00400189,0.0107301,0.00388687,0.000269536,-4.6693e-06,0.00377783,0.00477235,0.00463206,-0.00178116,0.000510582,-0.00105064,-0.00390235,0.0182416,-0.00915317,0.00369498
0.466992,0.00111023,0.00501998,-0.00334126,-0.00697271,0.00511781,-0.000726913,-0.000574286,0.00122594,0.00263169,0.0016791,-0.00862404,-0.00211035,0.0178562,-0.00297658,-0.00144809,-0.00330475,0.0001229,-0.00931803,0.0104929,-0.00299601,0.0122709,0.0253544,0.00423022,0.0120495,0.0155054,-0.00260771,0.00941664,-0.00235323,0.00457502,0.00437851,0.00562858,0.00357538,0.000946332,-0.00640283,0.000386694,-0.00817212,0.00534978,0.000813521,-0.000969457,-0.00643572,-0.00149762,0.0015152,0.015727,0.0183815,0.00105528,0.000825431,-0.0014872,-0.00942028,-0.000196814,0.00248066,0.0113581,0.00692592,0.00258645,-0.00387122,0.0103684,0.00377814,0.000256951,-2.18651e-05,0.00365047,0.0046453,0.00450343,-0.00172893,0.000501192,-0.00102915,-0.00369957,0.0176384,-0.00885386,0.00356423
0.467992,0.00100433,0.0048735,-0.00325494,-0.00674599,0.00494201,-0.000719429,-0.000550141,0.00120717,0.00259026,0.00162931,-0.00831823,-0.00197053,0.0174202,-0.00288974,-0.00140054,-0.00321188,0.00021221,-0.00904669,0.0102643,-0.00288232,0.0118988,0.0246069,0.00405848,0.0116567,0.0150079,-0.00249624,0.00922583,-0.00223973,0.00444932,0.00425005,0.00537836,0.00346226,0.000912605,-0.00617472,0.000513326,-0.00787861,0.00517278,0.000788957,-0.000940032,-0.00619833,-0.00146574,0.00146839,0.0152194,0.017789,0.00102541,0.000791832,-0.00143658,-0.00909777,-0.000190191,0.00239163,0.0110086,0.00672057,0.00254114,-0.00374299,0.0100139,0.00367045,0.000244799,-3.78655e-05,0.00352566,0.00451908,0.00437597,-0.00167735,0.000491581,-0.00100743,-0.00350446,0.0170466,-0.00856,0.00343639
0.468992,0.000904017,0.00472883,-0.00316902,-0.00652335,0.00476988,-0.000711198,-0.000526711,0.0011876,0.00254716,0.00158016,-0.00801935,-0.00183701,0.0169841,-0.0028039,-0.00135385,-0.00311989,0.000294941,-0.00877858,0.0100338,-0.00277152,0.0115318,0.0238685,0.00389166,0.011271,0.0145188,-0.00238818,0.00903218,-0.00213025,0.00432465,0.00412313,0.00513613,0.00335099,0.00087963,-0.00595176,0.00063027,-0.00759198,0.00499909,0.00076472,-0.000911007,-0.00596662,-0.00143351,0.00142227,0.0147206,0.0172067,0.000995827,0.000759199,-0.001387,-0.00878193,-0.000183684,0.00230463,0.0106643,0.00651779,0.00249452,-0.0036172,0.00966679,0.00356386,0.000233071,-5.27086e-05,0.0034034,0.00439378,0.00424977,-0.00162644,0.000481771,-0.000985519,-0.00331688,0.0164663,-0.00827163,0.00331145
0.469992,0.000809137,0.00458603,-0.00308357,-0.00630483,0.00460142,-0.000702265,-0.000503985,0.00116731,0.00250252,0.00153167,-0.00772738,-0.00170964,0.0165484,-0.00271911,-0.00130803,-0.00302885,0.00037132,-0.00851383,0.00980164,-0.0026636,0.01117,0.0231394,0.00372969,0.0108924,0.0140383,-0.00228347,0.00883605,-0.00202472,0.00420108,0.00399783,0.00490175,0.00324159,0.000847407,-0.00573395,0.000737864,-0.0073122,0.00482872,0.000740822,-0.000882396,-0.00574056,-0.00140098,0.00137685,0.0142307,0.0166347,0.000966561,0.000727519,-0.00133847,-0.00847277,-0.000177295,0.00221968,0.0103252,0.00631769,0.00244669,-0.00349387,0.00932696,0.00345844,0.00022176,-6.64327e-05,0.00328371,0.00426949,0.00412489,-0.00157623,0.000471782,-0.000963441,-0.00313664,0.0158977,-0.0079888,0.00318942
0.470992,0.000719529,0.00444516,-0.00299864,-0.00609047,0.00443664,-0.000692674,-0.000481956,0.00114634,0.00245647,0.00148385,-0.00744228,-0.00158824,0.0161135,-0.00263541,-0.00126308,-0.0029388,0.000441574,-0.00825255,0.00956822,-0.00255853,0.0108137,0.0224202,0.00357252,0.0105211,0.0135666,-0.00218206,0.00863775,-0.00192305,0.00407869,0.00387419,0.00467511,0.00313409,0.000815933,-0.00552126,0.000836447,-0.00703923,0.00466169,0.000717271,-0.000854208,-0.00552013,-0.0013682,0.00133215,0.0137499,0.0160732,0.000937626,0.000696781,-0.00129097,-0.0081703,-0.000171028,0.00213675,0.00999143,0.00612035,0.00239777,-0.00337301,0.00899443,0.00335423,0.000210856,-7.90757e-05,0.00316659,0.00414629,0.0040014,-0.00152673,0.000461635,-0.000941227,-0.00296359,0.0153406,-0.00771154,0.00307027
0.471992,0.000635033,0.00430628,-0.00291432,-0.00588029,0.00427554,-0.00068247,-0.000460614,0.00112475,0.00240913,0.00143672,-0.00716403,-0.00147267,0.0156799,-0.00255283,-0.00121902,-0.00284979,0.000505926,-0.00799486,0.00933383,-0.00245629,0.010463,0.021711,0.00342007,0.010157,0.0131036,-0.00208391,0.00843764,-0.00182516,0.00395755,0.00375226,0.00445608,0.00302851,0.000785207,-0.00531368,0.000926353,-0.00677301,0.00449803,0.000694077,-0.000826457,-0.00530529,-0.00133521,0.00128817,0.0132781,0.0155223,0.000909036,0.00066697,-0.00124452,-0.0078745,-0.000164883,0.00205583,0.00966317,0.00592585,0.00234787,-0.00325464,0.00866923,0.00325129,0.000200352,-9.06759e-05,0.00305204,0.00402428,0.00387938,-0.00147796,0.00045135,-0.000918906,-0.00279756,0.0147952,-0.0074399,0.00295401
0.472992,0.00055549,0.00416942,-0.00283065,-0.00567431,0.00411811,-0.000671697,-0.000439948,0.00110259,0.00236063,0.00139031,-0.00689259,-0.00136276,0.015248,-0.00247142,-0.00117585,-0.00276187,0.000564601,-0.00774086,0.00909879,-0.00235685,0.0101179,0.0210123,0.00327229,0.00980019,0.0126495,-0.00198897,0.00823601,-0.00173097,0.00383775,0.00363211,0.00424452,0.00292487,0.000755226,-0.00511119,0.00100792,-0.0065135,0.00433776,0.00067125,-0.000799151,-0.00509601,-0.00130208,0.00124495,0.0128155,0.014982,0.000880807,0.000638073,-0.00119911,-0.00758539,-0.000158862,0.00197693,0.00934048,0.00573427,0.00229711,-0.00313875,0.00835134,0.00314968,0.000190238,-0.000101271,0.00294006,0.00390351,0.00375889,-0.00142994,0.000440945,-0.000896508,-0.00263838,0.0142615,-0.0071739,0.00284062
0.473992,0.000480741,0.00403466,-0.0027477,-0.00547257,0.00396434,-0.000660396,-0.00041995,0.00107993,0.00231107,0.00134462,-0.00662792,-0.00125834,0.0148183,-0.00239121,-0.00113357,-0.00267509,0.00061782,-0.00749064,0.0088634,-0.00226018,0.00977859,0.0203242,0.00312909,0.00945076,0.0122044,-0.00189717,0.0080332,-0.0016404,0.00371935,0.00351377,0.00404031,0.00282321,0.000725988,-0.00491375,0.00108147,-0.00626065,0.00418089,0.000648797,-0.0007723,-0.00489226,-0.00126884,0.00120248,0.0123622,0.0144525,0.000852953,0.000610078,-0.00115474,-0.00730294,-0.000152966,0.00190002,0.00902346,0.00554569,0.00224558,-0.00302535,0.00804075,0.00304945,0.000180506,-0.000110899,0.00283065,0.00378408,0.00363998,-0.00138269,0.00043044,-0.00087406,-0.00248589,0.0137396,-0.00691356,0.00273007
0.474992,0.000410627,0.00390202,-0.00266553,-0.00527507,0.00381422,-0.00064861,-0.000400608,0.00105681,0.00226058,0.00129968,-0.00636997,-0.00115925,0.0143912,-0.00231223,-0.00109219,-0.00258949,0.000665801,-0.00724431,0.00862797,-0.00216625,0.00944518,0.019647,0.00299042,0.0091087,0.0117683,-0.00180847,0.0078295,-0.00155337,0.00360242,0.0033973,0.00384331,0.00272353,0.000697488,-0.00472134,0.00114733,-0.00601441,0.00402742,0.000626727,-0.000745914,-0.00469398,-0.00123554,0.00116078,0.0119182,0.0139338,0.000825488,0.000582969,-0.00111141,-0.00702715,-0.000147196,0.00182509,0.00871218,0.00536017,0.00219339,-0.00291445,0.00773746,0.00295064,0.000171148,-0.000119596,0.0027238,0.00366606,0.00352273,-0.00133623,0.000419853,-0.000851589,-0.00233992,0.0132294,-0.00665891,0.00262237
0.475992,0.00034499,0.00377155,-0.00258419,-0.00508183,0.00366775,-0.000636379,-0.000381912,0.00103328,0.00220927,0.0012555,-0.0061187,-0.00106534,0.013967,-0.00223452,-0.00105171,-0.00250511,0.000708763,-0.00700196,0.00839278,-0.00207503,0.00911776,0.018981,0.00285619,0.00877405,0.0113413,-0.0017228,0.00762522,-0.00146979,0.00348702,0.00328273,0.00365338,0.00262585,0.000669723,-0.00453392,0.00120583,-0.0057747,0.00387738,0.000605046,-0.00072,-0.00450113,-0.00120223,0.00111986,0.0114835,0.0134259,0.000798423,0.000556732,-0.00106911,-0.006758,-0.000141554,0.00175213,0.00840672,0.00517778,0.00214064,-0.00280604,0.00744144,0.00285331,0.000162155,-0.000127402,0.00261952,0.0035495,0.00340717,-0.00129056,0.000409202,-0.000829121,-0.00220029,0.0127309,-0.00640995,0.00251748
0.476992,0.000283675,0.0036433,-0.00250374,-0.00489285,0.0035249,-0.000623744,-0.000363851,0.0010094,0.00215724,0.0012121,-0.00587406,-0.000976441,0.0135461,-0.00215811,-0.00101214,-0.00242198,0.000746921,-0.00676367,0.00815811,-0.0019865,0.00879642,0.0183265,0.00272635,0.00844682,0.0109234,-0.00164013,0.00742063,-0.00138959,0.00337322,0.00317012,0.00347038,0.00253019,0.000642687,-0.00435146,0.00125729,-0.00554148,0.00373075,0.000583762,-0.000694566,-0.00431367,-0.00116895,0.00107974,0.0110582,0.0129291,0.000771771,0.000531354,-0.00102785,-0.00649546,-0.000136041,0.00168113,0.00810716,0.00499858,0.00208743,-0.00270013,0.00715268,0.00275748,0.000153518,-0.000134351,0.00251778,0.00343449,0.00329338,-0.0012457,0.000398504,-0.000806682,-0.00206685,0.0122441,-0.00616669,0.00241539
0.477992,0.000226526,0.00351731,-0.00242423,-0.00470816,0.00338566,-0.000610742,-0.000346415,0.000985221,0.00210461,0.00116948,-0.00563599,-0.000892392,0.0131288,-0.00208301,-0.000973471,-0.00234016,0.000780486,-0.00652952,0.00792423,-0.00190061,0.00848123,0.0176836,0.0026008,0.00812702,0.0105146,-0.00156038,0.00721603,-0.00131268,0.00326106,0.00305948,0.00329418,0.00243656,0.000616378,-0.00417391,0.00130203,-0.00531468,0.00358755,0.00056288,-0.000669619,-0.00413155,-0.00113574,0.00104041,0.0106424,0.0124432,0.000745544,0.00050682,-0.000987609,-0.00623951,-0.000130656,0.00161206,0.00781355,0.00482262,0.00203386,-0.00259672,0.00687113,0.00266321,0.000145229,-0.000140481,0.00241859,0.00332108,0.00318138,-0.00120167,0.000387777,-0.000784297,-0.00193942,0.0117691,-0.00592915,0.00231608
0.478992,0.000173388,0.00339361,-0.00234572,-0.00452774,0.00325001,-0.000597414,-0.000329592,0.000960782,0.00205148,0.00112766,-0.00540443,-0.000813037,0.0127156,-0.00200927,-0.000935714,-0.00225967,0.000809669,-0.00629957,0.0076914,-0.00181733,0.00817228,0.0170525,0.00247949,0.00781466,0.010115,-0.0014835,0.00701168,-0.00123898,0.00315061,0.00295087,0.00312463,0.00234497,0.000590788,-0.00400125,0.00134036,-0.00509424,0.00344777,0.000542406,-0.000645166,-0.00395471,-0.00110264,0.0010019,0.010236,0.0119683,0.000719752,0.000483114,-0.000948394,-0.00599011,-0.000125401,0.00154492,0.00752596,0.00464997,0.00198002,-0.00249579,0.00659677,0.00257053,0.000137279,-0.000145828,0.00232193,0.00320933,0.00307125,-0.00115848,0.000377036,-0.000761991,-0.00181784,0.0113057,-0.0056973,0.00221952
0.479992,0.000124109,0.00327222,-0.00226824,-0.0043516,0.00311793,-0.000583794,-0.00031337,0.000936136,0.00199795,0.00108665,-0.00517933,-0.000738218,0.0123068,-0.0019369,-0.000898864,-0.00218054,0.000834677,-0.00607391,0.00745988,-0.00173663,0.00786964,0.0164336,0.00236232,0.00750974,0.00972469,-0.00140943,0.00680785,-0.00116841,0.00304192,0.0028443,0.00296159,0.00225543,0.000565912,-0.00383342,0.00137258,-0.00488008,0.00331141,0.000522345,-0.000621211,-0.00378309,-0.0010697,0.000964195,0.0098391,0.0115044,0.000694405,0.000460222,-0.000910196,-0.00574723,-0.000120276,0.00147967,0.00724443,0.00448065,0.00192599,-0.00239735,0.00632956,0.00247947,0.000129659,-0.000150429,0.00222779,0.00309931,0.00296301,-0.00111614,0.000366297,-0.000739787,-0.00170194,0.010854,-0.00547116,0.00212569
0.480992,7.85373e-05,0.00315319,-0.00219184,-0.00417973,0.0029894,-0.00056992,-0.000297739,0.000911326,0.00194412,0.00104646,-0.00496061,-0.000667777,0.0119026,-0.00186592,-0.000862923,-0.00210281,0.000855714,-0.00585259,0.00722992,-0.00165847,0.00757335,0.0158268,0.00224923,0.00721225,0.00934355,-0.00133812,0.00660479,-0.00110087,0.00293503,0.00273982,0.00280492,0.00216794,0.000541743,-0.00367038,0.001399,-0.00467213,0.00317846,0.000502702,-0.000597761,-0.00361663,-0.00103694,0.000927316,0.00945167,0.0110516,0.000669513,0.000438128,-0.000873009,-0.00551083,-0.000115281,0.00141631,0.006969,0.00431472,0.00187187,-0.00230138,0.00606946,0.00239008,0.000122362,-0.000154317,0.00213615,0.00299105,0.0028567,-0.00107465,0.000355575,-0.000717708,-0.00159155,0.0104139,-0.0052507,0.00203456
0.481992,3.65234e-05,0.00303655,-0.00211657,-0.00401213,0.00286439,-0.000555827,-0.000282685,0.000886398,0.00189009,0.0010071,-0.00474821,-0.000601562,0.0115034,-0.00179636,-0.000827888,-0.0020265,0.00087298,-0.00563567,0.00700174,-0.00158282,0.00728347,0.0152324,0.00214014,0.00692219,0.00897163,-0.0012695,0.00640274,-0.00103631,0.00282999,0.00263744,0.00265446,0.00208251,0.000518276,-0.00351208,0.00141992,-0.00447031,0.00304891,0.00048348,-0.000574819,-0.00345528,-0.00100441,0.000891264,0.00907371,0.0106099,0.000645083,0.000416817,-0.000836826,-0.00528085,-0.000110416,0.00135482,0.00669972,0.00415222,0.00181774,-0.00220787,0.00581642,0.00230237,0.000115377,-0.000157528,0.002047,0.00288462,0.00275238,-0.00103403,0.000344886,-0.000695775,-0.0014865,0.00998534,-0.00503592,0.00194611
0.482992,-2.08059e-06,0.0029223,-0.00204247,-0.00384879,0.00274287,-0.000541549,-0.000268198,0.000861395,0.00183593,0.000968578,-0.00454207,-0.000539417,0.0111095,-0.00172823,-0.000793756,-0.00195164,0.000886672,-0.00542319,0.00677557,-0.00150963,0.00700005,0.0146504,0.00203496,0.00663952,0.00860893,-0.00120352,0.00620195,-0.000974616,0.00272685,0.0025372,0.00251008,0.00199915,0.000495503,-0.00335846,0.00143563,-0.00427457,0.00292276,0.000464682,-0.000552389,-0.00329897,-0.000972136,0.000856043,0.00870522,0.0101792,0.000621126,0.000396273,-0.000801639,-0.00505727,-0.000105681,0.00129516,0.0064366,0.00399317,0.00176368,-0.00211682,0.00557038,0.00221638,0.000108697,-0.000160098,0.00196032,0.00278006,0.00265006,-0.000994287,0.000334243,-0.000674011,-0.00138664,0.00956829,-0.00482678,0.0018603
0.483992,-3.74206e-05,0.00281048,-0.00196957,-0.00368968,0.00262481,-0.000527118,-0.000254265,0.000836359,0.00178176,0.0009309,-0.0043421,-0.000481191,0.0107212,-0.00166155,-0.000760526,-0.00187825,0.000896985,-0.00521521,0.00655163,-0.00143887,0.00672312,0.0140812,0.00193362,0.00636423,0.00825544,-0.00114011,0.00600263,-0.000915725,0.00262564,0.00243911,0.00237163,0.00191785,0.000473417,-0.00320948,0.00144643,-0.0040848,0.00279998,0.000446312,-0.000530474,-0.00314762,-0.000940157,0.000821657,0.00834619,0.00975948,0.000597646,0.000376481,-0.000767441,-0.00484001,-0.000101077,0.00123733,0.00617968,0.00383762,0.00170976,-0.00202821,0.0053313,0.00213213,0.000102313,-0.000162058,0.00187609,0.00267741,0.00254978,-0.000955424,0.00032366,-0.000652435,-0.0012918,0.00916266,-0.00462327,0.00177711
0.484992,-6.96405e-05,0.00270111,-0.00189792,-0.00353481,0.00251018,-0.000512568,-0.000240874,0.000811329,0.00172765,0.000894071,-0.00414824,-0.000426734,0.0103386,-0.00159633,-0.000728194,-0.00180636,0.000904109,-0.00501177,0.00633012,-0.00137049,0.00645272,0.0135246,0.00183604,0.00609629,0.00791113,-0.00107923,0.00580501,-0.00085955,0.00252639,0.00234319,0.00223896,0.00183861,0.000452009,-0.00306508,0.00145259,-0.00390093,0.00268055,0.000428372,-0.000509076,-0.00300118,-0.000908503,0.000788108,0.00799657,0.00935078,0.000574652,0.000357425,-0.000734222,-0.00462903,-9.66015e-05,0.00118129,0.00592897,0.00368558,0.00165607,-0.00194202,0.00509911,0.00204965,9.6217e-05,-0.000163443,0.00179429,0.00257671,0.00245158,-0.000917447,0.00031315,-0.000631067,-0.00120182,0.00876838,-0.00442535,0.0016965
0.485992,-9.8882e-05,0.00259421,-0.00182753,-0.00338413,0.00239894,-0.000497928,-0.000228013,0.000786344,0.00167368,0.000858098,-0.0039604,-0.000375898,0.00996213,-0.00153259,-0.000696755,-0.00173599,0.000908231,-0.0048129,0.00611125,-0.00130446,0.00618886,0.0129809,0.00174214,0.00583566,0.00757598,-0.0010208,0.00560928,-0.000806012,0.00242915,0.00224946,0.00211192,0.00176143,0.000431272,-0.0029252,0.00145439,-0.00372289,0.00256447,0.000410864,-0.000488199,-0.00285956,-0.000877204,0.000755398,0.00765634,0.00895304,0.000552149,0.00033909,-0.000701973,-0.00442427,-9.22553e-05,0.00112703,0.00568448,0.00353707,0.00160268,-0.00185825,0.00487374,0.00196895,9.04001e-05,-0.000164286,0.00171489,0.002478,0.00235548,-0.000880361,0.000302725,-0.000609926,-0.00111653,0.00838537,-0.004233,0.00161844
0.486992,-0.000125285,0.00248977,-0.00175846,-0.00323764,0.00229107,-0.000483228,-0.000215669,0.000761443,0.00161993,0.000822984,-0.0037785,-0.000328535,0.00959191,-0.00147033,-0.000666203,-0.00166714,0.000909531,-0.00461862,0.00589519,-0.00124074,0.00593155,0.01245,0.00165183,0.00558229,0.00724996,-0.000964764,0.00541566,-0.000755028,0.00233395,0.00215792,0.00199036,0.0016863,0.000411196,-0.00278978,0.0014521,-0.00355058,0.0024517,0.000393788,-0.000467842,-0.0027227,-0.00084629,0.000723526,0.00732547,0.0085662,0.000530142,0.000321458,-0.000670686,-0.00422566,-8.80375e-05,0.00107452,0.00544621,0.00339212,0.00154965,-0.00177686,0.00465513,0.00189006,8.48541e-05,-0.000164618,0.00163788,0.00238132,0.00226149,-0.000844171,0.000292398,-0.000589031,-0.00103577,0.00801353,-0.00404617,0.0015429
0.487992,-0.000148986,0.00238783,-0.00169072,-0.0030953,0.00218652,-0.000468498,-0.00020383,0.00073666,0.00156649,0.000788733,-0.00360247,-0.000284504,0.00922819,-0.00140957,-0.000636534,-0.00159985,0.00090819,-0.00442897,0.00568213,-0.00117928,0.00568082,0.0119321,0.00156504,0.00533615,0.00693301,-0.000911067,0.00522433,-0.000706521,0.0022408,0.0020686,0.00187415,0.00161322,0.000391775,-0.00265876,0.00144599,-0.00338391,0.00234222,0.000377147,-0.000448007,-0.00259052,-0.000815788,0.000692494,0.00700389,0.00819023,0.000508636,0.000304514,-0.000640348,-0.00403313,-8.39472e-05,0.00102373,0.00521416,0.00325073,0.00149706,-0.00169785,0.00444321,0.00181298,7.95706e-05,-0.000164471,0.00156323,0.00228669,0.00216965,-0.000808878,0.000282179,-0.000568398,-0.000959397,0.00765276,-0.00386482,0.00146984
0.488992,-0.000170119,0.00228838,-0.00162434,-0.00295709,0.00208525,-0.000453764,-0.000192484,0.00071203,0.00151341,0.000755346,-0.0034322,-0.00024366,0.00887116,-0.0013503,-0.000607741,-0.00153412,0.000904381,-0.00424397,0.00547223,-0.00112004,0.00543665,0.0114272,0.00148168,0.00509718,0.00662509,-0.000859646,0.00503546,-0.000660411,0.00214973,0.0019815,0.00176312,0.00154218,0.000372997,-0.00253207,0.00143632,-0.0032228,0.002236,0.00036094,-0.000428694,-0.00246294,-0.000785723,0.000662299,0.00669155,0.00782504,0.000487635,0.000288243,-0.000610951,-0.00384662,-7.99837e-05,0.000974635,0.00498833,0.00311292,0.00144496,-0.00162119,0.0042379,0.00173774,7.45416e-05,-0.000163876,0.00149091,0.00219414,0.00207996,-0.000774484,0.000272079,-0.000548044,-0.000887242,0.00730297,-0.00368891,0.00139922
0.489992,-0.000188818,0.00219144,-0.00155934,-0.00282297,0.00198722,-0.000439055,-0.000181618,0.000687586,0.00146078,0.000722824,-0.00326763,-0.000205865,0.00852102,-0.00129254,-0.000579817,-0.00146995,0.000898274,-0.00406362,0.00526566,-0.00106298,0.00519905,0.0109353,0.00140167,0.00486532,0.00632615,-0.000810441,0.00484924,-0.000616619,0.00206077,0.00189663,0.00165714,0.00147316,0.000354853,-0.00240965,0.00142333,-0.00306716,0.00213302,0.000345168,-0.000409902,-0.00233989,-0.00075612,0.00063294,0.00638839,0.00747057,0.000467142,0.000272627,-0.000582482,-0.00366606,-7.61458e-05,0.000927216,0.00476869,0.00297869,0.00139341,-0.00154686,0.00403911,0.00166434,6.97587e-05,-0.000162862,0.00142089,0.00210371,0.00199244,-0.000740991,0.000262109,-0.000527984,-0.000819154,0.00696402,-0.00351838,0.00133101
0.490992,-0.000205211,0.002097,-0.00149575,-0.00269291,0.00189239,-0.000424393,-0.00017122,0.00066336,0.00140866,0.000691168,-0.00310865,-0.000170982,0.00817794,-0.00123629,-0.000552753,-0.00140738,0.000890036,-0.00388794,0.00506255,-0.00100805,0.004968,0.0104565,0.00132493,0.00464052,0.00603611,-0.000763392,0.00466581,-0.000575067,0.00197394,0.00181398,0.00155605,0.00140616,0.000337335,-0.00229143,0.00140728,-0.00291689,0.00203324,0.000329829,-0.00039163,-0.00222127,-0.000727002,0.000604415,0.00609434,0.00712674,0.00044716,0.000257652,-0.000554929,-0.00349136,-7.24325e-05,0.000881441,0.00455522,0.00284805,0.00134247,-0.00147484,0.00384678,0.00159279,6.5214e-05,-0.00016146,0.00135315,0.00201539,0.00190711,-0.000708398,0.000252278,-0.000508234,-0.000754981,0.00663581,-0.00335319,0.00126516
0.491992,-0.000219424,0.00200506,-0.0014336,-0.00256687,0.00180072,-0.000409806,-0.000161276,0.000639382,0.00135711,0.000660378,-0.00295517,-0.000138876,0.00784206,-0.00118155,-0.000526542,-0.00134639,0.000879826,-0.00371692,0.00486306,-0.000955208,0.00474349,0.0099907,0.00125138,0.00442269,0.0057549,-0.000718438,0.00448532,-0.00053568,0.00188924,0.00173356,0.00145972,0.00134117,0.000320431,-0.00217734,0.00138841,-0.0027719,0.00193664,0.000314922,-0.000373878,-0.00210702,-0.000698391,0.000576718,0.00580932,0.00679345,0.000427691,0.0002433,-0.000528281,-0.00332245,-6.88425e-05,0.000837283,0.00434791,0.00272098,0.0012922,-0.00140509,0.00366081,0.0015231,6.08995e-05,-0.000159698,0.00128765,0.00192923,0.00182398,-0.000676704,0.000242595,-0.000488806,-0.000694573,0.00631821,-0.00319327,0.00120165
0.492992,-0.000231582,0.00191563,-0.00137288,-0.00244481,0.00171215,-0.000395314,-0.000151775,0.000615679,0.0013062,0.000630451,-0.00280711,-0.000109415,0.00751354,-0.00112832,-0.000501175,-0.00128699,0.000867803,-0.00355058,0.0046673,-0.000904415,0.00452548,0.00953792,0.00118093,0.00421178,0.00548245,-0.000675521,0.00430793,-0.000498381,0.00180669,0.00165537,0.001368,0.00127816,0.000304132,-0.00206732,0.00136694,-0.0026321,0.00184316,0.000300447,-0.000356643,-0.00199704,-0.000670305,0.000549847,0.00553325,0.00647062,0.000408736,0.000229555,-0.000502524,-0.00315924,-6.53744e-05,0.000794713,0.00414672,0.00259748,0.00124265,-0.0013376,0.0034811,0.00145527,5.68073e-05,-0.000157603,0.00122436,0.00184522,0.00174304,-0.000645907,0.000233069,-0.000469715,-0.000637781,0.00601109,-0.00303857,0.00114042
0.493992,-0.000241806,0.0018287,-0.00131363,-0.00232669,0.00162665,-0.000380941,-0.000142705,0.000592279,0.00125597,0.000601385,-0.00266436,-8.24692e-05,0.0071925,-0.0010766,-0.000476641,-0.00122919,0.000854117,-0.0033889,0.00447541,-0.000855621,0.00431394,0.00909813,0.0011135,0.00400771,0.00521868,-0.00063458,0.00413376,-0.000463096,0.0017263,0.0015794,0.00128073,0.00121713,0.000288426,-0.00196128,0.0013431,-0.00249739,0.00175278,0.000286402,-0.000339923,-0.00189125,-0.000642765,0.000523796,0.00526604,0.00615814,0.000390296,0.000216402,-0.000477647,-0.00300166,-6.20268e-05,0.000753702,0.0039516,0.00247755,0.00119386,-0.00127233,0.00330758,0.0013893,5.29295e-05,-0.000155203,0.00116326,0.00176339,0.0016643,-0.000616003,0.000223707,-0.000450972,-0.000584462,0.0057143,-0.00288902,0.00108143
0.494992,-0.000250213,0.00174427,-0.00125585,-0.00221245,0.00154416,-0.000366707,-0.000134051,0.000569208,0.00120648,0.000573177,-0.00252683,-5.79126e-05,0.00687905,-0.00102637,-0.000452932,-0.001173,0.000838916,-0.00323187,0.00428748,-0.000808782,0.00410885,0.0086713,0.00104901,0.00381039,0.00496349,-0.000595556,0.00396293,-0.000429749,0.00164808,0.00150565,0.00119779,0.00115804,0.000273304,-0.00185916,0.00131712,-0.00236766,0.00166546,0.000272783,-0.000323714,-0.00178956,-0.000615786,0.00049856,0.00500758,0.0058559,0.000372372,0.000203825,-0.000453634,-0.00284961,-5.87982e-05,0.000714221,0.00376253,0.00236117,0.00114588,-0.00120926,0.00314015,0.0013252,4.92586e-05,-0.000152524,0.0011043,0.00168373,0.00158777,-0.00058699,0.000214518,-0.000432589,-0.00053447,0.00542771,-0.00274456,0.00102465
0.495992,-0.000256918,0.00166232,-0.00119956,-0.00210206,0.00146464,-0.000352632,-0.000125803,0.000546489,0.00115778,0.000545824,-0.00239442,-3.56213e-05,0.0065733,-0.000977652,-0.000430036,-0.0011184,0.000822343,-0.00307947,0.00410362,-0.000763852,0.00391016,0.00825735,0.000987386,0.00361975,0.00471678,-0.000558391,0.00379555,-0.00039827,0.00157202,0.0014341,0.00111902,0.00110089,0.000258754,-0.00176088,0.00128919,-0.00224283,0.00158115,0.000259589,-0.000308013,-0.00169189,-0.000589385,0.00047413,0.00475779,0.00556377,0.000354962,0.000191807,-0.000430473,-0.002703,-5.56868e-05,0.00067624,0.00357945,0.00224832,0.00109875,-0.00114835,0.0029787,0.00126295,4.57869e-05,-0.000149592,0.00104745,0.00160627,0.00151344,-0.000558862,0.000205507,-0.000414576,-0.000487667,0.00515116,-0.00260511,0.000970032
0.496992,-0.000262033,0.00158284,-0.00114476,-0.00199546,0.00138802,-0.000338736,-0.000117948,0.000524144,0.00110992,0.000519319,-0.00226704,-1.54744e-05,0.00627533,-0.000930421,-0.000407942,-0.0010654,0.000804536,-0.00293169,0.00392393,-0.000720787,0.00371781,0.00785624,0.000928536,0.00343568,0.00447846,-0.000523026,0.00363173,-0.000368585,0.00149814,0.00136475,0.00104429,0.00104565,0.000244764,-0.00166637,0.00125953,-0.00212279,0.00149981,0.000246815,-0.000292816,-0.00159816,-0.000563575,0.000450502,0.00451654,0.00528164,0.000338066,0.000180332,-0.000408149,-0.00256175,-5.26911e-05,0.000639729,0.0034023,0.00213899,0.00105251,-0.00108959,0.00282313,0.00120256,4.25069e-05,-0.000146432,0.000992674,0.00153099,0.0014413,-0.000531614,0.000196682,-0.000396943,-0.000443913,0.00488451,-0.0024706,0.00091753
0.497992,-0.000265667,0.00150582,-0.00109146,-0.00189261,0.00131427,-0.000325034,-0.000110474,0.000502196,0.00106295,0.000493657,-0.00214457,2.64581e-06,0.00598521,-0.000884674,-0.000386639,-0.00101399,0.000785627,-0.0027885,0.00374847,-0.000679539,0.00353176,0.00746786,0.000872384,0.00325811,0.00424841,-0.000489404,0.00347157,-0.000340625,0.00142643,0.00129759,0.000973461,0.000992298,0.000231325,-0.00157554,0.00122834,-0.00200744,0.0014214,0.00023446,-0.000278119,-0.00150826,-0.000538369,0.000427665,0.00428373,0.00500937,0.000321682,0.000169385,-0.000386648,-0.00242575,-4.9809e-05,0.000604656,0.00323104,0.00203314,0.0010072,-0.00103292,0.00267335,0.00114402,3.94114e-05,-0.000143067,0.000939941,0.00145791,0.00137136,-0.000505239,0.000188047,-0.000379699,-0.000403073,0.00462758,-0.00234096,0.000867102
0.498992,-0.000267924,0.00143124,-0.00103966,-0.00179343,0.00124333,-0.000311545,-0.000103368,0.000480662,0.00101689,0.000468832,-0.00202691,1.88543e-05,0.005703,-0.000840399,-0.000366114,-0.000964165,0.000765744,-0.00264987,0.00357734,-0.000640063,0.00335194,0.00709213,0.000818849,0.00308693,0.00402653,-0.000457466,0.00331514,-0.00031432,0.00135689,0.0012326,0.00090639,0.000940812,0.000218423,-0.00148833,0.00119579,-0.00189668,0.00134587,0.000222518,-0.000263917,-0.00142211,-0.000513779,0.000405613,0.00405924,0.00474682,0.000305808,0.00015895,-0.000365955,-0.00229492,-4.70388e-05,0.000570992,0.00306559,0.00193075,0.000962843,-0.00097832,0.00252925,0.00108732,3.64931e-05,-0.00013952,0.000889211,0.00138701,0.0013036,-0.000479731,0.000179609,-0.000362852,-0.000365016,0.00438021,-0.00221611,0.000818702
0.499992,-0.000268907,0.00135909,-0.000989374,-0.00169789,0.00117513,-0.000298283,-9.66181e-05,0.000459562,0.000971792,0.000444836,-0.00191397,3.32628e-05,0.00542875,-0.000797586,-0.000346355,-0.000915922,0.000745011,-0.00251577,0.00341058,-0.000602313,0.00317828,0.00672895,0.00076785,0.00292204,0.00381269,-0.000427157,0.00316252,-0.000289602,0.0012895,0.00116975,0.000842944,0.000891166,0.000206048,-0.00140465,0.00116209,-0.00179041,0.00127317,0.000210985,-0.000250205,-0.00133962,-0.000489815,0.000384335,0.00384294,0.00449386,0.000290442,0.000149011,-0.000346054,-0.00216915,-4.43785e-05,0.000538703,0.0029059,0.00183179,0.000919475,-0.000925757,0.00239071,0.00103244,3.37449e-05,-0.000135813,0.000840445,0.0013183,0.00123801,-0.000455081,0.000171372,-0.000346409,-0.000329612,0.00414225,-0.00209596,0.000772286
0.500992,-0.000268715,0.00128934,-0.000940593,-0.00160592,0.00110964,-0.000285263,-9.02128e-05,0.000438911,0.000927686,0.000421662,-0.00180564,4.59798e-05,0.00516248,-0.000756223,-0.00032735,-0.000869248,0.000723546,-0.00238616,0.00324826,-0.000566242,0.00301073,0.00637819,0.00071931,0.00276335,0.00360677,-0.00039842,0.00301379,-0.000266404,0.00122426,0.00110904,0.000782988,0.000843335,0.000194188,-0.00132442,0.00112738,-0.00168852,0.00120325,0.000199858,-0.000236977,-0.0012607,-0.000466485,0.000363822,0.0036347,0.00425032,0.000275579,0.000139553,-0.000326931,-0.00204834,-4.1826e-05,0.00050776,0.00275189,0.00173623,0.000877123,-0.000875192,0.00225764,0.000979385,3.11599e-05,-0.000131969,0.000793606,0.00125177,0.00117457,-0.000431281,0.000163339,-0.000330378,-0.000296734,0.0039135,-0.00198045,0.000727808
0.501992,-0.000267442,0.00122197,-0.000893319,-0.00151745,0.00104679,-0.000272498,-8.414e-05,0.000418726,0.000884602,0.0003993,-0.00170181,5.71108e-05,0.00490423,-0.000716295,-0.000309084,-0.000824132,0.000701462,-0.002261,0.00309041,-0.000531806,0.0028492,0.00603972,0.000673149,0.00261074,0.00340865,-0.000371199,0.00286899,-0.00024466,0.00116117,0.00105044,0.00072639,0.000797289,0.00018283,-0.00124757,0.00109186,-0.00159091,0.00113607,0.000189131,-0.000224227,-0.00118525,-0.000443796,0.000344063,0.0034344,0.00401605,0.000261217,0.000130561,-0.00030857,-0.00193239,-3.93791e-05,0.00047813,0.00260348,0.00164402,0.00083581,-0.000826591,0.00212991,0.000928129,2.87312e-05,-0.000128007,0.000748652,0.0011874,0.00111327,-0.000408321,0.000155516,-0.000314762,-0.000266258,0.0036938,-0.00186947,0.000685223
0.502992,-0.000265182,0.00115696,-0.000847547,-0.00143244,0.000986522,-0.000259999,-7.83881e-05,0.000399018,0.000842569,0.000377741,-0.00160237,6.67581e-05,0.00465398,-0.000677787,-0.000291544,-0.000780562,0.000678867,-0.00214023,0.00293709,-0.000498957,0.00269361,0.00571341,0.000629289,0.00246411,0.00321819,-0.000345441,0.00272818,-0.000224307,0.00110019,0.000993925,0.00067302,0.000753002,0.000171963,-0.00117401,0.00105567,-0.00149747,0.00107156,0.000178798,-0.000211948,-0.00111319,-0.000421754,0.000325047,0.00324189,0.0037909,0.00024735,0.000122018,-0.000290954,-0.0018212,-3.70359e-05,0.000449781,0.0024606,0.00155514,0.000795559,-0.000779914,0.00200743,0.000878657,2.64521e-05,-0.000123947,0.000705545,0.00112518,0.00105409,-0.000386192,0.000147904,-0.000299568,-0.000238064,0.00348297,-0.00176294,0.000644484
0.503992,-0.000262022,0.00109428,-0.000803271,-0.0013508,0.000928784,-0.000247779,-7.29454e-05,0.000379802,0.00080161,0.000356976,-0.00150723,7.50206e-05,0.00441175,-0.000640682,-0.000274716,-0.000738524,0.000655864,-0.00202382,0.00278831,-0.00046765,0.00254388,0.0053991,0.000587655,0.00232333,0.00303525,-0.00032109,0.0025914,-0.000205282,0.00104132,0.000939475,0.00062275,0.000710443,0.000161575,-0.00110366,0.00101897,-0.00140811,0.00100968,0.000168855,-0.000200134,-0.00104443,-0.000400365,0.000306764,0.00305703,0.0035747,0.000233975,0.000113911,-0.000274068,-0.00171467,-3.47939e-05,0.000422681,0.00232315,0.00146954,0.000756387,-0.000735125,0.00189006,0.000830953,2.43161e-05,-0.000119808,0.000664244,0.0010651,0.000997018,-0.000364883,0.000140507,-0.000284798,-0.000212034,0.00328083,-0.00166077,0.000605545
0.504992,-0.000258048,0.00103391,-0.000760486,-0.00127249,0.000873515,-0.000235847,-6.78005e-05,0.000361087,0.000761747,0.000336992,-0.00141627,8.19941e-05,0.00417751,-0.000604962,-0.000258586,-0.000698002,0.000632552,-0.00191171,0.0026441,-0.000437839,0.00239993,0.00509664,0.000548169,0.00218831,0.0028597,-0.000298093,0.00245868,-0.000187522,0.000984545,0.00088706,0.000575455,0.000669581,0.000151653,-0.00103644,0.000981898,-0.00132271,0.000950379,0.000159294,-0.000188777,-0.000978872,-0.000379631,0.0002892,0.00287968,0.00336728,0.000221086,0.000106223,-0.000257895,-0.00161268,-3.26511e-05,0.000396797,0.00219107,0.00138717,0.000718311,-0.000692185,0.0017777,0.000784995,2.23168e-05,-0.000115608,0.000624708,0.00100714,0.00094202,-0.000344381,0.000133326,-0.000270457,-0.000188054,0.00308717,-0.00156288,0.000568359
0.505992,-0.000253342,0.000975801,-0.000719181,-0.00119743,0.000820658,-0.000224212,-6.29422e-05,0.000342883,0.000722999,0.00031778,-0.00132939,8.77709e-05,0.00395124,-0.000570608,-0.000243138,-0.000658978,0.000609024,-0.00180384,0.00250446,-0.000409479,0.00226165,0.00480586,0.000510756,0.00205891,0.00269139,-0.000276399,0.00233004,-0.000170969,0.000929835,0.000836653,0.000531009,0.000630386,0.000142185,-0.00097227,0.000944598,-0.00124117,0.000893592,0.000150112,-0.000177871,-0.000916422,-0.000359554,0.000272344,0.00270969,0.00316846,0.000208677,9.89413e-05,-0.000242419,-0.00151513,-3.06049e-05,0.000372096,0.00206424,0.00130798,0.000681345,-0.000651054,0.00167022,0.000740763,2.04479e-05,-0.000111364,0.000586895,0.000951281,0.000889075,-0.000324676,0.000126364,-0.000256547,-0.000166014,0.00290183,-0.00146916,0.000532879
0.506992,-0.000247982,0.000919934,-0.000679346,-0.00112555,0.000770152,-0.000212883,-5.83594e-05,0.000325198,0.000685381,0.000299327,-0.00124647,9.24401e-05,0.00373288,-0.0005376,-0.000228358,-0.000621435,0.000585369,-0.00170015,0.00236941,-0.000382525,0.00212895,0.00452656,0.000475343,0.00193503,0.00253017,-0.000255956,0.00220551,-0.000155564,0.00087717,0.000788224,0.000489292,0.000592824,0.000133158,-0.000911064,0.000907199,-0.00116339,0.000839266,0.0001413,-0.000167407,-0.000856992,-0.000340136,0.000256182,0.0025469,0.00297807,0.000196742,9.20501e-05,-0.000227624,-0.00142192,-2.86531e-05,0.000348548,0.00194259,0.00123194,0.000645498,-0.000611692,0.00156752,0.000698234,1.87033e-05,-0.000107091,0.000550763,0.000897498,0.000838157,-0.000305755,0.000119622,-0.00024307,-0.000145804,0.0027246,-0.00137953,0.000499059
0.507992,-0.000242043,0.000866272,-0.000640967,-0.00105678,0.000721939,-0.000201866,-5.40411e-05,0.000308039,0.000648907,0.00028162,-0.00116741,9.60876e-05,0.00352241,-0.000505918,-0.000214231,-0.000585353,0.000561669,-0.00160057,0.00223894,-0.000356931,0.00200173,0.00425858,0.000441856,0.00181653,0.00237589,-0.000236712,0.00208509,-0.00014125,0.000826525,0.000741742,0.000450186,0.000556862,0.000124562,-0.000852743,0.000869822,-0.00108926,0.000787345,0.000132852,-0.000157377,-0.00080049,-0.000321377,0.000240701,0.00239116,0.00279592,0.000185274,8.55352e-05,-0.000213491,-0.00133293,-2.67933e-05,0.000326118,0.00182601,0.00115897,0.00061078,-0.00057406,0.00146947,0.000657383,1.70771e-05,-0.000102806,0.000516271,0.000845768,0.000789238,-0.000287603,0.0001131,-0.000230026,-0.000127321,0.00255528,-0.00129388,0.000466851
0.508992,-0.000235598,0.00081478,-0.000604032,-0.000991054,0.000675959,-0.000191167,-4.99767e-05,0.000291411,0.000613586,0.000264647,-0.0010921,9.87959e-05,0.00331974,-0.000475537,-0.000200741,-0.000550709,0.000538004,-0.00150505,0.00211303,-0.000332653,0.00187989,0.0040017,0.000410222,0.0017033,0.00222841,-0.000218619,0.00196879,-0.000127972,0.000777874,0.000697172,0.000413573,0.000522466,0.000116382,-0.000797223,0.000832583,-0.00101868,0.000737769,0.000124761,-0.000147774,-0.000746825,-0.000303274,0.000225888,0.00224231,0.00262183,0.000174267,7.93827e-05,-0.000200005,-0.00124806,-2.5023e-05,0.000304775,0.0017144,0.00108904,0.000577196,-0.000538114,0.00137594,0.000618185,1.55634e-05,-9.85226e-05,0.000483375,0.000796065,0.000742287,-0.000270208,0.000106799,-0.000217416,-0.000110463,0.00239369,-0.00121213,0.000436209
0.509992,-0.000228713,0.000765421,-0.000568523,-0.000928299,0.000632151,-0.000180792,-4.61555e-05,0.00027532,0.000579425,0.000248394,-0.00102044,0.000100644,0.00312482,-0.000446436,-0.000187873,-0.000517482,0.000514448,-0.00141351,0.00199168,-0.000309646,0.00176332,0.00375573,0.000380372,0.00159521,0.00208756,-0.000201628,0.00185658,-0.000115675,0.000731187,0.000654482,0.000379339,0.000489602,0.000108607,-0.000744422,0.000795591,-0.000951538,0.000690482,0.000117021,-0.000138587,-0.000695906,-0.000285826,0.000211728,0.00210019,0.00245562,0.000163713,7.35784e-05,-0.000187149,-0.00116719,-2.33398e-05,0.000284486,0.00160767,0.00102208,0.00054475,-0.000503815,0.00128683,0.000580612,1.41566e-05,-9.42544e-05,0.000452032,0.000748361,0.000697274,-0.000253556,0.000100719,-0.000205239,-9.51327e-05,0.00223962,-0.00113417,0.000407085
0.510992,-0.000221454,0.000718157,-0.000534423,-0.000868443,0.000590455,-0.000170744,-4.25674e-05,0.000259767,0.00054643,0.000232847,-0.000952308,0.000101708,0.00293755,-0.000418591,-0.00017561,-0.000485648,0.000491068,-0.00132587,0.00187485,-0.000287868,0.0016519,0.00352046,0.000352234,0.00149213,0.00195318,-0.00018569,0.00174848,-0.000104307,0.000686434,0.000613635,0.000347374,0.000458234,0.000101224,-0.000694259,0.000758945,-0.000887736,0.000645424,0.000109623,-0.000129809,-0.000647644,-0.00026903,0.000198206,0.00196463,0.00229708,0.000153605,6.81089e-05,-0.000174904,-0.00109021,-2.17412e-05,0.000265219,0.00150569,0.000958037,0.000513443,-0.00047112,0.001202,0.000544635,1.28513e-05,-9.00142e-05,0.000422201,0.000702625,0.000654164,-0.000237631,9.48591e-05,-0.000193494,-8.12343e-05,0.00209288,-0.00105991,0.000379433
0.511992,-0.000213882,0.000672946,-0.000501713,-0.000811411,0.000550811,-0.000161028,-3.9202e-05,0.000244754,0.000514602,0.000217991,-0.000887606,0.00010206,0.00275786,-0.000391975,-0.000163937,-0.000455183,0.000467931,-0.00124207,0.00176251,-0.000267274,0.00154554,0.00329566,0.000325741,0.00139393,0.00182511,-0.000170759,0.00164444,-9.38182e-05,0.000643582,0.000574594,0.000317569,0.000428325,9.4222e-05,-0.000646652,0.000722741,-0.000827167,0.000602535,0.000102561,-0.000121431,-0.000601948,-0.000252879,0.000185309,0.00183547,0.00214603,0.000143934,6.29605e-05,-0.000163255,-0.00101702,-2.02247e-05,0.000246941,0.00140838,0.000896848,0.000483273,-0.000439987,0.00112134,0.000510225,1.1642e-05,-8.58139e-05,0.000393837,0.000658824,0.000612923,-0.000222419,8.92188e-05,-0.00018218,-6.86769e-05,0.00195326,-0.000989235,0.000353206
0.512992,-0.000206056,0.000629748,-0.000470374,-0.000757129,0.000513158,-0.000151645,-3.60496e-05,0.000230283,0.000483942,0.000203812,-0.000826225,0.000101769,0.00258563,-0.000366565,-0.000152837,-0.00042606,0.000445095,-0.00116201,0.00165462,-0.000247821,0.00144411,0.00308111,0.000300824,0.00130049,0.0017032,-0.00015679,0.00154445,-8.41584e-05,0.000602598,0.000537322,0.000289818,0.00039984,8.75875e-05,-0.000601518,0.000687065,-0.000769729,0.000561756,9.58269e-05,-0.000113443,-0.00055873,-0.00023737,0.000173021,0.00171255,0.00200226,0.000134691,5.812e-05,-0.000152184,-0.000947502,-1.87878e-05,0.00022962,0.00131561,0.000838452,0.000454237,-0.000410372,0.00104472,0.000477351,1.05236e-05,-8.16646e-05,0.000366898,0.000616927,0.000573515,-0.000207903,8.37966e-05,-0.000171294,-5.73724e-05,0.00182057,-0.000922059,0.000328358
0.513992,-0.00019803,0.000588521,-0.000440382,-0.000705523,0.000477435,-0.000142597,-3.31004e-05,0.000216352,0.000454447,0.000190295,-0.000768057,0.000100902,0.00242076,-0.000342332,-0.000142295,-0.000398253,0.000422616,-0.00108564,0.00155114,-0.000229468,0.00134749,0.00287658,0.000277418,0.00121167,0.00158727,-0.000143737,0.00144847,-7.52803e-05,0.000563447,0.000501779,0.000264018,0.000372741,8.13085e-05,-0.000558777,0.000651998,-0.00071532,0.000523026,8.94123e-05,-0.000105835,-0.000517903,-0.000222495,0.000161326,0.00159569,0.0018656,0.000125869,5.35745e-05,-0.000141674,-0.000881543,-1.7428e-05,0.000213225,0.00122728,0.000782786,0.00042633,-0.000382235,0.000972023,0.000445981,9.49111e-06,-7.75766e-05,0.00034134,0.000576896,0.000535902,-0.000194069,7.85911e-05,-0.000160832,-4.72362e-05,0.00169459,-0.000858275,0.000304843
0.514992,-0.000189856,0.00054922,-0.000411716,-0.000656516,0.000443582,-0.000133885,-3.0345e-05,0.00020296,0.000426111,0.000177423,-0.000712997,9.95207e-05,0.00226314,-0.000319249,-0.000132294,-0.000371734,0.000400544,-0.00101285,0.00145201,-0.000212171,0.00125556,0.00268183,0.000255458,0.00112734,0.00147716,-0.000131558,0.00135646,-6.71378e-05,0.00052609,0.000467926,0.000240069,0.000346991,7.5373e-05,-0.000518349,0.000617613,-0.000663838,0.000486285,8.33096e-05,-9.85987e-05,-0.000479378,-0.000208248,0.000150209,0.00148472,0.00173582,0.000117458,4.93113e-05,-0.000131708,-0.000819034,-1.61428e-05,0.000197724,0.00114327,0.000729785,0.000399544,-0.00035553,0.000903126,0.000416081,8.53966e-06,-7.35592e-05,0.000317121,0.000538694,0.000500046,-0.000180899,7.36001e-05,-0.000150791,-3.81868e-05,0.00157513,-0.000797784,0.000282615
0.515992,-0.000181582,0.0005118,-0.00038435,-0.000610033,0.000411538,-0.000125509,-2.77741e-05,0.000190105,0.000398927,0.000165181,-0.000660938,9.7685e-05,0.00211263,-0.00029729,-0.000122817,-0.000346474,0.000378926,-0.00094357,0.00135717,-0.000195891,0.00116821,0.00249662,0.00023488,0.00104737,0.0013727,-0.000120209,0.00126837,-5.96864e-05,0.000490491,0.000435721,0.000217873,0.000322553,6.9769e-05,-0.000480153,0.000583977,-0.000615181,0.000451471,7.75106e-05,-9.17236e-05,-0.00044307,-0.000194619,0.000139655,0.00137947,0.00161274,0.000109449,4.53179e-05,-0.000122268,-0.000759863,-1.49295e-05,0.000183085,0.00106346,0.000679382,0.000373869,-0.000330215,0.000837907,0.000387619,7.66457e-06,-6.96211e-05,0.000294196,0.000502285,0.000465906,-0.000168377,6.88214e-05,-0.000141167,-3.01462e-05,0.00146198,-0.000740483,0.000261628
0.516992,-0.000173253,0.000476217,-0.00035826,-0.000565997,0.000381244,-0.000117468,-2.53788e-05,0.000177782,0.000372887,0.000153553,-0.000611776,9.54511e-05,0.00196911,-0.000276425,-0.000113848,-0.000322444,0.000357803,-0.000877709,0.00126657,-0.000180586,0.0010853,0.00232071,0.000215622,0.000971622,0.00127372,-0.000109649,0.00118416,-5.28835e-05,0.00045661,0.000405122,0.000197336,0.000299386,6.44844e-05,-0.000444109,0.000551151,-0.00056925,0.000418525,7.2007e-05,-8.51999e-05,-0.000408894,-0.0001816,0.000129647,0.00127977,0.00149614,0.000101832,4.15821e-05,-0.000113337,-0.000703921,-1.37858e-05,0.000169277,0.000987749,0.000631511,0.000349295,-0.000306248,0.000776243,0.000360559,6.86129e-06,-6.57702e-05,0.000272524,0.000467627,0.000433441,-0.000156485,6.42522e-05,-0.000131954,-2.30395e-05,0.00135494,-0.000686271,0.000241837
0.517991,-0.000164912,0.000442422,-0.000333418,-0.000524333,0.00035264,-0.00010976,-2.31502e-05,0.000165987,0.000347978,0.000142521,-0.000565407,9.28722e-05,0.00183244,-0.000256625,-0.000105371,-0.000299613,0.000337214,-0.000815179,0.00118013,-0.000166217,0.00100671,0.00215384,0.000197624,0.000899968,0.00118006,-9.98388e-05,0.00110377,-4.66875e-05,0.000424405,0.000376087,0.000178366,0.000277455,5.95074e-05,-0.00041014,0.000519188,-0.000525945,0.000387385,6.67906e-05,-7.90176e-05,-0.000376765,-0.000169181,0.00012017,0.00118544,0.00138584,9.45974e-05,3.8092e-05,-0.000104899,-0.000651097,-1.27091e-05,0.00015627,0.000916006,0.000586102,0.000325807,-0.000283584,0.000718014,0.000334865,6.12546e-06,-6.20136e-05,0.000252061,0.000434681,0.00040261,-0.000145208,5.98897e-05,-0.000123147,-1.67951e-05,0.00125381,-0.000635046,0.000223198
0.518991,-0.000156596,0.000410369,-0.000309798,-0.000484964,0.000325665,-0.000102383,-2.10798e-05,0.000154714,0.000324188,0.00013207,-0.000521729,8.99981e-05,0.00170247,-0.000237862,-9.73696e-05,-0.000277952,0.000317191,-0.000755891,0.00109778,-0.000152743,0.000932318,0.00199576,0.000180827,0.000832275,0.00109154,-9.07382e-05,0.00102713,-4.10589e-05,0.000393836,0.000348572,0.000160875,0.000256719,5.48263e-05,-0.000378167,0.000488136,-0.000485167,0.000357991,6.18528e-05,-7.31666e-05,-0.000346602,-0.00015735,0.000111206,0.00109632,0.00128162,8.77354e-05,3.48361e-05,-9.69364e-05,-0.000601283,-1.16969e-05,0.000144032,0.000848116,0.000543086,0.000303392,-0.00026218,0.0006631,0.000310502,5.45289e-06,-5.83577e-05,0.000232764,0.000403403,0.00037337,-0.000134527,5.57306e-05,-0.00011474,-1.13449e-05,0.00115838,-0.000586707,0.000205667
0.519991,-0.000148342,0.000380009,-0.00028737,-0.000447813,0.000300261,-9.53349e-05,-1.91594e-05,0.000143957,0.0003015,0.000122182,-0.000480639,8.6876e-05,0.00157904,-0.000220105,-8.98267e-05,-0.000257428,0.000297764,-0.000699754,0.00101944,-0.000140127,0.000861993,0.00184621,0.000165171,0.000768408,0.001008,-8.23097e-05,0.000954178,-3.59596e-05,0.000364859,0.000322534,0.000144776,0.000237141,5.04294e-05,-0.000348112,0.000458038,-0.000446821,0.000330282,5.71852e-05,-6.76367e-05,-0.000318321,-0.000146098,0.00010274,0.00101223,0.00118328,8.12357e-05,3.18028e-05,-8.94321e-05,-0.000554368,-1.07467e-05,0.000132534,0.000783959,0.000502393,0.000282032,-0.000241994,0.000611381,0.000287431,4.83951e-06,-5.48079e-05,0.000214593,0.000373751,0.000345676,-0.000124424,5.17712e-05,-0.000106727,-6.62381e-06,0.00106845,-0.000541153,0.000189199
0.520991,-0.000140184,0.000351293,-0.000266104,-0.000412803,0.00027637,-8.86108e-05,-1.73808e-05,0.000133708,0.000279899,0.000112841,-0.000442036,8.35498e-05,0.00146202,-0.000203323,-8.27262e-05,-0.000238009,0.000278959,-0.000646675,0.000945033,-0.000128331,0.000795607,0.00170493,0.000150602,0.000708234,0.000929262,-7.45165e-05,0.000884843,-3.1353e-05,0.000337431,0.000297929,0.000129988,0.000218681,4.63054e-05,-0.0003199,0.00042893,-0.000410809,0.000304198,5.27793e-05,-6.24176e-05,-0.000291844,-0.000135411,9.47561e-05,0.000932988,0.00109063,7.5088e-05,2.89814e-05,-8.23694e-05,-0.000510245,-9.85601e-06,0.000121746,0.000723415,0.000463951,0.000261709,-0.000222983,0.000562738,0.000265617,4.28145e-06,-5.13693e-05,0.000197503,0.00034568,0.000319485,-0.000114882,4.80079e-05,-9.90998e-05,-2.56983e-06,0.000983833,-0.000498283,0.000173752
0.521991,-0.00013215,0.000324171,-0.000245972,-0.00037986,0.000253932,-8.2207e-05,-1.57365e-05,0.00012396,0.000259364,0.000104028,-0.000405821,8.00604e-05,0.00135122,-0.000187488,-7.60519e-05,-0.000219664,0.000260798,-0.00059656,0.00087446,-0.000117317,0.000733029,0.00157166,0.000137065,0.000651621,0.000855161,-6.73229e-05,0.000819048,-2.72041e-05,0.000311508,0.000274711,0.00011643,0.000201301,4.24428e-05,-0.000293456,0.000400843,-0.000377039,0.000279679,4.86263e-05,-5.7499e-05,-0.000267091,-0.000125278,8.72369e-05,0.000858432,0.00100345,6.92817e-05,2.63609e-05,-7.57318e-05,-0.000468807,-9.02244e-06,0.000111639,0.000666364,0.000427689,0.000242405,-0.000205102,0.000517053,0.00024502,3.77498e-06,-4.80461e-05,0.000181455,0.000319146,0.000294752,-0.000105883,4.44366e-05,-9.18517e-05,8.75744e-07,0.000904316,-0.000457997,0.000159283
0.522991,-0.000124268,0.000298594,-0.000226942,-0.000348906,0.000232891,-7.61186e-05,-1.42186e-05,0.000114702,0.000239877,9.57266e-05,-0.000371897,7.64461e-05,0.00124648,-0.000172567,-6.97876e-05,-0.000202358,0.000243299,-0.000549317,0.000807636,-0.000107048,0.000674131,0.00144614,0.000124505,0.000598438,0.000785526,-6.06947e-05,0.000756712,-2.34796e-05,0.000287044,0.000252835,0.000104025,0.000184962,3.88305e-05,-0.000268705,0.0003738,-0.000345415,0.000256665,4.47177e-05,-5.28706e-05,-0.000243984,-0.000115684,8.01663e-05,0.000788386,0.000921545,6.38062e-05,2.39309e-05,-6.95028e-05,-0.000429948,-8.24354e-06,0.000102183,0.000612684,0.000393536,0.000224097,-0.000188311,0.00047421,0.000225603,3.31653e-06,-4.48418e-05,0.000166407,0.000294103,0.00027143,-9.74092e-05,4.10529e-05,-8.49745e-05,3.76858e-06,0.000829707,-0.000420196,0.000145752
0.523991,-0.000116563,0.000274511,-0.000208981,-0.000319866,0.00021319,-7.03403e-05,-1.28201e-05,0.000105926,0.000221415,8.79194e-05,-0.000340166,7.27421e-05,0.00114764,-0.000158531,-6.39171e-05,-0.000186059,0.000226476,-0.000504849,0.000744464,-9.74908e-05,0.000618782,0.0013281,0.000112872,0.000548554,0.000720189,-5.45984e-05,0.000697752,-2.01475e-05,0.000263994,0.000232257,9.26995e-05,0.000169626,3.54576e-05,-0.000245575,0.000347824,-0.000315847,0.000235098,4.10448e-05,-4.8522e-05,-0.000222449,-0.000106616,7.3528e-05,0.00072268,0.000844717,5.86509e-05,2.16814e-05,-6.36661e-05,-0.000393564,-7.51694e-06,9.33499e-05,0.000562256,0.000361418,0.000206764,-0.000172567,0.000434094,0.000207327,2.90269e-06,-4.17593e-05,0.000152317,0.000270505,0.000249475,-8.94418e-05,3.78524e-05,-7.846e-05,6.16129e-06,0.000759809,-0.000384781,0.000133115
0.524991,-0.000109057,0.000251871,-0.000192058,-0.000292665,0.000194772,-6.48663e-05,-1.15339e-05,9.76213e-05,0.000203955,8.05887e-05,-0.000310533,6.89809e-05,0.00105451,-0.000145347,-5.84246e-05,-0.000170732,0.000210342,-0.000463061,0.000684848,-8.86088e-05,0.000566852,0.00121727,0.000102115,0.000501837,0.000658983,-4.90022e-05,0.000642081,-1.71775e-05,0.000242312,0.00021293,8.23825e-05,0.000155253,3.23133e-05,-0.000223993,0.000322927,-0.000288244,0.000214917,3.7599e-05,-4.4443e-05,-0.00020241,-9.806e-05,6.73056e-05,0.000661142,0.000772766,5.38049e-05,1.96024e-05,-5.82056e-05,-0.000359549,-6.84027e-06,8.51123e-05,0.000514957,0.000331263,0.000190383,-0.000157829,0.000396589,0.000190152,2.5302e-06,-3.88009e-05,0.000139147,0.000248304,0.000228839,-8.19629e-05,3.48304e-05,-7.22993e-05,8.10352e-06,0.00069443,-0.000351655,0.000121334
0.525991,-0.000101769,0.000230624,-0.00017614,-0.00026723,0.000177583,-5.969e-05,-1.03531e-05,8.97763e-05,0.000187472,7.37171e-05,-0.000282904,6.51925e-05,0.000966914,-0.000132985,-5.32943e-05,-0.000156345,0.000194903,-0.000423857,0.000628684,-8.03686e-05,0.000518212,0.00111339,9.21862e-05,0.000458159,0.000601743,-4.3875e-05,0.000589608,-1.45406e-05,0.00022195,0.000194809,7.30059e-05,0.000141807,2.9387e-05,-0.00020389,0.00029912,-0.000262518,0.000196066,3.43716e-05,-4.06231e-05,-0.000183794,-9.00012e-05,6.14828e-05,0.000603604,0.000705494,4.92574e-05,1.76844e-05,-5.31052e-05,-0.000327804,-6.21121e-06,7.74426e-05,0.000470668,0.000302999,0.000174928,-0.000144053,0.000361584,0.00017404,2.19595e-06,-3.59682e-05,0.000126855,0.000227454,0.000209477,-7.49545e-05,3.1982e-05,-6.64833e-05,9.64197e-06,0.000633377,-0.000320721,0.000110367
0.526991,-9.47149e-05,0.000210717,-0.000161194,-0.000243485,0.000161567,-5.48047e-05,-9.27134e-06,8.23798e-05,0.000171942,6.72869e-05,-0.000257188,6.14041e-05,0.000884676,-0.000121414,-4.85105e-05,-0.000142864,0.000180165,-0.000387143,0.00057587,-7.27373e-05,0.000472732,0.0010162,8.30375e-05,0.000417393,0.000548302,-3.91872e-05,0.000540241,-1.22094e-05,0.000202863,0.000177848,6.45044e-05,0.000129248,2.66682e-05,-0.000185195,0.000276408,-0.000238582,0.000178488,3.1354e-05,-3.70522e-05,-0.000166531,-8.24245e-05,5.60434e-05,0.000549898,0.000642704,4.49973e-05,1.59183e-05,-4.83494e-05,-0.000298226,-5.62748e-06,7.03138e-05,0.000429268,0.000276553,0.000160375,-0.000131201,0.000328969,0.000158951,1.89698e-06,-3.32624e-05,0.000115404,0.000207906,0.000191341,-6.83983e-05,2.93022e-05,-6.10028e-05,1.08205e-05,0.000576463,-0.000291884,0.000100178
0.527991,-8.79102e-05,0.000192101,-0.000147186,-0.000221359,0.00014667,-5.02031e-05,-8.2822e-06,7.54195e-05,0.000157336,6.12806e-05,-0.000233295,5.76403e-05,0.000807609,-0.000110603,-4.40579e-05,-0.000130253,0.00016613,-0.000352821,0.000526298,-6.56826e-05,0.000430283,0.000925418,7.46238e-05,0.000379412,0.000498499,-3.49103e-05,0.000493882,-1.0158e-05,0.000185002,0.000162002,5.68159e-05,0.00011754,2.41469e-05,-0.000167842,0.000254792,-0.00021635,0.000162124,2.85378e-05,-3.372e-05,-0.000150552,-7.53145e-05,5.09714e-05,0.000499859,0.000584202,4.10139e-05,1.4295e-05,-4.39226e-05,-0.000270716,-5.08684e-06,6.36995e-05,0.00039064,0.000251854,0.000146697,-0.00011923,0.000298633,0.000144846,1.6305e-06,-3.0684e-05,0.000104754,0.000189613,0.000174385,-6.22763e-05,2.67858e-05,-5.58479e-05,1.16801e-05,0.0005235,-0.00026505,9.07268e-05
0.528991,-8.13665e-05,0.000174724,-0.000134081,-0.000200778,0.000132841,-4.58776e-05,-7.37971e-06,6.88828e-05,0.000143629,5.5681e-05,-0.000211135,5.39236e-05,0.000735527,-0.000100521,-3.99212e-05,-0.00011848,0.000152796,-0.000320796,0.000479861,-5.91733e-05,0.000390738,0.000840791,6.69013e-05,0.000344092,0.000452171,-3.10169e-05,0.000450435,-8.36181e-06,0.000168321,0.000147225,4.9881e-05,0.000106645,2.1813e-05,-0.000151763,0.000234269,-0.000195739,0.000146921,2.59142e-05,-3.06164e-05,-0.000135788,-6.86554e-05,4.62508e-05,0.000453323,0.000529798,3.72962e-05,1.28061e-05,-3.98096e-05,-0.000245178,-4.58711e-06,5.7574e-05,0.000354665,0.000228828,0.000133868,-0.000108102,0.000270469,0.000131685,1.39383e-06,-2.8233e-05,9.48674e-05,0.000172527,0.000158561,-5.65704e-05,2.44275e-05,-5.10087e-05,1.22591e-05,0.000474307,-0.000240125,8.1977e-05
0.529991,-7.50939e-05,0.000158535,-0.000121847,-0.000181673,0.000120027,-4.18201e-05,-6.55807e-06,6.27568e-05,0.000130791,5.04705e-05,-0.000190622,5.02737e-05,0.000668242,-9.11373e-05,-3.60855e-05,-0.000107509,0.000140161,-0.000290972,0.000436447,-5.3179e-05,0.00035397,0.000762055,5.98275e-05,0.000311308,0.00040916,-2.74807e-05,0.000409799,-6.79769e-06,0.000152773,0.000133472,4.3643e-05,9.65263e-05,1.96569e-05,-0.000136894,0.000214831,-0.000176667,0.000132822,2.3475e-05,-2.77312e-05,-0.000122174,-6.24314e-05,4.18658e-05,0.000410128,0.000479302,3.38332e-05,1.14431e-05,-3.59955e-05,-0.000221515,-4.12612e-06,5.1912e-05,0.000321225,0.000207404,0.000121858,-9.77767e-05,0.000244373,0.00011943,1.18447e-06,-2.5909e-05,8.57077e-05,0.000156599,0.000143824,-5.12629e-05,2.22219e-05,-4.6475e-05,1.25931e-05,0.000428702,-0.00021702,7.3892e-05
0.530991,-6.91001e-05,0.000143483,-0.000110449,-0.000163973,0.000108177,-3.80225e-05,-5.81176e-06,5.7028e-05,0.000118792,4.56321e-05,-0.000171672,4.67084e-05,0.000605565,-8.24208e-05,-3.25362e-05,-9.73085e-05,0.000128217,-0.000263255,0.000395946,-4.76702e-05,0.000319853,0.000688947,5.33618e-05,0.000280941,0.000369309,-2.42768e-05,0.000371873,-5.44385e-06,0.00013831,0.000120699,3.80481e-05,8.71476e-05,1.76691e-05,-0.000123171,0.000196467,-0.000159054,0.000119775,2.12118e-05,-2.50547e-05,-0.000109646,-5.66262e-05,3.78009e-05,0.000370116,0.000432527,3.06141e-05,1.01982e-05,-3.24656e-05,-0.000199633,-3.70177e-06,4.66892e-05,0.000290205,0.000187512,0.000110641,-8.82156e-05,0.000220241,0.000108042,1.00003e-06,-2.37109e-05,7.72382e-05,0.000141782,0.000130126,-4.63359e-05,2.01635e-05,-4.22363e-05,1.27151e-05,0.000386509,-0.000195644,6.64365e-05
0.531991,-6.33909e-05,0.000129519,-9.98516e-05,-0.000147608,9.72418e-05,-3.4476e-05,-5.13548e-06,5.16825e-05,0.000107604,4.11488e-05,-0.000154202,4.32431e-05,0.000547308,-7.43416e-05,-2.92587e-05,-8.78429e-05,0.000116957,-0.000237551,0.000358245,-4.26184e-05,0.000288262,0.00062121,4.74649e-05,0.000252871,0.000332464,-2.13811e-05,0.000336553,-4.27983e-06,0.000124885,0.000108859,3.30452e-05,7.84731e-05,1.58402e-05,-0.000110533,0.000179162,-0.000142823,0.000107725,1.91163e-05,-2.25769e-05,-9.8142e-05,-5.12235e-05,3.40406e-05,0.000333129,0.000389292,2.76281e-05,9.06368e-06,-2.92054e-05,-0.000179442,-3.31203e-06,4.18814e-05,0.00026149,0.00016908,0.000100186,-7.93806e-05,0.000197971,9.74809e-05,8.38282e-07,-2.16373e-05,6.94232e-05,0.000128027,0.000117422,-4.17718e-05,1.82468e-05,-3.82822e-05,1.26558e-05,0.000347554,-0.00017591,5.95759e-05
0.532991,-5.79701e-05,0.000116592,-9.00216e-05,-0.000132512,8.71727e-05,-3.1172e-05,-4.52418e-06,4.67064e-05,9.71951e-05,3.70035e-05,-0.000138131,3.98911e-05,0.00049328,-6.68695e-05,-2.62388e-05,-7.90793e-05,0.00010637,-0.000213766,0.000323229,-3.7996e-05,0.000259076,0.000558587,4.20993e-05,0.000226981,0.000298471,-1.87709e-05,0.000303737,-3.28648e-06,0.000112451,9.79107e-05,2.8586e-05,7.04676e-05,1.41614e-05,-9.89193e-05,0.0001629,-0.000127897,9.66213e-05,1.71804e-05,-2.02881e-05,-8.76015e-05,-4.62069e-05,3.05698e-05,0.000299015,0.000349415,2.48645e-05,8.03211e-06,-2.62008e-05,-0.00016085,-2.9549e-06,3.74654e-05,0.000234968,0.00015204,9.04647e-05,-7.12345e-05,0.000177466,8.77095e-05,6.97109e-07,-1.96865e-05,6.22279e-05,0.000115287,0.000105665,-3.75534e-05,1.64659e-05,-3.46018e-05,1.24432e-05,0.000311668,-0.000157731,5.32766e-05
0.533991,-5.28398e-05,0.000104652,-8.09242e-05,-0.000118618,7.79221e-05,-2.81013e-05,-3.97305e-06,4.20853e-05,8.7535e-05,3.31798e-05,-0.00012338,3.66639e-05,0.000443293,-5.99749e-05,-2.34629e-05,-7.09843e-05,9.64426e-05,-0.000191807,0.000290785,-3.37765e-05,0.000232174,0.000500828,3.72287e-05,0.000203156,0.000267183,-1.64245e-05,0.000273319,-2.44591e-06,0.000100963,8.7809e-05,2.46247e-05,6.30965e-05,1.26239e-05,-8.82711e-05,0.000147657,-0.000114203,8.64127e-05,1.5396e-05,-1.81788e-05,-7.79661e-05,-4.15599e-05,2.73737e-05,0.000267622,0.00031272,2.23127e-05,7.09648e-06,-2.34382e-05,-0.000143771,-2.62844e-06,3.34185e-05,0.000210528,0.000136323,8.14471e-05,-6.37408e-05,0.000158627,7.86895e-05,5.74541e-07,-1.78563e-05,5.56183e-05,0.000103514,9.48106e-05,-3.36634e-05,1.48154e-05,-3.11843e-05,1.2103e-05,0.000278684,-0.000141024,4.7506e-05
0.534991,-4.80004e-05,9.36517e-05,-7.25256e-05,-0.000105861,6.94438e-05,-2.52548e-05,-3.47751e-06,3.78046e-05,7.85923e-05,2.96612e-05,-0.000109874,3.35708e-05,0.000397157,-5.36286e-05,-2.09172e-05,-6.35251e-05,8.71603e-05,-0.000171583,0.000260798,-2.99339e-05,0.000207436,0.000447682,3.28187e-05,0.000181284,0.000238454,-1.43212e-05,0.000245194,-1.74147e-06,9.03732e-05,7.85112e-05,2.11181e-05,5.63259e-05,1.12191e-05,-7.85317e-05,0.000133411,-0.000101669,7.70497e-05,1.37553e-05,-1.62396e-05,-6.91797e-05,-3.72659e-05,2.44376e-05,0.000238802,0.000279035,1.99621e-05,6.25003e-06,-2.0904e-05,-0.000128118,-2.33077e-06,2.97189e-05,0.000188061,0.000121862,7.31032e-05,-5.68636e-05,0.000141362,7.03832e-05,4.68729e-07,-1.6144e-05,4.95611e-05,9.26616e-05,8.48134e-05,-3.00849e-05,1.32894e-05,-2.80187e-05,1.16588e-05,0.00024844,-0.000125706,4.22324e-05
0.535991,-4.34507e-05,8.3542e-05,-6.47918e-05,-9.41767e-05,6.16927e-05,-2.26231e-05,-3.03323e-06,3.38499e-05,7.03356e-05,2.64316e-05,-9.75385e-05,3.06196e-05,0.000354687,-4.78018e-05,-1.85885e-05,-5.66691e-05,7.85065e-05,-0.000153005,0.000233155,-2.64436e-05,0.000184746,0.000398906,2.88363e-05,0.000161256,0.00021214,-1.24416e-05,0.000219257,-1.15768e-06,8.06371e-05,6.99751e-05,1.80257e-05,5.01224e-05,9.93891e-06,-6.96458e-05,0.000120136,-9.02254e-05,6.84838e-05,1.22504e-05,-1.44613e-05,-6.11877e-05,-3.33084e-05,2.17472e-05,0.000212411,0.00024819,1.78023e-05,5.48631e-06,-1.85852e-05,-0.000113809,-2.06006e-06,2.63451e-05,0.000167458,0.000108588,6.5403e-05,-5.05681e-05,0.000125577,6.27537e-05,3.77951e-07,-1.45468e-05,4.40241e-05,8.26831e-05,7.56292e-05,-2.68015e-05,1.18823e-05,-2.5094e-05,1.11319e-05,0.000220778,-0.000111696,3.74252e-05
0.536991,-3.91878e-05,7.42754e-05,-5.76892e-05,-8.35039e-05,5.4625e-05,-2.01967e-05,-2.63609e-06,3.02062e-05,6.27332e-05,2.3475e-05,-8.6301e-05,2.78161e-05,0.000315695,-4.24661e-05,-1.64641e-05,-5.03845e-05,7.04634e-05,-0.000135984,0.00020774,-2.32819e-05,0.00016399,0.000354259,2.525e-05,0.000142964,0.000188102,-1.07671e-05,0.000195403,-6.8023e-07,7.17095e-05,6.21591e-05,1.53093e-05,4.44538e-05,8.77536e-06,-6.156e-05,0.000107801,-7.98045e-05,6.06678e-05,1.08739e-05,-1.28349e-05,-5.39376e-05,-2.96709e-05,1.92884e-05,0.000188309,0.00022002,1.58233e-05,4.79917e-06,-1.64689e-05,-0.000100762,-1.81455e-06,2.32767e-05,0.000148617,9.64383e-05,5.83162e-05,-4.48203e-05,0.000111185,5.57644e-05,3.00603e-07,-1.30615e-05,3.8976e-05,7.35326e-05,6.72143e-05,-2.37967e-05,1.05884e-05,-2.23992e-05,1.05415e-05,0.000195545,-9.89182e-05,3.30546e-05
0.537991,-3.52079e-05,6.58053e-05,-5.11846e-05,-7.37817e-05,4.81983e-05,-1.79663e-05,-2.28218e-06,2.68589e-05,5.57534e-05,2.0776e-05,-7.60921e-05,2.51648e-05,0.000279999,-3.75937e-05,-1.45314e-05,-4.46396e-05,6.30113e-05,-0.000120433,0.000184441,-2.04257e-05,0.000145056,0.000313505,2.20297e-05,0.000126304,0.000166204,-9.28033e-06,0.000173527,-2.95933e-07,6.35464e-05,5.50224e-05,1.29332e-05,3.92881e-05,7.72077e-06,-5.42226e-05,9.63781e-05,-7.0341e-05,5.35558e-05,9.61823e-06,-1.13515e-05,-4.73791e-05,-2.63372e-05,1.70476e-05,0.000166357,0.000194365,1.40148e-05,4.18275e-06,-1.45428e-05,-8.88998e-05,-1.59255e-06,2.04936e-05,0.000131433,8.53475e-05,5.18127e-05,-3.95869e-05,9.80989e-05,4.93795e-05,2.35197e-07,-1.16847e-05,3.43862e-05,6.5165e-05,5.95259e-05,-2.10546e-05,9.40183e-06,-1.99233e-05,9.90497e-06,0.00017259,-8.72952e-05,2.90921e-05
0.538991,-3.15054e-05,5.80859e-05,-4.52453e-05,-6.49513e-05,4.23713e-05,-1.59221e-05,-1.96784e-06,2.37931e-05,4.93647e-05,1.83194e-05,-6.68445e-05,2.26684e-05,0.000247417,-3.31574e-05,-1.27782e-05,-3.94035e-05,5.61294e-05,-0.000106266,0.000163145,-1.78532e-05,0.000127834,0.000276415,1.91469e-05,0.000111175,0.000146314,-7.9648e-06,0.000153526,7.34186e-09,5.61041e-05,4.85251e-05,1.0864e-05,3.45946e-05,6.76775e-06,-4.75837e-05,8.58326e-05,-6.17719e-05,4.71033e-05,8.47615e-06,-1.00025e-05,-4.14636e-05,-2.32909e-05,1.50115e-05,0.000146423,0.000171069,1.23671e-05,3.63149e-06,-1.27949e-05,-7.81451e-05,-1.39241e-06,1.79768e-05,0.000115808,7.52531e-05,4.58625e-05,-3.48359e-05,8.62342e-05,4.35639e-05,1.80359e-07,-1.04125e-05,3.02253e-05,5.75358e-05,5.25219e-05,-1.85596e-05,8.3171e-06,-1.76552e-05,9.23762e-06,0.000151769,-7.67537e-05,2.55101e-05
0.539991,-2.8074e-05,5.10724e-05,-3.98389e-05,-5.69554e-05,3.71042e-05,-1.40546e-05,-1.68961e-06,2.09941e-05,4.35356e-05,1.60903e-05,-5.84933e-05,2.03285e-05,0.000217769,-2.91308e-05,-1.11928e-05,-3.4646e-05,4.9796e-05,-9.34e-05,0.000143742,-1.55434e-05,0.000112218,0.000242762,1.65746e-05,9.74776e-05,0.000128304,-6.80506e-06,0.000135296,2.40688e-07,4.934e-05,4.26282e-05,9.07059e-06,3.03432e-05,5.90917e-06,-4.15953e-05,7.61309e-05,-5.40363e-05,4.12671e-05,7.4406e-06,-8.77944e-06,-3.61447e-05,-2.0516e-05,1.3167e-05,0.000128376,0.000149979,1.08706e-05,3.14009e-06,-1.12135e-05,-6.84246e-05,-1.21256e-06,1.57077e-05,0.000101642,6.60942e-05,4.04357e-05,-3.0536e-05,7.55101e-05,3.82833e-05,1.3482e-07,-9.24104e-06,2.64648e-05,5.06014e-05,4.61612e-05,-1.62964e-05,7.32857e-06,-1.5584e-05,8.55302e-06,0.000132941,-6.72226e-05,2.22819e-05
0.540991,-2.49061e-05,4.47209e-05,-3.49338e-05,-4.97388e-05,3.23587e-05,-1.23544e-05,-1.44423e-06,1.84472e-05,3.82349e-05,1.40742e-05,-5.09757e-05,1.81452e-05,0.000190881,-2.54877e-05,-9.76367e-06,-3.03374e-05,4.3988e-05,-8.17539e-05,0.000126121,-1.34763e-05,9.8104e-05,0.000212328,1.4287e-05,8.51169e-05,0.000112048,-5.78663e-06,0.000118735,4.14213e-07,4.32125e-05,3.72937e-05,7.52404e-06,2.65048e-05,5.1382e-06,-3.6211e-05,6.72372e-05,-4.70757e-05,3.60054e-05,6.50469e-06,-7.67427e-06,-3.13777e-05,-1.79968e-05,1.15016e-05,0.000112091,0.000130949,9.51571e-06,2.70357e-06,-9.78734e-06,-5.96674e-05,-1.05149e-06,1.36685e-05,8.88429e-05,5.78109e-05,3.55027e-05,-2.66569e-05,6.58482e-05,3.35041e-05,9.74164e-08,-8.16627e-06,2.3077e-05,4.43192e-05,4.04035e-05,-1.42502e-05,6.43069e-06,-1.36989e-05,7.86305e-06,0.000115971,-5.8633e-05,1.93822e-05
0.541991,-2.19932e-05,3.89888e-05,-3.04988e-05,-4.32476e-05,2.80976e-05,-1.08118e-05,-1.22866e-06,1.61379e-05,3.34316e-05,1.22571e-05,-4.42317e-05,1.61174e-05,0.00016658,-2.22032e-05,-8.47994e-06,-2.64487e-05,3.8682e-05,-7.12481e-05,0.000110175,-1.16329e-05,8.53916e-05,0.000184901,1.226e-05,7.40006e-05,9.74253e-05,-4.89594e-06,0.000103745,5.37082e-07,3.76808e-05,3.24845e-05,6.19757e-06,2.30511e-05,4.4483e-06,-3.13866e-05,5.91146e-05,-4.08338e-05,3.1278e-05,5.66174e-06,-6.67902e-06,-2.71202e-05,-1.57176e-05,1.00031e-05,9.74457e-05,0.000113836,8.29338e-06,2.3172e-06,-8.50555e-06,-5.18049e-05,-9.07746e-07,1.18424e-05,7.7317e-05,5.03454e-05,3.10345e-05,-2.31694e-05,5.71732e-05,2.91936e-05,6.70849e-08,-7.18389e-06,2.00355e-05,3.86474e-05,3.52096e-05,-1.24066e-05,5.61801e-06,-1.19891e-05,7.17797e-06,0.000100727,-5.09183e-05,1.67863e-05
0.542991,-1.9326e-05,3.38344e-05,-2.65037e-05,-3.74302e-05,2.42853e-05,-9.41762e-06,-1.04003e-06,1.40517e-05,2.90953e-05,1.06252e-05,-3.82033e-05,1.4243e-05,0.000144699,-1.92525e-05,-7.33098e-06,-2.29519e-05,3.38537e-05,-6.18054e-05,9.57979e-05,-9.9949e-06,7.39832e-05,0.000160272,1.04706e-05,6.40396e-05,8.43205e-05,-4.12034e-06,9.02245e-05,6.17558e-07,3.27052e-05,2.81646e-05,5.06644e-06,1.9955e-05,3.83318e-06,-2.70795e-05,5.17255e-05,-3.52564e-05,2.70459e-05,4.90528e-06,-5.786e-06,-2.33317e-05,-1.36632e-05,8.65959e-06,8.43233e-05,9.85025e-05,7.19463e-06,1.97653e-06,-7.35766e-06,-4.47712e-05,-7.79952e-07,1.02128e-05,6.69759e-05,4.36414e-05,2.70021e-05,-2.00454e-05,4.94123e-05,2.532e-05,4.28561e-08,-6.28949e-06,1.73148e-05,3.35456e-05,3.05415e-05,-1.07516e-05,4.88518e-06,-1.0444e-05,6.50652e-06,8.70839e-05,-4.40146e-05,1.44709e-05
0.543991,-1.68946e-05,2.92175e-05,-2.29186e-05,-3.22366e-05,2.08876e-05,-8.16249e-06,-8.75698e-07,1.21747e-05,2.5196e-05,9.16535e-06,-3.28354e-05,1.25189e-05,0.000125073,-1.66121e-05,-6.3066e-06,-1.98197e-05,2.94782e-05,-5.33512e-05,8.28858e-05,-8.54514e-06,6.37845e-05,0.000138241,8.89733e-06,5.5148e-05,7.26209e-05,-3.44806e-06,7.80788e-05,6.63054e-07,2.82471e-05,2.42994e-05,4.10791e-06,1.71899e-05,3.28687e-06,-2.32489e-05,4.50314e-05,-3.02921e-05,2.32718e-05,4.22904e-06,-4.98781e-06,-1.99735e-05,-1.18187e-05,7.45974e-06,7.26104e-05,8.4817e-05,6.21078e-06,1.67737e-06,-6.33362e-06,-3.85031e-05,-6.6679e-07,8.76432e-06,5.77333e-05,3.76445e-05,2.33775e-05,-1.72577e-05,4.24959e-05,2.18525e-05,2.38514e-08,-5.47858e-06,1.48903e-05,2.89741e-05,2.63622e-05,-9.27151e-06,4.22694e-06,-9.05321e-06,5.85605e-06,7.49199e-05,-3.78604e-05,1.24137e-05
0.544991,-1.46882e-05,2.50988e-05,-1.97149e-05,-2.7619e-05,1.78717e-05,-7.0373e-06,-7.33175e-07,1.04928e-05,2.17044e-05,7.86479e-06,-2.80749e-05,1.09411e-05,0.000107542,-1.4259e-05,-5.39704e-06,-1.70254e-05,2.55304e-05,-4.58128e-05,7.13375e-05,-7.26728e-06,5.47046e-05,0.000118616,7.51996e-06,4.72436e-05,6.22184e-05,-2.86817e-06,6.72131e-05,6.80174e-07,2.42691e-05,2.08551e-05,3.30108e-06,1.47308e-05,2.80367e-06,-1.98561e-05,3.89933e-05,-2.58913e-05,1.992e-05,3.62701e-06,-4.2773e-06,-1.7009e-05,-1.01696e-05,6.39257e-06,6.21984e-05,7.2652e-05,5.33345e-06,1.4158e-06,-5.42377e-06,-3.294e-05,-5.67009e-07,7.48203e-06,4.95066e-05,3.23021e-05,2.0133e-05,-1.47803e-05,3.63572e-05,1.87613e-05,9.27856e-09,-4.74659e-06,1.27386e-05,2.48948e-05,2.26358e-05,-7.95342e-06,3.63817e-06,-7.80649e-06,5.23259e-06,6.41191e-05,-3.23968e-05,1.05933e-05
0.545991,-1.26957e-05,2.14407e-05,-1.68643e-05,-2.35312e-05,1.52064e-05,-6.03309e-06,-6.10166e-07,8.99256e-06,1.85916e-05,6.71118e-06,-2.38714e-05,9.50479e-06,9.19511e-05,-1.2171e-05,-4.59294e-06,-1.45436e-05,2.1985e-05,-3.91206e-05,6.10548e-05,-6.14589e-06,4.66561e-05,0.00010121,6.31955e-06,4.02471e-05,5.30095e-05,-2.37056e-06,5.75354e-05,6.7476e-07,2.07351e-05,1.77993e-05,2.62689e-06,1.25532e-05,2.37815e-06,-1.68641e-05,3.35722e-05,-2.2007e-05,1.69561e-05,3.09336e-06,-3.64759e-06,-1.44036e-05,-8.70155e-06,5.44755e-06,5.29831e-05,6.18856e-05,4.55452e-06,1.18813e-06,-4.61888e-06,-2.80242e-05,-4.79422e-07,6.35181e-06,4.22158e-05,2.75635e-05,1.72416e-05,-1.25881e-05,3.09324e-05,1.60176e-05,-1.57315e-09,-4.0889e-06,1.08373e-05,2.12705e-05,1.93278e-05,-6.78469e-06,3.11386e-06,-6.69384e-06,4.64093e-06,5.45705e-05,-2.75675e-05,8.98954e-06
0.546991,-1.09056e-05,1.82068e-05,-1.434e-05,-1.99293e-05,1.28617e-05,-5.14112e-06,-5.04546e-07,7.66058e-06,1.58299e-05,5.69269e-06,-2.0177e-05,8.20446e-06,7.81515e-05,-1.0327e-05,-3.88539e-06,-1.23496e-05,1.88167e-05,-3.3207e-05,5.19418e-05,-5.16642e-06,3.95549e-05,8.58447e-05,5.27839e-06,3.40831e-05,4.48951e-05,-1.94592e-06,4.89565e-05,6.51938e-07,1.76102e-05,1.51008e-05,2.06799e-06,1.06339e-05,2.00517e-06,-1.42378e-05,2.8729e-05,-1.85944e-05,1.43474e-05,2.62254e-06,-3.09208e-06,-1.21244e-05,-7.40091e-06,4.61461e-06,4.48648e-05,5.24013e-05,3.86618e-06,9.9095e-07,-3.91012e-06,-2.37003e-05,-4.02907e-07,5.36025e-06,3.57847e-05,2.33801e-05,1.46769e-05,-1.06574e-05,2.61608e-05,1.35937e-05,-9.3374e-09,-3.50087e-06,9.16501e-06,1.80655e-05,1.64049e-05,-5.75323e-06,2.64916e-06,-5.7055e-06,4.08479e-06,4.61679e-05,-2.33185e-05,7.58317e-06
0.547991,-9.30605e-06,1.53621e-05,-1.21157e-05,-1.67712e-05,1.08095e-05,-4.35287e-06,-4.14355e-07,6.48402e-06,1.33918e-05,4.79797e-06,-1.69459e-05,7.03406e-06,6.59981e-05,-8.70655e-06,-3.26588e-06,-1.04197e-05,1.60001e-05,-2.80077e-05,4.39062e-05,-4.31522e-06,3.33209e-05,7.23474e-05,4.38003e-06,2.86795e-05,3.77806e-05,-1.5857e-06,4.139e-05,6.16165e-07,1.48608e-05,1.27297e-05,1.60868e-06,8.95058e-06,1.67989e-06,-1.19439e-05,2.44244e-05,-1.56111e-05,1.20628e-05,2.20921e-06,-2.60448e-06,-1.01406e-05,-6.25438e-06,3.8841e-06,3.77485e-05,4.4088e-05,3.26094e-06,8.21057e-07,-3.2891e-06,-1.99161e-05,-3.36408e-07,4.49466e-06,3.014e-05,1.97051e-05,1.24137e-05,-8.96537e-06,2.19844e-05,1.14629e-05,-1.45754e-08,-2.97789e-06,7.70148e-06,1.52456e-05,1.38352e-05,-4.84746e-06,2.23936e-06,-4.83199e-06,3.56681e-06,3.88105e-05,-1.95988e-05,6.35603e-06
