,bankssts-lh,bankssts-rh,caudalanteriorcingulate-lh,caudalanteriorcingulate-rh,caudalmiddlefrontal-lh,caudalmiddlefrontal-rh,cuneus-lh,cuneus-rh,entorhinal-lh,entorhinal-rh,frontalpole-lh,frontalpole-rh,fusiform-lh,fusiform-rh,inferiorparietal-lh,inferiorparietal-rh,inferiortemporal-lh,inferiortemporal-rh,insula-lh,insula-rh,isthmuscingulate-lh,isthmuscingulate-rh,lateraloccipital-lh,lateraloccipital-rh,lateralorbitofrontal-lh,lateralorbitofrontal-rh,lingual-lh,lingual-rh,medialorbitofrontal-lh,medialorbitofrontal-rh,middletemporal-lh,middletemporal-rh,paracentral-lh,paracentral-rh,parahippocampal-lh,parahippocampal-rh,parsopercularis-lh,parsopercularis-rh,parsorbitalis-lh,parsorbitalis-rh,parstriangularis-lh,parstriangularis-rh,pericalcarine-lh,pericalcarine-rh,postcentral-lh,postcentral-rh,posteriorcingulate-lh,posteriorcingulate-rh,precentral-lh,precentral-rh,precuneus-lh,precuneus-rh,rostralanteriorcingulate-lh,rostralanteriorcingulate-rh,rostralmiddlefrontal-lh,rostralmiddlefrontal-rh,superiorfrontal-lh,superiorfrontal-rh,superiorparietal-lh,superiorparietal-rh,superiortemporal-lh,superiortemporal-rh,supramarginal-lh,supramarginal-rh,temporalpole-lh,temporalpole-rh,transversetemporal-lh,transversetemporal-rh
bankssts-lh,0.462768536271933,-0.06407745678170253,-0.0005430572999154093,-0.035928803146736195,-0.03687171805287736,0.016883243886011153,-0.010455780711555937,-0.07802841155539153,-0.08297981634873793,0.023024307673087042,0.011655353530233182,0.12005862318941264,-0.001505799855952059,-0.020264959729297777,-0.1040246636405917,0.06190522758204089,0.009502951980467036,0.013921213298845757,0.006817406955733211,-0.04894675683923179,-0.0018957436372300642,0.050106674358118046,-0.10134903244080562,-0.040490264158804586,0.029738170234921577,-0.034206000678039035,0.04917367327692464,-0.03392951511560746,0.00750366394933829,0.07141809338745568,0.0072073507370112215,-0.03260657025313604,-0.07104797725607315,-0.012198410830148592,0.037518319746691446,-0.04103332145872,-0.003485260237185312,0.03403305950950613,0.00026657173748383274,-0.06434402851918637,-0.04530838308340906,0.050106674358118046,-0.00764686364302795,-0.021454618723027286,0.0032087746747537357,0.002675631199786069,-0.02265419154170453,-0.050536273439187034,0.013131411911342006,0.01567375724238616,-0.052278903557779685,0.04728784346464231,-0.0034951740621330593,0.03282357286588115,-0.004961318618294136,0.03630883310306646,0.022644277716756783,0.0544015636327026,-0.06273468426933562,0.0539917922015291,0.12568637115141634,0.01885279044229666,-0.0642206564753922,-0.04356575296481641,-0.05885948025087231,-0.012771209604907253,-0.027235480203668404,-0.09235939628541079
bankssts-rh,-0.03328210015174073,0.4320526169908641,-0.03986723127296105,-0.05163353846829259,-0.049174798541231045,-0.029504879124738627,-0.004219139519809763,-0.035477143858814175,-0.04601408109061493,0.030288693406220528,-0.034422358978861735,-0.005623094566918873,-0.05242462712825693,0.0004346441143252302,-0.02696066525050852,0.06532028158298582,-0.015016135782357424,0.03230915202971563,-0.016512839155117524,-0.04162399367646805,-0.0223959927527833,-0.0047465319597859825,-0.04258966742001072,-0.043117059859986935,-0.0223959927527833,-0.00018185946206076116,-0.034949751418837945,-0.03012138270112462,-0.00974948576107765,0.02730256103918276,0.022559666268637986,0.10561851978103087,0.0064032716591595675,0.07014865030069914,0.008776537639052553,-0.02871742765401551,-0.0014967033727601054,-0.03319298901533095,-0.031087056444667287,0.003067969124965116,-0.015807224442321757,-0.03301840393175262,-0.018180490422214746,-0.0284537314340274,-0.017211179489430867,-0.010804270641030086,-0.018444186642202855,0.024227317535735208,-0.01756398684582875,-0.011769944384572755,-0.00018185946206076116,0.0035062504285315642,0.002276880465000789,-9.274832565098953e-05,-0.003955443299821656,0.03336029972042686,0.07339847888772505,-0.019495334332914085,0.010793359073306443,0.012550121476813442,0.027566257259170866,0.010967944156884778,-0.02941940517757007,0.05057147920985773,-0.02239235556354208,-0.014756076751610524,0.007632641622690343,-0.013088425484513305
caudalanteriorcingulate-lh,0.042014585419233696,-0.018160499921121964,0.6177312694337177,0.019304203802257572,0.03550035165454758,-0.00044013628032327077,-0.06101633103870754,0.051616277623231864,-0.02146802650059565,0.026359393241528212,-0.061096552922313266,-0.03183074251933997,-0.03373547021522173,0.01818109743177749,0.026519837008739652,-0.0518959701363437,-0.008959917135152401,-0.02249031347681449,-0.0531589227633797,0.01503401461951525,-0.03435664777341197,-0.028924325357894888,-0.005111434881094202,0.039910387093845826,-0.005471349277811756,0.06035612661822262,-0.06951551438288114,0.015435124037543848,0.010965464225295412,0.020647378312899294,-0.018080278037516245,0.05255834271584498,-0.015955482201472842,-0.061096552922313266,-0.0531589227633797,0.04429982502248854,-0.04213383416513409,-0.0171176154342476,-0.0642436357345755,-0.010683603553167205,0.031952159424256735,-0.048829109207687175,-0.05291825711256254,-0.010041828484321447,-0.02036551764077109,0.05747030696743306,0.021669665289118133,-0.008237920182700918,-0.030026834217719442,-0.012787801878555076,-0.03656166549306109,-0.03836557379468161,-0.0035872190925855117,-0.05251714769453394,-0.06518570082718862,-0.06101633103870754,-0.05802969199365674,0.17232853085967711,-0.030427943635748054,-0.05598511804121906,-0.004769949836015792,0.01503401461951525,-0.0004607337909787993,-0.021227360849778488,0.023212310429265973,0.013931505759690687,-0.02555717440547101,-0.005031212997488482
caudalanteriorcingulate-rh,-0.00038799745734146326,-0.03755362251348749,0.019368719786556632,0.8869565232861246,-0.022923003063662732,0.12347381857790557,-0.05488606367355864,-0.023109921546761534,0.03227459141506059,-0.0028887401933451917,-0.027737570052571384,0.028935547603341008,-0.04910858328686826,-0.024072834944543264,-0.02163439836957247,-0.04044236270683268,-0.006740393784472114,-0.01829535455785288,-0.06740393784472114,-0.028887401933451917,-0.06451519765137595,-0.05873771726468557,-0.017332441160071148,-0.03062631024591657,0.023795289318123834,0.0410031181561291,-0.051997323480213443,-0.04429401629795961,0.09581271517751096,-0.011305736129249027,-0.04621984309352307,0.010778965858697843,-0.047182756491304795,-0.0568118904691221,-0.019646265412976073,-0.019258267955634612,-0.05777480386690383,0.03233689757609352,-0.044744319916334006,0.017318280668927304,0.027848021883493404,-0.05777480386690383,-0.06451519765137595,-0.07029267803806633,-0.008666220580035574,-0.05488606367355864,0.014041543018240649,0.03971451346203884,-0.034664882320142296,0.08573327758131925,-0.06066354406024903,-0.06836685124250287,0.22500170798107394,0.04022712324144618,-0.03550318339585816,-0.04423171013692667,-0.04621984309352307,0.012829404976327176,-0.05488606367355864,-0.06258937085581248,-0.03755362251348749,-0.0036647351080281152,0.0007618344235390743,0.005126097794073329,-0.012517874171162497,-0.02067148497179074,-0.04140527610461441,0.012254489035886905
caudalmiddlefrontal-lh,-0.009757065128323252,-0.03575541074654571,-0.008598324965240756,-0.046534059039055976,0.42611841825813873,0.002019518569943786,-0.03882016023910677,-0.002227618844130034,-0.01755136630693533,0.04686512765707955,-0.0003452572730817283,0.0027998945981421992,0.0271901926431073,0.0006763258911052917,-0.011180660185824613,0.04127479756416724,0.014680528433502362,0.036649296015209346,0.0007330805113379048,-0.022096465477230365,-0.031773128226890754,0.01998235587356555,0.0038214777623292243,-0.05438511483790067,-0.054006750703016596,0.00011350924046522617,-0.03182988284712336,-0.016851392657399784,0.10322246554806348,0.019443186981355734,0.006621372360471423,-0.01760812092716794,-0.01991614214996085,-0.02908674286921377,0.04552193497824105,0.018662810953157322,-0.02166134672211367,-0.02454164369891874,-0.022876841505428784,-0.045432073496206093,-0.06333815617959525,-0.018331742335133752,-0.0440888808173676,0.005680191574947276,0.11964819855371867,-0.005453173094016829,-0.04801440871678995,-0.026826017163281382,0.006805824876227417,0.011270521667859574,-0.012225891108441892,-0.013786643164838719,-0.0060963921233197615,-0.04212611686765643,-0.021155284691706213,-0.013223826514198653,0.025331478830489255,0.006347058362680468,-0.0064180016379712405,-0.018492547092459486,0.020786379660194226,-0.015266992842572692,-0.0067963657728553175,-0.04298689527451771,-0.0059119396075637725,0.029096201972585865,-0.04449089271068194,-0.023496412776301462
caudalmiddlefrontal-rh,0.009770996488849009,-0.02682059730649158,-0.01258662493118388,0.021404831276674793,0.01874859483028487,0.4948970096217556,-0.06122166423018644,0.021676420990435742,0.07408878345591033,-0.0010391645769148644,-0.015980160666078953,-0.03647939607752459,0.05350762590129744,0.03870019852381908,0.004570721313885169,-0.04033864138716385,0.05419327862128411,0.03662186936998936,-0.03897178823758003,0.03870019852381908,-0.0053899427455575515,-0.034564911210029345,0.03081786361820608,0.027014717167474826,-0.024957759007514815,0.003147769305393352,-0.05593946691205537,0.03585429450683544,-0.026078845727596917,-0.05815581706796033,0.026630929735897868,0.027588172169645493,-0.01475132851857037,-0.04009287495766213,-0.051614512027671915,0.032788447344609326,-0.012750469217518351,-0.05744434106371442,-0.013380023078597028,0.05744879335410394,-0.0009572424337476239,-0.05364119461298316,-0.05498222447830774,-0.01280656807642636,-0.05104105702550125,-0.03489259978269829,-0.04261109040197682,-0.01973166054829173,-0.06809065784314383,0.02091329841767136,-0.03352574663311447,-0.02857123788765235,-0.0011469100043413354,-0.03497452192586554,-0.07312708873177319,0.016260654960618952,-0.056814787202635754,-0.0622608288071013,-0.019567816261957256,-0.03732889308384574,-0.05894921521537348,0.10507049136045091,0.02348316043050451,-0.02682059730649158,0.06297675710173674,0.0019705837264032493,0.014259795659566938,0.04729400943367798
cuneus-lh,0.0,0.007850902484508622,-0.06153311010464686,-0.04893604219067359,-0.023622591735302862,-0.06370804531312126,0.6772801078524227,0.022472057827998628,-0.003444783743202762,-0.0006349242673641904,-0.05890563155929949,-0.06914538333430721,-0.007191263044320862,-0.004984794684312953,0.09239639522991774,-0.030059615884835387,-0.007643806381193859,-0.02609922250169258,-0.046459411424283864,-0.002659011696880906,0.021924915036525057,-0.05065843406227496,0.012867230320355099,-0.027519918815378627,-0.04431600936734301,0.02911617808084591,-0.04262515064727515,-0.015708622947727194,-0.027884680676361007,-0.026042974177335487,0.0007227057432548109,0.037363375577870436,0.13453065141007642,0.04436543971299015,-0.05268252149179168,-0.007612273229660335,-0.06959792667118021,-0.0655812849636803,-0.07364610153021363,0.0031993365096445276,-0.004833946905355287,-0.049420118679080104,-0.026011441025801958,-0.004293622092591673,0.007850902484508622,0.03753893852965168,-0.06292227326679939,0.005342738566585378,-0.03392540981337763,0.013193641051094001,0.11232875598845961,0.011986858819432667,-0.013144210705446857,-0.02634466973525082,-0.0655812849636803,-0.05410321780547773,-0.022629723585666242,-0.0505075862833173,0.07001211887780974,0.0032871179855351444,-0.032536246651225106,0.022773753385913958,0.0001193146274241417,-0.0065563387769566675,0.04651565974864096,0.02494868859438834,-0.021749352084743816,-0.006524805625423145
cuneus-rh,-0.04047313233125272,-0.04697731017188015,0.002602840952409359,-0.05255148416659054,-0.050878647060098224,0.019403072152776174,0.003106697483485715,0.3984928608564474,-0.03784438830676481,-0.018763851180515122,-0.0012466897916516095,0.030073466683199136,-0.05674360392846463,-0.060858014474103043,-0.0684217115210403,0.03516968721891172,0.06428724698411525,0.014494022202405388,-0.024389831319382608,-0.04803682937818997,0.0413571791138046,0.024925440003329448,0.05221474422956936,-0.04724218997345762,0.001621030962335204,-0.04124186866390652,0.027870869973551923,-0.054063053759819596,0.039787954295626496,0.07447968805554042,-0.04920580995360592,-0.03513793506604123,-0.009178878928480528,-0.001511569593229064,0.010909371259921868,-0.027122187632184738,0.010166537999346612,-0.001724643250649413,0.037585357585979286,-0.025901400912611675,-0.014675343706955252,-0.019241804639512923,0.012291425492758168,-0.016135107156027208,0.051679135545622513,0.01499787873348174,-0.033574559328655065,-0.04843707362095211,0.08055771858132715,0.0028677207539868164,-0.019319513855748583,0.003054891339328611,0.03169449764553434,0.023969533085333842,0.0009300038459170514,0.04679598866733029,0.04220362466269407,0.08347724547947108,-0.017885653478755172,-0.01196889046623168,0.05895204971890377,-0.06600604115397272,-0.04124186866390652,-0.048172193819374654,-0.019319513855748583,-0.05992801062818599,-0.06404242117382442,-0.06255675465267391
entorhinal-lh,-0.03127843589592477,-0.04769724138396513,-0.03839046257733779,-0.03470250666018878,-0.03668888605797257,0.08338931736747268,-0.022311972393170478,0.010449208431922187,0.4404114477185955,-0.009855466837930923,0.006080621907027096,-0.018887901628906474,-0.05331606427344346,0.006893195091215689,-0.06282075694473456,0.023871147473326405,0.23602032889058003,0.03358421287204804,0.013939250484407447,0.026044981873007175,-0.05139565616388092,-0.02901771248248919,0.0071675391068674816,-0.06863749369887664,-0.004938192281732247,-0.05010036623661,-0.016769579654680178,-0.07678092515467558,0.031191546882169956,-0.009789495549709674,-0.07151287643183707,-0.04065118599077336,-0.0556427589751003,0.018460697311278605,0.015321429425433184,-0.01075492903587434,0.022773771410719238,-0.013894196921719762,0.06265743777999169,0.010855495024016488,-0.011984247674924004,-0.035174764540504326,-0.0359977965874597,-0.05057262411692554,0.041047013720100875,0.035153846814970746,-0.019578991099419348,-0.042297250084684115,0.08188565471277122,-0.008834520926311795,-0.05372235086553776,-0.02628473118873805,-0.023069033151904603,-0.020533965722817224,-0.02408997906352373,0.06005639906268307,-0.022103599665739937,-0.000823032046955374,-0.036074226738447734,-0.03777580325781295,0.08982071344113961,0.010515179720143446,-0.04804801555060496,-0.006650227663864252,0.16417759601763673,-0.04523860410586578,-0.07938196387198419,-0.04769724138396513
entorhinal-rh,-0.02473968034057001,-0.024916771824754477,0.00899624739657091,-0.013388116204345686,0.04106751518237784,-0.004391868807774776,-0.005011689002420409,-0.060760088223690535,-0.045176037615457465,-0.017620602676354374,-0.022756255717703972,0.051090893187218656,0.0074555514841660505,-0.020454066423305908,-0.05066587362517593,0.004019976690987394,-0.07081888452536825,-0.06424879046212453,0.035949571289446744,-0.027112706228641856,0.06959695328449543,0.13239359357630734,-0.08029327892923721,-0.017850821605794247,0.07065950218960222,-0.016504926325992306,0.021357232992646684,0.02877736617997585,-0.02374796802913699,0.05950273868598082,0.045016655279691446,0.02350003995127873,-0.016097615912368027,0.003949140097313608,0.04048311328456909,-0.1131083309486189,0.007313878296818475,0.028228382579003997,0.009580649294379651,-0.02059573961065348,-0.0468584067152099,0.06904796968352357,0.0061804927980378885,0.019125880291922404,-0.04228944642325065,0.005082525596094194,-0.004462705401448562,-0.015619468905069966,-0.011670328807756357,-0.006694058102172843,0.002886591192206809,0.09088334968346831,0.01627470739655249,0.008447263795599062,-0.006694058102172843,0.010129632895351497,0.04604378588796135,-0.024544879707967086,0.03375363688555936,0.057784951289391505,0.02757314408752147,-0.04372388744514483,-0.03508182301694286,0.024828226082662237,-0.09759511693405962,0.07547639055941972,-0.013246443016998111,-0.0937168134304198
frontalpole-lh,0.015502905704285861,-0.025796732418369807,-0.058922592451996,-0.041659797726382286,0.023936576246783997,-0.018798085330363697,-0.05664291852373085,0.006774048671428266,0.04468385497816258,-0.0027697797587260854,0.33499335114907053,-0.012218955999036918,0.03728975424953905,0.02019219978755047,-0.004299455403061635,0.0285905762931578,0.010648371357396118,0.037484673589640534,-0.03185607684275928,0.02019219978755047,-0.035275587735156995,0.009343294129638417,0.015502905704285861,-0.033320779373727676,-0.0643618848191902,0.15098949409326565,-0.0378504481537816,0.033805270243774166,0.0735992968381562,0.0287854956332593,-0.010423772940818274,0.01266815283219261,-0.022572140866073585,-0.03684055741638335,-0.0070395560853113584,0.10979012312086793,-0.0076596081425066385,-0.02658202473919021,-0.06537177555658845,-0.00592939819765515,-0.0198376551442383,-0.02938148357439266,-0.05481805638903585,-0.0162232249117391,-0.0035847511560228463,-0.04563438756260811,-0.045829306902709595,-0.033190833146993344,-0.03355099275071996,-0.056577945410363685,-0.0376202347767893,0.0037090824223427296,-0.003814964533015135,0.026505821704994152,-0.060942373926792484,0.044158455110810825,0.0498576399314737,-0.05139854549663814,-0.031171051672196852,-0.022607434902964386,-0.01462857615403639,0.0033192437421397485,-0.007329127615256373,-0.022572140866073585,0.0332205122234697,0.03950445506443703,-0.011693556131685172,-0.006449183104592452
frontalpole-rh,0.08377869314988667,-0.013533066140066993,-0.05303442803395368,-0.01237573752726057,0.016668160744513324,-0.058248286823387035,-0.06746125900829796,0.030948336807969996,-0.008582771129162763,0.04203600148583095,0.0063137706210903985,0.3041823464658711,0.03023097292782639,0.0416257827964142,0.006781406091656531,-0.04194676335609273,0.03427366773550167,0.04615202374895003,-0.02781324220352366,0.048070297654097795,0.009843173240659066,-0.0012880728493996154,0.006444514857683591,-0.02668565963396331,-0.013766883875350055,0.05747350616209405,-0.048464605669220125,0.010824100899331814,-0.008039732897810079,0.02223482144221404,0.04533158637011654,0.04511160400378513,-0.013943284829483734,-0.06075318037208523,-0.038387614693278,0.02806297061310114,-0.05363488304645576,-0.06382878289003943,-0.06933595150124798,0.002504893548698185,0.03330657544578058,-0.017062468759635657,-0.05217040924292246,-0.0329101921253155,0.0037355496169484094,-0.058468269189718446,-0.036322685877242626,-0.022115837269229756,-0.06993640651375008,-0.043631219525957436,-0.030171480841334246,0.0073680257352069425,-0.024444329863794263,0.012758285478773982,-0.060006070448695555,0.047265770949558715,-0.0006578717936514723,-0.05449890183748697,-0.0241371846730674,-0.010881517680481196,0.009682682960819793,0.04773340642012486,-0.009857008609610722,-0.019113562206719368,0.04188934657494334,0.07122655466849244,0.05492503120119812,-0.0012742374804479578
fusiform-lh,0.026619140408369983,-0.044378717052500884,-0.04648327850273171,-0.0650765899038244,0.009136066674223503,0.03314835213649575,-0.02223916527313628,-0.0236035682787363,-0.02522213662299014,0.01531753675136449,0.022818734691444263,0.01931113227439287,0.4168166661567896,-0.029878614668208264,-0.04231279356349059,0.06090006778314255,0.03712564726963422,0.02613314730239298,-0.0030053089211844694,-0.029801338745767205,-0.05326665556951129,-0.005557225516171767,-0.008733386672128278,-0.07230732211536044,0.00939023201287732,0.04068818803779604,0.062380384672404185,-0.007507235121520481,0.05532654187708088,-0.0077390628888436615,0.09449577506439479,-0.010837948122359109,-0.039020718523872476,-0.02603957099006201,0.0934465129299997,0.04743292714335509,0.024884658180454558,0.0165436883019723,-0.028182770401513367,-0.05710569924765755,-0.030618773112839073,0.008318632307151637,-0.051648087225257454,-0.029724062823326132,0.03088923884138279,-0.03958398755229054,-0.051648087225257454,-0.0671425133928347,-0.0022814508664435753,0.00654551211801568,-0.05706706128643701,-0.040169594152039224,-0.054746972458772906,-0.019101642078400306,-0.028845652923703113,0.02492329614167509,-0.006004580660928236,-0.008556497255915535,-0.054260979352795904,-0.03050285922917748,0.09001618643538939,-0.013489478211118086,-0.03319302727915699,-0.025708129728967133,0.011964486179195235,0.04024083289303958,-0.04496432365224956,0.012743282585046575
fusiform-rh,0.02981188895395982,0.007804887527939644,-0.01651542693330645,-0.04924439684077696,-0.014497213948028704,0.026928727546420183,-0.015935402697201416,-0.05127617764444313,-0.01363226552576681,0.06399261542899146,-0.004640193888840259,0.06746936889102455,-0.06720479643245032,0.3266011322914927,-0.06517640758338127,0.009551744145448956,0.06023432973539863,0.042552070420687906,-0.04489930300188487,0.07295415947454406,-0.025209006565687718,0.028658624390943965,-0.016233894701746694,-0.057066244141702124,-0.0034835373712272977,-0.03911602041382008,0.010128376426956883,0.09872962245794839,0.01708188335102306,-0.005796850406453218,-0.05040783726758413,0.048050428822595845,-0.05706963609629924,0.009548352190851848,-0.010138552290748197,0.02864505657255554,0.032138769807574165,-0.011878624999063295,0.012153373321428837,0.0080898117140965,-0.03476075071113668,-0.03389241033427768,-0.030127340731490627,-0.03099907306294673,0.04401739480663745,-0.013618697707378391,-0.03331238609817265,-0.05358949067966904,0.0037616776481899463,-0.026070563033352506,-0.05358949067966904,0.014178370215900786,0.010124984472359773,0.030398697099259065,-0.02317383380742445,0.0008615564676647868,0.0026016291759798815,0.022007001426020172,-0.02608073889714382,0.024605238647402952,-0.006953506924066178,0.04312870270219582,-0.03158588120824597,-0.050692761453740985,0.0017231129353295735,-0.04345772229811506,-0.07531495987412946,-0.01189219281745172
inferiorparietal-lh,-0.054451573672778704,-0.035720873917854945,-0.01215333374134786,-0.04614235218223884,-0.0344788799400072,0.002606453330474549,0.06774177624725247,-0.04452429196502533,-0.0900543172733689,-0.00979614621794572,-0.016373512231521618,0.003227450319398425,-0.0673527048353438,-0.06958742698396689,0.6891820248019639,0.014392390947485248,-0.008186756115760809,-0.023195808994655627,-0.049120536694564856,-0.07653218912187995,0.1491324810782873,0.010425813321898196,0.03673527737620181,-0.01227146405861261,0.012039538481597415,-0.06412525451594538,0.005833903649872972,-0.07368080504184729,0.02754278791712275,0.03250642877099944,-0.06288759559561193,-0.048744470455199085,0.044799568117183546,0.024940669644162493,0.006699831388354954,-0.06822296763134009,-0.013644593526268015,-0.012280134173641214,0.02506313501894155,-0.05308711432015191,-0.028526845972869478,-0.006074499341916777,0.035239682533767344,-0.04304170229513378,0.06897943516758592,-0.005331036978213849,0.006953432252941667,0.025194270508749204,0.05620076937979988,0.007819359991423651,0.118117312092208,0.015638719982847302,-0.006568695898547298,-0.005702768160065316,0.01389819439085473,-0.0002449307495581087,0.006577366013575899,0.04478656294464065,0.02507180513397016,0.0026107883879888565,0.003970912683101351,-0.09278323597862251,-0.06648244203934751,-0.047756077341938055,-0.04043524896465923,-0.06611071085749605,-0.0845964798628617,-0.04365836422654335
inferiorparietal-rh,0.03460259428276774,0.056696652831415575,-0.061562897803697204,-0.04237552249352632,0.03124684481362721,-0.046882514481277095,-0.04523321668865816,0.04210608275512818,0.03816246476584625,-0.005886850041971575,-0.01419049288896893,-0.06135877678975922,0.0332472307502195,0.02086116762446238,0.014035360918376061,0.3239808733223747,-0.012745316110287976,0.0004082420278759743,-0.012451381850217269,0.042693951275269586,-0.026927644158699388,-0.029989459367769204,0.037721563375740196,-0.007830082094661218,-0.04484946918245474,0.10224829830181698,-0.06097502928355579,0.013798580542207995,-0.00039191234676094354,-0.03640702404597955,0.012386063125757118,0.045225051848100634,0.02188993753470984,-0.01151242518610253,-0.05014845070428491,0.07968067900083302,0.0012573854458579998,-0.05214883664087719,-0.07427555455175511,0.028274842850690107,0.002000385936592283,-0.02516403859827517,-0.015807131319357796,-0.022779905155479466,-0.0166889340995699,-0.047086635495215086,-0.062003799193803256,0.03018541554114968,-0.06559632903911185,-0.05473709109761088,0.0099121164368287,-0.01966093606250701,-0.0078627414568913,-0.03758276108626236,-0.07286303713530423,-0.03572934227970543,-0.03952599313895201,-0.07042174980860588,0.012149282749589048,-0.02160416811519666,-0.051707935250771137,0.09059707082623662,0.03504349567287379,0.032659362230078086,0.026805171550336595,0.10477939887464804,0.008973159772713955,0.03133665805975993
inferiortemporal-lh,-0.05685371029430011,-0.05812685925499378,-0.023764828632190146,-0.0064585399172215315,0.0003637568459124768,0.0077762305325167255,-0.0298596117034992,0.040068930118624384,0.1545929477082526,-0.12539589311695115,-0.01639689660018742,0.02374070190261432,0.02271809974905424,0.027038640245402437,-0.04520977942055072,-0.04734777884142405,0.2519443015467168,-0.045597662996039026,0.010779080413569727,0.06626684663342298,0.02935851808923201,0.009982898337567417,-0.024993435938282283,-0.0032292699586107657,0.021740039250095693,-0.009142174606963581,0.007663020493737844,0.003774905227479481,0.0004082985005140049,-0.015487504485406227,0.034475240661582515,-0.052646379836730796,-0.0064585399172215315,0.010346655183479894,-0.04266348149916338,-0.006890965147311362,-0.018284349213927163,-0.05812685925499378,0.01655464829356783,0.07882016962195357,0.03295154489375525,-0.02906342962749689,-0.009142174606963581,-0.00268363468974205,-0.118278507892082,0.009004837838608868,-0.02053555867357938,0.002069331036695979,-0.034499367391158345,0.005775567879998105,-0.0015236957678272636,0.012666533027309468,0.021558160827139454,-0.01639689660018742,-0.024561010708192457,0.055419097835675904,-0.05471571087342677,-0.06958891170578695,0.015350167717051518,-0.015600714524185114,-0.005322727724882578,0.027220518668358677,-0.001956120997917097,0.011939019335484514,0.10419777733117404,-0.022059254441406644,0.05548776621985326,-0.05319201510559951
inferiortemporal-rh,0.011545892645240863,0.017161635522570193,-0.02741565827086445,-0.03116986332078639,0.03522291056373694,0.02820323196707527,-0.03445090156507969,0.008722456509022617,0.004021917847843406,-0.017463590655109523,0.014842495587087738,0.03899268031121245,0.029591602988854035,0.0003144068905821817,-0.03281038244293304,0.01130930924242654,-0.0013261122315644629,-0.056303736930296916,-0.0013728063242251878,0.03077452000292562,0.009653225422726312,0.03664241098062285,-0.01684722863198801,-0.02624830595434643,0.020442673766863498,-0.028346427184568146,-0.0027767420435575205,0.043204487469209456,0.04157953304461638,0.020221655061602752,0.01504794959479491,0.041153060331648464,-0.02460778683219978,-0.0013728063242251878,0.06716478288318058,-0.0043705670730434555,0.0042585012506577225,-0.03397773475945105,-0.010269587445847828,0.03616924417499421,-0.018045710343613172,-0.019197497962577616,-0.014749107401766296,-0.01967066476820625,-0.04216476567263074,0.017634802328198827,-0.03116986332078639,-0.0180301456460596,-0.044057432895145285,-0.01615304312109863,-0.020380414976649205,0.04743185932476003,-0.026011722551532116,-0.006530947093479459,-0.01967066476820625,0.0084858731062083,0.0483781929360173,-0.04593453542010626,-0.02624830595434643,0.04555475679979906,-0.0006474914182286616,0.06175449401355842,0.02631056474456073,-0.008408049618440432,-0.012604292078883864,-0.04774937915485294,0.0037853344450290887,-0.037022189600930046
insula-lh,0.04093083683449651,0.0073220559737156524,-0.06362905925817447,-0.06462326330908344,0.01389317058982984,-0.034724616258343596,-0.04963767702197823,0.0016726198850398727,0.031861369029661975,0.05664394477891581,-0.03113611379495633,-0.03067527453123713,0.04248182537288263,-0.02286669317090645,-0.023860897221815426,0.0013568316682617976,0.02361763452850791,0.0024001415423539653,0.5354974908643261,-0.011057875906652494,-0.06362905925817447,-0.032324474715989635,0.005382753695080893,-0.04891015536466414,0.03135142394275956,-0.006475169392356256,0.07286473138762906,-0.0021591452716549055,-0.00242582766524979,-0.004608392637192057,0.049974618516435226,0.018646614273963028,-0.0457333863418129,-0.04937099462838335,-0.013240440878594766,0.004655232037766802,0.07007627610502644,0.0066670598398721245,-0.01661136677157034,-0.046727590392721875,0.05831656466395569,-0.018793931743512612,-0.05281444604482949,-0.0705884876145373,0.014863954940451445,-0.058658039003629585,-0.0630956944709847,-0.04612170008206154,0.0050669654783028146,-0.05766383495272061,-0.04612170008206154,-0.05029267315582177,-0.04127231117417042,-0.04711590413297051,0.09442143229084843,-0.03186363545227043,-0.006863483132604894,-0.03380293773090519,-0.05368701874908471,-0.02376495199805749,0.029145439270529927,-0.005286808471322958,0.030867164978752998,-0.03380293773090519,-0.0034434514164461347,0.010959664260286106,0.16544507304620915,-0.016901468865452594
insula-rh,0.014371072944873706,-0.050829252015621426,-0.019521657199305365,-0.05478829092855312,-0.04977654760956579,0.038012368646617264,-0.012999241612572857,-0.022245633462612727,0.012105064543255904,0.059821792901602604,-0.002014229690326928,0.06579506150486121,-0.06176867437697519,0.08904573755986957,-0.0623178213604491,0.03515162370063339,0.12598364314636903,0.09804035069861856,-0.02258859129568793,0.23873802462293647,-0.03146819440582258,-0.03391656105100907,0.01281481111623633,-0.05343821825031444,0.023708643916697913,-0.035038685924786886,-0.010390275377879848,-0.06256960007173995,0.035655181123215134,-0.001510672267745194,-0.05890792943099132,0.003637839733918641,-0.06648304942377946,0.055107417854798314,0.014440493412595875,-0.01968225678881189,0.004256407185114721,-0.009886717955298116,0.04643400389506236,0.06863197554401508,-0.02840126030944002,-0.02213062343399837,-0.016615322692429324,-0.04249879588896069,0.04950093799144492,0.05300200904268705,-0.03783001040304858,-0.03041548999976694,0.0026545557955851783,-0.01169475849522635,-0.04822028578092843,0.008810182642412479,-0.0016712718572517154,0.03860710519098334,-0.01274746290128199,0.032039100043358665,0.011579748466612005,0.0254255053348418,-0.05604718448500744,0.004851143729480796,0.0013500726782386756,0.013203358510203708,-0.04185846978370243,-0.043299721583725456,0.019291637142076677,-0.040050429243774194,-0.08348691951017617,-0.042956763750650245
isthmuscingulate-lh,0.013057816859821497,-0.025057620861605436,-0.05373486456048197,-0.06860598957643017,-0.03289830538462602,-0.00841914481084283,-0.006481952240743832,0.06527309921343363,-0.035645741984818,0.06103605244201032,-0.042421420174818716,0.01239443580435696,-0.027743115254811265,-0.006351074351789234,0.09712238335071363,-0.020519854665942902,0.028909027441147272,0.024178441149544,-0.06958607514180774,-0.014724262041319758,0.5056452253743136,0.0576641984326838,0.0030871196707611638,-0.04465933216915691,-0.0430618226696271,-0.011444322274617849,-0.05043194623312391,-0.012254566304710826,-0.01909218670169769,0.01443952770275441,-0.023290269826791037,0.03174138480898155,0.04682131500654435,-0.044744252936799206,0.008497072103502822,0.0242633619171863,-0.025335361725188476,-0.03396331171764589,-0.030853213486228586,-0.042421420174818716,-0.015426606743114293,-0.041186572306514256,-0.05712270365548232,-0.023675910018672516,0.06325098587569236,-0.015557484632068894,-0.06014788111925735,-0.027403432184242075,0.0004865460451976313,-0.03272846384934143,0.03612529455503331,0.0039982695541702865,-0.014685298394989759,-0.003904357175836451,-0.046874265602838944,0.0030411625494488606,-0.02035001313065831,0.03012089674879559,-0.007909620204989053,-0.02491075788697699,0.005109233008502459,0.0009341284440652739,0.00875183440642971,-0.015619426839055033,0.02899394820878957,0.019447854857940726,0.005811577710296988,0.0010420277723637201
isthmuscingulate-rh,0.04125341933091774,-0.016509327419438294,-0.0495396876804784,-0.055291732131635504,0.007708020494682442,-0.032202786914078754,-0.06493231782551624,0.06567912375954925,-0.0133324758442571,0.09861701118549751,-0.009623027560635431,-0.011677329150334405,0.016226056203080944,0.01929872952100675,0.010265655237413063,-0.020195364858732894,0.02114467459619493,0.03746320363436774,-0.04369517039422944,-0.013025793783572695,0.09206665694278786,0.33209336165920433,0.03437882489427841,-0.038979055804544464,-0.05313325228468115,0.03900246664887152,-0.04574361927284663,0.07728153820803708,0.00853559384164379,-0.006648679788883257,0.013454212234757783,0.0794283126328279,-0.01845945075188187,-0.06534317814345603,0.014999327960343325,0.0788149485114591,-0.05395497292056074,0.001458495601575446,-0.0654473564007114,-0.016509327419438294,-0.008923043315256531,-0.03076184944574861,-0.0677041617938394,0.00874395035615457,0.03315209665154079,-0.0495396876804784,-0.07108936988353137,-0.04964971864881555,-0.036513893896905715,-0.05764686307093712,-0.01116814328622098,0.04876478873325293,-0.029222586431244823,-0.06493231782551624,-0.0677041617938394,-0.030350989127808807,-0.03322701135338737,-0.036618072154161095,0.021769744139727265,-0.03609718086788415,0.057074467927140646,0.02381234030726271,-0.014460878540821094,0.0021643325580361157,0.03509636727290261,0.054186740279398564,0.026792540790096648,-0.010873166647700105
lateraloccipital-lh,-0.07142858151791358,-0.06574769707870656,-0.020477753819279628,-0.047256354967568366,-0.041569144376424595,0.05007149257942486,0.013632857423709484,0.05412655597088553,-0.0401267817348442,-0.041708319719033236,-0.001505624160947962,0.012740870000626866,-0.059307674407088826,-0.038279545369311406,0.00412465106276501,0.03260498708204115,0.046649044381639776,0.01294963301453982,-0.03458507263824582,-0.011905817944975057,-0.01663777959366865,0.019250480343548933,0.6503284190985312,-0.04793957937673803,-0.01568253065121847,-0.06197731052439991,0.09384213782984059,-0.049034003661796846,0.033768999038404274,0.013152069876516018,-0.06335008549467598,-0.09485432213972157,-0.0338955220771394,0.04582664462986149,0.003972823416282856,-0.054170839034442836,0.005617622919839452,-0.004725635496756837,0.029865763293425742,-0.006566545710352869,-0.009925732388770382,-0.010545695278572487,0.08172123071901584,-0.025064213973427826,0.05137467987839662,0.027537739380699474,-0.02677860114828874,-0.04403634363175949,0.03575541074654571,0.023153716088527475,-0.013828968133748922,0.04041778472393498,-0.011640119563631297,-0.007806471489957076,-0.0066424595335939475,0.007262422423396049,0.00917924646023316,0.02979617562212142,-0.0034161220458483123,0.01014082155462009,0.018288905249162,-0.0523868641882776,-0.0401267817348442,-0.02581702605390181,-0.0338955220771394,-0.0837582516426513,-0.06759493344423936,-0.07115655698463307
lateraloccipital-rh,0.009418941676764526,-0.020837238196782352,0.03747908661732153,-0.03429965123564871,-0.03393613217323902,0.0736410948406139,-0.024895630117415916,0.027045546960398608,-0.04768610506744437,-0.004058391920633564,-0.04362771314681081,-0.026652186780925433,-0.05986128082934506,-0.019550000919816696,0.05177433810514142,0.02999846113527135,-0.005072989900791955,-0.017248165662692647,-0.05312261403064602,-0.022684674625894293,-0.04721678568090052,-0.040856558503142903,0.021230598376255534,0.8207446580563634,-0.04094743826874533,-0.023881032137257525,0.02972582183846409,-0.026001107863176737,-0.010600378629596023,-0.0157642482959904,-0.0558028889087115,0.00046931938654385454,-0.03402701193884144,-0.007087265302577001,-0.025364949503959778,-0.009494900883835212,-0.029695980721400606,-0.03560180907114611,-0.030710578701558994,-0.035965328133555796,0.028151024706159412,-0.03688904634811176,0.00860102378634272,0.17007266463125628,0.04549007013445449,-0.0328306544274782,-0.03504160991899983,-0.04721678568090052,0.028151024706159412,0.0038915529479604622,-0.04620218770074213,-0.023229953219508836,-0.03411789170444386,-0.026924826077732705,0.004906150928118845,-0.034768970622192565,-0.011796736140959264,0.012371855851637274,-0.026273747159984005,-0.0012723167184339225,-0.014567890784627165,-0.0038617118308969813,-0.04076567873754048,-0.03855472324601886,-0.014204371722217474,-0.010691258395198444,-0.05174449698807793,0.010342659891320492
lateralorbitofrontal-lh,0.044706306216537706,-0.009753165293593515,-0.03471468912203307,-0.01951314349578449,-0.03766857163536071,-0.03326840595405783,-0.04995029929126895,0.009355096776970447,-0.002892566335950496,0.061401825370943776,-0.05387745446137671,-0.0047709825635361205,0.0383936597646619,-0.001446283167975248,0.013782514092663184,-0.027381079653194917,0.00396121971309506,0.008388637028787794,0.012404360010662543,0.011822342961908035,-0.030334962166522563,-0.03180168406029019,-0.005880513392265443,-0.035756090864787794,0.3097011990233727,0.048681151746827696,-0.02343348575729478,-0.008279630491228424,0.04286195453193941,0.05024325436095977,0.08848703013647753,0.0800711414732999,-0.005325747977900782,-0.0406156412400909,-0.02936168950974245,0.0010005242911699564,-0.07441837388272102,-0.03372779064805804,0.05859782684676025,0.02021779289929329,0.037393135473491934,0.0035631511964719976,-0.03620184974159308,-0.056351513554911775,-0.011253951730348447,-0.04552969488417369,-0.026860378781817563,-0.026414619905012263,-0.009218838605021235,-0.0425826252794435,-0.024941085102647177,-0.006251330274498672,0.044355928060096875,-0.006690276242706501,-0.016052185928274402,-0.036195036832995624,-0.045536507792771144,0.005509696510032218,-0.01758703690801664,-0.0013236508132209502,0.016331515180770296,-0.009787229836580816,-0.009766791110788436,-0.02106162029272165,-0.005380251246680465,0.05012743491480295,-0.011233513004556068,-0.0009664597481826529
lateralorbitofrontal-rh,-0.007971936710203834,-0.015675574662052452,-0.009874324823396891,-0.03558447982925108,-0.03415768874435629,-0.006451060126232648,-0.0069736999040691085,-0.016499598208908357,-0.03747032543711202,0.005231567311280904,0.07771927481672748,0.03427090151522293,-0.00949281329417502,-0.02017720392555384,-0.047139936757024006,0.09306296546555443,0.015233062644418415,-0.024045565406810267,-0.04311390452182087,-0.02188883627413597,-0.03374567697092833,0.0007935233026498234,-0.023379212613901072,-0.059583002486523144,0.0017447173592463495,0.3283609765430791,-0.011776712936589946,-0.04316094727135907,0.08085769825020439,0.0944897565504492,-0.04725056476143251,0.01117653016500921,-0.05175219402493391,0.019402807894694285,0.03758353820797867,0.04382988483072642,-0.008638289503113029,0.015423818409029351,-0.0220325492892087,0.010891688901321871,-0.0137261437993212,0.028057639903139434,-0.01686456723279811,-0.04607811469601897,0.028627322430514086,-0.015152934884215992,-0.01686456723279811,-0.03214467262675472,0.014409039097562509,-0.01130111590829168,-0.021001227472409748,-0.011823755686128137,0.07382041309126498,0.0316716603649146,-0.019718149402587697,0.03481008379839152,0.01815023006907831,0.0355069368355068,-0.0304800830277108,-0.017340164261096375,0.024427076936032136,-0.0524655895673813,-0.06633544638177524,-0.04501629263501393,-0.017403749515966686,0.03917058481327832,-0.07877851211127437,-0.048392514582639976
lingual-lh,0.037096238649541174,-0.03120244372391313,-0.06727786168372134,-0.04853713468164265,-0.020397153026928398,-0.05013577840329993,-0.052447070530997196,0.04805561548837239,0.0035247204947383374,0.021668363697161894,-0.04304781587836164,-0.05269746051149773,0.08445846649960438,0.02669542407490346,0.011864632922179316,-0.04923052231995183,0.03228104671683853,-0.00506558191320318,0.060440289139283586,-0.004218108133047516,-0.04119878217620382,-0.019780808459542457,0.1174714223902137,-0.019588200782234354,-0.028775586989830994,0.01795103552511546,0.6926942506708716,0.04695775172771618,-0.03958087768681573,-0.054758362658694465,-0.0006933876383091788,0.027696983996905608,-0.01009264229094474,-0.06843350774756997,0.01771990631234573,0.04780522550787184,0.016063480287496025,0.017373212493191133,-0.05797491086973983,-0.027735505532367227,0.004930756539087508,-0.016814650228997627,0.023247746651088367,-0.028679283151176946,0.0017719906312345759,-0.06250119128648032,-0.04938460846179831,-0.001540861418464848,-0.0670274717032208,-0.057474130908738756,-0.005662665712858307,-0.03486198959276714,-0.0582830831534328,-0.0739613480863126,-0.060941069100284656,-0.060690679119784124,-0.054758362658694465,-0.06034398530062953,0.026002036436594274,-0.029680843073179097,0.00988077384590583,0.030162362266449364,0.04358711737482433,-0.01874072700207869,0.0020609021471967317,0.03337891047749473,-0.007280570202246398,0.03865636083573683
lingual-rh,0.012534859219381828,-0.027081507268742904,-0.008958154035379279,-0.06554704772805446,-0.02250408379881586,0.015909695369844438,-0.021430899705979587,-0.019155128293678877,-0.05196488506116201,0.054401116474481634,0.034058929248533695,0.003462830344569765,0.0058265959509776226,0.13488819806084681,-0.04746510352721186,0.036298467757378515,0.009061676616681813,0.03176245331997248,-0.028175395877839675,-0.030466695677335766,-0.02589962446553898,0.09411582941484377,-0.012374399218362897,-0.05420959969907194,-0.028206452652230447,0.009201432101440228,0.03859494368593973,0.3796362847762977,0.034027872474142934,0.0023327088320171004,-0.023623853053238265,0.0872988674360719,-0.07232777680337045,-0.041814495964448535,0.03514764172856535,0.1563967397028033,0.03858459142780948,0.04764109191542616,-0.03277352386402723,-0.05193900441583637,-0.0429446174770012,0.0057644824021961085,-0.04179379144818803,-0.013452759440264299,0.014727812566640509,-0.02822715716849095,-0.05085546806486984,-0.06667716924060713,-0.015821701175737283,-0.024831616501767833,-0.066671993111542,0.0012595247391808371,0.0023896462517334917,-0.007833208651891741,-0.03729400991423788,-0.016905237526703806,-0.02711774017219879,-0.005635079175567935,-0.01455700030749133,-0.021410195189719084,0.05554676637422968,-0.045184155985846026,-0.062156683190396474,-0.023675614343889536,-0.019201713455265022,0.010300496839602137,-0.05195453280303175,-0.0010524795765757618
medialorbitofrontal-lh,-0.0002738148913152243,-0.01433978727110101,-0.03530183839512206,-0.0009005467536589589,0.051998461989988184,-0.048755276721743415,-0.03468930434195763,0.03828540658123092,0.026136138440651706,-0.0360512798939441,-0.022417326564900107,-0.036944727743013404,0.03084169805436519,0.01712864264560792,0.02204311288010265,-0.0076668169568262804,-0.00219761803511145,0.004900272425315418,-0.02253293729678877,0.02640995333196693,-0.01516123194504668,-0.012026558504100907,0.01726555009126553,-0.0188435351686229,0.015334648042879652,0.07622499509602297,-0.04267354374686416,0.012689799018620005,0.24369322501209542,0.011782153360371394,0.045037478975218925,0.018288806481402797,0.025314693766706035,-0.02718069154455793,-0.020976248933200367,0.04135517575164271,-0.04827255120964695,-0.056393698060211085,-0.04451824481094709,0.04824415559128834,-0.0394597682262051,-0.041167561844630426,-0.0017219914276046277,-0.031201713929983357,-0.01564395745714315,-0.03789598095802704,-0.054476993821004516,-0.007652619147646975,-0.05243757994531964,-0.03032246389009336,-0.004172127640262344,-0.025400894751008977,0.10924301447173067,-2.1296713768967868e-05,-0.0017290903321942905,-0.012783098907512606,-0.022547135105968088,-0.052985209727950094,0.00579372027438473,-0.02417582664468012,-0.015586152091198827,0.019722785208512898,0.013237428801250456,-0.007040085094482546,0.02757011716776181,0.055003326889866005,0.02818265122092624,-0.0051882851258099535
medialorbitofrontal-rh,0.04986655087745301,0.0071250194120931224,-0.02761206596624175,-0.029489499728039617,0.0005655373492240499,-0.06924130243640103,-0.04534654458726004,0.07550567487680973,-0.0022578568932967746,0.025905259222520977,-0.008299555709485392,0.011179289061748643,0.010861107232441375,0.0027235935338342262,0.016688717431608737,-0.03757496682050375,-0.004116510951847156,-0.009297562796351357,-0.021751188864178855,0.001444964024155944,0.007557489149735041,-0.00745339593744902,0.008950406567747976,-0.027231642834742845,0.03494097929930749,0.10770428093903552,-0.05944473609661669,0.008137513698607147,-0.005442894564069028,0.3039854467780754,0.0529560803431381,0.04730929185809645,0.010794573426650307,-0.031414687592381065,-0.026034034330503678,0.0435732040377482,-0.06970703907693847,-0.04770420218924342,-0.06439291962085215,0.017220987877937254,0.011807067713164332,-0.008698758544231766,-0.0406312293832933,-0.0382403048784144,-0.030801396140613436,-0.05947800299951221,-0.04049816177171118,-0.020705427674769298,-0.04003242513117373,-0.04282255247079902,-0.0002473555199167772,-0.01906086223324016,0.061692398293864824,0.004486739387297439,-0.06570481603342596,0.023732715838262752,-0.02209834509278224,-0.026034034330503678,0.002110302082066593,-0.02263061553911075,0.0009835198872179133,0.006526215159973542,0.028462518241877538,-0.019925801708524003,0.028129849212922216,0.052490343702600646,0.028495785144773068,-0.0024907252135655004
middletemporal-lh,0.036893954269993146,0.008109314726231298,-0.03665433321384948,-0.06696575611801339,-0.008514235869233451,0.009518209652594789,-0.027666621514428377,-0.018561021380968695,-0.03870969243339201,0.05751225696453762,-0.011864445769167354,0.04312089823967332,0.09834394121062442,-0.03506860563642808,-0.03894546930146921,0.009518209652594789,0.04429401629795961,0.008871745359415723,0.007934404169206637,-0.045700989130289846,-0.04763845991579379,0.010459395030870348,-0.03571506992960714,-0.07143013985921429,0.05880710764492899,-0.011451836250032252,-0.014096637639767803,-0.020968123808593805,0.06227136179083502,0.05393011438459299,0.40611091920872194,0.023852546254473025,-0.039648955717634334,-0.03500966141940878,0.04400121730689635,0.013102274326572657,-0.028372030024626745,0.007932482075173402,-0.019266429891167055,-0.049870651786394236,-0.029429181742907668,0.025791939134010212,-0.05245650895911049,-0.05909414035389254,0.021030912213679576,-0.03788831758318829,-0.05245650895911049,-0.03230591581265393,-0.005932222884583677,0.009225410661531522,-0.04475980375201429,-0.017737724436731737,-0.031954172604571375,-0.028195197373568844,-0.020323581609447982,0.006934274573911776,-0.010807294050886432,-0.0014678391433827853,-0.015151867264015484,0.026438403427189276,0.14404493034091428,-0.03659538899683016,-0.04152940438015222,-0.024141501057469806,0.030490177649255067,0.006464642931790613,0.0011199401233666967,-0.03177926204754672
middletemporal-rh,-0.0002388470266358992,0.03720680867441109,0.0035451508356020836,-0.03665400549326637,-0.03784448517005223,0.01819743950105239,0.009471261024775903,-0.05933395774577494,-0.07179155769477837,0.07574980873368153,0.0037314214727269387,0.05013609394645649,-0.0357692199669233,-0.013747223674581553,-0.07137244876124746,0.042600395146965876,-0.013182403032977153,-0.0004716853230419774,-0.00798109592777706,-0.04885848768133803,0.01651499503669886,0.07344170523414655,-0.08502052838703673,-0.04386373067778849,0.07031566333207538,-0.012417041019952044,0.018476845456739673,0.03228490752489829,0.019900163429931606,0.0547320214810008,0.001909274030529759,0.15578384212123475,-0.04036514750146762,0.018569980775302097,0.051559411919648426,-0.015310244625617132,0.007768537095896684,0.04871277597326456,-0.00821393422418313,-0.019414207372593785,-0.03803075580717709,0.037046826232041766,0.006764328056235668,-0.012577023462321372,0.0002794059556872836,0.02918515381758266,-0.005367298277799255,-0.018316863014370337,0.015164532917543655,0.012457599949003422,-0.021303201938597853,0.07211152257951703,0.03263716933462231,0.02918515381758266,0.0002794059556872836,-0.0011904796767858682,0.034971561028912836,0.024263252668069852,-0.0028263564818581904,0.05519769807381294,0.04554016641191218,-0.09484405122153665,-0.06420929123600654,-0.027555285742740174,-0.06761473909376498,-0.10140182917612177,-0.0552968421226052,-0.07330801098653274
paracentral-lh,-0.03205326843599939,0.02053453047816645,-0.04175299277901846,-0.06493172331770478,-0.02770031984904382,-0.024482453054216553,0.08613505119466175,0.02762680979012503,-0.04861825573255137,0.017604938424197168,-0.03512699786039766,-0.02377690062596663,-0.03621595569398871,-0.0334766249689857,0.05859112039253338,0.017712320765166767,0.000944820463162047,-0.01809572617050789,-0.06173835987585043,-0.04104744035076854,0.08564426344835102,-0.006530864254137656,0.01593006217981227,-0.06340098444374888,-0.018825781951730736,-0.026516231350969637,-0.017163157383832305,-0.06599617779832288,0.018896409263240946,0.01534414376901842,-0.021911763052615472,0.0010399511276451812,0.46716723473166893,0.07797831740208504,-0.015966817209271667,-0.03512699786039766,-0.03299808889916144,-0.030869179937925217,-0.028034718548439082,-0.04094005800979894,-0.028154352565895144,-0.03666998841084003,-0.01693614102540664,-0.028525506294749797,0.04207513980192726,-0.00830087116300569,-0.033010340575647903,-0.00784683844615437,0.0401732471991167,0.012856332755414005,0.16388635223832113,0.02100081487150424,-0.01008312974836018,-0.002392680349121276,-0.022246161752010732,-0.020236886808230575,0.03543689320682,0.00625484118976614,0.03493385378402281,0.03944319141789385,-0.007224165005901112,-0.04211189483138665,-0.02155286100024727,-0.012558689085478133,0.004711850639323774,-0.020715422878054827,-0.06493172331770478,-0.03512699786039766
paracentral-rh,0.0,0.048338470948095166,-0.06668327445320947,-0.050850112038744004,-0.024831660899118285,-0.036866165289856666,-0.012010609285224806,0.007335133639735805,0.027863020534687328,0.0036937850606397387,-0.05428171469166538,-0.0641238431515335,-0.023354146874862394,0.020871047160243655,0.03686151901934014,-0.012115482248312154,0.027863020534687328,0.01989400284591092,-0.04208990085629597,0.048181161503464146,-0.024278754707651458,-0.04932016153294443,0.05609774271069689,-0.022906113646482908,-0.03430673398818069,0.03696639198242749,-0.06520576042895358,-0.027047931935502128,-0.020875693430760178,-0.025150926058896846,-0.0237497436216982,0.036070325525668516,0.0734847507364755,0.6022429468230466,-0.05187959283462042,0.0051712990848956355,-0.06850394874275749,-0.07248845758714571,-0.0502447693657335,0.06512013630086327,-0.00786414472568906,-0.052222753099912554,-0.039082436326240505,-0.04641756996597632,0.002426016962558535,0.013821991033739786,-0.03612740827772872,0.0364898173780179,-0.03765735878352829,-0.025494086324188984,0.10385476609129513,0.055540190248713525,-0.0019301935231519076,-0.038238806351025216,-0.070615346816054,-0.04950601235360554,-0.02879227463799292,-0.04789508399023221,0.07757413254395104,-0.025942119552568473,-0.05364783064262477,0.058366450228624404,-0.009632382533693421,-0.02198150581369384,0.03641348579096066,0.018654776123859816,-0.02198150581369384,0.01899793638915195
parahippocampal-lh,0.03790507602943016,-0.00738393916280861,-0.05788734705664577,-0.030291357315311112,0.05782429127279779,-0.06034972885301443,-0.07189000603929427,0.03286702577418631,0.02765263307258793,0.03175232776480588,-0.025782334399130837,-0.0579471966141964,0.12637020328395077,0.0005856706703168507,0.011600126743830463,-0.028946879754620243,-0.005979612044567115,0.049678338993317805,-0.020038914358468878,0.016052506328757467,0.015816314324852317,0.02870427529812038,-0.0010548484518298016,-0.02296726771005313,-0.04329901740368043,0.06274584863923775,-0.014182207655300379,0.043997974736503825,0.0009319431104311927,0.013586918306091461,0.061691000187407946,0.06796024134083613,-0.011483633855026565,-0.05179444834957212,0.4821608605330409,0.06766740600567771,-0.055075486593865415,-0.010199005851886324,-0.07845208252788088,-0.005390735147952907,-0.001640519122146652,-0.01160333297012782,-0.054137131030839516,-0.01886757301783518,-0.04704923342948669,-0.055075486593865415,-0.047165726318290586,-0.027888825076493085,-0.09649779287149404,-0.03544910668565623,-0.027888825076493085,0.012066098299046053,-0.0113104976349694,-0.05671600571601207,-0.0787449178630393,-0.03293008155803429,-0.02150629726055836,-0.10499322381738573,-0.011952811636539516,-0.03585843490961854,-0.039844842939329946,0.0425337980607117,0.039252759816418396,0.025542936168928332,0.008904759169854011,0.05220057034723708,0.024664430163453054,0.03480038023149139
parahippocampal-rh,-0.01144926647393736,-0.03294456110848722,0.01531256664975294,-0.04305470185231721,-0.01681507605967264,0.02777729371594161,-0.021527350926158605,-0.005788745820186174,-0.017010516031093714,-0.048615951409473564,0.0828737863999966,0.023164289946050482,0.0077234981298625535,0.03743244193371196,-0.0676573886250699,0.08902445809318477,0.029314961639238656,-0.014524602320531455,-0.028004789978971437,-0.015014753359968429,0.0053016970025177804,0.06105172440582207,-0.028036846270580187,-0.0438395639597701,-0.023065018849455648,0.05038732003933761,0.031442051698567515,0.11058696753272071,0.06707106871080667,0.03559696072063041,-0.02757875152275195,0.012304445608144936,-0.06611972070177285,0.006413326469595335,0.039751869742693305,0.10624282298277392,0.026076242112832243,0.038050818139583935,-0.027678022619346775,-0.0160622702438285,-0.038441698082426076,-0.0028126810701869253,-0.027219927871518543,-0.01802597662334503,0.04390677876475619,0.006413326469595335,-0.027678022619346775,-0.04367618027995778,0.013806955018064643,-0.012006632318360438,-0.04766770562220834,0.004090796438845393,0.02313223365444173,0.038345529207599836,-0.016914347156267474,0.039425102383068636,-0.0007848621074528953,0.030852629562535698,-0.04737299455419243,-0.023686497277096215,0.06661297396297844,-0.04603076660231647,-0.04940081351692646,-0.05074304146880242,-0.022344269325220247,-0.012855607009030831,-0.07181229764713279,-0.05522471785048998
parsopercularis-lh,0.0049751870778931995,0.028959045591233412,-0.04883191650042728,-0.05099520292503232,0.004516139185386811,-0.0344741250285319,-0.06154029499823591,0.021550161285659543,0.05110392479431014,0.015736793642906487,-0.003784821996312856,-0.05215769060423373,0.061297761597539205,0.05305069672710548,-0.0033257741038064557,0.05261859699023207,-0.004758672586083503,0.01154589081860721,0.15466382839830858,0.010761606565013288,0.008733990165319049,-0.0371782330592882,0.007462780616839799,-0.014735994897502868,-0.06218890922691904,0.026227989404844144,0.049022412083349974,0.05689034428143023,-0.03003975955678996,-0.07205843891580653,-0.01995464462283873,0.029851122467359197,-0.021063235990774216,-0.05075174027758965,-0.04493837263483659,0.03785472469035025,0.7104258637311829,-0.01765568817332289,0.00229895644951584,-0.022171827358709702,-0.003406618570705355,-0.05321238566090329,-0.020603258851521852,-0.046290426650214746,-0.022739597120493924,-0.06540689070819361,-0.05875534250058071,-0.029120734525031212,-0.026470522805540842,-0.05905270145928931,-0.029120734525031212,-0.048778020189161345,-0.04769637697685882,-0.04720945168197349,-0.039990133712576356,-0.05269851221038498,-0.047182503526340534,-0.030012811401156993,-0.015006405700578497,-0.045208783437912216,-0.046614733764556306,0.026795759166628366,0.07735886235478726,-0.03880069787774198,-0.006408085560170246,-0.0033257741038064557,0.035340182995770686,-0.0033257741038064557
parsopercularis-rh,0.03566946023994343,-0.02695777216238379,-0.03237862852112401,-0.008903277595436115,-0.0006649283267477598,-0.06184960435918153,-0.0525067978697935,0.008373588928365866,0.008475018673124,0.06092546668471854,-0.021593265661842533,-0.052371558210116,0.058581312583641694,0.00723532179274682,-0.002344154101076851,-0.012013789768018866,-0.02568426536708723,-0.03164608036453749,0.024422028543430466,0.009613285808743047,-0.021998984640875064,0.03169116025109667,0.007133892047988687,-0.03164608036453749,-0.0299668545902084,0.0655461550570335,0.02713809170862046,0.054929841772348914,-0.05709367632718908,-0.011946169938180111,0.026428083495313538,0.08085077654387178,-0.015169381827160777,-0.06208627376361718,-0.0013298566534955196,0.07140654030972561,-0.020285948951626588,0.5123554506882491,-0.054817142055950986,-0.004451638797718057,0.015608910721112685,0.13990542793638477,-0.047953729327317306,-0.04447130809062142,0.020770557732137682,-0.04065078770473174,-0.059775929577459704,-0.02444456848671005,-0.06550107517047432,-0.046578792787262624,-0.036334388566691196,-0.02544759596265159,-0.031071311810908074,-0.031105121725827446,-0.047581820263204164,-0.03227719877636587,-0.06302168140971995,-0.072634967218463,-0.02930192626346064,-0.025312356302974078,-0.020252139036707216,0.028603188021793503,-0.011720770505384255,-0.006863412728633666,0.002479393760754361,0.10362738922789252,-0.008136919523930223,0.008373588928365866
parsorbitalis-lh,0.018812672532255426,-0.020399809766013816,-0.06076078242494998,-0.03773637186641368,0.002897617518513027,-0.016956158795519687,-0.059448482028688736,0.05534413058129748,0.07437521649434534,0.024937347751976743,-0.06065157573455374,-0.05452690051483243,0.0006006367971792104,0.01460093450597456,0.017718785516786628,-0.0664486308830864,0.035983604485554356,0.0021859539194309953,0.009349912809423004,0.05310175320516177,-0.010720456773895553,-0.05512753731201164,0.02821900879838314,-0.02034520642081571,0.19195259970943512,-0.005578641767740216,-0.03713573506923446,-0.01717275206480553,-0.01936234620724973,-0.040417396115640866,0.02991353261103115,0.027398138508904893,-0.008860302814146615,-0.04309660025336145,-0.06890942164001455,-0.01607886504933673,0.01809918882166679,-0.04752675166043476,0.483711013883482,0.032319720022761185,0.07792989426674228,-0.04216652327348699,-0.05036976583374968,-0.049330482163478996,0.011428480149964382,-0.05244833317429107,-0.05261214320988538,0.04795993819900643,0.025208544366460688,-0.05359682353495797,-0.03199392006307913,-0.03522097776428742,-0.03035399959562923,-0.030080982869638676,-0.015862271780050893,-0.04648746799016408,-0.07219108268642095,-0.053651426880156075,-0.020399809766013816,-0.018541475917771482,-0.009956009941122015,0.036586061394240164,0.05441405360142301,-0.0030632476656139575,0.054086433530234346,0.002460790756928148,-0.006672528783209016,0.010664033317190843
parsorbitalis-rh,-0.018786527189665808,0.006329423461004081,-0.030746093434380638,-0.03856956524183997,-0.05556266005791365,0.04754103479364431,-0.009716698856763753,0.02078098480929708,0.0062798850968015735,0.01260787266319109,-0.0314439382170594,0.007076806607885346,-0.0649311544706453,0.022724468170111294,-0.027208049104091612,0.02227575110305962,0.08441696233760444,0.06164367375059793,-0.06164223785598337,0.06279023560032838,-0.057157221027388475,-0.023819337813717378,0.01375443451292152,-0.05934983210382978,0.027309279674418464,0.050980002395528315,-0.03946699937594332,-0.04026392088702709,0.0683213016556341,0.03901971820350621,-0.03468259852021156,0.03647818473572553,-0.03772238741924642,0.05611260769529219,-0.011710438529087744,-0.002889737911812772,-0.03508177722306073,-0.015397815899291576,0.016295967980702198,0.29660700695230696,-0.012009104608917336,-0.03353675461778841,0.014302946255685494,-0.0527719988745059,0.013355255810072358,0.03109645172033459,-0.04679221575214848,-0.04160935414087483,-0.011959566244714833,-0.004733426596914687,-0.024367131609174062,-0.01729104294859599,0.076245286086113,0.0308473240047075,-0.030845888110092937,-0.019184987945207697,-0.003736915734406336,-0.007574344091832242,-0.0071249090774732834,-0.002939276276015274,0.0061298341095794955,0.016993812763380963,-0.022025187492817965,-0.0482374436817085,0.024717489895127998,-0.012507360040171516,-0.06029680460213563,-0.01734129926010578
parstriangularis-lh,-0.02687051491717268,-0.012544029766474476,0.010137714997772444,-0.018582097380532347,-0.12091731712727706,-0.011051223382187106,-0.012544029766474476,0.03228472314675225,0.0076868388444648215,-0.022392095764310564,-0.023417007610239206,0.042377876759919095,-0.050755417065770615,-0.03732015960718428,-0.02765033914777056,0.0023840340763992334,0.0854241742889221,-0.02388490214859794,0.056459274295286535,-0.02765033914777056,-0.020966131456931582,-0.014215081689184221,0.04774752360489307,-0.014460169304514983,0.03054682914713411,0.024998936763737763,-0.01122946892060948,-0.056726642602920097,-0.033443319146497674,0.02190192053364904,-0.03792173829935979,-0.021500868072198705,-0.03642893191507242,-0.014036836150761846,-0.004121928076017368,-0.03433454683860953,-0.024731568456104205,-0.006572804229324992,0.09204153990285269,-0.004612103306678895,0.3412065219250268,-0.01570788807347159,0.017958237996054043,-0.04012752683733664,0.09807960751691056,0.012766836689502443,0.09538364374827217,-0.0034757879992362716,0.07085260152289312,-0.007709119536767618,-0.017624027611512102,-0.022993674456486073,-0.005681576537213131,-0.014994905919782102,0.047569278066470704,-0.014215081689184221,-0.012544029766474476,0.02268174476424692,-0.03475787999236267,-0.018515255303623957,-0.003765436999172622,-0.04478419152862113,-0.028608408916790812,-0.050577171527348246,0.019094553303496672,-0.01200929315120736,-0.04926261068148324,-0.03134893407003479
parstriangularis-rh,0.07277413873455697,-0.022671839482931822,-0.06482416035026754,-0.05442262556369812,0.007862319589551728,-0.05553329139152869,-0.057102480145679604,-0.0008110846721885028,-0.009343849548964934,0.09482851352049018,-0.021773096016005605,-0.004460965697036757,0.067414429570594,-0.018881319073119757,0.012058382335458044,0.018351513170858858,-0.01665998741745861,-0.016712968007684702,-0.010313875991831707,-0.00858574546700252,-0.019851345515986527,0.009113624802346107,0.008779365442192412,-0.031557166105576406,0.007650397228647371,0.13479418093667636,-0.014809519893380092,0.02921157088374862,-0.017277452114457217,0.02788898269501369,0.055303066644909867,0.06944214125106526,-0.020450507827270672,-0.05599181431784903,-0.006223774426377571,0.043297664899677915,-0.062197286358512134,0.1374557331329434,-0.06038149703894525,-0.021561173655101244,-0.004143082155680225,0.39100157228583615,-0.05265981683435732,-0.05851272712915226,0.026338096326577232,-0.057102480145679604,-0.06997194715332615,-0.03599982941689871,-0.031610146695802505,-0.03540066710561456,-0.030852042613840093,0.0058346079090804736,-0.05377048266218789,-0.0545285867441503,-0.043474909056070654,-0.008551067262490894,-0.04049547331844709,-0.03746305699059744,-0.016466367442268717,-0.009661733090321466,0.0010923634421161155,-0.011864762360268151,-0.02332398238444205,-0.026655979867933773,-0.0018687699097929868,0.19000958878684857,-0.021508193064875156,-0.012217324106136315
pericalcarine-lh,0.014452392295945573,0.0015754453996773186,-0.06724910602874834,-0.05508722580424608,-0.03362455301437417,-0.05308405395681895,-0.0218895782655531,0.04249844010406264,-0.021176153537924344,0.010159529349143746,-0.05823483271532625,-0.05079436285744425,-0.03806026510111547,-0.013592834540102867,0.06138654448674951,0.027189773940548827,-0.005722996290333822,-0.004434891114672685,-0.03519753549784564,-0.0024317192672455557,-0.04192293868396164,-0.056661029259786166,0.10574448632623121,0.009875473013402034,-0.0218895782655531,0.012879409812474105,0.029765984291871085,-0.0281872550039193,0.04722231338688875,-0.017740385430759367,-0.03505550732997478,0.03534366852605958,0.0052960908146526325,-0.036055451309551116,-0.04507136656711043,-0.003719824442906691,-0.0241792693649278,-0.05422848902047199,-0.057233246791612694,0.02375482680545246,0.02232305151778324,-0.03720070734527277,0.7430757758310254,-0.014878476799558149,0.0413540050404096,-0.0024292563510397054,-0.06767847442063539,-0.016023732835279806,-0.037344377457280864,0.005869950290616389,0.02532945123306117,0.00214930487564107,0.018032651487187266,-0.03848799154886529,-0.0563745100078386,-0.05880705024715278,-0.032335626866644415,-0.021175332565855725,0.050799288689855955,0.008731858921817605,-0.040349135228421554,-0.018028546626844173,-0.012447578504381206,-0.010015038265067033,-0.003004757771140696,0.04192622257223612,-0.02761503747209278,-0.010015859237135652
pericalcarine-rh,0.013853071752140251,-0.018571244895258816,-0.02890716195440003,-0.05685350914870444,0.021160195262900573,0.007514716766045877,-0.009403735851498778,0.04676177266187229,-0.028874551519661684,0.024017982873019414,-0.011919511585093514,-0.019328443282354033,-0.006199959482570665,-0.0075107398837607154,-0.017297051811092267,-0.014504485070450115,0.00992470743085526,0.012509680916211857,-0.06367624839713179,-0.012851692792735962,0.0370812458033261,0.05079592205194264,0.0026541712371184476,0.09862429454269592,-0.059747884075846795,-0.01908823959233013,-0.030975140742685314,-0.011162313197998297,-0.03607588996163664,-0.02273981290656771,-0.042450832264754525,0.024156378376543126,0.0006227797658566841,-0.050478566845586555,-0.0018929959677380583,0.007099530255474757,-0.05402833197332394,-0.04720559272489659,-0.05009996765203895,-0.034594103622184534,-0.016332260168711484,-0.05685350914870444,-0.024461802936043716,0.7985531906021875,0.01681664443104446,-0.046102405578992096,-0.05723210834225206,-0.05202955093680052,-0.0307349370526614,-0.04758419191844421,0.03604725640918346,0.12085108963447745,-0.043517432093635504,-0.05781830079108522,-0.049065978257896305,-0.049065978257896305,-0.005613767033737496,-0.026875770483138262,-0.0266681772278527,-0.026908380917876607,0.005515935729522457,0.049794543092538356,-0.02983934316204247,-0.003443980058952017,0.01185429071561683,0.0007937857041187339,-0.0009282043253572746,0.010510899879688432
postcentral-lh,-0.038596282700953485,-0.044012486533353934,-0.04086873749525722,-0.009431247114290128,0.11271972812204795,-0.08588498484908358,-0.03407003037666707,0.028066122718153584,0.031077405179570854,-0.10361125168051194,-0.02740378983475636,-0.01946885531901434,0.023274937240508276,0.04164487969101285,0.03158861422196759,-0.04160756516237075,-0.1469800625947897,-0.10046750264241525,0.003276215614776155,0.03321739339719514,0.061018582961989844,0.030206110935777877,0.02014984546673262,0.02365367970622557,-0.0138250328618971,0.025793667923849857,-0.019980064361411077,0.007044983007627997,-0.020093873673769472,-0.05293252460524732,0.017612457519069993,-0.03520625777381894,0.024657440526697987,-0.012688805464745235,-0.0812262659481177,0.021646158065280724,-0.03658876106000864,-0.032176318048080625,-0.011798853956631208,0.02113494902288399,0.04793237776720626,-0.004640061636644815,0.01007492273336631,-0.0030112824614172643,0.5838044578699354,-0.03306626955619464,-0.024013764907621808,0.018748684916221857,0.037780960250123674,-0.036210018594291356,0.08177478951915654,0.002272454794303732,-0.014582517793331681,-0.039732510098105356,-0.008655104918534497,-0.025263801617132074,-0.05293252460524732,-0.09770249607003582,0.05321611502292726,-0.0138250328618971,-0.03895636790234973,0.009317437801931729,0.003654958080493446,0.0017612457519069992,-0.008901380807572346,0.02378614628290501,0.013086205194783571,-0.034581239419063804
postcentral-rh,0.01946741386856388,-0.012361635627757293,0.00432288864463811,-0.049443339184875305,0.01253061108237357,-0.04326412303407359,0.03127487407170287,0.037767215354044696,0.04514847964408349,0.01720106061470581,-0.05847431644415355,-0.06389914928572053,-0.028601698396304207,0.00305517231924683,0.01177622777313883,-0.03567624420711063,0.042916562146379456,0.03962033953405444,-0.05164082092642532,0.0549682759687505,-0.0029206326207845824,-0.025787576370135564,0.02702085693937282,-0.028739441420920317,-0.024826578523976663,0.00837669789235173,-0.04765908651717362,-0.010129718130053252,-0.009685256626204756,-0.05201961424411962,-0.027468521769375174,0.06269389782032958,0.014693657067769553,0.02269156164242699,-0.04961551796564545,0.03124364164170271,-0.06599332375880847,-0.05418266022951561,-0.05098974488565267,0.05252974393412231,0.005183782548488791,-0.048516777094870435,0.005524936783875194,-0.040894462511753445,0.002814122026168635,0.6975274733298207,-0.020500486553184694,-0.01583003702085245,-0.045323861751007506,0.008580109103122038,-0.013666991035456467,-0.014937910687001598,-0.038834723794819545,-0.05414822447336158,-0.06935841788344153,0.004219581376176033,-0.0530839193587406,-0.027950622355531553,-0.022215867708578328,-0.02156479166780567,-0.0356418084509566,0.009578746031588817,-0.014352502832383143,0.024513453392436563,0.03460873576633578,0.0052870898169508716,-0.02197481741550014,0.015038014629309824
posteriorcingulate-lh,-0.004976021280957903,0.01740393784608204,0.0731111029182693,-0.0064809643025159,-0.0358273532228969,-0.036620280191244664,-0.0716547064457938,-0.010947246818107388,0.010316141680034677,-0.003980817024766323,-0.0385297777884903,-0.0013835766488517103,-0.037817761735280064,-0.01492806384287371,0.03432241020133891,-0.05270537012058501,-0.011901995616730204,-0.020899289380023195,-0.04868409763824992,-0.01691847235525687,-0.05374102983434536,-0.05871705111530326,-0.007961634049532646,-0.029694305855472367,0.011756355969482664,0.07063522891506098,-0.035503709562346795,-0.03284174045432216,-0.05374102983434536,0.0016424915772917969,-0.03483214896670532,0.030220226803866296,0.0204704615297943,-0.0153568916931026,-0.036701191106382196,-0.009952042561915807,-0.06369307239626117,-0.06269786814006958,-0.05361966346163906,-0.032801284996753395,0.1670648575759655,-0.05871705111530326,-0.061662208426309234,-0.04864364218068116,0.004223549770178905,0.01780849242176967,0.8592496454859941,0.04272905428412794,0.017606215133925848,-0.026425504883916276,-0.045738940327243946,-0.06070745962768642,-0.04255105027082538,-0.05353875254650153,-0.057600480486405384,-0.04553666303940013,-0.034548960763723977,0.22265065627544645,-0.03172516982542429,-0.0636526169386924,-0.04971975735201027,0.046426683105912935,-0.02687051491717268,0.030422504091710104,0.04224358879330278,-0.013932859586682129,-0.009749765274071988,0.007128251623616119
posteriorcingulate-rh,-0.017224610639595763,0.027620770824984885,-0.0367947793415293,-0.01751583764733569,-0.02551062722344916,-0.01024303345404675,-0.01915372123632018,-0.021069236469046914,-0.013213262714804556,-0.00303963717169337,-0.04762098235652946,-0.025788258867191393,-0.05052180370635171,-0.02735673454524033,0.034574441737064955,0.05053611461582297,0.008591554501064571,0.005898956884048997,-0.04374845025360938,-0.008286016583853396,-0.033269286793287015,-0.056739893871609576,-0.004510798665337806,-0.05234000475467395,-0.018876089592577944,-0.01530909540686903,-0.014018251372562336,-0.049647407137658375,-0.0009158982061599622,-0.012130642413304542,-0.0013738473092399408,0.00799478957611347,-0.0023870596998043976,0.04169483474448509,-0.018903995866046876,-0.019181627509789113,-0.04349872488333607,-0.03308896933394927,0.02884220694835602,-0.018140508845755722,0.009216225699484605,-0.050452395795416154,-0.02928584514196475,-0.06991165494894751,0.02961928933264486,-0.03382455008077149,0.010534976007260239,0.7295444052072456,0.050327890883016285,0.0573094680685653,-0.020763698551835737,-0.04800952354867388,0.005399506143502394,-0.02327597870951357,-0.021318961839320208,-0.03179812529964258,-0.00584314433711112,0.12144738659133725,0.00627390271219573,0.002082237328066782,-0.01558672705061127,-0.01558672705061127,-0.04356813279427164,-0.008147200761982276,-0.010132123905644568,-0.014712330481917932,-0.03612860650564264,0.012255862871177976
precentral-lh,0.006421836188436664,-0.019503592672496527,-0.05361611195803318,-0.03242662641843203,0.00899142862455795,-0.06228366040074279,-0.04245833244826446,0.10226248629128086,0.08251651970786471,-0.022313414117670887,-0.045107286253447926,-0.06509348184591715,0.01757961569820538,0.0094718866426641,0.04591376935526896,-0.04004960765213408,-0.012599153564087168,-0.045750756813411515,0.008350102966460908,0.015732855191109868,0.02544711574469358,-0.03932892062497484,0.041338693673927805,0.004255485303225899,0.011481659691617055,0.03090374609318486,-0.07015116044723099,-0.009150151362682303,-0.04671167284962381,-0.02961466007139113,0.014368697603987046,0.01934486993437217,0.06654343550770177,-0.034271242023661,-0.09607658930816418,0.02086989516148589,-0.04085180095022202,-0.07247837897243266,0.016138241643886934,-0.0032902794632805096,0.031225481373166664,-0.04085394585208856,-0.042940935368237156,-0.04366376729726292,0.05699433239784203,-0.056104198123225736,-0.021910172566760363,0.0607650698792287,0.40536500375839857,-0.03884631770500216,0.03363420616929704,-0.010271935038885505,0.02440469343755257,0.05089423148938716,-0.0491203976457542,-0.041896368159229584,-0.06356845661880342,-0.002563157730521645,0.021914462370493458,-0.04751601104957831,0.01662084456385963,0.010434947580742945,0.03451576083644717,-0.013725227044023455,0.046074636995259856,0.02086989516148589,-0.007625126135568585,0.002086989516148589
precentral-rh,0.024604648083879348,-0.004026215140998437,-0.030420292176432644,0.021576383704324957,0.0008603023805552215,0.018479295134326165,3.441209522220742e-05,0.027770560844322566,0.009979507614440573,-0.007708309329774788,-0.06273324959008678,-0.04002126674342892,0.015691915421327248,-0.011011870471106841,0.019890191038436728,-0.04098480540965077,0.031762363890098795,-0.010185980185773831,-0.04686927369264849,-0.0034412095222208883,-0.02085372970465858,-0.04779840026364813,0.04163863521887274,-0.013936898564994596,-0.03658005722120804,0.013764838088883548,-0.06510768416041919,-0.009084793138663148,-0.008018018186774669,-0.027873797129989192,0.02088814179988079,0.029181456748433126,0.016001624278327128,-0.025843483511878866,-0.03327649607987598,0.004748869140664825,-0.05991145778186566,-0.05516258864120083,-0.07250628463319411,0.013007771993994955,-0.0035788579031097232,-0.029972934938543926,-0.007570660948885951,-0.051274021881091224,-0.017274871801548856,0.006022116663886555,-0.05361404435620143,0.053579632260979226,-0.0430495311229833,0.6143935480973173,-0.0032003248556654288,0.007398600472774903,-0.006779182758775149,-0.03671770560209687,-0.06194177139997599,0.0027185555225545093,-0.04490778426498259,-0.023331400560657623,0.037474771696985466,0.011837760756439856,-0.031211770366543455,0.002546495046443457,-0.017618992753770945,0.010151568090551618,0.06861771787308449,0.04070950864787311,-0.009566562471774068,0.009635386662218484
precuneus-lh,-0.01801031141447717,-0.0034825133182394504,-0.05317849814762365,-0.07204124565790868,-0.006706437028146949,-0.03702119568531418,0.050105310088804124,0.03365043466012271,-0.025680936831479963,0.016269054755357445,-0.047026924248912604,-0.0362428279697823,-0.047323197770016555,-0.027015467121715757,0.10773180938879107,0.011155737625778239,0.0007783677155318779,-0.012229079417146078,-0.06818709099302128,-0.026311167786459862,0.07734428179661584,-0.002073914647727677,0.020383098473844796,-0.0514736259560079,-0.031128211394935112,0.01093353248495028,-0.01626775531008944,-0.05002864281799214,0.0045220695326392895,0.014787687149837676,-0.028904860541387457,0.013749430380705838,0.1493127585195165,0.0770103243627399,-0.029016612834435438,-0.02201260283991654,-0.04309870120374923,-0.043024632823473234,-0.04217219672766537,-0.010634660073310329,-0.0009628889435878487,-0.048323770626376404,0.003485112208775451,-0.009374198163350531,0.09513108862499704,-0.030831937873831154,-0.060108439761866556,-0.028496834727235517,0.021013329428824692,-0.012487669025478038,0.4629078850459073,0.06885760475130918,-0.01686030235229736,-0.017416464927001264,-0.04232033348821734,-0.04424741082066104,0.009006455152506582,-0.01738008045949727,0.06037092770600251,0.015121644583713623,-0.005113317129579199,0.009302728673610537,-0.03631689635005829,-0.03802176854167402,-0.01100630141995827,0.004670206293191264,-0.047026924248912604,-0.021012029983556696
precuneus-rh,0.04269277414820256,-0.009089157444742552,-0.06517163064514186,-0.060252665666150826,-0.002400188331051813,-0.029082559630719283,-0.01876831626771834,0.02740272181960339,-0.013548470187203048,0.07343164994040716,-0.025054477131485738,-0.005707920310349442,-0.012986890802273408,0.01192547636269435,0.020066907341072224,-0.019114280531034512,0.019692521084452463,0.04569962502597591,-0.04378261058108521,0.0041868536342398325,0.02193883862417102,0.04348662982323397,0.03250887992690431,-0.03539714248779025,-0.02752817061763305,0.013508287369084175,-0.045609458702392094,0.009207745761629964,-0.017474625538037504,-0.015273391160110842,-0.00849915606650932,0.0687283000830296,0.021808489482468333,0.01051809765979913,0.013264250254167104,0.02272779395552942,-0.05718897080177028,-0.030937829745329763,-0.055362122680463394,-0.01623777879496384,-0.014728472943669519,-0.020595164389025238,-0.04300541607454209,0.03187869573055221,0.012356706605921301,-0.04012891433847141,-0.0710834052522895,-0.042330148716398064,-0.005866691445355721,-0.01774708464625817,0.05450456253768252,0.4135213812613404,-0.0472775356886927,-0.03077905861032348,-0.056598969423537045,-0.0509028099380029,0.013207406267559925,-0.03026256238718575,0.0050943972824856335,0.018631106644873403,-0.003234226824202117,0.01740602072661503,-0.02738606065111508,-0.013548470187203048,0.02337463932036984,0.04387277690466902,-0.004817037830591938,-0.0018836921079140824
rostralanteriorcingulate-lh,0.018533665479348548,-0.0019056623381673312,-0.041136860252279764,0.02972346775073758,-0.017789923918797232,0.0020899605613479803,-0.03106781570358316,0.03799349969447798,-0.010919435842459052,0.008087604768510838,-0.03485855885245602,-0.014214351284297709,-0.03973731638487754,0.02076301911305142,0.0007109982214075441,-0.0007746138517440062,0.016046107228397673,-0.014117992314817474,-0.0409647238407811,0.009261687357808824,-0.009411371193894626,-0.029506426188413166,0.004167759311013972,-0.03460035423520802,0.022852979674399393,0.08361151978957636,-0.06299818451261073,-0.0019486964410419959,0.1142714470398257,0.0564308062043463,-0.021074548596904993,0.04477791956506683,-0.003424017750462659,-0.022980210935072323,-0.0001824271752295692,0.018447597273599216,-0.05482451153835056,-0.03300622138089426,-0.045304619563293735,0.04430454443344549,0.0011310484864233224,-0.049558447080057036,-0.019609518051215233,-0.041976960782311314,-0.007882725017868401,-0.053984411008319015,-0.050699786330211265,-0.001237698219634449,-0.00212083285254067,-0.029172444129146723,-0.016992857491640357,-0.03768009916267334,0.3917478581838759,0.05006643659877323,-0.03974760714860844,-0.007645101928082194,-0.03818621763343845,0.020375712187179415,0.001712944399206862,-0.04446451903326219,-0.029377323879789162,0.016886207758429223,-0.0061594898549306365,-0.011382520210349491,0.005686114723309297,0.04178424284335085,-0.026254544849449182,0.019416800112254766
rostralanteriorcingulate-rh,0.04134856239594203,0.007703175028674272,-0.056342359671608215,-0.007794488462836459,-0.027298118296224697,-0.03067671536022536,-0.03126204104251675,0.028644170286140573,0.0038824632798452113,0.009654260636312223,0.006522669696376156,0.01300329579716686,-0.004806108520363376,0.037456245148381466,0.008616966301477099,-0.020242020480857957,0.006409020602059204,0.002454951823482502,-0.03955054175348241,0.03557676503947502,0.008668863864777915,-0.05225493386328386,0.009202291983768483,-0.030019784179202483,0.013260155888946806,0.06590530687375826,-0.07053601476878853,0.00038036315381224754,0.043855411782725326,0.002568600917799457,-0.007332665842577371,0.04679189416189759,0.016063281238371425,-0.028992343812082703,-0.04117316177060892,0.043484902596628426,-0.05751301103619097,-0.05692768535389959,-0.05213143080125156,0.0319413078836944,-0.0007186827120390307,-0.0438948276535867,-0.035729830004653344,-0.05309711963735518,-0.015692772052274526,-0.051741213679723966,-0.049276407888526115,-0.019133120647291342,0.028172493698166153,-0.04338110747002681,-0.004097279776039695,-0.007989597023600248,0.10043492361068279,0.36141594468918486,-0.0437713245915544,-0.017263494506100225,-0.014346720062358652,0.00037050918609690556,-0.0016324739848418562,-0.014408471593374796,-0.02004691192009416,0.047890940027748866,0.0009656888361036319,-0.02489506403604301,-0.005186471674175627,0.07627825022210952,-0.020940995257466302,0.0031736345355215267
rostralmiddlefrontal-lh,0.011042601272421558,0.03425669428191743,-0.061775965017975436,-0.02811450389014764,-0.015435011443979574,-0.0694986020602591,-0.047967582107154606,0.020432917410214985,-0.015445274084567326,-0.008825870905467045,-0.060113417242759544,-0.05734763560436028,-0.0010775772617140017,-0.008825870905467045,0.02098710000195361,-0.05570048179002603,-0.002734993716636008,-0.008256294352846787,0.10495089397064969,0.002216730366954514,-0.03253257066317503,-0.05516169315916903,0.012700017727343565,-0.004382147530970265,0.04367779834147411,0.0038792781421704003,-0.06784631692563096,-0.02316791112685099,0.08675523220856474,-0.041886967558911324,0.021556676554573863,0.03036715349915928,0.0038895407827581473,-0.04907594729063187,-0.06509079792781945,-0.0055161693159169025,-0.05293983147192064,-0.060657337193910414,-0.020910130197545465,-0.005495644034741398,0.06627100159541097,-0.025897773523193123,-0.045771377021375605,-0.043015858023564085,0.07732899682871415,-0.059564365971314794,-0.05294496279221451,-0.008795082983703788,-0.0203662102463946,-0.054592116606548766,-0.028119635210441515,-0.04025520770545869,0.010000943252764691,-0.019257845062917337,0.7592558072833903,-0.03802821469791643,-0.004890148240064006,-0.03085976024737139,-0.015978931395130447,-0.04355977797471496,-0.0026939431542850043,-0.006065220587361654,-0.005505906675329149,-0.016543376627456828,0.0,0.03202970127437517,0.1485414598671279,-0.0016522851346281325
rostralmiddlefrontal-rh,0.020587026785230958,0.014739363878364,-0.06519743452452674,-0.041857018495767916,-0.009477782956435636,-0.0027055458161859406,-0.05654853894678998,0.05252729887870106,0.04923806324894362,0.0016565786717142035,0.02533668303460071,0.0439501684419772,0.03420565837811033,0.013667671105904843,0.004360928402216597,-0.028969195255536474,0.06290573435484846,0.019490216213417295,-0.037764013286666114,0.031087463001100272,-0.0027294675298569055,-0.022317762769325147,0.019003409340213193,-0.031770427926406275,-0.03649735854778861,0.05240529813897915,-0.06492951133141195,-0.009282820990017282,0.03232899994062327,0.0064062349210839515,0.015397211004315483,0.006797354939604203,-0.012645017846471167,-0.03464581790965605,-0.034913741102770846,0.03603327730257192,-0.056353576980371634,-0.053113380863639655,-0.06419870297876402,0.0020704243182218677,0.0008037695793443639,-0.03927466950498744,-0.05418507363609882,-0.05174864709871121,-0.009209859763320847,0.004286771089836611,-0.05866800277803733,-0.02833526984325595,-0.04982414523388221,-0.006335665865754617,-0.03466973962332701,-0.039079707538569076,0.00012080465403836182,-0.030089927541021102,-0.055159883468190576,0.5251019485342633,-0.03410997152342647,-0.010501632301552866,-0.026361728465401486,-0.030625773927250684,-0.01517952340990972,0.024290108061496066,0.006943277392997079,0.004506850855609471,0.060177462910675106,0.05028583430773181,0.01308278520664979,0.005481660687701224
superiorfrontal-lh,0.015936331639421025,0.05785770057101338,-0.059523898725241185,-0.04440447519147073,0.03569373254419137,-0.06578980468155553,-0.039130634213910415,0.04126342672758188,-0.011101118797867682,0.04432793605364401,0.023759514669209763,-0.022437742635202186,0.004895561007916723,-0.0013924235458476302,0.015240119866497212,-0.02158256496063827,-0.03577027168201809,0.042299648901235935,-0.023852244778499836,0.007461094031608495,-0.004215540206456252,-0.011775251973341479,0.008853517577456126,-0.02090843178516447,-0.04342860118418005,0.03847857963588663,-0.057374915240106364,-0.004873482410466707,0.004879370036453376,0.012976327674622323,0.008595933940539282,0.047808994918263084,0.03746443605968259,-0.025343286059624204,0.0032072842562388855,0.020552230412970888,-0.05968286462688129,-0.061930465847292844,-0.07416642455409132,0.011441129198597915,-0.011419050601147902,-0.04311066938089984,-0.03672406709185874,-0.03763959293278604,-0.02068911771716098,-0.05791216111139007,-0.04874071173065374,-0.0028231166606086195,-0.05415144001240414,-0.043368253017816674,0.0007182903703738323,0.020793623078424396,-0.019872209611510417,-0.01664873438380819,-0.021204284990994665,-0.02619846373418813,0.5013725661469203,-0.06407944933242767,0.039991699514461,0.0003017408318168724,-0.03182850608394202,0.044645867856924225,0.008913865743819503,0.010366637456030508,0.0017707035154912254,0.07136538649093271,0.020075332708050557,0.02178568805717841
superiorfrontal-rh,0.05140417629574674,-0.022411422574908822,0.0744416863423442,0.019616267031905485,0.013066867487446837,-0.06723426772472646,-0.0612870069508536,0.07354646108683313,0.0,-0.030647494925610606,-0.06952307930155538,-0.03714101416749594,-0.0002771206841900494,0.029816132873040458,0.04174258602225664,-0.06298166265746434,-0.0377192042369789,-0.05278179681632938,-0.03745804935352407,0.029816132873040458,0.055110522894996364,-0.039152705060134824,0.021302939838148623,-0.002541983559916128,0.023892820800270435,0.047705812596864725,-0.07151082149309142,-0.003120173629399071,-0.03827344560535899,0.0006260874716886277,0.011079125295910808,0.026410855659083726,0.017042351870518897,-0.05646419471447616,-0.102158316418702,0.023852906298432362,-0.057881729736896856,-0.08796700039375975,-0.06610981918723102,0.0017106215073459802,0.01647214470140357,-0.044830828050185255,-0.0348921170925051,-0.04029311939836548,-0.064122076995695,-0.04595527658768068,0.07358637558867119,0.1056514055367025,-0.017255609351768033,-0.036293686314190575,-0.015600868146995349,-0.022403439674541205,0.03893944757888569,-0.0039275869808663814,-0.04651750085642839,0.00856907333746513,-0.07320547719970218,0.5850462404843844,0.0008632936540406053,0.003730295300352464,-0.06637895697105345,0.033791617256112516,0.031803875064576485,-0.0019797592911684147,-0.0005542413683800988,0.021865164106896335,0.01647214470140357,0.019877421915360304
superiorparietal-lh,-0.024450661931726413,0.008016107656630791,-0.048453879636839184,-0.07029565305371344,-0.013254332406368518,-0.019318885606868546,0.02846743611123254,0.02142199375265877,-0.002619112374868868,0.040455212682589836,-0.038266103831953176,-0.03142032744547045,-0.04112277060132794,-0.009826332283118801,0.023621326463312144,0.03148588043028347,0.021470106035090343,-0.01833799644879481,-0.06723932031224764,-0.03023977231530568,-0.028535996113697528,0.020888548821198682,0.032790324687709545,-0.05978432214947509,-0.025231885117709112,0.007892218529369478,-0.008769666280215334,-0.0062467784702096175,0.013519551363272575,0.013109995559073797,-0.02580321847158407,0.020079661072817823,0.013471439080841004,0.0807384239554868,-0.018176218899118638,-0.02473632860866389,-0.023965329282697897,-0.03769477047807822,-0.03023977231530568,0.003978885757091253,-0.02355577347849912,-0.0351718826680725,0.013023994854227349,-0.04519788092328234,0.037970213294998986,-0.0310967723461181,-0.048292102087163016,-0.02825032943676005,0.009568330168579478,0.020726771271522504,0.04300576505499371,0.026467769372670195,0.011719550596801277,-0.013863554182658335,-0.037818659605339526,-0.03957054808937926,0.023621326463312144,-0.00562733283390309,0.5449028715211675,0.009805884563085383,0.02578277075155064,-0.022499107475595654,-0.04217943660423141,-0.004980222635198406,0.012748552037306583,0.0018655537512843243,-0.05399521176589583,-0.026488217092703617
superiorparietal-rh,0.06059881191261025,0.018836778218898353,-0.06615557167511403,-0.05438729317913367,-0.004727012110793099,-0.049087222110559936,-0.02761402502624008,0.010873054947172405,-0.02127676939302801,0.05724737307357773,-0.027510306569776242,-0.010649393918149834,-0.008455082216314398,0.008067441728189786,0.016173126015746126,-0.0004913589445884521,-0.005338313627940278,0.036450953403502344,-0.024600974894329795,-0.001986874788907763,-0.011468132348224677,-0.0035698849735960173,0.02903305575182629,-0.026718801477432125,-0.0017249712005186454,0.013913338416813418,-0.038590798429876325,-0.008351363759850567,-0.010818588271710948,-0.003296972163571066,0.044895026398180916,0.07697937484128405,0.03213881511856458,-0.03534307804730763,-0.019093466912828407,0.0031440019261048465,-0.0596218883506101,-0.033459921714863713,-0.04994420310000135,-0.004077468034279364,-0.007390664313945323,-0.010272762651661051,-0.007025042269092366,-0.02870567626633989,0.002287020936663442,-0.05610125515801648,-0.06810420390465523,-0.0006605532981495606,-0.04293017005254481,-0.011506374907591243,0.02615095741411057,0.05675601412898929,-0.03653844774387128,-0.04139641164885894,-0.06410322098910898,-0.04399458795491388,-0.006648411002603582,-0.00028392203166077706,0.033983728891641966,0.4875850992982288,-0.024224343627841018,0.002014108126638488,-0.00722146996038421,-0.014950522981451761,0.004650526992059988,0.07147186685978266,-0.0035971183113267424,-0.009235578087022698
superiortemporal-lh,0.0640388519716695,-0.00041934080814248276,-0.03822788761407889,-0.039355538056487685,0.01835086449991478,-0.057713122761661156,-0.059198288123832446,0.050535271524850454,0.07489534356708911,0.0013957866322306723,-0.02627129841781113,-0.005183966336556291,0.08256847393146553,0.0023789526615775568,0.005472935162680117,-0.051703915219337274,0.027983606717726272,-0.015352980934011537,-0.0053284507496182045,0.003747186452247585,0.005885555765563906,0.044581169665647874,0.010767112865478982,-0.01939585641764164,-0.003753906657506281,0.04479420017234846,-0.011220726720440806,0.03896375008990584,0.008319614110262758,0.00028896882612382746,0.11139076226547676,0.04515171509211097,0.003300292802544458,-0.05747253941339993,-0.050961332538251636,0.06549646449228017,-0.05217836171060106,-0.04468398880610589,-0.04997816650890475,0.007226236714673293,-0.0018151274403731576,-0.029392833760474336,-0.04854810682985475,-0.023473004948091087,-0.017615002024087823,-0.04807366033859098,-0.05711502449363743,-0.022489838918744204,-0.01401902019016084,-0.042690103905851484,-0.015648669965394057,-0.008422433250720767,-0.029482212490414952,-0.03174423358049125,-0.055361722941644244,-0.02234535450568229,-0.048878068908056606,-0.07166359685818333,0.010884044436980257,-0.039238606484986414,0.31965126727344506,0.010767112865478982,0.006394275303647019,-0.009281947503307684,0.06267061818099948,0.030011764664800024,0.06924365094452774,-0.001457612520610655
superiortemporal-rh,0.034687213397944575,-0.018132386521312945,-0.006591627345048602,-0.04379478735953095,-0.03096358694042195,0.06940498485196046,-0.003980186803287992,-0.04165699668687562,-0.02614050709050036,0.05706907959167392,-0.023850562763656637,0.043268934144637165,-0.047053676714302405,0.011510201120193037,-0.0677930473941989,0.07263777253383769,0.05306724749866875,0.06597229655328342,-0.024124312015962115,-0.015099499456235534,-0.015420995671152429,0.010741156709065098,-0.026561953613817156,-0.0434471894717198,-0.01979652732486298,-0.07294207984221446,0.005991925494649165,-0.06600285460935472,0.01768038194192484,0.009772211681137342,-0.04561108181726937,-0.06881419576791516,-0.0583684336008727,0.024393604885090524,0.02603610039892338,-0.04317344021941433,0.005818126550743594,0.009772211681137342,0.019196825474463542,-0.0012471506634102896,-0.04324728885491999,-0.02320311395064578,-0.031832581659949795,-0.005175134120909801,0.029095089136895035,0.0041017824014050715,-0.002737492523054758,-0.04568493045277504,0.0034065866257827963,-0.0044277349994990365,-0.01452589927873034,0.0087510633074211,-0.009476817139114689,0.011462454157581618,-0.016190040082280373,0.029068987464000794,0.05341484538647989,0.025141004006501287,-0.04255209307929771,-0.006865376597354076,0.014000046063836563,0.4321373865585837,-0.043199541892308575,0.008477314055115632,0.013600244830236934,-0.016020697521551875,-0.06259626798357193,0.00862501132612695
supramarginal-lh,0.002235960580216711,-0.0325999707999919,-0.015505152074516365,-0.03338693448858554,-0.03877074982317683,0.025204479536433084,-0.012393694390739224,0.013999100315470267,-0.05186287448754293,0.013493476145548852,-0.024698855366511667,-0.006170779023184947,-0.040151871096658694,-0.014858858145258825,-0.040798165025916225,0.017496170206658297,0.023422006781768468,0.04121525578087087,0.023979767296059218,-0.033928955729104426,0.04399323760160645,-0.0272161554654006,0.013404942730582068,-0.06817072952442481,-0.006066506334446288,-0.057001747374059455,0.037264698064130755,-0.07355454485901611,0.008354603259032324,0.04922064390308975,-0.039015692271251616,-0.006608527574965166,-0.03871861347880751,-0.030082670701102963,0.025746500776951956,-0.00804178519281634,0.05722603202530864,-0.022723576508141604,0.0329649252105772,-0.03674333462043746,-0.03433030721028718,-0.0272161554654006,-0.013477736871776976,-0.049397710733023334,0.015416618659549576,-0.03294918593680533,-0.04431097419087613,-0.05221208962435636,0.045165813497610986,-0.02924357066813998,-0.05848714133627996,-0.025730761503180082,0.003669218198067885,0.0007505666179961915,-0.015260209626441588,0.01814246413591583,0.002970787924441023,0.048574349973832226,-0.06787365073198072,-0.008635942777704549,0.006921345641181138,-0.022217952338220184,0.8437864017285531,-0.030869634389696605,-0.010960436772888042,-0.06021747774657525,-0.030713225356588617,-0.041444458955173756
supramarginal-rh,-0.021524562770359336,0.10375108898528733,-0.03495689817021729,-0.024434950955403843,-0.053530040092298885,-0.03228684415553901,-0.011263466057528721,-0.03228684415553901,0.024036347941137917,0.07114184533291561,-0.04035855519442376,-0.029596273809244088,-0.0026290213514450302,-0.04304912554071867,-0.03497741450183392,0.06307013429403086,0.007007792699336762,-0.0037339723542262767,-0.055156692099045806,-0.025539901958185084,-0.03441468083463498,-0.006946243704486876,0.013233033892725002,-0.055156692099045806,-0.04519747855143128,-0.04573969588701359,-0.03443519716625161,-0.013672669570224174,0.032650276315604985,-0.030941558982391548,0.002491268839161952,0.005422173355823092,0.02512078261230254,-0.030660192148792075,0.07168406266849792,-0.03174462681995669,-0.055156692099045806,-0.001846469845496512,-0.025279051456202243,-0.05192390441716858,-0.03632269967498138,-0.04573969588701359,-0.00829152887763434,-0.0015445866802804183,0.004317222353041845,0.030762773806875216,0.0059849070230220324,-0.020941312771543773,-0.02017927759721188,0.015944120570636544,-0.056501977272193256,0.01676770473981832,-0.016102389414536244,-0.04573969588701359,-0.033089911993104154,0.010823830380029554,0.03505947982830044,-0.011023131887162509,-0.00019930150713296484,-0.01987739443199578,-0.004818407025390896,0.028875271298145447,-0.025800752460167924,0.594941376932526,0.08598101490077091,0.0167471884082017,-0.048430266233308504,0.03722834917062967
temporalpole-lh,-0.08812056217759602,-0.045244134879864055,0.0007758433270883386,-0.03563614653458257,-0.048912765469381767,0.07476358804106267,0.039943462434435514,-0.030456006891755257,0.12225489770045762,-0.06296522773126931,0.02105860459239776,0.058149457365270975,-0.028048121708756087,-0.028961123052597546,-0.08237516525360435,0.029074728682635487,0.1949818970079134,0.013002302901292957,-0.02138972344092296,-0.02471060996776359,0.012129479158318579,0.025794019756661943,-0.07358319783627829,-0.045438095711636144,-0.009123086265851267,-0.06257730606772513,-0.005939357755763763,-0.053163278554215744,0.058149457365270975,0.04370907343983927,0.004889198395169186,-0.09850439384996584,-0.021817822705334198,0.0295596307620657,0.018690897010265668,-0.06228636482006701,-0.01308265810302711,-0.02168066468858109,0.06249695086599098,0.008945750648231067,-0.00429069068570104,-0.017721092851405246,-0.015741306932817327,-0.015159424437501071,0.046949604764945745,0.0295596307620657,0.011159674999458158,-0.031288653033862565,0.05607269103079701,0.06317581377719328,-0.037518952037284455,0.00937384991264232,-0.00733726117903543,-0.013761521014229403,-0.0038625914212898,0.07099797703565892,0.008307065337895853,0.0009698041588604252,-0.020419919282062538,0.002852609661562303,0.09137771871685438,-0.02273082404917566,-0.05011670806088135,0.019232601904714854,0.19043351550285803,-0.08068632058267455,-0.021332920625904,-0.11284779735951149
temporalpole-rh,-0.009390486817615893,-0.027911991495676657,-0.011576894353777577,-0.040187162601840944,0.0036440125602694713,-0.0017666783407379754,0.0009615614295161338,-0.045998504098480116,-0.0592962881534949,0.0861436937807787,0.02298589702938567,0.04407919695940624,0.0018620713396979077,-0.05224483767037658,-0.06203979080358261,0.11449067735171266,0.01001244917083466,-0.038248776862975085,-0.02740068502125141,-0.054026778890948146,-0.014133426725903803,0.030518128227262048,-0.03846627290060373,-0.05023013753234279,0.023745225301106745,0.05741132249404662,0.009237858019279996,-0.03496344197879497,0.09192450951775068,0.04733400608391919,-0.024687708130830894,-0.0660997168393174,-0.04624652589577595,0.0072231578812461976,0.04609389709744006,-0.000370124835964544,-0.01105032499951874,0.037802337627842596,-0.010802303202222913,-0.03721090103429101,-0.02989616587404328,0.08163351278995302,0.0016903639415700264,-0.030655494145764354,0.040839650714726894,-0.009562194215743771,-0.02988090299420969,-0.03493291621912779,0.008509055507226101,0.020257657259131562,-0.0226577451129635,0.010199419448796133,0.038515877260062906,0.03127745649898313,-0.0010378758286840822,0.03955375308874699,0.053347580738353426,0.016785352096989968,-0.03018997631083987,0.03727576827358376,0.02980458859504174,-0.03979795916608441,-0.07908842757770199,-0.024393897694034293,-0.03166284421478126,0.22455511955168442,-0.07507429018146795,-0.06653470891457469
transversetemporal-lh,0.03238427917296298,0.0167085122236114,-0.041048548187903496,-0.06101811217120791,-0.07006291610846964,0.02671885253094189,-0.03550144708143005,-0.011628087029337849,-0.051058888495233996,0.02182396177640705,-0.004632681367761268,0.08447591294245678,-0.037144752119115707,-0.048814489736966324,-0.055471011064734455,0.0013971879237465545,0.12914048949669624,0.043021271516553786,0.1246261336644826,-0.056267105267899,0.027921039972105932,0.051218864619294396,-0.03282539676948459,-0.06989347394156542,-0.006394311940994564,-0.0662518872595512,0.0007449775718079535,-0.04568122955566477,0.06185585696288521,0.055512661653247225,0.007807592137575592,-0.011771970880563786,-0.07876883571192293,-0.035188121063299896,0.035907540319429554,-0.029497136105600518,0.015311324299864848,-0.020452332168338784,-0.013651926989344717,-0.0721123143841548,-0.03772028752401943,-0.03487479504516974,-0.038999149912218346,-0.023662267296675206,0.04953390899309598,-0.03550144708143005,-0.03393481699077928,-0.06181420637437244,0.00805370925151469,-0.019199028095818162,-0.06545579305638666,0.0173351642598717,-0.034730911193943816,-0.02505945522042176,0.10851871516145324,0.03508588780058674,0.04285182934964955,0.006317636993959689,-0.0721123143841548,-0.01145864486243363,0.15918760269152218,-0.04978002610703508,-0.030801556809477725,-0.04548622907308226,0.038414148464470804,-0.0492972579220007,0.46530806900896843,-0.042157968409198186
transversetemporal-rh,-0.06067755668709048,-0.019779792070428022,-0.004504070716919655,-0.01727396386310835,-0.051707534337269635,0.0864962141730767,-0.020369634738924402,-0.05644633836103989,-0.07991164397578035,-0.05327442931718689,-0.015668949799172615,-0.00940136987950357,0.027620285772754088,-0.00861491298817506,-0.05644633836103989,0.06279617525148565,-0.010968264859420832,-0.012338545616505967,-0.03157263290519583,-0.05444809585143991,0.007758236731549364,-0.01837139222932441,-0.05017875844137084,-0.02064248712979348,0.0008626950593654572,-0.08461232891553212,0.05116182955553149,-0.03004385700929704,-0.01723584477908988,-0.010968264859420832,-0.05127618680758691,-0.059345395014023805,-0.06737648413644225,0.006229460835650575,0.0864962141730767,-0.06627905577022619,-0.004935418246602386,0.006464194142501174,0.001097428366216059,-0.03294291366228096,-0.03760547951801428,-0.029771004618427972,-0.028204109638510708,-0.012573278923356563,-0.004700684939751785,0.03282855641022555,-0.01903747306585774,-0.010575036413756579,-0.004700684939751785,0.0267957097974071,-0.04857374437743511,0.012693654978151744,0.027227057327089826,0.006229460835650575,-0.015668949799172615,0.016962992388220802,0.024797467287807108,0.025032200594657713,-0.056408219277021415,-0.022837343862225593,-0.007834474899586307,0.14447734723275513,-0.06471216079030893,0.014888511710583857,-0.06671040329990892,-0.0861792238954494,-0.07521095903602856,1.0
