,bankssts-lh,bankssts-rh,caudalanteriorcingulate-lh,caudalanteriorcingulate-rh,caudalmiddlefrontal-lh,caudalmiddlefrontal-rh,cuneus-lh,cuneus-rh,entorhinal-lh,entorhinal-rh,frontalpole-lh,frontalpole-rh,fusiform-lh,fusiform-rh,inferiorparietal-lh,inferiorparietal-rh,inferiortemporal-lh,inferiortemporal-rh,insula-lh,insula-rh,isthmuscingulate-lh,isthmuscingulate-rh,lateraloccipital-lh,lateraloccipital-rh,lateralorbitofrontal-lh,lateralorbitofrontal-rh,lingual-lh,lingual-rh,medialorbitofrontal-lh,medialorbitofrontal-rh,middletemporal-lh,middletemporal-rh,paracentral-lh,paracentral-rh,parahippocampal-lh,parahippocampal-rh,parsopercularis-lh,parsopercularis-rh,parsorbitalis-lh,parsorbitalis-rh,parstriangularis-lh,parstriangularis-rh,pericalcarine-lh,pericalcarine-rh,postcentral-lh,postcentral-rh,posteriorcingulate-lh,posteriorcingulate-rh,precentral-lh,precentral-rh,precuneus-lh,precuneus-rh,rostralanteriorcingulate-lh,rostralanteriorcingulate-rh,rostralmiddlefrontal-lh,rostralmiddlefrontal-rh,superiorfrontal-lh,superiorfrontal-rh,superiorparietal-lh,superiorparietal-rh,superiortemporal-lh,superiortemporal-rh,supramarginal-lh,supramarginal-rh,temporalpole-lh,temporalpole-rh,transversetemporal-lh,transversetemporal-rh
bankssts-lh,1.0,-0.013816103169759014,-0.02337259769151507,-0.006658435853653202,-0.0040326166610447625,0.014636461375298785,-0.0038229855467787517,-0.010248842097826252,0.01692228934573161,-0.02733074995272938,-0.0861854459011694,-0.08311999639454425,0.01853573538535192,-0.1032465417403931,-0.050285589022108695,-0.01575747058879511,-0.0021742256887217815,-0.04508595177016699,-0.02871368720110404,0.03096824407076176,-0.07280134836055592,-0.017648701929589655,0.011460683067321882,-0.05277272519437213,-0.035741249205047704,-0.028135357046485128,-0.02448990146465469,-0.037200705042733706,-0.03290927421249302,-0.01801433594530318,0.14761728022770756,-0.01318130255264381,-0.02199840261606003,-0.04258424813384615,0.02396071337337597,-0.028909514740177004,0.0035745899694668245,-0.01730991852647316,-0.06046477332663045,0.003411496145975534,0.002139840722264256,-0.031854151690644275,-0.04017231607894504,-0.00037217435467268496,-0.037926041130133044,-0.0656673521300645,-0.017439621398408267,-0.005283944990861012,0.011499472200078317,0.03084863933366297,0.019455477886985352,-0.022762610317773185,-0.04200820229474505,-0.07388369976389622,-0.054642848732150084,-0.02580754359605606,-0.00317889217365932,-0.016328882135560337,-0.05735998410416423,-0.029598707458975092,0.17062867224114053,-0.0371220912723518,0.06520999949471826,-0.026389538199442012,0.027806375990867785,-0.07342704535611413,0.06852746803583268,0.0020352058894499273
bankssts-rh,-0.022057408201134318,0.03289645058764195,0.03570442398394678,0.005882457178555318,-0.012035038335312184,0.023816162984480523,-0.06363078082419131,0.13140175944859275,-0.034793265853780585,-0.02205881624910793,-0.013855442736328757,-0.0024838277083913023,-0.0156020731756174,-0.05456158862415427,0.04134349846766385,0.009679399344256235,-0.09969266845917998,0.05049475042152779,-0.05787445761175688,-0.03931694100998032,-0.12643909861426234,-0.0020622079055758547,0.0028573255150503517,-0.006981574954413978,0.018396702764399944,0.07793101711974987,-0.024999033973240326,-0.010510181638635381,0.05064399657457514,0.016998203577299458,0.012809098807232026,0.05298261167676915,-0.028108418114089383,0.01654814441060786,0.001522159714581409,0.0014408465466996764,0.0026466155708862937,-0.07534527111242892,0.030585420181348143,-0.01956605082762366,0.055187520734843204,-0.09427638078213031,0.007975411291241186,0.09851401639658787,0.009458867128751264,-0.019826295511895645,-0.026523462515996497,-0.022958249491494543,-0.05147247187664173,-0.0030764927663153654,-0.033562111267593515,0.059604711163581736,-0.003759874501497194,-0.0030536803765805367,0.023725779199877596,-0.011287467054736235,0.045744454826297916,-0.02008275866679768,0.016281126411814114,-0.009236898391247996,0.013563362527154973,-0.0669449722140756,0.05128867912866353,0.14989803565362939,-0.042969022618747,0.0021154192982141794,0.020350461532970016,-0.02928460620453662
caudalanteriorcingulate-lh,-0.043333913266659974,0.04405269594863655,0.4620309242069691,0.09275872450883596,-0.011285729392041076,-0.09776969107911171,0.0073493091560170466,-0.10845101506584676,-0.06903424572387104,0.045259768981862486,-0.027645419000410197,-0.02965693631885093,-0.030855833329049797,-0.03740194742339724,-0.017571742283473236,0.0014606277715114545,0.013020584081294835,0.007254665376704392,-0.037648093866120044,-0.06525015861436724,-0.014749171479542236,0.010804086666650177,-0.045298904261851534,-0.021623618065078416,0.0004961244650073283,-0.030068920520028478,-0.011035580415122008,0.009421541248179689,0.021385623335319938,-0.06453190291181463,-0.025093498398220497,0.024895616056133007,0.04122340772544122,0.03376366109130418,-0.01154659126466058,0.010719845241591697,-0.06019773240842893,0.06557307545094013,-0.049107620601665236,-0.0030346800220742184,-0.09748881653551095,0.04268827877918934,0.002469012309602539,-0.06792749404589446,0.023237803876592585,-0.00693916389345434,-0.004950374131062962,-0.013405419431791677,-0.005248678989628502,0.02984581923256141,0.01502517460025369,-0.03276817735455765,0.09658936225165166,-0.0791534787141354,0.0380616833156322,-0.006096896287441402,0.0767683800358425,0.0353510854447499,-0.0056464990503960364,-0.015007597640717076,0.03705281022370014,0.03258320992933501,-0.1239956941378725,-0.02092397916539005,0.011751229451595393,-0.024123317515779678,0.08447339716624913,-0.0014989953240361488
caudalanteriorcingulate-rh,-0.021800922712231788,0.014807001210298126,0.005159939337029979,0.28352788334488843,0.02858042101333225,-0.008636474134097311,0.003181887454903831,-0.02448667944714429,-0.0057826749161470304,-0.010099371032247504,-0.029867395494187307,-0.029147520397413855,-0.03826854814358044,-0.008690411817402526,-0.05281632029815396,-0.014209905625887604,-0.008119846457619472,-0.004393260150662159,-0.05515387581483961,0.004892278572103204,0.007788678878506955,0.0027558217642374423,-0.021808574168931564,-0.02448731872786166,-0.015011434566781128,-0.04389021718885263,-0.008654997887264222,0.03661656967470784,-0.004855493455282824,-0.008746986420925236,-0.00930826222354108,-0.015115398976011255,0.052087797484668054,0.017499818993554093,0.019681064731371538,-0.020562711089708884,-0.039906035402366216,0.040734522295986716,-0.011781977799565215,-0.021922642398379016,-0.061455142562240245,0.02220285262088337,0.02700229890999964,0.04168121206315742,0.026999148819036478,-0.03348617462360099,0.03866140004768268,-0.019223427283677496,0.00970876558434309,-0.02739019924861976,0.03793013495942451,-0.057023911358570316,0.04605002772966765,-0.024404116750192228,0.053733536350848474,-0.009289896626359056,0.05815235686684048,-0.027231665485199702,-0.06672554062149384,-0.02588694207291577,-0.015754974063175473,0.09386204321386021,-0.050414283415741654,-0.04585697914660272,-0.0012195373232037746,-0.08041950868851654,0.10624314628334926,0.023766947812513768
caudalmiddlefrontal-lh,0.018238666519781028,0.02043790569616907,-0.09685181874593184,0.06291806877093446,0.6497365233390443,0.008177328366454085,-0.06691706140206698,-0.03264145036454351,0.023496175810057154,-0.007823804227863556,0.028502670501529145,0.009664889891035791,-0.03417596824782896,-0.03486134707540344,-0.043584261895704954,0.036735306268865495,0.020793347743017894,-0.029988290122574965,0.07013423887059504,0.08578494100318207,0.005237017323219557,-0.07956920841135062,-0.0413284014055921,-0.036457356285394184,-0.03345826023997615,0.008528521535222183,-0.066477910800998,-0.020368271400620877,0.003378156301202927,0.018402426747917512,-0.04968317862046487,-0.003776293831035975,-0.03583951285215865,0.02488627194499026,-0.003501601377891497,-0.032018506563662716,0.08508194895628171,-0.028870878036052552,0.011631278893750636,-0.007716281389010549,-0.11184886552185853,-0.04174604812446981,-0.019724670065268186,0.06402347979076817,-0.13623285563324655,0.06845049401322627,-0.05870028308531671,-0.011449105032386022,-0.04109841969595922,-0.024302225174652168,-0.011365171265346296,0.0670957610900271,0.03557883158438506,-0.0166961763769132,0.06599577128897895,-0.04711302215713483,-0.053997871634132555,-0.01208140836268323,0.02686504079698994,-0.0032728636520064883,-0.007878729418252874,-0.023659007763740816,-0.02974917409634528,-0.06946315608661531,-0.02069007206829722,-0.013815198113770459,-0.03451161967530604,0.05553054325220276
caudalmiddlefrontal-rh,-0.0012858046154330307,0.04263880714259849,-0.09291272891433124,-0.013900535421621072,0.01314702517394661,0.8288643503383324,-0.024881362884919947,-0.03569397112483898,-0.06687338613437964,0.03579353343709516,-0.06662710525187145,0.005804743024067211,0.009916710009025467,-0.03394326479526448,-0.06919635000475576,0.060714880701068404,0.08014934800419743,0.014506078514863057,-0.04546859255819464,-0.03238963869288708,-0.013462914291455325,-0.012143620291975448,0.00019162874657182249,0.020160727623853666,-0.024389834807109233,-0.02471657232702019,0.014089614603902735,-0.012634393197586012,-0.10296316734686255,0.018553429595356764,0.0061541004763457615,0.0024464847424389914,0.043893803703927696,-0.04041305040077923,-0.023479823388631468,-0.01730252521409656,-0.0586879395684633,-0.034160192343434696,-0.07839646942998633,-0.03747676528261676,-0.05442364203776803,0.10441696845203763,0.011606574147890543,-0.04847222823142021,-0.000238098136722827,-0.036501626727122344,0.030339162493747605,-0.06937406171542003,-0.035332127078436526,0.051974840605318706,-0.0031922835255718237,-0.06680380448134028,-0.012895071158634837,-0.05018369198479436,-0.08579833719299843,0.0532620467765953,-0.10982284596756957,0.05521109404870177,-0.010871974348119104,0.008079786013231659,0.04480849467604491,-0.018831054199236356,-0.07107206081209905,0.02968562629660708,0.049896069193762396,-0.03259563777930511,0.027628040990196265,0.005874584133347528
cuneus-lh,-0.030438906921195937,-0.057441757959821746,0.016192520408249342,0.01160468653190045,-0.03951683691148902,-0.0011950378241375743,0.2681006213365284,0.15854409324712024,0.003769998360546939,-0.03016102326663492,-0.015523496837690927,0.009197275771238304,-0.04083574135914175,-0.00745251396621953,-0.058088446500656116,0.06463202946540401,-0.040646848934856636,-0.010077418607162155,-0.050946548901362555,-0.0007111735439942218,0.030749274326378872,0.015518448182453605,0.030958536006276204,0.04597943595247533,-0.03593447043624205,-0.030889052352270033,0.03925673268308255,-0.05695319515983426,-0.02280964456754531,-0.0025775091055707175,0.0034269309533453414,0.022201768696958897,0.01839021614296838,-0.04369945503771168,0.03208150010578585,0.007073104433001629,-0.009984516565742006,-0.0401989973960666,0.013459036008493531,-0.03654902281521542,0.051018402421929225,-0.05808484382746564,0.07130280961639406,0.09040535866869169,-0.05225446014119704,-0.06487581245048293,-0.012848155536526235,0.021003737989892406,0.008696494226611083,-0.0034381995887710565,0.11074918171516374,-0.04276079402324474,-0.07916699144323697,-0.061521131344365466,-0.0492303667762823,-0.0420277240481598,-3.0411248501826365e-06,-0.036847713794674365,-0.02820354652409974,0.025417199589852595,-0.08163391428493398,0.04506271961102035,0.012099550760322902,0.040295658011894615,0.024864624616990513,-0.004788602675668056,-0.013632669059267747,0.0018976357728163313
cuneus-rh,-0.025698844097642653,0.08396662924734298,-0.1282870786208111,-0.06654119983678485,-0.01303568467066703,-0.07877360036849575,0.07313304842910094,0.2570792598514692,-0.08353431001117356,0.05432896366776609,-0.0789899006846157,0.02564292568349293,-0.02368998609932122,0.10512858323845604,-0.005560240469663307,0.04584235386825846,-0.025509294839903825,0.03139652023651771,-0.03237568750233264,-0.02993029167737158,0.07810805690801366,-0.013095084576808904,-0.04918712989020639,0.039029614015737166,-0.022675033473235514,0.008066908331869231,0.10378690220102493,0.08107898938441319,-0.09171951395926194,-0.04823402228279565,-0.02283890696961732,0.042992282419628595,0.007789913334072552,-0.03663475508137044,0.11854314996608491,0.18027910770925298,-0.034586943461997206,-0.001974853811609242,-0.04732951366950563,-0.041617907275393454,-0.09234321890132187,-0.01669774353089068,0.056839407014121615,-0.10128430849075265,-0.01357949628198116,-0.03162499377383531,-0.03737565628997587,-0.04394282649595937,0.018753840810243283,-0.00553931736264151,0.06915759241134922,0.0824132186330383,-0.05067232909647364,-0.10396459960385651,-0.02559577736000618,-0.00401864602731459,-0.08516696208700913,0.012324472898805214,-0.027615056221112315,0.028113037897666244,-0.034922034014308906,0.086130549766478,-0.05553501238172297,0.06589486709513144,0.0015758825187989762,0.001011573635070159,0.018390410431858146,-0.0451003003553146
entorhinal-lh,-0.0007893718592783129,-0.02500738062503524,-0.0488140093406967,-0.020381739537055712,0.008487294069690765,-0.08138209936739782,0.004846557911197065,-0.05943311099582972,0.5814675788711209,-0.06161377316708482,-0.04667076321752147,-0.004079301545406294,0.1288845214597797,-0.03649537379767899,-0.0030409779000466954,0.05668207791931137,0.06641359899635278,-0.06544640197936487,-0.1221985428544067,-0.0403172843051902,-0.0420489473706952,-0.012772082427559658,-0.04282407588231078,-0.054825770221462546,0.03818970747140984,0.016350400624659582,-0.05080898639864927,-0.0452300396700821,-0.06916737596318141,0.050794634758201965,0.01043139793089341,0.030168755375351162,0.005559720193880566,0.020161083155856137,0.1337696301356755,-0.01223097432379637,-0.01834208876435256,-0.04244942635716343,-0.0351796489197196,-0.02119801970106337,-0.05524702998930006,0.01225142727781662,0.03847348545689751,-0.06283132657503784,-0.026846161103370837,0.09273148660699182,0.023675726189133325,-0.01293874699428571,0.005489681382063503,-0.018142455928338495,-0.02337392834421724,-0.005671433434529038,-0.013161012076075819,-0.09690620059286698,-0.015493090647498771,0.02041983051080829,-0.01763937330540011,-0.05283760207825435,0.042367386474932614,0.015361111343435851,0.05911651438285291,-0.04156216554793641,-0.03207389791493737,-0.011221418979158201,0.22307080324203502,-0.024428088425502044,-0.04443640485674403,-0.0676065084548651
entorhinal-rh,-0.032027509393322114,-0.015379326756566522,0.05668441630495998,-0.02728293714763241,-0.020127262493388403,0.01158103129115378,-0.03650189353313887,0.06936122178610751,-0.04395211867739701,0.24011044008708546,0.00018506767431212783,-0.040062452846355796,-0.014187917681747712,0.011755999969474804,-0.025350176604520994,0.020885783614139036,0.0025032804610085244,-0.06802083958907323,-0.030269537785551998,-0.0014917734671312476,-0.032245842844558864,0.011970985074667964,-0.02626342588893556,0.03148043779592827,0.026994622639683753,0.06483309389401379,0.018501963166265106,-0.01994441015571992,0.06198472818964676,0.029136813517906198,-0.02965646050490718,-0.0757445448239236,-0.014463112279750952,0.0044346612583064104,-0.007682351081476247,-0.04248756391047018,-0.019713894915869393,-0.035016093776560356,-0.011723908304832949,-0.017428816278505316,-0.008753144382506052,-0.07502818150685998,-0.007842871312612668,-0.01070225669910277,-0.024278448388699324,-0.0033159111197222095,0.05153851149768416,0.021273724555243748,0.057818988290706,0.011693863369328044,0.0164110403783734,0.05788936856257776,-0.04026186009151471,-0.0013198148900588856,0.006198848273645741,-0.03216161491846786,-0.006710598565725737,0.037104840153933005,-0.015871026745773866,0.023544496202049313,-0.03264190886536982,0.005811087075520712,0.07271685230414261,-0.07860875826600355,-0.016174104097422873,0.0761076061462363,-0.032713511088254044,-0.027105591854669212
frontalpole-lh,-0.07216837056835473,-0.007936445736146693,-0.005787617998466867,-0.020649994362290744,0.008762776148155581,-0.04926442772449507,-0.02293820137838495,-0.03969796000624095,-0.02412081482004978,-0.00953293046982635,0.24305311530470602,0.02424084127293485,-0.041426410553510616,-0.007292684670971336,-0.02472532053187464,-0.013122079111104308,-0.009849562608159093,-0.028144566180148062,-0.0552882943919574,-0.010409849457447015,-0.07605632438737854,0.061331825757166045,0.02163967322863005,0.00013820956177105372,0.04370235100604284,-0.03993495573620557,0.00820623165356991,0.0529604440193071,0.10883121712664921,0.08763218584458446,-0.009852012563797039,-0.03836047513355891,0.03125959605377319,-0.01355308647778277,-0.01156578307207587,-0.008708769623136586,-0.047081961205535566,4.995058226162493e-05,0.05435545963647235,-0.030203163813400553,0.003800968998474132,-0.039854814722245745,-0.003911741339910875,0.04573371276882679,-0.02069714954595279,-0.06439976124747762,-0.00889917374763885,-0.04475180642507546,0.00047558528697898625,-0.07812307184108717,0.05337246078879019,0.026862572591915736,0.01768904775320199,0.00652600447375371,0.1283407517868094,-0.058254872530748715,0.11741874802001342,-0.028006918741844414,0.0520785296675935,-0.027517691199491774,-0.05135361412498053,-0.02355972193718471,-0.01713905634255816,-0.02016422732958925,0.002077782045546523,-0.02633905040783695,0.05311883966978851,-0.023014146981794135
frontalpole-rh,-0.06933108277011828,-0.005910436184073196,-0.013534787780835455,-0.03471635375126779,-0.01934026062455062,0.0017477429903782105,-0.005334718893919154,0.04238447253576054,0.006695754404645743,-0.0467183180323898,0.0063040488363552034,0.25126229206551276,-0.05537837037341673,-0.03323069057359812,-0.0015252281146579316,0.0024380181656224486,-0.02788166699756684,0.008174890042704417,-0.008618637434097407,0.00921845777484416,0.028450416640543298,0.0011847033617078183,-0.005353043772240128,0.08137105538171066,0.01968757686884444,-0.07258987699245718,-0.018556096856970267,0.11062313264144298,0.0026306738029743437,-0.0629044326896829,-0.07752509668505984,-0.05968327213136722,0.008384944522835364,-0.05979505373972016,0.021273838314801376,0.035930375518101514,-0.004888290457493595,0.006515162619580456,0.08737064275755378,-0.05726172092594983,0.06315629043506234,-0.0354500460414972,0.007251538813774171,-0.021797180010185227,-0.06175033023523405,-0.05786929947308062,0.0028019182892343036,-0.03181792565556127,-0.015441918006060392,-0.06899491492578327,0.02404275452565985,0.052343109245665695,0.10216819355623238,-0.021151413334195603,0.017079973697660206,0.04591033418387326,-0.004692236678392276,-0.009496613662039816,0.060619605571205416,0.0050192745974567375,-0.04604340684235197,-0.053975849128310494,-0.01497190547542901,-0.027839621790915446,0.04730748204527292,-0.010337363223307243,0.06855410116431856,-0.006195315107559082
fusiform-lh,-0.003325969177880492,-0.014583271139171357,-0.013356184564997119,-0.021629496776293947,-0.02422608634565103,0.04431163455019127,-0.03938247786080204,0.011248464037568925,0.15222612198854324,-0.0020777165036965687,-0.03591268449984833,-0.03414174845640177,0.45420267481184456,-0.016386453680670755,-0.08857689024209316,0.0025524901247739574,0.1973931825532521,-2.1380056773795245e-05,-0.06902102354536008,0.08792602302852635,0.01448646420329291,-0.012806282317801452,-0.024001905428351438,-0.06151744773568613,-0.0685631746318341,0.0167633737994715,-0.03641126006581716,-0.004967462567027832,0.002007115043556219,-0.006160845072777584,0.009329623864571564,-0.008704446865668741,0.057206981530996334,-0.017400577670352073,0.10984039762170185,-0.029780566672991574,-0.02796821023648826,-0.052690040369330435,-0.038290315382209617,-0.02192109548342856,0.008368184244423647,-0.041625016000084544,-0.018780774294679947,-0.021148860433384844,-0.023387095405894894,-0.007682639715558409,-0.01685721518644579,-0.03607430693433857,-0.056790194641341336,0.11985062968235882,0.03212703250106871,-0.011447404520734564,-0.0230599227178343,-0.003390254095026348,-0.04332311570004108,-0.0001920031846786415,-0.027457513194427092,-0.05345806659126529,-0.004086267319574478,-0.017713012384018696,-0.024658055712279567,0.002168776520054026,-0.044866261010574206,-0.061405903214869,0.00207275104734622,-0.018371314913189007,0.004736583881237076,0.0007817054848667445
fusiform-rh,-0.0998762462603365,-0.04730674675944343,-0.020303979003967777,0.012182054258755081,-0.034906224606978405,-0.02734573941581329,0.00040627570342959755,0.11468137877674302,-0.0229078384069013,-0.006318437675167964,0.013610964471401659,-0.02664129787798718,-0.016863431860150616,0.3049387530962228,-0.02168238660108483,0.05379667024176613,-0.022401511767297308,-0.09736373156597629,-0.022243061773748216,0.030510800887735934,0.014252939949132461,0.030268903996716154,-0.07726811823278916,-0.0012758310716548431,0.012540148070369822,-0.03259915366552975,0.024214195042495314,0.16995076380833285,0.0032119402886545646,0.03339269506806027,-0.03227214128617448,0.015072158245828799,-0.02652782106267522,0.0032392501012128514,0.05726630089963447,-0.03467581044332424,-0.01631087819933918,-0.10828730703208445,0.04830480563699142,-0.03837659620856005,0.022610533993172328,-0.037387523395056216,-0.005899515402882648,0.12801835984836055,-0.006006965585296713,-0.03808872887535523,-0.04316413975246286,0.01862841005445547,0.013495368486173368,-0.022794323303558336,0.05240040163145038,0.010352882403449988,0.04181349143487644,-0.025909037534624268,0.005293431660616078,-0.040244144743815345,-0.010701264057667352,0.051133216611202376,-0.0123279093183601,-0.012034706289104247,-0.06251780637933145,-0.04119564525336692,0.006455731150522662,-0.029394209335268023,-0.04163475179958661,-0.06839849372175376,0.0345487935349698,0.0048618361717419544
inferiorparietal-lh,-0.03145096667935262,0.018001129030438018,0.0044150884713986815,-0.024006364473876565,-0.043888144189936244,-0.024737007671465822,-0.09490799234978213,0.004336177779781461,0.007459198503095813,-0.02688050043494308,0.006540887505171614,-0.010067376503571267,-0.0854802369496568,-0.04042847786193812,0.7548948092364681,-0.03296920777879673,-0.06806337822568609,-0.026932386811056582,-0.030304474806244902,0.012583048794295268,-0.07193260309593878,0.003926899772219756,0.06300658461631264,-0.02984669775144536,0.02037925989085545,-0.03263121511246967,0.006718890234982797,-0.005599407529791056,-0.04131993469656212,0.002737852382343536,-0.013597193368871196,-0.03546805190648977,-0.058107327697587606,-0.005577833952353403,-0.02086770516213244,-0.018721189849679378,-0.05131624417564426,0.009960862284152508,0.017116452091963632,0.027451255571237555,0.012962163222307414,-0.03016756409003452,0.032726902773058265,0.002290845453916299,-0.012469114876078059,0.0017643843945002037,-0.042969961478061085,-0.06283030444419357,-0.02705724888977943,-0.0126319866839049,0.03240956664989037,-0.06262183033448201,0.016345493784478478,-0.028969696536776283,0.03287738870270127,-0.018658789919291627,-0.04387030675304953,0.0033458136254703656,0.20133314077260178,0.06503231756387083,-0.03261669342441304,-0.029124722195048684,0.10583473114317968,-0.030244282265775517,-0.025461722212627894,-0.03887082023622575,-0.03385376827574666,-0.008930412599931232
inferiorparietal-rh,-0.04069652680433203,-0.017449987563914554,-0.006886655492208296,-0.006549915130046972,-0.006196191590046821,0.0328661870475791,0.04388222326353181,0.0525511647726122,0.040002795359488384,0.019791533986753866,-0.004827049695173282,0.009063676667271188,-0.049234499257813466,0.026452421249954422,-0.026595085880094526,0.03506030862077844,0.0007709189675517178,0.050285217698760244,-0.011546026606057006,0.08889719250605399,-0.011420807797535983,0.04957158095687819,0.0060113209851788245,0.05129419259367626,-0.05769111845881664,0.028555984013356083,-0.06537052837148855,-0.0012937959137955903,-0.001899177452431978,-0.004472014578338228,-0.02507738994922759,0.04267940320569381,-0.010890726642357185,0.010876388556665898,0.02002012991347371,0.020876961250291075,-0.007005958439652889,-0.03515595436132761,-0.035875809586228824,-0.04593069377754011,0.01538860797643062,-0.04399082690142368,-0.027461123204397583,0.07778858924925941,0.018723620296016912,-0.0331072823144406,-0.047108196832084705,-0.005395607714033151,-0.030986850367251045,0.0401790127404761,0.039381233978447484,0.07088166367904973,-0.036047904254069355,-0.003639969849852848,-0.012191290791613706,-0.02597371011578182,0.011289695496582458,-0.022229809953958523,-0.06859542114738887,0.043816073376116274,-0.046857118052277005,-0.005744707397228315,0.00473347391452231,-0.10437692281004347,-0.12557294502061397,0.05536590394214411,0.06828608667573328,0.03600203713455893
inferiortemporal-lh,0.005192293356041367,-0.062352592890132945,0.008989486131299964,0.009518348575245748,-0.016173791462242893,0.05341970527681629,-0.03730236015305409,0.0056361958163198035,0.0812583345361528,0.02137791827541949,0.0033794216589251515,-0.011375401600687778,0.1099611620290568,-0.021981952950319083,-0.05641386753858295,0.017057552102852626,0.32904535195901463,-0.05224337042060401,-0.01704331722395367,0.06325641002129317,0.019759362329956103,-0.0372789226696861,-0.01991905320085763,0.04535857492840126,-0.001209828942433308,-0.011104082130865884,-0.03133472066291969,-0.008352360201055049,-0.03864484326572313,-0.009218242176216482,0.08312731111207755,-0.05765256884752314,0.020890137415917387,-0.011982098632208945,0.05804832247232455,-0.03931975544706047,0.053060243012712005,-0.08433454911504824,-0.0532666120838693,0.023322249606471026,-0.01260641201286878,-0.03145919892745466,-0.06680866908942897,-0.0022668893496397913,-0.03999618588530011,0.0015880446618695982,-0.05010987976927716,-0.047358649841933845,-0.008535940167166365,-0.014274688250196248,-0.023165551124456025,0.051187742610833566,-0.06867391178545687,-0.018381674815727993,-0.03820344187372658,0.020475093779427467,0.009127648460707516,-0.026588461623829475,-0.0027887603782298415,0.003227465572171502,0.03603173178039867,0.005690171890885095,-0.03800881266959403,-0.05382471238700139,0.12574827786968623,-0.008516528780341695,-0.017613285762772577,-0.017048611132830366
inferiortemporal-rh,-0.040024355233610205,0.02071224062224065,0.004182989665244302,-0.003504109759608093,-0.03734481931368728,0.011483053736934834,-0.015347970891123112,0.03963680335493751,-0.040917870824775576,-0.08935026057042796,-0.005875446232472778,0.006406813619741044,0.02060053205464753,-0.09260615856127428,-0.01409281756168219,0.06909320190147267,-0.04536490041703925,0.37892724866375344,-0.019712062168922722,0.0031027226679493365,0.03483537521344511,0.05372309879141841,0.002542266389446576,0.0334996303011463,0.015306718769604525,-0.0019373866693303409,-0.031182095374682806,-0.013986559489297019,0.0010515136236912386,-0.05314022436828101,-0.037875797573072176,0.21769196843625108,-0.04662429376328353,-0.02167252033648365,0.0006444071621835519,-3.2287035379208905e-05,0.04020216571065636,-0.06017595470089748,0.016548733639092518,-0.027906823028523733,0.08842233840312458,-0.10473919222862459,-0.05879956283970964,0.028988948904752846,-0.019567360210922483,0.00936551713648275,0.050855934484810524,-0.015509119324110783,-0.027926603258099685,0.0023884886940593554,-0.02171327793662028,0.007173915118481794,-0.049278314748362605,0.010079972412867962,-0.009932512591249307,-0.03399144144036294,-0.005512875883607726,0.002330254976873596,-0.02994698680521306,-0.030873807280505847,-0.012819520034997875,-0.0654642815403631,0.018943477908176375,-0.04812551638131273,-0.02807092569021132,0.009226320694903985,0.027930737881404457,0.03504862112833317
insula-lh,-0.015920230581584538,-0.033647143684716246,-0.01865312593483382,-0.035642262743167945,0.019880580683103784,-0.021536248387312877,-0.04015005843680569,-0.02685391174986746,-0.07464283007294628,-0.032222494919061886,-0.048008675337938025,0.009867686745011222,-0.06973524956560871,-0.03003871211477681,-0.04306642162865734,0.0088046443756734,0.010997364749444884,-0.03764782150185193,0.6694463253507965,0.01425660683766533,-0.06916475488040075,0.01010896915740139,-0.013488123726757001,-0.07569098292521532,0.03890313662541368,-0.012195376770684507,-0.07189578111775156,-0.05423094485163265,-0.006899574113056511,0.05847074080765976,0.009482691580366333,0.013368887605514163,-0.06634826143513671,-0.0502616536955635,-0.04913218940271153,-0.02297838926176162,0.13143662251073915,-0.044928902141950854,0.06900588687119633,-0.01133723043407668,0.008177436476708357,0.03030514751807119,-0.01385711121115043,0.03492262307631269,-0.0016993136384590545,0.02023057823347337,-0.04013211960007287,-0.0064961163055650235,-0.047101411407684604,0.09419127236195429,-0.05614398973894238,0.003653724498794573,0.033215851271601406,-0.0040140795835855395,0.001606521412636496,-0.0390261982318999,-0.0258532303794186,-0.03673358798631283,0.0475648696896021,0.03062841198583558,0.039379361447124436,-0.015247557832883884,0.008064672950073088,-0.055436704946101735,0.02114235248090093,-0.018756181634491803,0.005322180307609568,-0.0056201936982866185
insula-rh,-0.020555217582958845,-0.07273522426945064,-0.04485816095439565,-0.02072539215162902,0.021631402298949987,-0.043557188077303924,-0.02974421491922348,-0.008971966216548003,-0.0325147546179547,-0.07812730845941539,-0.03142616055139247,-0.027479023913849723,0.033507991859881764,0.0005042213563944127,5.009885955234806e-05,0.06730330095996036,0.043945825446156814,-0.026185272537508204,-0.02468494445762959,0.3764089728882584,0.036475645046690444,-0.017152458463703286,-0.07269140462616383,0.03095073641587618,-0.02850512260745633,0.027754398188155123,0.07294178221658928,0.020108328873575276,-0.020821606683938565,0.006123896956449136,0.016016037102191558,-0.05354853445132405,0.01563927380362849,-0.014671371585332065,0.015043480049977746,0.007594016071095505,-0.028124311893555694,0.01122163656091468,-0.05772716349536825,-0.010682689654188086,-0.028946751849425398,-0.04062257075877241,-0.0005742387804467759,-0.010828066941148412,-0.026711092487028656,0.0444147339215546,0.00555357978103417,0.0009365316892555718,0.053921749904664903,0.0036248045419656014,0.09736473599743704,-0.007230107500506728,-0.002751130479824351,-0.06639678106839011,-0.014201899311276536,0.005503533522324525,-0.02797794444728531,0.017222144815007317,-0.032003329584347706,0.016251755457227877,-0.0016293489382947386,0.04323644996372194,-0.023381931149975006,-0.016362960558027384,0.00859407558102189,0.026550500075777576,0.037282862228865725,-0.09857085640911695
isthmuscingulate-lh,-0.06706073142918906,-0.0736081861380508,-0.0067002112613748135,0.001819211441432289,-0.033624572847105356,-0.0032235377738122455,-0.041063218346632076,0.04875723171852681,-0.02103253316739403,-0.013279537241014334,-0.058830167340410286,0.0198937671872529,-0.033840074637525565,0.006008327803785266,-0.07056518222989858,-0.01114528310458676,-0.032970245574865796,0.006463678835827267,-0.0522219055196956,0.03037602773539886,0.24721093375701608,0.15147527458694476,0.06750642813947953,0.03670533857373262,0.005797695520282544,-0.008257765524347854,-0.01886544108556648,0.06737372101850482,0.01191510322928476,0.03630259450573099,-0.03626697382971228,-0.04472265751698802,-0.03474317741929182,-0.005769281737267295,0.09359969427394169,0.06539963386681107,0.026711024856228862,-0.06514668718448853,0.006125247727180608,-0.036434257897072025,0.08417224139026906,-0.08330314338466495,0.01473679931007213,0.13351797038021251,-0.05903901260467275,-0.0071975978716085996,-0.03173914717542298,-0.014960948889253534,-0.027959445026894857,0.022093124521442433,0.020131040582166627,0.07210543327827727,-0.06442224444197354,0.031006286216911323,0.016246634331066778,-0.06237723882623132,0.024812974874349185,-0.005807976741076154,-0.026110697767016553,-0.06628939494599176,-0.09323620218921365,0.00932095857732077,-0.011676542707151964,0.005505637163713069,-0.047247705987032915,0.0018354700170916647,-0.004445887592351005,0.010259309536591679
isthmuscingulate-rh,-0.0383995923904307,-0.018216878709681417,-0.022018238485914228,0.0004093649591983544,-0.061333448715540445,-0.009037941188477765,-0.03483859241614203,-0.01678208057403477,-0.0024239841222078273,0.025752471795984947,0.018506784445249592,-0.02135246176823376,-0.06499401214436035,0.006885258891626178,-0.009297125294929308,0.03833396355392587,-0.03720056234494703,0.006166614672305105,-0.01540721391609559,-0.00860087252340771,0.19617048372919324,0.2826014171763327,-0.027734787631987168,-0.013841650219029656,0.006319412119110666,-0.04715200636774794,0.00015555106935883384,0.048067971548430004,-0.049243317059717746,-0.032669804877485255,-0.11204467070967329,-0.005030383435518446,0.007681080493384011,0.06942663135253374,0.01430000370374909,0.05414866495921769,-0.011988639161914328,-0.04224841727783983,0.011092644393388959,-0.05254396296515997,0.03534411622106016,-0.044636860001875556,-0.057427602298269466,0.11620725539419938,-0.024212117107224082,-0.03695155912399336,-0.02417684443664067,0.012346617108554512,0.020413372618910082,0.04909008532881076,-0.030569150219445104,0.08936855607656694,0.008411917855730432,-0.08786426692377021,0.020551534250555562,-0.015465632894245018,-0.00503385605184729,-0.039233371999106405,-0.029264612935274287,0.02613582968314796,-0.03185261098838615,-0.004912035513310932,0.007938955321672313,-0.009910396360656154,-0.04179894273842779,0.019847603232782986,0.038390276171315615,0.007646065766653366
lateraloccipital-lh,-0.03769962084820649,0.01859745131186883,-0.032401698094363905,-0.01761794147716806,-0.035928115472023195,-0.02039980332519333,-0.0035810939321821206,-0.027123959638443832,-0.027902602345365162,-0.014584592841794398,0.016204773306103315,0.024614891705598243,-0.05557951691699708,-0.07262732028525433,0.06537282837325775,-0.0009651172682620668,-0.033495061667744574,0.0023841689812395743,-0.007620926362903109,-0.016692703620920273,0.07918965085702212,-0.0018580946256340843,0.28758225750607364,-0.008193555242516443,-0.03264471765782358,-0.04522678127347103,0.04507639859010667,0.062372670607602244,-0.035112565067013594,-0.05771541798012462,-0.02460833837845599,0.02014853066782112,0.01127142375823928,-0.008375149886123276,0.014264112262699065,-0.029911662724501423,-0.016877766364951932,-8.54679607242584e-05,0.017599019344611853,-0.0448933942365216,0.005386712780109259,-0.03081569252892039,0.1514558392075703,0.008820701211467665,-0.020216588930483004,-0.013926441305212896,-0.054733569837161065,0.007130070255100955,0.0032546559916890043,-0.01753134914535272,-0.014823426019537575,-0.029727813645773895,-0.001260648182431493,-0.06342205610483019,0.019476336916417328,0.009740891444189385,0.04065624996532817,-0.020590700607832392,0.05230093347310625,-0.025072736507141986,0.011982396769144671,0.01373707863122062,0.01936759480750636,0.029073220510316626,-0.025349840668767644,-0.005288440016654717,0.0196472186448651,-0.02422578888549164
lateraloccipital-rh,-0.04287587083695663,-0.004954675480977941,-0.016141963625625474,-0.021649818643939577,-0.03482818889362155,0.01140803834582485,0.002907534203158498,-0.019302711137625633,-0.055333043640279043,0.017125788405523965,-0.02328935224508467,0.08296579727821464,-0.1021970150137338,-0.02214101521382915,-0.024313247712994396,0.03682370299062119,0.0104817282649272,0.03869935307540821,-0.11118800388360923,0.06280122869776587,0.08778073080904063,0.009259770450127436,-0.008106876013762225,0.4464115541541738,-0.03563382296959052,-0.00305378842870649,-0.025559909259154804,-0.004452758126613789,-0.03479090134045334,0.03423836721733679,-0.06198813209691054,-0.03610769700971672,-0.05781559494729506,-0.029689579883669753,0.0174405097275456,0.10347750979718343,-0.002097063149918015,-0.045184395043696715,-0.0008097639580478427,-0.014127940031436819,0.0012390072087636926,-0.034692830489510426,0.010511970306575615,0.034103177080596694,-0.021938469845048686,-0.013817440424447387,-0.0676719999405936,-0.021703710618306844,-0.014911715191861215,-0.0493013823705545,0.026569137052231732,0.03804608613586977,-0.032531041898947316,-0.032450515038550974,-0.013842123136479546,0.021963695628682868,0.025200563413606623,-0.0031137687250333917,-0.012648908591921543,-0.024146587735057096,-0.04059553702201843,-0.03912445781510076,0.027553933604656463,0.07750380424797551,-0.05030060139231592,0.03518788582778284,0.03953481861602143,0.011188526283381984
lateralorbitofrontal-lh,-0.05913437762139519,-0.005462270221513688,-0.026635007147475985,-0.00030908218158388564,-0.027594269034983035,-0.010136402648696875,-0.050978061503829976,-0.003928438393605763,0.017070037192702947,0.022229265740046716,0.02127985157680531,0.02891990487446291,-0.13070479885463537,-0.017625296719540228,-0.009260827935909198,-0.04174931415138707,-0.05128119532838344,0.006545900395291253,0.0008165769729274343,-0.005762220743579365,0.0009932290149816936,0.027686044179250965,-0.05077040584036249,-0.05150573532982886,0.5128710660432365,-0.0051064330264070056,-0.03436797358996225,-0.01623246308054665,0.06902235258903987,0.03504953263626488,-0.0483354023434992,0.06717477279188346,-0.04160352116194099,-0.05144144794704606,-0.09012131183733343,0.025968978903473237,-0.012749028055148989,-0.006163633950329698,-0.03929711866940701,0.00034381999079699207,0.06373734833703383,0.024432169380390275,-0.04960774219151809,-0.01988697614311008,-0.04616362923633442,-0.01731454279478798,0.007082961109525688,-0.032605207550982854,-0.05729507804373169,0.028202564328977508,-0.005487209256956766,-0.006846749245138277,-0.04995293690206444,-0.011221601158992445,0.14686607751190559,0.009283552802121738,0.031881443623323305,-0.02203865396585914,0.0075628171107003875,-0.09626867894253245,0.02864622131730158,-0.002846516129564817,-0.001266409941411264,0.0272709703648879,0.06318594075459674,0.03688653445529454,0.014867531983057528,-0.018819497158964475
lateralorbitofrontal-rh,-0.07889992904252624,0.08089850187237554,-0.0031463625437128987,-0.0627625968824209,-0.0005433991072071082,-0.050999237170634495,-0.06061775965754817,0.03278364298450132,0.06682606478461771,0.06707278724695154,-0.06739311375846718,-0.09180394902608643,0.02735318491828181,-0.03220664716374554,-0.05647220714725455,0.043023852778897954,-0.005631084091677145,0.014090604316992293,-0.02051560539212618,0.07485234592939578,-0.012793962820731636,-0.05708783793007225,-0.09782877239125837,-0.02074554879013311,-0.024354084451601716,0.4235858326707204,-0.021888016332044076,-0.008706242614976333,0.018692757274787322,0.06518243580074595,-0.03150168947227482,0.04857872069326193,-0.014507260568556718,0.006690101726814943,0.011964734344480449,-0.002302383679007481,0.008241324604732921,0.05232002810661214,-0.029633082561539223,-0.008914262835349246,0.00903043658250188,0.03524713382459405,-0.08780482760260652,-0.006874298241187726,-0.02040073131384726,-0.01639202743474541,0.012772499750656018,-0.0475974655210389,-0.01064447394867011,-0.02628181230660809,0.06559684761351865,-0.03256598024884764,-0.09056337690522206,-0.049199029328166034,-0.07357793516777728,-0.07796880050073321,-0.011504175600174065,0.03487966269953532,0.03388053748213591,0.03585101917474829,-0.007965925280814919,0.053226802402237726,0.016297606907442776,-0.0012219677229753565,0.005619401063433744,0.038101249964886987,0.012001722615144303,0.02715602241936079
lingual-lh,-0.026843241693805357,-0.012026492940432254,-0.0040678237208458265,0.010449444742787748,-0.05012127051662206,0.00401496601819634,0.021665302524828182,0.14867792928910417,-0.046382619521592484,0.020806266621781495,0.048438478413402986,0.012258162585047609,-0.09126695893705408,0.02429800335668765,0.016200129088791888,-0.037137811694196894,-0.01887061461583528,-0.03886994808311028,-0.06687146765888662,0.10119819529617007,0.006212513727016295,0.001048235285889788,0.08806762411492543,-0.001153965850909819,-0.030479412368012323,-0.0005257360947663341,0.13024477328668863,0.04660144645690611,-0.051288569039018614,0.08114592408291835,-0.04377061716649327,-0.03467398348478091,-0.06107146752746379,-0.039471308749629154,0.018969890171623677,0.06639110885400495,-0.030600149237725225,-0.12425719525618852,-0.017551304719158254,-0.022457057766599314,0.03453274824662589,-0.05231348079084765,0.16171643609067904,0.15231324980615354,-0.03415021087708758,-0.04676158829279089,-0.03914627644683156,-0.022329606959618897,-0.06261781486438601,0.04425637828957548,0.01475724563539534,0.02081556741385241,-0.01320736608346379,0.0011643951326172023,0.0315578852335485,0.012969661050696019,-0.00894354899918011,0.0141714576407485,0.029443649894230154,-0.03837756640664234,-0.10316561965192379,-0.009392040251205934,0.0026496572830707727,0.06320750315206979,-0.04528361008511709,-0.0366415430652466,-0.05865387646731158,-0.009501062901253557
lingual-rh,-0.036542752879062224,-0.01232907256138792,-0.0001387789329221135,0.022746308846393545,-0.04096179040582726,-0.0025841824790838867,-0.08701921802773913,0.00589760758356588,-0.050762076511532396,-0.04287952038496095,0.03703370023615842,0.09052651469356904,-0.07536929240114523,0.11530375433018157,-0.012572058719394505,-0.012700977995543473,-0.03158419492055092,-0.027857842664680922,-0.07890998412082585,-0.00195535689564014,0.07861292526444465,0.08667740380353631,0.0409145950960299,-0.047726659899336527,-0.016482320322953287,-0.006912773108743225,-0.005481478749110592,0.27961773730585754,0.04156287252235004,0.014363915411355338,-0.06916522195025607,-0.030861108464059026,-0.035280536353839015,-0.014310673343739274,0.07620732163753026,0.044091913498123976,-0.022530361812986406,-0.06179884614561839,0.07774509797766276,-0.03373317759284888,0.03298711814229999,-0.05092518797549397,0.05076527975587932,0.02838594414232654,-0.01658254838553494,-0.03570681157345214,-0.03402794665052128,-0.02692910650741821,-0.03331497647848254,-0.005115311869924417,0.008512025788909767,-0.0006063375168368802,-0.01197881549288561,0.018833355965344654,0.020874167293348758,0.08413471718816261,0.031934324077319005,-0.02770063230322523,-0.08389549450867344,-0.04233614632208082,-0.021043116411812418,-0.021927544096809398,-0.002587106864218113,-0.012637159524563202,-0.06078631821517302,0.0661111138857546,-0.02827200937250669,0.020983113267295333
medialorbitofrontal-lh,-0.05355615773599452,0.030497880846096365,0.01001354517709176,-0.004168147413922987,-0.002247366441787298,-0.06665982642527114,-0.036632254740403714,-0.03692088877409135,-0.02571986989205046,0.04346369495318838,0.10856759802829966,0.00353578027585523,-0.04511197392455746,0.007854589545282493,-0.06221838591022623,0.003839455906839021,-0.0344082685212793,0.0014172455959839314,-0.02768319923464716,-0.00033353432412388037,0.02805227962203306,-0.01961715070250066,-0.036681260200251274,-0.026112031166829648,0.06773176740670969,0.02531097791381108,-0.03660801927411349,0.04870413613654621,0.4381396746415417,0.020584003623227695,-0.05600543650765545,-0.00033335258485306255,-0.01792366141488042,-0.01939717135099909,-0.008246077315705154,-0.016250238280867045,-0.03911966668729944,0.022055022662281713,-0.03952160981106652,-0.04880487314530351,0.01745597143726025,0.007225589928997463,-0.01055756564845354,0.06460113741822414,-0.05446091996937546,-0.05025342065804872,0.04524021770647965,-0.0811835202523206,-0.03559580636950048,-0.04356286045178043,-0.037614245473334994,0.01968980364864462,0.06649962860332183,-0.02926155134893447,0.12458166078147208,-0.02180233024203375,-0.009109370923704629,0.013612656243552786,0.06849540375103137,-0.05800835293965344,-0.013776178825103439,-0.016501583692401914,0.0394027523279546,-0.03438186287428465,-0.024084579933271868,-0.05645470667565142,0.037736513240411024,-0.02741970936360381
medialorbitofrontal-rh,-0.0616627290429125,-0.0007812881012718275,-0.0332346792824494,-0.006308758028246887,-0.0028641274146117687,-0.028151045428646975,-0.034766385730430206,-0.022125319720794765,0.003827872708649563,0.012082873522767747,0.0363756211939176,-0.07338010789902118,-0.03974261853166202,-0.008748996693431613,-0.04393341281695944,-0.015292437739273473,-0.055331255539432085,-0.0647038005709738,0.0014844793257746119,0.03208046906631213,0.03298344931568054,-0.05088846844726655,-0.0869385158519331,0.0045696886839128505,0.012301544829876084,-0.006750777712278307,0.03926994296706761,0.020675047245834823,-0.04957002461417631,0.453101253144053,-0.04596511273051671,-0.005112662829423245,0.009199549077930391,-0.045504219377160725,0.010121280739096862,0.020479097679903892,-0.03705381574295128,0.011620494685279828,0.012893977829560454,0.005380171347370471,-0.013281872828634899,-0.07020474308655338,-0.004313241826716477,0.029935811032546264,-0.030988169030976523,0.006908208881377977,0.012490440913527742,-0.05000320471707972,0.06211718847847068,0.026948612339635233,0.05180945504143009,-0.03092312714171935,0.002985000891065966,-0.008393956669621207,0.01200452792916391,0.013627669927809956,0.01856562024903688,0.04933206155678019,0.014234725054744159,-0.05714267197839471,-0.06293134723455773,0.02522026931052337,0.00368983468537056,0.021289372735305526,0.028021882756734687,0.050659406956462386,0.026514681816497264,-0.027808689559393286
middletemporal-lh,0.058964039533253076,0.008897975955168346,-0.016394261910450562,-0.0006558153875224711,-0.036384524657307044,-0.0012275910944200077,0.007435574255553116,-0.01060196803838018,0.027885145634133076,-0.023997305721480736,-0.02223411903066607,-0.058893301692495126,-0.020009267098919647,-0.03890437802009929,-0.00641373627233648,-0.0005666666261436674,0.07629712061202894,-0.041902507716780994,0.0032966215755927913,0.038672763695071395,-0.027270457360055775,-0.08046949518318541,-0.024433738064867015,-0.02370246358035609,0.013478655390621005,-0.033803936513225344,-0.026035220403729024,-0.054555709239960386,-0.07734358795977173,0.018848964029990138,0.559216891586179,-0.02425100851140744,-0.0117270775660572,-0.0036804655798049323,-0.002416351518669156,-0.05158357128106404,0.05824626739948161,-0.04224038129964699,-0.004076623895164874,-0.01245085840023737,0.002369557583456185,-0.015497785330538333,-0.041844446947835165,0.0007859319724252814,-0.013148300304706604,-0.010810023928972476,-0.06053722735494084,0.001502559423732203,0.0001834813153542901,0.1058447790818337,0.025399078534384768,-0.0068429036538712905,-0.012963190689363134,-0.02823385839920246,-0.003892366188533248,-0.029600528738924027,0.004384819940915362,-0.031246359906372912,-0.04451866912546348,-0.02672881817841573,0.01744140867976245,0.04412176538432343,-0.03732763588251106,-0.03299701444136806,0.0739545425123155,-0.006536864294810094,0.03793703941158284,-0.00421260051712456
middletemporal-rh,-0.023190130029391718,0.04177706266001237,0.007506213186852326,-0.009490344346742681,-0.011367290332059507,-0.0028464739024047876,0.021540443604238,0.04392011302018087,0.026486702098998255,-0.10069371454081139,-0.043070196571514,-0.05382887806331977,-0.018344478313478692,-0.004606400303450076,-0.06592679263404004,0.06862962096609518,-0.05103701573096489,0.18855600564665745,0.02080674633383532,-0.027922484105466622,-0.0191062310762555,0.021432849902438315,0.010582294758149546,-0.020685723438877406,0.055583095554392815,0.012572703285775096,-0.03378717056383271,-0.017680537801431577,0.011964102129419034,-0.0035635131606486553,-0.021783031485601234,0.36825204539891165,-0.008600617925573968,-0.020671259179503555,-0.004908878366565906,-0.06496563459082058,0.04771031517392443,-0.06243940445027226,0.015963286939392966,-0.014348696189523199,0.06441733357475753,-0.10663474669978557,-0.0333029391671964,0.054836752697729654,-0.007778941382825339,-0.01069354403659982,0.035859438063977296,0.003915398083127549,0.0650805085596661,-0.023858736701297765,0.048156172507603005,-0.048738254047131065,-0.060296715911285256,-0.002311906648110584,-0.01152457384145411,-0.07222602068144751,-0.020287688951656814,0.009130583956477777,-0.0025319523090106444,0.06404326810233225,-0.019032534512367846,-0.09530610908497286,-0.007827339090294323,0.0016705230463310312,-0.002605347844907197,-0.14258320964885068,0.0031581480090533483,0.058853730401415394
paracentral-lh,0.0006469863553805641,-0.032830183446197904,0.002555125080804,0.036624000699572855,-0.024902141545619493,0.018001166757090355,0.010641942218827761,0.01630740607115268,-0.0025641694420202883,-0.013249297340969388,0.059907524668352585,0.02861592259065597,0.006769792189773071,-0.01759139388227258,-0.07100503596777928,0.003898003484040914,0.006873201392287343,-0.07398306784880743,-0.11570481120155598,0.027467539125142826,-0.0042170613983737665,0.03441759819734545,0.033427262686822536,-0.051832922262094974,0.015802722931880467,-0.008148603821599952,-0.06629220599884193,-0.009064983719711314,-0.02381508360244474,0.046274225678911755,-0.029488154653094623,-0.0076482529896717095,0.6388033057867344,-0.013930736939403107,-0.03342789033861885,-0.04609262192344046,-0.015299447740657269,-0.06594867403739434,-0.07876595088737905,-0.023172082018481387,-0.009454291643901536,-0.06411894339323945,-0.05826510133701109,0.027966419076414138,-0.029572604450410406,0.03536888733763365,0.014808532442447994,-0.03277769202486523,-0.010905924405251184,0.04228567672070369,-0.020617861050393194,-0.010466664510380818,0.0468066029815451,-0.06523007510614637,0.012431412489162783,-0.02986248400073775,0.05584326161799794,0.08021747193290472,0.00601325215633685,-0.018211630827824465,-0.02753976697982568,0.041520417297844975,-0.03428953811745574,-0.08028070720534661,-0.044798353455727885,-0.006149506445531152,-0.005720647080950755,0.026940905073661692
paracentral-rh,-0.043224100703137806,0.022966285554130165,0.009156236461001206,0.020256344104741305,0.01732479005685676,-0.02976459973814363,-0.07158548502378227,-0.007521063641546361,0.03775284398573678,0.011227018020095689,-0.005171398493575319,-0.04272421656816783,-0.052837326628308104,0.0021243633315033068,-0.032637767383033124,0.019923015855798788,-0.033386691584657,-0.029774461133168603,-0.06990322534644713,0.018495359483352226,0.00028234951777033105,0.08108702823299115,0.0017639471900709365,-0.035686726826109474,-0.0355200942062499,-0.0010561505445144817,-0.047689896292269864,-0.019820562784519838,-0.026247767595283956,-0.025057135706111087,0.00309136817688074,-0.0055186764357180885,0.01248365656518103,0.4352205231091854,0.03816801691368599,-0.0028274195856606878,-0.02884037016339292,0.0392378409760602,-0.03385505742473202,0.004135709491941455,-0.0005632745131005961,0.0047191898124225385,-0.04224905258011079,0.0014640986981018815,-0.029485429362901838,0.007087958982809624,0.009606959982174389,-0.007639664393727537,0.005837612111910399,0.10364709319550938,0.0005552041773380496,0.009141098126043232,-0.024477344506643014,-0.06591218804689629,-0.003338274006956255,-0.01998906640801703,-0.022952202345042506,0.014648664923484744,0.08637661195145614,-0.016870463977318353,-0.046972900076768874,0.01036783325326657,-0.026099256710009146,-0.08107387131188849,-0.027413333046643836,-0.00564572665208822,0.01621865280085801,0.05696456670428378
parahippocampal-lh,-0.02104322829249975,0.0027885983381337773,-0.00922426118438664,0.018022781391751702,-0.029455283444264742,-0.0147930510447477,-0.002129169074810638,0.12003645842909824,0.09450360886646267,-0.03162466666086994,-0.005219557466646578,0.02836038400131271,-0.07328859995823338,0.02859695760273984,-0.04205130196887949,0.008696227707481501,-0.002445526321417564,-0.025812860692804453,-0.15467146459604114,0.015443762839732172,0.11142585425039508,0.022101683443623243,0.039409861050053674,-0.0018116036785238174,-0.06792193099208131,0.006419801789800436,-0.022764681851667377,0.09869443720332914,0.015856750256096782,0.03493565998021247,-0.04318977715643195,-0.004737643798644687,-0.0442056157578684,0.03821852158967869,0.11742202999262334,0.0011241329332121119,-0.03934162557374548,-0.04426676551943459,-0.024581429020676948,-0.02765051946538356,-9.956991770330192e-05,-0.05302317541789065,0.027254131048774898,0.05581443638959556,-0.03060337552823272,-0.009221490933347391,-0.029203928663168593,-0.0032231494430954495,-0.08376722412719072,0.016549457796788455,0.060869094353006616,0.08114296955382092,-0.028119113383341325,-0.022686039461824705,-0.0006006095792955401,-0.00930375400549723,-0.019265171310928787,-0.013044448805046658,0.03126440043097291,0.015095012852366228,-0.08126069789452295,0.04494209338333435,-0.0012811719815653084,0.013339991940817385,-0.013946936408922098,0.011941136427519858,0.014040322115197627,-0.04343013757629889
parahippocampal-rh,-0.02677646278121533,-0.03616282928559822,0.00815731249545847,-0.01908833361362012,-0.03708678385591397,-0.024020601919994444,-0.0060681317370552415,0.18951565451356484,0.0063995608057013055,-0.06057770232216724,-0.0037654626548409217,0.030720350853562648,-0.036221076561121786,-0.004667190718629185,-0.03450533741357463,0.028993488763965763,-0.029338869094122286,0.013672967307287329,-0.014522988290689988,0.0573658597390275,0.1105647351321569,0.05025399841644648,-0.029498641074671213,0.09144675246971763,0.012291879563904224,0.011279076167953978,0.048042021943978164,0.08526972310984159,-0.02163767239628261,0.04701112760208874,-0.07414177615897058,-0.07578950924965412,-0.046793729515253416,-0.009143823253807483,0.04801543058645024,0.12446123398374007,-0.04571487157119573,-0.08218114416027815,0.005439501646178088,-0.01690272076742939,0.06963202573719972,-0.06559307761093089,0.04094849434877227,0.09797404858496733,-0.08573423491220303,-0.018984767237136255,-0.025444558458153833,0.007226792038438261,-0.05063175072694544,-0.023101987303710252,0.009401123412872078,0.08975809756615262,-0.033468774150802696,-0.015222062316100649,-0.020774534058664276,-0.018096347294874277,0.016514523054125988,-0.030736791375875996,-0.0005793608881614504,0.04190847424344188,-0.028364735092216507,-0.0422087284016064,0.03729583870525191,-0.06639534833271882,-0.0587545716613652,-0.05742973023530279,0.006804797690234218,-0.010237872029625401
parsopercularis-lh,-0.008333915311863522,-1.4794746858648383e-05,-0.03458254875014559,-0.027490077773067372,0.048303089515215135,-0.05037521616806985,-0.08348460709056012,0.0005983270880740933,0.01269618914117898,-0.023605190644910443,-0.03934198440818407,0.0005072352092577174,-0.06157263985076215,-0.02566028420274055,-0.09503367565671447,-0.012107178839080667,0.05079563516875567,0.05634431470964595,0.19747483790130504,0.008504226932678171,0.016523814761504642,-0.019086255639295075,-0.024864700266361672,-0.021004067708832157,-0.013112143043191755,-0.0019074901531240763,-0.047073099801527865,-0.028596525358361186,-0.031100413522297157,0.003668911658402032,0.06308265890425942,0.06112082985334462,-0.01662777230991746,-0.042186631119769724,-0.05494149668316468,-0.06638765535609269,0.46637648688564753,-0.023605190644910443,0.020945313968890253,-0.016288807533509572,0.05565049636414948,0.07757751736518802,-0.05025781693300235,0.023992274108057172,-0.09092573848687913,-0.0013818842521829881,0.009163538377087553,-0.11033438198214053,-0.18021573543199598,0.02225430693494316,-0.022810403081108745,-0.04150993091879641,-0.08447407295650652,-0.04436545236853555,-0.053334010904347244,-0.0018494438703745158,-0.07018834348070081,-0.09462505147512082,0.0751802774065276,0.018213265061591218,0.10190046005765971,0.0732792858082688,-0.016502335897238467,-0.004538167789942985,0.2153888331069861,0.0045800430703121595,0.05753689037575079,-0.005961927322495152
parsopercularis-rh,-0.006395601652618367,-0.031393234016998,0.06470835750508437,0.05510608418874333,-0.0232426319409596,0.020611497302185103,-0.03638805679730319,-0.0037060671755087078,-0.025649412027399947,-0.026344477160922777,0.001291863675799179,0.05232275753456103,-0.056278476536062313,-0.10826323364720344,-0.002043893311976171,-0.025371044210157706,-0.08537015137866064,-0.05384170597500203,-0.05601536044565163,0.07120190668613588,-0.048827209201231334,-0.03888757181921404,0.015958308430624575,-0.03513884888260467,0.02609983157638405,0.08315002217410092,-0.09481811950602523,-0.06610902566935986,0.08585703982698892,0.03003599131151163,-0.019775244904308546,-0.06879281348757611,-0.05099315649836829,0.1046458445639474,-0.03740706144434513,-0.0824307587240496,-0.017707326563393515,0.5421959703403003,-0.0518540367482405,0.1496403401503411,0.021546481755366022,-0.04501103199322373,-0.023937234004328397,0.006571459921890768,-0.017159954618794212,-0.0037996303691654816,-0.03256954121598135,-0.02435424436110135,-0.03729158639531809,-0.013531683692416833,0.020057031439142,-0.005002386181860984,0.03514887558119469,0.01619046579994245,-0.02076802613738399,0.07127439647923689,-0.0022264079261170235,0.06500326196454054,0.06879664954073944,-0.04370090037939114,-0.025537622611237577,-0.0071924104200928275,0.015264394637155437,-0.07221936150578889,-0.03241212795600224,-0.01949647257741011,-0.05138517620901721,0.007961485893856675
parsorbitalis-lh,-0.04955845354989198,0.023890393080245678,-0.03689018587369561,-0.027713850343438477,-0.008852847233044617,-0.07638212993921963,-0.009908199907765128,0.00017276010407357324,-0.02388987621819581,-0.009405340793497101,0.0009230066833451427,0.08783295170298713,-0.055233479114692376,0.036194835461401904,0.009233431617237005,-0.015478710548801062,-0.06248380177869821,0.013653027089405308,0.030060270837936866,-0.04171388369339089,0.030678740388524823,0.00330453708996361,-0.031394674550729175,-0.003073571540071755,0.04286343728894905,-0.017485863800260664,-0.021772990430108174,0.0793186058927505,-0.08141506719311696,0.019821420422841615,-0.027443212818969265,0.013904349484991751,-0.06288960760999718,-0.04782318276181951,-0.01281380504685861,-0.0038794613088771724,-0.015378196717514217,-0.04973469788439331,0.2805970587546134,-0.0029041285595375215,0.11411457449401147,0.024167212671506552,0.06071451785622313,0.023469378745944052,0.0011221843290914464,-0.03063757614499366,-0.03585911861068555,0.0018209684993160623,-0.02699343611808258,-0.0659538170199493,0.02005631616689439,-0.0884232451672247,-0.0051655085213437,-0.09251268494014783,0.03600965290654921,0.006503498741676151,-0.030780593739156235,-0.07435927811309444,0.09277021767304473,-0.02004893178898273,0.06537059754996974,0.030463610473509962,0.03535231672113569,-0.016821751423121877,0.07532453323656729,0.007170225475741235,0.06542917021650559,-0.049232640853586966
parsorbitalis-rh,-0.02598854893607792,-0.0224502234643666,0.023926409507444298,0.015401465064337547,-0.017582325294635645,-0.0010722201564548957,-0.10665627513157405,0.0011485002715030171,0.004595009349924615,0.00790973244888999,-0.07702500928832975,-0.06365820378089468,-0.032472074504579715,-0.03833472516967622,0.028472043150695514,-0.04374568422390856,0.03067120259930077,-0.04420034962940073,-0.013922064266756108,0.0714214745263045,-0.0692477401004171,-0.06839028015733269,-0.07689081065850555,-0.007399371216223604,0.052064278927475754,0.004699526312212153,-0.03014112907651825,-0.04410320125062906,-0.033145356655150435,0.1027586435089992,0.015622467582135974,-0.011704990278846472,-0.036025472996554335,0.025585894596523474,-0.037676411345647816,-0.023443100392847527,-0.0014026850651057642,0.16672234573901956,0.04606532783568484,0.7058983421441244,0.03140582811081109,-0.055762079637816375,-0.07971030792703275,-0.012558803781882604,0.0407185919826214,-0.11193755399378827,-0.013690864967855118,-0.03752078800262572,0.023167946632368097,-0.03145400559080582,0.02075046585807407,-0.04604894720023621,-0.1108964372033477,-0.025657589959917616,-0.012060390074588768,-0.07984114409265829,0.028680436237023422,0.041485710986189965,0.03898743165904176,-0.025137319853881342,-0.04947666974159565,-0.022233283638053016,0.0867148902715986,-0.022023240510608246,0.08086397704021486,-0.04722217226717084,0.03270548029407191,-0.018533571152293107
parstriangularis-lh,-0.037372547549039244,0.04451391383269007,-0.10651317246813262,-0.07447412361772068,-0.0608483770396765,-0.08503206122218948,0.02224861162371366,-0.07973375167637735,-0.06661260201957754,-0.015264065226677628,-0.04929141398755426,0.06022038081567904,-0.02193091993377488,-0.010056283256042992,-0.02118450373125329,-0.002124795927808438,-0.023906004861651575,0.06731657680311096,0.01412636149483975,-0.05047345736834537,0.10126020837803791,0.03492988621161398,-0.03644191192657673,-0.009528790414774436,0.0788104519480277,-0.024948936729832116,0.010456883605362228,0.03005319533287754,-0.012475048949031765,-0.0279139397598561,-0.02414248929619716,0.056369534388784344,-0.010407863129635203,-0.027423916403172356,0.0030894957734687177,0.06929208065757028,0.035447695258196354,0.012283624628653204,0.09452707726270235,-0.03091434003094001,0.39051663835840356,0.022347483197243487,0.002709303483933939,-0.036190823587282414,-0.05405626090332947,-0.019923952780849224,0.012510990321879417,-0.03261932815640222,0.01644194968342987,0.01412323132792758,0.019264787565927047,-0.06283279384188682,-0.0665477357489608,-0.04458593721058113,0.0871864059114627,0.013194325848284996,-0.05261836792844242,-0.02574303273170111,0.057401595143772764,-0.058472210019581417,0.019597490960075865,0.033811202791327294,-0.030639948852205997,-0.008076561851141827,0.05179467134076786,0.01665644927324473,0.01426595085431765,-0.10544618393912444
parstriangularis-rh,-0.04449141540939218,-0.1044637597308742,0.0457714948259599,0.05452441455247426,-0.04857692753200489,0.06326878358116689,-0.05656711547807682,-0.011082487573391904,0.03352590071891462,-0.08144435829362007,-0.0019417269315329317,-0.001308690286738653,-0.043277364521822737,-0.034652060941824915,-0.04709705446164878,-0.047082100456573996,-0.010271278347223835,-0.10550098855089707,0.056253705482800086,-0.0019866775577097877,-0.08868710062584811,-0.046227687431836924,-0.02742940707526776,-0.04324643359927393,0.054709167663006146,0.02329140296440688,-0.04717756564763757,-0.03500026291349384,0.009896960706896071,-0.04891002055898029,-0.03504521353967071,-0.09751223972960488,-0.06900144376292781,0.03733503600609099,-0.03401266980353037,-0.08626872978423539,0.07884193172521753,-0.05942712123427241,0.06645378736518079,0.035912625117491784,0.05715739106814906,0.8028191059017155,-0.06633538199035331,-0.026784376653044083,-0.04617297270780081,-0.03866146123087395,-0.06015930482929779,0.028482825271773617,-0.026165897699543972,-0.006761918161598725,-0.057261112830855096,-0.043903132270269866,0.00011876614058853491,0.0032469675057972764,0.05114323741618473,0.18640447781969025,0.018063840239591525,0.009074412906154534,0.025135490471925485,0.060609364106320916,-0.015698676595798114,0.01943484382091222,-0.007625196530767869,-0.020238786948973745,0.04123049898509034,-0.0007180337213898757,-0.058397324955852876,-0.03013295345716706
pericalcarine-lh,-0.027492810286829903,0.023295285455778823,0.0058074493151509116,0.024439512398681737,-0.03069775060379645,0.007097521417259982,0.0072320553175323115,0.06881442335096859,0.021864517147355583,-0.008522342759347788,-0.015465218414147119,0.02847305451492538,-0.03603199683627058,0.006270196209102939,0.040764930915157614,-0.00634002997202366,-0.07051102080416513,-0.045547092277080675,-0.01999790438761031,0.027162412159590744,0.04507973514811284,0.0028066797923255505,0.1407354830684216,0.033117613785783574,-0.029269990070566614,-0.048547293665705774,0.12447169427208668,0.09890717922272325,0.005519420531538121,0.009524071154811234,-0.03352139538548077,-0.03611713148804512,-0.052377143636667726,-0.02543261243175203,0.04874044256755679,0.041189017172611433,-0.0242010295480389,-0.04015267575553407,0.05590950273195448,-0.039002355876473604,-0.0019979002750444954,-0.0755320160952401,0.029078473423346636,0.05653013174653749,-0.004512002178990634,-0.03873158781994779,-0.03800821857671298,-0.0034357133032755166,-0.05170102795149811,-0.006123143114010955,-0.03157457600189489,0.017220762833309675,-0.036377589325668314,-0.022105053048473437,-0.020309996720687527,-0.024618210897971133,0.014949331207176886,-0.057443686715757954,0.021354401724791295,-0.02165926348586129,-0.06382337836431105,0.031850277742789146,0.00499858038371195,0.034386637056990445,-0.016844913489130628,0.0027711913714974384,0.007631775344424627,0.016032311080007265
pericalcarine-rh,-0.023356683946490566,0.07681068710996033,-0.12703239905933356,-0.025595217106708864,0.02811784670013251,-0.09063582895553235,0.003701885483697244,-0.2054387746188762,-0.11145769323098914,-0.045473859483401866,0.0033784177897230984,-0.04653593778128496,-0.0536756644777858,0.10239236164127513,-0.02252098059367604,0.10153963692787435,-0.015356194476339279,0.02588741092906295,0.01721474866343026,-0.05875690412798374,0.11641814075103872,0.09769583822595919,0.0032755223728159425,0.09012657381968943,-0.033451319142436015,-0.05179955899231516,0.11128062110383653,0.050741724219077564,0.0178135069741831,0.010779505381402791,-0.002900016698121177,0.04165397686404729,0.02735927041332406,-0.029929664798373314,0.040118509258171994,0.07418183767013237,-0.0048906184114166345,-0.004026233558199135,-0.024371199573234713,-0.05623410258131025,-0.09276071811236589,-0.015831353595558026,0.031223154964298703,0.03163183353817106,0.002049442908705403,-0.022999762295249127,0.022028830281107862,-0.06384386348628206,0.05306280449218324,-0.014562131966076686,0.07140545033078212,0.11686664963046679,-0.038699949247917705,-0.046458102288001,0.029848505378379485,0.019619081459977535,-0.10499988636418503,0.02405989882865581,-0.031907956267898656,0.0016030266299378194,-0.01282187507864936,0.0735205321189267,-0.08186124265801797,0.10800704150107154,-0.0001954233600951718,0.00957073990007562,-0.0044495035217322195,-0.07015439440573691
postcentral-lh,-0.041467467502310534,0.011135746128839845,0.016308392301474895,0.05290493823896991,-0.014572409738228336,0.014372146106970775,-0.05822224364102365,0.01651489476304108,0.00045360024204877866,-0.018779329647734898,-0.020075640016887452,-0.061502665076929385,-0.02800285540134281,0.01148031143134077,-0.014680127460331111,0.04323036620895225,-0.04160298578310311,-0.0338978520954001,0.02485418691230896,-0.006738289215500084,-0.06160510646457172,-0.024302698588166735,0.02194423172580984,-0.021656697176215513,-0.023664404096668867,0.016708580816808465,-0.0378353767771752,-0.007779889771315795,-0.05361925616746279,-0.02127503420529162,-0.023711356337132606,0.02420706573521593,-0.031496083071839945,-0.02440557606241873,-0.028745397733059872,-0.11453807577155202,-0.03678516735512875,-0.024580381402298734,0.022356666496678498,0.03383767557701856,-0.028607976556023918,-0.043029881025990216,-0.00743846082879295,0.01811732404787658,0.8281503529787859,-0.03659275850812128,0.03017549801098169,-0.06775221854776081,0.24262628170623451,-0.05935257535589137,-0.03219955616383403,-0.007483179935567046,-0.038433739261227624,-0.052819770121008774,-0.010393415495449565,-0.07587687919886664,0.023153483322833204,-0.04814415996939901,-0.1076825477838139,0.06522435629775761,-0.018424971879331405,-0.037748928615875706,0.04752861782275348,-0.061954458866401295,-0.044535394130077344,-0.008538123308420074,0.06097022586985692,0.036296419368384784
postcentral-rh,-0.037449757549127535,-0.012106643248030794,-0.0008582886524793474,-0.022694817580248865,0.07884545972894245,-0.016266602614929276,-0.0771561803235627,-0.026864159097786076,0.09173043048020271,0.016953100765251593,-0.09615371910708592,-0.09431385152712923,-0.021186206875602437,-0.04235488753756188,-0.009166093311627774,0.011432040981966377,0.01276497887927362,0.01447054564527193,0.002113805844458954,0.09033197085954589,0.017162664975564755,-0.038254172544902085,-0.0011194090993734396,-0.0157999280348209,0.006237556388259631,0.010671877810680214,-0.04939821006998982,-0.015625868904645967,-0.049545340700702,0.054251460501821176,0.002807434940571305,-0.00801647608895534,0.03959310262026438,0.010834703378096375,-0.00382127010267143,-0.008324047295678769,0.0021789833472154047,-0.015249862062516833,-0.031673527870635196,-0.08203817234323658,-0.0014066739669539989,-0.04738042525787481,-0.03935771866529272,-0.01220499505565009,-0.06377613143553103,0.5651219037954813,0.040406435705295694,-0.01571449375041753,0.022440097035266275,-0.045190945581192785,-0.022754625721477278,0.017989703730606012,0.005225910669459101,-0.024123670024262762,-0.033355355342533,-0.09395257741799168,-0.012895331172774702,-0.016516540412566418,0.08822269743771503,0.026235179939784848,-0.028746218186854244,-0.029315838553851566,-0.0360252814846085,-0.0002135407970794326,0.005623425736021113,-0.011097673115714623,0.03830983470107948,0.03751022258783142
posteriorcingulate-lh,-0.025518603449664768,-0.02040083324657177,-0.014231634563636911,0.04741340084099502,-0.06338807958614259,0.04405101747390776,-0.015402537016894766,-0.07956623649801758,0.026409396357400427,0.06252694580709639,-0.03342612994964083,-0.0030483747432439494,0.0054027822331809364,-0.032270107836241665,-0.036583921768572385,-0.032849523785515485,-0.05624030946624083,0.10407937817059791,-0.020179625811829232,0.03704676566965708,-0.034405360691425906,-0.00465905670028276,-0.08025168641270095,-0.05881485107928434,-0.0029896521355931628,0.026667413736433717,-0.03489304213263839,-0.028819575689591072,0.03538197130493126,0.021261232365057812,-0.0641856417266203,0.07022755077545757,0.024592289154930537,0.019642049097312295,-0.02688566100845878,-0.042061392588493084,0.011853561452332977,-0.04330103971775797,-0.029431987511358525,-0.016691767706464553,0.001607776174753688,-0.057377951490971905,-0.018425543104455006,0.0306412408513738,-0.00011969014585646285,0.0586831307483519,0.3550729944910031,0.10488083943577704,0.01945229659259673,0.09141662715545472,0.02455159364015891,-0.10070583085510856,-0.0017670724958288302,0.004589593391632467,-0.017270224052359756,-0.04058118230452203,0.05241138737479125,0.050050048171967385,-0.047448283107992525,-0.039150921674287784,-0.0002968556248609055,-0.029037851616969274,0.050717641099580095,-0.03056793867263149,-0.055320362029799924,-0.013474866545055633,-0.030633780040049772,0.002044063016899369
posteriorcingulate-rh,-0.029563733370492874,-0.03726693504658494,0.024110429508893336,0.02560717418622858,-0.01945802056598944,-0.024086210155290527,0.0020527275585796425,-0.013725076633597021,0.0023998017872014577,0.03196988618325804,-0.026491598340086138,-0.03740882758019445,-0.06434540284098317,0.015023011793248454,-0.08806041168237731,0.0023448419242924996,-0.04985857021446206,-0.014350268505595102,-0.015079589266515555,0.05083289170035144,0.00013030528041590718,0.01869133462965156,-0.0048538416125198805,-0.03256880997835697,-0.02826520729382207,-0.032191682756059235,-0.037361530068991275,-0.012554806531123128,-0.07443368317704153,-0.005079048199558183,0.012018333155006068,0.0538176532872584,-0.0265134297094094,0.011812425554743194,-0.017114125224808447,-0.005642279307601738,-0.06307605870499747,-0.01567340582643993,0.01798414602614258,-0.02808991728946051,-0.004328826497141068,0.007557685029082985,-0.012413897887674852,-0.029840093252250607,-0.030871637090409115,0.025144501649141105,0.15107295155444725,0.5917776660363339,0.04454744401892331,0.0765276166218406,0.032578441526054484,-0.08052398276123514,-0.07281828084661575,-0.011707655867277393,-0.08444046193274424,-0.016628368451070102,-0.059574213331583886,-0.020385511045346274,-0.027873325133367356,-0.015699178252535913,-0.022155722059671437,0.12926102869739167,-0.04614179418106167,-0.04123725570225857,0.010328510838420056,0.02494548710923324,-0.006012830746016245,0.02322920926447826
precentral-lh,-0.008534679442367035,-0.047190926502998054,0.00031933724963351394,0.01997489224058275,-0.02980655240893872,-0.04150947641509384,-0.007587626473978512,0.0460230569771907,0.012411013893249516,0.04483288762925002,0.001459692743832091,-0.012886616976414106,-0.12295024061712045,0.016244736470605554,-0.05699632473167596,-0.0030571321882994053,-0.0327205535721993,-0.027766246725471243,-0.10947349486933348,0.07559170848861328,-0.02031150994257746,0.0411020150375365,-0.007342540555937693,0.010909596513507624,-0.026608281049517565,0.006273563706543977,-0.05619814683485863,-0.03717839448184498,-0.043739481157029615,0.08799678862781242,-0.024231188698453095,0.06710755249152241,-0.016906463664436207,0.00297386476897392,-0.08149848124799033,-0.04173153918420174,-0.06720451065405016,-0.051045511811037184,-0.04829244998745129,0.008550136057722361,0.004954116290836362,-0.03489948543921214,-0.07351581599089148,0.07353864260337367,0.11704380524152637,0.020843914337466955,0.0071650532182858636,-0.002618046761771436,0.5905895555712425,0.012615276248580087,-0.0006007503687366488,-0.010109461664141306,-0.023281074361849903,-0.02766375678582695,-0.08786016237676011,-0.058340400482078,0.029921070442757883,0.0483943760370443,-0.020893016725210125,0.07249394244512158,-0.0051754756725213135,0.05784123154894907,-0.01723443045688165,-0.03623062396658114,-0.01999198979144135,0.020409853513213807,-0.06441995775088472,0.008021138393089152
precentral-rh,0.006659194751954503,-0.009380515421917,0.031715599568142856,-0.009416786053469309,-0.027462139098707487,0.0182936026677914,-0.02484747095815839,-0.0018965863802662428,0.004312156328330888,-0.0037301614836693746,-0.09205722656121801,-0.09299574271740167,0.056584593158317736,-0.03806063443607259,-0.03775292959264245,0.020342701290613597,-0.027960898674653355,-0.0355775215519011,0.07596955825932007,0.01325644234082583,0.02540565448479662,0.058990706658074855,-0.0030304553293307203,-0.047943638933445214,0.022309596958312385,-0.008392791125329918,0.009463999659601947,0.008249066334633388,-0.05072177819122445,0.04041916902504121,0.061169378988080496,-0.06462593536706046,0.00626472839649848,0.08606277935479278,0.024102837896182134,-0.03501450068671515,0.006790241072828643,-0.07097837305367817,-0.045953779290223776,-0.018700047756440318,0.013259836878358794,-0.044459178419788116,-0.018685608351225718,0.0028754789697327007,-0.05799984832049214,-0.0600516571143085,0.036392524454167255,0.04123836862457429,0.009299218904642954,0.5312923481165802,0.029089753396626238,0.03778054394810946,0.0077104974287514685,-0.04447570272480683,-0.03768578270137287,-0.0673966871762424,0.034344169823235744,0.001438920331835158,-0.034395464320951884,0.039874232529080754,-0.10027572085792953,-0.02201731056837475,-0.020114254704928648,-0.03939352803968756,-0.005775790573516011,-0.04838833620284061,-0.004865618852107978,-0.008477499007736245
precuneus-lh,-0.02650272307731295,-0.027120887280407447,0.008829602604075584,0.01644851056653741,-0.029844957844287444,0.0014656457681506822,0.05086979557175513,0.04795744340341831,-0.01781754557282841,-0.009892337030464651,0.03773587101921615,0.007530653010243199,-0.00844116994465899,0.011341246472362483,0.01173440620707851,0.02713970559258346,-0.03395571505971013,-0.04043137209274235,-0.05398278921063874,0.09950689495818675,0.04766862262875304,-0.05667115976035768,-0.040758510220058705,0.013281226330131362,-0.0150779942507818,0.025946559040332117,-0.010406664655553712,0.017595212114179092,-0.04437818080631452,0.047500371913174126,-0.0059398593014085635,0.011338858965185468,-0.022778134601284538,-0.025550564290554877,0.057931454754526386,-0.0235925204363515,-0.017411297848598774,-0.028685869265440228,0.030387468915927418,-0.0032662742418919635,0.019576155585516664,-0.051225938145080446,-0.04928167454628019,0.0493889226527646,-0.04019408087500788,-0.024348317476880904,-0.008131268109336759,0.012729070209409823,-0.012456959024749633,0.021583275621652152,0.26679682855729553,0.006040603010188569,-0.02981433980924059,-0.023584342585937095,-0.011550362507096817,-0.009485327741581244,0.017115037053999874,-0.0382450768327843,0.012399536897136429,-0.03749419776603703,-0.04649104074631917,0.04693321921559925,0.011847620858714882,-0.06036652389624543,-0.058222995722738105,-0.05432406507037989,0.0582880131099771,0.00281520503927183
precuneus-rh,-0.03878969432281978,0.02266212973699315,-0.02915060973695411,-0.051007361572836425,0.021687716315601784,-0.03632681069684179,-0.06808287174162213,0.08527617212275641,-0.014303392740815374,0.027538128103219303,0.013063446580133533,0.042528125912784674,-0.08040300140040421,0.0066507073763686425,-0.06522932243004524,0.049050651592630196,0.027697105773876303,-0.014514165426461993,-0.04300131223548225,0.015665535799337268,0.07443859740675061,0.06331338569390219,-0.07483894255864944,0.014560867582548043,-0.008732444247067681,-0.014731643622708974,0.005935620069963645,0.025755103169829572,0.024086275153286665,-0.014679414911677355,-0.033501929170808326,-0.03289608176529251,-0.026400802074291102,-0.012958271978425077,0.0576921917723836,0.06723342791756746,-0.02252481310124959,-0.026484554262642998,-0.042719161760577884,-0.0399573805040637,-0.04846787528869008,-0.048957339831399625,-0.010118743182379963,0.10815286058046136,-0.011575663955454901,-0.014494830800347436,-0.05812037089575649,-0.0623741758744191,-0.0039262724533820105,0.0013963731028016413,0.035452323179833024,0.4475615498926799,-0.0645431576256037,-0.07252680583020223,-0.0033165448323609513,-0.029368649274424025,-0.034558934268538774,0.019985209272460835,0.0431755011073629,-0.010413240695691196,0.01312834458502511,-0.013951186931141897,0.021785303471597062,-0.030006507168180836,-0.024592401588233236,-0.011583202560844356,0.007275736382568488,0.0013814956640654926
rostralanteriorcingulate-lh,-0.04031465252858499,-0.0072121371743898805,0.09586678378711017,0.019585732816975465,0.0055027556714710045,-0.009815056167653746,-0.08309199304294138,-0.026223683359324557,0.0053709218340702546,-0.022343578747362865,0.06346484788485665,0.09220638158413791,-0.03306120029378566,0.027320408142603052,-0.0012674164405260054,-0.040027666806524996,-0.06942666794686994,-0.04318478644649933,0.017697582304018935,0.036463445830573246,-0.05878405975341573,0.022258395717935493,-0.012972491166794227,-0.037705118937004005,0.019446879234921825,-0.04074129605458067,-0.016071650291804865,0.008351683851761488,0.0682060938564165,0.0814637629311148,-0.006602200316506528,-0.03467617468870514,0.0377324550582779,-0.028406424365461612,-0.03498644059445168,-0.030495460875400896,-0.031235791357961038,0.0058365065776246105,-0.00187630609044217,-0.03653985050806289,-0.028217669566590654,-0.030237211705320066,-0.03443672258522021,0.001582203008266981,-0.04130883885130491,0.003218122261024878,-0.020708584018547548,-0.05451244246626778,-0.01727344441108286,0.024849025041662396,-0.02086157214958619,-0.04451101603246228,0.46913182295769934,0.08416789982084318,0.07035145415977938,-0.03479614141699328,-0.02215730306127866,-0.022987721932113046,0.04001260583124505,-0.06165454913118306,-0.061774831698249044,-0.018492603692137153,-0.020421380552783707,-0.00503889550530415,-0.03373726798683639,0.014724181591751394,0.004724901497477893,0.0006534474646958987
rostralanteriorcingulate-rh,-0.06458856767055929,0.0005186830039098473,-0.05319634269021169,0.005135188798278516,-0.0008669097680680523,-0.0367932838719102,-0.06384740104960104,-0.06283425639052524,-0.06186315286812336,0.008834880706451219,0.006800513996529552,0.012993367841074107,0.004591775777408232,-0.00929734472486358,-0.029167825144978034,-0.012053083225955255,0.027842953004166632,0.01094895903064738,-0.005932492664291496,-0.031553763007990294,0.021520212729901154,-0.08221679661500432,-0.06933633559413986,-0.041078105961717494,0.05855863525050907,-0.026686331893914585,0.0026662925038018624,0.013843412945346148,0.026641814581458517,0.11677852228156134,-0.034532316142889534,0.027414303824914773,0.038711020291653624,-0.05808129248845708,-0.018642279974945098,-0.02173431479127597,-0.04156961199745086,-0.0017475867156057207,-0.01615523733533764,-0.035722443947692195,-0.013572009768450582,0.0372213178774951,-0.00788949671229208,0.008407481402676956,-0.05687339414187723,0.012450228577665468,0.07148283869244407,-0.02738275361637382,0.011802073794095024,-0.0407156351557303,0.0006538325774189492,-0.07513136272030183,0.1637779912969203,0.348364746385652,0.010472413762858832,0.0344675235846996,0.004907010440529023,-0.07215241188219489,0.007696850025537009,-0.030808800589180653,-0.04374201275430724,0.029463039001263572,0.02501736970955858,0.004852443493275266,0.026691433854245945,0.11297533988558134,0.012619294542783958,-0.05935881159609659
rostralmiddlefrontal-lh,-0.06060575493829008,0.004988408356260445,-0.007096454135790349,0.010006648252033006,-0.01046516916710014,-0.06276642377601849,-0.0456421947283225,-0.013449604961251098,0.005084679632236716,-0.009803411790681943,0.10772678167715181,0.0035721429862081403,-0.05520891998569172,-0.0210522146295834,-0.0446663304220662,-0.006629353478544172,-0.047230732508249135,-0.026685839714787468,-0.017926551843445243,-0.0006854892188067413,0.01387895269090864,0.026204090368376662,-0.006163964385114056,-0.03002673084055936,0.16555591006427445,-0.03991953448750048,-0.017750112046993453,0.023588301652631313,0.10824081646397749,0.03432029609654363,-0.009806182322592458,-0.015163384467662182,-0.004087237685669069,-0.031035310279327447,-0.022956535439516004,-0.025903628239565726,0.01805900846949902,-0.03231864961374982,0.02668530935734982,-0.018616795215696178,0.06708317840580662,-0.0025498298400649664,-0.020189500166127517,0.04915719597733884,-0.04037522591220707,-0.04933910231642364,-0.02974426049160688,-0.06576539715487932,-0.05598345367961189,-0.04694083454539103,-0.01320238972563375,-0.023707016054054605,0.01453305469398565,-0.025442399344929745,0.4243713202522291,-0.03855739734311679,0.02041726044590838,-0.025701570192941493,0.08360698468506696,-0.02884886356763583,0.011992296698237627,-0.034931794749378776,0.032463383749130416,-0.03493157711167876,0.00969307366904404,-0.06545818175590536,0.03912479878714691,-0.01502258915718337
rostralmiddlefrontal-rh,-0.029646160100177236,-0.02031617903680361,-0.0022302667641683686,0.0025389933469730794,-0.03218405410047738,0.032158305010875195,-0.05281627649967169,0.005082015511435836,0.021471200818065764,-0.031132711612755718,-0.07570170955686334,0.07018299156429152,-0.008364349170196279,-0.033251242023595036,-0.028008853466758986,-0.026973118459457164,0.01893182030727767,-0.05218057153728065,-0.03780317670946701,0.021936814947226074,-0.05366548095993195,0.011577414580083626,0.0192255984647098,0.00989446552379423,0.014824268098188667,-0.006989992343745595,0.0062464677582326315,0.08805393803758352,-0.03144938272579793,0.045291683283027975,-0.03290657378203598,-0.05995017188807023,-0.022401054653180985,-0.019943102069388322,0.0018619153660370824,-0.02472946254203797,-0.001254392381079295,0.034315760696555585,0.041811252084868404,-0.04205562724385232,0.01929727570682887,0.04767385704557805,-0.04078356144932322,0.01259389987810014,-0.06395797537223938,-0.06283254985620385,-0.032131402429330054,-0.008074245563484697,-0.051078440421352234,-0.03459700585046391,-0.021487232119837454,-0.0035952265973210698,-0.02229367370728374,-0.0012202160698363532,-0.007230275501257529,0.5872648899138041,-0.001835198650867647,-0.018839381969592468,0.02038674630088736,0.06388988986303541,-0.032754193019791926,-0.06012520762919729,-0.02263604022867756,-0.02842609859232084,0.08003782600098715,-0.03258779057569525,0.005309060317185913,-0.009418725194764261
superiorfrontal-lh,-0.0190942140679358,0.03252474103650445,0.0003280676790230523,0.03921327977801698,-0.0028180898548708882,-0.09213287034479904,0.005980624258725426,-0.05169995606658649,-0.03315360056456282,-0.01598790992541582,0.06341128498650019,0.012292368910629395,-0.04003647016960148,-0.017418309430965798,-0.02511574115290548,-0.0016658470377615467,0.013188485343045646,-0.016375325268297443,-0.03984678450777449,-0.05483391016035932,0.03435458297714805,0.015384588293979299,0.06217749815457124,0.010911856910075799,0.03134592118859859,-0.030298366813295247,-0.0024366608642588,0.033048966510429725,-0.006444191820308607,0.05471462769299155,-0.019858987154490602,-0.01368460598699927,0.023307355561249184,0.012525802862860131,-0.02845393084708983,0.011619218039493924,-0.05428151516809387,-0.011912597095929508,-0.05372253638321259,-0.01249517518651597,-0.05731291347608296,0.015296073180388375,0.024538055892741,-0.05967755805694764,0.00897228083488115,-0.02975201256097223,0.0690955524636987,-0.05449193407007529,0.08803676988748539,0.04139185506527477,0.050847058056791045,-0.03384449665006578,-0.0025519161716649657,-0.05055535677765889,0.01579769439580585,-0.004917070018921362,0.24633684831541824,0.01921084431219401,0.015744873252695423,-0.010411729707551791,-0.00476364198163946,0.015290596094510526,-0.06873842899448387,0.007835681478203911,0.022226198668705094,-0.02654702693030705,-0.019684415085312743,-0.02993355572892141
superiorfrontal-rh,-0.05012929449522796,-0.018941720222977333,0.03031820162110155,-0.009573624895260452,-0.013500433525827476,0.010250295832753054,-0.0548659490109984,0.036366784851158615,-0.036901867818879955,0.017859426205458995,-0.033945293853285576,-0.017759632171836248,-0.07157241066656778,0.03415897697121075,-0.039988601764456594,-0.01791017297197357,-0.03519121558616759,-0.006954140931768682,-0.05620561509117029,0.023295320348879194,0.008114527394076034,-0.01787865390692253,-0.012177759888227961,-0.012823345356673772,-0.01502889704425591,0.033405741640655344,-0.008177781425177848,-0.010801524574583608,0.05454010203236658,0.05895384035114129,-0.04166229762511044,0.014989972861986868,0.04410056805088481,0.042223096576620406,-0.018199081215353095,-0.027855317213405735,-0.048723499198409514,0.03335715103761253,-0.037829164337485253,0.03606580964332441,-0.006159282812376331,-0.030454653553556248,-0.048060449211381036,0.04756911885134558,-0.0502919202376184,-0.037208368247749334,0.06607858892775612,-0.05846215378720133,0.045151259769657864,0.008314135873664783,-0.010607987897400983,0.020827992630147372,-0.05410033908316127,-0.04877897852023879,-0.018828355944964816,-0.026338374078061017,0.0230403811478429,0.5221755233668042,-0.038079752279788055,-0.015217036167310549,-0.05107276569841879,0.028170745810821036,0.002296297431486645,-0.027643169262085092,-0.026096254343570446,-0.02591734761442877,0.020247040213291306,0.0260435840892666
superiorparietal-lh,-0.04553897396689949,0.009461766316241392,-0.013778270336911005,-0.0367143781871043,-0.014137641499056717,-0.012221844156027603,-0.06697579518489682,-0.006138176082260787,0.02855998682934046,-0.025562208179791563,0.043859061883135195,0.055467779402264536,-0.035764459865947465,-0.03237799981928972,0.0943143463548955,-0.05091816547323457,-0.026117883653262234,-0.039084839404484026,0.0011263173979777817,-0.017483519542317652,-0.0407122413539334,-0.02152841518099446,0.015534424288591031,-0.029223579842348676,0.03772960136061679,0.007034562447679233,-0.0038053047555835482,-0.06925484201262384,0.07374554342204362,0.02606405683982424,-0.05779582361314413,-0.015781830021336946,-0.006517387638714237,0.027385555181426095,0.015913988229563587,-0.015991937913064264,0.02611285865474586,-0.001694360098369619,0.07001844369356347,0.01712218671563894,0.06456067714105312,-0.014529080927658802,0.010490837525463051,-0.019658854762686022,-0.07252668326782327,0.03904317925084727,-0.04453979528221255,-0.01928932712718387,-0.016043369897139236,-0.03040195245388182,0.022545765519745006,0.046818511423671015,0.02026513348242145,-0.012970980626565229,0.0688408511854779,-0.008571037186634626,0.005600895910427942,-0.033109254370959816,0.29660722608630796,-0.03660803910615717,-0.018376629933339668,-0.0250809912821379,0.012467659614352497,-0.027768982563642,-0.0326467122437359,-0.015730353581955143,-0.03094371824053982,0.007224424478535016
superiorparietal-rh,-0.05495711792463856,-0.02103898731546736,0.002791910884478259,-0.014767754631661313,-0.007959977735990475,0.004886820057401091,-0.024797577919529325,0.029057603245349024,0.024794055766675264,0.02351019254488384,-0.05356943074990315,0.014618593622076227,-0.058451485313308425,-0.00844891611046663,0.020841055929947706,0.09991926785312866,-0.013187266526882948,-0.024954254345666355,0.01241317298960791,0.047121932290101164,-0.08003844426731199,0.03252629700455911,-0.0413578163641902,-0.019534738826885285,-0.07153473940243851,0.015087029354102855,-0.0540413813519204,-0.03760546567071001,-0.07605894151021379,-0.048084500697068794,-0.027299991550267143,0.04076019587727065,-0.03647387716591111,-0.03102861620081915,0.020348580445009822,0.025437517277869047,0.01671649284870407,-0.034905053168032656,-0.020465127299737054,-0.024342486413876374,-0.026912854966392775,0.022403931296245037,-0.03193480841026793,0.03855313093158871,-0.0027053469999704415,0.017170479624525354,-0.04342081947044621,-0.021118898810634265,0.038151205418600516,0.02370661370755739,-0.011196991998775612,-0.019276413479206514,-0.09762372360419706,-0.03688308298669452,-0.008220871115280404,0.0371185894916214,-0.01729281967332549,-0.01105205965876389,-0.06248187592950047,0.6736192715476164,-0.015447088126452676,0.016924792675500504,0.0264084220255944,-0.009789458623441707,-0.08104444807933744,-0.02358686096754917,0.0722823333636559,0.007722883289463383
superiortemporal-lh,0.07288050641796925,-0.007220268020387078,0.015477135336258118,-0.010911135809205757,-0.02364343298710688,0.04072914051298924,-0.07837898732102448,-0.008170462272511477,0.045221342668168324,-0.028719341944609594,-0.03837261881459983,-0.023327053191109306,-0.04521779383233468,-0.053504244369123787,-0.02791976677629231,-0.012401170880366746,0.03595264807104017,-0.03875406356610388,0.05089010392383862,0.035714741612095015,-0.08837423017538776,-0.012147285580166818,0.008466619489283976,-0.02912734681969197,0.052647607666890174,-0.006101215140487701,-0.07229922590437873,-0.020212353310221302,-0.008517067766871615,-0.03596894963106849,0.03052545514858696,-0.012627371887745438,-0.027385782359741397,-0.03818463267505551,-0.05967258611437167,-0.04426573650975494,0.0832436681629303,-0.018669837963937015,0.06604675975424541,-0.0070088067110711475,0.02385462908843366,-0.0186776582539482,-0.05524352152998531,0.006860395810045492,-0.03547352815478067,-0.02078229064917274,-0.016470046598702326,-0.022045467433461363,-0.00733892381331172,-0.048511252830443684,-0.01660838206775694,0.02953935868137242,-0.05934678446538443,-0.03655063197974016,0.024845030504915204,-0.043027995679801714,-0.007008224847372791,-0.029127443888630165,0.0016200766998402502,-0.0016502231390360983,0.5949415377266265,-0.04584014032867697,0.09177291256918048,-0.04716594453534296,0.03460023427620628,-0.024730716116449617,0.02816550166668292,0.03870653885912632
superiortemporal-rh,-0.03258494734322014,-0.03641980586641121,0.024216900318944055,0.06132470964315877,-0.03530338119962212,-0.006043563474102934,0.015116270149229083,0.06368481467971715,-0.035773107720681874,-0.05030529032945746,-0.011254798479420083,-0.05066243510643355,-0.026590136920308944,-0.030106291070949292,-0.04863376065182777,0.004789573227120519,-0.007407537991342446,-0.06869280721689539,-0.04443504826927382,0.04882929020387202,0.0448866212037901,-0.0010297527638949958,-0.0027263931318466023,-0.030696742949468798,0.0021638087783120677,0.028721043365949894,-0.017341095108146444,0.010313231178486065,-0.0037561863462437705,0.025275151284507042,0.011059996881518201,-0.10535676347755091,0.012448105883524003,0.008544335879723503,0.035412277883518486,-0.05042527997322399,0.02632988252973235,-0.03888081670784489,0.02295358415985502,-0.01877289159117061,0.01843216670068779,-0.02202756685786466,0.032519542796999173,0.058107182090370024,-0.03257803990165139,-0.0063642080666191335,-0.030399246070658425,0.061011419980296445,0.03915036460226331,-0.00805509954606636,0.07745419160096953,-0.01604398907138584,-0.020315953053711155,0.025241717464812175,-0.012242079408740619,-0.04454561223660767,0.03716692049907332,0.011808660461950298,-0.006345788974717487,0.01444235069056365,-0.0460493252863176,0.220742320460359,0.020646667909067926,-0.09820788963742376,-0.015829592098265646,-0.07953955562556107,0.04095623113490994,0.087993445881648
supramarginal-lh,0.00804160006359318,0.06066063236954193,-0.20108350344841186,-0.10483980808476301,-0.02803426259221129,-0.1451856474048622,-0.0008860383470334982,-0.1402061532879489,-0.09980973939721942,0.08543095793308665,-0.039608822306700486,-0.0073592469322352515,-0.06687271569086399,0.023110484760737456,0.20728355276039007,0.023078248622630058,-0.03854896544350807,0.026001047638437507,-0.013643874165354437,-0.08140209990252291,-0.019832221505318878,0.003628242452696857,-0.018003228865717473,0.030914682545981478,0.020645358027113935,-0.012105873489149363,0.0025639851320235782,0.0036214491729397416,0.031159732846568408,-0.04180321145309775,-0.03625495325769688,-0.0016509996183881076,-0.007759777316458278,-0.007810453966504327,0.0021637658938708742,0.039594238655832344,-0.043082986904597165,0.030670259445358127,-0.0032071449561428566,0.04016727542884519,-0.13850103338393036,-0.025347689578343584,0.021820674962637544,-0.11622063173653334,0.009887527316790923,-0.02752300062498021,0.038958658546078974,-0.06093418091235354,0.0781247684952247,-0.020338420453471014,0.041198441868930395,0.058913240390724896,-0.047062384830981685,-0.04536979258516511,0.02124729327201046,-0.023140142393599565,-0.14566489918641237,-0.029337121851328626,0.022409995765597657,0.08919461668404151,0.11616946291217686,0.056902578643985756,0.7452494519122446,-0.02161109147914298,-0.013372927511473625,-0.019195130589400273,0.017198886760970575,-0.06340093582723945
supramarginal-rh,-0.028167877643232375,0.1414501020017403,-0.02094644862171187,-0.02915509108891888,-0.06783885618717099,0.025419806435717014,-0.003460873375437215,0.09090849398566855,0.029505912121914543,-0.06304505856746316,-0.016042421139209218,-0.027868279871375086,-0.08675569638909207,-0.015269514217204367,-0.02140633701106519,-0.010022805484940655,-0.04711021694807619,-0.020874807178203645,-0.0622599240141378,0.0024191032436470983,0.03229833613930094,-0.0077572735033313795,0.04395079522922136,0.1098952211405353,0.06494089742261368,-0.008268555896971154,0.03954412976198778,0.013940626139923426,-0.03859060072086897,0.04325349718708464,-0.03213856702972999,0.04282141146742985,-0.057450774237239224,-0.07212245858996795,0.020855396050393063,-0.044778541695908614,0.011489159504772127,-0.06936105199323235,-0.010353117674091803,-0.002109370374540708,0.015837862210630948,-0.0517250401137025,0.037741075641977324,0.138804641508925,-0.04272414569626117,0.03993677498278576,-0.037712453758754864,-0.04142944120473174,-0.030002760973907555,-0.023343773689547202,-0.06395366470493427,-0.014378675046345256,-0.008786265618409825,0.0016187872762790593,-0.01528099572169948,-0.039579659318592676,-0.013107236567162991,-0.02589697794226494,-0.007717833877259803,-0.014877538920738285,-0.0630359813330843,-0.1007807573210018,0.004272669974515127,0.6382345874707759,-0.06494187165948039,-0.028974791245154764,-0.03702350171954541,-0.0007114010121383635
temporalpole-lh,0.0021286152991438468,-0.04890096689746592,0.0016926179795003341,0.0050519913434128524,-0.03557708067003859,0.024675623484390678,0.019051169352643376,0.004010008704293962,0.17010861059588697,-0.026362846308716232,0.01664340449403003,0.0562214523435876,-0.033331344194571684,-0.04331461604809446,-0.015834529503256773,-0.0890329679151853,0.09706803519794707,-0.005924336852811469,-0.015027023649032318,0.038691144803832754,-0.01978292011708564,-0.03447153118368685,-0.04520367116339733,-0.05146761554702393,0.06685824996476732,0.023395807948595825,-0.05136457112593444,-0.06608390245745402,-0.050921435890786744,0.06638094504530324,0.06933513466210708,0.0026931166966928824,-0.055878285725543576,-0.02699572405484038,-0.017123577095468984,-0.06732787433681901,0.1693091942776974,-0.05666848207127981,0.08288510153709777,0.05956537679472675,0.02461577480759654,-0.0017023969524446582,-0.00401752805129229,0.006451088850718866,-0.05012093766450763,-0.010085688494273801,-0.03907127005829753,0.011524130266886624,-0.017688562663311064,-0.007850672662258931,-0.04094778517388947,-0.028194669276896143,-0.03511768939868226,-0.025827750241638258,0.017220844921521154,0.0851412074344325,0.008513714693801461,-0.027788878369176977,-0.035066838873266115,-0.09505979320958632,0.02284698421392749,-0.017056802909800415,-0.023709010244046223,-0.10499335919201645,0.3736893383948756,-0.07285693029283359,-0.046160052198464786,0.014143234625758316
temporalpole-rh,-0.061954170576537695,0.0058184002755981646,-0.021208305853465694,-0.06752774168738475,-0.02187810579290796,-0.02471896149067726,-0.0314500707778387,0.01137654063655072,-0.00431494585127336,0.17038279930753084,-0.0520648786308716,-0.029530422886297047,-0.03280888173007882,-0.04942195706257333,-0.07013403879116266,0.043057098234524596,-0.02300888521745482,0.05078949755945922,-0.03355261602498487,0.09612471437555295,0.01916400561481042,0.027953869013703427,-0.019668978097677016,0.033582957141698726,0.0795029881426313,0.0824274716797431,-0.035862671543111256,0.04095905159057929,-0.06418143387743089,0.09537155416574902,-0.0029151949421650615,-0.10708235558673204,0.005627251778578595,-0.01375566571615896,-0.004095123577925913,-0.05064649763912139,-0.0032638637469216687,-0.006679992251413838,0.027563743803761264,-0.04602669796899523,0.01737729406511414,-0.011231479337948862,-0.025851074949070813,0.02687905731706377,-0.025304622241454477,-0.005635263136259736,0.012676664872368506,-0.0014489897392950149,0.024755877374667667,-0.03265257298389905,-0.025942516218504724,-0.024197393233100228,0.024514184994023813,0.05095657922289384,-0.055926414646790074,-0.07245543527967235,-0.019057020187870186,-0.034219053467483225,-0.013027061717924815,0.0038171161888117785,-0.03825156881266693,-0.050392534009867464,-0.00821985517608923,-0.03988101862077953,-0.055782137365486435,0.3645404458101453,0.009742803090412176,0.09226650218935252
transversetemporal-lh,0.008286017672163346,-0.01311661846370651,0.0057292688098141255,0.05984086400502501,-0.055726515855760134,0.006037195096794904,-0.044067913362757616,-0.0036786287885642523,-0.07446535510590764,-0.03441244519600756,0.03407425278231989,0.07987668078593595,-0.0008866677077235134,0.001354530544663384,-0.05348705883364508,0.09043074743137235,-0.10169589835298568,0.02371573868417888,-0.0188674515608341,0.041860110628011954,-0.0006634702339023694,0.013911734001213908,0.03488294414229856,0.04647443099669218,0.03223514472291142,0.013542158880920346,-0.10727139635856511,-0.03930259938817768,0.029586091252307715,0.0435635942798168,0.0340039007575566,-0.013253040219568905,-0.02368734628933808,0.006736953629283101,-0.0020821261054095653,-0.013931946706490317,0.06958265118677605,-0.06550814783090159,0.06557829284476266,0.01614149925889743,0.014159601656723244,-0.06919760685250427,-0.009926065217358553,-0.04157277675509573,0.024685076351001634,0.03411558527700785,-0.06442416083923666,-0.029053889975093904,-0.0779389793353539,-0.00027047898313718315,0.07749729901076395,0.0033777656112488697,-0.024116922925826775,-0.051607603234863395,0.04011895413462501,-0.023535552850317915,-0.06528504540303924,0.024627500315589166,-0.04713344126932109,0.08051185728862258,-0.017953743040306825,0.03945601712280298,-0.022301805767319022,-0.056280517555230045,-0.05653033209985636,0.0006248029726059629,0.19810844293661878,0.02850584339277998
transversetemporal-rh,-0.04001910613924952,-0.06604072191265219,0.003918572451544152,0.011535591165529461,0.06635367108950851,-0.016828340142781388,-0.03291685998777981,0.030528900188203763,-0.0797112006434386,-0.13606088656489165,-0.043159270248991716,-0.015095573462638751,-0.034459551726255915,-0.01051759854818566,-0.025557332258515475,0.05374726294316755,-0.042829383570914044,-0.04997541452573281,-0.0475453049597136,-0.1349889537783834,0.018363096364212014,0.006154134571916461,-0.0531959829675017,0.014718961164181732,-0.04278905272502123,0.023873093651629505,-0.03757483547011984,0.04519063357826613,-0.04830232885182207,-0.03648354952622047,-0.00910391707389317,0.14949186761238167,0.0234612109813079,0.06779633592614698,-0.055644964035645644,-0.06502320183051319,-0.017614941329161415,0.005896081140429513,-0.05458388064197117,-0.04969032520342426,-0.09449722184600944,-0.0931188886024818,0.0280787448879615,0.014292435735483272,0.018248682484664547,0.0227985445675967,-0.013387174040174771,-0.03342314367431916,-0.007947870217234962,-0.02862725320279226,0.0012245398726383363,-0.01041460997885893,-0.01673000058124169,-0.08699410390337198,-0.0168888439203639,-0.04258925328405288,0.006078524266323847,0.022750626861712267,0.022763630200397435,-0.00253237120520784,0.04453164696438418,0.09452545417289554,0.00782792771124023,-0.010389007097854697,0.008978911129044522,0.07992902628895122,0.04534589282986613,0.7648482188777981
