,bankssts-lh,bankssts-rh,caudalanteriorcingulate-lh,caudalanteriorcingulate-rh,caudalmiddlefrontal-lh,caudalmiddlefrontal-rh,cuneus-lh,cuneus-rh,entorhinal-lh,entorhinal-rh,frontalpole-lh,frontalpole-rh,fusiform-lh,fusiform-rh,inferiorparietal-lh,inferiorparietal-rh,inferiortemporal-lh,inferiortemporal-rh,insula-lh,insula-rh,isthmuscingulate-lh,isthmuscingulate-rh,lateraloccipital-lh,lateraloccipital-rh,lateralorbitofrontal-lh,lateralorbitofrontal-rh,lingual-lh,lingual-rh,medialorbitofrontal-lh,medialorbitofrontal-rh,middletemporal-lh,middletemporal-rh,paracentral-lh,paracentral-rh,parahippocampal-lh,parahippocampal-rh,parsopercularis-lh,parsopercularis-rh,parsorbitalis-lh,parsorbitalis-rh,parstriangularis-lh,parstriangularis-rh,pericalcarine-lh,pericalcarine-rh,postcentral-lh,postcentral-rh,posteriorcingulate-lh,posteriorcingulate-rh,precentral-lh,precentral-rh,precuneus-lh,precuneus-rh,rostralanteriorcingulate-lh,rostralanteriorcingulate-rh,rostralmiddlefrontal-lh,rostralmiddlefrontal-rh,superiorfrontal-lh,superiorfrontal-rh,superiorparietal-lh,superiorparietal-rh,superiortemporal-lh,superiortemporal-rh,supramarginal-lh,supramarginal-rh,temporalpole-lh,temporalpole-rh,transversetemporal-lh,transversetemporal-rh
bankssts-lh,0.3862528061304415,-0.016519922511268863,0.012227702278682495,-0.01184618871877403,-0.03750933418195027,0.02402148105387314,-0.036500442767970105,0.04212526288961049,-0.014637788949053763,-0.029275577898107526,0.056276718391589015,0.022526256192817732,-0.033515388187110515,0.013618107252571135,-0.0066028821570421024,-0.045502621312881006,0.017518023642746572,-0.0358730649138984,-0.048006737587916584,-0.004961217747738999,0.0039415360512563705,-0.039051573845337834,-0.015171137198461155,-0.04410682119774114,-0.026436962865495645,0.03600871417964364,-0.02431975529161976,-0.03678792672321426,0.04963221657346599,0.04891080911472998,0.034079565815096365,-0.03519867225749453,-0.03264754118012681,-0.021575169863672177,-0.04434729035065314,-0.006649896959374255,-0.03659447237263441,0.0006689975151526239,0.038512830454679216,-0.021909668621248494,0.019834080708453536,-0.01430329019147745,-0.037221850226706106,0.01771687313457766,0.017518023642746572,0.017277554489834576,-0.04208364322852957,-0.03842419599126613,-0.042998505037845434,0.009718190862395691,-0.03284099553070666,-0.03842419599126613,-0.018830584435724596,0.08935278793395644,0.009383692104819373,0.00577125966988809,0.012468171431594496,0.046934645947850566,-0.01902403878630445,-0.012379536968181419,-0.0033773584232705167,-0.017000860817092876,0.033123084344699585,-0.03062436321091524,-0.03659447237263441,0.0371640451418715,-0.0077058031756865805,-0.005201686900651004
bankssts-rh,-0.008637394859400337,0.7966001973007947,-0.0009506068935483174,-0.009000506209531424,-0.050382165358060824,-0.0075443365900313576,0.0034570062641967763,0.014440659078290306,0.05832871759746816,0.05387827592150248,-0.007483818031676175,-0.030419420593546156,-0.029287258024932296,0.017189132682359488,-0.046074175057915806,-0.016687294175383442,0.040064216685874295,0.017694695408311232,0.00877612201624529,0.078088492427807,0.0420864675896813,-0.049431558464512505,0.002830406421534657,-0.03017734636012543,-0.034221848167739426,-0.016160317190321398,-0.01332991076878674,-0.05272842331275402,-0.0218639585516113,-0.016160317190321398,-0.05323398603870577,0.022447729876052824,-0.056085806719350734,-0.03751871301598095,-0.02548483045073903,-0.00441133737672079,-0.027567599912901204,0.005924301335600332,-0.00709929242243479,-0.027567599912901204,-0.0019012137870966347,0.009726728909793607,-0.00851635774268997,0.01830360521083876,-0.03321072271583593,-0.009648520311303832,-0.05513519982580241,-0.01262137810865915,-0.05513519982580241,-0.02352309810528721,0.001110748309503562,-0.02946881369999784,-0.03707366884838438,0.00012103711671036388,-0.026616993019352886,-0.02985333930923923,-0.0019012137870966347,-0.021237358708949185,-0.018649026520835263,-0.03897488263548102,-0.03118847181202893,-0.010114978738010698,-0.0019012137870966347,-0.03790323862522234,-0.044618005438415737,-0.005016522960272609,-0.032320634380642796,0.054971334190871454
caudalanteriorcingulate-lh,-0.0010516238844551753,-0.00949382673466478,0.48036450678583803,0.05342468421341553,0.06110372945303093,-0.022715806198596,-0.013624858521517636,-0.04324316361912439,-0.08069752724465062,-0.041139915850214044,-0.061795074784478314,-0.05603913803726938,0.01565264253946014,0.016927006204997833,0.03332333183867338,-0.005713336242630318,0.0021555855316783747,0.001146562151801823,0.06167701052893184,-0.04574929044562116,0.023914706113165846,0.011606811761764533,-0.009621628248400653,0.006551957604192373,-0.0039508925103489585,-0.053798351496433756,-0.004789513871911013,-0.00474691336733239,-0.007816584011540666,-0.06210301557471809,0.033981813923731535,0.006594558108770998,0.019826274830891614,0.057545978742079,-0.023426626046422185,0.0012317631609590717,-0.03045692645916882,0.009759167020325926,-0.08227983170042809,-0.060127569319543606,-0.04390164570418257,0.0037804904920344623,-4.26005045786238e-05,-0.061136592699420164,-0.0007436830942154067,-0.010853391409359722,0.04061897253708117,0.012402832618747965,0.025804951359183075,-0.021844321590644724,-0.005405395452390549,-0.008697805877681345,-0.028917222507969978,-0.07344448705082147,0.03956734865262599,0.002112985027099755,-0.03845364974721338,0.010863128667549127,0.01820136987053553,-0.009579027743822025,0.014728820168740832,0.0011891626563804488,0.01389993606536818,0.035914659674327394,-0.0031646089115549268,-0.004216232796010102,-0.005405395452390549,-0.07568527359165711
caudalanteriorcingulate-rh,-0.02520060326190685,-0.02330790208503632,0.1717745136030708,0.4813443826058383,0.0104867387214791,-0.028516324969098054,-0.029967302680760984,-0.02202746317956113,-0.04994550446793497,-0.008225002750890833,-0.030409026145968583,-0.019793684390315116,0.0006681766340798495,-0.005848642336799326,0.041292756842507675,-0.019181422118919777,-0.0201347620026906,-0.013945042053515792,0.008280917113575335,-0.0532752047657973,-0.00045570205587872254,0.013673857394495935,-0.013603964441140304,-0.019494542549953014,-0.04042608422089783,-0.08324250744655828,-0.017431302566894742,-0.0177584015885991,-0.02993934549941873,-0.05168164542928889,-0.016008282036574062,0.024772858387370374,0.007000478208100149,0.014000956416200298,-0.03773660337577309,0.01827001800716233,-0.04914872479968076,-0.011099000992874437,-0.042959004850505945,-0.062154405560096854,-0.009164364043990528,-0.0015795807458372946,-0.010928462186686694,-0.02108810188646143,-0.031546883426598275,0.009404795803533912,0.001920658358212779,-0.006603486233040162,0.007000478208100149,-0.01313428379459046,-0.004895302453028499,-0.016933664739002638,-0.01804356483829008,-0.024859525649531363,0.003997876931942178,0.015267416731004355,0.02256703677946662,0.008949093747655176,0.05160895675779902,-0.03376668362517317,-0.005208422884061734,0.022396497973278875,0.0431854580193782,0.05286143848193195,0.015566558571366466,0.033053775500945716,0.006189719949174812,-0.0448656846180476
caudalmiddlefrontal-lh,-0.03829908668400926,-0.053124539593948326,0.14574832158366288,0.03529869740461683,0.4726495582478193,0.01703162149772762,0.002329714028704711,0.08191062732741335,0.0,-0.030886360229039726,-0.009883635273292711,-0.02594454259239337,-0.02373837400460482,-0.05065363077562515,-0.026015139987202604,-0.05188908518478674,-0.04694726754814039,-0.05559544841227151,-0.02744473723208959,-0.0037063632274847674,-0.0568309028214331,0.011754466235737405,0.017155166938643784,-0.015549076206733714,-0.015284335976199088,-0.01482545290993907,-0.019449582269943873,-0.06053726604891786,0.043682138038213324,0.013519401105968248,-0.01659038778016991,-0.046170696205238816,-0.03979928132370548,-0.018796556367958465,-0.030498074557588944,-0.05559544841227151,0.059672447962504746,-0.06794999250388739,-0.006177272045807945,-0.013589998500777481,0.16772176071803685,-0.06794999250388739,-0.05065363077562515,-0.007412726454969535,0.14255378946854508,-0.02555625692094259,0.02403841293254406,-0.0052065578671809856,0.0031062853716062786,-0.04200544991149403,-0.05065363077562515,0.006494960322449495,-0.015090193140473697,0.01579616708856603,0.023526581820177115,-0.015090193140473697,0.13261720614914543,0.0015531426858031393,-0.04818272195730197,-0.025362114085217193,-0.04571181313897879,-0.05559544841227151,0.07859254977137937,-0.008206947146573417,-0.06547908368556421,-0.004165246293744784,-0.040187566995156264,-0.002470908818323178
caudalmiddlefrontal-rh,-0.010196021620876482,-0.025346248786203205,0.00469307344240217,-0.028721792077362904,-0.003056889082716439,0.5036087806379153,-0.01802268028785537,-0.04461706747790366,-0.052743206317860745,0.011348289847396241,-0.016832063990405474,-0.020818437268523744,0.012316122113728208,0.013602608588503434,0.03635671038969111,-0.022811623907582883,0.012093338082610285,-0.01522692330718699,0.032815905173808696,-0.06970218416205881,-0.0025729729495504563,-0.009412625314732307,0.008998100928963712,-0.027880873664823527,-0.04411397730927261,0.000929484195401832,-0.011947250193352627,-0.014704659103090873,0.007953572520771477,-0.049724665306074445,0.04927179284937571,-0.0020507087454543368,0.006540172192203656,-0.006655216404994061,-0.03928668561861497,-0.007884180773374088,-0.04109543629748632,0.05486330681071247,-0.04618386009019202,-0.050711671607871475,-0.05829637220826737,0.026797997185701153,-0.01395961086787683,-0.016513409781962217,-0.03220507518685012,-0.021340701472619867,-0.013437346663780712,0.012780864211429127,0.027785003487498187,-0.006655216404994061,-0.005871820098849885,-0.0160486676842613,-0.029931582410277862,-0.05149506791401565,0.04267409855077685,0.03863020316626337,0.035815272150129925,-0.005668210103197021,0.01865268431027901,-0.03473970006547045,-0.023333888111679,0.005514817819476487,0.04192905031556281,0.026033774915022047,0.004024721349048403,0.03005849626407045,0.014163220863529686,-0.06843487172274865
cuneus-lh,-0.03411809385309675,-0.02107329925614828,0.0005894963106450984,-0.015604938340299144,-0.02802097224587548,-0.004328632675285971,0.43365333054079386,0.06400571598272511,0.0060297354402978395,0.0004547239767982409,0.016320717388958222,-0.01975953430101123,-0.03210818203966413,-0.04572284075689419,0.020118750324689644,-0.04664077830632355,-0.02734445757794344,-0.03261065999302228,-0.027759917174014645,0.026920508386039353,0.009170885898460735,-0.01589411519835637,0.042410306582855155,-0.025837023717868973,-0.024349222048158033,0.003449959506583647,-0.04948160931189858,0.013519150764110232,0.0003677056195112984,0.004454915413299952,-0.055404694204545954,-0.04865069011975616,-0.04205109055917674,-0.019913938825221602,-0.044061002372609355,-0.024503626572368407,0.0062234043452352485,-0.034205112210383685,0.012716353358164206,-0.0015551878366343679,0.0200598537535991,0.006397441059809141,0.008755426302389534,0.06450819393608326,-0.010975986212425303,-0.007719695610779065,-0.03545149099859731,-0.008396210278711106,-0.016483611509001465,-0.015565673959572108,-0.0087920376844188,0.02001209977703919,0.01692984588996684,0.04872921888121023,0.011818047999098358,-0.0043763866518458806,0.0300027622731117,0.014919934076534226,0.06222873745495694,0.006571477774383031,-0.005535747082772554,-0.04865069011975616,0.0,-0.03378965261431248,-0.034205112210383685,-0.00782634615842953,-0.007739327801142581,-0.004831110628644124
cuneus-rh,0.00500754534637862,-0.0036836059323968394,-0.07425658106052717,-0.07646467775878127,0.030937467156037415,-0.08898756002147452,0.03432482298539237,0.3027354541348385,-0.0755816687307223,0.015910238092048192,-0.02048144607735736,-0.020332172769623076,-0.0019164396200655638,-0.0022103932106807716,0.009722285358355376,0.011048521284763836,0.03417784619008476,0.00898625312560401,0.0067758599149232365,-0.050094973819413,0.02077195489933255,0.06703060470997439,0.012814539340881776,0.06216888790269005,-0.03285505503231632,-0.030350708231020346,0.0013250876701951218,0.07719611696667927,0.004563170191815785,-0.02608034337360643,0.034619924832220914,0.0,0.0005890554374437591,0.02121288528525536,-0.024898787730078885,0.0001469767953076038,-0.04582001593714572,0.007366063608580337,-0.07617072416816605,-0.05554344955171443,-0.06924788745793523,0.04124995620804989,0.04198598844080125,0.05199763436491847,-0.024898787730078885,-0.01488140052489496,0.04036579892377758,-0.009578753331687789,-0.002799448648124531,0.006480758068094687,0.06113775382311013,-0.007663461967835571,0.019886649358846896,-0.05908122694501702,-0.0222474641334753,-0.009282503228645902,-0.06394294375230138,-0.0396320632034529,0.061284730618417736,0.03314556385429151,0.0328516102636763,0.004566614960455806,-0.06688822093952015,0.014732127217160674,0.011785701773728539,0.004713591755763411,0.0017671663123312766,-0.10151044228416775
entorhinal-lh,-0.035633178647731405,0.03215715709520772,-0.060302302326930075,-0.0753778779086626,-0.008223041226399556,-0.05784398389648554,-0.0064782457626571845,-0.013613475429678798,0.47472910613750924,0.06673757840221059,-0.05022138751211269,-0.035633178647731405,-0.020070236348647647,0.006456760918968845,0.005029714985564526,-0.02055760306599889,0.06865199105296615,0.0639965646600774,0.12465167073599492,-0.05444598624998793,0.06936551401966831,-0.023298616808132076,-0.037173302705811186,0.03478509271266545,-0.020953376502363,-0.029550706321438334,0.0023452403057690695,0.035611693804043075,-0.027262005078007006,-0.044251993310495084,-0.011077133093208203,-0.010964054968532741,0.003171841397146692,-0.035633178647731405,0.00014813234332485163,0.005856316076942148,-0.057561288584796894,0.03977975347958058,-0.03345755552897553,-0.060302302326930075,0.011917303559546887,-0.004111520613199778,-0.010420149188843772,-0.008675353725101403,-0.03837419238986459,-0.03169127522154482,-0.009650087159803878,-0.054820274842663705,-0.011020594030870473,-0.029550706321438334,0.029416143353074534,-0.01898242478926971,-0.03974469926093119,-0.047706530019330416,-0.019356713381945494,-0.014588208864381282,-0.052079261100530516,-0.029720323508451527,-0.02132766509503878,-0.028950261479411637,0.03204407897053226,0.07479100244159695,-0.010589766375856964,0.03775226270414956,0.04246422815937603,0.035611693804043075,0.06553668871815718,-0.05176151157019247
entorhinal-rh,-0.027932186005298735,0.008761512439500728,-0.01952312335050645,-0.007215490377742829,-0.03334218208714248,0.012454667238776957,-0.00784471054553521,0.028684655484308177,0.06567242246113433,0.17101814952245611,-0.014113127268662706,-0.06030999628888314,-0.03015499814444157,0.02169836558005673,-0.01595970466830082,-0.03556499422628531,-0.020111260414559805,0.10397701102622699,0.031995088738226145,0.1244882911350878,-0.0005059708565753149,-0.03556499422628531,-0.003252052001236202,-0.01006752268467804,-0.010737825956209436,-0.0580871841497403,-0.026003442398182582,0.007461989000176959,-0.013966093002649367,0.010902158371165524,-0.014848298598729404,-0.005122414355670588,-0.033971402254934856,-0.031119369947999645,-0.0056218984063923765,0.07825033901112835,-0.021116715321856903,-0.00784471054553521,0.0011524891733104387,-0.04412109114709094,0.05833368277217443,0.02576775511883767,-0.026003442398182582,0.0012346553807884818,-0.001323308394120051,-0.029672812242662532,-0.014848298598729404,8.216620747804303e-05,-0.03556499422628531,-0.03778780636542814,-0.02122266648413122,0.014424493949632132,-0.016212690096588475,-0.007779842486999911,-0.02126374958787024,-0.04181611280047007,0.0013406065430627977,-0.02904359207487015,0.027696498725953825,-0.02633859403394828,-0.009438302516885664,0.021004277353729058,0.0,0.03373571497558995,-0.01899985434498839,0.0006227333619388425,0.0011935722770494582,0.07938553003549603
frontalpole-lh,0.005247225428779614,-0.023942767433468726,-0.0197823850786984,-0.029769374003342758,-0.016324509549425874,-0.00845194534526014,0.005631561677291103,0.025028459800147146,-0.020294449840936764,-0.01946191308705035,0.25374362423807484,0.04039040266729799,-0.018822119811085117,-0.029768223296011885,0.01248114706431098,-0.019525777343913784,0.0035194383714742213,-0.010755661421667336,0.018370467183717574,-0.0378985459422931,0.047177274504785295,-0.011139997670178824,-0.03821901793394116,-0.020422178354663638,-0.03232969781453457,0.014977606618639356,-0.008643538115850455,-0.014724451005847353,-0.012870086142145964,0.01446439114907011,-0.00973153189719061,0.014722149591185608,-0.010307460916292407,-0.022727045138401698,-0.034953885882589804,-0.008323066124202399,-0.05185432445111748,-0.0021132740131477564,0.007743684983107989,-0.015430409953337772,0.007040027450279315,0.040008367833448244,0.011393153282970825,0.01651495161268531,-0.021702915613924973,0.006847283972358136,-0.010819525678530771,-0.04846146388603926,-0.019141441095402296,0.021506720014011174,-0.009667667640327176,-0.03866721843931609,0.0015327421647224595,-0.018118462278256444,0.017986130935206082,0.05709809775790447,-0.017606397516018092,0.04013379493251336,0.0036471668852010907,0.00582315444788141,0.04243981242358231,0.004095367390576021,0.04192889836867482,0.007168906671337059,-0.012419584222109292,-0.012484599186303602,0.006465249138508389,-0.03745034543691818
frontalpole-rh,-0.005358810891964789,-0.03644521794323175,-0.01699703433495938,-0.012484949660282766,-0.028245043906004606,-0.00028224207242939363,-0.029872197867191506,-0.0005966862605050941,-0.015489217625873493,-0.04924461179159022,0.06438528887164485,0.16576702013670236,-0.01636814595880798,-0.018862862800348323,-0.010228907322944463,-0.03644521794323175,-0.004089668687080944,-0.022388047342570477,-0.03917860928897413,0.008232376152873451,-0.024405415175706748,0.05210681159991782,-0.00013070270468206502,-0.0339505011016914,-0.02658568782917139,0.02018504378394374,-0.028049936970029922,0.0029607003973633693,0.07971160167718998,0.1486203406760925,0.029968804214130434,0.019870599595868038,-0.022583154278545164,-0.01977399324892912,-0.04191200063471651,-0.028603055662307662,-0.03644521794323175,-0.023928066167302673,-0.0013127097731112035,0.0020495699487825766,0.030728395294963896,0.022289546753534718,0.014642491408585314,0.016508319873974255,-0.010467581827146496,0.018601457390984188,-0.03280069614890858,-0.028049936970029922,-0.033711826597489364,0.03642248703806965,-0.005792592332141511,-0.007614853229303096,-0.050036404988069993,0.06335482117096305,-0.008167971921580836,-0.007148869673480078,0.04624981503648369,0.04050079027256953,-0.020446449193307875,-0.03601143650305503,0.017809664194504412,0.0061278731832824646,0.01690989919850467,0.010249743986009722,-0.027333913457423812,-0.008167971921580836,-0.011844695831550319,-0.01640034807445429
fusiform-lh,-0.028320301922635207,-0.03976384583954946,0.020544340773300373,0.0026770170679449503,-0.035591388836103625,0.005349952695017903,-0.04178048577440478,0.011304366783179044,-0.0021080642103881203,-0.024008667785454168,0.0020684742339297183,-0.02213120498433406,0.42513430926198575,-0.04065482438190711,-0.007071912598914797,-0.03751252305455413,0.03945406447736464,-0.04454892711788253,0.037485177400711736,-0.01266062958494472,-0.023348290652364524,-0.02578654342929747,0.016189035218788925,-0.013169585261683152,0.010795411106440616,-0.013738538119239982,0.01520663240089846,-0.003790434137826618,-0.008014725440346858,-0.019553775073665913,0.018535863720189054,-0.012608795285870323,-0.009418741100314938,-0.019315010782653897,0.03921938162722463,-0.02494331774514222,-0.022365887834474074,0.018205675153644234,0.016606566619994545,-0.028511313355444823,0.014494420968734423,-0.023256866376831727,-0.031884216092065806,0.04277513291491123,-0.02203569926792925,-0.03038469471569293,-0.04117194294038954,0.009621996855740543,0.01534580953463367,-0.045626835652177795,-0.028037866214292797,0.02875824052820083,-0.0020084770531113173,-4.367141733040149e-05,0.013607523867248778,-0.017111440855860978,0.02889333622106404,-0.005198531238666693,-0.025317177729017443,-0.015047048062803258,-0.013404268111823167,-0.014812365212663239,0.0686653449423575,-0.0013999342190960812,-0.005433214088806709,-0.004263881278978642,-0.011908828176322276,-0.001873381360248107
fusiform-rh,0.03027574389006785,-0.00893540284900341,0.017524820921076458,-0.0038473507194655733,-0.04548938650124952,0.026532188603681384,-0.039000787994697604,0.0019063761208862689,0.019553675652996077,0.04909454787686384,-0.015040650222716492,-0.0025000859980987625,-0.032389710877112336,0.483977345361261,-0.04130919842637694,-0.0424461044033701,-0.026548103903420182,0.10452061717155323,-0.042691061625436795,0.053990924439982255,-0.017418257609781905,-0.047273284011102444,0.03944018866139915,-0.02249039443958095,-0.033002103932279064,0.03335362446564031,-0.04536690789021618,-0.027964565580173063,0.011001623936831502,0.02410129956096869,-0.03660449742967794,-0.038422993417223904,-0.031777317821945594,-0.0345410442200653,-0.038353796461837834,0.022825999673203395,-0.026758462647793836,0.03165760708912769,0.02158253038491569,0.02459121400510208,-0.0017838975098529223,-0.00862124867155064,-0.012958513835149604,0.005719128362658806,-0.017506137743122218,-0.017628616354155566,-0.042323625792336755,-0.017104103432329144,-0.049949130275881826,-0.006714872550664369,-0.0377414034066711,-0.028542360157646756,-0.03441856560903194,0.03784796671796565,0.011246581158898194,0.010442512537312047,0.01346711145723723,-0.030203779056466335,-0.022612873050614296,-0.027929967102480028,-0.01510984717810257,0.022144409662650587,0.021092615940782305,-0.01040514618140357,-0.04459743774632306,0.022125726484696347,-0.028542360157646756,0.014848974656297075
inferiorparietal-lh,-0.014962900630145671,-0.04987790997876577,0.04226026152578831,0.042999772802503576,-0.0359993459687008,0.02605819402245264,0.0395294757395928,0.031924423646190345,0.006793111749130991,-0.004022437490947997,0.02532865486373425,-0.0020637035770364708,0.005281548600131745,-0.04516844604266499,0.41338103035235646,-0.04333462602787216,-0.01814085718125346,-0.04657503952853929,-0.027007644625417795,0.027464787508326944,-0.0020537314590395993,-0.03257156161935565,0.005521404280372254,-0.05226387042159584,-0.02774715590213305,0.008022306504324131,-0.03257156161935565,-0.03587443206958213,0.02355729179850076,0.01639941047001058,-0.04516844604266499,0.0015514516209867266,-0.031654651611959225,-0.012149713658397072,-0.030435428974762962,-0.03819793556285284,-0.004449664019866531,-0.04492859036242449,0.017618633107206846,-0.02475657019970329,0.02776710013812679,-0.03704116987521592,-0.031164968133481345,0.028131869717485984,-0.021568641530598627,-0.005668886657062797,-0.0462102699491801,0.03169454008394671,-0.02743487115433633,-0.01349385019471202,-0.05226387042159584,0.0527934423720612,0.034205414425895454,0.00966875567043893,0.026432935719808703,0.007480138194283771,0.07277809168610436,-0.0015115631489992442,-0.015265213259945518,-0.01967236456624645,-0.020464360674524177,-0.03538474859110424,0.06286948033542493,-0.013556307144271371,-0.04211540339067589,0.008574446932361353,-0.00029234051180297894,-0.011002920088757018
inferiorparietal-rh,-0.03226587995298993,-0.02133122020040853,0.015401419404235728,-0.012030936694356918,-0.052134059008879984,-0.009023202520767689,-0.030717171257465797,0.029527195431777845,-0.007018046405041536,-0.0300773417358923,-0.008204006564276096,-0.03208249785161845,-0.0034681972602446363,-0.039010861039200935,-0.04128908247375762,1.0,-0.04256472585045122,-0.037735217662507335,-0.013037530418673384,-0.009023202520767689,-0.024338954373997756,-0.052134059008879984,-0.035090232025207675,-0.03244926205436142,0.052488776212262785,-0.0170438269836723,-0.025887663069521897,-0.045026329386379405,0.006467900100927083,-0.003920629013993259,-0.02661717580855444,-0.054139215124606135,-0.05814952735605844,-0.035546679445409686,-0.025704280968150407,-0.05614437124033229,-0.02907476367802922,-0.051131480951016904,0.04574781079250517,0.020593676128469202,-0.002005156115726153,-0.0471211687195646,-0.019326064084682376,0.06133261229811237,-0.040103122314523065,-0.011851570259438825,-0.05714694929819536,-0.024518320808915847,-0.04402375132851632,-0.04511601260383844,-0.019326064084682376,-0.03107991979375537,-0.03253894527182046,-0.003464181593791245,0.017859007273710502,-0.039100544256659986,-0.002005156115726153,-0.035090232025207675,0.005644688477982106,0.0966878783092438,-0.005473353375970783,-0.02005557682371492,0.00783724236153313,0.10835205080085777,0.05057330331399566,-0.021054139215124605,-0.016681078447382723,-0.008020624462904613
inferiortemporal-lh,-0.002734106940047179,0.008506328406732142,0.004818029912644109,-0.010897200974822175,-0.04226195788426581,0.011729789494226787,-0.02850414358658939,0.03317115037557236,0.04539029401724661,-0.01795508033189518,0.013752910949505598,0.005020047857281742,0.05466840942606525,-0.03569833602281109,-0.02284862180636986,-0.04722120422422943,0.3001466902409107,-0.028226614080121185,0.017446112791764445,0.005095559419112312,0.014232458400611436,-0.02641041391765083,-0.009438945228821407,-0.033044643992765306,-0.011880812617887924,-0.005731033342050107,-0.024664821968840223,-0.02731851399888601,0.033095638813741786,0.04783216140631314,0.0021496278380858727,-0.021521775791346967,-0.02201112993879444,-0.02396364318041349,0.0008227818230629704,-0.022919230020029612,-0.009504650094310342,0.017027366857976733,0.038544239301152874,-0.01641640967589302,0.022485774041729453,-0.02179930529781517,-0.04052126928362602,0.010614768120183157,-0.006225290837668389,-0.022218051231602882,-0.03926012813409207,-0.0020329281516204465,-0.03088030611016698,-0.0166331376650431,-0.010488261737376096,-0.019281926346918075,0.026527113604116255,0.05195391587870133,-0.011880812617887924,-0.01062457481652479,0.029120004116843925,-0.004827836608985741,-0.02724790578522626,-0.016421313024063834,0.005085752722770682,-0.037514536185281444,0.038897280369451656,0.0002677228101265773,-0.056796462532199526,-0.006709741636945046,0.01618987499040131,0.017945273635553545
inferiortemporal-rh,-0.026212658414613895,-0.00259361878890844,-0.0008118475667313098,-0.013686266792035285,-0.051813829078644916,0.0041860890159583185,-0.024346319737568917,0.019991746330758512,0.060428650654143906,0.12771116826588486,-0.00747576301031748,-0.02646571026033383,-0.036714635271433024,0.10917463267773685,-0.03964587336092925,-0.030103411857418355,-0.022933392722392313,0.41618962186772784,-0.002941646391633801,0.06754597775959845,-0.015615705800789343,-0.044137706252179006,-0.011166156636973509,-0.029143896504110117,-0.025453502877454095,-0.018589227617719487,-0.03747379080859283,-0.03303464994691458,-0.016311761006240065,0.029123079899834953,-0.0379798945000327,-0.033846497513645886,-0.019200715368302368,-0.02288070069282081,-0.031210594997303526,0.007349562346899306,-0.022068853126089503,-0.02253267309009545,0.013981602365189142,-0.006568939686580746,0.05164534468779283,0.030325238796725544,-0.0024882347297654358,0.00307890587607315,-0.009299817959928536,-0.032876573858200066,-0.027783661518505014,0.02765746085508685,-0.05085431372533668,-0.02838474096695031,0.004175680713820733,-0.01232603180643018,-0.024852423429008796,-0.004091113258952892,-0.024947399186014216,-0.021720825523364136,0.00974282131965932,-0.03191705850489183,-0.03555476010197635,-0.011925312174133314,-0.01697594078639445,0.012695526532314292,0.011155748334835926,0.019369850278038052,-0.03682001933057603,0.012505575018303452,-0.03454255271909661,0.0822867356619474
insula-lh,-0.0426439689413011,-0.0292125837673878,0.05338134708740895,0.013796992952017953,-0.0394689265368751,0.02894098941793863,-0.030880277532370895,0.026907687874850882,0.11030334435734858,0.03718753400150205,0.02642874168553378,-0.033713215515856106,0.03584053048759933,-0.04926773728690572,-0.02777365601213306,-0.04472218801141314,0.004752901115360513,-0.005777125190879412,0.38936288233859206,0.0015308519966067767,-0.02322810673664046,-0.05063824415797231,-0.033347607737751445,-0.010893544897041123,-0.020579017235859306,-0.018729564175475614,-0.025969120478773644,-0.02315968585245231,0.00530026818886577,-0.012379479366623621,-0.007718502492615125,-0.04134188295442266,-0.00945461714178638,-0.024827379617435395,0.0135468127724292,-0.02957819154549246,0.007904440162622645,-0.03990295519916791,0.007012879480873147,-0.02528491163689208,0.06521345938052732,-0.03889805610620598,-0.053379257900105496,0.013705068710665926,-0.03391847816842058,-0.030675014879806423,-0.04141030383861082,0.007401990616141675,0.04125413708767754,-0.04682391043868903,-0.010893544897041123,0.014254524971474633,-0.026129465604313836,0.008817415014232553,0.03127147785494287,-0.004201355667248353,0.02958028073279591,-0.01141949780068597,-0.04739478086935816,-0.03485495637719436,0.0038164229065867318,-0.002168054124160611,0.05344976797159711,0.023642810416376316,-0.01797484526210243,0.011787194766094078,0.01669835181969133,0.017542905787113077
insula-rh,-0.029756741257232086,0.0512791136582337,-0.02716457924117506,-0.06762092287154062,-0.01148279822346916,-0.07017265581008932,0.009217829671898114,0.007653318393436419,-0.048771570641612694,0.1554441617528808,-0.059636650169198835,0.001027650737595336,-0.030291721375888765,0.05724663354068344,0.006872002965310414,-0.02296559644693832,-0.009013803862146801,0.07395606529598468,-0.007614769738137784,0.44933440869415375,0.01399222166229985,-0.009219710094107806,0.004566605336231044,-0.019014829384380604,-0.049758792301699696,0.031071156381805073,-0.015393136208518557,0.01600897448219188,-0.06506918993299192,-0.049183383105534696,-0.021689729977663972,0.057864352236566455,-0.016586264100566565,-0.017080815141714913,-0.030497627607849766,0.04732834659567597,-0.057413991117345804,0.035064232944080814,-0.06004846263312085,-0.05091149111623939,-0.05868985758662016,0.06786537775880026,0.0223055682513373,0.02349869614338531,-0.03955186054750489,-0.04465532642460229,-0.006256164691637091,-0.047618871827073014,-0.016586264100566565,-0.013459121965852862,0.0034562160214093693,-0.008315227011247131,-0.010043335021951818,-0.05227009616274008,-0.027739988437340057,-0.005268943031550085,-0.031979400309085124,-0.04848292583242535,0.014115389317034514,-0.03848190031019154,0.00378528990810504,0.0708693522387793,-0.02189563620962498,0.015885806827457216,-0.01148279822346916,0.042430786950539576,0.025351852231034346,0.021645540055736275
isthmuscingulate-lh,-0.0024778786424217375,-0.009343667380798632,0.01566155397617792,0.006337831641269992,-0.0541953826370205,0.0038798980447389613,0.02017148082346445,0.02643774494712662,0.043521263371512464,-0.00813523224742061,0.046040205343709194,-0.01994739236669241,-0.013579056537589576,-0.03510093429165414,0.0007215413660461057,-0.03891982396072741,0.02505684382869367,-0.03717287258830034,-0.030601566586309737,0.017794500648489812,0.5719617345317679,-0.030926553510528882,-0.02444676007203681,-0.04484115611427974,-0.011568126616609055,0.019246969284530586,0.03725499924785031,-0.05730329008198982,-0.0036663687299090596,0.012289667982655158,-0.03646189036419638,-0.05487586067329162,-0.05209294015254145,-0.02195832228767293,-0.016392481246172586,-0.05176795322832231,-0.025188246483973616,-0.026366177429518793,0.023715832802042137,-0.0012389393212108688,0.02643774494712662,-0.01526499953435096,0.0038599529988482487,0.010451204046729562,-0.014320542949526383,-0.030337588037756283,-0.0211253233122376,-0.014737042437244054,-0.05383989152496852,-0.044546673377893434,0.006642873519598418,-0.011954121916493884,0.03819945583267488,-0.002721912145084483,0.01759153047560205,0.0034129493232977377,0.022263364166001366,-0.02166383955128664,-0.012157092089381646,0.01664707389077747,0.02887573349776695,-0.014198526198195014,0.02785970939533455,-0.05073198407999921,-0.03646189036419638,0.00953725164973783,-0.023024795623828878,-0.0062158148899386185
isthmuscingulate-rh,-0.034350504500250616,-0.05471564767795405,0.0387685979120605,0.013219237814900515,-0.020453092782168704,0.007510071693791915,-0.006402456362557468,0.10714048300210186,-0.006088448790365064,-0.029311954113189667,0.016748215694069344,0.05588853810625257,0.008399187226432967,-0.0527615174037414,-0.03277565689529443,-0.05373858254084773,-0.025411251733898115,-0.0527615174037414,-0.03946188815350935,0.016150433226219483,-0.02481346926604825,0.3844407761370936,0.03815569910594317,-0.009559709741603558,-0.012935462919243051,0.04214435108969999,-0.05103344509725589,0.009974034831389153,0.06024891459013211,0.043646365428458365,0.053175842493527,-0.05178445226663508,-0.05569271281506037,-0.03953472141970715,-0.030894359887279583,-0.04607528614552649,-0.03028901925029599,-0.0471251845488306,0.01960657783919051,0.009383810532673027,0.0533441835333238,-0.03976077938743429,0.03882631483999083,0.05184216919456541,-0.039308663451980023,-0.023529954725883265,-0.020154201548243777,-0.009778209540196956,-0.05471564767795405,-0.045922061443997145,0.004264868710280556,0.045520104267339496,-0.015866658330562024,0.08775240496150474,-0.011805173080607401,-0.005498224491648943,0.04988803892035277,0.02260304834757354,0.0027628543715221675,-0.014364643991803639,-0.021204099951547897,-0.05298757537146854,0.00495815895172941,-0.04689912658110348,-0.04366903993585958,-0.003237644814377632,-0.020897650548489233,-0.008793586233956902
lateraloccipital-lh,-0.029311630923316952,-0.023375793426336743,0.014244938138866979,-0.0032066295409162605,-0.007460996254950831,0.008164400367338452,0.017720870968525926,0.0493159972738352,-0.012896188666225324,-0.013040888940773637,-0.02183902291793941,-0.015156460547364208,0.013978761090623794,0.013165491954968009,-0.015301160821912513,-0.03959160289724598,-0.010311680984709668,-0.018096913040037278,-0.04274329992652815,0.0006801806115341832,-0.029100386386707852,0.0309962279467621,0.4634111147508906,-0.01816345730209807,-0.033933554198935664,0.006037217010321163,-0.014421347424195938,-0.020224096397054563,0.018667228628303292,0.003988189665791391,0.007440898994596901,-0.017952212765488966,-0.023966206274956693,-0.019332671248911266,-0.05102917706756149,0.009200525790030062,-0.035259080170723885,-0.012818032653737812,0.006917030408037739,0.002083862595809925,0.041909933530518445,0.011906510245240585,-0.026449334443131394,0.02700803828097071,-0.046039697230358646,-0.052565947575958824,0.006850486145976945,-0.04575029668126203,-0.03519253590866309,-0.015590561371009134,0.032243597906062814,0.01661820128377352,-0.034813367596652246,0.057179385341650325,0.0014934497471899687,-0.0007002778718881134,0.03046074760977623,-0.029456331197865268,-0.01155905094401038,-0.03532562443278469,-0.02117045405683194,0.0004689360749250827,0.020180775635847203,-0.024779475410612473,-0.004086442938632836,0.025404723510512588,-0.01319720096574866,-0.01252863210464119
lateraloccipital-rh,-0.04095757359386083,-0.0364380315855669,0.0263867534999337,0.0007419573506115343,-0.023317704690583044,-0.011332753973047196,-0.023317704690583044,0.15061925197427145,0.06509553744039664,0.0055088184757759754,0.014008383955561372,-0.027140169651326887,0.03228899080254617,-0.01810108563473902,-0.051941789043132985,-0.025555035543199288,0.004957841138191868,-0.0336048430923051,0.02448650237031085,0.0010904958743865778,-0.04578077382286837,-0.008162485756792001,0.0029229490993846878,0.4142280090559563,0.02185575269085813,-0.016999130959570796,-0.05288618520755359,0.06543261716339005,-0.0031368467139754,-0.012378369544372329,-0.005081978146659695,-0.050052996714291795,-0.00413758198223909,-0.02604967377694031,0.006250775826387504,-0.04791688526858008,-0.028680423456393038,-0.032311908404109455,0.04332954535566141,-0.024554300274935593,0.06330796451845998,-0.04344222356334759,0.00023586031608886952,0.141625048260745,-0.04155343123450639,-0.034695338966691684,-0.0007085358483317353,-0.03305386575472099,-0.023070385573712528,-0.018944262392255086,-0.040462935360119814,0.04148563332988165,-0.030670435192138766,0.027477249374320285,-0.005025639042816601,-0.032210688997204924,-0.002833188493261799,-0.01695425065650935,-0.0013043934889772923,-0.00025877791765215757,-0.03668535070243741,-0.030524335482172794,-0.0018887923288411995,-0.030423116075268253,-0.02485795849564919,-0.020776715617253194,-0.030220677261459192,-0.0029344079001663325
lateralorbitofrontal-lh,-0.02168444817189478,-0.040807460545787155,0.03482874964821101,-0.016353916075305664,-0.02623560173700215,-0.023319666004947864,-0.012435301608212447,0.015829117153326883,0.013036561300280854,-0.0073593491211262855,0.001504018102558394,-0.028773577980545233,0.05862629546621903,-0.041694579253304276,-0.018768512439840495,0.009734846228228913,0.022655847500987956,-0.025857642248490947,-0.013954959413743724,-0.025726442517996252,0.021136189695456678,-0.02092070934338592,-0.02320410597742605,0.020627030476450776,0.33692525227231446,-0.025726442517996252,-0.03713560583671045,-0.00989732536466937,-0.005338351948075551,-0.021676628320408335,0.041910059605375034,-0.032823392178133154,0.038238204896298325,-0.04334543678933024,0.0006090795435548382,-0.03725898571571871,-0.0034407346540330673,-0.015721376977291503,0.12349370129100358,-0.03814610442323582,0.08182258159215863,-0.019393231686368213,-0.007112589363109775,0.03647960718423698,-0.03460544944465381,-0.026498001197991547,-0.03548474830068449,-0.04613017279088983,0.050272087461540244,-0.05056576632847539,-0.04258169796082138,-0.014842078121260831,0.030377516407652575,0.004674533444115636,0.010498585056737774,-0.039542382349758834,0.0068345501991475075,-0.015096657730763786,0.017333135255885274,0.022902607259004466,-0.02687596068650275,-0.02763187966352517,0.033440291573174435,-0.016353916075305664,0.03722770630977296,-0.0221779676879278,-0.014193899320273793,-0.01432509905076849
lateralorbitofrontal-rh,0.029573126221714822,-0.028146580107527498,-0.026922815755026305,-0.0868872690275849,-0.02202775834502152,0.021567962490035522,0.00957082756609316,-0.0017849510883302614,-0.022107927878711384,-0.061428726226129375,0.047288235239713816,0.020686097619446987,-0.02601972953728457,0.05691801099234366,0.009490658032403301,-0.028146580107527498,-0.01990090777477859,-0.025036473785852973,-0.03181787316503108,0.0451613846694709,0.028750209537662965,0.02630268083266057,0.04010598819208639,-0.029370344460028692,-0.04038422363253945,0.2091764609616302,-0.030594108812529885,0.013402459690976485,0.028349361869213628,0.061572559801278834,0.021567962490035522,-0.03450591047110307,-0.02447528705002391,0.004755939689778251,-0.03548916622253467,-0.025699051402525104,-0.04038422363253945,-0.020803993992520323,-0.016470123318344607,0.08011058550332972,-0.007823603317146374,0.026623358967420036,0.049976272545785815,0.004333870674175717,-0.03793669492753706,-0.018997821557036863,-0.01974056870739886,-0.017934396271915398,-0.025699051402525104,-0.008304620519285573,-0.023411861764902446,-0.01907799109072673,0.050157832960318754,0.022390879174087382,0.04132975254458758,0.04795081285638596,-0.025779220936214972,-0.009528384871786767,-0.017613718137155936,-0.03793669492753706,0.0521832926497186,-0.006760178032024907,-0.004895057410004782,-0.014765341763704212,-0.01729304000239647,-0.026559694925960445,-0.009790114820009565,-0.021044502593589923
lingual-lh,-0.01785102670123291,-0.037938083087801236,0.011626677804081395,-0.0026470396804462296,-0.02696935955572852,0.01135943673730152,-0.04718496227821627,0.014798051223146367,0.031179252057089966,-0.019696343181339514,-0.0023848728111368605,-0.023397124536493737,0.09300327403771015,-0.0450724047313298,-0.02393160667005349,-0.043751421989841936,-0.021156020653687824,-0.04639338747281766,-0.019835037912199954,0.01135943673730152,0.09048985489065385,-0.03833387049050054,0.024564189954709645,-0.05181093897215904,-0.03476163547126576,-0.017578711436982534,0.5686534707252805,-0.052736134310947605,0.040158890180725125,0.003032678688204532,-0.029878566105484117,-0.04005064063468772,-0.025781997347630595,0.018087822583189767,0.11467348003507571,-0.03701288774901268,-0.028285268099745877,0.05706442475328746,0.042805929861171356,-0.024055078808502415,-0.0014546032748778007,-0.029081917102615002,-0.054190737585825405,0.0067385342408292515,-0.027231526425037896,-0.0276273138277372,-0.05181093897215904,-0.018904768375940902,-0.023535819267354176,-0.04308839352036275,0.029051471917791977,-0.02115094645621732,-0.03079868724680217,0.012680419478789385,-0.007540257441168877,-0.028552509166525755,0.041222780250374125,-0.01362083740998945,-0.0319911236523706,-0.012433475201891522,0.017029006711011267,-0.014551106946248506,0.011626677804081395,-0.02868612969991569,-0.044013588859151305,-0.0033100681499254134,0.031040557326229526,-0.0101771487266741
lingual-rh,-0.03475365218060617,-0.05139079051271773,0.0030028469715946073,-0.008390333144933506,-0.05768354037141785,-0.005243958215583442,0.03691175930444726,0.11547170051927191,0.05455359334084703,0.0304313855491632,0.002572263098328233,0.010173192475606718,0.04005813423379733,-0.02498337553821658,-0.027986222509811184,-0.034135444410755854,-0.011707904072088273,-0.032396681018911126,-0.001578807535310038,0.031220789316818216,-0.040356430290578255,0.011481371994185079,-0.007153917605232875,0.07023013190749886,0.003952206595784324,0.011652567991989783,-0.04929320722648435,0.31417837639543933,-0.0026716951172552064,0.023807483836123668,-0.023388140104127306,-0.05511127727308962,-0.04853147149887858,-0.020572917029116636,-0.022598736336472285,-0.017095390245427174,-0.017067722205377927,-0.049652027120872994,-0.0053157221944611695,-0.0037204867603718938,0.05064548268389119,-0.04853147149887858,0.011481371994185079,0.08794372992277634,-0.03880529079531747,-0.01840356976400553,-0.058732332014534545,-0.0009329317254104774,-0.05663474872830117,-0.03301488878876143,-0.02295755623086093,0.07199656333939283,0.025115663354702028,0.015991262522211995,-0.02014233315585026,-0.03775649915220078,0.020258193073556474,0.017012386125279437,0.04194042558339753,0.04125045383466948,-0.036994763424595,-0.017023626266549442,-0.007341541501816818,-0.02631922309684418,-0.03435073634738905,-0.01887824957610039,-0.023719291958466702,0.009985568579022781
medialorbitofrontal-lh,-0.003631943162680107,-0.03244958825695847,0.0004789724170870699,-0.021750422940172463,-0.010309008977039595,0.004980044336600661,-0.019098628631001657,0.02041500977730056,-0.016982902788636914,-0.021633058837972317,-0.017934503617286726,0.04619387622542386,-0.009443052222968266,-0.0187116442940174,0.013592031835881433,-0.026787563326492108,0.013829932043043882,-0.02654966311932966,-0.0067912579137974684,-0.039183750121036955,-0.02255611164176263,0.033528069196094926,-0.004405911836648619,-0.030720846751577983,-0.030451226516793876,-0.0072385103032628784,-0.009205152015805813,-0.011679314170295317,0.3403527243776527,0.030102306212955607,0.022889171931790058,-0.014540460661769073,0.006439165607197039,-0.012691183051426285,-0.03730592448583466,-0.013795040012660055,-0.04427798655707559,-0.009325688120768123,0.03329016898893246,-0.04871879042410803,-0.02821813657222899,0.0014020252208773853,-0.0109338935211863,0.007749202747971607,-0.030511494569275027,-0.02085591816124164,-0.018622828216676757,-0.017398435150480663,0.00304195064891722,-0.0160883980097061,0.03466047418218819,-0.026606759169048647,-0.028722485011413383,0.06854380768764572,0.024617913437170548,0.026197570812729228,0.0656223931436908,0.008348711270020986,-0.0135856878303571,-0.02002168143479197,-0.017966223644908384,-0.003603395137820605,0.00941767620087094,0.0039650034527075355,0.006527981684537687,0.028043676420309856,0.0008945047789308204,-0.033819893450214196
medialorbitofrontal-rh,0.03195374791172908,-0.0283415669095279,-0.027292576713097982,-0.049218843205895535,-0.008631152713311377,-0.018312690556824527,-0.010148143190196407,0.012011077242499817,-0.023327477466619173,-0.0011675595670370274,0.006644767022199393,0.08898352277308919,-0.02577628370309887,0.0023309343327585124,0.01049478423250071,-0.025076026949631017,0.055979389731158326,0.013760324192397585,-0.02216061536646807,-0.03137485039641204,0.006413208016072575,0.026706007062035766,0.0002308615392408953,-0.024376467663049104,-0.0454866978993154,0.05411296834442532,-0.006415997883616271,0.009095665659336859,0.05609447176733582,0.30089279432276644,0.0543466197512099,0.018659331599128828,-0.0067654287934642695,-0.0007016516872396985,-0.04198750653263393,-0.019128029346469858,-0.05178482387921048,-0.00431592509009865,-0.028109310436515163,-0.012015262043815363,0.013410195815663667,0.0651936247611023,-0.01038109713009507,0.008862711719438195,-0.02565980673314954,-0.041287947246052004,-0.010614051069993741,-0.036623288712991274,-0.01982758863305178,-0.03335705128620847,-0.014113242436675208,-0.024144211190036357,-0.0030346784206559886,0.04594842097779719,-0.00968153784351315,-0.029508429009679003,0.028805382388667464,-0.04140512168288726,-0.018895075406571194,0.0016306775792906643,0.012710636529081738,-0.015279407069940387,-0.00874762968326071,0.007580070116223681,-0.015745314949737722,-0.01446267334652321,-0.0009332106933665148,-0.04723594484921317
middletemporal-lh,0.027130287935864472,-0.05255766644495046,0.035983676120357216,-0.006286278647008862,-0.042215864544609696,0.059854872703475136,-0.049033719518707136,0.050841079030808284,0.003293908047854114,-0.0035587636213508748,0.012414016985938673,0.020099802430931603,0.049354530495055324,-0.03054605441659503,-0.03725759412527475,-0.042322179810027415,0.036250396873949035,-0.047386765494780075,0.0078635992807208,-0.007933232670935918,-0.024719853526364584,0.03262013468228799,0.0155842014208213,-0.021302221865538977,0.01921446361248233,0.026279765812522757,-0.03978988696765108,-0.03398109442497441,0.05213427056337464,0.05962483382508592,0.40949282914732693,-0.05652428278041842,-0.04519082679621067,-0.037576539921527895,0.008642622833752372,-0.020646921925478907,-0.02468503683125703,-0.03968357170223336,0.03476198315810102,-0.005418348176113364,0.045776493346055616,-0.035716955366765404,-0.025924138141067,0.028829467002452862,-0.02172748292720984,-0.01512225848394783,-0.03947094117139793,-0.025127706240481665,-0.03594699424515462,-0.039010863414619526,-0.042871164484669766,-0.0035587636213508748,-0.019195190084833506,0.0388349147589867,-0.010819288004672951,0.0039143912928066215,0.002638608107794047,0.03561250528144275,-0.014696997422276977,-0.024259775769586166,-0.011173050496033652,-0.04837841957864707,0.053037017729377696,-0.031537708500462024,-0.01657399032459323,-0.0023370706590946796,-0.03569954701921163,-0.002319662311540902
middletemporal-rh,-0.032423638966069264,-0.011860595206202827,0.011053513283887248,0.02407209559602112,-0.04252970825419475,0.021580668792351293,-0.037967940867193656,0.0,0.001157987105931045,0.04628439371888026,0.025931893069183098,0.03456416058612362,0.012878220238687677,-0.044600048837526,0.031511285488669036,-0.04323151862142568,-0.01789616436438888,-0.0049126725706165565,-0.0264582508446063,0.052705958579043324,-0.0385995701977015,-0.042248984107302365,0.004421405313554901,-0.042248984107302365,-0.026528431881329397,-0.016282000519757724,-0.03154637600703059,-0.045126406612949206,-0.0009123534774002162,0.04484568246605684,-0.04617912216379561,0.38841694774396174,-0.03842411760589377,-0.011018422765525704,-0.02814259572596055,-0.0034739613177931354,-0.01965069028246622,-0.04119626855645596,0.010070978769763938,-0.02565116892229073,0.04281043240108712,0.027300423285283423,-0.022984289526813164,-0.01080787965535642,-0.02403700507765957,-0.010035888251402392,-0.0446702298742491,0.013790573716087898,-0.03842411760589377,0.018317250584727444,-0.018703246286704455,0.021194673090374275,0.024037005077659573,0.01203604779801056,0.015931095336142252,-0.004175771685024078,0.01754525918077341,-0.008421724406771237,-0.018878698878512193,-0.025019539591782883,-0.012632586610156855,0.016001276372865362,0.008105909741517316,-0.003649413909600865,-0.03495015628810063,0.07793604128099547,-0.03386235021889268,0.025861712032460005
paracentral-lh,-0.03283479933918036,-0.053825937492757096,0.03384019561196103,0.022449195479727388,-0.050004500733715804,0.020538477100206735,-0.030517966030029566,0.01301545985075424,0.026843149560768782,-0.021849914136576876,-0.003867982882781145,-0.014040638226124332,0.04086400568430368,-0.036010408631331314,-0.016690276320015025,-0.05272744897249675,-0.004080931398890939,-0.006564167100411688,0.04537781603397518,-0.005492442601301744,-0.04931212714308561,-0.0516289604522364,-0.009526827876452836,0.008242154861233105,0.02581797118539869,-0.015378839283644885,-0.025598040750727923,-0.0447983167934141,0.04009832194878323,-0.002769494362520796,-0.035198178772071015,-0.051102989253976154,0.5550113248615414,0.0686857874967027,0.01141776415338405,-0.0560229145332778,-0.026363724486248376,-0.04959838580408565,0.08081570734330638,-0.010865028933973387,0.023427827731357636,-0.03999824778274255,-0.012582580899973682,-0.003295465560781047,-0.028034730328508825,-0.01542538540738473,-0.05630917319427785,0.013088769995644496,0.03178983886122084,-0.04393954081041395,-0.020391856810426223,0.0026764021150411047,-0.024333149838097624,0.09492965571432099,0.00898107457560315,0.019919413654466794,0.0650772992537712,-0.01733610378690538,-0.033813431590810614,-0.023927034908467468,-0.04723500637119501,-0.0560229145332778,0.025744661040508432,-0.018767397091905624,-0.03959213285311241,-0.0015511495736303422,-0.03503177637970107,-0.004393954081041396
paracentral-rh,-0.03185807859477392,-0.04773275257032679,0.0663424204289175,0.024585671312506677,-0.030172056626611713,0.016144409610806605,-0.0028925139180955603,0.03272722675281372,-0.014687000790869783,-0.029374001581739567,-0.011693423133467272,-0.019924890452192222,-7.876001752887473e-05,-0.04305315294476208,-0.011273834367517029,-0.04773275257032679,-0.0300222034959152,-0.03476174437375853,-0.018737217267509133,0.0012176438108223951,-0.027238420221487807,-0.04583693621918947,0.00815270730119608,-0.045806965593050156,-0.04127721909818196,0.006875122238095081,-0.006624205368091612,-0.01142368749821354,0.026631340794340527,0.011614663115938405,-0.04681481502089743,-0.026410394550476356,0.024027381276748958,0.6286513080545273,-0.04491899866976011,-0.044061002372609355,-0.03111996480218038,-0.01619319900219617,0.012412718160810554,-0.007901790431192615,-0.007313529769295589,-0.023716523154466877,-0.01787922097035837,0.046646143124950655,-0.0374855863959073,-0.04124724847204266,0.011884398751192132,0.023019531848901684,-0.0002286131482253807,-0.029014354068067925,0.01946766415574145,0.0024952288739233945,-0.027238420221487807,0.0338849293113575,0.001427438193797518,-0.005826150323219462,0.09154632302946049,-0.008639904223786157,-0.02620060016750124,0.01197431062961005,-0.050456594592475576,-0.038463465197615274,0.039182760224958556,0.024825436321621108,-0.03671750197717446,-0.015485055835741928,-0.014597088912451876,-0.015604938340299144
parahippocampal-lh,-0.033855768394820476,-0.03119920750852599,0.002814402872489225,-0.021252487090355897,-0.023933125567764838,-0.01859592620406141,-0.04711449523517846,-0.005313121772588974,0.05582523264280671,0.01868153541691279,-0.010128639995479284,-0.036306332112691325,0.13582704205242435,-0.04693257565786927,-0.03562680898568347,-0.038623131435481885,0.029053626611438205,-0.02093680311796642,0.08810525646358142,0.0012012042678209718,0.010166094026101769,-0.03544488940837427,-0.042504974180711794,-0.009994875600398993,0.0011530490855920724,-0.021252487090355897,0.07166828759611583,-0.016873040795427324,-0.019505524090607355,-0.026565608862944873,0.019179138966611463,-0.03807737270355432,0.007873372294425654,-0.04622897493974696,0.6526391588846188,0.03173426508884714,-0.03224256979015223,-0.018098322654362745,0.045744747829556336,-0.03099321034010235,0.027378896385033016,0.005240888999245624,-0.038623131435481885,0.004949282617970595,-0.04693257565786927,-0.04516153506700628,-0.0407339335898488,-0.03896289299898582,0.030145144075293336,-0.051360177135026754,-0.04534345464431547,-0.019165762527103433,-0.04604705536243778,0.00773960789934537,-0.010310559572788472,-0.01775856109085882,0.0316245782848813,-0.030131767635785303,-0.04552537422162465,-0.04781809595330076,-0.008405754586845188,-0.020233202399844115,0.012373206544926489,-0.03364977122639684,-0.015623681345377448,-0.0171887247678168,0.022587455753257154,0.012870810094625153
parahippocampal-rh,-0.01844912723165183,-0.015262305948188185,0.007982137447013083,0.03408964286344664,-0.055322363933783064,0.011512585038345013,-0.023478433043813925,0.010785598331334603,0.017547752012939528,0.09278793292249668,0.003893940944837135,-0.01917611393866224,-0.024270171603270607,0.013499289602037428,-0.027501877693543602,-0.04928719695918855,-0.02908535481245697,0.0038689231836647165,-0.018299756481122368,0.038904826072633,-0.033537044668138116,-0.032102938299754226,0.025335633902613803,-0.04828133579675613,-0.03218755719783742,-0.019111362086215968,-0.03390053802164332,-0.02217383038032257,0.015043032629676944,-0.0032964579427192677,0.010611209819632714,-0.017851644229533965,-0.055322363933783064,-0.038222724172431936,0.01570526748424108,0.5640129167516907,0.010805465376971527,-0.005781310280344931,0.04408350263532456,-0.01810550092378355,0.005392799165667301,-0.02512666201517356,-0.04828133579675613,0.0033810768408024626,0.04647858535933153,-0.03419927952270226,-0.0447508882054242,-0.01637265305434072,-0.05172716449000487,-0.012906957315455067,-0.015924540802752317,-0.027158251385675326,-0.03160994124135648,0.019922967691309575,-0.013569192170019199,-0.006294174384379603,0.019773596940780108,0.018294605765586867,-0.017508017921665682,-0.031824063844332215,-0.006508296987355339,-0.034886532138438814,0.013952552569161327,-0.025340784618149297,-0.03094770638679234,0.059983025676904465,-0.030818202681899796,0.03811308751317632
parsopercularis-lh,-0.04682391043868903,-0.033137913475755405,0.001578855823056623,-0.03220143526698163,0.0042412401521324935,-0.009083580642128048,0.05263110726499697,-0.012535392882732232,-0.029967302680760984,-0.02528491163689208,-0.04214151939482014,-0.04495095402114147,-0.00188585556642874,-0.03745912835095123,0.029874428808816474,-0.03652265014217745,-0.005123541935605313,-0.030903780889534764,0.05356758547377075,-0.032776737307082325,-0.02111074705894173,-0.03839560655972501,-0.029110799195050524,-0.030114352978006454,0.0013518308027478296,-0.029967302680760984,-0.030114352978006454,-0.025070785765464464,-0.029900227106578837,-0.037820304519624315,-0.03558617193340367,-0.021324872930369342,-0.031840259098308545,-0.043439173772267,-0.03854265685697048,0.028148522688514387,0.4992692969354607,-0.02528491163689208,0.00784010268998215,-0.04588743222991525,0.027359094776986073,-0.02153899880179696,0.014248399854153146,0.01188011611956821,0.06299944313569071,-0.05244277969133172,-0.024134307556690687,0.050611100550203944,0.2897097242117852,-0.04682391043868903,-0.03839560655972501,-0.010314159445392766,0.04513928159480673,-0.013404795517323868,0.1293294465125025,-0.04214151939482014,0.0474533889040907,0.022021426969953146,-0.03443556785320227,-0.05056982327378416,-0.02521783606270994,-0.032776737307082325,0.02052254586995985,0.0036659381120317984,-0.02528491163689208,-0.02153899880179696,0.0007894279115283115,-0.030903780889534764
parsopercularis-rh,-0.0066420328409023495,-0.0239975321694525,0.009918558121454658,-0.0025785087301389304,-0.06446271825347326,0.05207045275364145,-0.039470561934281584,0.010612619903877024,0.03580449200661473,-0.008328741389068384,0.004166348078529699,-0.018247299510523042,0.025889888653151085,0.027576597201317124,-0.04839647328999258,-0.05285942896784807,0.018253231662509566,-0.03599827563817425,-0.03262683592583769,0.05583934664907459,-0.005251931892062116,-0.04968572765506204,0.0023827477145839044,-0.04780128070734547,-0.02528876391851747,-0.014181798015764116,0.04076772583533307,-0.04115529309845212,0.008431565356834663,0.009819688921679393,-0.03222938174274113,-0.04432899441123814,-0.05494161431511516,-0.014179820631768607,-0.025486502318067997,-0.0020782305792760854,-0.021917324206180908,0.7375187504915858,0.057029731814368774,-0.01289254365069465,0.0,-0.002473707378377148,-0.045916833759628906,-0.010314034920555722,0.005358710627819403,-0.024098378753223272,-0.0631734638884038,1.977383995504377e-06,-0.06059495515826486,0.03283248386137024,-0.03837904596876265,-0.02072693904088671,-0.014080951431993347,0.06149268749222427,-0.0025765313461434272,-0.014080951431993347,0.030151151163465038,-0.001386146180849225,-0.03580053723862372,-0.027966141848431665,-0.021915346822185405,0.0035751102638736107,0.025391587886283748,-0.05523822191444096,-0.05008120445416311,0.02211901737372245,-0.06059495515826486,-0.0025785087301389304
parsorbitalis-lh,-0.016078928308139378,-0.02239581709205226,-0.052256906548121936,-0.0440405882063428,-0.010608913982553245,-0.04007967767632145,-0.003703030635167481,-0.03064875282071397,-0.033858617372973604,-0.010969634198013492,-0.0065225694251256315,-0.006846672253703306,0.0036297958614023348,-0.0005593890166316559,-0.005536237259309935,-0.007008723667992143,0.03666413248284907,0.002584252601904171,0.0006186001103141125,-0.058904910000653836,0.0031732471653770533,0.016660911031570916,0.006869265960503189,0.011095068225419754,0.019178940699751283,-0.03490416063247176,0.003401521513389694,-0.011558628761486374,0.028867745450212628,-0.05612198859757825,0.037319349980045755,0.003239470099100859,0.042296198222724034,-0.017617637650545387,0.004513287706611652,0.025664892737994348,-0.043679867990882554,0.04295141571992072,0.2844189303170168,-0.05847796685146978,0.004248395971716447,0.0036001903145611034,-0.00239259564077411,-0.030810804235002806,-0.03087702716872661,-0.014311944617720729,0.0115220113746038,-0.04888499058157347,0.030281020765212385,0.02546622393682294,0.018199620373976926,0.01698501386014858,-0.0013470523812759484,0.034661862604376446,0.04825236679117668,0.03476470292498281,0.013384823545587484,0.008113478021172758,-0.016307202656152014,-0.019517067208411648,-0.0190901240592276,0.007200380629122207,-0.023640029152721828,0.0036001903145611034,0.0024518067344565663,0.008083872474331531,-0.00124421206066957,-0.06316031781241163
parsorbitalis-rh,-0.03198459564725499,-0.03318277238446307,-0.028698613954130224,-0.042151089245128774,-0.01883346540739796,-0.020024438677248083,0.05473914845317157,-0.017039802035264822,-0.030492277326263365,-0.039758337504391596,0.053849520234462975,-0.011048918349224413,-0.03766693081479592,0.023041490922342173,-0.034079604070529644,0.01077638716751476,-0.02451219884125991,-0.010754776765440871,-0.03318277238446307,-0.029893188957659328,0.029017967673666642,0.012272307222185377,0.04786584001578053,-0.032285940698396506,-0.046635247675461615,0.1226258254125212,-0.032285940698396506,-0.0011873715361711329,-0.043345664248657864,0.01586683743380962,-0.014643448560848663,-0.0005846814338881129,-0.0011873715361711329,-0.005667928232825001,-0.04035742587299563,-0.02511128720986395,-0.0502225744197279,-0.014647050294527642,-0.03318277238446307,0.43069891506637126,-0.024214455523797376,0.22280204480394633,0.03709665631562374,-0.013452475290998543,-0.04035742587299563,0.02483875602815429,-0.023317623837730807,-0.049325742733661325,-0.024214455523797376,-0.039460594186929064,-0.030492277326263365,-0.049325742733661325,0.06371466878119525,-0.0346750907054547,-0.001782858171096191,0.023346437707162656,0.012867793857110432,-0.019421748574965054,-0.00028693811642558395,-0.042151089245128774,0.02842248103874159,-0.0023747430723422658,-0.008071485174599127,0.04306953133326923,-0.008067883440920144,-0.0262950570123561,-0.003587326744266278,-0.031389109012329934
parstriangularis-lh,0.0029752842683868526,-0.014407732494072706,-0.036358982330625726,-0.057109834991432115,0.07564084279264113,-0.08501165336475884,0.0018727778013707876,-0.011741941072480503,-0.030453898365585427,0.049506001151653156,-0.026172415852419906,-0.007649318411512349,-0.007566259628347016,-0.011455190511552558,0.009544838498749833,-0.014407732494072706,0.015948275162782147,0.051106860317661235,0.041418646538447436,-0.09284983162846855,0.026738995409012024,0.03407882097372973,0.02035830103084641,0.02784150187602808,0.008215897968104466,-0.024843475321774538,-0.014656908843568715,0.020833911443971724,-0.053492822743589276,-0.016046165871512717,0.035762738922903145,0.01644662786177416,0.002620306849858806,-0.025862923005625264,-0.02299343980627045,-0.008087354613205729,-0.039334266599012575,-0.0032017183320161573,-0.05363619802405325,-0.0592317891422989,0.33020118126882997,0.040980610336754056,0.0387152809054233,-0.03663090096598844,-0.009333236360685764,-0.033950277618830994,0.03601191527239915,-0.048274951329738365,0.0010194476838507273,-0.015238320325726064,0.005240613699717612,0.011002322384293942,0.02701091404437473,-0.04858444417653301,0.01958802969649168,-0.022495087107278433,-0.02650465098508125,-0.0023256459286294016,-0.010186566478205821,0.0011252487528827665,0.014015180864112728,0.019233052277963646,0.0034963792532455625,0.02732040689116937,0.03162463169020159,0.008359273248568435,-0.004802577498024236,-0.08095660491522262
parstriangularis-rh,-0.01647502428081059,0.0030649909624415475,0.0022554760452211035,0.0015966983884486033,-0.0642754844273034,0.03193396776897207,0.00510552683998688,0.03402474940000005,0.0,0.03219915369013049,0.029399348648847357,0.012215300957781621,-0.03178323050852413,-0.01961817530422515,-0.04213664715669872,-0.05298414704745269,-0.03128914726594475,0.019361363675313825,-0.04086933759663637,0.05907784037259832,-0.01719800484481092,-0.04835874629630001,0.02867636808484703,-0.051552143073197214,-0.02065658754286655,0.016181924052161806,-0.049955444684748614,-0.06300817486724104,0.036444919859414275,0.07410690352540825,-0.03332968314349008,-0.0037656400804495947,-0.04401248862005093,-0.024458516223053606,-0.014878325892361988,-0.02215279442434986,-0.018616051665321216,0.00360931995850357,0.00511948399373206,0.08214064122113392,0.04470755487656089,0.5077221732191655,-0.011634683361982135,5.0245753482646506e-05,-0.008820921166953825,-0.013940405160685882,-0.06444017884149653,-0.01988336122538357,-0.05678607572763976,-0.014384242649782612,-0.033988460800262583,0.004067114601345478,0.037318637683862545,0.029069959820461108,0.01733478495151368,0.03252854251851674,0.027143872603626256,0.011112685811912394,-0.02154426252106,-0.03420340096793835,0.005270221254180003,-0.04450657186263031,0.005169729747214707,-0.06488401633059325,-0.06873619076426295,-0.014434488403265259,-0.06713949237581435,0.052691046818803905
pericalcarine-lh,-0.03763619230153934,-0.029669765436722485,0.0005411747362471007,-0.002339883344144682,-0.047488919973831915,0.001925912566520609,0.007918446424283602,0.05594854113436262,-0.0021010969656768876,-0.013211358509619943,0.03035376567037088,0.01731759155990722,-0.016331202968479515,-0.02927978487936504,-0.03276561967531543,-0.03168327020282124,-0.03270201769600392,-0.01936345522776095,-0.04562660938662282,0.02842785310385027,0.016123659667568253,0.020779436135590988,-0.009208339197689064,-0.03075211490921669,-0.01732596024139558,0.03717424108338202,-0.050911152790470794,-0.01037828086976141,-0.002276281364833164,-0.0011063396927608246,-0.03889372617318982,-0.025793950083414646,-0.03099090128768448,-0.00966192173435803,-0.03763619230153934,-0.052144696441854654,-0.013752533245867045,-0.037723784501117484,0.00982873745202595,0.011277077261610972,0.06144788069641177,0.004281417449443561,0.42411752497265437,0.05207272578105478,-0.0372462117441819,-0.04051725038193113,-0.03742139614333817,-0.02150416395248273,-0.03889372617318982,0.00040560209613571264,0.05022603673262395,-0.0038362035942629516,0.02699513483304352,0.049581648258020444,0.009263572495512226,0.027687503748180273,0.03494594015908211,-0.0004379609978906971,0.04178203711087151,0.0030478737980596986,0.011253087041344345,-0.044783046292596405,0.018750309830713976,-0.03733380394376004,-0.04655776468022737,0.001058359252227576,-0.029796969395345516,-0.007449242348836379
pericalcarine-rh,0.005507043614074714,0.010368433838913081,-0.12067071946771646,-0.06750875878632968,-0.002250291959544323,-0.06943622405125584,0.05059833693000716,0.03670729415864285,-0.060634449171519195,-0.020490000205471086,-0.003370690487925041,-0.013739124326838124,0.04231878170332931,0.012096506145398598,0.04042929604953471,0.03628951843619579,0.023670792637738382,0.010368433838913081,0.009323994532795464,-0.029006928001721125,0.031105301516739247,0.03974566304916682,0.0018515060426630516,0.08640361532427568,0.004101798002207371,-0.024268971513060296,0.002933924959912218,0.07378488952581828,-0.021857266206206885,-0.028446728737530763,0.024876645291165084,-0.01004560714429491,0.0,0.03886263709035828,-0.013501751757265939,0.0034561446129710276,-0.02961460177982592,-0.0032947312656619416,-0.08551109446268428,-0.05677951864166687,-0.07968122415399138,-0.01004560714429491,0.0881316876307612,0.13060238777861677,-0.01575204371681026,-0.0069502688370736065,0.008640361532427568,0.030184295946799167,0.0,0.028494203251445204,0.0501140968880799,0.023794226373915924,0.044208267357123916,-0.05681749825279843,-0.016112850022559983,-0.030820454433252625,-0.04958238233223821,-0.0022882715706758743,0.09054339293761461,0.04939248427658046,0.02953864255756282,0.0,-0.10491867575090619,0.0006836330003678952,-0.009001167838177292,-0.03150408743362052,0.0006456533892363443,-0.08587190076843398
postcentral-lh,0.010993206688220564,-0.029178413485356974,0.02728269606534383,-0.015712956759696587,0.04019116365213436,-0.012986641501017887,0.00398686962559465,-0.006361402270250298,-0.016357891552072193,0.004348423978896134,-0.0017491413308368682,0.004514543546629246,-0.024253456889034155,-0.03415222877807187,-0.017462098090533458,-0.045438587644644986,-0.0038793804935320524,-0.0074656088087115624,-0.03981983755955447,-0.019084206810750893,-0.009068174050372158,-0.047256131150430786,-0.031425913519393174,-0.04816490290332368,-0.030302163502375072,-0.022719293822322493,-0.030780978727017568,-0.04452981589175208,0.003869608754253636,0.0032246739618780346,-0.01810703288290906,-0.031162076558875876,-0.02869959826071448,-0.03575479401973247,-0.04794992463919848,0.06592015317220969,0.057360109564315274,0.01221467409802284,-0.0028240326514628812,-0.03180701135125149,0.01439377195711012,-0.004475456589515568,-0.045438587644644986,-0.0018175435057857991,0.5646990411605137,-0.026022141698427866,-0.03388839181755458,0.02505473950986446,0.026178489526882558,-0.024468435153159364,-0.02693091345132077,-0.03388839181755458,-0.04115856584069778,0.016592413294754232,0.0068109022770575355,-0.005911902263443056,0.035627761409113036,0.03361478311775886,0.01912329376786457,-0.04500863111639458,0.026344609094615664,-0.011315674084408362,0.046054207219185336,0.01403221760380864,0.002052065248467836,-0.016621728512589487,0.004182304411163025,-0.017266663304965093
postcentral-rh,-0.004029913404650957,-0.016836266866139933,0.02550570473459716,0.037197577656542614,-0.024914178552351278,0.004891959204000379,0.00638396154902822,0.029384157295131656,-0.0056289179380595855,-0.029271126814447733,0.06828171338116054,0.060631810448472344,-0.026664643929876365,-0.03293557499822066,-0.0014799457604215529,-0.02337168925928462,-0.016357771164577973,-0.0373995254486979,-0.027621635333000286,-0.02124973036857835,-0.021671710829798345,-0.020714719426674424,-0.04882087875353982,-0.03984249090454652,-0.018907738808807376,-0.014235812273871709,-0.03548554264245007,-0.025657165578713625,0.01392686229333564,-0.024542685039170103,-0.01816475178244503,-0.0003654652208780357,-0.00822937253032781,-0.04191396284721396,-0.050149363669844904,-0.0373995254486979,-0.039099503878184165,-0.01970724107551169,0.0223197522523862,0.0079769377901337,0.004677954827238808,-0.0010579652992015625,-0.028843118060924596,0.023220228415168152,-0.008386861666747418,0.44602581214415643,-0.03569954701921163,-0.025550163390332843,-0.021300217316617173,0.08576602166988834,-0.0424994607371567,-0.02337168925928462,-0.027143139631438325,0.014934340644498379,0.015998334236003085,0.04246103037372417,0.03336961204404695,0.013026386130553689,-0.04069248011928965,-0.02533615901357127,-0.019757728023550507,0.015840845099583473,0.05276187484671942,0.010312901057601532,-0.03059961173075283,0.03889755608602889,-5.048694803882094e-05,-0.010835855414899172
posteriorcingulate-lh,-0.04022895748686058,-0.053638609982480774,0.06472708468813028,0.013247960544306445,0.00174986622866212,0.0034314625223251034,-0.037914966005837165,0.09481616025038202,0.007182715792804064,0.0014336686349819007,0.018195734254507143,-0.029054247073843756,-0.034163712735358204,-0.046136103441522865,-0.05028619685857573,-0.052521138941179095,-0.026980996942554136,-0.040070858690020465,-0.04014990808844053,-0.00031979074815385807,0.0246562259981098,0.011807105600377264,0.04660680667756954,-0.0013618055455091303,-0.033524131239050486,-0.01564459457822356,-0.051403667899877416,-0.06034343623029088,0.009974596818821454,0.0035105119207451585,-0.019000600856602247,-0.061460907271592556,-0.051324618501457364,0.017714251555039542,-0.04022895748686058,-0.021634383085779522,-0.025701833949938708,-0.06217953816632032,0.015881742773483726,-0.017879536660826926,0.06057699127107739,-0.061460907271592556,-0.046136103441522865,0.007581555939377977,-0.030092668716725383,-0.03575907332165385,0.7971520994402,0.05107669084277627,-0.03552192512639369,-0.043581370610765634,0.017074670058731825,0.10111855319714456,-0.028975197675423704,0.02075046708526437,0.003668610717585268,-0.021073850987891867,0.06321077350025468,-0.01923774905186241,-0.03863359690056493,-0.025942575299672505,-0.04693378373467068,-0.040070858690020465,0.013247960544306445,-0.05467703162536241,-0.04302443166735161,0.02729360138176072,-0.008943361484887103,-0.0044698841652067315
posteriorcingulate-rh,-0.04535521366621166,-0.024819099349825482,0.043582003302048894,0.02354667476982736,-0.020136654838745112,0.02470608154639533,-0.010878937871561255,0.01811597445672666,-0.027182730307769916,-0.0007092841456651072,-0.038961913441136885,-0.03554020201314807,0.031296188636063996,-0.03100974696185308,0.044634238023639985,-0.03362669368610648,-0.013343895136029273,0.019370861791364928,0.007642341811259758,-0.022854927869522104,-0.023006917329307486,-0.010777611565037669,-0.048174813003512236,-0.03901257659439868,-0.05527155162579884,-0.0007599472989268985,-0.03196650112537388,-0.009719531094993284,0.0023071220562293658,-0.02748670922734068,-0.03448212154310369,0.002712427282323708,-0.006196493360480882,0.01982098442226779,-0.048928914553985854,-0.015910178707020887,0.0003936137291877801,-0.006899931757692706,-0.0140473335332411,-0.04258627748217288,-0.01027098003241973,-0.020890756389218727,-0.02658061821708168,0.051787485547641655,0.0074396891982125846,-0.047268721993253236,0.01584782405685253,0.5369982472499258,0.01846477078110593,-0.05074109657450385,-0.017823687034062473,0.014435101513975594,0.020625749126003193,-0.018476462278012497,0.03869690617792134,-0.02054196006483946,0.09823975134025292,-0.013096425118173593,-0.015257403463070855,-0.03841046450371043,-0.016163494473329855,-0.024717773043301892,0.051838148700903454,0.0019583257318500935,-0.027182730307769916,-0.01751970811449171,0.01821730076325025,-0.028088821318028916
precentral-lh,-0.04049924112847609,-0.053634130143116986,0.029292715525781308,0.019604877626551803,-0.0511670521982126,0.03706933503170156,-0.005455725404130177,0.0,0.004819554975762368,-0.03064807436749542,-0.0020745472550604163,-0.02955350028294201,0.07667162097464914,-0.05144498197401017,-0.00983402174234381,-0.04848791744385228,-0.01574815080265958,-0.055823278312223806,0.09567191110190104,-0.006567444507320447,-0.052866213782065914,-0.05144498197401017,-0.02878558392189094,-0.023083511671031103,0.02481696329215814,-0.016418611268301117,-0.021057692363675457,-0.06020157465043743,0.026891510547218556,-0.011109069707285245,-0.027461808009244738,-0.05319287150556825,0.015848313806274942,-0.004034493596074433,0.02635279601426028,-0.055823278312223806,0.15402814032537085,-0.06239072281954424,0.06417290238837606,-0.018607759437407934,0.02633565099562342,-0.053960787866619314,-0.021057692363675457,-0.0032837222536602237,0.012335389724521915,-0.028017667560839867,-0.03698631704672307,0.03636729163699212,0.42911545250682703,-0.04378296338213631,-0.05144498197401017,0.022186556485502586,0.005326686579652731,0.031923122332436854,0.09309023224295027,-0.0088540485718368,0.054697121298602484,0.009704982917866362,-0.03710091796076947,-0.03332720912185574,-0.026808492562240063,-0.055823278312223806,0.05935334741261369,-0.014538975804059776,-0.0511670521982126,-0.012693630377092155,0.016060370615730873,-0.005472870422767039
precentral-rh,-0.013152078534813906,-0.034901933459673906,-0.001963973204849447,0.00557874174701388,-0.03754237085839779,0.01786227366253221,-0.017716123991016127,0.03381625018555443,-0.011647432869015005,-0.024703470191118345,0.06574925746100165,0.0821221963757033,-0.034604066510107785,-0.015711785638795574,-0.010254139333895023,-0.046927963572997236,0.0011761568802960817,-0.026329211299030562,-0.048634434975651675,0.0038319051969883237,-0.04522149217034279,-0.048634434975651675,0.004846601487799981,-0.032301861208321125,-0.040102077962379454,-0.012162436473405007,-0.04031921461720335,-0.03519980040924001,0.0070680764948444314,0.00016146058948443115,-0.04407038951944945,0.03350307231801997,-0.042661785066361126,-0.013152078534813906,-0.04522149217034279,-0.011147740182593352,-0.0341294280530889,0.057514767397295524,0.05193602565028165,-0.028156778143798338,0.02754573332669777,0.01883660480597276,0.007487038886523871,0.03607809033997,-0.013449945484380015,0.06041270659821442,-0.04180854936503389,-0.03924884226105223,-0.042661785066361126,0.35501982253869935,-0.02658671310122557,-0.03583589945574334,-0.042661785066361126,0.0210177146656461,0.01593866560505387,0.04467586673001608,0.00520014450270555,0.003140130085145533,-0.0013835502236855851,-0.0383552414123539,0.0415607908742733,0.028641159912251645,0.032069413635528884,0.0010954265855538747,-0.034386929855283896,0.03679491968121554,0.004725506045686657,0.007542714951863323
precuneus-lh,-0.039901841746289246,-0.03772601410281489,0.0005674470060881469,0.002743274649562503,-0.04983032199242244,0.010308006490464877,-0.006174363851959123,0.07413658287333452,0.021529209623844338,-0.012322320538050506,-0.002551669166987282,0.007914166198547562,-0.00983083514443621,-0.04658346883096352,-0.05178445226663508,-0.036748948965708565,-0.01698594885432041,-0.01723773811026861,-0.015851054842144115,0.010308006490464877,-0.01748952736621682,0.01983055332639866,0.05188578208915083,-0.045038956687769055,-0.03403945092365131,-0.010432058758029602,-0.00951517739429626,-0.01862442137839311,0.0636105637344267,-0.0046636283162698995,-0.040247591383115684,-0.03170579440510698,-0.04951466424228249,0.011067058979128247,-0.04299086603267818,-0.0222808926708702,-0.03028901925029599,-0.03340813542337143,0.022664103636020633,-0.02344956329055174,0.013490991157732049,-0.03258889916133507,0.04608725976070464,0.030890242863889385,-0.028680638612909783,-0.03908260548425289,-0.0222808926708702,-0.016798028092563942,-0.05471564767795405,-0.025843403582469046,0.405958589125016,0.020270263344103315,0.0031866693880859224,0.04331020850363688,-0.010368190263837864,-0.018436500616636646,0.06291537973995506,0.007094929936511216,0.044952365748528345,0.029033757691373722,0.009838204586073712,-0.01610284409809232,0.015035503300926518,-0.022186932289991964,-0.0056069168458709765,0.061340775710074104,-0.03126608438740232,-0.008793586233956902
precuneus-rh,-0.04838340728162242,-0.03814845574127922,0.014708047244592577,-0.0020400552759690317,-0.009875590786090613,-0.007573895662727152,0.006219988259643914,0.04247497008524134,0.0035426455642181705,0.026673604522520634,-0.02381605606874893,-0.02291817956433712,0.030248823722358195,-0.03907890588131042,0.034901074422514194,-0.03814845574127922,-0.027505282993254342,-0.017302905088530524,0.008537970200817072,0.020176740360111925,-0.027962364654365097,0.029367234035756085,0.028355349806676405,0.008080888539706323,-0.035014031384742725,-0.016813249791800385,-0.03493259729569425,0.03310532141369058,-0.004880266149491717,-0.01317288332072405,-0.006692305976125035,-0.013124022867294966,-0.01684582342741977,-0.020632771258783347,-0.03359392594798138,-0.03165159157887051,-0.03821360301251799,-0.020045395055195047,0.021564272161253884,-0.04280070644143523,0.05306928237983715,0.008651977925484932,-0.009010287917298188,0.05592578007116952,-0.04608171215825896,-0.042865853712674,0.03264823975257982,-0.010936335468599356,-0.00574556901828414,-0.04838340728162242,-0.006708592793934721,0.3123585741974759,0.01820183235538168,0.026183949225790495,0.012749426057672016,-0.01921266582202201,0.030901347197185278,-0.0229670400177662,0.0029878429962492564,0.0006210006016470165,-0.04234362478032447,0.004424235250820292,0.02448591712382503,-0.007084240365997009,-0.007557608844917461,0.004032300860948311,0.017515684482495873,-0.012650654388374523
rostralanteriorcingulate-lh,-0.025059218795443698,-0.040432713959468645,-0.005760122614221214,-0.013178549773925241,-0.023424883319943773,-0.011544214298425316,0.014099583481601058,0.047594583296022494,-0.014356141304751232,-0.014981112610971735,0.011127418803722863,-0.0453756688359399,-0.00820363613747681,-0.03398370251907255,0.020212140198904008,-0.03514531466990996,0.015910136008641843,-0.02654929597937994,-0.01812150465039649,0.0016742839254714028,0.022022692725944794,-0.02489898112389143,-0.01796126697884422,-0.037124094558497314,-0.002924226537912411,0.011447894146827415,-0.03448039491371797,0.004670417673332482,-0.0025957615048135645,0.008131285055861788,-0.026389058307827663,3.9948449971481514e-05,-0.025732128241629976,-0.0343121675521714,-0.04356511630889911,-0.03448838460371227,-0.003757373655650965,-0.022599725892199513,0.020180181438926817,-0.0019468211286101742,0.05272174491402891,0.03489674653675408,0.008475729468949228,0.03668332999381198,-0.03794925198624157,-0.03497708730836339,-0.028872520281054734,0.011776359179926256,-0.008548080550564241,-0.04703397338142271,-0.005071233788046343,0.03689150580533003,0.2671414991626225,0.025964273123130918,0.045151069772766915,0.038221345317714005,0.03425579585054498,0.002042697408541735,0.01756844055412466,0.019386982771159748,0.01806513294877007,-0.019779809195879305,0.021646289552880168,-0.019627561214321326,-0.010703077490692468,-0.004766737824930386,0.010759005320652538,-0.012537599087716145
rostralanteriorcingulate-rh,0.026827954864397242,-0.01800751380697247,-0.03966796825453279,-0.05284299667345728,0.00025718939596682254,-0.04674523673929355,0.018028186240690844,-0.00889340258819551,-0.03446398707231051,-0.015705577511155953,-0.03167624858411223,0.034562485138851,-0.020195143704581506,0.001808229937601249,-0.011681141076393797,-0.022954305593227933,0.02772173361633868,-0.01932994155219194,0.00315923428237259,-0.050369600780329545,-0.018064667006076205,0.06243500591878252,0.034533908539299135,0.006840751522512316,-0.03472117646827733,-0.003975187401491909,-0.021603301248456587,0.006583562126545492,0.07568785997052911,0.009134783652495329,0.03143182745603028,-0.009579240977440364,0.030080823111258932,-0.010272983532518716,-0.02629290363874523,0.0004286489932780368,-0.05062679017629637,0.03114606146051158,0.01267341789487572,-0.05787551825836835,-0.017321675417727608,0.011273164516834133,0.02280351842963509,-0.006734349290138333,-0.016399320066234308,-0.023705201347410023,0.0016081937407381637,-0.04326375569601692,0.004110166233417764,-0.007799587639390987,0.010493692163100175,-0.007428091845216682,-0.015134045520118572,0.3539941469806691,0.00816317926773179,0.009428453813847524,0.004653121624903279,0.005138923817285047,-0.011681141076393797,-0.034892636065588546,0.0031878108819244546,-0.008228236632669021,-0.021746184246215935,-0.0010366617497007825,0.005203981182222284,-0.003024255450446738,0.025970656877841173,-0.05543069896479248
rostralmiddlefrontal-lh,-0.020453944356073832,-0.040597103923207783,0.03827899919877739,0.00796066491842984,-0.0027856272965369275,0.029920771920469907,-0.01372229201208808,0.0020940975064282653,-0.008029279741962022,-0.03066409917540188,0.018984107204918756,-0.006419522166349163,0.00012175767705220886,-0.018636996921167718,0.024850674616920327,-0.019831029389497358,-0.031148439106217285,-0.03682463401763447,0.02069745971017824,-0.022496244397678788,-0.0008301048258697325,-0.021405806858995773,0.002890567614880264,-0.0267530542340675,-0.022028721825572247,-0.0027856272965369275,-0.02933149167131117,-0.03701500651821886,0.03874652177088393,-0.007700332205616562,-0.03367507907863764,-0.00693884220327901,-0.013480122046680377,-0.024987904263984697,-0.03329433407746887,-0.0285182042041503,0.006472665019869188,-0.018204454455175625,0.05956439376941767,-0.026510884268659798,0.044197364075602284,0.010296932390265807,-0.011714972076597573,-0.0030109799032357583,-0.020453944356073832,-0.009759449605930382,-0.014864527015594405,0.002509822613711486,0.032395614428066946,-0.0042218297302742715,-0.018636996921167718,0.013585062365023715,0.03826218184006852,0.028726739452140264,0.24761946232372342,0.04838555908845881,0.014259774796423506,0.018932309740095448,-0.019450284388328583,-0.02460715926281592,-0.02756634170122836,-0.007752129670439875,0.032602804287360204,0.0033749075456956665,-0.02355170183024735,0.01721895723483595,-0.013757272118202523,-0.018533401991521085
rostralmiddlefrontal-rh,-0.01809288038321984,-0.03629524201153391,0.011524987572140282,0.016049066825698222,-0.027140547943048304,0.038882534216227393,-0.006675901214311542,0.012494117517503641,0.0056012176021532885,-0.02918583434243217,0.06677963192918701,0.020897662236239546,-0.016477172860326815,-0.010660920346284393,0.005925733759136664,-0.04049578700268332,-0.023155037863788034,-0.020139148677178545,-0.005275719550595074,0.008078537614465106,0.0018327062239318326,-0.015292517055786901,0.0024787928541740722,-0.03995721782838564,-0.03618772455558935,0.01001827034705408,-0.03521810366293857,-0.03231022287956107,0.05482359263869363,-0.01432387805771096,-0.009691790400921033,-0.01335327527048534,-0.0029064079415152466,-0.009691790400921033,-0.030694515356668044,-0.020139148677178545,-0.03015643712965779,-0.020678208798763642,0.026819468417076858,-0.0219698911119607,0.0029083717306649217,0.04771516686416673,0.022620396267789708,0.0010776292958827663,-0.005168202094650509,0.013895772023082365,-0.031448610390142274,-0.013677300480181299,-0.021108769569829326,0.025743802910343765,-0.013892335392070434,-0.012277118816464832,0.029728822042316617,0.026819468417076858,0.05977823266331725,0.1657668787548647,0.015402980195455981,0.04362312122353672,-0.00807608287802801,-0.035433629522115116,0.0087260970865696,-0.007860557018851456,0.029403814938045822,0.002047741135820963,-0.03047948044477891,-0.01184508520353689,-0.012170092307807684,-0.007862029860713713
superiorfrontal-lh,-0.015703865142219497,-0.012481619402272512,-0.04409303146546921,-0.012538650300324668,0.040231224940223013,-0.02217687207113954,0.009507865432409933,-0.039587590519348646,-0.06552850186193068,-0.024335898925971274,-0.0735331957671087,-0.0076828766947408455,0.012803436612709695,0.00035033265946326255,0.0392983623935127,-0.011198424196098934,0.007772496677394241,-0.004053267397278442,0.012351263063867576,-0.06379313310691499,0.00347073751003139,0.04269577446319131,0.019846752522151328,-0.014041821827556575,-0.022498689281576726,-0.039836082289433056,0.0036459038397630194,0.012730111172356917,0.04319275800336013,-0.01409885272560873,0.001633527865636839,-0.014799518044535262,0.03454442967730773,0.032051364705313355,0.0009776725380370081,0.008603518334725698,-0.016184554140087695,0.019977108860556266,-0.01631491047849262,-0.04617873287994816,-0.016037903259382136,0.01924792809260366,0.015748675133546188,-0.023533392717665896,0.009683031762141567,0.00527943170539986,0.025562063234092693,0.04467963498829142,0.024001860808808628,-0.015426857923109008,0.04269577446319131,0.010310371640715316,-0.01173614409201929,-0.01631491047849262,-0.010876606985661758,-0.018852785441813704,0.2218705616007742,0.03323271902210808,0.007218482239173265,-0.022673855611308358,0.009507865432409933,-0.025517253242765995,0.005352757145752632,0.026947099329645126,-0.002114216863505037,-0.04479369678439574,0.014844328035861954,-0.073329513988351
superiorfrontal-rh,-0.0001412448469662981,-0.03228013948831847,0.021743695531041548,0.013177090155933407,-0.018164508946274686,0.004314081415400458,0.003594786761894482,-0.0045177269708772385,0.0005468494522844391,-0.02563657216399624,0.04700417693833947,0.028199217477014614,-0.004721372526354024,-0.03811081109636899,-0.010161196453396314,-0.037282315202969665,-0.013944028593639949,-0.03353068341698127,-0.010161196453396314,-0.023197885015181125,-0.026871515915531417,0.0010780987274412613,-0.018446155387389578,-0.02809085948993897,-0.02388597931443186,-0.013615581621142204,-0.021838139846624978,0.006471122123100691,0.009847506405208475,-0.017273612344364878,0.02482283319490683,-0.016476316805220794,-0.024386028235333437,-0.033061834850334926,-0.040971546280447586,-0.005143420561617497,-0.013084332345985382,-0.009832749480898562,0.009316257130051657,-0.02979465180812049,0.03010665535067291,0.010988849093977932,-0.008504204666597664,0.017960863390797905,-0.0026423327042918933,-0.008848251816223035,-0.024808076270596915,-0.01217783556694795,-0.00437732537672865,-0.022604235031513823,-0.01017679663052393,-0.013490780204121238,-0.007550907356177373,0.02643302445032262,0.03060670427157448,0.015787379253152347,0.05009975803215007,0.4076600340613095,-0.0014073889527567171,-0.03389033074373426,0.004016834797157947,-0.02146289234274437,0.023353886786457334,-0.0060655175177825454,-0.004408525730983896,-0.006127918226293031,-0.0024230869716874953,-0.02154089322838247
superiorparietal-lh,-0.024402482067918445,-0.03943361865100244,0.02040305899616398,0.02377014678659676,-0.045592056861528826,0.02398434060488397,0.04825996528611751,0.06772232796871035,7.367486688238757e-05,0.023057305856032745,0.004371212797346367,-0.01803326543028483,-0.012661343017204854,-0.028552670264617653,-0.023756485221876854,-0.026905963802842454,-0.030343311068977637,-0.04251283775626564,-0.04122425945536243,0.01754144910036797,-0.01788591569652006,-0.022109778760101655,0.0014393434258479466,-0.02082120045919846,0.0005088932858167469,-0.012166111296108015,-0.04530418817635924,0.015831313945250326,0.0010075403980935617,0.001435928034667972,-0.022682100739260858,-0.03199001753075284,-0.043443287896296826,-0.024402482067918445,-0.03213395187333764,-0.031487955027296045,-0.02905814815925442,-0.035641558615175234,0.005944244392239181,-0.01739068397542322,0.0005020625034567936,-0.017745396745115237,0.02170188347060711,0.06700607164696636,0.0019414059293047445,-0.04000935602134162,-0.04508999435807203,-0.015456108828478431,-0.04086613129449043,-0.010442314576270453,0.015258991966091116,0.0025839873841663557,0.006737590972045544,0.011456685756723971,0.002081924880709562,-0.01259108354150244,0.022407893618811174,-0.0011378131759584474,0.4977595984830467,0.015185317099208728,0.011249322720796732,-0.036642268230908846,0.03128400738254877,-0.019606297025177643,0.012035838518243133,0.0021521843564119665,-0.008584829687388032,-0.00858824507856801
superiorparietal-rh,-0.0095522934844321,-0.04508030928451166,0.007864552505354352,-0.015558194531814758,-0.02793318139422973,-0.012906411632725838,0.016431440259913523,0.06716781820532182,-0.013966590697114865,-0.02642970327520952,0.04135766541610284,-0.034296926256796596,-9.61371443778448e-05,-0.04410825593580233,-0.01423630879661937,0.038438834893742134,-0.005220781034963585,-0.02864085759589998,-0.034652099595748075,-0.020330335559681733,0.03278276623284552,-0.028288354733181212,-0.014500685943658451,-0.017064343127067675,0.01802304409461343,-0.022982118458770653,-0.011496400181850757,0.020586701278022656,0.027658122342259783,0.029249726176959673,-0.033060495761048185,-0.02970103666028901,-0.020244880320234755,0.016431440259913523,-0.044815932137472585,-0.03783263678891516,-0.03889281585330418,-0.028905234742939056,0.03163713192900952,-0.0327053224220967,0.020060617460177222,-0.030937467156037415,-0.007960689649732195,0.05019961222263197,-0.04304807687141331,-0.032000316696659155,-0.026784876614161006,-0.029524785228929623,-0.025812823265451677,-0.04658378740353187,0.021823131773771067,0.06141828287628007,0.04692293788508705,0.0010575085881563099,-0.007693642026460406,-0.033060495761048185,0.008836605854063689,-0.033060495761048185,0.03216321574685496,0.39779146914943275,0.009007516332957632,-0.03783263678891516,0.019531863166099065,-0.010433550641229016,0.0434780235448809,0.026157314699472294,-0.009282575384927584,-0.018562480293622452
superiortemporal-lh,-0.01673982846676208,-0.04852750273805436,0.01879580739911947,-0.00121198758074765,-0.040967580204677945,-0.002399975407421087,-0.005491943723981916,0.03428764865402259,0.024611747803103236,-0.004539953479038222,0.03598363127526681,0.004059958397554004,0.006027938231639294,-0.03303566148315125,-0.03303566148315125,-0.03661162484020867,-0.009463903023263814,-0.021775776863333984,-0.012643870438096757,0.012163875356612537,0.024823745630758766,-0.03568363434933918,-0.0128918678968636,-0.04892349868027884,-0.019115804120108947,0.025527738416935616,-0.018075814776893153,-0.04653552314989486,-0.004403954872617697,0.013079865970444918,-0.018471810719117628,-0.028259710422383285,-0.04918349601608279,-0.04057158426245346,-0.01673982846676208,-0.014363852813415201,-0.028507707881150132,-0.03209567111524466,-0.0010759889743271204,-0.002151977948654241,0.03150367718141413,0.011335883841052262,-0.009203905687459867,0.022507769362597418,0.0023279761451984473,-0.027591717267317753,-0.0482555055252133,-0.01977179739813738,-0.0372676181182371,0.00695592872250878,-0.013175864986741764,-0.027715715996701175,0.02311576313247743,0.016531830598118916,-0.008511912778320118,0.013847858100819664,0.023559758582850327,0.004319955733357955,0.01820381346528894,0.004047958520516897,0.45167937163566074,-0.010391893514133301,0.01588783719712759,0.009479902859313287,0.0010039897121044872,-0.001087988851364228,0.04021558791035266,-0.009415903515115395
superiortemporal-rh,-0.020167697754143166,-0.02742756783294592,-0.007496854621208309,0.026428474409676685,-0.049724994514434157,-0.00040297812056627427,-0.038875904802193974,0.009931427100898848,0.07015995236926377,0.03951899941947073,0.01699815999756491,0.012728262295191708,-0.0010836561895020524,-0.010304129663184239,-0.019277178746777802,-0.03578779785754362,-0.023658782819359795,0.0033689388473247778,0.0075542737834651584,0.06977054605068547,-0.02237885749341614,-0.04339635884896072,0.012213577804416653,-0.02778983054754824,-0.020418254098536703,-0.010598533367846642,-0.017858403446649396,-0.026509905221604586,0.0055226794243408905,0.0007516690331806137,-0.03850007028560368,0.014065606783392227,-0.049724994514434157,-0.030099124855042018,-0.021586473054271575,-0.019819006841528833,-0.022602270233833707,-0.009095195301485415,0.01263012772697091,-0.023784060991556562,0.036888157803338574,-0.026760461565998123,-0.033464931748061866,-0.0018081816187066966,-0.011265639634794437,8.456276623281925e-05,-0.048695625532884035,-0.01306024945151315,-0.049724994514434157,0.01258941232100696,-0.01076452694600736,0.01531525655105499,-0.012559136762726075,0.0007652408351685963,-0.0008059562411325485,-0.0005689716987269872,-0.005813951174698379,-0.0081639608881561,-0.023144098328584734,-0.033451359946073886,0.005620813992561689,0.3987499822546321,0.009152614463742267,0.03101991942068827,-0.01618907180212745,0.08451683090301347,-0.032547269136720534,0.05081178265824113
supramarginal-lh,0.014286529498315277,0.0,-0.10160713231353938,-0.01260884530034798,0.044320412945732704,-0.040254888454635804,0.00039797338218826534,-0.15057215676756508,-0.09346655103476624,0.0,0.02167167627317416,-0.002256771215163398,0.0773617359639381,0.019948713666454912,0.07112523092689205,0.005440558272669521,0.05077854387824887,0.00906759712111587,0.060244114381553006,-0.09466047118133103,0.05077854387824887,0.010881116545339043,-0.006901382723456385,0.0,-0.007299356105644656,-0.0355197201288389,0.00906759712111587,-0.006458130932516164,-0.03313187983570932,-0.06378536256078511,0.05803262157514156,0.008050024461269225,0.016321674818008565,0.019329114388796535,-0.0074757035923628075,0.01813519424223174,-0.027469695667569675,0.02516764604365432,-0.09687196398774246,-0.04843598199387123,-0.0717495963528401,0.014684502880503545,0.012694635969562218,-0.1782181999218529,0.04732785251652068,0.024548046765995948,0.004422985612822878,0.01888586259785631,0.04715150502980252,0.01570207554035019,0.02357575251490126,-0.008316928765491298,0.02052303453536133,-0.08497327478255678,0.005395279863917559,0.019329114388796535,-0.05781576182796113,0.01910748849332642,0.05661707553310665,0.0005743208689064192,0.03485484244242857,0.02357575251490126,0.33620171727987014,0.03423524316477019,-0.0006195992776583768,0.01853316762442,-0.024860229478969972,-0.11301729131903288
supramarginal-rh,-0.03182628984576293,-0.04174890218893065,0.02679250294121218,0.05443937252227162,-0.03506889663686933,0.022768010243225417,-0.030539756835600576,0.015151191217567,0.019772743953368546,0.018413730210239294,0.015923111023664414,0.00951037817441851,0.026122962170430503,-0.03413208316327223,-0.01975281175180265,0.01166124392521108,0.002500585287357822,-0.005455987174082908,0.01876344974680455,0.01626286445944673,-0.05886613328822464,-0.05202123406866364,-0.025496003830266872,-0.0422635153929956,-0.021986124336345055,-0.010951838751297608,-0.03901094250110625,-0.03369991679295713,0.013957071141937427,0.02080197036149843,-0.042860575430810385,-0.022058605069311944,-0.03883608273282362,0.00883087130285389,-0.035078862737652275,-0.03798171609297636,-0.014029551874904322,-0.05980294676182173,0.011898618325677655,0.015326050985849627,0.022768010243225417,-0.05629306726789992,-0.04063722894705093,-0.009325552305352935,0.0018111123150102522,-0.008461219564722726,-0.0610894797719841,0.0013789459446951484,-0.030704650503100256,-0.018044078472108135,-0.029253223825438216,-0.002130933549226668,-0.02771935031402633,0.006505145783778691,0.009767684776450986,-0.0033250536248562394,0.05366745271617421,0.006689971652844274,-0.023262691245724467,-0.012568159096459329,0.02013242959071675,0.015685736623197836,0.0128453979000577,0.5822404459505417,0.0061028777158124315,0.0128453979000577,-0.060832173169951625,0.0357783018107828
temporalpole-lh,-0.0361547643916979,-0.03926122273699813,-0.0036154764391697902,0.029245706981910407,-0.060257940652829835,0.024842756161196237,-0.030825111045601955,0.007879199116046547,0.06131941602144623,-0.0006048070568296987,-0.009641270504452773,-0.024103176261131933,0.03851273223572823,-0.048206352522263865,-0.047001193709207266,0.016450083650677332,-0.041906557469908866,-0.0462137193276629,0.0031020030446974314,-0.0036154764391697902,-0.03606343072934057,-0.04139308407543651,0.017703136945214006,-0.014140010288127072,0.061919767777673135,-0.014461905756679161,-0.04139308407543651,-0.026052370274855637,0.044586420782491275,-0.009641270504452773,-0.005334108646698747,-0.03861297649929116,-0.027118300944074827,-0.0361547643916979,0.002453756806990466,-0.03031609295173239,-0.020487699821962142,-0.05492828730673389,0.03188658641421835,-0.010985657461346778,0.06813268446827359,-0.06628373471811282,-0.048206352522263865,-0.008436111691396176,0.002592984950827871,-0.029063039657195727,-0.04769733442839431,-0.024103176261131933,-0.03393156939090218,-0.045796034896150674,-0.002784562876748139,0.01571050375061303,-0.007557303647494463,0.03726413424179436,-0.006073688546763053,-0.03253928795252811,0.009084357929103145,0.005142530720778471,0.058674081288535476,0.049080705265562796,0.01112043030458139,0.0037502492824044013,0.007322286540696919,0.03257827183280259,0.48767052103125874,0.048850143459368035,-0.04394262984538711,0.01802948771436888
temporalpole-rh,0.0072096543731988965,-0.020508773218008564,0.00036749312977001655,0.015247275195397703,-0.021226048965270524,0.023984461252580396,-0.016094428032698862,0.017896472656992794,0.02473863390042167,-0.003624751512912275,-0.011753876648547797,-0.01123879591646051,-0.01168008284738916,-0.027535418964334032,0.020415793028548682,-0.030808911983731202,-0.01462297963759563,-0.03787245463063599,0.00744874628895288,0.04629527909488289,0.002795309187889193,-0.013151531242492395,0.013849620601453106,-0.030808911983731202,-0.027111842545683457,-0.04944184677628719,-0.020508773218008564,-0.028105107109278715,0.039140232134541396,-0.01947861175383398,-0.020508773218008564,0.037097619718470295,-0.02074786513376255,-0.02074786513376255,-0.02221931352886578,0.029281380299747407,-0.023414773107635713,-0.0023363117446824687,0.009987253048810013,-0.058711824077835255,0.018374656488500764,-0.020986957049516537,-0.0013799440816665224,-0.01454918583643699,-0.023929853839723,0.021445954492723265,-0.0016190359974205058,-0.02345167000821503,-0.02221931352886578,0.01922033344977875,0.03982061098122402,0.013610528685699123,-0.011919174763143144,0.005260022146587687,0.020967770661215294,-0.004066038443840938,-0.02345167000821503,-0.0035686682240317156,-0.0013799440816665224,0.0013238607927859587,0.004505849498746411,0.07579656492208305,0.013243035555929105,0.010189448063984677,0.024388851282929724,0.1613398151011989,-0.010373932566881275,0.0019127353260318866
transversetemporal-lh,-0.020904804225427464,-0.05177844747650361,-0.00810898099847542,0.005653968402606716,-0.059069090943022796,0.020607226941079745,-0.014246512488147185,0.006509503095106417,0.05966424551171824,0.013651357919451742,0.012461048782060854,-0.01078717655760492,-0.022057916202274888,-0.0424791573406373,-0.010415204952170267,-0.03217554387009743,0.02019805817510162,-0.053601108343133405,0.04623607055552729,0.033403050168031787,-0.0383130753597692,-0.015064850020103422,-0.012944611869125903,-0.04746357685346164,-0.015102047180646888,0.0006695488897823743,0.03727155486455217,-0.03232433251227129,0.022429887807709537,0.0049844195128243415,-0.056093318099545576,-0.056911655631501815,-0.05259678500845985,-0.01093596519977878,0.04140043968487681,-0.03864784980466038,0.0010043233346735615,-0.0798251065262764,-0.004314870623041968,0.0,-0.019416917803688857,-0.08198254183779739,-0.04746357685346164,-0.0054307854393459256,0.008332163961736212,0.0005207602476085117,-0.029497348310967935,0.04619887339498383,-0.007737009393040773,-0.002455012595868707,-0.04746357685346164,0.028753405100098627,0.02826984201303358,0.07045142206932316,-0.005133208154998204,-0.008778529888257796,0.03972656746042087,0.0001859858027173259,-0.0007811403714127718,-0.016255159157494307,0.1057143302645282,-0.056093318099545576,-0.02402936571107854,-0.07201370281214871,-0.07335280059171345,-0.002975772843477219,0.6435108774019487,-0.01078717655760492
transversetemporal-rh,-0.022091969725865756,0.09709342477473337,-0.04030785034955365,-0.06711891510340726,-0.01042893928837093,-0.07363700215863908,-0.009021032484440854,-0.05475193126394739,-0.024525388893152304,0.18421852174633216,-0.06387725314127195,-0.03519767009825189,-0.004406226849336717,0.04336700587414246,-0.027375965631973694,-0.02085787857674186,0.03811777309899576,0.2392833211889307,0.04470538641615005,0.09085344276719141,-0.01169779356845606,-0.023465113398834593,-0.008916743091557149,-0.009690222755444655,-0.028575293650136353,-0.035832097238294454,-0.009690222755444655,0.007291566719119345,-0.04749512767578928,-0.07169895760755016,-0.016277836072598962,0.030860969510837645,-0.015643408932556394,-0.03519767009825189,-0.011593504175572355,0.0747928762631002,-0.05605554867499375,-0.009125321877324564,-0.06969138679453875,-0.05866278349708648,-0.029140194528256447,0.10290755842800016,-0.02085787857674186,-0.030582864463147754,-0.03780490492034463,-0.026637249099047418,-0.014339791521510029,-0.053448313852901025,-0.015643408932556394,0.0008430059258099811,-0.023465113398834593,-0.02593329569708238,-0.035832097238294454,-0.06313853660834567,-0.01620830981067649,-0.009021032484440854,-0.050841079030808284,-0.046930226797669186,-0.027375965631973694,-0.040412139742437354,-0.028679583043020058,0.12393925265954821,-0.02998320045406643,0.052457564620505784,0.009229611270208275,0.004684331897026612,0.0,0.45453662810090667
