,bankssts-lh,bankssts-rh,caudalanteriorcingulate-lh,caudalanteriorcingulate-rh,caudalmiddlefrontal-lh,caudalmiddlefrontal-rh,cuneus-lh,cuneus-rh,entorhinal-lh,entorhinal-rh,frontalpole-lh,frontalpole-rh,fusiform-lh,fusiform-rh,inferiorparietal-lh,inferiorparietal-rh,inferiortemporal-lh,inferiortemporal-rh,insula-lh,insula-rh,isthmuscingulate-lh,isthmuscingulate-rh,lateraloccipital-lh,lateraloccipital-rh,lateralorbitofrontal-lh,lateralorbitofrontal-rh,lingual-lh,lingual-rh,medialorbitofrontal-lh,medialorbitofrontal-rh,middletemporal-lh,middletemporal-rh,paracentral-lh,paracentral-rh,parahippocampal-lh,parahippocampal-rh,parsopercularis-lh,parsopercularis-rh,parsorbitalis-lh,parsorbitalis-rh,parstriangularis-lh,parstriangularis-rh,pericalcarine-lh,pericalcarine-rh,postcentral-lh,postcentral-rh,posteriorcingulate-lh,posteriorcingulate-rh,precentral-lh,precentral-rh,precuneus-lh,precuneus-rh,rostralanteriorcingulate-lh,rostralanteriorcingulate-rh,rostralmiddlefrontal-lh,rostralmiddlefrontal-rh,superiorfrontal-lh,superiorfrontal-rh,superiorparietal-lh,superiorparietal-rh,superiortemporal-lh,superiortemporal-rh,supramarginal-lh,supramarginal-rh,temporalpole-lh,temporalpole-rh,transversetemporal-lh,transversetemporal-rh
bankssts-lh,0.46031288700295014,-0.004669205586664168,-0.04167044786591092,-0.04167044786591092,-0.016583137416025774,-0.009351051145138473,-0.022961267191420304,0.059988295013159734,-0.04464336923565486,-0.03996961325913905,0.013195624970909378,0.00979901174608968,0.0008696300605373393,0.011079188091020238,-0.019975200250993825,-0.0297646056185078,0.004682856756219113,-0.00764667734625976,-0.03826877865236717,0.008096154743828188,-0.002964831787785458,0.05446260493664076,-0.0433712824726828,-0.03614273539390233,0.010646901055113598,0.03489592857455054,-0.037843570000674204,-0.02805719822639465,-0.031465440225279674,-0.0365679440455953,-0.005095425436101946,-0.0067912040541497675,0.01320169215737825,-0.004243491336098793,-0.039968096462521835,0.006393297741566692,-0.03189064887697264,5.055988724052696e-07,0.008094132348338567,-0.03061502292189374,-0.0008504173033859373,-0.005100481424826002,-0.02806225421511871,-0.028914188315121866,-0.010205007640631246,0.05871165786033603,-0.04209565651760389,-0.0365679440455953,-0.006376612978777312,0.034465663934133514,0.03404298327680257,-0.026787133858912213,-0.03741836134898124,-0.035292318090516396,0.029360632119455863,-0.03486710943882342,0.047654716119701616,-0.00850113944062494,0.048081441568011814,0.011495801561882315,-0.0072219742934391965,-0.02423689314649921,-0.024233859553264774,0.032335070285817016,0.0178698865462976,0.033191049176799416,-0.010619093117131299,-0.023386475843113274
bankssts-rh,-0.013355052102220148,0.20317115935753083,-0.039053387523247884,-0.03658165413570055,-0.024717333875473348,-0.012269027773592227,-0.04844597439592776,0.0,-0.00016330303170869232,0.007212846405959494,-0.030014919724762407,-0.021961299376563596,-0.0011558422914598955,0.1052266160243356,-0.02422298719796388,0.012425230673487499,0.04880837695723782,0.08952023693657073,-0.03040808952393062,0.06975790755038887,-0.006792163596014271,0.033674445996930036,-0.0031293830967654974,-0.030256324206418737,-0.03273574940343061,-0.013899987218900244,0.02932265687295382,0.04311762130878054,-0.03930248381436876,-0.04043909658216731,-0.010536891449942958,-0.047161442215349604,-0.030700082444757578,-0.04646858768588989,0.03960660612704364,0.1131867513036577,0.016636792194148646,0.009704400994819295,-0.006986825543232241,-0.010937753058575712,0.0013197370008197064,-0.03303158822898984,-0.04152512091079522,-0.04286024153054401,0.002713137869203664,0.001008514556331401,-0.01331215547251406,-0.030700082444757578,0.02119478097953964,-0.029571161486423567,-0.03855904084573842,-0.027741694189165316,0.0022501501072034746,-0.010003494047459673,-0.016924347532592216,0.030015511402413524,-0.012525815874177634,-0.023234293842944946,-0.011533276614426435,-0.037920620660181606,-0.009758243661071076,0.041689015620155034,-0.014491664870018694,0.009583402915165571,0.06373226235139853,0.0008330821327747816,-0.004421607086808194,0.004098846928123078
caudalanteriorcingulate-lh,-0.02684851732962527,-0.024277914606576044,0.4613244775163198,0.24550623262917237,-0.018279841586127842,-0.004338079796721764,-0.040558398519221155,0.04750074877434291,-0.029056203994621187,-0.014852371288728874,-0.03227534530050698,-0.0582669950557825,-0.04998394183706833,-0.020279199259610577,0.013194116774339805,-0.010998126881249787,0.004751418425558617,-0.0037130928221822184,-0.04969831931228508,-0.009711165842630418,-0.042843378717487134,-0.0020665350796990447,-0.007869714589877326,-0.03884466337052167,0.029375494254755205,-0.028276629953541507,-0.04455711386618662,0.011058665579087076,-0.029419120052674497,-0.055696392332733276,-0.027705384903975012,-0.012879884577732663,-0.040558398519221155,-0.024499679079332485,-0.027134139854408518,0.010736055964763552,-0.042843378717487134,-0.003876057306438737,-0.03852711181972503,0.02997361026680822,0.033532116022450306,-0.02651753029758536,-0.03513157054833945,-0.015237100245741837,0.05107774807475514,-0.03627406064747244,0.023753772773603566,0.08822385048715795,0.005282357031395323,-0.021072208781933513,-0.016184696834604908,-0.023642811504982743,0.059013059425996627,0.013348703840879932,-0.033989080449206455,-0.05198329951055106,-0.006409672939947687,0.058650143367943317,-0.041700888618354144,-0.03552135756887929,7.72935332700651e-05,-0.009665801335373753,-0.028847875003108002,-0.008854298268280674,-0.00028562252478324754,-0.010100952863170256,-0.02799100742875826,0.10376506680245318
caudalanteriorcingulate-rh,-0.026561363211487624,-0.023610100632433444,0.19482157579004403,0.40623786810047935,-0.018194427908218864,0.03812597719264421,-0.03718590849608267,0.020730346061837563,-0.03480421841645592,-0.01210017657412214,-0.03393951965912308,-0.05105684261763732,-0.049286085070204814,-0.021249090569190096,-0.011857622406058891,-0.01758910140456229,0.0,-0.0005902525158108361,-0.0338417256057437,-0.011805050316216722,-0.03183788184955599,0.003669457123935874,0.01047243504360623,-0.03678738215626021,-0.03339623320461673,-0.011961022487975934,-0.0457445699753398,-0.010402671132915209,-0.03157850959587973,-0.01302305344983482,-0.02892237327473097,-0.00846086742587774,-0.04308843365419104,-0.01746502130626183,-0.02892237327473097,0.008237249176430622,-0.023595026644587704,-0.0045152199626525835,-0.0156529037260625,0.026388572954115393,0.02886419515635114,-0.023905226890338863,-0.034529772174933915,-0.009543578404120031,0.03805446918418592,-0.004904278343166989,0.10423637679646097,0.05363237670625555,0.030821072851234338,-0.0027556744722954133,-0.02675869541601366,-0.010490997226986518,0.04521847534168231,-0.014917891095567794,-0.03334926714331224,-0.04603969623324521,-0.00644755571038198,0.06178690581715254,-0.04515431745952896,-0.006002063309255011,-0.008263535221351705,-0.003018908656742083,-0.03128338333797431,-0.010034292768784214,0.0018121175801993291,-0.017117322958514244,-0.024350719291465824,0.05478273376218575
caudalmiddlefrontal-lh,-0.01823443315075575,-0.028133125432594587,-0.032300995867053046,-0.02791008849931274,0.39431744788265843,0.06301618644187254,-0.03698985010581881,0.019541759691377416,0.015596926190200804,0.02948277397194146,-0.03959476912735534,0.028908041229253143,-0.013822364783652848,-0.02308284132471555,0.036722798293862755,-0.04217852714952928,0.006995826389276838,0.024411328864699818,-0.03594788249720419,-0.01386468678237805,-0.034384931084282276,-0.031780012062745736,0.0004672348659262918,0.016000678058039286,-0.03698985010581881,-0.017469251413804,-0.034384931084282276,-0.023444271193828824,-0.013439773915176966,0.014958710449424671,-0.016671481737833827,0.018584436080213214,-0.0003940178081316812,0.042336388204774304,-0.0218813197809069,0.012747809236019819,-0.03837208658418409,0.0030298318887376227,-0.046367558583350336,-0.012939951110232262,-0.00568849984865517,-0.034384931084282276,0.014278172709923327,0.01792505934007448,0.036499761360580904,-0.0364688663015115,-0.022880965390796305,0.004836981234303993,0.005475196975080123,-0.03436377008491966,0.009206727602681685,0.042336388204774304,-0.037510833910126114,-0.003339205699418888,-0.03959476912735534,0.016702376796903232,-0.034384931084282276,0.02096631816846791,-0.030897598389325157,-0.034384931084282276,0.015735319126032234,0.017478985473510792,0.03604226055436141,-0.02552820641105805,0.015714158126669632,-0.0011591995450834396,0.002412777147324098,-0.0015629514129219214
caudalmiddlefrontal-rh,-0.014376974012508365,-0.009130961288215571,-0.03323182201779347,0.003664125612887298,0.01171084169571189,0.09611623760776232,-0.03366985527444871,-0.0027505779033887763,-0.024481091659581726,-0.004208731909306089,-0.026144263292840773,0.014691274163675432,-0.010177725297418526,0.03026674329284671,-0.010679883010202682,0.002266934998360151,0.016697195530750285,0.03314873117323206,-0.012699803378263428,0.01451606086101333,-0.03143407934279909,-0.00027546421294814404,0.009004067117988636,-0.03535334803817115,-0.00016437536641496,0.032391430377963146,0.0026674870588273675,0.015472057154146486,0.0338527454486192,-0.013147319829134922,-0.010177725297418526,0.03686614330600113,-0.014204921774585011,-0.03338355312525342,-0.026626099875161548,0.042936742346430495,0.0005662821689130716,-0.019164632349682523,-0.02813437933622188,-0.02861937698328141,-0.005892224673028525,0.008431462819598067,-0.03493247484724054,0.02027371449230653,0.014458258534361916,0.03176870062442955,-0.019521381084484223,-0.020844964048666207,-0.016484501031900158,0.02647256244499373,-0.01354154976012464,0.0028458614262282162,0.01673151566219956,0.03232098379235673,-0.029040250174212013,0.035974271468996885,-0.025588819060174843,-0.029928960946477505,-0.007295737417033172,-0.0022922235162701385,0.031509041735175145,-0.014777526072975587,0.008475266145263593,0.012333571449245483,0.019973413342125358,0.005906223674014417,-0.02066975074600411,-0.0012626195727918265
cuneus-lh,-0.01619455472175622,-0.035088201897138474,-0.0445350254848296,-0.039811613690984037,-0.024291832082634326,-0.026316151422853856,0.4420119396377955,0.09850080853084064,-0.023279672412524564,-0.004048638680439055,0.02348101048942245,-0.04925843727867517,-0.035762975010544984,0.06269510472638695,-0.013903949537897548,-0.03846206746417102,0.020885492632231155,0.025009333989949558,-0.04689673138175238,-0.008434663917581365,0.110394795603272,0.02347895950731484,0.0037580828818597626,-0.0334012691136222,-0.04790889105186215,0.03607609161230808,-0.020576477994683293,0.052085716114027354,-0.016040047402982288,-0.03062287201850158,-0.022604899299118054,0.029251106818856027,0.046801360713748116,-0.0249625032318256,-0.02159273962900829,0.06415437849595756,0.018342958479486672,-0.02361705896922782,-0.03868562451390144,-0.035088201897138474,-0.012145916041317163,0.009420502650643356,0.013585021820162864,-0.0072273191168965665,0.03989502029669386,-0.04925843727867517,-0.042510706144610076,-0.0296900169898864,0.021373284543493104,0.03904352089168088,-0.03846206746417102,0.028092643758402806,-0.027698171533037504,-0.05296968940241096,-0.04925843727867517,-0.0519575297323012,-0.04472200668697416,-0.03171433633010593,-0.03478739118802108,0.007845348391992297,-0.017544100948569237,-0.0076094854496161594,-0.026013289731628846,-0.007383877417778117,0.015599086249844296,0.011589074399098722,-0.007418402283256364,0.016385637888116016
cuneus-rh,0.018268322636479428,-0.002701640369724488,0.020058666169349374,0.004366976213817957,0.007286074676057788,-0.012522883259937109,0.08162264931027437,0.23048499940496384,-0.010566067571497513,-0.05268198720962751,-0.0012721912700544371,-0.005699367746772124,0.015636096855608718,-0.03782296517614283,-0.03444591471398722,0.018120279132817857,-0.025952456193751743,-0.03557006248038009,-0.003293814384370785,-0.04322624591559181,0.0009112968368545403,0.004894342802587505,0.024569078723851886,-0.029042633974538243,0.0190085401547873,-0.026405801030690505,0.012323853819329844,0.026673937915953055,0.020058666169349374,0.040251554353429274,-0.006879108613087696,-0.012513668933983074,0.01713496054413253,0.020280731424841738,-0.03924780711283586,-0.035417411813741494,-0.019586892680502538,-0.019882979687825684,0.0045844343063333,-0.020637018695064614,-0.03174427434426273,-0.010801954315920933,-0.005921433002264486,0.014350084096623214,-0.04920327201777899,-0.03106886425183161,-0.021613122957795904,-0.025665583512382635,-0.009525155882889475,-0.003071749128878422,0.027418762597237953,0.015626882529654672,-0.014632349615015298,0.032669392670048335,-0.011481971571329073,0.0373232415652354,0.040552248523729434,0.03071257698160873,0.008946803357174236,0.0091688686126666,0.015094908777908103,-0.06385405028470238,0.01059831771233665,0.024259170227597687,-0.03203575418860886,-0.019036490276847888,-0.022510598305719384,-0.025721176612305337
entorhinal-lh,-0.03253414265519067,0.017576379728457072,-0.04224802731174332,-0.044054140446320444,0.005681499111823858,-0.0066695456024540925,-0.026093606264359033,0.009445161971659632,0.30437302171931696,-0.014386167060477536,-0.02037053935366443,0.026154489954898337,-0.0256467137947152,-0.013257809932766878,-0.04608740846691985,-0.02398647427401905,0.077586373855809,0.017990976027231063,0.0050738984234976,0.008089649957926695,-0.013785983674552006,-0.00900568680441653,-0.017288341151895495,-0.041343116418854575,-0.033210044336456954,-0.0014007884638040455,0.00021788325802136958,-0.0029077370682185012,0.09565121385278064,0.04057295318624571,-0.035243312357056356,-0.0073851607569909395,-0.04175771271762857,-0.03287116633302372,-0.0018153847625780387,0.018594868064356958,0.00036746552310270615,0.033615369007230035,-0.013710265379211252,0.02017197198731162,-0.0019252535543888138,-0.013893998140762602,-0.0267713622712255,-0.03456555635018989,0.03161996013430101,-0.016606876493828658,-0.033588635813160746,-0.013935565939633347,0.004699015597994172,-0.014348307912807156,-0.039309848398255166,-0.02575658258652598,-0.020336388857194413,0.0387289809039982,0.0663636862692417,-0.015781392547481038,-0.013672406231540875,-0.01250433563055965,-0.039309848398255166,-0.03354892233989019,0.01261049577117006,0.03647412097417706,0.0028550433157466656,0.04584912762729648,0.008617823699711827,-0.00794933932084627,-0.003884657605247644,-0.014232876144195836
entorhinal-rh,-0.05696532042850599,0.014666682352446857,-0.030191619827108173,-0.026773700601397814,0.0237651933987966,-0.007975144859990837,-0.010253757677131077,-0.043863296729949604,-0.023002579609849437,0.38589264471602625,-0.003481680114555228,-0.0013557578470171643,-0.03190057943996335,-0.03694691820840905,-0.014915014235316344,-0.013102023698556377,0.06471646321847604,-0.00107470656066151,0.003386038781287927,-0.009475203665972699,0.06730800776639437,0.01916014709788246,-0.03190057943996335,-0.027913007009967933,-0.021077168558547212,-0.030191619827108173,0.04948012766174413,-0.04101503070852431,0.02021891343633276,-0.0340105614852902,-0.016648303661020217,-0.0006174738709187104,0.014065148703739363,0.017370647414907455,0.06723585728691202,-0.02452696822868001,-0.01192244725492634,0.035399038735793545,0.06212491867055771,4.0270035059918163e-05,0.0,-0.029621966622823112,-0.005014458324023274,-0.010325908156613425,0.02760846486982732,-0.03531849866567371,9.648029233104827e-05,-0.028482660214252994,0.030272159897228007,-0.013671676902841436,-0.02278612817140239,0.022297015037237168,-0.026773700601397814,-0.025634394192827693,-0.011962717289986255,-0.02392543457997251,0.01983383122607231,0.028876132015150918,-0.026204047397112754,-0.00589704325908643,0.018967186513220373,-0.02449508778425757,0.0005377727598626247,-0.01570950846868593,-0.031731948668149955,-0.02392543457997251,-0.0021259222675380565,-0.07861214219133826
frontalpole-lh,0.0026701342545551233,-0.01246298619559961,-0.03621420692066119,-0.03655265745262999,-0.025383789897659714,-0.00602607937789231,0.0023475504983367554,-0.00140079219452069,-0.016969516665085314,-0.004963737715340414,0.25358378646034796,0.03427492076759513,-0.008448569878619559,0.01984347796197289,-0.0355373058567236,-0.00714175781738988,0.020275908627232695,0.035606509409419715,-0.037953449647150674,0.006389916751061795,0.008342506585333991,0.02987189049685068,-0.010143995893613629,-0.010335129515345735,-0.006991267552003104,0.013372274498220423,-0.025571750164241736,0.05076184334562505,0.020163498623646952,-0.0197958776347216,-0.002456787146772411,-0.023541046972428956,0.023190513280465605,-0.03645550396418889,-0.014355892542625958,0.05234742245157767,-0.0026447474133544317,-0.01179243184196219,-0.0037039157207562423,-0.009852535428290335,-0.004102049739970888,-0.01361613463629243,-0.0355373058567236,-0.031616869673034564,0.04107505469786612,-0.028125690799455243,-0.03587575638869239,-0.02867114172890658,0.0,-0.016029105071569426,0.0036480158492662664,0.004036629803030654,-0.015408714139727595,-0.009554728252666872,-0.007852955527372632,0.015359160978537786,-0.007035084263498528,-0.0291975525274574,0.014920383602977802,0.04317496144237501,0.022939696171487653,-0.00560316877808276,-0.02368836388266565,0.017665457859923427,0.008188842964797133,-0.015076610318058967,-0.025286636409218615,-0.005076757979531943
frontalpole-rh,-0.005216476723496409,-0.006689443456456662,-0.05688687638070279,-0.04896963069885241,0.00035491838595386524,0.03327252965189191,-0.04574408616180224,0.001111634159308426,0.0027896965235985572,-0.0036073074863325295,0.024223219435102555,0.23276231930875627,-0.0370629186438749,-0.003989070435614899,-0.021255667781014845,-0.006777975084189015,0.029562278412382226,0.009833662428496863,-0.03856312587767587,-0.0041529093781714705,-0.03614917405317395,-0.02158294972861577,-0.02336957815875658,-0.036947146515301815,-0.017341112785199717,0.06605354247611411,-0.043691466910952145,0.007761008739528442,0.062227915045543564,0.087985392340498,-0.0031842878482768516,0.023220547279157032,-0.010883213585889222,-0.04222531030320208,-0.02463143101020121,0.037384182341290075,-0.029766186231175447,0.03052408981706666,-0.00985330092910297,0.012698270329407412,0.025702600355760774,-0.015159101155356174,-0.009089775030538224,0.01979069898580143,0.00927444028623756,-0.005973192496850964,-0.04755795509278379,-0.01802331311875451,-0.01671418532835082,-0.0010563612826025362,-0.014088327747308832,-0.039306617338122296,-0.03683097844921652,-0.011933160680793798,-0.03638111424783233,0.03733049321463307,-0.01681594126899132,-0.005413970354591664,-0.0028021289614822563,0.0024283639499467235,0.023629550729280125,0.003948605621866032,0.010393280508268392,0.054971647446592976,0.019401334036284437,-0.008271768130292035,-0.003211528349117578,-0.001466156607750072
fusiform-lh,-0.005038426771362224,0.011723118778600355,-0.054212391870911904,-0.05182942959087183,-0.01316684858717203,0.014706936159642994,-0.03455295306058121,0.02669744261853287,-0.02606610491281483,-0.014893514250250523,-0.009728656272752932,-0.037511402367900896,0.305010784014303,0.01641334827999106,-0.02661642844761117,0.0007827278230969604,0.016953442752802344,0.025329203287410954,-0.03602205094287585,0.03773889670644868,-0.036117999544295724,-0.009880046390131854,-0.016529141261661964,-0.04497841303575658,0.06856622081083054,0.03164523990070744,0.004392563797625392,-0.008032268633150224,-0.006467222149435708,-0.04648290347251952,0.0847320257907831,-0.016064741847540143,-0.03128640440627146,-0.03902100733565637,0.0488965529385148,0.038127601061881046,-0.03075633441420554,-0.011319070830190398,-0.022506800504492594,-0.02966080187560538,0.0009592814329591304,0.015706520096823266,-0.009506481046437386,-0.04110609933069144,0.0007371062066435802,0.02311297471772738,-0.023975898386787233,-0.03634017477061128,0.0008381693390559927,0.042262597078722576,-0.022708722188077724,0.00032835288972048963,-0.041449386650910136,-0.0023676186870624943,-0.025364391260639566,0.017392883255680613,-0.012687105580072617,-0.03097850964052109,0.003372726317714701,-0.007466806086615984,0.0493255597981683,-0.006941850625542592,-0.006951875106287955,0.02848466432856293,0.0,0.029428806749784174,-0.009334837386328036,-0.007744627410130272
fusiform-rh,-0.020294890362591654,0.08614284556627685,-0.03139313485393095,-0.03264886024808819,-0.02302163222621603,0.021018026147070993,0.014826789394536206,-0.020695089534106134,-0.03084759854525284,-0.035422481691156874,0.0002539223545847188,-0.01710269378813722,-0.006968560736861777,0.034488022368158004,-0.041438938007188855,-0.009947345595538584,0.033760188184847946,0.09006736590514623,-0.03139313485393095,0.06193356252451759,0.0489862370711325,0.05806886846409269,-0.036416036430559906,-0.03348601051085968,-0.009723806220059191,0.00017665979603509308,0.023052954885087497,0.05695023190692958,-0.007592299283855646,-0.017754935954704135,-0.0026761035651155013,-0.011037478533128647,-0.015350191024278467,-0.023440207357601776,0.009395440346223282,0.06258862373038293,0.021125671684725938,0.00657118060464572,-0.016197468946751732,-0.017336360823318388,0.01231439892645558,0.014904051953085829,-0.025951658145916254,-0.01780369489368072,0.02384040652911626,0.05016376022697396,-0.03264886024808819,-0.033904585642245424,0.041440817366721144,0.022488102936771993,-0.01793984405090871,0.004264893231939372,-0.0188450688922942,-0.011398106745602174,-0.020695089534106134,-0.0011572678364379194,-0.012079792211508268,-0.010882953416029396,-0.00760148726379128,-0.0050026462572254,0.04229728326913004,-0.012565502241741864,-0.023410764058262593,-0.04174067962098402,0.02382109088947885,-0.010054051453427392,-0.049965905431769174,-0.01910817922681455
inferiorparietal-lh,-0.01339960170037865,-0.018949426975286645,0.010935773037477252,-0.011151733961317271,0.02992616939084858,0.00923728722475361,-0.009347120025576385,-0.016193146687972226,-0.046512229848430856,0.0009479616737680057,-0.03824338898648759,-0.01145529961914689,-0.02474877319650829,-0.032041758340030146,0.6000521122173125,-0.020754040911027533,-0.0034453503591430263,-0.007235235754200355,0.0020598008598747596,0.015640060083828962,-0.040310599201973406,-0.0389324590583162,0.008199977439205175,-0.01550778129394915,-0.03595455186934153,0.0021417396160441225,-0.03755431891465899,-0.01824357689222123,-0.003268397513372999,0.008848078132949097,-0.024806522585829792,-0.010380725133319293,-0.04237780941745922,-0.026287086174698715,0.00931552130311746,-0.014815006544315014,-0.003977952274243946,0.003626007882718584,-0.0022347924056300913,0.024290700681965684,-0.00046744317016836036,0.00639906818126982,0.07081600586382782,0.006235190668931075,0.06121369891411757,-0.03514257366325887,0.05298212275245345,0.026255487452239778,0.003646492571760928,-0.03550759338821551,-0.03755431891465899,-0.03548710869917317,-0.01082768361444531,-0.041688739345630624,-0.0385879240224019,-0.019601232346836098,-0.041385173687801,0.012600698827727266,-0.041688739345630624,-0.03238629337594445,0.05766962978756836,-0.006061942500966575,0.02591095241632548,-0.0130923313647435,-0.015524561305185964,-0.024806522585829792,-0.03791933863961563,-0.0130923313647435
inferiorparietal-rh,-0.023919833270195867,0.02765985224832874,-0.033119528193794066,-0.030391569627583073,-0.0270659597874795,0.009899460618501787,-0.04087082715802154,0.023996888937584532,-0.025572771306008858,-0.006046364014648143,-0.016215206234589986,-0.014311054193713117,-0.010972914976798379,0.004789980754908534,-0.02334912015644728,0.17022348688765257,0.011753495152133982,0.029307465298996988,-0.035289303023067625,0.033474736026390596,-0.03025875823338472,-0.010813165422456023,0.011439321028594006,-0.03203730327172965,0.0019292107944991876,0.01489774226289594,-0.027405192664641805,0.034734564864753285,0.00011119821919909383,-0.012771193783620896,-0.0004864530546934937,-0.021656714583679116,-0.025533303769053693,-0.034984212697715754,-0.013115751645927938,0.041644202941690724,-0.02603040679403668,-0.0012222407079291852,-0.006306661817900103,-0.013049345948828768,-0.011588420612646878,0.015096959354193472,-0.034964478929238166,-0.0116961732532229,0.0316297852909465,0.02308694294667365,-0.02784309438419203,-0.02996619728484401,-0.0012689126365507757,0.044616171121299154,0.047336925295843726,0.003023965093374774,-0.03658327441324073,0.010278161032619255,-0.03552798765132033,0.06895949732771241,-0.01439719365928988,-0.012099932420962706,0.013264537995560526,0.01818200515952267,0.022948806567330546,-0.008336420861308898,-0.019154911268909666,0.00241378444267101,0.03313017816408355,0.01956399542179422,0.002858890553887664,0.013969941910029142
inferiortemporal-lh,-0.0436083310434351,0.03605832866410511,0.002529703327927054,0.0,-0.011373608734527156,0.017075497463507616,0.005697419288471753,-0.14030467644926872,0.037955606160050406,-0.04928116840910898,-0.027166376772036427,0.03225371743106994,0.0151793373276895,0.007609222466070336,-0.024650081765635486,0.004431450264381049,0.0002078289836547796,-0.06759693561378224,0.000635777912363292,-0.041711053547489815,0.04174010491079639,0.05755075071034048,7.821520890233802e-06,0.0,-0.009480800679090573,0.004430332904253873,0.06703713819006693,0.00697120983345269,-0.010715483619620337,0.06261127472632176,0.0,0.02340869466434266,0.04237364810290534,0.004426980823872345,0.0828533707902469,-0.035370034825764535,0.03668516769545099,0.01014451259463327,0.006327610400199163,0.0385813278312691,-0.04360609632318074,-0.05688480407454343,0.027826736607197596,0.01770792329548938,-0.15862714781470502,0.0056963019283445765,0.002529703327927054,0.006956684151799399,0.013280942471617034,-0.010104287630054927,0.006956684151799399,0.010751239143689981,0.014556967736852324,0.02720436701636042,-0.03664606009099982,0.03226153895196018,0.04806436323061403,0.024032181615307013,0.007589109983781163,0.006956684151799399,-0.05307460604087237,0.03162464367946971,0.05122649239052285,0.020870052455398195,-0.1958978122167964,-0.00442251138336364,0.05186338766301331,-0.0322179619070003
inferiortemporal-rh,-0.05081052673835665,0.08865196511518292,-0.016550965002379608,-0.004137741250594902,0.007374016399929364,0.024651425668534944,0.015362534166519505,-0.06455492333020893,-0.031054085691284854,-0.0867190251536432,0.02826706286639589,0.0015565393653826796,0.007445387402033098,0.025713698633456503,-0.02586088281621814,0.024580054666431213,-0.0041084228721373515,-0.26018106322512213,-0.0031033059379461767,0.04242991267805139,0.057117827994810286,0.07403690152671247,-0.01622342837031849,-0.01137878843913598,0.012679162174561276,0.006605519510057205,0.05896133209479263,0.06108054741037073,0.010159558498633604,0.010999426390609492,0.005212748460705087,-0.014216155954305587,0.0019148751020860754,0.0,0.0407922295177458,-0.12096200275635133,0.010200130396095061,-0.0010344353126487255,-0.0009014661012604403,0.019602445523860416,0.0,0.016591536899841067,-0.0010344353126487255,0.0075685838206021976,-0.021959761609942254,0.04505316718690979,-0.004137741250594902,-0.012413223751784707,0.02830763476385735,0.02150754783312731,0.00035833573670339386,0.04198066035360589,0.02697646192378978,0.025942026611141054,0.006759515033268583,0.023484021144497932,0.009217520499911704,-0.016550965002379608,0.005663481511335307,0.011061024599894043,0.037945089209757,0.04531910560968636,-0.02586088281621814,-0.0486184596944901,-0.025421403284591828,0.0012695746307830214,-0.018128530679585378,-0.10447796657752127
insula-lh,-0.024317376132520125,-0.0070839372786454125,-0.051600285939737825,-0.02962199320634699,-0.02105528909035279,0.013602395327443721,-0.04418645175299388,0.006673607584785237,0.019100132744749056,0.010402368099671155,-0.030173726731689984,-0.03416569707341689,-0.03059671336138068,-0.020462182355413274,-0.006627607108325956,-0.02494151277465703,0.010337994651845,-0.0002965533674697576,0.43835786582446573,0.07246136591793854,-0.019072505239656642,-0.026434622914404945,0.04773134645812687,-0.03855193777106849,0.03065768440710186,0.00787247799049478,-0.016212718222381742,-0.02630818965218401,0.031599061021506766,-0.012790854377364705,0.005425334300511436,-0.025207036234929397,-0.040331257975887026,-0.04151747144576606,-0.02314150596504022,-0.0020758735722883033,0.053938280570193516,-0.0019264400718377317,-0.04330713495298373,0.0125012419101891,0.0685314553906064,-0.03084155021685479,-0.0346013406389381,-0.04507611185540315,0.045312919041909525,0.007343744703381422,-0.018796638476985143,-0.023066789214814937,0.11068803404777126,-0.04142206809074252,-0.04211057818070558,-0.04300023828311485,-0.00845864382514014,0.014494369063284374,-0.024761049367009066,-0.02372195576414922,-0.04134735134051724,-0.015874791645315467,-0.04388989838552412,-0.01137246098784208,0.08911204133927288,-0.009500051061431371,-0.026805893032099987,-0.009786261126502,0.04628763919694322,-0.016606988578306427,0.00028852369850201204,0.010327651349445872
insula-rh,-0.02104979942658066,0.06662803903288324,-0.022062543792900194,-0.025546103339147593,-0.025408377132175426,-0.002855535069301632,-0.016837204473529092,-0.03483559546247399,-0.019829236051526356,-0.023991940388786992,-0.006140761850661829,-0.01663061516307085,0.01598941534744791,0.07390855551471265,-0.01955378363758203,0.02312394907673412,-0.004330118974052049,0.07262984497829636,0.030818873877756555,-0.025121330420195192,0.0049094825334834126,0.014552776418087783,0.0073102049116486635,-0.02961025614310289,0.007576171081745412,-0.015913525396667332,0.037962893850890335,0.03240272525793641,-0.0006304838734988358,0.004732581652844424,0.008019038132481148,-0.035790192667431546,-0.0060921009331474305,-0.02032076401977649,-0.007115561241591069,0.0723733650520472,-0.005481819245620276,-0.03135203591622659,0.005037722496607999,-0.01416102968141952,-0.002902966288539499,0.01382497070956015,-0.014849660716280324,-0.012901291632698382,0.007054954683676021,0.08772526967870176,-0.025546103339147593,-0.03019084940081079,0.026056603795092878,0.026302367779217937,0.001799926934485672,0.030681147670784385,-0.00763677763966046,0.04220394753548462,-0.011641553583977251,0.011227145264784228,-0.03244435932815631,0.0,0.01817406217130734,0.018134887497640518,0.033122274420893,-0.02989642449917132,-0.03572132956394546,-0.012596150788934807,-0.013934238184989595,-0.03306535695780757,-0.025979484146035757,-0.07431593698661117
isthmuscingulate-lh,-0.005167734127567268,0.0037059049433239024,-0.04846418562231254,-0.03671114314597429,-0.021043659546530445,-0.024882046298186244,0.043033941244902445,0.00663928241883213,-0.018546887004890926,0.026638090780420228,0.0008117813369510475,-0.03861438963746594,-0.03828327947689855,0.06376121083179129,-0.036029295890271824,-0.0312711796615427,0.04573679659950269,0.05494645256460316,-0.031636636957603534,0.014244908284335852,0.3323520359801053,0.0840077148820341,-0.028418763291126185,-0.04208731909306089,-0.04686996898999963,-0.02235828672151615,-0.006217492046151531,0.038307718784845825,-0.03379739260503374,-0.04686996898999963,-0.02933358603455759,0.033561869390221495,0.020795869497613383,-0.03320631992170684,0.030061952899595974,0.0844762135845753,0.017009003449197774,0.0043828454653844435,-0.024612270308142878,-0.020136196903561922,0.009175308829607027,-0.01915513325596456,-0.0061831449106580765,-0.04529047255861248,0.07368706118808768,-0.018259937447100836,-0.03544312994058684,-0.03316706605257147,0.05840956855291428,-0.030017886657081015,-0.035752159799765586,-0.012569824907193569,-0.03384645994145297,-0.033525163248169426,-0.0360366559907347,-0.03701281290469014,-0.0357570665334075,-0.020749349888277473,-0.03734392306525752,0.020155729477867257,0.008216325483398316,0.018686634553423356,-0.029667149561945935,-0.009884143120340057,0.03430259744962701,0.03899692614101116,-0.0007579016271522527,0.008873639070891169
isthmuscingulate-rh,0.01443856832044242,0.03093115891241222,-0.0256551409208419,-0.020957356089743584,-0.021316953826355515,0.0029055497118244374,-0.007865121695176249,0.012847707933671218,-0.017692208641307206,-0.0013060589793745493,0.010465732526353765,-0.02757107766151029,-0.021075304147352293,0.060190907545052165,-0.03574689180111925,-0.013690605028289596,0.05110603032728822,0.06387318836795837,-0.03889409119194691,0.01793961188409622,0.0560886165657832,0.2343023780487654,-0.004884775654136525,-0.047225251553772225,-0.03486659654189323,-0.01463418948915931,0.02147517683046477,-0.0069330443618781075,-0.014386786246370303,-0.03821229388333068,-0.032585308500827116,0.016512728065220063,-0.014619805579694835,-0.0413220951095507,0.03884518589976768,0.056617944434075966,0.013535258806073239,-0.008486506584041669,-0.034763032393749,-0.021969983316042795,0.007939918024391528,-0.01902128187582492,-0.03541893866532917,-0.01229824259212818,0.0812316903096897,-0.004073523160340001,-0.04656934528219205,-0.028267258879590997,0.05495228771808948,-0.00033370669957587734,-0.022033272517686494,0.01621354274835893,-0.010986430048967844,-0.0034291240163314106,-0.026759825167713767,-0.03568072581758266,-0.013230319925426318,-0.005675890674682786,-0.031296510212809936,-0.012390299612700837,0.014093354493294965,0.030614712904193715,-0.03219118938150044,-0.004720799086241486,0.01721466284708656,-0.012905243571529128,-0.030905267875376154,0.010511761036640088
lateraloccipital-lh,-0.030331720945901072,0.005052811826177605,-0.027580657389215148,-0.009984039368765126,-0.009070868180308637,0.02240564252991265,-0.006680741852261648,0.02901935318256992,-0.023266323132832792,-0.016133894120160145,-0.011327241483914287,-0.026935301624408742,-0.019186288700298332,-0.026136908474659434,-0.012694471705998554,0.017488955601393148,0.007949797148156123,0.0018189173824952679,0.016967865368161007,0.028213844413170302,-0.02960035899575613,0.0017136268366551685,0.31546769719898915,-0.02951909655685114,-0.023789785239281706,-0.029884777531923607,0.02285732969032365,-0.028472172343953307,-0.00830124688392797,-0.02867058469478225,-0.02488445629128235,-0.01850741733568974,-0.04174496861515389,-0.03743063435877153,9.549367820560882e-05,0.0022634889232559597,0.00251913560605479,0.023569716654734427,-0.03807599012357794,-0.0310153360569432,0.010736748177861,-0.005155730498800937,0.010789238763397348,0.01724754015789495,0.05419297175645328,0.007720241070741765,-0.010027042461434394,0.011597119406013738,0.027685638560287846,0.0030808570587394337,0.005748286303303594,0.041257084606956526,-0.010148936119791884,0.0038122190088843762,-0.024602409628331642,-0.03125437962722464,-0.04227080259481957,0.004732505816991173,-0.017171330840190898,0.0318946822708301,0.005731683190786198,0.006988879120596822,0.018253833151340278,0.005896579941812956,-0.0016133894120160144,-0.017422233776556186,-0.02064426885415467,0.00476602141679336
lateraloccipital-rh,-0.026388081018665164,-0.003904652756581183,-0.04609563519716193,-0.029595885716918437,0.05196989155662035,-0.029394318096740937,-0.035740818594900914,-0.01235897465431153,-0.0387470556729767,-0.01436313270636205,0.034018855211098896,-0.04409147714511141,-0.04876784593322929,-0.02471794930862306,0.0035763854894349826,-0.00933546035164911,0.0,-0.002338184394058939,-0.04542758251314508,-0.01305582271263944,-0.046763687881178774,-0.048099793249212444,0.011420245451770627,1.0,-0.04242134543506931,-0.018573016430640583,-0.04475952982912825,-0.03807900298895985,0.014875690369099104,-0.008390972074245993,-0.024499104463858928,-0.012894568616497445,-0.04876784593322929,-0.04242134543506931,-0.035740818594900914,-0.005344421472134717,-0.035740818594900914,-0.013695080022345209,0.0016010228116955254,-0.03607484493690934,0.06533094523695714,-0.012111334435236324,0.010838578890687001,0.003489999366501767,0.05815513795863833,-0.012923363990808515,-0.013401367204372286,-0.008028150357926502,0.051111789402150436,-0.035740818594900914,-0.04876784593322929,-0.04409147714511141,-0.04242134543506931,-0.04075121372502721,-0.0016816498597665278,-0.039081082014985113,-0.03910987738929619,0.0483243971688388,-0.048099793249212444,-0.04308939811908615,0.0028910555808314953,0.012042225536889757,0.0009617655019897638,0.051417020369847785,0.0,-0.021711712230547284,-0.03640887127891775,-0.008016632208202075
lateralorbitofrontal-lh,0.0003086094842099967,-0.010022377130264479,-0.00674394776542744,-0.036439523828206026,-0.021762651247703567,0.017013737031758295,-0.04501589504661971,0.018332977008168716,-0.02683066592182632,-0.009241673817517953,-0.010584518485355202,-0.011536574372903879,0.06865380789101007,0.00879318468040825,-0.03297662817110748,0.013562206596457859,-0.0020868295716976026,0.019583151405959908,0.008757340519352699,0.02704660513599025,-0.043227183985164626,-0.02848212007387356,-0.022680611469857937,-0.03577422122910176,0.23924753557617826,0.03327124969002752,-0.03444449027872385,0.012633755400336009,0.0022564336508385033,-0.03071844602460774,0.10234032530058361,-0.024033072863832047,-0.03416910221207754,-0.03935164335201193,-0.017749853705143034,0.016956910922767788,-0.027266915589307304,-0.00909305168631201,-0.01785388919698719,-0.010721775394763046,-0.017577626882510265,0.020349866753416462,-0.024687010241138212,-0.04093403192543994,0.00911490788207759,0.0007203802124335228,-0.018438760995674125,-0.010916732660992025,0.03729716095004739,0.01122271940171015,-0.014471424340305999,-0.00767239896154929,-0.007925056584599398,0.014776536833193493,-0.03782695513540506,0.03882010067099302,-0.05604627992559276,-0.009242548065348579,0.0032198547601852787,0.015396378545105354,0.05450672949586528,-0.007969643223961185,-0.029594163314426287,0.034820416845891836,0.01600572928304973,0.03929132025169894,-0.01912591979054397,0.00693628228816455
lateralorbitofrontal-rh,0.0004349840729818802,-0.009324965711821303,-0.035020542879114346,-0.024084534561098478,-0.020495038111636638,0.0345471904531701,0.0031996465773977455,-0.008784297380902889,-0.013393809642377765,-0.015980247721537614,-0.00373980104644613,0.051904416699102805,0.009620864505314596,0.010245035390113169,-0.02198318208724861,0.007324330164497665,0.00865069329469463,0.017886675259355434,-0.015294499055980232,0.002302272465032286,-0.02806987593777478,-0.01770793697222939,-0.033894585878229765,-0.03673726974324544,0.006560817069275474,0.1468788511840774,-0.025227192072759096,-0.0062257791300147644,0.04235634929204271,0.05548843195528431,-0.00460377413725952,-0.026514672988123662,-0.01849388870244296,-0.024051133539546413,-0.022306486847143585,0.023460620607234913,-0.02377244911869919,-0.016119589931961224,-0.008076367011289137,0.04924569538355849,0.010389858793817115,0.0547358812466228,0.004726929698777138,-0.01940248213230411,4.4620339047757605e-05,0.0388837564180131,-0.022462529568343232,-0.039780616668508524,0.010674024407944677,0.03305904647755812,-0.0031991327155277125,-0.0002784274899122048,0.01295959636220093,0.009052276346124453,-0.02999848517964897,0.014135654895413616,-0.012173130770117325,-0.00737417476589074,0.013823569453014323,0.005005614119624361,0.04620209152736039,-0.032350602246074334,-0.03475855896904316,0.01584116244204902,0.009392024685860447,-0.02795245850047252,-0.03842059558582448,-0.020979866786011603
lingual-lh,-0.027435868912544206,0.04774858152885816,-0.0513212136128768,-0.04873901418581383,-0.02130314527326962,0.025627444998727832,-0.027064456666185833,0.015466667116209446,-0.00416512304844749,0.027586202440832118,-0.026219935963156665,-0.049384564042579564,0.004200495643338758,0.048531200190827586,-0.03389136748020167,-0.023646579684816506,0.08279397991738763,0.07163834780355217,-0.023849972105441326,0.060469450966632476,0.004717819843623634,0.050184869001994634,0.03767623513356795,-0.040669640976242004,-0.04054583689412254,-0.019897084626341485,0.2739209532636625,0.0033825043864780515,-0.02021985955472436,-0.047447914472282325,-0.007189479911651391,-0.012734134160858553,-0.024937679398347998,-0.04486571504521935,0.1010108662863936,0.061190167587542185,0.04238963340283018,-0.014785744664552429,-0.036411664866204924,-0.021316409996353848,-0.008909472338239577,-0.017244140009495954,-0.036416086440566334,-0.031198628694103447,0.03249857155635776,0.0008577854261133887,-0.049384564042579564,-0.033312141238857056,0.024102001844041654,0.011624318996144833,-0.045511264901985087,-0.011208691006172375,0.00955502219500532,0.002011816334441193,-0.029058586703181392,0.0037539166328364256,-0.031070403037622586,-0.027758643840927077,-0.04209338792061577,-0.01404292017183568,0.01578502047023091,0.029001106236483068,-0.010740004123862994,-0.009683247851486191,0.003095102052986453,-0.008016314317234914,-0.01925153476957574,0.0021223556934764245
lingual-rh,-0.028930399196141276,0.040012955669118326,-0.02630838831418558,-0.033202613909224445,-0.018361768577786167,0.01206132331798761,0.0066652849969357246,0.013336064568225925,-0.024510563585401195,-0.024732178084365043,0.019554457517664315,-0.008323547537116423,-0.025559660982149048,0.06256452034467054,-0.036200087372069305,0.024724119375311812,0.026002157370162808,0.07583318480081488,-0.04017119941052722,0.03484182859164296,0.025772117857188772,-0.011396479821096078,-0.040921391962391605,-0.04496759651702734,-0.00697408007565725,-0.011770477182157376,-0.0149924955836218,0.20291646243556438,0.007564929971241845,0.007113275959303964,-0.008022444862491169,0.005989452351335238,-0.03964738332206722,-0.03387588242012617,-0.026383114525406436,0.13045951042309623,0.024648294249220052,-0.005995679535603647,-0.016865412828584014,0.0024681628000303825,-0.004122029680727507,0.016259178124806883,-0.01611558658167659,0.0014934253095464374,0.0197075729896757,0.021802471038558716,-0.044218136575076894,-0.03897191698142371,-0.009443341790558531,0.008538568546854905,-0.022711273636788955,-0.023160363514028087,-0.02263618112061113,-0.010121738570857772,-0.028104747823142092,0.0189533510832847,-0.029454581589558236,-0.020610148403637535,-0.01686651174345491,-0.005775163951510697,0.03454512157650128,0.005466735177746139,-0.034475157329720965,-0.0057729661217689075,0.030498184411951613,0.02914615281579368,-0.03507553115418665,-0.01319064150031081
medialorbitofrontal-lh,-0.023540364916457786,-0.02736757780294352,-0.034953875178982775,-0.036023891766094496,-0.01849371097563928,0.03701375729799185,-0.028027678993387505,0.015714186882312693,0.05017799560941337,0.007857093441156347,-0.0030371524850870313,0.05119763153324749,-0.013090384839116868,0.0015938609836912902,-0.021746698802267837,-0.0008925392505656319,0.036325603238222835,0.017105380197819098,-0.0019093126367135255,0.010703028408803402,-0.034518769450676244,-0.010854170398636195,-0.009523662882077809,-0.02206043293267834,-0.016950230655225586,0.04472428880961337,-0.022973582454584807,0.01808207805635981,0.15751170869218747,0.08608624085298429,-0.006566661452205136,-0.021225716943374495,-0.001249211446269538,-0.03459720298327887,-0.012969013241220833,0.0013688655215538346,-0.005999878990332158,0.00456116754923438,-0.021172473742410665,0.017482662664863844,-0.014003534361023336,-0.0047626902023447685,-0.020676682215156124,-0.018718706437776737,0.027972718269811944,-0.027296586868325083,-0.03531054737468668,-0.021347088541270525,0.0040195754190001974,-0.014367649154711433,-0.02305201598718743,-0.027488949400839548,0.01517831982745097,0.03550405492227564,-0.05644008305180394,0.04646471172283949,-0.04638971323546034,0.006832877457024263,-0.014577759420880505,0.005380998342569847,0.014583484496252961,-0.0026077718321529564,0.014037312305720815,0.0174191143282296,0.019665633904380687,0.011765602397930928,-0.023522617182803178,0.003976637353706789
medialorbitofrontal-rh,-0.022656849439198896,-0.02294230064752108,-0.05182791652388951,-0.02069117954076049,-0.003126146317828812,0.0002593109877798552,-0.03455879059749694,0.029715082417348593,0.016677684765036366,-0.019261309477095326,-0.022681122501131062,0.08345489467170372,-0.038802842118404374,-0.005672427857684453,-0.01474076910919451,-0.0011526343532277073,0.057736129170865735,0.01811278287280999,-0.02833525220443588,0.012164986463298244,-0.040499491804290064,-0.02945726515645686,-0.023516563949663755,-0.029174427970188915,-0.029180776309463474,0.06338017621767567,-0.040499118372568026,0.028000508008805314,0.0922445064858882,0.23796690021629743,-0.020675868840157128,0.002250374243316527,-0.011628066333358894,-0.03964948651859807,-0.01727958201460949,0.02235870155232758,-0.030593841945637135,0.01498925057703541,-0.020409836081380667,0.01979262813120418,0.02546729657922083,-0.015592268121774633,-0.011341494829870612,0.02770945532465263,0.031698677038444596,-0.013616888998563363,-0.01673071206956508,-0.013603818888292199,-0.012179176868735505,-0.04022038893524244,-0.03257258195434671,-0.035120357221090484,-0.021826636034774666,-0.006827676232966396,-0.031157649159562883,0.031097153220593508,-0.025787476937692108,0.012426911473132336,-0.028611741051429274,-0.006251545772213559,0.02631356754769249,-0.0031190511151101795,0.012435126971017067,0.05405177711494168,0.028862089677880336,-0.010480286592517622,-0.003696301871029116,-0.001416053089949931
middletemporal-lh,-0.010195379990653928,-0.0019784172242928253,-0.04270941704440801,-0.04189590433880024,-0.013422959642528232,0.012468267360617628,-0.029693213754683666,0.012205112782729613,-0.041082391633192474,-0.011389177878508802,-0.008983934655761198,-0.008305200001550375,0.09991690388716022,0.018008008602824182,-0.028472944696272005,0.00913238082790315,0.0,0.024642064575564376,-0.007193237823978884,0.03333879568149382,-0.03803613084892278,-0.03793664769160155,-0.032043092437704666,-0.03682468551403006,0.1270259777501047,0.011572918944726469,-0.008612473197033019,0.004386082645653473,-0.0070496360490630095,-0.03447480683100906,0.263529326616284,-0.031726995518703095,-0.0035500780957817652,-0.03742158445795749,-0.039862122574780806,0.03711673346108789,-0.03620131539954584,-0.028174495224308288,0.002460607762474207,-0.029693213754683666,-0.004474319880842744,0.023983399567004446,-0.029286457401879778,-0.02727914680841713,-0.005495622624611922,0.014221247099711183,0.0009154180615420468,-0.03050672646029144,0.01687839897821484,0.021335071412019728,-0.019884520471182728,-0.0008022667834758021,-0.035794559046741954,-0.00038668670715299763,-0.020653914559195862,0.033294677063899186,-0.034981046341134185,-0.03620131539954584,-0.002329809037370109,0.001936720805311227,0.10435350667531422,-0.004155800763228134,-0.018628956518695363,0.05111012087698678,0.010042954492219123,0.03842126042839597,-0.02806618834346812,-0.02643916293225258
middletemporal-rh,-0.00807115341823895,-0.037316377652495715,-0.028811734738298164,-0.013427563893567834,0.006246321797470493,0.08126413488608088,0.016198439704489902,0.010359252336899202,-0.012843645156808765,-0.005583337862474994,-0.026069781045345696,0.052882466907886914,-0.02360746487169696,0.015894158487034567,-0.0206878711879016,-0.021044006853550963,0.05925286288007908,0.015943445883337792,-0.03388936337828692,-0.023989099919461528,0.060270271112796744,0.049506451397908546,-0.013934984483981271,-0.028634094747455284,-0.033863863996171716,-0.014314908163818649,-0.015560099467646018,0.04199200596638626,-0.019089111270315658,0.01756941655096614,-0.030462349104078135,0.21381625518228073,0.007262874346224556,-0.030843128467879108,-0.019774171851571973,0.012516431609129002,0.008683994272967626,0.024550086325996177,-0.026654555466068368,-0.01670243755904895,-0.014469615824437112,-0.015231174552039067,-0.032747025286883995,0.054075803763520267,0.01929396201120095,-0.01825105439636807,-0.034650922105888875,-0.030944270312376357,0.0,0.01584315972280414,-0.02249062616240924,-0.005151559734443597,-0.027339616047324686,0.009293412391841902,-0.028939231648874224,0.008887133645925721,-0.015611098231876445,-0.012565719005432229,-0.0213227886888911,-0.015204819485960258,-0.0015231174552039067,-0.03223874901250696,0.033487363052188725,-0.013631558950489524,0.007362304822794615,0.01939938227551618,0.015767517260422106,-0.030130857136580383
paracentral-lh,-0.004534901695694239,-0.019825630263190726,-0.04663386714234146,-0.04890079123953862,-0.005688274918861566,-0.0030878123101054276,0.011534785732973157,0.021210352371823473,-0.036392359605166805,0.007123565089891124,0.016716326526566648,-0.01396732023451988,-0.04074437347519258,-0.0008208882129082746,-0.036442927667563615,-0.022679986685230864,0.05376607094289204,0.014541899843503668,-0.04598617454314227,0.007872393813883934,0.022493938355662584,-0.005709766345380207,-0.037758750791180705,-0.04857694493993902,-0.04135119022395434,-0.013177615660089643,-0.02793253346643989,-0.030532996075196023,0.008559908762220611,-0.010202738689337097,-0.008542631340901706,-0.00036577565133695024,0.3764410877972193,0.003661338417789288,-0.025898011756008085,0.010929022485511329,-0.02951088911400043,0.013529485094267466,-0.03659463185475406,-0.034975400356756094,-0.008096157489989837,-0.017012149691588013,-0.0346515540571565,-0.037060490129584706,0.052369549619700036,-0.0308364044495769,-0.028327385753655003,-0.0018031728249663817,0.018690587962642252,-0.02128346536203886,0.08925368363167586,0.03308942232961494,-0.043395404146345525,-0.009656182214931532,-0.03173693736076016,-0.002450865424165563,0.07622987916137652,0.0026198470326749164,0.04149868040594505,0.01967076557210049,0.010979590547908142,-0.00040559800047443995,0.034375115316053924,0.02260687369501547,0.006982606615960005,-0.0035429248716767484,-0.021931157961238047,-0.00772174312799343
paracentral-rh,0.013043866332741605,-0.03448117708829085,-0.02875548689284045,0.0030942319439755802,0.0619708418222322,-0.008783626163543563,-0.006850865447805157,0.05438951985979352,-0.030688247608578856,0.027339943833426403,-0.03262554532130257,-0.04965289500713883,-0.04310147136036356,-0.017240588544145424,-0.03172268292122758,-0.015865878457599094,0.015062829991200741,0.0,-0.046894400840075554,-0.010689164897370164,-0.008044095654939435,-0.0406877889641832,-0.037929294797119935,-0.04103260073506611,-0.04413590667301229,-0.007404379080011931,-0.04620477729830974,-0.02281202084209558,-0.03344674177564212,-0.04965289500713883,-0.02965381229593013,-0.02586088281621814,0.08562220710660855,0.6141188379364307,-0.026895318128866863,-0.000689623541765817,-0.03413636531740794,-0.02275757687827196,-0.03999816542241739,-0.032412306462993395,0.01617439425259959,-0.03034343583769595,-0.03896373010976866,-0.05034251854890464,0.039539928726901936,-0.04585996552742683,-0.03679050855380928,0.136699719167132,-0.00930991781383853,-0.03986659250984364,0.08559498512469674,0.07941559523071617,-0.04379109490212938,-0.045170341985661014,-0.04172222427683193,-0.04413590667301229,-0.04999770677802173,-0.006183926890965843,0.009087604961558759,-0.027403461791220624,-0.016550965002379608,0.04065149298830079,-0.02999862406681304,0.04017510830484414,0.060251319964802964,0.015112736958039054,0.03659088068645601,0.023601458317538026
parahippocampal-lh,-0.03333238002056309,0.06073048294686693,-0.039117968359501376,-0.040279888211763794,-0.01781610440135706,-0.02788607645429801,-0.027111463219456403,-0.01799581347875101,-0.012693575446728706,0.03595911527379091,-0.02093856826309731,-0.03485759556787252,0.045653413330088426,0.032217736332229206,-0.011455745287085784,-0.012437956061954253,0.11989622926301416,0.06521858666063733,-0.0322742589383141,0.010880228830933727,0.03560357465926215,0.06440370666156636,0.004946697417493538,-0.04376564776855105,-0.02708357475682348,-0.025454560439500628,0.10118157947468738,-0.021553605802659654,-0.009882507895028763,-0.028736599996520135,-0.03950527497692219,-0.020703082260437527,-0.03506131556764026,-0.033308369098189294,0.24885859506034794,0.04331794100478622,0.02338559443893119,0.0447114693194493,-0.02982260954140204,-0.019229766098134815,0.009790341745792698,-0.019752637488461094,0.014964770085427771,-0.028632801226506705,0.034921127573656605,-0.027111463219456403,-0.035372711877680554,-0.023026921964962362,0.026580091067792817,-0.02943530292398124,-0.04066719482918461,-0.031938851705900016,-0.014246679456671059,-0.007738377267897869,-0.02000825687323555,0.0046074126448203195,0.004739099877466675,-0.015879571314253035,-0.03950527497692219,-0.024991343514699307,0.013124280687818925,0.014936881622794848,-0.012980960834395207,-0.01853881825119196,0.01619484516455245,0.003908709717359223,-0.0293795259987154,0.0007784907751007343
parahippocampal-rh,-0.03512507228299488,0.08668037980731169,0.0008597504069002758,-0.002460092319846128,-0.0016711380325245605,0.024986077396333923,0.02765506197024562,-0.041186443755566966,-0.006266767621967102,-0.04768628502223763,0.028212690665198898,0.026308478987970774,0.010729545233928613,-0.02117736269982179,-0.03029811710118405,0.009546987829113899,0.010382556845376182,-0.04676243936304387,-0.007406206402511656,0.022346518370066057,0.0634379846154163,0.0473704702336643,-0.012559464686907478,-0.013465829822748467,-0.017572878784481154,0.004507644288566944,0.03392532569688328,0.08311027425456484,-0.02662778988121466,0.013769699587030738,0.008732104098819062,-0.014601772498622465,-0.0018092341670114232,-0.002693165964549693,0.014422305792200722,-0.23784932368354103,0.04047352974482994,0.011447703401671474,0.023939868073670795,0.013584988723603164,-0.017434782649994297,0.011425270063368754,0.008081245945984358,0.009474443657199917,0.007528861408036912,0.04544207716579818,-0.008752789384786502,-0.016832287278435585,0.030488072121617454,0.029559273647473745,-0.0010668946086305677,0.031092315545511444,0.016231539959212143,0.008547393235391486,-0.01922333153103828,0.04606875392799489,-0.04824391371719091,0.0,0.007338906387603504,0.011285425876546617,0.045975524470113466,-0.026926415488491107,-0.03366457455687117,-0.06412496918318007,-0.0017142566567947184,-0.022099460306680276,-0.04188216858500711,-0.045783821397344784
parsopercularis-lh,-0.025358648484134275,0.02704272227432428,-0.05210681195370057,-0.031073234339757127,-0.02589712180181866,0.018462443065395268,-0.006583395329812593,-0.008684468658950095,-0.010265561693434804,-0.010195699161982147,-0.010004846329518929,-0.03687448357782211,-0.033661169739294776,0.042309619307634334,-0.02247567080211232,-0.02640078472320829,0.047555352638162296,0.031888740394620536,0.033520719459799994,0.013338908730193662,0.024732303089691977,0.030498741931462202,0.00979525873516097,-0.037864283353022415,-0.0342517377819897,-0.02011339863133263,0.03722041189100116,0.05005589943866835,-0.0026405136022745112,-0.03980979772371776,-0.030221950933146332,0.00640861813174938,-0.03053476102207274,-0.03508525338215838,0.0242461662358813,0.07086405556271698,0.3237850333137859,0.039808830768265135,-0.0470699410009411,0.0008505581900213214,0.04059049338228642,-0.024316512245060266,-0.021068629749101352,-0.008684952136676409,0.05974817741812402,-0.00038267262037907035,-0.04166816523424466,-0.020009209181311546,-0.020495346035122222,0.020042810883290504,-0.03338317004666311,-0.0364747683675904,0.012174573495793296,-0.012419454964172323,-0.02587983747310286,-0.048667834886415275,-0.030135287550704198,-0.021329345113017224,-0.041685449562960455,-0.034043117143084375,0.03570990660455858,0.038089221365190905,-0.019505546259921912,0.0009897997752003102,0.011463256890950967,0.0026049779893902907,-0.03091670842586234,-0.005558059941728061
parsopercularis-rh,0.0022576516977285874,0.028993850141061737,-0.02012174583084062,-0.017885996294080553,-0.0066634442883431715,-0.024842237892213386,-0.0409824014080402,-0.01852634631608118,0.03130337537792629,0.014848512391341299,-0.02330159377987524,0.047845847008385366,-0.0204912007040201,0.020004165808799098,5.475540242129591e-05,-0.00786748676895461,0.06160789694115674,-0.0032017501100031404,-0.014640441862140374,-0.035859601232035174,-0.004340086107709029,-0.013403546140076154,0.03743598044911143,-0.022412250770021985,-0.017179939789174366,-0.024637049226297794,-0.028164449887543377,-0.006403500220006281,0.01819262654763981,0.02015748093557873,-0.04898130114280592,0.011756273086180751,0.009454817066515122,-0.03842100132003769,0.04707408402057362,0.020948264221073654,0.04772538512305851,0.259477206484665,-0.0014311333074955542,0.00043516135608503693,0.01952808199406236,-0.06136409130721772,-0.028153498807059116,-0.0113948874302002,-0.0008345876074319599,-0.054374996467632095,0.0027256662952663976,0.008488816493272051,-0.009605250330009422,-0.01331593749620208,-0.028175400968027637,-0.02750219770457423,-0.02109869748456795,0.0024219179049924724,-0.02972699616085004,-0.0014530354684640704,-0.035219251210034545,0.0027366173757506574,-0.025614000880025124,-0.03263594896106351,-0.05378940184805276,-0.06847364803213017,0.11760307694780213,0.019667564177072397,0.07119124511019764,-0.0329506484318217,0.054542144538181306,-0.0030374839027392524
parsorbitalis-lh,0.017276556942888033,0.02799309025852797,-0.04090082417609218,-0.01065516700230744,-0.03056606691897196,-0.010367732833537391,-0.03653693867023189,0.009038834737923251,-0.00910002471127491,0.048959561300503836,0.012469705405156361,0.027177870527102254,-0.014712749961447743,0.005259339928568439,-0.005556120116323031,0.016645083471498137,0.01816248900663079,0.01318123722784785,-0.04360587948218572,0.024274785422524814,-0.015551599250306088,-0.033167434316331276,-0.03641914356303042,-0.01570713111340743,-0.0007774829755258457,0.016216224638094,-0.0318997261940688,0.006819243399083655,-0.004580607342313286,0.0014327623443292016,0.022309652676038082,-0.021461281028214357,-0.03427961057549242,-0.03771982726171008,-0.02308713565156393,0.06052905110346935,-0.03545773798748793,0.023506648465983517,0.3754463349074502,-0.0035202750375192514,0.06823422656629577,0.00207834301418634,0.009986133114998508,-0.0012581857632970883,0.0,-0.02421341910919232,-0.018237786178449695,-0.01716334667518842,-0.009976610756033125,-0.026489615581881717,-0.036093972638360505,-0.00014600950413594559,-0.01989661637821644,-0.04694240825966915,0.05158455825529578,0.0033508123159315195,-0.04552392945378803,-0.030170183661984998,-0.029383178327493775,-0.024453770503077937,0.011008728663892672,0.003185758093864791,-0.027314357672272818,-0.014632691610146152,-0.0009236688196426311,0.002125425789070758,-0.006225330343612794,-0.003576880171369059
parsorbitalis-rh,-0.02463755062039008,0.001025295140881987,0.0065984786051299735,0.011691440346395162,-0.013331738473296498,-0.026130735506474326,-0.04031599192427468,-0.007949628123600878,0.020848586717846725,-0.002022444356006064,-0.016165626967261093,0.024117141158051934,-0.03465169690654234,-0.007755073038851659,0.0009797393641398098,-0.008482369563719548,0.055694838709138286,0.03262228861014257,-0.002863630322729389,0.0023011470538459255,-0.024092477202490886,-0.01834055260147106,-0.029273068527043575,-0.03994269570275361,-0.02121651490198097,0.09548693920087796,-0.02538762503362906,0.022033327077326317,0.03351439839099489,0.030790917368688872,-0.027623920392558576,-0.01792170060320782,-0.03919610325971149,-0.03695632593058512,-0.014607590386260437,0.038439064906078804,0.002099628028702996,0.0037067023566426764,-0.011247924392570881,0.2589596366595144,0.006319775907290108,0.012506366454550553,-0.012588628000451225,0.009935366710448444,0.0,-0.03471654860145875,-0.005366296401718243,-0.014169442469822975,-0.0022397773291263708,-0.02670555075313832,-0.04031599192427468,-0.038822807038190424,0.050591431057282525,0.0045339604425785815,-0.012786665055397302,-0.02224877398325666,-0.01748355268677035,-0.01888562601937025,-0.04031599192427468,-0.03770291837362724,0.04080854562503799,0.021728364520918513,0.010792366625149144,-0.01007899798106867,0.014158996559232407,0.01847910599888754,-0.014146664581451881,0.007923368265032938
parstriangularis-lh,0.0,0.0016458583027454958,0.023539651976254093,0.022695588557557236,-0.01782904221785332,-0.009600622220304151,-0.028698156235693113,-0.04135910751614596,-0.02890078374715106,0.0,-0.015240203410172357,0.032088789927422715,-0.00416366854189389,0.0232707892352443,-0.007172142389432914,-0.0321262651230902,-0.007011783412623188,0.0,0.060056179847599755,-0.005908443930877994,0.0026973425718810236,0.020479322916105394,0.013618311802330486,0.010770196931601188,-0.051855648367756635,0.012514972320585295,-0.020309377261334218,-0.005908443930877994,-0.030480406820344714,0.04179791591192693,-0.01097282444305913,-0.025321902560905687,-0.019413458630027695,-0.013448366147559305,0.014830155048275739,-0.014608354180894893,0.061951727535432134,0.010039430616085119,0.037841668220471705,-0.0008911252923257959,0.14027270769004205,-0.04473536119093338,-0.0012070499069645308,0.034781339160323006,0.02802883181074816,-0.0380347090539682,-0.01804125640727271,0.01272239317102396,0.01568380514493405,-0.00927990426668469,-0.009492118456104088,-0.01091617589146874,0.0069176596653653015,-0.012184667689004383,0.021493331989573428,0.0025369835950712957,-0.048743464094998266,0.04723007625135645,-0.007803991618710377,0.009558353685655932,-0.0018388991362419894,-0.04220317093484281,-0.029749640504828638,0.011081328207259192,-0.025321902560905687,-0.024477839142208833,-0.0135050146991497,0.008610579841739742
parstriangularis-rh,-0.0019047930564114707,-0.01633626975280801,-0.03700781506458802,-0.030201780110181032,-0.027224139817627974,0.03166732705184851,-0.0010867161662351478,-0.002533454558871629,-0.013612069908813987,-0.020843482047871415,-0.0213203452606774,-0.018037778491409754,0.023902626052892114,0.03643557920922085,-0.007619172225645883,0.035838265288479006,-0.01616433301671661,0.029718647381031384,-0.039985455357141084,0.03762260763695462,-0.021999162893886873,-0.02020228151272393,-0.0059239330033878,-0.018177037748376604,0.02573712453211704,0.11828354511972737,-0.01603761279243709,0.0413493601399037,0.00913487529806267,-0.018018969942378768,0.02720400137119075,-0.015313578647415735,-0.016900906194425296,-0.03403017477203496,-0.018291218939968795,0.038143357464166264,-0.026373385448327097,-0.041446062679871117,-0.01186667455580659,0.0173061449326385,-0.02467187670972535,0.125847241624999,0.010601752137136372,-0.03360479758738453,0.0036313798603878748,0.007439636075804588,-0.031579553823037204,-0.004438247615283099,0.013421324623691593,0.01296953947626027,-0.0018734454746931488,0.00910352771634435,-0.01792359729981757,-0.005670492554828755,-0.04731224013875971,0.017013757488611253,-0.051470639342702885,-0.03488092914133584,0.023585160543490198,0.028067294773178948,0.031362400575133925,-0.006990510723185719,-0.012952060824635505,0.03259464551467958,-0.019758095779042497,0.05423112638735267,-0.02339574515577404,-0.00723141213905743
pericalcarine-lh,-0.019553520956889277,-0.03279809756148548,-0.045917336586079674,-0.04117983360497622,0.01204914797341263,-0.03097598103029184,0.023620124494351826,0.014372185586326641,-0.02733174796790457,0.003530484916152573,-0.03899329376754385,0.018210434354744422,0.00539852994412777,-0.02040770514936874,0.06672466258127675,-0.024279434504225428,0.048036056774058894,0.0,-0.03848078325205617,-0.00011374814623470185,0.020032550885938062,-0.03717117723635021,0.048230072480089405,-0.015146102219010292,-0.025110869067457957,0.060916639310704054,-0.03906154265528467,0.0015491209802303498,-0.005910181983040091,0.0026994795912077237,-0.024780784824233477,-0.029518287805336933,-0.036806753930111485,-0.04336637344240858,0.04652170409513046,0.035201402734195295,-0.018847423973658763,-0.012823064606096285,0.009452685571247656,0.0031094021559403334,0.015249119408053045,0.02265176291734998,0.5526661865382567,0.01621748098505489,0.016433387843756992,-0.04081541029873748,-0.014098331558787995,0.0011164487862508024,-0.005830772899819641,-0.016455708234716253,-0.04117983360497622,-0.04409522005488604,-0.011376531576621003,-0.040086563686260034,-0.011205694738125117,-0.01641020897622237,-0.029996459257810363,-0.018950011924413833,-0.03972214038002131,-0.03271825923997736,-0.013848085637071648,-0.014212508943310376,-0.008722980482194845,-0.01676347208698147,0.012641067572120763,-0.019314435230652564,-0.03316252086772421,0.020909055469376797
pericalcarine-rh,-0.020311371027511984,-0.028999215323409776,-0.026042158554641384,-0.01273375891571809,0.0035144336075854485,0.059717831322904924,-0.011423347881685062,0.02992694358683906,-0.030794659299776237,-0.005824505756665011,-0.026986739657592417,0.05295737640548295,-0.04258835860607352,-0.0025143614476725398,-0.008934471215728346,0.012185425063961485,0.021545327716397545,0.01526127379911493,-0.04848520825922216,0.00020428929859297887,-0.0452219230649975,0.012670458006294915,0.04042749574349145,-0.027156912232275506,-0.04227349823842318,-0.006556165618828997,-0.029135271174182967,0.04045298052520727,-0.0002848540924042899,0.06348752379251502,-0.01626093491416146,0.04495433285698135,-0.03295593320722469,-0.04914041377623867,-0.021804697027086015,0.03280302451692975,0.00020017884992914005,0.0018891622059020717,-0.010997916444977347,0.019635202222309873,0.04574559422477105,-0.02670599601385197,0.005573768388170607,0.41211851557525897,0.03321571356277955,-0.043898769640106555,-0.047174797225189136,-0.028926871426926144,-0.008190068962706446,-0.043413736697773125,-0.015014235834417987,-0.013474050720076151,-0.038355007527181996,-0.01387399737506804,-0.041277947572040494,0.0655382266309061,-0.024659403624124727,-0.01339759637492868,-0.04439654497329789,-0.04309887633012278,-0.0065775399518809815,-0.010083341617272363,-0.013580511340469677,0.0007871509191258654,0.029624825610046625,-0.017362946200937666,-0.013980457995461564,0.010432318708832603
postcentral-lh,-0.037530454013045556,-0.008809273155899194,0.028022780096073827,0.026192230308067183,-0.017365343009391885,-0.011591427007384877,0.0255374245503655,-0.17696576964296526,-0.023019923194090786,-0.030356654013907653,0.02329074063927339,0.007857669092420154,-0.0028869580010035044,0.015552407364161344,-0.024745668832579608,0.00018054496345506807,-0.10452408464768088,-0.05101055747959822,0.030121064854277256,-0.028913175013405904,0.07726707940879818,0.0988756694129536,0.050420043343029325,0.01571533818484031,-0.009344743096292765,-0.018378156219017883,0.028156647581172218,0.010313961302547909,0.008320480693862292,0.03404989940048733,-0.031756538011038546,0.01034302463812848,0.04256237425060917,0.015060532427138628,0.016862018879564702,-0.027824620989842664,0.04949750261513086,-0.028511572558110723,0.0,0.0,-0.020013629375779177,-0.006309385942400581,0.011131697880928553,0.021608590004155423,-0.20308137842995633,0.0019644172731050386,0.0,0.018989366973348708,0.07670254613282404,0.003274028788508398,0.022263395761857107,0.08250552547041162,0.003928834546210077,0.05500368364694108,-0.023898868918618393,0.041907568492907485,-0.017752413796896776,0.04463159567323203,0.005893251819315116,0.0288114533388739,-0.03915139550201656,0.0008934773923178934,0.020418314306060174,0.005893251819315116,-0.08196389058004641,-0.017336279673811312,0.0007741415750097871,-0.017752413796896776
postcentral-rh,0.024384509450583573,0.011193248566546965,-0.04084886287794443,-0.015030088154511735,-0.02437201062465592,0.041842269562673666,-0.05114689553624975,-0.01373071021107376,-0.01862225072611693,-0.01922299429550326,-0.03485382601940134,-0.010236538434741309,0.014442043392267895,0.0677713339260919,-0.031016686459614303,0.02547570694937069,0.009476709808947908,0.04711377438591725,-0.010861779702945823,0.0933326328354151,-0.018340177222581838,0.005590574851524504,0.0027095454798986055,-0.028515721386796235,-0.010236538434741309,0.057571392053666744,-0.005369495618516318,0.03236555975372576,-0.0270322607350959,-0.021466283572996996,0.007613384839654579,-0.017420763587344262,-0.02863830987149458,-0.04359500492015919,-0.021969136337718013,0.06477991492387304,-0.004070017684470917,-0.031384451913709324,-0.031690923125455184,-0.028613812172676396,-0.013693913667542773,-0.008826670870102941,-0.03638638205934546,-0.04325173716488234,0.003126206341022583,0.1939601804258484,-0.003898333811528788,-0.028957079927953242,0.008164933030189702,0.0469178927859792,0.012603116131185333,-0.013620220589873378,-0.01420866531454691,0.005051225515094762,-0.04634114696237394,-0.01080048546059665,-0.027669700857405794,-0.010616702724156558,0.020044717107290357,0.01883103111441231,0.02069435608370564,-0.007085934385507958,-0.02742462387861653,0.025500104657581454,0.003077210943386214,0.03111507721731672,-0.013019577011094468,-0.0006619378211280824
posteriorcingulate-lh,-0.02674250382131648,0.014309954916736315,0.018730150890038693,0.12245584669487125,-0.013818044250545312,0.0021711524073874233,-0.03996681889779167,-0.007640715377518995,-0.025968810434570007,0.003754430204907767,-0.03350159819373713,-0.0472716604724444,-0.013116260184988465,-0.021158904122360295,0.02892574717651455,-0.0123186394488904,0.005577617861618291,-0.0005877473367322304,-0.019089697495986838,-0.011754946734644608,-0.025051171132309424,-0.04026069256615778,0.0063634021961754125,-0.0303289334882237,-0.011694873814995921,-0.005757454801159788,-0.04613816593348009,-0.03261997718863879,-0.030856735178442094,-0.002698699551336123,0.012690658822053735,-0.025567009147852024,-0.01907773382131105,-0.036494298686574216,-0.021704651324592386,-0.002644863015295037,-0.02944731248312536,0.017794438802629563,-0.018394022540902746,0.012540731069201727,-0.003922303469773469,-0.0258129008443801,-0.016378906996840074,-0.04408105025491728,0.0027888089308091453,0.01811236709348212,0.43930053407732544,0.07927423568393117,0.012804568277743504,-0.015893105441121817,-0.03140846421801209,0.0013735316712893473,0.04241402673466635,-0.0258368281937317,-0.034383219198835475,-0.018741860018444793,-0.003232483078892417,-0.010801289135221782,-0.045256544928381735,-0.016384888834177973,0.009140120179173913,8.400026900027452e-05,-0.026454611990288264,0.065306136407399,0.06512019035738477,-0.0161150697882983,0.010339669475124812,-0.004995852362223959
posteriorcingulate-rh,-0.03032784561986726,-0.0207765478621223,0.04993749508354618,0.04169651156687217,-0.0032234026372222257,-0.018641921461361684,-0.03563521860334403,-0.012889334388443587,-0.016425719076721162,-0.016680315090926993,-0.032462472020627874,-0.020249757788801066,-0.04549176842980089,-0.028432355268625555,0.008444923476373777,-0.03153125584980527,0.008380945537403449,-0.003032784561986726,-0.034284116370333136,-0.01895490351241704,-0.04304415997798492,-0.025384110741951914,0.017517949135080913,-0.03731690093231987,-0.015453714913958614,-0.042458983867814167,-0.043217180008310846,-0.0371516108843374,-0.017529955277869696,-0.01707701120608491,-0.02956964947937058,-0.03135823581947935,0.001069040111329376,0.047382982620597286,-0.014044226644098186,-0.007202863334718475,-0.014736306765401878,0.011668326113596002,-0.02646301891584741,-0.013006106462142644,0.017527817197647035,-0.002984266587703314,-0.016351873075184722,-0.03442407839106257,0.02979891746632337,-0.03191035392005361,0.061804169254721146,0.45841854396104853,0.034628018350762325,-0.03790980702483408,0.011897594100548794,0.08532370957480519,-0.009487319818774641,-0.03980529737607578,-0.03677251281408905,-0.03156431385940177,-0.02004367974887865,0.08558044366923369,-0.04549176842980089,0.009376139647196384,-0.007581961404966815,0.02498527654657134,-0.016491835095914155,0.07202435718673943,0.017693107245629502,-0.02502047263639049,0.008584885497103203,0.036152140614099146
precentral-lh,-0.01930908897576329,0.027797047656768666,-0.04414839292525182,-0.003098930502368754,-0.00977778380901832,-0.040068333846843544,0.007332141358500274,-0.012455546922648148,-0.04557461885529952,0.008320448924120578,-0.000844727774004764,-0.05321784976230014,-0.040889131655579045,0.06372310451550385,-0.013395994557729942,-0.027086327688271745,0.02171644348185052,0.04642173962583121,0.06345269590796125,0.0282756469621538,0.07368514905709546,0.0840611819978452,0.01381955494299578,-0.005338775251571186,0.027454849153418295,0.0113882704716393,0.006240934942222168,-0.025341833220142922,0.00349856092236534,-0.045591369830988,-0.018495470156608552,0.0017373154785480416,0.004407899602597097,-0.02449710544613816,0.022218972752504913,0.05301205206098453,-0.05152839421429061,-0.011826188836066696,-0.03446632897731052,-0.006757822192038112,0.0003757004547273249,0.00699712184473068,-0.013515644384076224,-0.02280764989812863,0.11924540993323342,0.0011318873572358445,-0.020496015253118425,0.029630082996393737,-0.09919927802717704,0.007188561566884733,-0.02266407010651309,0.031025199971591404,-0.021699692506162042,-0.03463383873419532,0.03040302087459073,-0.024066366071291537,-0.02090282466269579,-0.026344498764924788,-0.038570318020988065,0.02755056901449532,0.07904785427393589,-0.009292005514052404,-0.028720744316161978,-0.03209965541218103,0.033997301658033094,-0.002175233842975441,0.033997301658033094,-0.018256170503915994
precentral-rh,0.007622655777475834,-0.019349189034719924,-0.034432696302197724,-0.018419651300473495,-0.023185624485307237,0.039979049705698544,-0.007391294244582165,0.001483391950450087,-0.01554994997205764,-0.006179807889864028,-0.02699788228374328,-0.0025070365461468376,0.0203449363394729,0.03259445081094288,-0.03224480476444762,0.039159613279710195,0.00753524426585202,0.02267380218745886,-0.044604420544175676,0.03306572904595297,-0.03385131675892955,0.003562670035459105,-0.005661662206068397,-0.033988943394252145,-0.004489232058671538,0.04372807364466204,0.005073587312973718,0.015977336469316202,-0.01627713935599192,-0.04993726668098684,0.009659901944129577,0.0059886184559293865,-0.019083606824935227,-0.04439388898852002,-0.02345120669509193,0.04093462491149249,0.015904431548983154,-0.008838977662624226,-0.0343274305243699,-0.026375958677636827,-0.0046964159394139405,-0.006421212447497453,-0.026243167572744478,-0.04264975035871549,0.004651036346145407,0.04057010030982722,-0.026769496461883608,-0.03227233009151214,0.010043768667515858,0.25246750733008844,0.016092273308004536,0.008351333016927118,-0.016510360708281848,-0.017064214924485496,-0.034583341673294084,-0.014317633640101484,-0.03075657728356728,-0.02746581284384012,0.03284701428495381,0.028594351253485455,0.011875318808944199,0.005452618505929744,0.005174017560371291,0.018132867149571533,-0.0013684551117617524,0.015180589839962118,0.012438844086008365,0.005497998099198278
precuneus-lh,0.011658249744230964,-0.027372411567431736,-0.03269169316361056,-0.03399514133348827,-0.00035571290840366956,0.0041634227674341795,-0.0397551691812699,0.03252650251507406,-0.03519310058669795,-0.011079309443960465,-7.278378466835217e-05,-0.010694578163891633,-0.025904605243286614,-0.00473011350917389,-0.03421551445928968,0.06645825535635934,0.010183902393685901,0.007965424094333836,-0.0460091039861229,0.02189162608305091,-0.03588775759037091,-0.015006422766727945,0.015670396410197584,-0.04496896186078071,-0.017224901066080014,0.015331452314928292,-0.04633496602859233,-0.00758069281426501,-0.01829120729702194,-0.03759270585345182,-0.013001776566777352,-0.023192219986863185,0.11040301141066314,0.00934736458101074,-0.03160861811953427,0.013975675933851118,-0.030166975900988872,-0.016293102123471275,-0.03747413488398393,-0.03421551445928968,0.0015172802692791712,-0.0024425381854879798,-0.03877758305386163,-0.02440040702680731,0.026634821645024665,0.019844046964366206,-0.03836954193425849,0.009591047546346453,-0.001484575137279503,0.029182016252911586,0.3136300852460439,0.05472068080106008,-0.04431723777584186,-0.022320122776122928,-0.03551896262916737,-0.016773927027742767,0.030366893453321393,-0.023067107990995362,0.13762700114269275,0.03709142537571144,0.0036732025706973275,0.003353881554627836,-0.02442657113240704,0.00745843508446261,0.0,0.0011419442816756992,-0.00673475970912449,-0.0058655167644496575
precuneus-rh,-0.021185423193796748,-0.016071913344082634,-0.0357811016844342,-0.02215577497379299,0.004305170262976134,0.015004252990510645,-0.0052725855719695765,0.013284392301453332,-0.025793049970061915,0.00837137254089633,-0.004053950105805033,-0.04449340863451839,-0.011709633782982953,0.02056825799510353,-0.033291379304537745,0.0058723344598875255,0.009694910902195597,0.0491208819044577,-0.048087547884332296,0.040892890154594935,-0.009954231669029609,0.03167297875150843,0.032424209040122866,-0.04169829327033011,-0.017268980937019666,0.006187043145291721,-0.018020211225634103,-0.015761862509234625,-0.02747443276322039,-0.04252820073029559,-0.005678223600839966,-0.013045424316397386,0.021589339843113772,-0.00742137354267815,-0.02338666261207269,0.05390277304609629,-0.034636485539064524,-0.014333421252800625,-0.01705917514675021,-0.033627655863169445,0.00022671581294078937,-0.001359079786195303,-0.040689463594435024,-0.022985682433758474,0.09113216248063863,-0.01716407804188494,-0.016028777597627625,0.05132505779373644,0.036525952742939086,0.006361307510665145,0.03275582774819838,0.30247949876894925,-0.04084681793713712,-0.00951305221526319,-0.03968063391853994,-0.018509184276411718,-0.048423824442963996,-0.01423317620822207,0.00046568379799673905,0.02879918621596909,0.016279997754798724,-0.0018171692626330594,-0.022561413002663386,-0.007114259178832947,0.004524291754357946,0.007047834179597057,-0.013176552935315796,0.013079244361740053
rostralanteriorcingulate-lh,-0.024415198841334532,0.019505627222117128,0.019032181081822714,0.026219069907624386,-0.02203322822266775,0.0375133840589068,-0.030340055956924263,-0.0030084170994423916,-0.01620211698043644,-0.012207599420667266,-0.017270171380365868,-0.03640789026930277,-0.03810150675497613,-0.0051445258993012425,-0.01932344184559039,-0.03096561804266819,0.03255546551129071,0.03482452836424593,-0.02052533469364787,0.010533144827347051,-0.028707462728437053,0.002339224858802095,0.0008914701919366728,-0.0366227982620018,-0.01430361564575648,0.03935086213640061,0.012451692449411833,-0.008820366449320566,0.02720517036795117,-0.021305665909936357,-0.024415198841334532,-0.020462542646398366,-0.03870702255333524,-0.03900476888066858,-0.006592280566166659,0.02938314053264303,0.018868273202617428,-0.012875022871244198,-0.03112038717321275,0.05088013056776686,0.007730496971942954,-0.012947838062186119,-0.014816269965788852,-0.03773182963173255,0.004250402522269516,-0.003471840096044394,0.02283095254124601,-0.004826733284583077,-0.0014377315231730084,-0.0035337477482622203,-0.03930251520800193,-0.03564760534039911,0.2759347874652888,0.0718025586306405,-7.369958597360104e-05,-0.0374449908431233,0.0027289482694304963,-0.012947838062186119,-0.04168448582666871,-0.03811152989866854,0.01798682615437316,0.03130257254973949,-0.021345758484706,0.0022171783444298117,0.02491694562264281,0.012257715139129315,-0.004980618020095957,0.03367452002471386
rostralanteriorcingulate-rh,-0.022693519439578487,0.001174313006629012,-0.020541761497168534,-0.024484158893903867,-0.010229392022909671,0.04437813843894301,-0.04803952816430251,0.02320285068623542,0.013681362466292642,-0.011494120235630663,-0.020232164956000134,-0.01755162913734534,-0.006596591167342751,0.001965194260945104,-0.03448236070689199,0.013681362466292642,0.03171714295142612,0.030419797085093545,-0.012027469231977837,0.049640194966239275,-0.032502290936461314,0.003028483282715683,-0.00023862796466434064,-0.03477708173857482,0.00401623260787984,0.019669064940681817,-0.006765412704681579,-0.0006695528800744155,0.035302450643895894,-0.01733244780226891,0.0001465082731104764,-0.0015462782203801437,-0.014269642380479756,-0.03919789721381738,-0.007483620897031714,0.027936129337286838,-0.016508948894341232,-9.041520609197477e-05,-0.04445995374111364,-0.0005762710393419917,-0.005085797235214643,-0.011473511456864196,-0.03212459245342929,-0.01810101579235665,0.04739802181773735,0.007585502641685479,-0.032215007659521254,-0.030356266263332262,-0.009186711779905566,-0.00905507901628066,-0.020501706088814166,-0.0030599387871487038,0.04377668750073222,0.2255045887569774,-0.030345961873949025,0.0006232218661558239,-0.03151454161129715,-0.016012788671707984,-0.017781114861805006,-0.006125610843578302,0.016499806654136563,0.027490328912391192,0.006076413195019261,0.01286987243321009,0.006468987187536856,0.016028826330372115,-0.01727751688442897,0.02472681564238721
rostralmiddlefrontal-lh,0.05837328419395644,0.031407609929236864,-0.03942682664004927,-0.03729564682166822,-0.026994944366159856,-0.024153371274985135,-0.05185870891393867,-0.005327949545952603,0.12015508488536318,-0.005327949545952603,0.05577958403389756,-0.04014697661332304,-0.01993003844014342,-0.01633904527425465,-0.0362300569124777,-0.0344540737304935,0.03661162300963155,0.011154545594820148,-0.02739892450495716,0.007055149225536346,-0.037833320126503533,-0.01674302541305195,-0.016378072076175015,-0.011079392631662684,-0.030432730965050437,-0.023644968071590104,-0.021715778322607713,-0.024508567911381975,-0.03418668739841749,-0.03236192071403283,-0.009446859316196585,-0.025218961184175655,-0.03232289391211246,-0.04191320309482714,-0.007863109503130943,-0.010483179123946834,-0.014611845594670906,-0.0059144063531883645,0.08008616187588088,0.01281344837104325,0.09711608702196903,-0.03147880747328077,0.0011212294713877993,-0.04191320309482714,0.009359049011875764,-0.04795154591357343,-0.03871643336725558,-0.03232289391211246,0.050992208433463526,0.006208162146021389,-0.03658525354887454,-0.03942682664004927,0.037214692577144215,-0.01236648601121204,0.5904288391095904,-0.0468859560043829,-0.05542043197838716,-0.024863764547778815,-0.03658525354887454,-0.04084761318563662,-0.015455932033502595,0.029354483714696546,-0.03196769727571562,-0.003916919700845334,0.006680439188179326,-0.01704943854704833,0.07480699583232873,-0.001420786545587361
rostralmiddlefrontal-rh,-0.023291040663150204,0.03347154044926625,-0.05332422467615967,-0.04596915920358592,-0.006199359583260364,0.04149352106173554,-0.048420847694443846,0.023366060168245984,-0.0173644997605835,-0.011032598208860623,-0.0024552179370436003,0.023251015241512508,-0.0006080409737342717,0.01141828407289659,-0.028318549018162657,0.05525971288871089,0.034804694877660046,0.030025449269240837,-0.03916881753896267,0.016971755004176164,-0.035280193882931805,-0.03094836189949824,-0.03164403827107714,-0.03463009993336806,0.013816655397970716,0.017651286036820528,-0.006791255218060115,0.02896158407535502,0.04163447362536394,0.01645908417205515,0.015104227404349354,-0.0037434657948195046,-0.008373348244444407,-0.039533476915083895,-0.00330446276499975,0.06092469930053824,-0.04128107843919702,-0.0003765994174728154,-0.026102507381149147,-0.023497926285311242,0.004915992874464673,-0.0007903706617948936,-0.023369589614431672,0.020778300262739864,0.03576545518616397,-0.010472993251929932,-0.034000356620321796,-0.028368336737760756,-0.0020456519903044737,-0.013139977960114775,-0.022135334773836824,-0.014945777798991906,-0.0398189114885264,-0.004794715095956477,-0.04185262343747929,0.19259481946058973,-0.005291916440540229,-0.017177964774939936,-0.009860071129215449,0.009115958740832972,0.026265162284089545,-0.0016108542580676659,-0.00860126035452018,0.03897522366094772,0.04887734776599264,0.012507381052280084,-0.02105044309203627,0.006576634852130439
superiorfrontal-lh,0.02358475098740732,0.008700390545865353,-0.015033509993756796,-0.003766982280297755,-0.019182927023323356,-0.004661879593586755,-0.04007916172337096,0.039505509599467754,-0.007082691556458303,0.015683649067513773,-0.0017324294141876963,-0.006126604683286283,-0.004895164790640734,-0.00029829910442966926,-0.03061772602646068,0.0032430466737994787,0.06374804835561743,0.012104059814357736,-0.042825043223120994,-0.013855610966008873,-0.028361361005774716,0.0025967319475351997,-0.035524363859579466,-0.031585285942110755,-0.05522357779441572,0.0016635911593193122,-0.020001337386758595,-0.017733499323594578,-0.017301348056920827,-0.015293565623259585,-0.023252032755543457,-0.009694720893964254,0.11008001822953337,-0.041853658959978224,0.01302572756009556,-0.013924449220877258,-0.02190203809062457,-0.017729674976101888,-0.041272358141089635,-0.007373341965902593,-0.015213254325913137,-0.03749390281831383,-0.022353311094761758,-0.019615078289997107,0.018265083625078216,-0.022230931974995746,-0.003962024002424835,-0.011763692887508498,-0.0030709510366285194,-0.02103391120978438,0.03990706608619999,-0.04098170773164534,0.011209162501068733,-0.014425438742419392,-0.046764121140589705,0.02237625717971789,0.3312764528591186,0.022965206693591853,0.043360451872097326,-0.011060012948853896,0.010126872160638007,0.006738500282116378,0.00776342541015678,0.015102348248625186,0.021592265943716833,-0.002784124974676914,-0.006436376830194021,0.022754867581494007
superiorfrontal-rh,-0.008373472694682027,-0.02130137328253103,0.02590191984165109,0.04599498407621128,0.00979895873323194,-0.023717991378472712,-0.044415629397617895,0.036906672059256435,-0.01830072517138346,0.016640872457671953,-0.03858790706354618,-0.0067744127679086824,-0.044415629397617895,-0.011330517703473951,-0.006430619076258408,-0.006883839784397365,0.03582749527595423,-0.006258722230433272,-0.037400980306153596,0.0,-0.029674845977213062,0.0022891628736713353,0.006886355347994808,-0.006624736733860942,-0.007940795755922167,-0.006474222178614053,-0.03716409806739456,-0.02402069753136478,0.023591374677401505,0.02698109662495329,-0.0367108773592556,-0.013143400536029784,0.0031092366064371063,-0.022444696937567975,-0.01676916620114145,0.0,-0.029372139824320985,0.006950502219729552,-0.05015614552697831,-0.02520762428875737,0.04564783629976442,-0.039883422316228316,-0.022207814698808948,-0.01830072517138346,0.08572705331599356,-0.012775708990203824,-0.0347030383478981,0.08710893625218782,0.02212396257889425,-0.03807053948367248,-0.03254552330249284,-0.012689341306691679,-0.023889888224297846,-0.017587562891508934,-0.0335383324022829,-0.015342841641392387,0.010081121116744902,0.3144236481289504,-0.03282600864360751,0.021519388794309247,-0.001682912046688047,-0.002028382780736614,0.018065519975022728,0.031511626663944574,0.009280752632159089,-0.012236959119751869,-0.003949015587382837,0.04778480757579057
superiorparietal-lh,0.018765749176098804,0.0050323059380684345,-0.04690315731794236,-0.049121549893790986,-0.017799825273614962,0.013576194461717948,-0.037739016122839614,0.011066425769995608,-0.034226628313093074,-0.012676529004849287,0.013299197348798914,0.006248079395892869,0.0018903212444345565,0.013338308236835654,-0.03552062354699099,0.025738645352931373,0.01090756654535226,0.018527057727051054,-0.04880463666866976,0.042468787838741494,-0.03697267278136678,-0.022381090647000876,-0.01407508834823366,-0.043734025066730034,0.0015734080193133243,0.040568113712179575,-0.04081554759502377,0.0019294321324712955,-0.00675974183703234,-0.0297363532704044,0.002299030024418493,-0.016835511819462048,0.0664113231745974,-0.018947729837493283,-0.03042366961163829,0.028140629038505404,-0.037395760564305394,-0.01457800835557668,-0.03118920772894566,-0.03390971508797184,0.002350909467078992,0.017696066388293966,-0.0364450208889417,-0.04690315731794236,0.01012845464925567,0.028511837378783524,-0.04943846311891222,-0.036761934114062936,-0.004330610593879865,0.05653352330484778,0.139766784520118,0.01778947239148759,-0.04563550441745743,-0.01288646244798767,-0.03517736798845677,0.0027221178073571113,0.0360259592268304,-0.02255352365043345,0.25569640303803204,0.04791060778095933,0.017616234163889563,-0.0055455788275388315,-0.010536358205074143,0.016176953484137526,0.0,0.015728328591951383,-0.0187896758370154,-0.0008844812297485136
superiorparietal-rh,0.0009798991997754434,-0.025530457067482613,-0.04224018817165331,-0.02096575996186202,-0.02294556463674165,0.011216375361096253,-0.020400684756658186,0.012300388850847832,-0.03163706639308319,-0.003519675438193409,0.026102677371018145,-0.005818968081333155,-0.014403293362699252,0.005238990242466066,-0.031289406322829526,0.020387823579661134,0.0094529650928337,0.01386434880282276,-0.02642012388261207,0.03075046176295303,0.010696416348215412,-0.004537545731960146,0.026602630108570238,-0.04206686850069303,0.007240842649340646,0.012541893174459157,-0.02103088242951377,0.007152651721360855,0.01206398816890201,-0.0126860200150928,-0.00034459788525436074,-0.01857725566240939,0.015846194934368594,-0.04619469387974707,-0.02088063121888153,0.022274333684895474,-0.033375366744351494,-0.021272386753125087,-0.03137555579414312,-0.033375366744351494,0.01023647616132081,0.013715118320523623,-0.034309129023470844,-0.04754225942510492,0.035291069679912475,0.014738092255955858,-0.028245594433527067,0.0015680428653073242,0.0319236869090175,0.02797224338592304,0.016085657801313717,0.03668681360259262,-0.04345750878170768,-0.006688628621133862,-0.041023888289932045,0.01641127013957242,-0.026332953682965378,0.010542082224250775,0.027276923245415714,0.23752450384056745,0.017755773499930978,-0.010972829580818732,-0.01820754786016078,0.01727684776604073,0.00189059301856674,0.02260198747982039,-0.02457464705636832,0.028033282940242387
superiortemporal-lh,-0.04936865098932539,-0.044059203566665504,-0.0225576860690511,-0.021721238280779355,-0.004180038590168213,0.02505162697553287,-0.04541713458708411,0.0031106679115885574,0.004781363136941548,0.009567126976264079,-0.00479236489289401,0.002649222833353715,0.03401302870264263,0.05330256458204273,0.025359990478086264,0.008724078134420858,-0.01246467515825916,0.044793806528405845,0.043120910951862365,0.03621840926728545,-0.0037273949166953422,0.015941544375122647,0.0016684948741624954,-0.012684395941424119,0.028011413662630474,0.05428769324361494,0.0007522057712642906,0.040014643742654794,-0.0041089986803037205,0.009862288371674513,0.05944625944178389,-0.000987329012762698,0.005311647773850387,-0.04146781853603332,-0.0017527368911699468,0.06696988883384856,0.03196513041606225,-0.07701166299549045,-0.012458074104687682,0.022848446762080546,-0.01215631165570577,-0.022337965285886142,-0.03159452840840633,-0.03281037960909596,-0.018386448883644855,-0.005553372068920274,-0.009724609254326517,-0.013822606178677772,0.06901998747161943,-0.009121084356362691,-0.014736694930385486,-0.0021343406547783285,0.005005484622487488,0.005839732059568737,-0.03941771989826244,0.01631874743635004,-0.020815950933833618,-0.01610342735556607,-0.0019036181156609027,-0.0063876195060015226,-0.1034535975875306,-0.008357876829145933,0.0026558238869251933,0.004705922524696068,0.02133083311240901,0.004550640597824126,0.0009096880493267265,-0.03053175878339816
superiortemporal-rh,-0.027615188317201358,0.05796642691299762,-0.018495627116006996,-0.01632352337089906,0.0035037452370836513,-0.016801968333179953,-0.013112666494755428,-0.04369312206867866,0.0232273204501994,-0.018577490322480916,-0.016463600413087764,-0.0016572751355052981,-0.01479359100101986,0.000516647791968721,-0.02170648399215063,-0.018051746618681756,0.04839025093791542,0.08002401310180306,-0.018775781200384402,-0.005159201190222863,0.02133537078946887,0.04583429971356312,0.006809199596263812,-0.01638173720661385,-0.02202120254148369,-0.04533948210998744,0.02788624648974833,0.01684017116286779,-0.005510303386877662,-0.011524520289161436,-0.022254057884342832,-0.046367320146826624,-0.004424251514323698,0.00979811622374483,0.01316178441863978,0.028482938305824886,0.03775349164340446,-0.05255617855625475,-0.004693490504504579,0.015672256083839903,-0.02410052798592118,-0.014513436916642454,-0.02159005632072106,-0.017269498201264326,0.011677331607912749,-0.011955666509924065,-0.012002965251442328,0.01681652179210865,-0.004518848997360222,0.0074277216007334074,0.00045661477388784784,-0.0030816949281514583,0.03061865840361107,0.03831379981215927,0.004391506231734128,-0.0063398505458133565,-0.0038639433455688868,-0.00887397158177261,-0.016965694746127788,-0.019721756030749663,0.004869951194015021,0.18338995514286902,-0.004424251514323698,-0.01709303751175388,0.04011115198985327,-0.11590192772577178,0.0129052797050215,-0.0036638332852993146
supramarginal-lh,-0.02223816316371768,-0.010992099078745446,-0.038429460663279826,-0.0399218669026305,0.014425273293094919,0.02693857248412257,-0.036736106707544555,0.023735139859089233,-0.0005518063902539968,-0.0005275829733433422,-0.029439678367281005,0.026298403944131604,-0.014765010523980177,-0.01599034978317755,0.0037709309142923524,-0.019816278518254463,0.06836396706908789,-0.009327538995941707,-0.033526123095547956,-0.021752476037232387,-0.03641602243754907,-0.03678912399738674,0.027435381053592008,-0.025916161472252182,-0.03852437379998007,-0.03867230422652248,-0.015398628077007892,-0.032459835705877134,0.03515792824353542,0.029300888852780343,-0.017986115578960914,0.033535264007589716,0.04207470403699804,-0.033952241945227814,-0.014184410260794651,-0.017908874872208075,-0.016665863183063307,0.11300391572207066,-0.03208673414603947,0.008135564065696736,-0.012502177748043514,-0.012093731328311057,-0.027693307121703543,-0.014391908964142512,0.03606516376367968,-0.02930942037068598,-0.03402948265198065,-0.015398628077007892,-0.010819945235292379,0.02191609836277982,-0.030298467053603968,-0.023920395676468816,-0.026644692161980114,0.014661565869374307,-0.03619085130425382,0.0014969766953715471,-0.0029979144526278635,0.018884819581199547,-0.015007854087222825,-0.021681786317442806,0.008166338469570655,0.006519450816714308,0.3841753177306534,-0.022185145873875496,0.00464282157454183,-0.024997804509123773,0.05759048813667444,0.00484376929092643
supramarginal-rh,0.0032459811443371635,0.01577890508641814,-0.022746614654342155,-0.02481448871382781,-0.03584315036441795,0.02012513870532633,-0.025646420835110727,0.0211845175095001,0.02056307088815407,-0.026688838456330535,0.0018843596209673612,0.06504085363703718,0.024026488836917447,-0.07166933954588192,-0.026193071420151575,-0.004183573093857885,0.030304907051679587,-0.02963952818596099,-0.024125197360665925,-0.010448088699641362,-0.024125197360665925,-0.018383419852480005,-0.00748043778705694,-0.007144272701952979,0.03111292668551921,0.02510282882404518,-0.023435906007504042,-0.012784283112415116,0.016712604305424837,0.07198465071751789,0.03816544216821304,-0.02684844040740553,0.01709965293939069,0.003371660729504237,-0.031867004196521644,-0.06338088212498537,-0.006278418214762133,0.023395032337106787,-0.03239669359860853,-0.022746614654342155,0.010390253846290142,0.03134732467289939,-0.03722173307074171,-0.013062613344167858,0.009524399359099298,0.031483014136531096,0.04878314269739404,0.05519725037578789,-0.020678740594856505,0.02934729534522959,-0.002655398314923755,-0.016526031292931242,-0.009405671078421555,0.013619273807673348,-0.016542992475885206,0.0643515622838753,0.008230622567545351,0.013300069905523345,0.009130399420644121,0.016536041171395875,0.011113467565359953,-0.0388177525814917,-0.05389040513179399,0.04275441533988861,0.058878105128977475,-0.022770527141785454,-0.026193071420151575,-0.04645084101513431
temporalpole-lh,-0.017742960285875062,0.08428695661298088,0.0,0.0049099198026979155,-0.0023620745475332575,0.016477861766905227,0.005421253675453347,-0.08681715365092056,-0.044106145832616184,-0.09939893925202624,-0.04034010916215862,0.02253166470184349,-0.0036545742458787265,0.024735369721120982,-0.06700052784110999,0.03969780694052306,-0.07482193905916103,-0.02150017284772014,0.02544222726365846,-0.03410935962820145,0.04582591815851388,0.026604687466661947,-0.01096372273763618,-0.0012181914152929088,0.005821125123629935,0.007002162397396565,0.0049099198026979155,0.03573624660028344,-0.018245470050017996,0.011735135601075568,0.005728239769814235,-0.005635354415998535,0.0012553455568191888,0.026186238947722217,0.013567299205090259,-0.007700195831321551,0.007457765057862573,0.05855632032572468,-0.005653931486761674,0.013567299205090259,-0.041418508119958904,-0.0782898137438702,0.008183199671163193,0.023731279046373257,-0.0572833265516805,-0.006379366100062293,0.05688252624996576,0.014748336478856885,0.021750498876253452,-0.012888771695466567,0.0,0.007364879704046873,0.018570104361603872,-0.0038872520571870536,-0.03807091996844106,0.06192248554800566,0.014422773313732857,0.0033104340099915576,0.0,0.0040915998355815966,0.028408521037762847,0.03482504127935142,0.0016552170049957788,0.05279092641438417,-0.13552019564387574,0.020513730390197403,0.06061140877889704,-0.00623074953395717
temporalpole-rh,0.015894415997389257,0.004929251447071976,-0.02198105510634253,-0.025328329381730713,-0.007353183998307425,0.018477268629798416,-0.0018442755682876852,0.0016619187882742042,-0.018659625409811895,-0.016868002151246408,-0.02988756993273662,-0.01699963292555191,0.02480325101251938,0.010491775338821029,-0.030362403872243534,0.023854064709509102,0.0069319655205298215,0.021903039793766343,-0.025302003226869613,-0.001395286207638313,0.052715396178666364,-0.00853834254306049,-0.025459960156036215,-0.029097303710900052,0.03286868592008718,-0.01907891758357527,-0.01141174603094887,0.04725962163437239,0.016685163795229378,-0.01902915472987441,0.021535918353721612,0.0017949942905903851,-0.0037943373320233256,-0.008459845654480748,0.0006864063304028338,0.01802924242115616,-0.00284563260501661,-0.017052285235274106,-0.007932840981255187,0.009779524429560659,-0.010542501344529005,0.04180288393807129,-0.02403690306552613,-0.02403690306552613,0.00677400859136322,0.04161908243004715,-0.023694181476328274,-0.029519003764681216,0.0079864564429845,0.022140938339523356,-0.004506106665280151,0.010675576846845176,0.004956059177936635,0.017686520831958295,-0.02108500268905801,0.01855624709438172,-0.00563957605231813,-0.013494401720997126,0.010174898328480715,0.027465082109511842,0.022114130608658703,-0.09575223836318446,-0.029940703818462373,-0.00471671590416895,0.028571262189681607,0.17046072904828224,-0.04385680559324066,-0.08178300270268044
transversetemporal-lh,-0.008362691954785596,0.02003399048325097,-0.03779358431246379,-0.031342250716243684,-0.005844051387936334,-0.012590873532625486,-0.011847493558211263,-0.006369308903430004,-0.010140281848841455,-0.0009545145284723342,-0.026898275981104048,0.011657322718740485,-0.01540034404470216,-0.03371081770723761,-0.03712524112597724,0.010691161682164075,0.09252784655573693,0.011125077298384375,-0.015179892284160782,-0.005400818565232779,0.007952069354773446,-0.03586359154093179,-0.018737401373893306,-0.04261041368562094,-0.02659812882939338,-0.04298093902201765,-0.026968654165790088,-0.02563429709443779,-0.023859036502002752,0.006244857645403627,-0.02704834955695938,0.01825640058919512,-0.023110997924346902,0.001943968581256886,-0.029191806184170308,-0.005548562839467298,-0.03334728027570335,0.06206274427841709,-0.012070274620373451,-0.01080629573370719,-0.0054828432580228915,-0.023343096192992345,-0.035940957630480275,-0.016071016532809526,0.0054875018612645194,-0.009919830088300077,0.0023918600072020723,0.01292130160540674,0.03551402991912242,0.04183159505083289,-0.006505406669560449,-0.00969471972451708,-0.006728187731722637,-0.022224532278939786,0.03426868544542267,-0.023856707200381935,-0.013847864514429304,0.002675702047567036,-0.022815509375877865,-0.020965211995515154,0.0020777370457665196,0.023814280635145676,0.06511363026562246,-0.014079962783074747,0.07443782465374284,-0.039275685658050605,0.34243429160705563,0.02862412210344038
transversetemporal-rh,-0.03818596648050187,0.007192323762220115,0.09965054733390183,0.056626710268180794,-0.0033496461825001642,-0.004689504655500231,0.015482555404360216,-0.007090750164181777,-0.02947688640600145,-0.09738168988558486,-0.015408372439500757,-0.006029363128500296,-0.02009787709500099,-0.036716002499902145,-0.028137027933001383,0.024079790393380224,0.03365395796578019,-0.06565306517700323,0.0006790594475596584,-0.08575094227200421,0.015854611505039962,0.018664433958639762,-0.002177555337720721,-0.018758018622000924,0.009518245029659754,-0.040354391607162976,0.0018979426240196852,-0.022042612050701255,0.007136401219479906,-0.005359433892000263,-0.04354540037250214,-0.0694683521235443,-0.02009787709500099,0.006587447279519915,-0.002056580041180679,-0.045555188082002235,-0.013398584730000657,0.0022140761819592204,-0.007369221601500362,0.006531524736779705,0.024330871197519935,-0.00870908007450043,0.014877678921660016,0.006345496686439833,0.017622448621459976,-0.004429293640300898,-0.014068513966500691,0.035421795082200204,0.00874560091873893,0.009146188928980005,-0.014738443203000724,0.01908328239100009,0.04833647862604071,0.05046724163208085,-0.0040195754190001974,0.01048604740198007,0.030537132165300476,0.04815958078676045,-0.009983885793700662,0.04912738315908078,-0.02088878162804106,0.0007806330455979933,-0.007295038636640902,-0.04371316800072275,0.03231409949278013,-0.12934313497618694,0.028722502717199876,0.24506513632779484
