,bankssts-lh,bankssts-rh,caudalanteriorcingulate-lh,caudalanteriorcingulate-rh,caudalmiddlefrontal-lh,caudalmiddlefrontal-rh,cuneus-lh,cuneus-rh,entorhinal-lh,entorhinal-rh,frontalpole-lh,frontalpole-rh,fusiform-lh,fusiform-rh,inferiorparietal-lh,inferiorparietal-rh,inferiortemporal-lh,inferiortemporal-rh,insula-lh,insula-rh,isthmuscingulate-lh,isthmuscingulate-rh,lateraloccipital-lh,lateraloccipital-rh,lateralorbitofrontal-lh,lateralorbitofrontal-rh,lingual-lh,lingual-rh,medialorbitofrontal-lh,medialorbitofrontal-rh,middletemporal-lh,middletemporal-rh,paracentral-lh,paracentral-rh,parahippocampal-lh,parahippocampal-rh,parsopercularis-lh,parsopercularis-rh,parsorbitalis-lh,parsorbitalis-rh,parstriangularis-lh,parstriangularis-rh,pericalcarine-lh,pericalcarine-rh,postcentral-lh,postcentral-rh,posteriorcingulate-lh,posteriorcingulate-rh,precentral-lh,precentral-rh,precuneus-lh,precuneus-rh,rostralanteriorcingulate-lh,rostralanteriorcingulate-rh,rostralmiddlefrontal-lh,rostralmiddlefrontal-rh,superiorfrontal-lh,superiorfrontal-rh,superiorparietal-lh,superiorparietal-rh,superiortemporal-lh,superiortemporal-rh,supramarginal-lh,supramarginal-rh,temporalpole-lh,temporalpole-rh,transversetemporal-lh,transversetemporal-rh
bankssts-lh,0.024366216241191868,0.018909947010209448,-0.016459293956322778,-0.003109866191506411,-0.004546125368183346,-0.018387177680485985,-0.002404785941370113,0.03499718561496354,0.039643021310948066,-0.012675763592929774,-0.013969520017430848,-0.013534216522143537,0.026597861067372285,-0.018496473800729506,0.010152692590101339,-0.024624019798688345,0.02566460278430659,0.006661275686588071,0.007912836537942003,-0.004642073724610936,0.018762307720196558,0.015323956316732022,-0.02354243494237804,-0.014816506168515473,0.02373346350799316,0.021167003229562498,0.03243072533653288,0.02403140078894163,0.03581917636009473,-0.006401175156185593,-0.034416214247354304,-0.011786581868698017,0.001525099577576519,-0.021207408249027008,0.02683117563813871,0.018572472857036528,-0.00276913648618326,-0.045300176196000456,-0.009386335613937395,0.01631917860905708,0.016869602045656656,-0.0012625212102597052,-0.029661679282353793,-0.014875305057628773,0.0031749953209118287,0.028697692204270098,0.005106641016448639,-0.0207612348268381,-0.01681020630531581,0.023919536399779586,-0.010717838356980286,-0.01814299318281796,0.02161702905512917,0.009378540375177677,-0.003991343108982628,-0.004022668755228164,-0.02179548757216424,0.028697692204270098,-0.04724723150504835,-0.010575932456031967,-0.003828981488690363,-0.030590488310814165,0.016510984889908084,-0.03004332042636482,0.013298930533686143,0.021216216326233456,-0.027005781751795997,-0.024101160036960705
bankssts-rh,0.024031669387106235,0.07559500366944531,0.008126401653139255,0.023517010836493088,-0.021479600348679094,-0.010432227115598564,-0.006870599086197985,0.005322942894021429,0.004991484891625645,0.011329882252909006,-0.024912872288718118,-0.029607324351640065,-0.0132775602857375,-0.010229929632039208,-0.0005688418345580975,-0.011050392598506788,-0.02080451872552771,0.014885240140238266,-0.01819015599091574,0.01855273329244932,-0.012824016336051479,-0.01727075921861986,-0.03271371141575008,0.007130848550694195,0.0011174957951712696,0.015702165820932746,-0.010207813331270956,-0.007034559444509334,-0.002457620202410839,-0.017764480563722457,0.022539000908349503,-0.01645958575964986,0.01657039867470993,0.013453543007844638,-0.018594233037687608,-0.005471486857327893,0.029926991401458856,-0.012895456285169863,-0.029586387146129513,0.015623651300268162,0.007739724526104839,0.007948435406299529,-0.03140881661167749,0.006816272547689021,-0.013806081470315004,0.0315557517160342,0.028216697200792673,0.012713291577646188,-0.0370034252569893,0.02786378407253949,-0.002679675796223052,-0.004495691865135689,-0.003766570212603377,0.016442417251131203,-0.024237129490655863,0.015006146992270802,-0.006715267060473363,0.02069157903117103,-0.02780347390108724,-0.00830163504368075,-0.010378187086217634,-0.018663975971201455,0.007320462495546889,0.0018060653865042023,-0.011688316191667865,0.02700078552013994,0.003934960442817474,0.02817953917080236
caudalanteriorcingulate-lh,-0.020929174361182183,-0.01122505874112229,0.003451533198245834,-0.009574661924061808,0.0,-0.04599510030493027,0.017836235957255336,0.04040120666951198,0.0318513900389457,-0.0017691086406971268,-0.01730618109238796,-0.02304420662702455,0.0456142655946103,0.0019488936623256465,0.025884633293223058,-0.015106782726380443,0.0052130589250983204,0.03673950025808878,0.021476811975020167,-0.010419255772523632,0.035520679364213534,0.035460270466222944,-0.009248427020231705,-0.023999696173575797,-0.010559995501522541,-0.01033126429043649,0.044192522251401675,0.04691753032588489,0.01202021877565756,-0.010766387858309537,0.026309269401501106,-0.02054672130298672,-0.02157148885924805,-0.015427618425944659,0.037083805535358505,0.041898602475634664,0.025135048478989768,-0.04864324745585877,-0.026335233637722142,-0.01066145672618924,0.015046783715624698,-0.017108014748383023,-0.0026412073360212993,-0.015046939190093088,0.0010663075074064748,0.04608818004234652,-0.024597976061980994,-0.017073414612145076,-0.023572643144016425,0.04987949562423621,-0.009633296999708506,-0.013551317206314306,0.019744798129076504,-0.010861474629772274,-0.030156470987755514,-0.016491586749304007,-0.039017766581697484,0.021326150148129493,-0.0378212068048871,-0.009514818387774454,-0.035160155273082264,-0.0574681690912189,0.010930519427779766,-0.012868593480509772,0.035425104968281766,-0.025607987677787904,0.005869896151916011,0.021321394042801034
caudalanteriorcingulate-rh,-0.016108464910552484,-0.005447776420674363,-0.014233247090862829,0.0015851859180815943,0.0,-0.04475883177067031,0.01215264507930728,0.046627613376177254,0.031253036510780874,0.0008273727791332451,-0.014933874977608513,-0.02403500747373974,0.04069122741393246,-0.0019392798602601432,0.032580754706154985,-0.024439665285077843,0.003993568738237404,0.03454780989547739,0.019628199305253956,-0.004743298298658668,0.03600770034638916,0.033776868922838925,-0.00905537024707623,-0.02168241794676692,-0.00779910169128986,-0.005923443297415091,0.04123089886504563,0.04425305899127934,0.01539509229810375,-0.01082082124333845,0.02590536620712677,-0.021203469111603663,-0.020246197184322693,-0.01399755905722004,0.030329535552559742,0.04104753699730289,0.02495762728359062,-0.04833006864909965,-0.02733192626316382,-0.002930507925461368,0.01953610653029649,-0.011671480602952164,-0.007767290958097177,-0.017244993064981475,0.0008634743217810604,0.04986564208285623,-0.02558673529428426,-0.009540314722237066,-0.02342874546934144,0.04759902198818095,-0.015965182523389927,-0.01959417293086941,0.024273224020097166,-0.00689542018626626,-0.03688960216234807,-0.012326218537980495,-0.04166067579006901,0.024716952460982853,-0.03817326293920964,-0.015009743129313751,-0.02940521091216642,-0.05798684181427155,0.006964539252266025,-0.017275794947141557,0.034970710032132944,-0.024718842460385707,-0.0008914348197037355,0.026411522094504807
caudalmiddlefrontal-lh,-0.006498242859864834,-0.004659789245715664,0.0,0.0,1.0,0.10868892197124379,-0.049142961627727806,-0.06884076029669309,-0.04954910180646936,-0.010153504468538804,-0.0432539290359753,0.014807027876994781,-0.04812761118087393,-0.036958756265481243,-0.04853375135961548,-0.0093412241110557,-0.04812761118087393,-0.03959866742730133,-0.04426927948282919,-0.0006092102681123281,-0.0475184009127616,-0.0467061205552785,-0.046299980376536945,-0.01807323795399907,-0.02985130313750408,-0.014824116524066655,-0.0475184009127616,-0.04711226073402005,-0.04426927948282919,-0.04548770001905384,-0.010356574557909578,-0.01481329371425447,0.02056276902158666,0.0,-0.04731533082339083,-0.04772147100213237,0.0409612022204988,0.0,-0.008990906846082272,-0.023556130367010025,-0.06480726996616162,-0.008732013842943372,-0.04528462992968306,0.0,-0.08711706834006293,-0.05848418573878351,-0.008732013842943372,0.0,0.22561998323603719,-0.07858812458649034,-0.0194947285795945,-0.00832587366420182,-0.04528462992968306,-0.02639911161820089,0.03608752007560018,0.0,0.04112553804317332,-0.05645348484507575,-0.03208507412058262,-0.019900868758336056,0.07125737980344068,-0.005279822323640178,0.09499949161274959,0.0,-0.04893989153835703,0.01175015372662095,-0.0020446566221497915,-0.0018276308043369846
caudalmiddlefrontal-rh,0.0038575086906005736,-0.008690930165964327,-0.02530972836244138,-0.017781960013991256,0.013666462940230339,0.08337181317604961,0.0033509092605782283,0.03909244050344957,0.022515542627099244,-0.010192904074734109,-0.00630320730517296,-0.01735123514235113,0.03464289442988621,-0.019545345777903317,0.01309373840464389,-0.030943460836886264,0.005403020232184087,0.017260959674653596,0.003105684474046185,-0.015552349462452486,0.024566090709322044,0.025351777529176,-0.018146634203371228,-0.014474662809530713,-0.008944192669323519,-0.011206065723126813,0.03591419330804717,0.029557698917242362,0.014297312076205715,0.02253332979674452,0.014991011692371171,-0.021089331641755752,-0.020510095067073228,-0.023402780045199936,0.03273594611264476,0.025221090207430852,0.013674537868709466,-0.05142944275347804,-0.016217061201727435,-0.0037041222611491156,0.01382941276424002,-0.016373536198293022,-0.020948969290496437,-0.01797073472447336,0.007032481260628951,0.03591419330804717,-0.022321855978556106,-0.02125060694142645,-0.008895817521752707,0.03273594611264476,-0.017126960515882445,-0.019584045895959964,0.021834755454169998,0.00026788668258637246,-0.031164498049632897,-0.01548458704420137,-0.019075846364902588,0.05244107872413967,-0.04401784918250183,-0.011333515631149921,-0.012477364601287778,-0.045355273166226895,0.02746361320220583,-0.02256708076508815,0.026697276441380195,-0.028192738311053907,0.0008308989770066739,0.01768528414215358
cuneus-lh,-0.00868050470721193,-0.022662235780914346,0.022285780823573343,0.020240404942938398,-0.027647839489962026,-0.012726293464209244,0.008131250753058669,0.002141473281923398,0.005923655406028537,0.016875232642773057,-0.034556272852313503,-0.02959976285191279,0.005292410091142919,0.008739573752040614,-0.005131953879817247,0.016192852930871575,-0.029208320226480927,0.022654301133101535,0.005633599947093667,0.02632363493275785,0.007664869787172506,0.004672625934209145,-0.040141383284995565,-0.007738044872557293,-0.007093575144650333,0.011709776916635063,0.016369178437822863,0.01594070745593123,-0.007299875987783344,-0.040711796299982984,0.021029461586545412,-0.05281301584204991,0.022473567488476467,0.009020812935627913,0.003187083538144536,0.010938352823723178,0.023153302317773683,-0.021088530631374093,-0.022433894249412424,-0.002646645859338838,0.002204068836891105,0.010086700625148454,-0.02329788923347374,0.021730355476676785,-0.01636477030014908,0.04020486046749803,0.005574530902264983,0.014773432599913698,-0.01987276626094496,0.040098183535792496,0.014294708848540954,0.0177568601775295,-0.017311638272477496,0.001607206995860996,-0.026157007328688885,0.0097578535546843,-0.007868525747701248,0.015340319104762093,-0.03226404126194675,0.006782360624881311,-0.022830626640052826,-0.02561656964988318,-0.022438302387086207,0.018894159697365312,-0.006483488890598874,0.018932069681359836,0.017152945316221337,0.030901045093213297
cuneus-rh,0.01596243458623928,-0.029483016826380645,0.042566492229971414,0.05357089789169698,-0.05931997769963728,0.013422956356610304,-0.020916044232074642,-0.02877713749566429,-0.038051194678508024,0.029487837857666132,-0.026428491754419074,-0.019589055370745016,-0.028256064364224828,0.00799969791304733,-0.03604202989028236,0.031178412828442706,-0.06359663420246918,0.004696487977276174,-0.01657751782774568,0.0482119198652738,-0.02248127238942861,-0.023546318550913565,-0.05162079073671849,0.01753087676445025,0.01132580774742453,0.03134835418125604,-0.024778895549569118,-0.020213378922215267,-0.008636877547945536,-0.036233665883880356,0.028795618115591975,-0.059661467415692435,0.035431767680061434,0.042687419764715656,-0.03529959107231773,-0.020968673823607835,0.019427149070074163,0.0024185506948847394,-0.013413314294039335,0.01900129130652303,-0.01997473787358378,0.030996017144808537,-0.035463506136024205,0.033617854658897876,-0.04620717435572648,0.015100273491351799,0.02601669533211727,0.05078956459257953,-0.01598694149527383,0.014171019711074654,0.02550365725282029,0.03507139559147147,-0.021140623939456784,0.02200760606562976,-0.021763742233105666,0.04885472403667174,0.017171709933681653,0.005406384834063777,-0.021447562931299305,0.024067391682353025,0.0019207792146584616,-0.004522930850998737,-0.03769564362120355,0.04171999948676176,-0.03663823075925393,0.032771361915688225,0.01973890909320216,0.04474318785536768
entorhinal-lh,0.021330900581462024,-0.027416891960072742,0.03906977941615768,0.041482266937676274,-0.04326757981166228,0.009410374004546551,-0.007816443020328953,-0.03361997028236204,-0.005771954857079683,0.03740533620386913,-0.03144309880944529,-0.02040245608571214,-0.04239920960644996,0.009539151911102271,-0.045786728160319895,0.029341408857154045,-0.05268191384913487,0.006917125453324559,-0.010087019511169998,0.04720295414460613,-0.02473047654901718,-0.029534587537981428,-0.05646099100193554,0.009776931201571176,0.007321096095754805,0.029346444600516698,-0.02612620493003854,-0.025342366651554694,-0.010641353194851275,-0.045797698042574685,0.022229130617035995,-0.0638545734317274,0.04687488610342376,0.02856836314601785,-0.027577870253764295,-0.02677316792120748,0.0256858965526393,-0.0005233981428830115,-0.013013909399282939,0.00943051697799716,-0.00939185050724778,0.029397345799858435,-0.036494162180074265,0.04119844487632115,-0.03601428893639615,0.029304716492370778,0.021775878251415845,0.03495435952650828,-0.014647594385680342,0.026424767770673548,0.030268056561844954,0.033477692800876396,-0.030568073384718474,0.014118616733719464,-0.01167160008928464,0.030697028606181325,0.015938281415714548,0.012771992760980866,-0.02167965536181023,0.022114017779323532,-0.0023247166424864643,-0.0043499602278146195,-0.0320607457359678,0.03367716025041019,-0.05496166343117173,0.05070648393171802,0.03429156822462903,0.04318519930580706
entorhinal-rh,-0.018554443704464622,-0.010881771649303115,-0.0032291713983233733,0.002695442523991632,-0.0058584824214489885,-0.03386615011623904,0.008851141358386848,0.02909986815724602,0.026806183437704762,-0.000891911381725001,-0.022667352392694243,-0.02658797927381125,0.03203283596741121,0.0033934039166001947,0.02045826833191852,-0.009617033505308415,-0.0034886630668116165,0.02652642335787002,0.019072217609488334,0.006205255755494629,0.03263835028804338,0.030521975442130367,-0.020024016725150733,-0.02311817857922863,-0.0065804060569839605,-0.0010503588831242507,0.03648660190136575,0.041048996272733826,0.009112104601714176,-0.01933605846677227,0.024864634065792885,-0.029637028720271352,-0.0077491343688655115,-0.009974137652192046,0.026166900347080833,0.0390462186634886,0.01182418724119399,-0.05123300313659311,-0.02311314424425279,-0.007489380557490964,0.008299402076206636,-0.005394286947712498,-0.01259485158020508,-0.002008008551385795,-0.00678746319041618,0.04708351360013671,-0.01723478662578677,-0.0005421948980011682,-0.022768462095504805,0.04469368797703915,-0.005632759522952515,-0.0026997917127873266,0.008627640716631187,-0.006953757105026299,-0.03130149901914035,-0.006634115559714332,-0.028595791218032317,0.018466834360299327,-0.03736347581388482,-0.005645247056809738,-0.02824869020537877,-0.04813145361935541,-0.008187210878656363,-0.0025474569068735173,0.02605827190966731,-0.004814891591025972,0.005371337529574128,0.03358230299049492
frontalpole-lh,0.006406878811600347,-0.013047233238519283,0.010892442264491849,0.018955829759276004,-0.024274896313845537,-0.0013133743571426104,-0.0254911013175987,0.009996761543331916,-0.012069456526268545,0.0003725273825235429,0.09168528735114728,-0.0087869088851189,0.0098815041551841,-0.017646546743328738,-0.009826486382794064,-0.01228188326780581,0.002937905978878588,0.007414425414390905,-0.032760876287359436,0.006972614398730395,-0.0034361882697222183,-0.000525414342981185,-0.029299440135786992,-0.01272783945809845,-0.012940643033693184,-0.004661437290854561,0.004282180728733415,0.004730397923370845,-0.014278134770513623,0.008786209050440752,0.02162516072205489,-0.024146072899628945,-0.0035552139984446948,0.023995070109458633,0.005514212762900147,0.003276518296230189,0.009296173197065822,0.014030716295068791,-0.01607439505558053,0.0006083178356237087,-0.004675756985038273,-0.0018662975863188158,-0.02739395180749172,-0.0026542576004802447,-0.015653309913080657,0.024872662795860194,0.0010422153360774267,0.01593168261467448,-0.05033550155914895,0.02106997648853389,-0.007462983174367238,0.0011544580517655165,-0.0005122251509698697,-0.003314524702597478,-0.014846885030103393,0.012908665972245353,-0.005570684038083271,0.034833248269675376,-0.025264354881877723,-0.000966848524584225,0.0003796872296153955,0.011679271776480878,0.011553086200666546,0.008316135480470282,0.017049210928808324,-0.003441840780584208,-0.0033262065583789233,0.023977735742815198
frontalpole-rh,0.008917084695171872,-0.024460041525606525,0.008047201226075329,0.008507075342456503,-0.013821797515447739,-0.01034208031272455,-0.01347576905434769,0.009425356964522803,0.005158344807524565,-0.004518902544045374,-0.010025934044556584,0.11026758349860129,0.02179640151206843,-0.015046142457146637,0.0020032985476401482,-0.002230898195033904,-0.005370361716272754,0.01569557600599269,-0.012281214642412372,-0.0018450879188034086,0.004117601192337819,0.0032434095543216195,-0.0282259311403971,-0.013240836353473668,-0.022760056402543877,-0.014321453446959356,0.008377463622192804,0.012010899958496066,-0.019794386248787328,-0.004487553740417234,0.04304740717154208,-0.02549372707681851,0.0005425542943711742,0.019781828394702373,0.014922488842835653,0.00876758206734295,0.023816657745881695,0.017378511779713723,-0.026615592596130697,-0.017722798640612207,-0.01424179815352997,-0.014203299622758573,-0.03492898366353967,-0.0009552218789731355,-0.018399181160998236,0.024134178961577213,-0.014745762253961249,0.0027294541685234817,-0.02968236722474641,0.025703177416848605,-0.007551486810809348,-0.006516426312069816,-0.007152843690988397,-0.011147891227037266,-0.008172229787913866,0.004106234959443406,0.006253261355296774,0.04789244726912229,-0.042974626615750446,-0.008909751641691605,0.010853469129804593,-0.011219113508964353,0.006957967794750325,-0.0030481670054095405,0.02733340686868023,-0.008371597179408592,0.011515460532735602,0.014997927630513892
fusiform-lh,0.011549906181297509,-0.04194190736843411,0.046568238752252716,0.04484803995929352,-0.04180916380477786,0.012410005577777111,-0.0188748695541989,-0.030179625792853715,-0.0493945453383605,0.03069539314758491,-0.023670602532533332,-0.014182723361700164,-0.02701669281185232,0.01088572847693077,-0.04557296350570912,0.03241124857195885,-0.083095713061996,0.012323066668236442,-0.012221258108598016,0.04616849554704723,-0.025596268208802182,-0.023005045169910105,-0.05941971453272617,0.010053007632074468,0.007812892289923793,0.023704296853064143,-0.036076397597705444,-0.03219420277898546,-0.01961808634712654,-0.04372436451767893,0.036338788158708925,-0.06253954085798022,0.037352888075685556,0.043496455193397,-0.04018248540222734,-0.024980266126814026,0.025802981894388052,0.0017201987929592035,-0.008059360572678262,0.009774490399006202,-0.012431395390598152,0.027966030548300082,-0.03791992761910437,0.03206942035445372,-0.03128862575849552,0.035866914375915784,0.020892471568804156,0.04877992291462884,-0.010869540486721245,0.037513929963136114,0.028370117122090834,0.04237475215210466,-0.030759562586048044,0.01200308814963785,-0.0144688747037877,0.04361932653575123,0.021625356254344273,0.018676444037842778,-0.021740133601593735,0.03035626292844803,0.002483027172510622,-0.004529326078850935,-0.03359099945693181,0.04976289365346267,-0.041860630167590465,0.030963578273265662,0.030112758356022323,0.045462396671064664
fusiform-rh,-0.015148023367080673,-0.021536280846176536,0.007330744870522541,0.009004367974271253,-0.017901409416839185,-0.02749364459008457,0.006980819162435746,0.020149499674043232,0.013665386396599095,0.011501928282512789,-0.03103937864326785,-0.032579143230325645,0.02240064423742477,0.00906382443359554,0.011670067574734528,0.006613676840353627,-0.015981370568230478,0.04135074258338022,0.010771728312875076,0.014573288107575333,0.02623663726011566,0.02518882624688862,-0.026563716127157067,-0.01695907447787231,-0.01765075654499286,-0.0032954439130516737,0.030729879121936466,0.03759587004025017,-0.002024999738694357,-0.02853897430810373,0.02790726388448198,-0.03795490084007433,0.005436091984962196,-0.0002990013295302761,0.01688534005714,0.03402475002401853,0.017305583148066905,-0.028469019656978335,-0.030923099472286962,-0.013562296991882097,0.0027276373549954356,-0.002376166094385091,-0.0153255726559594,0.0077543471725465525,-0.010708397458279178,0.044106094744172084,-0.007040543727810027,0.009591299430561058,-0.022591898476741906,0.044915296629877456,0.005739845625653314,0.008169417393802803,-0.00445172747992126,-0.008055162160650374,-0.03577779560234471,-0.0016443627454287315,-0.018939295249234718,0.0141822107493037,-0.03811735207845091,-0.0008474148833029188,-0.031090513301079283,-0.037367969383784526,-0.011098444448201777,0.013750591550686456,0.01497186717826569,-0.0015318055172596553,0.0128856551484686,0.02970373212894598
inferiorparietal-lh,0.003436387577643037,-0.02625007064388664,0.031167210018894255,0.04377212931037208,-0.0395863886225876,0.0024910186307822006,-0.01863989139907991,-0.023943057045228772,-0.038669946932472644,0.0264946363275751,-0.029552856555602042,-0.01966031551786494,-0.031770728236205706,0.007202676864214667,0.001015802677510801,0.02550203971079423,-0.06351108347066797,0.016565432679515466,-0.01135187850962512,0.03981299988335774,-0.027067151346605714,-0.027026967049750675,-0.04572002973707388,0.007567165241930844,0.004500171689559782,0.022806923899460176,-0.02829098066543096,-0.020707936942116742,-0.01673610472999571,-0.04416167726804583,0.042699164099881136,-0.06258263097595798,0.0314823330011812,0.03857260010263748,-0.04420469127092172,-0.018562352511390684,0.031984982702124985,-2.996522751336491e-05,-0.011788938343500473,0.021016992738131915,0.0016873326936814672,0.032387863641442825,-0.02881441449531391,0.02581011932001618,-0.023887686247502017,0.037416436592415614,0.019377233704626306,0.04566286720409376,-0.007028952685406248,0.03530116337945873,0.011932005314283874,0.025062842151409675,-0.02412071068479977,0.010601363860767687,-0.022338860867303977,0.0338457553683333,0.010999339152529732,0.02237373174237314,-0.014534457521031238,0.009082503708083015,-0.006609847274449214,-0.008869979193442862,-0.038359383607485684,0.0407784609786461,-0.0238591667649862,0.027700857213737853,0.014938376431116554,0.04519018273066334
inferiorparietal-rh,-0.020441048908473827,-0.02255438262154897,-0.0032462425557412376,-0.010309402905492593,-0.005379718883322825,-0.039604901628052934,0.01814451614897533,0.03823280573454287,0.0285744035175017,-0.0007276955678659454,-0.027840953977559642,-0.028975488781367253,0.038365770748621734,0.01039964003660625,0.02511878319851082,0.008310109206725985,0.0010026017924623992,0.0390369140515796,0.01753405312186014,-0.0016938580120063216,0.03654069989983973,0.03799214863663946,-0.011785248483895056,-0.01515535364111475,-0.021822997087074213,-0.020852424501755503,0.04395030133993381,0.049667796945324735,0.0026162605704478474,-0.018775092092676582,0.025351213972465408,-0.025846040722050965,-0.0033438002242317344,-0.00995370348846741,0.033711995255861674,0.04262212124620467,0.01766980231597583,-0.03627886818469622,-0.030632187270482027,-0.024876344225383835,0.011506837904692247,-0.01855029368426295,-0.0011674400996028779,-0.008938027186552063,-0.0004119695516895261,0.040986723590491644,-0.016956183562376097,-0.0037203624303328935,-0.02543156912056834,0.04471606221726327,0.0012168277412161752,-0.0009251570405579579,0.0023168312880870036,-0.009011781971847694,-0.03715379119290969,-0.012308726302179615,-0.026675266055259945,0.01715248681617279,-0.03470899899033002,-0.003303982737465029,-0.04173571999175936,-0.05062351314596693,-0.002879094590404612,-0.00047631009622062004,0.02560112939705128,-0.016813522177288973,0.011616593993984098,0.021932033001796546
inferiortemporal-lh,0.07179740423850658,-0.014187365444660444,0.025802192148213304,0.022997606045146644,-0.04216458749092294,0.010657427191653322,-0.022371829417108594,-0.04847648104656436,0.026949410415079568,0.02151372545844632,0.0035462697584737824,-0.010624997487940964,-0.08328377198620317,-0.009240179147256953,-0.06213409911533069,0.020031104730739137,0.2793958492537848,-0.0012681647302079035,-0.043708054741854456,0.019109401223645288,-0.052772740197511145,-0.06217231483812266,-0.051276540989544546,-0.0076539700134469835,-0.01158944287791326,0.01213552175927403,-0.047962831868915944,-0.04138468811272385,-0.02352735342104076,-0.01838582220858406,-0.002090805991285435,-0.008140975506462658,0.028045861030666634,0.0,-0.049084666310142605,-0.049445452596623134,0.0,0.0807720797683199,-0.019501870630731118,0.004877287454006209,-0.027180477886710654,0.010996842536694617,-0.026298249961401923,0.03309411601618663,0.0014172480443963666,-0.0013478624768851794,0.014383716801813835,0.001682751661839998,0.02491291834483182,-0.007016621347249704,0.008514826997316493,0.00014833673108142229,-0.046789203224637886,0.0070782144535810896,-0.0034477207883435606,0.005609172206133327,0.0,0.008974675529813323,-0.024261244615268067,-0.01539216393365772,-0.0015648381923707444,0.1839381064782947,-0.011764936569513518,0.0005609172206133327,-0.08310953815359604,0.044312460428453285,0.04109981999594118,0.016266599397786647
inferiortemporal-rh,-0.011420956664543092,-0.008989631455834587,0.029533878485968897,0.03011763985736358,-0.04484831164037169,-0.008042706045270664,-0.007641715332017755,-0.008012444706003733,-0.013866377728141185,0.002822820797487177,-0.03267417765008138,-0.017812811561718017,0.0013459863341593224,0.021485089408082185,-0.00539686653695276,0.023924427439064234,-0.03701374319845085,-0.07933341509224037,0.0177592529067308,0.03297087581793096,0.014357858795551353,0.014251342796847002,-0.029965731849758825,0.00029373356344820624,0.0090827927507497,0.021177707477201206,0.010395846804884241,0.02014280882942459,0.006837943955684698,-0.0173287420053113,0.008853441445150365,-0.043873348343841864,0.020206156272529575,0.02131493230262931,-0.0013802610765545425,0.019521514447589768,-0.006901738886246501,-0.028826246992935352,-0.006198554299815033,0.01369339585811718,-0.02448935238532373,0.016117896883109294,-0.01565252391200752,0.03127418517347802,-0.04238627760493944,0.023640482663733805,0.006418704144583669,0.03224647752924999,-0.022196734304244015,0.02226408116649426,0.01886802893683052,0.02568253573696468,0.001407403987606815,0.011578947704763892,-0.016223378067069773,0.022674273340577877,0.0025897637363861145,0.005758394450108027,-0.027528323608434272,0.013810889283496459,-0.009010104006983752,-0.019255525106463934,-0.07970933252392877,0.03342764863947213,-0.003748686329614863,0.023295567722412692,0.00247449376430787,0.036108797704929134
insula-lh,-0.004086216451712385,-0.037657001924417136,0.021758953271222306,0.02264625041240858,-0.02482066119968899,-0.011958549332726626,-0.0008437819338071729,-0.0009629323924155774,-0.0024038396719247867,0.02065616901086264,-0.04176983447384683,-0.03201474127313181,0.006247941171253636,0.00602854613297095,-0.005618073800581898,0.011671651739739365,-0.03623140946303892,0.0299594809444598,0.001721455970880481,0.030853643348946167,0.0060340383436110374,0.0048132654384322165,-0.044316483357906514,-0.005627896408072807,-0.0008511752942842017,0.010787206323308532,0.009686534451656586,0.00968664007109197,-0.018912110480809534,-0.04752976691164515,0.028729307909531605,-0.05097100067793275,0.022978353123741108,0.015325837758751099,-0.003622817046702042,0.009022857126168448,0.029613542087091677,-0.019169106038089686,-0.023697809246605958,-0.003184132589572061,-0.00042579888601287257,0.016330701067014976,-0.030010506867244133,0.008118977733626555,-0.01484543362464358,0.04647820807744777,0.008564738692927414,0.022978775601482655,-0.02891363729526609,0.045040997478177074,0.01045542047028215,0.020210724909867944,-0.01702755463070719,0.00047723555104593654,-0.023033498204505506,0.01798794042118067,-0.0020873686370293985,0.014640402829573414,-0.029911424101359094,0.011786894279238484,-0.016715308373227253,-0.023712595967560018,-0.008409888865158489,0.02331140640999212,-0.007505058897698121,0.01843180023064458,0.017205007017648745,0.03860650891304584
insula-rh,-0.018323744363665486,-0.008255932083887673,-0.017388743822537942,-0.009212608410692455,-0.00036948104817773454,-0.04528474757639453,0.015142167578501734,0.04142305594099486,0.03343621593419946,0.0037228721802972185,-0.018772114134192146,-0.027562410930554684,0.04090836952487205,0.002353532717902967,0.02798964968522006,-0.017752577423623562,0.0028215747317837203,0.036478240851508206,0.02597080538324887,-0.0007313050539422595,0.040689378111854205,0.038709702759650515,-0.011906289348682705,-0.02400041532990832,-0.008488040343474232,-0.00505813326420423,0.045334672703528256,0.04821691663381602,0.015476668351496897,-0.01620414791073153,0.020730658470534548,-0.021183580095523447,-0.015499070496928752,-0.022019099615258792,0.03277632415013157,0.04565259431512439,0.02198248503062835,-0.05098838464852737,-0.02602035522450938,-0.00831149860511556,0.02011503831351031,-0.008425730782524352,-0.006662135351322108,-0.015419818594702527,0.0008657663505170222,0.05151090969700204,-0.022741482550215224,-0.012754744125048121,-0.02260466058443797,0.05058447414798097,-0.013098354659965726,-0.01389069814528729,0.01966958608799802,-0.009302428847348306,-0.036733302079340543,-0.016809744303142114,-0.04184554914526344,0.019352209246217854,-0.03902361123360241,-0.011203215477203071,-0.03060498061767939,-0.05887064700965237,0.004422477683948584,-0.016668182839966003,0.02835002097147536,-0.018153394842214888,0.0035672798678611775,0.029891713497643354
isthmuscingulate-lh,0.0008595363496993436,-0.03796502565747525,0.030009688077357658,0.03265970187078115,-0.03272816273529669,-0.0005184708228808675,-0.011588064386965196,-0.015255108620154794,-0.023305401983077106,0.027130566663739832,-0.02946216123034825,-0.022893036104834237,-0.014154967512090963,0.014043914343942688,-0.02946486152672236,0.024532081206279865,-0.05405702432732597,0.026379974745587342,-0.006156237282765848,0.03945519952248172,-0.009808875295609075,-0.011020730726861229,-0.056208513301497905,0.001234919302859806,0.0009971888290378564,0.017034715283115155,-0.005537410084332042,-0.002050854217549505,-0.015369732025519337,-0.04521316396864787,0.030115619033827225,-0.059405740763227605,0.030963693042990115,0.02354365442140436,-0.0194234823618711,-0.004337016993616353,0.02204811476128338,-0.00974051882399459,-0.01765603399212093,0.00415424590243944,-0.00376144325385533,0.021704453330991868,-0.03612575497179539,0.025027662145721514,-0.02107388541095212,0.040283153539846864,0.015086569761155813,0.03499171400899381,-0.01801991980711125,0.04032900290199268,0.02369844821509703,0.03380569234099079,-0.02604133113407347,0.005666926876914572,-0.02130302782878015,0.025981667111353964,0.006159563936546308,0.014840077243171507,-0.02678066949749163,0.021409411154487645,-0.008393919995580148,-0.014163868746788063,-0.022151032242675665,0.03562771731941545,-0.025582976703150035,0.025133662697458453,0.02094520376157808,0.040864684634495066
isthmuscingulate-rh,0.00035730472402325424,-0.04078149961909051,0.03178420253409499,0.03222528180160478,-0.03292166232378741,0.0007983839915330325,-0.014339572316781896,-0.016849179131872047,-0.02783437724757341,0.02643025367891915,-0.028453901477694495,-0.022693168327276133,-0.013894774674309232,0.01358549772570301,-0.031705287062273116,0.026966470014204432,-0.05765665552585267,0.02631616178737866,-0.0075903365888297354,0.038970747304743966,-0.01486070775281531,-0.009244539391541651,-0.056633857976051624,0.0019503543321264328,0.001729710998671384,0.016140969436749704,-0.01105818048324979,-0.006586545712643751,-0.0168871406292521,-0.045374818580713044,0.031807134982073264,-0.05937154487452259,0.02891718729528143,0.027042600408364873,-0.020982464002219814,-0.006769071999168513,0.02370801062865061,-0.008023201358662541,-0.015666321094873797,0.0036994349533634465,-0.0031714849656052186,0.024236323565359395,-0.036887864755812856,0.022962617183899414,-0.020693023324829942,0.03959812308359146,0.015810211835967453,0.03906201044800634,-0.016441928187978797,0.04107723634970439,0.022909211838316935,0.03803528712384208,-0.026800165323633305,0.0035701066130208524,-0.02045735094197311,0.02913772692903632,0.0068632239197924895,0.016319932897861815,-0.026024091581877587,0.024502416995970357,-0.006688756581394471,-0.01322494127536759,-0.022324345529413665,0.04027497843365824,-0.0246783879800207,0.02384477571891897,0.02155953061224676,0.041377728452282755
lateraloccipital-lh,-0.01710058092957456,-0.019870318532990552,0.023883752162081506,0.025419283614992197,-0.027194673839392877,-0.017575597066507187,-0.008085896022998673,0.0020532955596442625,-0.009453047488954147,0.005718912204305985,-0.027461522164117676,-0.027281127472819217,-0.015202083517193177,-0.003065142616724715,0.019148565641646804,0.018932910404993196,-0.030987315510408103,0.014269202669093265,-0.02419056243820881,0.017385364247739264,-0.022061260814132334,-0.02343293955998526,0.12975941634848706,-0.006135421954871546,-0.008928405399299453,0.009703179703288349,-0.009571801523187307,-0.006775074366536496,-0.014678224995213039,-0.03438234011812214,0.024351280874568348,-0.05369336545762751,0.013135031991706661,0.023883752162081506,-0.016737614970103867,-0.012970569843124228,0.025592190881844872,-0.004267657807947852,-0.02905416699419622,0.0028319877020059536,0.011681426892324853,0.0055430447929049765,0.0873462911338102,0.018765313985712528,-0.013497388509652698,0.02117347863885704,0.0018864827080381523,0.017229782532801836,-0.0265355192989389,0.01864281623925648,0.002758332340597412,0.007242428952873437,-0.028666388058364488,0.00588650862358665,-0.018579782572991962,0.01262318817406976,-0.013480846525412007,0.008189501082190359,0.03641674299050204,-3.839481605338805e-05,-0.02780498599479935,-0.01963951432129547,-0.027194673839392877,0.012111344356432864,-0.013785306098515636,0.01671793871516494,-0.0019211338118686463,0.021017896923919612
lateraloccipital-rh,-0.007770379114042211,-0.0025104908815005637,-0.008898053180479171,-0.0003012380659478898,-0.009692563241344968,-0.026695167369387107,0.0032939233758357512,0.03925658119654343,0.020861389446875617,-0.006934155225161406,-0.02379076949606583,-0.02781485568046084,0.026937165650095008,-0.00861948270248212,0.018303018196854957,-0.004778966400463576,-0.00772145675391322,0.02201120156454413,0.007996670652383278,-0.0012831870436067756,0.02183664234731014,0.021666977074272013,-0.017104813255776712,0.027889238507689082,-0.010629723661651125,-0.00652325181283498,0.028251236641716172,0.029729566507289983,0.007348645821715165,0.002317380797262348,0.026149599352983558,-0.020870152425488103,-0.006380618535224269,-0.007309015976917934,0.02200939943151564,0.02388601777821641,0.022458924860689705,-0.03361206140568317,-0.024941871291873224,-0.0036399670809660204,0.016256734577116055,-0.010088801902913452,-0.015656607196797692,-0.007668169986307639,-0.00772145675391322,0.03521936762605934,-0.003725444556554524,-0.001504601719581626,-0.02227150302572627,0.03469106079852113,-0.009288620674602538,-0.007016028434692924,0.00739498882556641,-0.001904179878847463,-0.04221196833138183,0.0057209866013062894,-0.02362780030025206,0.02693845532823388,-0.040082009369082926,-0.00917611120358662,-0.026112796550994063,-0.0354382200275861,0.001004087028890441,-0.010590589189913863,0.018724221952462726,-0.011529799429778491,0.011441990284442224,0.02384147690739366
lateralorbitofrontal-lh,0.00832530497507218,-0.015574903769749094,0.0054707000519507295,0.012177429072483948,-0.01505115078999888,-0.022184273110878557,-0.0022906750104318995,0.024927374782778004,0.01461522703190836,0.006203092446705346,-0.028922343988540163,-0.03674137366369897,0.021653740157280436,-0.012958696883109133,0.01142047479444885,-0.017088924083629976,-0.012638026471665639,0.024466361396189896,0.00856698124066694,0.012541666403790733,0.016563947976729543,0.016596401203197463,-0.02360035012123323,-0.0149919129415714,0.010581136383641063,0.008489737967185515,0.02152673361421027,0.022669792501841805,0.020366836549769667,-0.021877106768225518,0.02325617331694345,-0.027507906092742118,0.00328194195609142,-0.0036659355848194667,0.01212824942701764,0.019602046807452467,0.031497622681402326,-0.03225246597856903,-0.028566525745637908,0.0037658781114033694,0.008775732413482016,0.006242797513332924,-0.021644905081469486,-0.006988805734688672,-0.01423595827506516,0.038811960292299066,0.00738082729948387,0.0011356952896611936,-0.03236157885439594,0.03247560907389275,-0.011701496018170107,-0.006216708273306485,0.024299010283464376,-0.0007817396769369451,-0.026666456701065936,0.009301596374100626,-0.02101659646106119,0.024766275898683278,-0.038450641081604474,-0.007235566980669357,-0.023254062336075056,-0.039882389020523344,0.0019716437135450368,-0.0020601683171378427,0.01250926905622815,0.005237386995855164,0.003350238395951211,0.031456750366529874
lateralorbitofrontal-rh,0.00089502708156756,-0.01101840316776328,-0.0025560386249205524,0.007371714894065518,-0.00842007223589,-0.029171548495639552,0.008004894293022988,0.03404507462078697,0.025249327035114545,0.005927475130295318,-0.026978441856494118,-0.03508223640037748,0.027868801061567406,-0.00586777770063457,0.019817564482248032,-0.023414802630515614,-0.003746194186121611,0.02968187648190823,0.01306968711635787,0.00940745964699109,0.025273272079149405,0.023087941155632043,-0.016937796692751993,-0.018727551084002154,-0.0017518179533196258,0.004605762536154677,0.030836273539689835,0.03266241044930364,0.023143294951857744,-0.01931812005074124,0.019600804938252378,-0.024423963268934035,0.0003535901149929913,-0.011594980740606674,0.019993585638857864,0.03054052104511215,0.026956044614232594,-0.037497388357163465,-0.0296302606575541,-0.004251560641804623,0.013940775271684143,-0.0008667384040976652,-0.013455946249017222,-0.010451779245059049,-0.0097672837936324,0.04093258450712975,-0.004679793956151044,-0.003949898358637865,-0.03416885593809847,0.036509364695531045,-0.013782489598635128,-0.013900355009563981,0.02411451915234562,0.0016143450139973823,-0.032432907541300675,-0.0007168402260337784,-0.02802648107305294,0.023058710337952287,-0.03603822117708129,-0.012869421143828228,-0.02734758952053684,-0.04692786926136026,0.0020914105566233613,-0.008182169597314767,0.01702611316073543,-0.00048670718529305766,0.0002646496320653644,0.03049542678870415
lingual-lh,0.012662486431974257,-0.042065081286637704,0.04224564057393181,0.042917984986249026,-0.04164085261225494,0.011317797607339822,-0.010744012411981481,-0.030392961000949764,-0.03964047212931315,0.03328544795685494,-0.02747656671860211,-0.01935167961252581,-0.04051703041542415,0.017354294565943295,-0.04497797465274045,0.034533580762595766,-0.07621623843353988,0.019723001392212818,-0.010545349456190982,0.04889242960852233,-0.018748642108971387,-0.02112349894051606,-0.05910335731667715,0.009305163917540863,0.005656722431940124,0.024717882160570446,-0.023287692349355862,-0.026714368576245172,-0.016280177891199277,-0.04712141530405364,0.02902286713169321,-0.06263624048398012,0.04314209979035477,0.031600187378909204,-0.042176240057782796,-0.020494457305067656,0.020618561977727993,0.0012326314225815649,-0.012229159119650189,0.00937011808284408,-0.01139560406677207,0.027006133438377485,-0.035249181148088685,0.03686688527539408,-0.029222381914698378,0.03382408357868488,0.02430095486231342,0.0415732961616146,-0.011814581366787475,0.0334054058223054,0.032172774399723846,0.04213183271375649,-0.03157263872514247,0.012441020716898753,-0.014568613637723634,0.035634253852812506,0.016136265895613212,0.015239806679190256,-0.02203315679839708,0.028685244011048078,-0.0026750276369602003,-0.004549000705540455,-0.03429216731351519,0.04594353484167651,-0.04824519069719132,0.03720305748155268,0.03456283307079184,0.044374731212936336
lingual-rh,0.008659733947057458,-0.041432545565364624,0.04210795631756689,0.04351516308396372,-0.04131508833314639,0.008767980621395676,-0.013221592978151071,-0.029025471716041543,-0.04103011294852328,0.033996286755166534,-0.027820381504144995,-0.018634198126040762,-0.04109818783800179,0.021314262372036687,-0.04209653812105946,0.03621994885804001,-0.07425110235129581,0.026403113696134642,-0.013335141604274833,0.04883529169738243,-0.02010642165955516,-0.02294622303656423,-0.05960585388943373,0.008666564960023467,0.004249930550277464,0.02463225275206512,-0.03248922957937513,-0.02243833043676684,-0.017555504273263647,-0.045819883524800764,0.031932768929774376,-0.06284795216779474,0.038860556087420346,0.034855429136906264,-0.04591181719731419,-0.015882150384471872,0.02067511479859968,0.0021649334867643645,-0.013412969913590887,0.010911706301017881,-0.011448488204656953,0.029031587960763418,-0.03663760875279099,0.03734510264668529,-0.028123778004528095,0.036237383774577095,0.023430799715284244,0.045138863199036997,-0.012230345139038189,0.03742544621640473,0.031688372476479154,0.04110039547662921,-0.030802892242098288,0.01209711776695274,-0.017717449042904215,0.03518016915992092,0.016020507802056296,0.015046287733012333,-0.022215684652571354,0.026034157566676416,-0.0043443794831942665,-0.004551662273990705,-0.03355606189837948,0.04643782329109562,-0.045056583421668905,0.033231729021832995,0.030092575466024667,0.046654316639772056
medialorbitofrontal-lh,0.011827223405183976,-0.027343695046076512,0.01769893777404681,0.026751447586065354,-0.024512446909641928,-0.007566139231024614,-0.00915761124321091,0.008849334600697346,0.0008821716379638659,0.01615997171534802,-0.03647144996279453,-0.03501824810433619,-0.00026226119478538326,-0.003765164772038311,-0.007156476412339541,0.0012576362056136063,-0.028266913537704524,0.022604506789052726,-0.014048901145546303,0.028412345628822073,0.00023128581557536616,-0.0019660860997710123,-0.039020428241861534,-0.003922324535631323,0.01453712146497354,0.028244577245470713,0.005468452531719716,0.0071360201286705,0.005321543291015562,-0.03696602650165503,0.01950289551616077,-0.04295112329181695,0.019088264103411665,0.005774401544581657,-0.006912522920006323,0.0043773761325229775,0.02584729775273715,-0.02170138648422428,-0.021592883132771853,0.016447702549975157,0.0008098360703289203,0.02096446788894321,-0.031675503351958165,0.008502517782606016,-0.016866362552505915,0.036907522425603745,0.02023551694900808,0.014707799385389428,-0.035569941093878746,0.028433383819904012,0.002933753365323229,0.007146539224211476,0.005212010411063385,0.013781492308262153,-0.023221373408840635,0.01996206522705144,-0.007685251202235384,0.024894401983050988,-0.031996581957555635,0.004634668733244325,-0.01368762616634972,-0.025742643942631628,-0.005086676506745402,0.010651322810029175,-0.010254327668101958,0.0218811958748119,0.008020429872068623,0.03428893906753157
medialorbitofrontal-rh,0.011933690725442949,-0.005337156037868967,0.018038414630746062,0.020890743245440574,-0.02455139156301257,0.021966633682432003,-0.025923714869227742,0.008765287996333084,-0.012146820725747208,0.0004037700251982937,0.000542982972987605,-0.0076935357148171435,-0.006662355348941245,-0.015399905708935048,-0.01711604076590485,0.00031366019038797676,-0.014493724626389199,0.01035272042068862,-0.03472122350366521,0.0069143330334374385,-0.018847768872492402,-0.01831727533251595,-0.037408235805777616,0.029832547562110075,-0.0062423025815459485,0.002300124751788718,-0.011115985206160937,-0.006442163496358176,-0.013438854819747865,0.08363516580282913,0.03210596921642837,-0.03075777015716991,-0.008333090642216264,0.018829072206268033,-0.006662355348941245,-0.011561451645769792,0.017113971688167105,-0.007167090370414524,-0.015329781965605955,0.009615903846298736,-0.004969909732736886,-0.0013526820610235727,-0.03712300294430817,0.006519004245676455,-0.005740581216777639,0.02684169569220549,0.015521111683079236,0.011983483531001194,-0.025307504536304433,0.021311830551704745,0.002490165044005143,-0.0008472573469710508,-0.011272170588726505,0.012963491706160344,-0.02390675390117073,0.017467948907807156,-0.0011372280965935885,0.04135876491307051,-0.036937355693955204,-0.0021186156569112393,0.00017815059188287997,0.013399482369463032,0.01877927940070979,0.0038218264746786293,-0.0006724652580827584,-0.0051755430745710675,0.005693802067924366,0.020346036041004854
middletemporal-lh,-0.13645255919433125,0.00247563060601025,0.015316296912039912,0.01847775336754208,-0.02189011571785605,-0.015033685060780873,0.00493431856123607,0.035724457947174465,0.017215877391379388,0.01658087949424078,-0.027532615991444825,-0.006263437879619969,0.04332042476577188,0.01926811748141762,0.040325512458437046,0.011180989543710442,-0.00372597714346486,6.523975073840546e-05,0.02543007520996982,0.012629058924863074,0.04003478078906347,0.041607037691422336,-0.0071413976070947,0.0033027623811316825,0.0073872417971078425,0.007528371969098518,0.0384116959343513,0.043628099085929885,0.00901591561753521,-0.0004176257966179835,-0.16878054292014313,-0.01997629919377032,0.00014130592562951668,0.023536083696345536,0.032879147137222516,0.04428580435320697,-0.09692029320944678,-0.0033362961754228623,0.00024007947065910536,0.012860491316491113,0.015234290264155912,0.015000151266489693,-0.009343063440876978,0.005191164929040764,-0.004705417022007359,0.046631482718656934,-0.0011232766565713497,0.022271501114144672,-0.029511320758991277,0.03986264767518096,0.011838694810987527,0.012154840456537747,0.015398127806285059,0.0033027623811316825,-0.007130043922025461,0.01199676763376264,-0.00807848085867611,0.025133578821242213,-0.02025008821235945,0.01009989376046134,0.007703387442658059,-0.02183081644011053,-0.003545196950551276,0.019742335949742944,0.06365540198569235,-0.00033291254269580636,-0.1364298518241928,-0.14326916407684465
middletemporal-rh,0.05436149787826826,0.10138782079481962,-0.00738215932375668,-0.015504543973988838,-0.02014727859152159,-0.018249583163726955,-0.052984471921631235,-0.02559229335331818,-0.04159844710442963,-0.028521428502495113,0.0013808674453572598,-0.007583246483304214,-0.04080931667155427,-0.04351490672712693,-0.04385310548407351,-0.0249139750950649,0.04428689821032739,-0.02063012417374152,-0.052533540245702455,-0.018475049001691345,-0.04915155267623663,-0.04768602472946811,-0.050000817182540236,0.01849558619138797,0.014025718566265671,0.007840478477993596,-0.04047111791460769,-0.040245652076643296,-0.006384554253025653,0.00326910690091746,0.01128452086524778,0.4854527710644432,-0.0062416804225462535,-0.008071706549038332,-0.003757862465783912,-0.04351490672712693,0.012485133839886456,0.027613802917557207,-0.009976937204707262,0.022871485092430754,0.02024109956603495,-0.015525228913251629,-0.052533540245702455,0.008623994427354766,0.027640102340334184,-0.009244099356539916,0.060281822994410476,-0.018136850244744766,-0.021300907204120503,-0.01566987573852498,-0.029874223530281442,-0.023673912986260766,-0.032237921089753444,-0.0016816855620646583,0.022035370297515636,-0.0012025337189987915,-0.010929478657758642,0.023252974472263026,-0.03652546575023089,-0.03009968936824583,0.020477794371027702,0.10062883127344144,0.01172599656894214,-0.019051863307990805,-0.025141361677389406,0.03722801493733486,-0.015557142819542787,-0.01070962730330844
paracentral-lh,-0.012477079099955313,-0.0044019713584066925,-0.021884830737037196,-0.01651812730386311,0.0006236496253484351,-0.04470626120581799,0.02091157012038469,0.038292086996393915,0.0401642796181308,-0.003076316129140403,-0.02073371448648903,-0.025451064216688725,0.040412495722578594,0.0032633517907596143,0.027826381583661602,-0.011675218484799335,0.00461500722757842,0.0334516656687133,0.026647488346001526,-0.00778578880329344,0.04144225792921993,0.038694468340612076,-0.010914875285347937,-0.02352995093108311,-0.008328239602777421,-0.0034509204862466546,0.048769400702247626,0.04702318175127201,0.01804734224465101,-0.020365743439737852,0.015488898131089595,-0.01963726382038498,0.005810602193096827,-0.030109128735589876,0.03479964909444268,0.04304218869647184,0.012745254361453674,-0.05382854359369004,-0.021563292862771605,-0.00946117347583442,0.01958259823594086,-0.010175557310682738,-0.00503557094928775,-0.012436035492133238,0.0032429780518118626,0.04540169272536607,-0.01901438413284562,-0.021252060309950523,-0.01974085006869784,0.04502750295015701,-0.009673320955226456,-0.011535978193327905,0.013923792243201871,-0.005198383182913852,-0.03239738390415228,-0.021259108202202795,-0.037098150358464276,0.01746218950975618,-0.03851288146964168,-0.010170996909813627,-0.032382458955853344,-0.058552526634244824,-0.00234623740818407,-0.021501934741987087,0.022825576287752725,-0.006172176833434169,0.012174256637048709,0.02264369328685576
paracentral-rh,-0.021666952815032527,-0.006465707991801427,-0.013328620296246664,-0.00976931909495161,0.0,-0.04629700307154314,0.008039664204396405,0.04438388634631398,0.026367517222616047,-0.005721987385416234,-0.009446608783702647,-0.01616301910335806,0.04585443679754728,-0.0030938415336927883,0.03291157411714123,-0.015997698906366695,0.0,0.03299695624800386,0.01700708515147852,-0.015076975391819868,0.03262061560540959,0.03520045718333809,-0.007680450337706314,-0.022153055872608393,-0.015276313126252489,-0.017708181563169743,0.03716482049480508,0.0423785902764504,0.0029928037831474298,-0.007484967504602605,0.03665864834888216,-0.018814294363054988,-0.027655856715320885,0.01213438759884069,0.03542689723425665,0.039965658058918246,0.03563938883608099,-0.04030118395029945,-0.026860653508330785,-0.012040398810725352,0.023261434410417572,-0.015318835048054069,-0.007921177124978548,-0.01962344601913929,0.003743219330412023,0.049998715341932023,-0.034432136012757984,-0.0029930397975145052,-0.017787325047595982,0.051736638602480456,-0.014054993846651742,-0.013175997672203999,0.014548570692518362,-0.018821327591193853,-0.036152255922883306,-0.015116775281254501,-0.0386873098410863,0.025133044075623584,-0.03820120678351043,-0.013355266318289566,-0.026500188765495196,-0.05877156604479645,0.011041090379087692,-0.014182897899315948,0.049330283318644155,-0.02916620705598881,0.0015601257706843107,0.025168532769286284
parahippocampal-lh,0.013293303425184897,-0.04435746773423682,0.0444975840969347,0.038620544687905586,-0.041427823545279054,0.013153373915446107,-0.012662768114734498,-0.03192929350964027,-0.029616684504838616,0.03271839691249872,-0.025024305902795464,-0.014605104624478721,-0.03583844426676954,0.013107151164691135,-0.05207603648158091,0.03505744561101164,-0.07379598794258278,0.017125353980069525,-0.0159486708268179,0.043973181267247634,-0.022934939470867013,-0.023320300342370988,-0.058518119238899255,0.010329675354292574,0.0031297403515236476,0.020577625895603004,-0.03146487047982118,-0.030312338071532007,-0.021480989882945205,-0.04327290308981675,0.03106435116201102,-0.0568067563432106,0.038760474197644376,0.037920897139211644,-0.01866109845083314,-0.023216573593455945,0.02252865106794493,0.0016791541168654606,-0.011211924957257561,0.0032299168942159597,-0.013380610470319862,0.022465121061854207,-0.03407153932899128,0.03774609619598262,-0.028664248259115312,0.030828682867358313,0.01697122364543987,0.04197885292163651,-0.010552030375610094,0.031914578839111904,0.03583260511179798,0.04320778483357377,-0.03546506534126725,0.0077805105032825415,-0.011561970619493453,0.0348424479249583,0.02028977891212431,0.014832528032311568,-0.02212553916532738,0.0310052589136987,0.000852002780212238,-0.0042649655044770885,-0.02981189913384827,0.0444975840969347,-0.04507645456419662,0.03694139057104013,0.039425250312848076,0.041279205372942565
parahippocampal-rh,0.0040822572345944295,-0.03792311868511133,0.03704772576274546,0.03903226901862077,-0.038970580889301214,0.004523266847011167,-0.016046707253449515,-0.024213479128789905,-0.0379688933885566,0.03218043193489982,-0.027862949545998647,-0.020309531230286275,-0.02700574462224529,0.017368397096936834,-0.036776416443187646,0.029657364270837695,-0.06571362523522056,0.028729570342558946,-0.010841626499036177,0.04515824273345799,-0.017764842250270908,-0.019471432717534085,-0.05947103031361212,0.004013264722632466,0.0022736371592581117,0.021448800340167277,-0.0196234771759683,-0.011421282048964929,-0.01767382500756815,-0.045957613426606744,0.03379468333228408,-0.06293993398857853,0.03351964886341157,0.03197611521995299,-0.03235995151535322,-0.013014701793384315,0.023373509458087017,-0.002312382145448245,-0.014902519916477916,0.009395332985960422,-0.006866299933018774,0.027969348050387862,-0.0370474682639449,0.03208636762305718,-0.026081529927294254,0.03961258548213762,0.019452051641145666,0.043332112739683945,-0.013307374930094821,0.040407570112383585,0.0258043668016705,0.035985268545069934,-0.027899969290225063,0.008683932466374512,-0.01964801681166117,0.031204348398223707,0.01113841103326221,0.015214831628377399,-0.024528709160429006,0.021619419045414836,-0.006131681604916182,-0.008315898014034987,-0.03052466314757279,0.04421413196451742,-0.0329686615132779,0.02999157196407768,0.02480970901818103,0.04476539398003834
parsopercularis-lh,-0.0742977095574432,0.021815464737566057,0.023621488354269922,0.024816011242569044,-0.05890230673762586,-0.01465157415010961,0.032110791928292956,0.01823333391570421,0.03260295168474795,-0.01610750617867641,0.0021103361378706988,0.013187710793830631,0.03846415648200601,0.017878186685926067,0.03644936733294855,0.013722773931184781,0.0,-0.027986037697632037,0.04780545162763604,0.021229195835333354,0.037731505882348755,0.039013644431748956,0.008425481896058459,0.015199253200549776,0.04139475888063504,0.033255917951016296,0.03333560228440521,0.03480090348371972,0.034984066133634036,0.009524457795544346,-0.1103349725235929,-0.003964318777114804,-0.004695531533736525,0.030097440622271036,0.030588162535690494,0.03809783118217738,-0.22482211105958877,-0.03469130273878492,0.014653011993145146,0.0360145357697815,-0.040359975715380955,0.024033963777336017,0.017217289091945545,0.0035803219225590648,-0.07048301922009127,-0.03173222177164555,0.004137741200014175,0.024823942570281216,0.010073945745287288,-0.05015052723656684,0.008804423108973109,0.016130929105545685,0.047255963677893094,0.0239831290687247,0.015568825242716718,0.02111453944875746,-0.0062834204473390925,-0.06242710936619975,-0.0048722006989742085,0.013788033452184888,0.009556183106393014,-0.024397413391093564,-0.0313864437126151,0.009350664316377738,0.05091921667617939,0.019389638008478045,-0.08118469940547486,-0.12716214233257334
parsopercularis-rh,-0.023876175268640377,-0.0052862887204112256,-0.05211509709649971,-0.04580692607736184,-0.00025698955849940916,-0.05074351096773096,-0.01775770845074157,0.010270580954389695,-0.00038548433774911374,-0.058850608896364696,0.05842146783852023,0.05796127200040176,0.004401677551881298,-0.02905332218881324,0.009607178836652165,-0.028506488014423074,0.12471419730330345,0.0021126251971912897,-0.023037921235881796,-0.05576673419437178,-0.008426872151600151,-0.005803193287725712,-0.0014105171214310818,-0.017705500414338885,-0.043559730165649846,-0.04600113097139423,0.0036680646265677486,0.007336129253135497,-0.025827450629190618,0.015437151246498224,0.08109483295814192,0.020833931974985814,-0.05807964022086646,-0.007128647315362775,0.0036680646265677486,0.0019229209959522335,0.03586332045440792,0.3833640613741737,-0.033525210548270554,-0.035763405074395876,0.03796109336538119,-0.04760135229406437,0.005059003734347827,-0.037931388792945185,0.04612197457289527,0.002163483025755972,-0.05499576551887355,-0.03625353051959002,0.06093758014463398,0.005280212785140224,-0.045089740680743964,-0.05281135427162858,-0.02342340557363091,-0.04409463750413767,-0.012951193582099818,-0.04908950636618048,-0.05512426029812326,0.03814787211630458,-0.02104186398203787,-0.05229737515462976,0.004340243095252282,0.17790766039308614,0.06834549544782316,-0.05463120940261345,0.07996380885917691,-0.052554364713129166,-0.016182916042353772,-0.016157487128071434
parsorbitalis-lh,0.006232606609974268,-0.026527884118867792,0.0006992548439757217,0.00434211965535364,-0.014469504096639876,-0.012422527254962729,-0.00461221092134926,0.016089304814815793,0.008736989137544728,0.003221815617607747,-0.021002039107684365,-0.03348621542832945,0.02320353104088488,-0.015180607713814505,0.011168266253551412,-0.010774079342610392,-0.013944917385782244,0.023748270793337235,-0.0028961895567151115,0.005601127761411956,0.010070685023382491,0.013036625371044162,-0.028209131359594464,-0.010611665068954421,-0.00926433549857048,-0.001472197411018584,0.017896609837075285,0.016380346635986837,0.001089682048036317,-0.016347344764480902,0.03288971324680622,-0.028853256494936377,0.0075133501258429795,-0.0031579892132606396,0.012842399166780443,0.014768255215757638,0.01920600054712042,-0.026907247404364454,0.06857959794700093,-0.007270905997311481,0.0032449308525022034,0.00499434651595977,-0.025587185203072876,-0.011244726285732396,-0.010192590670717405,0.03392426558620873,0.00483746420158576,0.0035174020002941876,-0.027337980691614496,0.029746737543175823,-0.014226275113473408,-0.0034353973498855005,0.006912100839672757,-0.0013289487811907602,-0.01743583687161904,0.003312111877466523,-0.016613688982541827,0.0378874143833832,-0.042696813702295916,-0.005843951658315222,-0.021502915613198458,-0.037770243181749555,0.007125885115082111,0.00705080490798518,0.02193997837331117,0.007903777329903574,0.004754674696542113,0.028158356328290165
parsorbitalis-rh,0.005484865487443738,-0.008144327252790436,0.00014407632380690827,0.01456074958047004,-0.013576911636366797,-0.021161859962364027,-0.00130359033073966,0.031431457414245176,0.013827427666113647,0.002962143360609844,-0.026212127942189745,-0.03718567168266313,0.019914998962008643,-0.013430957814354709,0.023163590779553742,-0.02261403261260303,-0.007087931224203844,0.02669224756013649,0.002962894359891917,0.009080332319543197,0.016683940089241164,0.01569704037883408,-0.019729848754389902,-0.011651696092185191,0.0012411129673887474,0.005498267936169961,0.02085074406747145,0.023925335128277825,0.020577004829155886,-0.01510453082986635,0.026621307012568374,-0.02449147304860969,-0.0008319916661856667,-0.0030022062838496503,0.00948812492970877,0.022834624209418054,0.031856407469547335,-0.031464010344664256,-0.03027624721089045,0.011245289942232672,0.015288179038920942,0.006919071924088534,-0.018260143159373275,-0.010632676720175616,-0.015047743730306533,0.03668784581241213,0.003618950001958122,0.004730573362364843,-0.03757437158031139,0.0329138722278815,-0.020310515622371104,-0.014201656385288116,0.028434132625728997,0.005797743342190406,-0.028701228408856992,0.008802144854710736,-0.02394855833684654,0.03009768268928374,-0.03743061298696997,-0.016279642514196006,-0.02074291790131845,-0.04127590261870975,0.0009532780502404342,-0.0029812938423027075,0.02058338832305351,-0.0018510110381952472,-0.007204076151635195,0.03214092065910187
parstriangularis-lh,0.014780327815923816,-0.01403329422312883,0.031022250120172953,0.04213469792441401,-0.08849900505647708,0.0062162866722249265,-0.0013764277043716523,-0.01835221681123135,-0.010184067929458092,0.01556850426230123,-0.03828800267016524,-0.03903449774393428,-0.008185112231090617,0.00010934628821872953,0.0007089602976604695,0.018659145730070385,-0.038975853022008546,-0.017953254990857818,-0.002761875602427937,0.0451080499483317,-3.3926698634723125e-05,0.0008679311141203014,-0.021223977220903963,0.012631421494781137,0.00793050043562243,0.024132545406000117,-0.004736651796530347,-0.004980250877917904,-0.005588346562018323,-0.025757445788944153,0.026746274424389777,-0.023673861825648953,0.035153148790365754,0.0442182818877092,-0.014935152035883853,-0.0009720537677873348,0.012115170230556131,0.006254359967359446,-0.013161028030849639,0.01930892278677918,-0.003014144840133252,0.03766889427198419,-0.00712789167934961,0.027307815138696994,-0.08732576058059559,-0.033793872916970544,0.025872204193373664,0.05509922036269524,-0.04920521040154886,-0.05193081674757921,0.009817040287323275,0.02821147699018895,0.005363326387025977,0.008625028423387492,-0.026928886226088723,0.03981960463186379,0.011343957133496079,-0.05885913327591251,-0.01725385340590792,0.016762320164973938,-0.00013786087064267388,-0.0033239548357611027,-0.04034740712919538,0.03749242158718103,-0.004968161125785375,0.039356585973353744,0.021900276339640694,0.04861695914355463
parstriangularis-rh,-0.010604501616878158,-0.01359494934171336,-0.009499066241124548,-0.00022732185342594347,-0.004894141439849904,-0.0330204435906743,0.0069386472266350935,0.03237131078623384,0.025216526280790554,-3.2016084102597194e-05,-0.02320814545777358,-0.03206187514197482,0.03132181104406482,-0.006436776924620312,0.02612819352697146,-0.02453956921513619,-0.002961711088167583,0.029814579555046763,0.01653860432824476,0.003611264988971289,0.028542166710770027,0.030626797876774272,-0.0160675251027304,-0.021532290396266984,-0.005720415447762744,-0.005018422289238997,0.031677631090760244,0.03602177601847463,0.015414800218706498,-0.01843500541987779,0.02683511223689562,-0.02605337235952006,-0.006436776924620312,-0.010008216406025146,0.021110792077400947,0.03457807265807546,0.028813110319279557,-0.04081369312602246,-0.02403380696188534,-0.0028534319005818626,0.019943883012861263,0.0041945153533074295,-0.011854028511837237,-0.015128658859632521,-0.004424504150367268,0.04591176643039434,-0.012234272147600969,0.00043762120538004,-0.028054256391221666,0.040842742394838545,-0.016504112707946106,-0.013130441771564817,0.02377487736022419,-0.007763070962648822,-0.031323961187616545,-0.0051297767563260035,-0.03230880349728344,0.025360413632062324,-0.03529904705418495,-0.009694372010447894,-0.024704804875974973,-0.050307221311945524,0.0015429481169188777,-0.004515122811688345,0.02709866751830455,-0.00853105502549166,-0.0007791686374605813,0.03507152103282531
pericalcarine-lh,-0.020494583811616857,-0.030137250978824144,0.024518858242902796,0.016797803063115933,-0.02554086439090431,-0.020263261799861036,0.00506048775796222,0.0038905812370900574,9.198237475330059e-05,0.010845905914970248,-0.03112446775340411,-0.03693975741429241,0.003007732582774726,0.007093207168351969,0.008194263515646423,0.021818219291482657,-0.02272911801651483,0.02630732346607636,-0.006872995898893085,0.0203162655049169,-0.001282653233688582,-0.002201384121323524,0.015928615157526336,-0.011623293589122887,-0.013375876578976846,0.004669061771140755,0.011243524774547388,0.009555966948627936,-0.01583207919986446,-0.042155249134462676,0.021208585611682075,-0.05313411967036343,0.014481486509179867,0.00856201087134327,0.0022356270647960375,0.005962643603809925,0.02470737657531798,-0.010369236856100177,-0.02821527470477104,-0.007160053765449911,0.01117139602127549,0.005604003413930233,0.06112128623532767,0.015879072175480992,-0.013265497729272883,0.03493709165109929,0.0016001290340747268,0.014738855015172763,-0.025895861714457145,0.03392073194590441,0.0073959293601143115,0.012895018223830886,-0.02670330303580641,0.00017340043715869004,-0.02532557099098669,0.010363590413293539,-0.012027469608088375,0.0069489496618081814,0.01105136357580534,0.002277884314187653,-0.029717228491336792,-0.018852561814783203,-0.02213642366513417,0.019886225135030678,-0.008059113174919783,0.014481486509179867,0.006030583060805931,0.024460025951723956
pericalcarine-rh,-0.01946143438539748,-0.013860781435096644,-0.010481939883578992,-0.009624080001633393,0.0,-0.04037809551477233,0.022743852740690785,0.04089132103940697,0.039466818223280735,0.004137627129564271,-0.027124273131293865,-0.03145829431739507,0.03846071804056111,0.00911549150533148,0.026928737069604358,-0.013175687010013324,0.007863715584501342,0.044211365842897,0.011098722494180634,-0.006487366524138011,0.038023911899696755,0.034004774822601336,-0.009753955356515858,-0.021141166567654458,-0.013990579666846754,-0.010488958088623115,0.046615650572827405,0.05047426549032157,0.008143585791418861,-0.015923863787105794,0.023101704074808743,-0.018874633392498074,-0.011226650489971181,-0.020643809127501456,0.036466063187732156,0.045510437524642615,0.012634581473033075,-0.04445864188600384,-0.031888978809628904,-0.01611768385910045,0.015912517046258356,-0.016485204505937167,-0.0034173645561279796,0.008282233902606495,0.0008613689844676628,0.04547183739689994,-0.020220142840311744,-0.01563962648281878,-0.033814348168430215,0.04434381518232174,-0.002796291971289202,-0.013623917014857469,0.0116215016468355,-0.004974278150112797,-0.03360820767604217,-0.020913971460134042,-0.03623001820077423,0.01858696410882135,-0.03250299462785738,-0.01251344031288958,-0.0378080249714576,-0.050386460804137674,0.004744547619616268,-0.015493140733305783,0.03245745341820293,-0.016765894146135944,0.008592673791110436,0.02298594225314688
postcentral-lh,0.019286978000233587,-0.00965398654746942,0.0053051289305222505,0.004244103144417801,-0.09772133680410774,0.02874736767442088,-0.016574853766308614,-0.04350426724025143,-0.03906369420959183,-0.0042816733138903605,-0.024338618787314515,-0.038449753440210836,-0.014353130744498982,0.005359274174762116,-0.010833468867910877,0.02285791210810189,0.033115673379095024,0.0005712875769797903,-0.01620865511444961,0.00783382233702238,-0.009990571065744174,-0.0034062883651797275,-0.019292061023162232,-0.006681081137205507,-0.02204971146244807,-0.017043596880728012,-0.008552517578932745,-0.006400851873139593,-0.030815274002389915,0.006320628511265836,0.02762711362114793,0.019688536811596182,0.020159489935984553,0.02228154150819345,-0.012578492739412805,-0.0066189798570773315,-0.026571170857972115,0.07406450609222175,-0.0037240877987182023,-0.023458150815675243,-0.03809659384716877,-0.009597631293260583,-0.020105344691744683,0.0063661547166267,0.2928899691761705,-0.07098839321640672,0.036244605493168505,0.0233425672942979,0.07769754148021821,-0.06300650021146309,-0.000780796522038537,0.017582397311163886,-0.03599111734972718,-0.01937294738802668,-0.015188072510777386,0.004244103144417801,0.010610257861044501,-0.06664749163534787,-0.021772355211341826,-0.01054815658091633,-0.017816437366878244,0.057990219583885755,-0.04995130832174258,0.033952825155342405,-0.008918716230791749,0.0148543610054623,0.07603848699650938,0.01167128364714895
postcentral-rh,0.010647087305532646,-0.004920683961250544,0.04140533952151584,0.04732038802458953,-0.12192562252379748,0.010862179978371687,0.010441499208054407,-0.03577470510505401,-0.004142548508885665,0.026295544152280914,-0.02001467280841805,-0.014062122556909884,0.011153205943495415,0.022292155023949607,0.0027923822546428944,0.025832815967052242,-0.032052630745282126,-0.0025765664075916143,0.027339601093544785,0.04826413037155623,0.018143717810764317,0.017120219679248275,-0.024746711610877003,0.01394713785716452,0.020355184551778992,0.02506304867342895,0.011583391289173496,0.01671782488544036,0.016255096700211694,-0.003301393589454596,0.03387709597214932,-0.03500834706128838,0.0362431153733788,0.04140533952151584,0.0008009670953511492,0.018063962026214967,-0.036070689979061626,-0.0006416621474559549,-0.0026452679577539415,0.01372956572988353,-0.11254378015787087,0.03194239833321716,-0.0070438201377708036,0.033044515832663324,-0.16580721385860778,-0.14829792645317705,0.021045196060852946,0.05140714880853136,-0.02055963623263801,-0.08332867840019545,0.03158473702996607,0.03642432216884455,0.014281760896225834,0.026530059218248556,0.0014717628325000064,0.040222329820901105,0.016454589472186813,-0.14506161854282357,-0.0023999052786027745,0.032445107721322246,0.010613201428159347,-0.008852685463774074,-0.033588549461467554,0.04775057337026762,0.003302323384870333,0.03366200329931028,0.011137606042631481,0.0540958072190194
posteriorcingulate-lh,-0.002804313482024308,0.0059541855435433525,-0.014140150895707285,-0.010256988879451211,-0.004776810797502807,-0.03700224916802565,0.008486497978070214,0.035367545868166456,0.022455714909996868,-0.005530711623806809,-0.017925354492759733,-0.028784373871452253,0.029345892368316064,-0.0060988590993357565,0.02088283003002345,-0.01730624763091851,-0.0004947460864980855,0.024435267048594358,0.017050627400079656,-0.0037026181626332736,0.02775042353747278,0.027813519490720157,-0.014527200919823407,-0.01169874205726506,0.005262812877881568,0.0033364771012018317,0.03376177160153968,0.03496610230150976,0.02662471791850095,-0.009189581366213225,0.017017312168972436,-0.012577997295971219,-0.008393749056018841,-0.025380570762094677,0.019711246768555443,0.03125218506603399,0.018840181938178584,-0.04543524688787554,-0.017856892899393684,0.004717391301373781,0.017971657979709774,-0.004058609931247653,-0.010785334093359087,-0.01372628686581292,0.00017432652459640208,0.03877092313307017,0.01810166829147416,-0.014541594462363973,-0.026292573439302906,0.03761966684686655,-0.016412456901520496,-0.017248091473335947,0.023761538538137634,0.0034879357786257877,-0.028367543125195977,-0.00896429545530455,-0.035462111726554314,0.024220428521620454,-0.03711856148319079,-0.010724069271263329,-0.033078717097543356,-0.05173186815158529,0.0016186205743183059,-0.015170297019232254,0.017837843457490878,-0.009057739923297229,0.005252081597644225,0.022774161392595655
posteriorcingulate-rh,-0.02346883154873217,-0.00980101253139887,-0.019847576980834603,-0.010531819732893586,0.0,-0.047582669144738965,0.008418967988912502,0.04645974704249003,0.026751890707845113,-0.002624119992805091,-0.014454533278621149,-0.024926699117783998,0.04508655254862332,0.0006390231995355216,0.034550509234104715,-0.01630476419440513,0.00011443287448889168,0.03802608045234197,0.01917565819086832,-0.011845743074130704,0.0382551946472977,0.04084892365371993,-0.009950059973895638,-0.02195891790467956,-0.014431998556946187,-0.014050224380679292,0.04108140194151211,0.04691747854044559,0.007147629631245898,-0.012945861864458248,0.029753044259067718,-0.020893030941258734,-0.02490391595013109,-0.009747724226508374,0.03398656372320082,0.04567589998208275,0.027981389419875043,-0.047057696078591164,-0.025930696173672604,-0.009431069755486944,0.02677729263040065,-0.009561691907079041,-0.007207531970954581,-0.020322988431761023,0.003547419109155642,0.05344015238631241,-0.029498165544723787,0.0038867224527067614,-0.02013384046547317,0.05252468939040128,-0.01386780460006436,-0.011629702509419654,0.015899441368283026,-0.01575414075972387,-0.038920633697569006,-0.015100667404930749,-0.04173812523828696,0.02242884339982277,-0.03811549414537648,-0.011833414781819844,-0.02793047142390924,-0.058992087363554074,0.0061247103924967315,-0.010341181090738085,0.04234016356088992,-0.02676871117202741,0.0016122666722085902,0.03095352850972771
precentral-lh,0.012278177971684878,-0.046914127868680225,-0.00822901754185054,-0.005068847716338934,0.025426011033694153,0.00367365272262611,-0.004312800637886908,0.00949386395592484,0.007071703167983013,-0.007846484492403969,-0.061832315529067206,-0.03045245353111694,0.017824432503373833,-0.004749795912523547,0.02316454703803308,-0.004910492704804301,0.026254558378218492,0.018075667602609136,-0.014907174961743085,-0.006411226060521114,0.005473406163073296,0.010430987648285973,-0.030370586142060164,-0.011210452534199156,-0.03219306118488183,-0.027457315956834972,0.017450918474368374,0.016683510594729112,-0.03524231288181052,-0.025537625367363752,0.0335958827888624,-0.030472485250201953,-0.0008175346458804411,0.006077775469685697,0.014290748648856766,0.015329771449359694,0.02069729114788565,0.03432686648419383,-0.02750943640127892,-0.03268885414365742,-0.022999862889346783,-0.01711651851296021,-0.02757491132511288,-0.01720705681991476,0.034682342472317045,0.018664340649085405,-0.023909929520384555,0.0021705775861631795,0.20096858564581585,0.017421519632298894,-0.012876566243688955,-0.0046365360031945186,-0.020104630745003828,-0.022266537413269227,-0.019368963488180162,-0.005856635417606556,-0.0010099720609767875,0.025955886396031465,-0.038207703511479674,-0.01680414394883983,0.028961688566413995,0.029419063662678994,-0.009111679009021607,0.009389623067036933,0.02888953640288502,-0.009652915172546156,-0.007980124223361357,0.011676150445818599
precentral-rh,0.007968721534114919,-0.013921594462228865,0.04350615260660261,0.04488898875302274,-0.12210462971402859,0.009892597047467097,0.010352642497193745,-0.019384724170974185,-0.001786005867620328,0.027783073439243054,-0.027273171733814414,-0.01986924778234513,0.015765375990789043,0.020883471612239368,0.0048151783711021506,0.02411206913852914,-0.029868216841075313,0.0022186933719798197,0.01840937742133853,0.04732636570145713,0.019807512418786352,0.02012662845257561,-0.0244371247262468,0.007280813197317087,0.005283503199032015,0.01908810644751975,0.014595283866895086,0.020020256441312525,-0.0007406443762226811,-0.01954707197835033,0.03068643539133249,-0.045748964167261374,0.03574099578439725,0.042867920539024086,0.004702686819427986,0.02150946459899574,-0.03366611161207768,-0.0017386694226758396,-0.009821322400326347,0.012055314623333856,-0.10532538986631067,0.022367280175442227,-0.012204343430991783,0.02932195786614559,-0.11740896236742507,-0.05175835285093642,0.016675207660729656,0.050207589316177095,-0.022194133179105357,-0.12237298955970247,0.026427775224672764,0.03295624492439305,0.006945678366569423,0.011586989795403988,-0.016106450375465098,0.03967676020113147,0.017870497892198627,-0.09252331132634306,-0.020358271055783046,0.024513079021937192,0.00015388844269025322,-0.008376570903864757,-0.03168644028909512,0.048612009147230795,0.007681103134794422,0.03169885935639995,0.02141983133062177,0.05042033333870327
precuneus-lh,-0.012923043216916143,-0.015694717503310928,-0.001161295800899062,-0.004319309557965852,-0.009886352176710479,-0.03341013455784604,0.015413822288120955,0.0318696075000615,0.027934791347536687,0.004094572682278558,-0.024538255610861676,-0.02835885726031188,0.03385798653228874,0.009641285579554475,0.013897800164757399,0.0008727690325580263,-0.005090849804868318,0.036089154772788914,0.013865335871209757,0.0021276620659615667,0.03551931296756987,0.03305421778210177,-0.016823405236111654,-0.01895135485117462,-0.017607459619906885,-0.011778385007023877,0.043098100858521185,0.045437370308200296,0.0036652963797860717,-0.018198010711408506,0.023913721966557045,-0.027290451321127885,-0.0034623672279486778,-0.009961517511815466,0.033273169169868964,0.038535150946942265,0.01546064678379232,-0.038160946048349194,-0.030583912206916378,-0.021362896891998665,0.007256474103196229,-0.014627450258568462,-0.009349354229852905,0.0004980407946004026,-0.006962265364611601,0.04276531453249324,-0.017458790983502975,-0.003294599580230026,-0.02433091545580887,0.043797512288829415,0.01044192579551825,0.0012274033393100652,0.0021270467108845826,-0.011704737931174257,-0.037337462931770496,-0.009699629292227781,-0.025896511044253136,0.016608813092721626,-0.04023221398454493,-0.0038136372102143897,-0.03738589770240969,-0.047859057081321606,-0.000858696379535686,-0.0014791065697262952,0.02227860275637718,-0.011393040456242702,0.019944072115889087,0.02467990804919152
precuneus-rh,-0.019101718846173628,-0.018153689243499086,-0.007913451315470478,-0.011851721786667591,-0.004639530010944814,-0.0389856835220203,0.014977713725513996,0.03624898399883702,0.026642987437400206,0.0021193863626225644,-0.020680604174233754,-0.028628475132281277,0.04354636751899638,0.006262597643840191,0.021034050096682088,-0.007617655165280267,-0.0038287096198159954,0.03749815418347647,0.021027673075630093,-0.003185738180243304,0.04097217251559452,0.04453889859046462,-0.0146688756598455,-0.021319582935267516,-0.016473366099706014,-0.017411633040122346,0.04586299720793586,0.048527121350216265,0.00357720216244718,-0.01853592250337548,0.023536915084430666,-0.023763446397522217,-0.009957408595914683,-0.012104762482660302,0.03659647845217794,0.04407649885396789,0.018858228036466848,-0.043439798047461044,-0.02744970876200394,-0.020925734610550577,0.013546013047230106,-0.01597088312489912,-0.007151444235632732,-0.013159680720828631,-0.0008170910241946707,0.04662304549720514,-0.022444085174492947,-0.0036517363339185417,-0.023123754211169592,0.048411289865769286,-0.002582530815022334,0.0029604209418171907,0.006988013514560133,-0.015983318003044675,-0.03491996650153567,-0.012770357014581356,-0.032143609291986806,0.017953880089280973,-0.036955907134317845,-0.0007292270638707485,-0.03548401682973764,-0.05420328964006258,0.002624860717275253,-0.00043250471238936956,0.028256611571995806,-0.01913841644327758,0.012882984343210254,0.02614748852097803
rostralanteriorcingulate-lh,0.0053678754237884265,-0.024626741772751894,0.023882532327257972,0.03310039963742411,-0.024043047127114622,-0.004243780747351507,-0.0183914762660179,0.002272166208900446,-0.011261964878817478,0.014924039844165266,-0.026204843681289367,-0.02584304851555642,-0.005225512073821871,-0.006947413733839012,-0.01116982033559792,0.0009150737024066011,-0.03670773174510539,0.021228019361744618,-0.011917731277298711,0.030174112139467697,-0.007948739050180596,-0.0079244184399457,-0.04723411786444365,-0.0030820756774493883,0.01498076542699731,0.025385548495161142,-0.0038167643590679107,-0.0013538022876432988,0.0024265855100283644,-0.03613479169541246,0.025793038416721578,-0.05119029910883582,0.014300745941429242,0.01667368737956395,-0.013970668239876919,-0.00120363080637468,0.03297160230174809,-0.01954502945040969,-0.016379439915755457,0.021422105443119333,0.0064519595657702685,0.02579810879129352,-0.038468477630656694,0.009937553575981004,-0.017950691293999604,0.03927297910889343,0.015777317589167877,0.022937110039035813,-0.026179221715837468,0.033480554960959315,0.0009022627196806515,0.00961330128056521,0.003980366808330951,0.011157696861288507,-0.02110655135686629,0.026836976977952252,-0.005661914179684758,0.02883537979077611,-0.03195075051868335,0.005539353527501583,-0.006147025029165469,-0.02349908678487221,-0.008963219103456384,0.016791865165591724,-0.009224785363607506,0.019746309816285997,0.004986897545540576,0.03765432034224846
rostralanteriorcingulate-rh,-0.00089458425924711,-0.005977540741124653,-0.00048346382244927026,0.010574195477611383,-0.013393695569389737,-0.021671526575458986,0.003843966624316638,0.03480327594500507,0.018148085610370963,0.00416983703841849,-0.02390349384558599,-0.030376979357763238,0.022904273002548495,-0.005823778528748306,0.014851223230467643,-0.008691127183788939,-0.007023522276963491,0.025651713500969568,0.00691741943298665,0.00877131624390584,0.019177802300351102,0.01565795603765569,-0.01878616302207904,-0.011112318878382621,-0.0043302210709917615,0.007362961510129579,0.02590907172539107,0.027110991214528098,0.01654984427010834,-0.01554145338856599,0.018595046648984672,-0.02756031718892642,0.0031052257209363316,-0.009343293700433871,0.013649492936193382,0.02273240129440145,0.020312392067700077,-0.03499538559112898,-0.02514030796222505,0.004049219401063555,0.008120805182310136,-0.002784558165560645,-0.015558427715160082,-0.00022567990958654942,-0.01177961507170964,0.0401611325624865,0.0008555746434798553,-0.000929857276474676,-0.027096807512159857,0.03449461635107577,-0.008760065061910518,-0.009652662775098561,0.01546825862603209,0.014831647474510483,-0.040954485745473085,0.007844107695509932,-0.020555471992321942,0.027644148250151636,-0.040919922208980906,-0.012348707306580437,-0.0272868360147933,-0.042808335257676584,-0.005564149965973584,-0.006012293472479604,0.011846613702487843,-0.0034882625452918427,0.006094279883792814,0.02956641535460411
rostralmiddlefrontal-lh,0.025570484585691926,-0.017602883138423467,0.005694734816067597,-0.010964060498084268,-0.00868744544500424,-0.02166264452896192,-0.0006412006367415692,-0.002125575700890217,0.018771582281571997,-0.006005927330506361,-0.011872722060674369,-0.009374729621319054,0.016047655550911814,-0.018994282640275223,-0.002548632883958128,-0.020278668372400277,-0.006063109138780657,0.014057905019290103,0.00743510504502262,-0.007731891859690488,0.00791784298428427,0.008832678418204763,-0.02080418242016532,-0.02928833110207612,0.004506632077309282,-0.0032297431889425567,0.020590963363862326,0.011807234925491341,0.010150799947242283,-0.018832953502534763,0.029040126774900935,-0.015667447974815514,0.002269559200131018,-0.01611108472898472,0.018773640238682124,0.009568912574353354,0.024533862189932747,-0.01840578040524659,-0.00788498916899043,-0.0009021201989186237,-0.00684748479161262,-0.004731831383931954,-0.018206599556373406,-0.008821212657162618,-0.010587895337740006,0.02684090560885539,0.002033335123275515,-0.017928407854164923,-0.01970045592292229,0.023671284166915885,-0.015262103922588352,-0.011395349509592702,0.00824417618317613,-0.02175113668469746,0.09000600368544455,-0.012478496435734437,-0.015706549159907962,0.059365888755886644,-0.043644198911525586,-0.008704350092694586,-0.020216121175946,-0.025214164011766765,0.01846663713693183,-0.005207145977903498,0.01847075305115209,0.013569801691848477,0.027545020934392334,0.018300383601820708
rostralmiddlefrontal-rh,-0.014049085174437327,-0.008285528003490613,-0.013902086586059901,-0.0032969051667121546,0.0,-0.04183641163788427,0.007310045085722313,0.04978784415972638,0.026270166942432043,-0.003901104313661652,-0.016131486720144684,-0.024541089805799964,0.044363018524889365,-0.007356705190776417,0.02859703833846569,-0.022266641487135277,0.0009644134461932471,0.03049220034307239,0.01874562231537723,-0.007944556896456572,0.032771940896214324,0.034972169549150944,-0.010504029843395837,-0.013632767483821575,-0.004695110662644143,-0.007960747425113384,0.03857653784772988,0.04014370969779391,0.014234712795063779,-0.009534167250112809,0.024290200803142776,-0.020118507821559585,-0.020307516195746965,-0.013145111613635173,0.030861230278183906,0.03668410041666807,0.025552947920109977,-0.04836511750189039,-0.026279952583540923,-0.003542815760117156,0.02097599245470312,-0.01055966249693023,-0.008592677310132324,-0.022098317048236317,0.0007233100846449354,0.04665350045959833,-0.020461732764300907,-0.00795465636279051,-0.02348177275859021,0.046412397098050014,-0.01578987369787755,-0.01531840835634796,0.02347070328701516,-0.003991999510667082,-0.03634633888579948,-7.567467358974074e-05,-0.0381060425114414,0.026521369770314294,-0.03687503453655472,-0.010006759509496048,-0.02443929631461497,-0.0574980306721906,0.008079687185413334,-0.014320330022374922,0.03363391893598949,-0.027902913999751876,-0.0007803834812580445,0.02510857140141675
superiorfrontal-lh,-0.008949799005946826,-0.009458129551201847,-0.018814840093116455,-0.020341684977109708,0.004199954684587411,-0.028977142196086436,0.006806409323907958,0.03832458649686012,0.030604989108515595,-0.007713636106543879,-0.01438139157551337,-0.009282240850612161,0.048036981704968514,-0.004461633334406676,0.02568686984803728,-0.00931618618065836,0.0,0.030138418423335603,0.020858030820951615,-0.015375427593904364,0.03356116713222928,0.032832717028671965,-0.015612411711083112,-0.01660130496564091,-0.014768967554967115,-0.01645689059745984,0.039637072335793694,0.04094955817472725,0.004834800308886309,-0.008750868252386747,0.023532993869773953,-0.01988231107254915,-0.009450315021173012,-0.017009452000427472,0.03937457516800697,0.035768941746462224,0.020147480006531493,-0.05052248100992973,-0.022916665284021635,-0.018357937186193468,0.01233736688597552,-0.02086606156327374,-0.01278974477847469,-0.01792983684548348,0.004199954684587411,0.04094955817472725,-0.02655562628620319,-0.016763000873549764,-0.012559957441915383,0.04567450719488809,-0.008576832800025247,-0.013398675815049513,0.007299311577663369,-0.007306724570576097,-0.02923840386505436,-0.01850420480260271,0.023956152215208786,0.01916229324843006,-0.0376755480798804,-0.005534046309114527,-0.017212290019001965,-0.05877859376033288,0.007933338683994826,-0.017662814663272953,0.030449671463258728,-0.02383437836288201,0.019250955732413325,0.016079800914230558
superiorfrontal-rh,0.02506271184292773,0.021389728210774527,0.03802618348582138,0.050557539407285246,-0.2224210515154178,0.035217431296527754,0.025494827564357517,-0.037591823223322225,0.01944520746434048,0.037594067764391594,0.005032593602138618,0.018218357942050976,0.03284079482866392,0.028087521892936246,0.03197656338580434,0.027871464032221353,0.0034569257714383073,-0.010378342249030217,0.028087521892936246,0.041050993535829895,0.03132838980365966,0.03240867910723413,0.0030248100500085188,0.03651377846081712,0.039970704232255426,0.04148310925725968,0.030464158360800082,0.031112331942944767,0.042131282839404365,0.03089627408222987,0.034785315575097966,-0.009694089747474124,0.028951753335795822,0.04321157214297884,0.024414538260783044,0.031112331942944767,-0.1054477912588181,0.01339558736432344,0.02826259609634739,0.04163457421386705,-0.24006339371414695,0.044075803585838416,0.00561750437858725,0.028735695475080928,-0.25072596136748043,-0.2782499371897024,0.03608166273938733,0.044075803585838416,-0.009974740512296546,-0.24178695186197374,0.03154444766437455,0.03392108413223839,0.05077359726800014,0.047532729357276725,0.041050993535829895,0.04882907652156609,0.017068570996476642,-0.26462357775098716,0.0,0.03781012562510648,0.03132838980365966,0.00821019870716598,-0.020673387085041454,0.03910647278939585,0.039970704232255426,0.025278769703642623,0.005272260709657294,0.04083493567511501
superiorparietal-lh,-0.029328231206481408,-0.013429454585370641,-0.005871220184509421,-0.005621044663100863,-0.01573709967177051,-0.03811648167253507,0.004911263297801664,0.01695212150375801,0.01153268408494535,-0.0068579059217129595,-0.010984090726599281,-0.04097777252194789,0.016395379105626655,-0.014215510963060212,0.0458709449514262,-0.006040394250452152,-0.010884998402810094,0.01904169828550338,-0.0006243794283493155,-0.005427260497006548,0.009185760626780354,0.01010546125694876,0.05228733589757187,-0.02013529942468999,-0.01531840200760205,-0.007471039675158564,0.014725151911232564,0.01705431046266561,-0.004486372363396375,-0.03016350778447415,0.015081264949849961,-0.03214372445230087,-0.005325071538098946,-0.009472443846427037,0.008044243133656218,0.014295208572160392,0.022146319462905118,-0.018982862218253554,-0.04014624450225637,-0.014913068768681472,0.01805158995159003,-0.006653528003897758,0.07735476016191387,0.002317912876529344,-0.008524058596214395,0.03115638679191451,-0.011435221569113217,-0.005120693620283745,-0.02989556735633365,0.025331616134181268,-0.019680745985466232,-0.007777606551881366,-0.006156599557790462,-0.017214194623253107,-0.03939229534132087,-0.004303181949022938,-0.026322702352868863,0.0011134847962627245,0.24233337446157907,-0.014522077839783015,-0.04639378734405073,-0.024730054017230788,-0.020233413863704943,-0.005427260497006548,0.005260531142999407,-0.0035878592366697325,-0.0006240534667579014,0.02011997922989363
superiorparietal-rh,-0.012964747763461404,-0.01868761722416107,-0.0004109195467977778,-0.0038994694105855907,-0.010060658777251156,-0.030501481229981538,0.00866919208322169,0.030570022186906496,0.021388675729467593,0.004756365855948889,-0.02160437630126485,-0.02869400749556606,0.037575312008312996,0.0008592885402113096,0.011816891322027644,-0.003500813641920075,-0.009943903946894381,0.03036070816499054,0.017075539868909483,0.0035728397322480066,0.03328990842438996,0.03538139477892975,-0.018482526565876286,-0.020003418181156057,-0.013410879175330506,-0.011369666871603592,0.03815908616009686,0.038859615142237514,0.0054947277066067675,-0.019714215058574444,0.023061305131577572,-0.027410162178837332,-0.0034989308687023886,-0.007444399462035136,0.030920286677976822,0.03430828844013888,0.019319044423311907,-0.040242635109004624,-0.026630482326259246,-0.01881190314738861,0.009604426773499899,-0.00745638282713499,-0.01206688812450464,-0.0075512826091076604,-0.008192581491542759,0.04491043622842761,-0.012937753717054534,0.000261419341512005,-0.02493200342073188,0.0438436649350835,-0.003164415289167296,0.005028395110973357,0.006160960458067672,-0.014958764837017142,-0.03460787256763507,-0.0038994694105855907,-0.023351246484387397,0.020665604973149152,-0.039704911644402444,0.0063632012043086505,-0.03332545220692824,-0.047736799300222316,-0.0007825297646218871,0.0010927982009248604,0.02146314541907806,-0.009457421671931188,0.018009120694567893,0.02857132393252379
superiortemporal-lh,0.007128980553142038,-0.013050137841705538,-0.01274550567056901,0.0016414767373440452,-0.004735070224723089,-0.01671137047960131,-0.009975635686602034,0.027015389675954245,0.017329933843532493,-0.0038972556616517825,-0.011380879489994621,-0.00928705677698087,0.028507022020281363,-0.019703021080563505,0.006866582313328619,-0.03007675145282302,-0.0030303475454920925,0.02048567124427241,0.0018052591673383797,0.0015112379565814897,0.017580409184244746,0.01914812347891016,-0.025969333703493795,-0.0160330981605764,-0.009909251587293206,-0.008740639547223423,0.022327402308069,0.02019649895903025,0.0034542087076401967,-0.006341177094135006,0.03883498147442455,-0.01950892761834721,-0.009493377508081713,-0.0010390764584619697,0.02254049264297287,0.018896031829692992,0.03229849343893969,-0.02167175830811283,-0.027553515452991697,-0.00654719345545245,0.010842449343173776,-0.001233474290461655,-0.025751090073291794,-0.017824209380741925,-0.008474305491245449,0.037791454919819195,-0.02145674729492065,0.0025834592349038986,-0.0014807170141640912,0.03129396819864763,-0.021857465858021174,-0.014617547766587554,0.01402072060339449,-0.012246475667432798,-0.028798209443399773,0.004411651091094416,-0.014347067984249593,0.030258827556350208,-0.04518424011108411,-0.014598855263683362,0.052922086177127875,-0.0298349663942021,0.010358879225931934,-0.007142614220336053,0.02999865436460849,-0.011130404149282363,0.003971322474113816,0.02735710248311576
superiortemporal-rh,0.035079824258242034,0.005460801730005555,-0.05476855647348404,-0.055575672042566956,-0.002997857828022284,-0.019349195113221623,-0.025481791538189417,-0.002997857828022284,0.005314301609799975,-0.04704330745511893,0.06278355595142168,0.007621905987696584,-0.002997857828022284,-0.044391356299560744,-0.006226320104353975,-0.05113894125043148,0.27563445153937544,-0.00818645791498393,-0.025481791538189417,-0.05488385869763874,-0.011876129087934433,-0.010838409070542105,-0.018488393164684477,0.006765133767399346,-0.042992520635379505,-0.050963583076378834,-0.001423663989788399,-0.002997857828022284,-0.024850034143159137,0.09307918285026157,0.006367230601517107,0.08984032127524626,-0.051118922600465494,-0.05488385869763874,0.00015052984844548633,-0.005880413431889866,-0.0048426934144975365,0.16827534171045927,-0.04233593491474207,-0.04179946109390051,0.005660208282264085,-0.05373083645609171,-0.009048039810922344,-0.032279033140274464,0.041866666561643444,-0.0021907422589393616,-0.03154159287237183,-0.05476855647348404,0.0633600670721952,-0.002997857828022284,-0.04831644159646184,-0.05672869428411399,-0.024118183498298956,-0.044511468199356634,-0.002735275536260733,-0.055575672042566956,-0.054999160921793445,0.029122586007326878,-0.024829235545791885,-0.0532696275594729,0.0014260038319922157,0.4635223506022191,0.05197881461036782,-0.053846138680246416,-0.001423663989788399,-0.036760610907983084,0.01689093089564598,-0.019716680330454255
supramarginal-lh,0.022559650119808036,0.005406416918558322,0.03570024592420708,0.026897940460850672,-0.031299690086792786,0.022760709240281573,-0.030485274986924656,-0.026470375674968672,-0.014097197401027058,-0.0014889684490568534,-0.0011259310746518203,-0.007372837947764686,-0.014990905191531942,-0.01333204178567495,-0.04249541588646123,-0.0010092539538020195,-0.03247374968840796,-0.047556953582432296,-0.00014953772085219677,0.020651599066514145,-0.01381684558991677,-0.013857622892787812,-0.04582275583737286,0.0045523554733718176,0.014451124284035638,0.015542498322356069,-0.016614646082281213,-0.018156832367288413,0.00479815024815072,0.005853836292587096,0.030022524854959775,-0.036369709964408824,0.0004915895495578038,0.029413692705775842,-0.013369426215887995,-0.0188868654675328,0.019681425979254173,0.017246662861294757,0.0005771025067342056,0.0099055545559798,-0.02278395670108633,0.011525902574071085,-0.03994058277499403,0.013509853445343733,-0.04460622249655765,0.01412377490351466,0.010431701141868996,0.02199046431594247,-0.01686779208115243,0.012583850533612788,0.010516083141492733,0.015907232133090095,-0.0029054299527929376,-0.0014906648853858504,0.004027339845035287,0.026005363627898462,0.008765486511919688,0.02495080854101474,-0.04095662247411203,0.009907816471085129,0.008163440108051732,0.008605204694317185,0.0524881170049713,0.01440525767217761,-0.011988087227259627,0.022678589155763162,0.022111099788226594,0.02357173146749171
supramarginal-rh,-0.0286813899292166,-0.01389872439867966,-0.013700527313333096,-0.015071026764375477,0.0,-0.04636314187592994,0.013549140594877438,0.04046389321694572,0.02639577416924333,-0.0029939154901548327,-0.01688744036435193,-0.025979057913424707,0.049021212024154784,0.007197928762701964,0.032794330967305794,-0.0113872954874109,0.0,0.04285064338974178,0.020649157185281018,-0.013983689022689072,0.04009353328503501,0.0446456876764223,-0.011479158635452104,-0.026233812643248484,-0.015488731662173178,-0.016077610764555945,0.04669851120505518,0.04987694390487569,0.004219670432186172,-0.01561663264117028,0.030143357071508555,-0.021204371197457685,-0.02424602711029114,-0.019008721857580572,0.03728546051712521,0.048696161187981556,0.019758771572374927,-0.05185763318540543,-0.021977313466523155,-0.012351990360774112,0.01919284361045462,-0.011390517727935296,-0.004031930981996093,-0.019127351571796094,0.005012143872793881,0.05281088178163309,-0.028498908589700434,-0.008627358598971348,-0.0173345408836609,0.05366661366235399,-0.010669922220843573,-0.006832116583895014,0.013201731803429189,-0.016434686277577413,-0.03396742424658487,-0.016779268285292883,-0.04073653870495387,0.021760039252617335,-0.038712517612644805,-0.009096817073555339,-0.03249743079607759,-0.058343388206022626,0.0025154420653764305,0.0034622461805552834,0.04034164580541416,-0.027369681721196772,0.009933274097321169,0.028701572872137645
temporalpole-lh,0.007224887911244617,-0.03957722971611399,0.041543105489656555,0.04425243845637328,-0.04289783488828751,0.011439405859470644,-0.02466975786856692,-0.03353194025071112,-0.05653670834538312,0.029722772820745758,-0.01833259187055169,-0.008594956053333692,-0.035814305011504316,0.008739233356443415,-0.03390056083283212,0.02626393021163142,-0.08211871250043608,0.014050389672070363,-0.02134914011333889,0.03725486342500633,-0.030739672371662603,-0.028082559081197868,-0.057178695786919684,0.00834914608331376,0.003010332213855037,0.01629284098393071,-0.03782940569432344,-0.03078575151730955,-0.026439111496638714,-0.037893881265676506,0.0641546657136783,-0.059497903731343206,0.024383996700450584,0.05343406684357998,-0.0431221278350807,-0.026377706190588174,0.039435846515543535,0.020169478752224558,-0.005814969235495286,0.014603339419833656,-0.007043691926177457,0.02885345991627701,-0.04034825638173833,0.03115732911724241,-0.031498355060804235,0.033006534809288945,0.014898248468584977,0.05192888186207069,-0.006659707434489296,0.033789842536123375,0.021723787978574285,0.032859099159495066,-0.030235884617903303,0.005234324184736661,-0.010431893267224632,0.03808118003218517,0.016557034796602248,0.026792292670865456,-0.023923268159253767,0.01986841658981366,0.00883755734445139,-0.003950349301663528,-0.02956006134276635,0.04786488241199559,-0.0056983243201083,0.02317984871524315,0.0258707475070902,0.04560710493973165
temporalpole-rh,-0.0004889775212765843,0.0004939121357883998,-0.02079085243720017,-0.015829494759124412,0.0002545069447439315,-0.044861619393103416,0.018995004136119407,0.035249211847034514,0.04517956592534055,0.0019482484467853694,-0.022148039479836096,-0.02981425339537919,0.035376465319406476,-0.00441900840510562,0.02498445742897054,-0.02437228259678603,0.007889715287061876,0.03338929758324388,0.024100420475307055,-0.005422209424379451,0.035748608585329855,0.03306253596564046,-0.010463185503471655,-0.024092881056540557,-0.004489735333534221,-0.0029031116322654595,0.04441146185781605,0.040848364631401006,0.021832774139075195,-0.02002750729357793,0.016495140646390474,-0.01576658224345987,-0.0011185075301961363,-0.027426365933713212,0.03474019795754665,0.038977756156594066,0.023592307955033424,-0.048528603240819784,-0.021719369669969357,-0.009863408317343917,0.021760343775606143,-0.009876080957398248,-0.005313464575787854,-0.016430173314466383,0.002163309030323418,0.043393434078840325,-0.015735851664232275,-0.019666959607885105,-0.024694636671706315,0.041611885465632804,-0.014880215479539258,-0.0185109841455211,0.020141813131897997,-0.008307339504693187,-0.026024599308583567,-0.02447050892497086,-0.040403164626791915,0.016161190991239652,-0.03586589352529018,-0.012589652976843875,-0.0325715036281043,-0.05542671308883838,0.007934019875558031,-0.021848601571379342,0.022523864609837938,0.009762202887518829,0.01085842062646811,0.023281900841562796
transversetemporal-lh,-0.05334402988856067,-0.01677350539189456,0.001796277686925086,-0.004251389590771506,-0.007769082287334714,-0.027351750991327382,0.017393735208277618,0.026293222594247212,0.040021246023234716,0.004367202792386365,-0.04380788981968068,-0.03198321263601726,0.04177102780232916,0.011316634741220357,0.017167227620588896,0.00580473682348052,0.00841938514502108,0.020862372589239692,0.020359022394375866,0.0052730198591603855,0.033753043109313895,0.033866083619177374,-0.01762706788335433,-0.004544868348454823,-0.01120892633087873,-0.007841172272870298,0.05125640628376101,0.04661129446429517,0.004142188192563756,-0.01859473730458196,-0.03917194921139244,-0.027490598862876685,0.011156458471583601,-0.006536940729822697,0.046451118194658414,0.039068293196687434,-0.019178708844216352,-0.03978620707631102,-0.024214130348682538,-0.022331046081541534,0.014421409650810523,-0.010478002128421801,-0.01322680607393242,0.0032647378952460468,0.0025414919161006,0.03219692318485351,-0.005740111777275549,-0.0014113001014466001,-0.05322181816751958,0.03919349089346076,0.019403510160058077,0.011918308851267337,-0.0022177268331330996,-0.0021031933354034903,-0.012995179670702706,-0.008450951174190507,-0.012260203072609168,0.010756124439482156,-0.02793870850669402,0.014156724230545262,-0.01957051151708282,-0.031524438793156195,0.00691999875947331,0.009433550474079346,0.02920326922929896,0.005562446221207091,-0.02941506022230734,-0.03176075744396515
transversetemporal-rh,-0.07280711979794557,-0.008498983845949458,-0.004377093458855286,0.004413361157297533,-0.001787086093660567,-0.03104951718103196,0.011654653376900418,0.04050285418075478,0.03128032025672067,0.012746197170069175,-0.013669504414443027,-0.020424790486596067,0.04272828572914789,0.003981756557511047,0.030127634060942484,-0.007367944339293861,0.0027817894354913992,0.03582175765799357,0.02386851288946788,0.009014991544990273,0.03772638147592506,0.037458076460747634,-0.012183003486405865,-0.009298107452725262,0.0039171962566191005,0.004806894167881559,0.04361845834850514,0.04795804986787173,0.014155130795417034,-0.013368444540724828,-0.07280949333841955,-0.024763907297867854,-0.004762936198303649,-0.002354457208558062,0.03293638691621817,0.04291085846240557,-0.057733428839102624,-0.03826868800341745,-0.014108799285365167,0.00415274641325576,0.023144488103288445,0.006822314855137914,-0.01199416460629691,-0.005469586668213634,0.0020028883935538076,0.056525961329185234,-0.01023499134861021,0.009473084856466236,-0.024725361000570604,0.05352162873885453,-0.002314961495071222,0.0012717429859524694,0.017643570700818414,0.0052722030423983934,-0.01776727963032167,-0.0023284432049633643,-0.027822641435861932,0.020696513400056012,-0.025746553054090925,0.0018545895847402326,-0.017251366872899822,-0.0428900662478536,0.0021262175565812252,0.006239942964444937,0.03727597843558475,-0.008016300655163172,-0.06639333872918715,-0.08984505791142612
