,bankssts-lh,bankssts-rh,caudalanteriorcingulate-lh,caudalanteriorcingulate-rh,caudalmiddlefrontal-lh,caudalmiddlefrontal-rh,cuneus-lh,cuneus-rh,entorhinal-lh,entorhinal-rh,frontalpole-lh,frontalpole-rh,fusiform-lh,fusiform-rh,inferiorparietal-lh,inferiorparietal-rh,inferiortemporal-lh,inferiortemporal-rh,insula-lh,insula-rh,isthmuscingulate-lh,isthmuscingulate-rh,lateraloccipital-lh,lateraloccipital-rh,lateralorbitofrontal-lh,lateralorbitofrontal-rh,lingual-lh,lingual-rh,medialorbitofrontal-lh,medialorbitofrontal-rh,middletemporal-lh,middletemporal-rh,paracentral-lh,paracentral-rh,parahippocampal-lh,parahippocampal-rh,parsopercularis-lh,parsopercularis-rh,parsorbitalis-lh,parsorbitalis-rh,parstriangularis-lh,parstriangularis-rh,pericalcarine-lh,pericalcarine-rh,postcentral-lh,postcentral-rh,posteriorcingulate-lh,posteriorcingulate-rh,precentral-lh,precentral-rh,precuneus-lh,precuneus-rh,rostralanteriorcingulate-lh,rostralanteriorcingulate-rh,rostralmiddlefrontal-lh,rostralmiddlefrontal-rh,superiorfrontal-lh,superiorfrontal-rh,superiorparietal-lh,superiorparietal-rh,superiortemporal-lh,superiortemporal-rh,supramarginal-lh,supramarginal-rh,temporalpole-lh,temporalpole-rh,transversetemporal-lh,transversetemporal-rh
bankssts-lh,0.2641676919123889,0.029838880444434255,0.0,0.0,0.0,-0.45600056618890245,0.07478106623031958,0.049560322516531155,0.0,0.03154015317032722,0.0,0.004641726972358861,0.06328290488713108,0.03373127032708495,0.13832346377629404,0.012699876009276023,0.06024808967381306,0.021507362135901337,0.03583774014593122,0.011140144733661267,0.060997426763521205,0.04582335069693103,0.07290078519966302,0.02110216504294804,0.0,0.0334204342009838,0.06554479276902793,0.053429122157468825,0.0,0.0,-0.36662427020393745,0.004358492580396635,0.0,0.017318012739921847,0.05089386500395623,0.026554286201213497,-0.23035697339121788,-0.23229206953626544,0.017318012739921847,0.08243401817428343,0.021936149470567674,0.0783764965996415,0.056190568099171105,0.0403240490552395,0.021257583105998623,0.03457496838364525,0.021351944072850758,0.025018145167311778,0.037765201660013875,0.046181367306458256,0.03799139044820355,0.028279149168819497,0.01039080764395311,0.018995695224101775,0.0,0.015008944374598933,0.0,-0.2645454073101077,0.028778707228624936,0.01202130964470697,0.10964328049835295,0.04670451560797673,0.09006337987653426,0.009010084673101968,-0.24259427729755748,0.012068490128133038,-0.1343330892523642,-0.25858103146334377
bankssts-rh,0.02763886780519401,0.8149464835405605,-0.0286203816912397,-0.04316999480245194,-0.04161118091945307,0.01276648484150402,-0.034044976496264354,-0.013623947407844807,-0.0378027857608853,-0.02264210195740522,-0.014590183676038074,-0.01677802358923806,-0.031986311276535714,-0.0031902911473081835,-0.03610364171599299,-0.05030626270957264,0.004993783837659544,0.07868985827245575,-0.02205250635272885,-0.03763853624080012,-0.04112248505114539,-0.03165208304867279,0.01999701799056562,-0.01713754476407439,0.04035603366509133,-0.03448308647062521,-0.03337652004053851,-0.0023926599981109967,-0.036412576996882495,-0.038909352190971996,0.009933804923806862,0.05622647704056115,0.037497027337561196,0.0021951389201957626,-0.018991156449411448,0.005353305012495877,-0.007326337494350056,0.021375658829989774,-0.014974997797847812,-0.0366962193307986,-0.005813531076264731,-0.04964651745166861,-0.007178446893294119,-0.007759869039677638,-0.03546047820724056,0.019123508000448215,-0.04997501649183896,0.029366248205144586,-0.0061477593041276484,-0.037528925306609597,-0.01700837007060304,-0.04112248505114539,-0.01780600121980023,-0.04997501649183896,-0.04776188363166557,-0.04062973649088987,-0.02285013750192604,-0.007953154086516792,-0.021280168150505072,0.038168193751891344,-0.02456479261415133,0.07295800468228636,-0.042229051481232086,0.00809291852619508,-0.01866075670028866,-0.0436698461391817,-0.006668286556753161,0.049647560150801046
caudalanteriorcingulate-lh,0.002050121747048479,-0.03753624772261199,0.6660110770205738,0.09113073633536066,0.005436818738057912,0.044043783923061484,-0.039362660264083145,-0.029393190501743955,0.031164700851705838,-0.029067930608796172,-0.027177392356540053,0.005798190155207473,-0.0008290090778353113,0.017463435779535342,-0.049988742715680934,-0.035290570133371515,0.020336338545874338,-0.02080452399000941,0.0005137942246704254,-0.039745952964452845,-0.010964155238329925,-0.03991132784256022,-0.03569562177371547,-0.02802925936794261,0.013796397289167673,-0.024087666739911317,-0.04334744118343231,-0.0061420503036342085,0.004801774576945087,-0.02765378565158722,0.044510822565271585,-0.030910314836950857,0.008945206362359919,-0.043678492459695115,-0.02948752524519614,-0.0023881945337806063,0.04298464258095337,-0.005786810013290252,0.00048514892940856993,-0.027437403498147665,0.008006962768321609,-0.03849778592544734,-0.028086990655316505,-0.004951313031954569,-0.028736577812485353,-0.049988742715680934,0.014850103457953758,0.06982835760875747,-0.014154800433650425,-0.038863904988965664,-0.02899658895409296,-0.03146537270881471,0.017073859763974103,0.0028380294125323487,0.051362718889265156,-0.0200976974773432,0.010100272806687958,-0.005224661656127857,-0.0313930984253848,-0.049988742715680934,-0.0250196270187581,-0.03233024704745053,-0.03894399825640987,-0.046748185217000846,0.021242949993862455,-0.0245786030310145,0.017027243925017713,-0.009020281156696104
caudalanteriorcingulate-rh,0.0,-0.04726034220657529,0.12595926466104573,0.624819384062374,-0.022227219636264027,0.029882719923747258,-0.009512494064910844,-0.011524603999742759,-0.0013254993028224604,0.011359722192837556,-0.02114380868126401,-0.006635371710616677,0.01307633466476605,0.009471530941765977,-0.04082017384367614,-0.03962432274833985,0.018439508574089682,-0.006168857354413966,-0.037304012835176065,-0.02232838766661247,-0.0385293680062055,-0.030129746602146526,-0.03439154926791131,-0.02931284315479357,-0.011590093896263825,0.00481865747673648,-0.04259592495441147,0.015331799289266078,0.04951660142232554,0.009595514869236564,0.04544358560285379,-0.03440638916728769,-0.04616538746444094,-0.04420559750242435,-0.001378800804351866,-0.007345672154910801,0.039131843829135475,-0.02131411524311262,-0.047692591356088034,-0.04998339719355866,-0.038476066504676096,-0.03441602053546113,-0.022422465353822852,0.0038835419954801045,-0.04387458162697031,-0.04463818357279385,0.0006101563125011126,0.061343161756237524,-0.00427330408305781,-0.01871649360047434,-0.010613285944322634,-0.046928989410264486,0.03202443909432522,0.04406478479850193,-0.012495640058116785,-0.03726974762848609,0.003681945020207044,-0.0009313174274034341,-0.027430489040999418,-0.0331841543854407,-0.01545597015420058,-0.02893322166509668,-0.03547496022291133,-0.042483886978642256,0.041325163998526905,-0.007860726881646114,0.0002326031400849657,0.026783812267063695
caudalmiddlefrontal-lh,0.0,-0.04560980711746766,0.008834461690814626,-0.024204800072559932,0.7765951519679456,0.03848913866867373,-0.01720318086525314,-0.011044070824424476,-0.04080414738892671,-0.011692863243230583,-0.00807480824370824,-0.032062519794366834,-0.04998071439075743,-0.03521121930637411,0.0031110479213969683,-0.04045181844218591,-0.028637743832327176,-0.025165480193684454,-0.02566873200978063,0.03325031697473308,0.0035459873286678156,-0.03683376344266357,-0.015283735546709023,0.004733592057686431,-0.007840381258120399,0.000942895800884014,-0.03519039457415184,-0.03610192285313807,-0.0458722922194781,-0.0360120790084077,0.014769495084383326,-0.013891380710551895,-0.031081972402872502,-0.05031171249930549,-0.04550637192471535,-0.032746166003606504,0.012706965112415635,0.0013426796808074823,-0.0360120790084077,-0.04998071439075743,-0.026241709642067672,-0.04405710735360758,-0.020876663629261626,0.012045703795269841,-0.018936393578495237,0.03102749395387415,0.00763358476772487,-0.032746166003606504,-0.04662495754122587,0.00019029887491738164,0.02269998103436284,0.006445980038706255,-0.03929881674543117,0.018495170102511872,0.05981381880089304,-0.04014926599979238,0.009345972748744694,-0.006295585972260902,0.012818943091070178,0.01030569540801676,0.00033474522421259023,-0.014709681896331006,0.029591182422886702,-0.035570663081076696,-0.004010035540646739,0.014455767043740632,0.01504756940447665,0.049420279551919195
caudalmiddlefrontal-rh,-0.4667261664416431,0.01300770222010506,0.06305478384839268,0.036174367906102116,0.03915595795945871,0.522716343981551,0.025907692541727267,0.030271440384668023,0.03181062006316135,0.009588371110679356,0.062267389003786804,0.01617142251140024,-0.003502872418142923,-0.002411935457407733,-0.0013209984966725428,-0.003502872418142923,0.004133686307003407,0.04850652325736676,0.07018786521411191,0.047049506195163106,-0.003502872418142923,0.010679308071414546,0.023770551600236826,0.03552437031945487,0.0825916815199772,0.0402468949201939,0.012861181992884925,0.005224623267738596,0.0295465835254013,0.04195039983126659,-0.46155539912314597,0.08127965378866871,0.05466825991495022,-0.003502872418142923,-0.003502872418142923,-0.003502872418142923,-0.15314920398347767,-0.2418295428086456,0.049953038657881386,0.04340011354980005,0.07063610793187006,0.022204443947122777,0.008131354048475705,0.016133992875090496,0.036779632512769424,0.023688388983947144,0.015887505026221455,0.07875103566741408,0.050595732900858434,0.0299500932631795,0.004253278559602829,0.012898611629194671,0.046680227775675806,0.020497740718031256,0.02696119986615271,0.0615530338062091,0.008131354048475705,-0.15662969438581498,0.052082876255701634,-0.003502872418142923,-0.0017514362090714614,0.00979012597956846,0.009424045878099996,-0.003502872418142923,-0.22544050160808907,0.006315560228473787,-0.24661370306486224,-0.1575951144427081
cuneus-lh,0.0561210006949116,-0.04361817206561424,-0.03761778151145276,-0.015056133088433342,-0.027244275108773214,0.017151237434423865,0.6023725509721473,0.041185587115392754,-0.015890232540280377,-0.023574398829352736,-0.02190619992565868,-0.03460657551701288,-0.0181308618145897,-0.01401657760238884,-0.012943356918708755,-0.03016461912837948,-0.04470847296959351,-0.014868714736387505,-0.021793109255377172,-0.013107512160875839,-0.00482787916458853,-0.002897841846412552,0.024047069554721665,0.053533750804632386,-0.01333868540012507,0.012062065782583325,0.000943330026607041,0.04052278325714484,-0.030162796585346305,-0.016954001842294286,0.05480302181704876,-0.02437635708281556,-0.047721182353115746,-0.026388961863359685,-0.010109571967418629,-0.026067415136477805,-0.0065257883158165095,-0.01446487906544157,0.02167444684679848,-0.04696800500723519,-0.04864383274956225,-0.04588414870675738,0.08383031769042074,0.021275303946065655,-0.047721182353115746,-0.03326024249415152,-0.002671986415562176,-0.0033404272361597666,-0.013291754401506813,-0.0007283641424526957,0.04545607857717688,0.004473909943493289,-0.03593400577654188,-0.019232436643268323,-0.022819398940439002,-0.03467535861709927,-0.016944550460628104,0.03195755771514219,0.04242446643032228,-0.029080124520000042,-0.0025724807002141773,-0.03710823556465232,-0.018516738914339845,-0.01695813541556161,-0.01276485325076943,-0.02439158739415074,-0.021953551688569738,-0.005290723420203482
cuneus-rh,0.03288967123542299,-0.0306172080964915,-0.031441712376217644,-0.024495811491377802,-0.021092315502499345,0.019165857069635184,0.02354032722165115,0.4441677613459391,-0.03568440945343319,-0.010708294321889456,-0.016799191433087356,-0.0016544002071392225,-0.01683807218529228,-0.0019113084685439012,-0.038323378989164825,0.003124886718917918,-0.04262044034993934,-0.0024198841221385,0.010820415313597401,-0.028750373962535696,-0.01981564877820097,0.08085400110165046,-0.010968555086609794,0.056391117704869216,-0.04938519907217569,-0.013008072012397166,0.029063362680431522,0.025797871656638275,-0.021395979098833996,-0.01028740368089316,0.028849518136053166,-0.017207416504449315,-0.04998071439075743,-0.0324383783591283,-0.009602314983814005,-0.01509434427311451,0.014600511098742094,-0.0028302261080527602,-0.023260286558989058,-0.04176801676995291,-0.04040571395851965,-0.03386297355670034,0.08638491114315587,0.1289645488157736,-0.02253237981834245,-0.01428473873669554,0.007375777532809318,-0.01360752462234143,-0.024194408934747853,-0.012698475719091343,-0.002713039422237832,0.0464656983413668,0.01624994010251785,-0.0339018007890505,-0.0261601016474879,-0.03510275493440242,-0.031601438310495916,0.011180759268849453,-0.028491470295522358,0.0060095374300135245,-0.03832931168613599,-0.040820352748593955,-0.00040873965232072053,-0.04505125236480491,0.00030229056974570925,-0.009473860853111662,-0.0061199238039510665,0.007960854003892431
entorhinal-lh,0.0007805794524512527,-0.04016449877139002,0.0267304543148655,-0.01636675504725202,-0.04296963456028984,0.022756025664343087,-0.010951741768194802,-0.029127268772197793,0.6490749101057184,-0.011374938101052627,-0.04221025797022912,-0.02428520104703767,0.0006686047586134642,0.026371185723130054,-0.030469761889874533,0.003339455752373274,0.03266529468831797,-0.03036160168685229,0.012356093682991724,-0.04515310106114182,-0.017320060751749564,-0.011096627994530067,-0.03749851077233423,-0.015013660498380018,0.0030986883759277443,-0.029720986731009074,-0.0024219087576057576,-0.014974788583997378,0.038810983616772196,-0.0111178308569206,0.031095960923706943,0.003147321102014503,-0.0265880674900088,-0.010643512840228452,0.03811168180348464,-0.010287778058891443,0.03237823698584573,0.0078716182834241,0.06692244533621255,-0.025002171912317343,0.008474399283125982,-0.0449877615838432,-0.024292268667834516,-0.004714604226857975,-0.0273439102696711,-0.03133161898148948,0.013938455450284758,-0.035199178139761526,-0.028940407278557824,-0.04703787129984472,-0.03440446344571659,-0.0016625321675450345,0.01702190134570713,-0.025094050982676298,0.012317221768609091,-0.03389430977222703,-0.025853427572737026,-0.005653250038821844,-0.04531844053844044,-0.04998071439075743,-0.03188678417986895,-0.04425715302978304,-0.03983318150889115,-0.028001555969604793,0.13369946994341933,-0.018796408207089957,0.006988023132831486,-0.025014453318665454
entorhinal-rh,0.037511759056049455,-0.038065972826967276,-0.03414821832142774,0.003138148778378064,-0.03039035226818274,0.007172641387926418,-0.03185922713639291,-0.005550912155011639,-0.007567341894234988,0.4991599971011661,-0.025494102707482175,-0.032348852092462965,0.035433739744505,0.06591892042472364,-0.010539282093120382,-0.009805363903288945,-0.014456281741680834,0.07739679066145708,-0.041162101301723986,0.049420354503670175,0.034626318823214895,0.02229145198005339,-0.049975350510985006,-0.03381772696067314,-0.027736208034517394,0.023141391809793622,0.0015295128177810215,0.023854569789673655,-0.03626585174102342,-0.0127638538496607,0.07717970894370912,-0.024823347950543743,-0.04263097616993416,-0.012794554041101027,0.010170933036192034,0.003599789153966234,-0.007911528245434665,-0.01563141952763185,-0.0421413512138641,-0.02116506415229159,-0.00895030226702015,0.017227051293370182,-0.04263097616993416,-0.011610652382668665,-0.04703760077456467,-0.014628110732530845,-0.017514136435991232,-0.012617886875290666,-0.04467539048963939,-0.033003816525831654,0.003256131172266216,-0.03283847704853302,-0.0274526025317624,0.0017613942875760646,0.000808006391915927,-0.028073472540391612,-0.01863935332250138,-0.01896072248665505,-0.014859992202325888,-0.02892147739997257,-0.03365238748337452,0.018672120936805318,-0.030158470798387696,-0.00993604169271166,0.0021949929815561803,0.06056723637041807,0.020671431229818456,-0.011497281676261437
frontalpole-lh,0.0,-0.020484695387592147,-0.019280674040553926,-0.009689721352318884,-0.015990060546727296,0.08266363193387649,-0.018159676749537737,0.007701682156402083,-0.034075780167838216,-0.009089323799858067,0.7995762092965972,0.23760652058486034,-0.04998071439075743,0.003896691829612355,-0.025037108805550733,-0.02771395709811494,-0.04998071439075743,0.020871032047810892,-0.02141828950202136,-0.01799433727223912,0.014373397097237508,-0.04491827658419975,-0.02322211455609541,-0.04419507118326294,-0.039855838777642066,-0.017436471348600924,-0.010927622740169621,-0.034070195570147586,0.07962942111226946,-0.014364942618753465,0.009401670212178546,-0.032732517633916144,-0.04998071439075743,-0.03874042608431651,-0.04998071439075743,-0.028284552362653093,0.000502539829924706,-0.008022060893876417,-0.029007757763589905,-0.03208766338997331,-0.03913263337670526,-0.049650035436160186,0.0028132798776297928,0.03189598535097043,-0.02756693155940691,-0.017983761922282834,-0.03696301717389483,-0.04998071439075743,-0.047811098187946995,-0.05014605386805605,-0.026114936159842658,-0.004418774131738321,0.0441895641675204,0.028284629944601188,0.0957298162543608,-0.01171047717942842,-0.031364457989036504,-0.014411234904343184,-0.023945319957032224,-0.03696301717389483,-0.04330652630502751,-0.020102425137258035,-0.04202545498045251,-0.04385102457986411,0.007390897947428366,-0.036239811772958014,-0.024966261072091975,0.028848991407477754
frontalpole-rh,0.007472955877544715,-0.03092165420889193,0.011394064561159968,-0.005191230568173536,-0.036005587101131074,0.012556894988902636,-0.03346298545666925,0.01433336940336699,-0.01927394809310906,-0.021585546550494262,0.1283781008285669,0.648530968729889,0.0009517208928577502,0.005415542714112787,-0.041440193387849183,-0.0122494388920966,-0.03179339499561722,-0.006726285567217381,-0.024611773719926715,-0.03521886615616387,0.0028729410696509707,-0.03489930971180736,-0.008094044785838542,-0.04854439013561933,-0.004910705541728041,-0.0023293916333060366,0.020923774918777713,-0.034957378107747634,0.05489130498845694,0.08575391296409887,0.01504269241498989,-0.03926658260918625,-0.04677801901466684,-0.03523030782035542,0.0094535296318058,-0.028474562827646082,0.034185254101299356,0.0011357567692456747,-0.018090246175864976,0.0027955165417306057,0.009841644893560469,-0.049650035436160186,0.009199914671758963,0.01866296869744589,-0.0489131492653939,-0.02994959934674437,-0.04213899938343814,-0.027057594704488073,-0.04035327213050556,-0.031881309944995474,-0.00634702979686614,0.0017269587942142432,0.012927210855617682,0.041654688580532555,0.0177404356746672,0.006629723273577709,-0.028610055751506724,-0.023284253668304163,-0.020536067160426334,-0.03202666120153115,-0.031162515728643574,-0.050477051976604105,-0.03569489636729677,-0.04981537491345881,-0.006371470283217015,-0.03930506313712212,0.01001076572701051,0.009147630692967527
fusiform-lh,0.05097619976656077,-0.03683081093740456,-0.010228130177176399,-0.005802299042800597,-0.048707205127442484,-0.0006613579091944894,-0.024912193694674834,-0.010323122346757585,-0.011816294389687875,0.03000391064760279,-0.04998071439075743,-0.017948750644821446,0.5062662571350017,-0.014229424726245663,0.007647151231873805,-0.026902341631353445,0.0685681634638372,-0.006975563896598947,-0.015385388958840028,0.012261601551098969,0.08106816603554552,-0.0020053701143573424,-0.016549524771110158,-0.02275049657890973,-0.0034045959880686302,-0.03752156971742794,0.12476411689405414,-0.011808122810012114,-0.01116319659867888,-0.03788237638926545,0.07317775316255479,-0.02630177282393721,-0.04552343196915512,-0.03847297929828195,0.14135242363585146,-0.022892556348657597,-0.00626764637046744,0.006167789511973628,-0.011037479988282542,0.009516557228467412,-0.017806690875073576,-0.045075207983837295,-0.006227562474518492,-0.016233634790437084,-0.008883954452193196,-0.0484557719066498,0.016452342624033608,0.004362176202217386,-0.027568585672349537,-0.04632552607811121,-0.019566723420622368,-0.023873774492801047,-0.007192437459310413,-0.0034699686254747227,-0.049343959759099956,-0.033841778127244704,-0.00837291643093207,-0.0218048002670378,-0.01590459855977692,-0.04998071439075743,-0.03251362640766223,-0.007612087912815328,0.0031980403899472577,-0.025760758680222717,0.01411086152045502,-0.02429995380204465,-0.014291663683338568,-0.02120209710839638
fusiform-rh,0.016819782682179478,-0.026176084142348125,-0.00020357339568308758,-0.013470549982204346,-0.039522643113210305,0.0008297296742041869,-0.016221022709213502,-0.005075136184924733,0.011772343462916196,0.04184032841520596,-0.013697583194722966,-0.008765584792220118,-0.015465905531974312,0.5112872084705434,-0.030099546612108414,0.0389578213718372,0.0028053597687677585,0.043669014571156115,-0.04401636405716272,-0.018282741221473043,-0.008904857880484797,0.047996722923034855,0.013144616151806598,-0.027970845323302136,-0.04103418889036537,-0.027614400639777284,-0.02240516748342176,0.12080454937215045,-0.012284394118319789,-0.03457280936230444,0.020974894291010054,0.009550466612535736,-0.03606389694570312,-0.011124304643469177,-0.027117371445311057,0.13742499580747272,-0.004470544413582863,-0.016024789384551714,-0.038549042918034244,-0.04998071439075743,-0.029840147206658757,-0.04815894785276151,0.01348191406425175,0.05267656069199311,-0.04998071439075743,-0.011847428082446054,0.023583540658274026,-0.0021444739821381152,-0.04699853922396008,-0.03857510930706818,0.0026852334515827738,0.027775634386587315,-0.02691803519845389,-0.013576145454861303,-0.020496260635229052,-0.03175006481742182,-0.007671858279859084,-0.02435181879366769,-0.0201781094938636,-0.026620342250844826,-0.04335399538539788,-0.013736496550939514,-0.041531218084831595,-0.03351176819682526,0.014339961678252624,-0.016122666008461604,-0.012380799928415266,-0.0035616766042688747
inferiorparietal-lh,0.14628821387002,-0.03835136007897794,-0.04964971628220937,-0.03759656179927386,0.01264673425260546,-0.0006613579091944894,-0.003015455891009544,-0.031251006989995014,-0.030780223881818086,0.006348076282904694,-0.03467095081504162,-0.04262030111427843,0.016069118504889207,-0.01681623078440766,0.6362837392621629,-0.037126183942490586,-0.020680967557756617,-0.035852020123950015,-0.019503093512240985,-0.01773416117068123,0.06258734625479445,0.009039819865212266,0.02173601296394104,0.017320284801251137,-0.039860146135598816,0.035811243945614635,0.016400233141691253,0.031095069534774665,-0.04736246568499297,-0.03863496999911145,0.06914110251112832,0.01736232698555098,-0.02356171687825426,-0.040380352608033764,-0.017521083920206067,-0.01943447949017211,0.004684819547509456,-0.022486168912612643,-0.03370359706451003,-0.0030580797532038435,-0.036179939497359315,-0.03768936386188182,-0.0260593712422007,0.007296761155273086,0.004155749021582559,-0.02318330015048048,0.028614048873147967,-0.020423145171800855,-0.04736246568499297,-0.034505175655538185,0.009370934502014322,0.020811283075603745,-0.03195809792733372,0.008377590591608154,-0.025449122288345734,-0.049484695958861555,-0.03535449201974288,-0.002533079578963895,-0.014382512213752672,-0.009077400780154883,-0.010915382825988335,-0.010020769115844213,0.016284317028650665,-0.043422315387511415,-0.024966261072091975,-0.01943447949017211,0.017166906903775352,-0.01017771065266687
inferiorparietal-rh,0.012939412096142638,-0.05030659672871869,-0.033718957652643995,-0.0378656546979865,-0.03803127780685334,0.00033398148281648266,-0.01975350578450559,0.043820137715120805,0.01744720821251728,0.011326289595988434,-0.025117917704035084,-0.0020052022147210246,-0.017788878993808026,0.10357586437802406,-0.034269829711871154,0.6328341358689273,-0.049975350510985006,0.015311742663156016,-0.009904319837693402,-0.034350451700958615,0.01534082792873115,0.1118741904869377,-0.015138471790600983,-0.014001378905501462,-0.04878615363923672,-0.049975350510985006,0.014953112969256529,0.038673452891106914,-0.027380609947767497,-0.049975350510985006,0.0,-0.0100855128733219,-0.04002195659087529,-0.028267092979820538,-0.01800878846686973,0.035970941701251105,0.03422371590408532,-0.00755607803244806,-0.04002195659087529,-0.04300797476690821,-0.020025519244216056,-0.04964467155638778,0.00444419860325923,0.05562958569753839,-0.007060055154749037,-0.01676748760847268,0.003344651237950719,-0.010161774830546123,-0.03371430926598358,-0.04217797485219586,0.021469176240743293,0.047411597946143975,-0.025002216204270913,-0.04046177553699869,-0.035045259630820426,-0.012614229054892151,-0.019056231845529466,-0.02434659700342567,-0.030676187103301906,0.01187744528678382,-0.04981001103368639,-0.04405543252116768,-0.022959433433600213,-0.00777435356969722,0.08835761118367919,-0.049975350510985006,-0.013074292354609074,-0.021441498823648167
inferiortemporal-lh,0.05194793782896084,-0.010633905650007583,0.01164106063725963,-0.0020590155761722397,-0.03263994842781202,0.003183258159498962,-0.042713123890177576,-0.04003461071776002,0.033528848419483816,-0.009710635068743721,-0.04998071439075743,-0.03171667784654816,0.10001196724960439,0.021303250683427366,-0.02094893923031931,-0.0503120316532563,0.5305711839939288,-0.0019084392943867089,-0.020105655956705208,0.004092050979786454,-0.006799626647972538,-0.021067513379850366,0.03299988712869442,-0.03356321900907588,-0.011879021656867376,-0.04444390452706142,0.03399470414594652,-0.009608025233645422,-0.026527149559783785,-0.011264445810653854,0.0725931040742616,-0.032092468254689845,-0.007689937635129461,-0.04708167227682556,0.07855647732479644,-0.021604915542301296,0.02037079423023721,0.01630727335125351,-0.01999270905494851,0.02538501505118293,-0.012303476917561602,-0.048112189008682804,-0.003225118472448135,-0.028243805309056184,-0.01845486262747113,-0.02952566873097596,0.003543656707562075,0.009273400780664548,-0.029219787619812792,-0.033728558486374495,-0.01391568340491439,-0.029834363466026307,-0.026105507922976737,-0.004415683322993874,-0.02614409476485803,-0.007036758211821235,-0.022258078230396106,-0.01666258665628079,0.01873200039681659,-0.04998071439075743,0.017546800408269937,-0.01691172484138361,0.0007682177159961298,-0.023975053133619334,0.0033709509344828645,-0.011534553703822913,-0.011585871703483894,-0.02016939298494555
inferiortemporal-rh,0.014887620639234536,0.024022329024118837,-0.02610061694034529,-0.020602412016022247,-0.03757604585307692,0.03066865952486299,-0.0148832291677755,-0.006374111729075541,-0.02785265483150397,0.06843503338651201,-0.009685895514103263,-0.02063781409429371,-0.002693587463409037,0.04792248359687668,-0.04322212310600466,-0.010784763900088083,-0.009544283804502143,0.5573250234832614,-0.036579246546533974,0.007142732737646233,-0.030252697442276186,0.04689258025432309,-0.0047202901125055746,-0.014160457714876286,-0.011403627160433716,-0.02468938027937508,-0.005235241783782374,-0.001465059904791541,-0.02477214036940171,-0.003699582335510498,0.04991904719095035,0.038316299523635834,-0.024075116500066326,-0.02634320189594504,-0.030285801478286835,0.0352675462752494,-0.012146754106068592,-0.008575366699861815,-0.02790231088551995,-0.04748150907270844,-0.028192890757169,-0.029716028967433743,0.024797475330325097,-0.0070683786270010025,-0.04999741580951794,-0.014443681134078522,-0.02646596354528002,0.012699789281543786,-0.03261044045147923,-0.013473725244542668,-0.01110569083633786,-0.032494576325441955,-0.02330268899315113,-0.0072527488673203985,-0.018686515082776987,-0.03692460908564046,0.004695969019412995,0.012956215217346525,0.000552447178746484,-0.0148832291677755,-0.027829842194495084,0.05438099331254324,-0.031689044782516114,-0.01880347504225752,-0.005687330351176501,-0.012931930156258785,-0.018781815706500764,-0.004794901140294091
insula-lh,0.03005967362553359,-0.03269855446996484,-0.008295756985479276,-0.03914930482172567,-0.029251155394501002,0.04507421371181721,-0.020322336018095976,0.030222671130767816,0.012189831788394126,-0.036800952326133604,-0.032402290106060216,-0.028849860141628866,-0.014238845031031337,-0.04097332817267563,-0.026126612537047775,-0.02373468219496556,-0.016368610800792487,-0.03157400130465479,0.6035757450165222,-0.020270616281068386,-0.018062028419087255,0.0008085182310325916,-0.013881063721241716,0.006097879756841228,0.028267025036744376,-0.04168889079225486,0.004840810290012843,-0.0194496397151632,-0.005109378028190243,-0.02675514727046197,0.011416366455955798,0.0046151099353574825,-0.027383682003876156,-0.03755124869035627,-0.009499451396960115,-0.045005620231655885,0.04100574029583276,0.0015335276689388245,0.024941834552855077,-0.021186571276540483,0.018771315679625394,-0.049650035436160186,-0.006182721957559082,0.03355645046596064,0.009623717867166582,0.0027025834757634227,-0.014631679239415205,-0.030429658019652608,-0.034226249553602546,-0.04082440028326715,-0.016647825268905334,0.028057916365820047,0.018430456458812312,-0.007561872209146757,0.002283157413273567,-0.031356303782426924,-0.04097332817267563,0.021497372567615032,-0.012030512419593402,0.020988109335551598,-0.010171755324000022,-0.04222028127669579,-0.008041734303695666,-0.003722021982657498,0.01306250774074882,-0.04622763679989001,0.040337289009001076,0.007567820285013159
insula-rh,0.01506127920043372,-0.04180538235827978,-0.04043230125868929,-0.02799077990272961,0.010999881143795256,0.028327307174548958,-0.014772213661395158,-0.025180572860946403,-0.04654176395657863,0.055506683496958836,-0.025588247783520143,-0.0355818596168276,0.01529021987240468,-0.014583249793468417,-0.024213965107689292,-0.039123415317400115,0.003718330278572735,0.015493678944485677,-0.0227409058645331,0.5215072750083697,0.007261402802199138,0.025064805404251607,-0.018594437353549705,-0.03111758823705833,-0.012188991694169359,0.015977361210320104,0.023130073074683483,0.014867198486250498,-0.028315339968371985,0.001452911180132819,0.024193817044665916,0.011717756628140816,-0.03111758823705833,-0.034016812496874056,0.03376573259560567,0.0026618504715277703,0.004791819036470004,0.04280032757944772,-0.037787153848199924,0.05715001125153999,-0.0014330824391119695,-0.04126359656737283,-0.03517386944744032,-0.04147378134263884,-0.02374585007123441,-0.028141407317212146,-0.037145106160585195,0.0010749834442793284,-0.04032528216512502,-0.004943976706195076,-0.010149040847232936,-0.03280967378167506,-0.03650305847297047,-0.012528267729765102,0.020336414072721087,-0.0305463075189017,-0.0043856428754673145,0.024903331234782368,-0.016569517723380188,-0.023647073503909065,-0.0182851922578163,0.06670948688113182,-0.015444323782543682,-0.02879201277787934,0.011337371164573002,-0.012075183910077109,-0.0185210672845332,0.01049357531811413
isthmuscingulate-lh,0.042208341150776915,-0.0458682582295928,-0.02022473009849151,-0.0414829805901389,-0.014955973183301427,-0.0006613579091944894,-0.0034562081747667936,-0.025142641139873148,-0.023888558274787208,0.026906037956923708,-0.014835871198878092,-0.009806600601150798,0.06502444206861537,-0.015631546845682704,0.02746254644021633,-0.0081562351206646,-0.017920990923752586,-0.030374504492832577,-0.027108792732137958,0.002984459988651245,0.5350510644833758,0.030510134294958545,0.005048513597210844,-0.008965886710187434,-0.010437136019373327,-0.020052801147266843,0.06135382516967708,0.023551725572431386,-0.04331505425526216,-0.04664788432300979,0.03452181414768327,-0.015324013317981222,-0.048869771034841546,-0.020721586087005542,0.03198138360414444,0.02579613140634252,0.005527945789660041,-0.013621141187364991,-0.02755917517372548,-0.024759297661856406,-0.025074565370967666,-0.03252048990778157,0.04410417765687513,0.05098804104180506,-0.0462125146294752,-0.0018123122629723496,0.025022974881617272,-0.019354708362806186,-0.038871280831598645,-0.043480393732560775,0.023686840304907638,0.027770307775301137,-0.035103081070316414,-0.008575555260811586,-0.03239328004676484,-0.03445693515789136,0.003044311732146394,-0.015847097021690053,0.014949420938109791,-0.02220713049286047,-0.042083809666206416,-0.03270195828195005,-0.015361317380730191,-0.0201276656388149,-0.004241162385039676,-0.034982979085893075,-0.008489770084015266,-0.013807436897162708
isthmuscingulate-rh,0.024211520547306912,-0.040820915434573814,-0.04423416432146142,-0.038555822986905734,-0.044576282659908345,0.006094181754366861,-0.014454359921353932,0.06894572907990305,-0.019825430962506416,0.0033152770340270075,-0.049530345079853336,-0.04164332202408233,-0.013806606529744964,0.03159451208985192,-0.0151354740026595,0.03298961051915206,-0.02964737402068018,0.025520764285984834,-0.015343978313263248,0.0019131545185930542,0.02698239673929706,0.46449394182282283,-0.017287238488090155,0.01846986075171482,-0.04727849852533289,-0.04637775990352471,0.04779668705250028,0.05828862396208076,-0.043631063118504704,-0.022958555736512027,0.05128928035104666,-0.021690035634539275,-0.04637775990352471,-0.026330936722400056,-0.02668105269515756,0.08209425611807905,0.004017196466792447,0.0037353331889143737,-0.033458832818516644,-0.036238890293233246,-0.03232734942630698,-0.03943332421657666,0.02873939306331796,0.11744710220681656,-0.039622220239963354,-0.008029647097283859,0.005286828206608676,-0.010084109571099427,-0.024231822059932233,-0.01902609049607837,0.015456278449122021,0.05144412245932848,-0.02668105269515756,-0.022474825735911332,-0.020870732572999855,-0.012704535568360872,0.0002215634876750237,-0.004413246585000202,-0.017267778085767134,-0.007195629854868873,-0.020288384474493746,0.000834468834240266,-0.030031021952191074,-0.039885009613771095,0.0038267941935479013,-0.031065203332785646,-0.012784049217883812,-0.020708144290329432
lateraloccipital-lh,0.06290786621681228,0.005999222399288126,-0.039135799488199285,-0.03734449965403365,-0.015440092183363112,0.01988335486118018,0.030776453034649046,0.0005984233597283655,-0.03114906751961741,-0.04951739855839982,-0.015739526440132975,-0.003452656895534269,-0.01061240676287016,0.03793217689517121,0.02049805763924114,-0.016070843702631853,0.03315230030559111,0.016522010800734864,-0.012565020067520707,-0.018149824821906906,0.0288238397299985,-0.019784656786210567,0.6251947192926697,0.027789659229726114,-0.03047823413428257,-0.04600754891647495,0.010235766271088085,0.007424607013413354,-0.04998071439075743,-0.04998071439075743,0.07574176943722417,-0.02482037947074798,-0.04313247680063254,-0.002869248206517892,-0.021002523847358588,0.009872419156150536,0.03095743145775267,-0.019307636533186658,-0.036164465507799705,-0.013060218905607336,-0.037937418258388325,-0.049650035436160186,0.060920675801469364,0.030027704868334053,-0.03726658487305349,-0.03548960611565115,-0.03628826521732136,-0.03573720553469447,-0.01672187210267882,-0.03938453765500265,0.04172568181539179,0.042029142078975366,-0.04215415714490041,-0.03176404006041199,-0.04044511725247947,-0.03377169461579355,-0.03139666693866073,-0.023557185698811198,0.03016550650066818,0.0007041951396238421,-0.042479990498874715,-0.003342073954213793,-0.007250187822568549,-0.020042551275203473,-0.019096343137699215,-0.04411079645636466,0.007194487857546565,-0.02342518712895246
lateraloccipital-rh,0.01440086585807928,-0.02326658300875429,-0.03533113068412063,-0.029122662587727072,-0.004719654028968577,0.027447544892087953,0.05617720423465143,0.07197646454519527,-0.016767522894486454,-0.0240486095506113,-0.04361382418405561,-0.04998071439075743,-0.020986752686656365,-0.030722400617661242,0.006230173844817098,-0.017784751704871097,-0.033892010987031436,-0.015004181806423655,0.0038356726503135583,-0.027181386049069205,-0.0010079405307226326,0.03298727750740535,0.010573188098919687,0.561546929959927,-0.025329766940758943,-0.01656837553955359,-0.03195041529442275,0.058173410719289234,-0.02374496175607385,-0.03698625846340145,0.03190981392650928,0.0009149769240434988,-0.03724693397735379,-0.03837379336173958,-0.03724693397735379,-0.02974814408786172,-0.01262582490174141,-0.01753952337061484,-0.03443411411590718,-0.04998071439075743,-0.04998071439075743,-0.049650035436160186,0.030785006300844332,0.16184181126749164,-0.02382032464907403,-0.03265016157628923,0.031498587316691515,-0.0035600848782169,-0.027792713661272315,-0.013371874659539498,0.010820028878891311,0.01408575424223277,-0.005440152411806117,-0.027881911288253215,-0.03963451780486697,-0.04736470501229107,0.002340065092609367,0.003208063511748651,0.010284843117005922,0.01614421702978378,0.00010398600841407805,-0.03810006207112406,-0.008891190396099723,-0.04257034317092872,0.029728267504807285,-0.01735040208141061,-0.00383479713239693,0.010085723078185095
lateralorbitofrontal-lh,0.0,0.030237147932506075,0.01774471161052594,-0.011065181314663351,-0.004751176499792375,0.05806253878361895,0.004572445294016657,-0.04812530882261608,-0.0008014855389148164,-0.027818084467642903,-0.03785432919441267,-0.008644098816739741,0.002896011977246306,-0.036506953061485485,-0.03846120106934782,-0.0503120316532563,-0.00968803901219936,0.0032817591938051095,0.030584038893782268,-0.008303932011231334,-0.003948879824070997,-0.04728596212490304,-0.031246057139034483,-0.009554406629142455,0.5167441746060014,-0.0025809062185673686,-0.011904528012376391,-0.016923780415089143,0.030450406510725347,-0.022488112275007716,0.009215610657127688,-0.04285739324703151,-0.03470191113545736,-0.026208148188450204,-0.037180641127949075,-0.031117448529776704,0.019642123790062468,0.0018334176716053182,0.09969609504844079,-0.023619466134572234,0.06968356799504649,-0.04426053090445141,-0.024509176474398507,-0.00767111973596979,-0.008885742336477986,-0.029245590412220128,-0.035159576928558284,0.02774008054609365,-0.04728596212490304,-0.02724065960829374,-0.01333931780940848,-0.036527550534061926,0.05231688434882717,-0.007425331293070327,-0.014275246868186769,-0.005257903318203242,-0.025054255931604326,0.025135869769441616,-0.006144771351671585,-0.005903127831933334,0.036251917813270126,-0.028178529591776937,-0.03641953939738058,-0.028776814997453944,0.08274143967177783,-0.041896457593194256,0.001286976047411885,-0.02271055065438353
lateralorbitofrontal-rh,0.03439981598109459,-0.038009260233437266,-0.02119955737387783,0.00827958120333795,-0.004166375100356132,0.03358916817862724,0.0300841509874656,0.007477920513646077,-0.023852307621891566,0.03543387600768327,-0.014610246558777672,0.0022910816452239033,-0.03815577764725617,-0.01999270905494851,0.02995733484156715,-0.0503120316532563,-0.043986109823245564,-0.010003769747595816,-0.04353074889430219,0.028390590503366706,-0.007869192524901527,-0.035527954472119976,-0.04675573164252981,-0.012945583985401844,0.0002828917905535492,0.5795715550055386,-0.035229374685574265,-0.0020538428471617346,0.032555193020204126,0.002111826755451837,0.037012656657981174,0.01138513639799617,-0.03353474711569922,0.02129499752779195,-0.04690502153580267,-0.02232195244353899,-0.0030469973827423166,-0.02033618041379423,-0.03383332690224493,0.06573072485861667,-0.04091041696829081,0.03496843923149657,-0.026300875907255685,-0.017990624209675975,-0.013707015950015736,-0.04921179117701874,0.0016864308230076727,-0.03676722111305164,-0.03201188318647145,0.006216499279290835,-0.010795595486583435,-0.03152655726102886,0.01039821846593017,0.038400507694443135,-0.007689937635129461,-0.020280596335040927,-0.04536717510832529,6.697790707352712e-05,-0.019231277090334623,-0.010616340596811364,-0.013713440113364377,-0.029716125205659468,-0.03445296022271077,-0.04981537491345881,-0.010520992402579324,0.0013503947908379557,0.018033508904276258,0.03783552157076068
lingual-lh,0.04411511245203918,-0.04383815429245251,-0.04516780118626828,-0.044424543718228224,-0.04300884646373796,0.007804481716472012,-0.008817300758411367,0.030773866731130903,-0.01679011482849246,-0.00910740843267904,-0.028567120043483333,-0.002887588562684718,0.110662701052561,-0.026754891163436257,0.007354235365427924,-0.014760073035236843,0.016595113150478943,-0.01187141598061581,-0.0075030624445799644,0.009973283096203977,0.05376963724246932,0.05583905367316418,-0.004643712822609793,-0.03453804182744119,-0.021723845891787753,-0.0400621126546751,0.4859996306623992,-0.007903738802442427,-0.028972761411976064,-0.025579176646189274,0.01851800014770298,-0.016731010809508957,-0.04251085589752228,-0.028713419756585503,0.1146054159940552,-0.020055105818955355,0.013918029984041964,0.01998651802293456,-0.01691870860381635,0.011661382087183647,-0.004823446207425421,-0.048109889138651676,0.030128242625394888,0.02837442814698351,-0.015922727471384998,-0.013442704661567146,-0.006696744718224772,-0.008149506828640593,-0.0214055887103877,-0.04516614820589928,-0.010675704237319918,0.0015431869237646323,-0.0015783152594835838,-0.02403903034868077,-0.02091256315480229,-0.003372656231329402,-0.020584375952141708,0.00018824274748488356,-0.027792081884098815,-0.047490761559679046,-0.024500275212921717,-0.026024374622544217,0.02217528859783486,-0.029895752264831744,-0.01794821854621103,-0.04133017636964503,-0.007259543661374454,-0.025014453318665454
lingual-rh,0.02818426639456844,-0.028864030685043673,-0.02111448976883767,-0.01812611739205869,-0.04027016054184704,0.0019777438830423746,0.014749738981776195,0.014326775319606378,-0.026127256428499987,0.005027281012199101,-0.03670338045805437,-0.0388278721884505,-0.016943142757794488,0.10440526169055361,-0.0023792836704896007,-0.0017789792693112822,-0.024427663044183083,-0.010471017880242309,-0.02664975323458349,-0.0025491308235087006,0.014823677209052154,0.06258875787235745,-0.008331803887720148,0.033410761703200016,-0.03201372516269734,-0.02715253318006007,-0.0192312844312281,0.4954891918289039,-0.010202933959317297,-0.029542216685619342,0.03439803501484074,0.0011575405288367338,-0.04189187232676659,-0.022630226050213635,-0.02691100163762524,0.09858484443938946,-0.005928606255464944,0.008766040992393271,-0.024349781444785733,-0.04998071439075743,-0.024525261504187365,-0.034828871317934926,0.026327479530162345,0.037482330420681234,-0.03890969715996924,-0.0029017804765731035,-0.0022935153268494783,-0.012339255806077587,-0.03635242033925112,-0.010735007043904713,0.018410174153451753,0.01915448564136315,-0.017956589392990413,-0.02399882132598247,-0.02928491165469897,-0.0258845996554031,-0.0036579220808486655,-0.00041259248777012955,-0.01966406952155009,-0.000605752058896726,-0.00664629445762764,-0.029956729299947284,-0.018213894423910786,-0.04385102457986411,-0.008106373567110711,-0.023936713215070664,0.0010116886205615914,-0.011815000985359746
medialorbitofrontal-lh,0.0,-0.042595470952128484,-0.0028964851499721687,0.020385771940337954,-0.04504084817111047,0.022190409729963702,-0.02909707504219244,-0.012744528787537013,0.0501288326905995,-0.029846871600433176,0.03768514303226183,0.04890178720397,-0.01074900051207515,-0.010841172942995676,-0.0432393709274941,-0.030495781973476344,-0.02724951158311582,-0.021921508345902917,-0.0016210494624767655,-0.025087651414627942,-0.03868959160299294,-0.03815054747573451,-0.04998071439075743,-0.016532820552338186,0.022780367171532773,0.018602980927313204,-0.01775986603896769,-0.00015287431281409863,0.534140669396615,0.05631343821174018,0.009174037265058645,0.006849881999395249,-0.040026503335407186,-0.05031171249930549,-0.017926517085944536,-0.01906838537078588,0.008211989503039642,-0.013312131647553998,0.01981932782821086,-0.019802472945617215,-0.02528138329252261,-0.02353931398945481,0.008723248488019279,0.01667994643645286,-0.04292376264840462,-0.03556889644182655,-0.012011433628433075,-0.0303134219430901,-0.012809301233588886,-0.027804937955560233,-0.029263726089169287,-0.008436871541796412,0.14594042869622031,-0.0166072991683945,0.0436179203046375,-0.012834633114087236,0.008826119504671642,-0.00022691945241972987,-0.030341814343686154,-0.023423121247714146,-0.027009693489760886,-0.036965972649481406,-0.018344996381686397,-0.02384291211313423,0.049050258377423786,-0.04433515299687519,0.015566976909276128,-0.006563507771895788
medialorbitofrontal-rh,0.0,-0.04228610440591922,-0.028868592697607,0.006886031936992262,-0.04089796107858494,0.03823237589609061,-0.013899306046848721,0.010353337662488828,0.0074570659275806465,-0.0014048984338659743,-0.02588530051419209,0.09413057834920432,-0.033212554429823606,-0.026924494444473413,-0.04369265440540725,-0.0503120316532563,-0.011409869049493992,0.002584486656557763,-0.01406075027885955,0.011418273371850635,-0.044391327737112816,-0.008758987820128437,-0.04998071439075743,-0.041435190178279686,-0.02190760115963172,0.0033355544755635127,-0.01714306780059535,-0.01825279026909301,0.06867308207833599,0.4982122669713989,0.04052305323892341,-0.010932760624248083,-0.027479355678722246,-0.027505097457802725,-0.03568435929262424,-0.01855804659856058,-0.017660363932402997,0.02746291325808308,-0.0175893812064956,0.01336934104524691,-0.024863738718464857,-0.007835428341150122,0.03004658531238624,0.019732143968052045,-0.046487347732229546,-0.03690262958947048,-0.04928204105905186,-0.022767718723348127,-0.0012146382477997684,0.014850953136140693,-0.007916502390966116,-0.02832184110788457,0.08529742994181308,0.032230765980273385,-0.0010735811713670968,-0.023669046954863406,0.009156913899435288,-0.0006321897847862727,-0.0157457211371842,-0.03950061441517379,0.003230901892502725,-0.014844712059619725,-0.027335543581265494,-0.04981537491345881,-0.0026616108611757917,0.01293790475287666,0.0590943894102984,0.0017874932119517665
middletemporal-lh,-0.391465223197971,0.004613998615295785,0.04375372797339077,0.040453162092755866,0.010940554998845527,-0.4541549667427841,0.061686047745107817,0.04216571986100982,0.04165053719353508,0.06112840496767637,0.0102668545875324,0.014481728169235115,0.08559392032473248,0.03554760405575734,0.054934890261990985,0.0,0.0882717379260023,0.05494338228398233,0.013168295434574229,0.02409186638943707,0.04387827762926378,0.07783787357264017,0.07920225843924912,0.03727714586799399,0.007116314428744542,0.026761191968715552,0.02501466611249623,0.05609829727480484,0.0126361287231168,0.0426469344405192,0.23532242796098585,0.006775558140192397,0.021465000920115298,0.01974395112987,0.03726865384600264,0.0347493539885712,-0.2563420822029315,-0.2574054269963663,0.053754499205194456,0.0009227997230591569,0.02818219031526677,0.03229799030707049,0.03844904490279917,0.02029310188531011,0.04541533360969667,0.007240864084617557,0.025173183856334613,0.045183218341933326,0.019486359796132627,0.038174469525079115,0.08312557259924909,0.04333761889581501,0.03356896293177467,0.033869014375468756,0.023692741355844,0.0,0.0142156448135064,-0.2714726124060765,0.06072078791209195,0.010150796953650728,0.07464487330389562,0.026070507513419744,0.043213069239942,0.007382397784473255,-0.24113763939593785,0.03647889580080784,-0.17248053158950946,-0.2520719238249994
middletemporal-rh,0.010284182827557518,0.02387905156746316,-0.035098929372380225,-0.0338466207885055,-0.020123483153389438,0.06522311233599279,-0.017995923908208252,-0.019862189178241382,-0.0037966130746305924,-0.018937398770920006,-0.03810391358571016,-0.047332758977811897,-0.030294890561624082,0.022940838165014837,-0.00047862083329539766,-0.02130848038243773,-0.040233647137733634,0.05911104180364452,0.009922175946800877,0.028066858702999083,-0.011601287485032091,-0.01822640043349104,-0.039760735399535466,-0.010417377409404955,-0.04827966960762938,0.0073195306565792305,-0.017046838971548482,0.024596572825419005,0.009444915594918134,-0.024617775396403755,0.01808885723795902,0.6979798439121785,-0.03290079731210916,-0.04229389502808837,-0.044493114241780596,-0.011606723252137817,-0.013160859889535451,-0.008266224847718459,-0.03952482310714696,-0.03503161801755378,-0.025806034085715482,-0.044162435287183346,-0.031004801745631902,-0.009707466225397131,-0.03195279952887053,0.0016500255653069357,0.03146738244705677,-0.046622847793804066,-0.02390895136581708,6.0515106308073346e-05,0.030507425976185543,0.006142143501478965,-0.016099928341730997,-0.00497834884341544,0.01748985091139273,-0.037138244875879564,-0.025328773733832733,-0.01072776622421396,-0.001198316398093528,-0.006165520379306018,-0.0386495724458405,0.008081019427361214,-0.046622847793804066,-0.01854375707518089,0.007554557831569778,0.021762363856493425,-0.01803996231717731,0.05972771838521873
paracentral-lh,0.0,0.02711277900655327,0.03786091791331624,-0.040851225567625805,-0.02906511060969901,0.05921867562457373,-0.046222157854501886,-0.05014637302200687,-0.019781403265795083,-0.0313883901370606,-0.04998071439075743,-0.04371645349699819,-0.04300884646373796,-0.024085204947542245,-0.019330667278855348,-0.04234418259380548,0.004798247892967002,-0.0029733969442362184,-0.017338705013992643,-0.023631491371072507,-0.04599678986103201,-0.040020903066443896,-0.04300884646373796,-0.03304903513942443,-0.028488362411356768,-0.03401351321900515,-0.03105707287456172,-0.03825430879505106,-0.039507160973802906,-0.012295793246134622,0.032191273389825054,-0.020369060135199492,0.965789181854305,0.04465302866302997,-0.021097261550248186,-0.039024921934012545,-0.025345770581164336,0.01731672670827538,-0.021097261550248186,-0.04898473325832607,-0.01705033091482152,-0.03969022411184665,-0.04400482759616931,-0.04981505575950798,0.033289124228722274,-0.0047156740679222845,-0.041016884198875246,0.06502481500809211,0.0013862249380683456,0.043115099128587825,-0.018785422133363733,-0.013711007312655083,-0.025531922066913335,-0.025081186079973596,0.009196558733266033,0.044127837242654684,0.0048249043223021456,0.0562548002040552,-0.029002104503997757,-0.038028940801581194,-0.02562345363593521,-0.027055743838041994,-0.01078607002106228,-0.01849407044466261,-0.004920626212062404,-0.01611735588809142,0.0024704746490461747,0.006275348097280126
paracentral-rh,0.015837513859001087,-0.012901729162303163,-0.03990088944307239,-0.042502769514063496,-0.04997803216329457,-0.0006613579091944894,-0.015528870877775061,-0.022226201891670596,0.0010148157235746367,-0.022504373751099208,-0.029267437116908535,-0.02195781533583111,-0.03384369742875665,0.012716407932238294,-0.03092604607526546,-0.023466595270696635,-0.04377414968778843,-0.012262192944433445,-0.030485707413754778,-0.023082505048365648,0.0035948741032409684,-0.0020153666211915034,0.009501935703210278,-0.02683089652321606,-0.026677593433653078,0.03737863474469988,-0.003274409016325769,-0.0015342558613927841,-0.04997803216329457,-0.03446832597452922,0.03532983860854088,-0.03281249158238047,0.04291711657614543,0.7848764341267808,0.005775365919684637,0.009983046463008993,-0.004110574923037137,-0.01731626684969086,-0.032922248007447245,-0.023800714178449922,-0.022541671783315655,-0.03314443870563564,-0.013685972035156256,-0.027586705076371808,0.0072904570920677095,-0.006550854834751592,-0.025756144012343676,0.056624696020580005,-0.014863470233714472,0.01654347231930325,0.02737642359268118,-0.0017185457456546712,-0.04997803216329457,-0.04023186978852467,-0.01984908241237437,-0.013773810050744928,-0.03414051830429349,-0.0033417916966650817,-0.0006845653330703177,0.0419239082618491,-0.018025133976718816,-0.03616426707801815,-0.03446832597452922,0.02104105971893683,-0.01152451570849534,-0.017965411471467543,-0.021311450181553265,0.02859212197003185
parahippocampal-lh,0.039067827422779935,-0.032268934103199365,-0.035050621313268755,-0.015283621643704294,-0.0445060537774047,-0.0006613579091944894,-0.012879190274525346,0.0028265840793268698,0.023926793986793038,0.01399555522349146,-0.04998071439075743,0.002028561436093513,0.17875893525821518,-0.020140206904124797,-0.012377879258492824,-0.027128344199631185,0.0725047742165808,-0.023085437606059585,-0.01124695767776205,0.03550423485195879,0.04487446214977432,-0.015475104145771438,-0.019934435743005966,-0.04095916561572896,-0.038183304454181735,-0.04282258334171739,0.17325886067675608,-0.020949764759124172,-0.017338521871759868,-0.04077921832542783,0.02994339306719205,-0.037305670923937065,-0.031243651550313684,-0.016358651109276034,0.5330300605628805,-0.031243651550313684,0.02217834977763438,0.016375887349048462,-0.017621354742620415,0.006744902033370883,0.019339162840892793,-0.04826210485538657,-0.021862208194682962,-0.013728860659394103,-0.010013150516471864,-0.03691096643802069,-0.02087270304938246,0.004148578259413393,0.0010902941297170187,-0.029121323995333057,-0.000953070886572533,-0.031243651550313684,-0.014627015435901211,-0.0458169226484366,-0.04998071439075743,-0.025247148634247377,-0.022556173485069768,-0.019494061760960055,-0.012454940968234534,-0.037489339163794926,-0.029548965056811184,-0.01355547515067315,0.014609705356850872,-0.02009045999143875,0.0034092541240253326,-0.03913427874461138,-0.014813790716332735,-0.025014453318665454
parahippocampal-rh,0.009341364733169811,-0.029662699085196722,-0.008290369630343705,-0.021447425882143354,-0.03981362430084355,0.00036370296432974993,-0.028380378497961004,-0.007845484141945481,-0.006895859476616236,-0.0057711466059073855,-0.03473954035242774,-0.030064127437572266,-0.020096372864438567,0.15835556764710718,-0.032772937250707776,0.022290791979766526,-0.02571332800748976,0.0295674804292715,-0.04588047089666047,-0.012774529465552516,0.03982988638231506,0.11885646832205092,0.00047890215483361914,-0.02099615576997003,-0.03473954035242774,-0.022188253934151306,-0.015889773595431075,0.11186145553107917,-0.016079648015670127,-0.02711422278499233,0.02064933256805958,-0.012156787460509704,-0.04457255586102754,-0.012069307790676801,-0.03768944500500768,0.5092816668797514,-0.008379088280559117,-0.014128105730302811,-0.04211430198387759,-0.03767998390846656,-0.02563927045870236,-0.003072404674803681,0.01128575811775227,0.06787152411549915,-0.04998071439075743,-0.022072437062699655,0.045424004395784236,0.0009193325110582264,-0.04998071439075743,-0.028879792556573695,-0.019781220476206743,-0.0019982739153985756,-0.02748059559242954,-0.01640426150044308,-0.02653905336423382,-0.03206812220549061,0.04978817985890764,-0.006559411136318411,-0.027856429496407875,-0.0022905891740483924,-0.03949070862942902,0.0033634384812503654,-0.03572284190328772,-0.013372536015893045,0.002376307931748412,-0.03473954035242774,-0.021524705644082046,-0.020506077694467023
parsopercularis-lh,-0.2410389657254616,-0.011569915104979268,0.05318334697293569,0.030627168892052973,0.011792168809698012,-0.16197444266451205,-0.002804131467787794,0.023468438154735514,0.028563913742411663,-0.009718752903858548,-0.008663951311930113,0.025913413241130227,0.0001790277871533519,0.00461846655002205,0.0071708446851160975,0.011043700458549735,0.023267699196735967,-0.006429260408137242,0.038889497862302225,0.006695788839062494,0.01024733984935745,0.016200495602799975,0.032079566326052696,-0.009582951034270587,0.01486866397393937,-0.00558745614768876,0.02384925370852954,0.0060699596010624106,0.0064696287511427746,-0.015655768209892857,-0.25724231890282145,-0.01104102396857553,-0.025004915124796665,-0.004441391954469183,0.02214886489935531,-0.0011659665981470272,0.4109463981237131,0.005438227254613565,0.018113881743454168,-0.0008464706009270974,0.14862380845801945,-0.0214090893882952,0.001373248780507252,0.022228133669256363,0.07596180306781034,0.001066915539727095,0.002123525897574278,0.009146454765303758,0.043097990080364,-0.02414813934198966,0.02257964601920241,0.005963460935322433,0.024861589340170225,0.020772758544288193,0.03449912028252723,-0.014142051219319031,-0.013866829948305607,-0.26487520082819027,0.006695788839062494,0.007401791229923017,0.026237695695237342,0.004724700673671711,0.027995521987057858,0.027351743535730808,0.05566410036957574,-0.019251593946394325,0.013664137798705562,-0.28341910373421386
parsopercularis-rh,-0.21584422758668667,0.02799970434306607,0.01149725661705751,-0.018365466594802263,0.002323774893867586,-0.22885811518760873,-0.01363068107139213,0.03056593778978631,0.04822819467527101,-0.00893819402278633,-0.007061199203344011,0.0218630265987946,0.015462738629963823,-0.015507675890834448,-0.024892649988046047,-0.00893819402278633,0.0322287965805317,-0.000847326620839409,0.005139267123031061,0.09344790789577928,-0.009918989907311824,0.04216893815955018,-0.02054119439255019,-0.017426969185081104,0.008766361337502701,-0.016189738797054334,0.0662711378339947,0.047715325668268464,-0.01269218366167097,0.08606946769709828,-0.2448953488132383,-0.02993785173784283,0.034832796435673496,-0.013075513589585247,0.02109372308829078,-0.00893819402278633,0.011261968916653917,0.5659108974388688,0.01281908395469295,0.05757087029767827,-0.01738467071027677,-0.009115998665558086,0.016446178169164584,0.07484715360057342,0.002323774893867586,0.0877270391784931,-0.01363068107139213,0.031033864667309254,-0.024892649988046047,0.0033131815219475014,-0.01363068107139213,-0.01738467071027677,-0.014312743977612015,-0.024892649988046047,0.007016261942473386,0.04272410564135705,-0.024892649988046047,0.011215522642209326,-0.003307209564459373,-0.024892649988046047,0.04460110046079937,0.06221841521680447,-0.0014725132198213872,-0.008760389380014572,-0.2705105408930696,0.0033918113826770175,-0.2445151717807932,0.0
parsorbitalis-lh,0.014104391941052874,-0.016398373233891657,-0.0012918010557423742,-0.047128504913593154,-0.039906148718576805,0.02889070139586867,0.034651706271024964,-0.0021283226615893495,0.07328098970682598,-0.03687927742368215,-0.02866835508223878,-0.014661067388628614,-0.003471825876011942,-0.033189771603789726,-0.03664506440862597,-0.04225237911551181,-0.025130119066045224,-0.019211991235667986,0.03796134270469715,-0.03723430585416337,-0.013920647501877992,-0.02814237374192413,-0.029665696623681563,-0.0220632432509798,0.08805701935935754,-0.034533047026747136,-0.005009309793854768,-0.009253574609162993,0.029424260950359365,-0.010825449614641772,0.055045970269083276,-0.033322969951250926,-0.027816669911960062,-0.040908784538603575,-0.015775743229064665,-0.0392345110070981,0.015707073030394175,0.001907227247056824,0.604900445388619,-0.04057778643005552,0.08537046851344271,-0.041590382898415684,-0.0009309314012611615,0.0025302026275750675,0.0030786648160605204,0.0051481990896831645,-0.039906148718576805,-0.028633963994602826,-0.022803663137730423,-0.000770567048595709,-0.0028629013243399825,-0.039414558465898114,0.0604369299773732,-0.04192106185301293,0.0071914342962900845,-0.02127591207675581,-0.043312889399691704,0.031988874774651656,-0.015152657641307311,-0.03856287329561939,-0.016656297416930182,-0.050477051976604105,-0.0017826165715398921,-0.04444227322162914,0.010844976182715533,-0.04595088812188518,0.021985665571610847,0.01918820931931579
parsorbitalis-rh,0.08804782668468558,-0.03399407317014685,-0.030362049879926373,-0.04981505575950798,-0.04822729017236806,0.04147484608535764,-0.04822729017236806,-0.0337033904529031,-0.006466158435798869,-0.02014572626223367,-0.043843729626394656,0.008687995592499338,0.03069532174196725,-0.04998071439075743,-0.0017615483850499467,-0.040793222538109124,0.03568702413833273,-0.04893930111216576,-0.01178045384417438,0.053297082379924116,-0.011834476597381793,-0.005106328562206416,-0.00947291052860035,-0.04998071439075743,0.00063706185735945,0.08403275773726901,0.04846263351827002,-0.04998071439075743,-0.004498186711814331,-0.007898533149412718,0.003506848436778726,-0.031460135827500645,-0.04998071439075743,-0.025709750688646987,0.0066660011153073795,-0.041213593298810615,0.0017072807178764773,0.021976100484327486,-0.02550377666609324,0.8559793133904207,-0.012192570275785257,0.04682534074888273,-0.04033688118961593,-0.017179138793289066,-0.03683003275283721,-0.03910207540201779,-0.024502040470904245,-0.03156976009766912,-0.04998071439075743,0.0023146700180510576,-0.033448208402052794,-0.013265307803761145,-0.03507660853444784,-0.0420903054080053,-0.03230292603405552,0.027719992403477837,-0.041213593298810615,-0.003131681333793605,-0.03480803827564525,-0.04454139489638761,-0.02000716320083964,0.006098662196673808,0.004518982552121106,-0.0105238547520859,0.009244033273314576,-0.04998071439075743,0.04019752735393102,-0.025014453318665454
parstriangularis-lh,0.014056785436599401,-0.016124336258457293,0.013597520198168804,-0.04024879004760613,-0.03267199257309424,0.046705283528443754,-0.049240883578304834,-0.03282018176367184,0.00958483746802959,-0.015505044586640421,-0.03740359057906323,0.0042688866715874145,-0.010734742449425938,-0.02212481776746833,-0.034478332738562927,-0.030766347957563476,-0.015208666205485229,-0.024282678735393026,0.016794475633299666,-0.0008825981195897436,-0.02246896574870366,-0.02320879656115626,-0.03590645951348618,-0.04998071439075743,0.07040644211112221,-0.03984669185702063,0.012234951617948344,-0.009668233096409852,-0.023742487973681094,-0.028800764520213577,0.026874987529565048,-0.021883582776415413,-0.028233007698378637,-0.026378578778878996,0.015142740017776811,-0.01309224346809131,0.15077064860796535,-0.015087860788086643,0.09277344047531787,-0.016240236677157623,0.619419427577202,-0.039619082602387265,-0.03370443651680023,-0.041676916822529386,0.03356950603843802,-0.0004801807750534192,-0.025789906420421234,-0.015345801314759202,0.02109545192670771,-0.03017062193183585,-0.041326353481925836,-0.03296460570434763,0.02219602668903389,-0.027475707445254193,0.03394771942898345,-0.027840058966446646,-0.022692574589303266,0.022619139812753285,-0.02936852134204851,-0.033188214544947234,-0.003945864541397609,-0.03953419433976093,0.034068258569619175,-0.03711771196112888,0.014331245719221451,-0.04206618429437844,-0.022006937822281577,-0.011112272432011874
parstriangularis-rh,0.13712166115383018,-0.049831966721989154,-0.030760838502077333,-0.033070176932175704,-0.04542334433187507,0.030512011646383102,-0.042376467139762584,-0.02014148465460104,-0.04085302854370634,0.024323513824213147,-0.04999366012004379,-0.04999366012004379,-0.043899905735818825,-0.047933971138175754,-0.03323583556342514,-0.05032497738254268,-0.04999366012004379,0.010179326453858304,-0.04999366012004379,-0.026977744292348997,-0.015320197673803732,-0.02714208117920017,-0.04587428215630771,-0.04999366012004379,-0.04175490419257164,0.06990705114396663,-0.04999366012004379,-0.003047376343974652,0.02209545424533756,0.013430135510969653,0.05636722805408093,-0.024333138139505522,-0.03351614826509949,-0.017904882314067585,-0.04175490419257164,0.01909732708829887,-0.010927947708088064,0.00838118122940984,-0.03351614826509949,0.10856582895748984,-0.03323583556342514,0.9662735570828764,-0.02714208117920017,-0.03916393131640067,-0.04999366012004379,-0.0005611245552108671,-0.03772083879021471,-0.04999366012004379,-0.0393295899476501,0.08303928632349433,-0.042376467139762584,-0.04999366012004379,-0.04999366012004379,-0.022571765391031444,-0.03475927415948137,0.07901663050381426,-0.009506755991253118,0.03441634848779788,-0.04085302854370634,-0.031456459283231444,-0.028501182888405238,0.000997943785798253,0.043789219853178435,-0.007112104999775604,-0.02497920680137834,-0.043899905735818825,0.0131067581000277,0.0024074414103468942
pericalcarine-lh,0.032244603640645686,-0.03129864947171112,-0.03685385868620724,-0.03393574482382968,-0.032347979236689764,0.008490509139660003,0.06274286920302781,0.09061728645780495,-0.028766575361728674,-0.042129385300772614,-0.00965195736780208,-0.003136211029529542,-0.0136954054800606,0.008153826194621985,-0.03416399012726567,-0.017682682055702944,-0.01895567813522869,0.015543921786127691,-0.014130769343158985,-0.034818760469973106,0.03819767298778409,0.031207913646218315,0.023460631156832997,0.010029680915177044,-0.03477240239872045,-0.03090474553702571,0.03594629823410981,0.027787589413617777,-0.0019433240186116437,0.004497866881478519,0.025579746426008416,-0.027661050020990362,-0.04472044173558934,-0.029109542236272563,-0.025856170430408897,0.004473929349486859,-0.009690125960033142,-0.0119416860702848,-0.015162576711716318,-0.042731382436657035,-0.03829121960149501,-0.03844652241618685,0.4184478621682771,0.091297443379224,-0.022611637448372156,-0.028131482716074845,-0.009580144771827089,-0.015174545477712149,-0.026303503059503117,0.0025284852795998346,0.029105649768908757,0.0561166611285854,-0.0009234854160501344,-0.031838059935409016,-0.023094876375453866,-0.034986032050660774,-0.007379387924343512,-0.00458091346430299,0.03260052943969166,-0.006967961593236792,-0.025839941829475018,-0.04697020353982538,0.024590931495564367,-0.036360487139811194,-0.010255899615339919,-0.022960477107292335,-0.012170403476089851,-0.004733628688019998
pericalcarine-rh,0.024146592753381275,-0.03554995442092296,-0.02813701480209473,-0.02325605309113292,-0.018209158080656877,0.009489439044456238,-0.0019022062177691617,0.09330887254440136,-0.018620676876075146,-0.02827978903520014,-0.013183640669942815,-0.011038754827156669,-0.030854008339872892,0.016902955706193126,-0.01571510477509159,-0.0025328454107478066,-0.03937535713388763,-0.015978584956961906,0.002520581644099957,-0.04371178387313436,0.028899352105962155,0.09249771139787705,-0.007871307129088751,0.09414794333505941,-0.03313606711446514,-0.02775722548546266,0.027473584966280665,0.019205798258331734,-0.01044849554483955,-0.012672359742301936,0.01055400223805045,-0.008607646676446118,-0.04998339719355866,-0.04190113991823913,-0.03060460300931636,0.026155893469840343,0.004230983286226833,0.009724529528763065,-0.02885045218440211,-0.03752560093226004,-0.04398519899367414,-0.045013779090609975,0.061346985611366554,0.41105007602898797,-0.02665152851999538,-0.016413439700649866,0.021753889385517606,-0.007351712690429318,-0.034162785725256176,-0.0034766858127121677,-0.005614188887552171,0.08805829651397085,-0.000430714767485639,-0.012319035524013516,-0.02737480397860931,-0.04794106571221231,-0.017506666399589317,-0.007344986984889774,-0.01734455293472758,0.011781832918765726,-0.028032502092147242,-0.0397018793329756,-0.011562506021325384,-0.026344859355381396,0.006342421423770951,-0.016305364057408706,-0.011398611089816805,0.002388352951186569
postcentral-lh,0.010954836833107539,-0.04307940924279154,-0.02655903262898024,-0.04365754011864688,-0.01845606870456445,0.032508569904624154,-0.04998071439075743,-0.005549298936719186,-0.02842940964774357,-0.04569389492261048,-0.03510414903792148,-0.04713409264063268,-0.002040124441513223,-0.04998071439075743,-0.0007532112370887783,-0.009783248576077477,-0.01380531000069846,-0.04981601322136044,0.016485374089775278,-0.018217447983075608,-0.04844133548054216,-0.032277856923281764,-0.04144084914038319,-0.024971953268626768,0.0008187896463466622,-0.017222107108845197,-0.005762338864155991,-0.033153449595799786,-0.04228381983968105,-0.04459288820500397,0.04730942568476712,-0.021949545106229873,0.02309486953351285,0.0006017320529588821,-0.0068700676069798254,-0.04998071439075743,0.07048245770861888,0.0013742041957241242,0.01082475256274595,-0.033849857806717204,0.03020125909108221,-0.049650035436160186,-0.014945660716742453,-0.012756021399181094,0.8508235428220281,-0.036696479556841945,0.0061210422501747665,-0.026922652710748465,0.03356510459052375,0.01620183905733114,-0.009325698460683183,-0.020565622972801716,0.009969489525712954,-0.02635247735272647,-0.021661059377890413,-0.03188774170879628,-0.02846203162096374,0.0024284573089840456,0.02188123757327864,-0.004634280485847135,0.01149502345162623,-0.025879611386379866,0.0714671096501485,-0.03706869346434516,-0.024966261072091975,-0.03338558566610559,0.03349751554286832,-0.006110256228690703
postcentral-rh,0.04189945466326845,0.007409840659734878,-0.04964971628220937,-0.045904253895201586,0.027963437027002703,0.0250466512624802,-0.024875655399446896,0.006999905183618161,-0.02572313537518096,-0.015321381139993812,-0.027260100047905512,-0.033196926175676295,-0.04998071439075743,0.0005498604469831063,-0.022349964088365926,-0.02396310877134268,-0.025016902062069236,-0.0013220701039610549,0.01648616868633018,-0.02240179833343922,0.023846068897201173,0.020348399563885032,-0.03885125897820237,-0.030567951731847762,-0.030133604287103953,-0.04998071439075743,0.0049876854319041075,0.028387177014869737,-0.03674930765498844,-0.03885125897820237,0.009385924474335365,0.016624758620300585,-0.01743982812882634,-0.005104406152094796,-0.0336586296934181,-0.0096941514599631,0.010785460689953685,0.07059091545787972,0.006459330501755877,-0.042159110662144623,0.00549795993639748,-0.027749544996044335,-0.017092015200708868,0.005973467965889608,-0.03233883874306545,0.7313165464530759,-0.041800690277150374,0.01004967551094281,-0.03401705007841235,0.07339118035490702,0.012113663304281968,-0.01651642109334272,-0.04998071439075743,-0.044505591780728465,0.007024317152245264,-0.036253289223092566,-0.030426705069225422,-0.004797809472135682,0.028935415049237877,-0.006489582908768416,-0.04512241267629113,0.006028312518781988,-0.03674930765498844,-0.021185290515834124,-0.0002849420686484726,-0.023349298183599116,-0.021837619580646856,-0.007448504730723035
posteriorcingulate-lh,0.021022955040841437,-0.0503120316532563,0.006002660505906884,-0.01431189949053576,-0.006819049426906968,0.011952415115310373,0.002677173191541405,0.02612285684616188,0.013453232292476126,-0.010267917095462334,-0.034909819401479095,-0.04387687885889947,0.02509892387510029,0.017538864140413314,0.013728068973010061,-0.0087337541324819,-0.0010228668956466895,-0.024465405972111644,-0.01802992476868641,-0.029264154473533813,0.04238492046868191,0.02865539256200946,-0.04020145101175919,0.044132389512076736,-0.035594860082809925,-0.004612151902619614,0.00342374447299178,0.00622953983844262,-0.012143497357250807,-0.047240551665434095,0.022454567003622642,0.03523724442468348,-0.0431303075774491,-0.03505212366966058,-0.02248474021734081,0.030620269725826654,-0.0009632447737962339,-0.014265680736642646,-0.035594860082809925,-0.029987371391916227,-0.030643697793191278,-0.04796819903289287,-0.002766233899033541,0.06030831029442942,0.0002487655068237216,-0.0466170415842228,0.501915952361416,0.02660027051801697,-0.03148461599482493,-0.013584571277027804,-0.03176355471536683,0.0227648631105659,-0.01074470171453336,0.021800883708693163,-0.01367355828022327,-0.0439100235880316,0.019905741225011465,0.013920214480683651,-0.04340924629799099,-0.0067862331068432175,-0.032065847798976685,-0.03135744349946031,-0.015101068202996504,-0.040815499135974695,0.002472284541213071,-0.02942949395083243,0.018634322172611174,-0.003901253397648694
posteriorcingulate-rh,0.022841474132454558,-0.00346181928487257,0.04795162133847943,0.029102204653321414,-0.037521609537414555,0.048138656605127804,-0.007925183272520552,-0.0108166391319512,-0.030384548528052936,-0.007604821696980916,-0.04998071439075743,-0.03453409390038255,0.0015490231278788172,0.005177748866595319,-0.023114011130177393,-0.02357095322892466,0.0015398629835690365,0.013913727925856368,-0.030901442385533284,-0.005815276017460409,-0.01623212556944531,0.008302666668274006,-0.037521609537414555,-0.00779432406809515,0.005177748866595319,-0.040376957377976905,0.007915323423174801,0.0031036304764526343,-0.028176953749396334,-0.029472459873207856,0.036081808436217104,-0.03948253436490029,0.01970573774190386,0.0248289512738067,-0.0025992136524065467,0.01232397002026672,0.0011335894343165013,0.010224706417606012,-0.03219956569343331,-0.03440846906413416,-0.01961091022770928,-0.049650035436160186,-0.004941593411621302,0.017678196106983502,-0.029863728894439813,-0.0027392330011417297,0.024903465341680968,0.5892233156898888,-0.025843734134491352,-0.022112086504001392,-0.016495152570340368,-0.04024478958150725,-0.0022144875913958553,-0.004166906921422902,-0.042841036197307295,-0.03326338897828827,-0.008186901681371367,0.02716744998861452,-0.006629677148709041,-0.011824787564397645,-0.03943038845025862,-0.004264123933772097,-0.03687123929142029,-0.005170140139643163,0.017344445494774437,-0.04439956932201388,0.021754400683910612,-0.012424489260897174
precentral-lh,0.03620953477373822,-0.010154986196001145,-0.006996916074021856,-0.011837401774897975,-0.046901445148762023,0.04545034747493307,0.0025742564278194192,-0.009831145925608116,-0.023908865112355685,-0.0386733781598239,-0.04892265498226358,-0.04074290666477121,-0.014006694501966344,-0.04574847675678201,-0.047864595573769715,-0.04004780084660495,-0.027761466812386466,-0.029034460985427977,-0.028425829696789584,-0.03621878424218229,-0.03516788267184345,0.00671158507830868,-0.009349124016071469,-0.020639777903387956,-0.043695630595451736,-0.03240497670813525,-0.008227791951920175,-0.02304062367083415,0.001625166592957821,-0.0023223440905591197,0.030525541207178205,-0.010437187517666629,-0.0037916757608263316,-0.014007268742081112,0.017401148736879497,-0.04998071439075743,0.06671945854794717,-0.022486168912612643,-0.0077848833623180924,-0.04998071439075743,0.035704521959562224,-0.04451792003283451,-0.016186085974611502,-0.02146890602497493,0.051417231447826464,-0.024682197570391064,-0.021413110361423335,-0.018161598890138228,0.8760181163034114,-0.031164257170824085,0.019801994504325682,-0.03728400148883116,0.019060298374119027,-0.0260249839293434,-0.028819526220880323,-0.033898531781912204,0.007498978126490155,0.01864898102063574,0.02341908131940933,-0.015050693320314102,-0.0025507011373512405,-0.029853681379815238,-0.0034436761547104143,-0.03015515474167764,-0.01544372639564728,-0.02720958864915213,0.02573974214227302,-0.01680306867334437
precentral-rh,0.03105058766635234,-0.04046445563184074,-0.03800151379055474,-0.02220788931630492,-0.00018296544259523433,0.02413268824232757,0.015588219755625188,0.0018287761224525874,-0.04997868799586212,-0.02779832920025556,-0.04997868799586212,-0.03615731742468273,-0.044544835154250464,-0.02699353500345618,-0.03521036355608174,-0.04642868180006696,-0.030249987648770574,-0.0036856697973425083,-0.043351989920605224,0.0015930160297372346,-0.04143977638761523,-0.009915711786962393,-0.037350162658327975,-0.007056544385371413,-0.023585688479462637,0.008110054800607409,-0.04376857046259165,0.012236280121470669,-0.02430505677880738,0.005382985979432552,0.03570817581630519,0.01305498624556104,0.023370161970476297,0.0037248383349459293,-0.024853735901209945,-0.016750700133212514,-0.025345770581164336,-0.013246529196515474,0.002826606335199875,-0.02197626270383096,-0.02591448255443906,0.01757033702365953,0.01621309056860485,0.028382403724408783,0.01411188206288466,0.06809072632932889,-0.005541616096104828,-0.014345714367659,-0.03418820749937868,0.6499599162195925,0.0007253978294797067,-0.019685069722905565,-0.03212460008770953,-0.02591448255443906,-0.010918572545402423,-0.00655390878784396,-0.007795207982979191,0.02966561606930258,-0.014913688788324593,-0.007094145479422443,-0.009445378830428267,-0.016872469714878182,-0.031120749826794473,-0.014007479991540997,-0.013320264302314547,0.04266298647731839,0.0046476163904661735,0.023948108150628568
precuneus-lh,0.02383256358694771,-0.03798518583902609,-0.03226174901635583,-0.02209956358002963,-0.0009856115505675282,0.005988520422277869,0.030670665825781537,-0.0015126924005606343,-0.03816707360247266,-0.0004105893710193563,-0.031985615896096734,-0.02190815739369911,-0.02369783888276264,0.008458571316040817,-0.010549865027019713,-0.012786576987262271,-0.017610307379248426,-0.010550018868315582,-0.026045509798620626,-0.01254434405985566,0.01643406791264395,0.03105944284071945,0.009850760987839048,0.0010093519488741714,-0.022064297602064586,-0.02497431534588072,-0.009380386970254404,0.026832521634099906,-0.036221251905043654,-0.019663127483030212,0.059269128550638324,0.009199510144176316,-0.03187861748974396,-0.0044362668144735965,-0.014334510015524948,-0.012709683537154277,0.015615979058082341,-0.016862700633031177,-0.02226086481011539,-0.04205435959616699,-0.04302727044488149,-0.04499512060412953,0.036039710292972114,0.00454037674554513,-0.021238812159388186,-0.011522775875734213,-0.034587710624345604,-0.025741944184217047,-0.008456617923552602,-0.016650953200630748,0.5242906260075055,0.015322446460218726,-0.04583900458467222,-0.006059805205681913,-0.027486841272431565,-0.028771789527271847,-0.0005259057277984805,0.007148318374315897,0.09892427142025914,-0.008604043329590708,-0.015405220001659087,-0.00598943856240676,-0.010697290433057813,-0.01641420044889523,0.02268579389831239,-0.018230510811546648,0.0012718300350538006,-0.0002581206850159383
precuneus-rh,0.02037572661388098,-0.04625752578343733,-0.032943225749612524,-0.04677417635714375,-0.004736740235973194,0.011850737127984423,0.006516348170815093,0.0462834444666911,-0.016008174823167912,-0.0325735684727983,-0.0200787336008425,-0.013996974796114038,-0.029201371807935188,0.02042963273653439,0.004140517808183618,0.004421504316749032,-0.032574775730165796,-0.03410480297581193,0.021615254645299332,-0.03223514753900618,0.03575557319354809,0.06525393801452176,0.017386460061619362,0.012231183367415145,-0.04127774506046161,-0.03832401001502788,0.011185451084249159,0.02266557347356691,-0.01899630895686368,-0.03426950414520891,0.032993312188396816,-0.0007230966711355783,-0.02831158205822379,-0.019852466479545534,-0.03933763648248262,-0.00483993750075931,-0.0022433429043790757,-0.017418036575338927,-0.042378515884846854,-0.03426950414520891,-0.03680357031384576,-0.049650035436160186,0.05497778371437537,0.1329794059924154,-0.022894872293228077,-0.021635865662837456,0.016670959025768945,-0.04339214235230159,-0.04339214235230159,-0.025890110098217085,0.021720745182636246,0.5106304001058921,-0.016216862625290946,-0.037310383547573135,-0.03046037843832581,-0.035504906489168986,-0.012985641601210096,-0.010372029323975122,0.015306461858041418,0.10257924205138466,-0.03132701160888836,-0.038331880547553605,-0.0014344277628174785,-0.01729447687052733,0.001245844183581588,-0.029708185041662564,-0.01023427820573616,-0.01064939406043805
rostralanteriorcingulate-lh,0.0038209777932180925,-0.03013368518294869,-0.0029883270262538162,0.02309875712740278,-0.04288461277478097,0.023356216791033522,-0.03700963128724938,0.015925185232150352,0.012386005212832715,-0.026294456953028296,0.004526703516578212,0.0030832598864871386,-0.01231679042903623,-0.029367675700813188,-0.03028351579714684,-0.030591605231115516,-0.03406301532513242,-0.02990146851793154,0.010156133673933396,-0.037806587563344804,-0.033605095276965605,-0.019889062529881815,-0.044522174686160154,-0.007857047351237604,0.0299595166265392,-0.0030737738046254684,0.008014196057326999,-0.006830045504080854,0.14706095503093913,0.057849502168873614,0.02004395689095431,-0.010998767287251299,-0.03397508140283952,-0.04922000455838603,-0.0175994622890477,-0.02976088965521731,0.01515858498367861,-0.01842461718104604,0.034460737969570325,-0.03213842381834433,0.004169990435578693,-0.049650035436160186,-0.002967589445630263,0.016784106028406673,-0.0023570293814078303,-0.04998071439075743,-0.01720624833464358,-0.010327492828485432,-0.006002139330040112,-0.03813726651794204,-0.044041026809463125,-0.010656000689126846,0.5463705552936273,-0.0007194674700286481,-0.020851358283275858,-0.02530950385075004,0.03576979202030809,0.062342732934089574,-0.043800452871114615,-0.015064310718037172,-0.0044398118797108225,-0.03728862276327775,-0.028428607775949348,-0.03479028811563725,0.0016511712929092644,-0.04288461277478097,0.045282988056282863,0.015166371777363971
rostralanteriorcingulate-rh,0.016702820715148652,-0.0503120316532563,0.0009383102636715309,0.02608573150933037,0.006901826360832293,0.014406037104470911,-0.01984592436342663,-0.03507897800834148,-0.01904603316270117,0.008086043699707932,0.0014035001558455667,0.03213959728372172,0.012806578766187609,0.0020423021564249405,-0.00246495514766293,-0.04034579464421741,0.003357401057617669,0.005831973229109593,-0.0025436481477343026,9.079993180368222e-05,0.0010044803554836767,-0.0012697473465789325,-0.027736517770583016,-0.02654130996949902,-0.008442845753084585,0.021292924473884325,-0.01713518196096812,-0.009040449653626584,-0.015059538359085604,0.028267438780209868,0.036794532333370863,0.0015486037932425896,-0.03347832937579056,-0.045289247494750356,-0.045675744386853026,-0.008881212053482163,0.02412574116370394,-0.022486168912612643,-0.04137077438294863,-0.04499759588623798,-0.023152419066425456,-0.030714185118986277,-0.024308280367473768,0.01177332639634971,-0.026342725869318916,-0.04352325938490083,0.030742102182454264,0.005110866259207974,-0.03228126997470489,-0.023598738843978912,0.010011588563652685,-0.0363483093783935,0.011845598365316045,0.5369635249415726,0.0037527176579762035,-0.011217678724155217,0.03540674548668487,-0.007849433778700827,0.004470212658626939,-0.027738369370584694,-0.021593287687862738,-0.007824520137920317,-0.037861992379766334,-0.03685926680170825,0.002858657953143879,-0.007648509352364162,0.009994261459615529,0.009148029612318268
rostralmiddlefrontal-lh,0.0,-0.04922646121305882,0.06722272420706589,-0.01804110344759962,0.041541646004276435,0.020710124797319738,-0.022966641222778972,-0.024092682457267107,0.031115418123255096,0.00881591992406609,0.05601774609990662,0.01316147198773296,-0.0483523587304612,-0.013965909879390687,-0.03803943954858503,-0.038913542031182656,-0.029897661247103854,-0.009775094771012098,-0.008198131580967662,0.02774351587159371,-0.020932567317156398,-0.006796393318961806,-0.03697762738401476,-0.04292450652947374,-0.024469809046116404,-0.023384238605918914,-0.011353413340228543,-0.01767585599656393,0.03387686077500325,-0.006015111562759067,0.021926147064426582,0.02987034356720946,-0.001833655052368738,-0.021693041946658012,-0.048895143950559945,-0.019065715120756166,0.03983048970294863,-0.0029459009890578152,-0.00028297067777686464,-0.04401007696967123,0.032224746839079804,-0.036646948429417514,-0.02501259426621515,-0.020504653874175743,-0.02720749342223735,0.013227264135623718,-0.024469809046116404,-0.04401007696967123,-0.03803943954858503,-0.003865846726067581,-0.028269305586807618,-0.019507070779523333,-0.01786683598141349,-0.0075539167995373295,0.7515147654715851,-0.022709119326987093,-0.0009865811482752368,0.004087750911943832,-0.023384238605918914,-0.04563843262996747,-0.03678852963108893,-0.010322824827110576,-0.02222099688001706,-0.04981537491345881,-0.001435516622996374,-0.0195847420652277,-0.02366595237141771,-0.012655581093353114
rostralmiddlefrontal-rh,0.012709374794623274,-0.038277989635968,-0.0030374280996634004,-0.03365243356836473,-0.03303522926621554,0.057838376459714035,-0.03518405304202695,-0.024789160654464525,-0.02853781669020824,-0.029614203503114098,-0.03040049056622567,0.020102267220055602,-0.028748379824018906,-0.01682186796279426,-0.04999366012004379,-0.02041961332671502,0.007106742525638353,-0.03436367496897484,-0.020660595863804095,-0.0322985925797764,-0.030934996982821976,0.005692190190807719,-0.028661994948609396,-0.04690000176944093,0.008472703368051122,-0.014797222445384015,0.01443865882601999,-0.009031032011799618,0.008310731726658298,-0.013604031353790236,0.0,-0.032558144474308326,0.02727221187904443,-0.011423466430302145,-0.013938772746002064,-0.012238070511377454,-0.009629122311347705,0.031244234279666216,-0.0060885471931633895,0.022812592686028792,-0.02231270660601086,0.025349479837386574,-0.031431710016426626,-0.0467343431381915,-0.03250072284961924,-0.03530823130042811,-0.042278410935032464,-0.022809419639615504,-0.02940706449901637,0.0035625973883903228,-0.01859815696340219,-0.029369271116024713,-0.0282138734074226,0.010497348885461376,-0.021940171830807372,1.0,-0.03040049056622567,0.006584764712360924,-0.019418813279792474,-0.041905876159828985,-0.03146713815395993,-0.01108872503809032,0.019443582545058128,-0.017602365650734537,-0.016729451199770706,-0.039681465618034255,-0.00451678943875208,-0.018082067067052756
superiorfrontal-lh,0.0,-0.0336622725975722,-0.0026773446869897562,0.002178691267207927,-0.007803374993473287,0.008039325193934705,-0.014209872604260348,-0.02625978112372288,-0.02695398075475073,-0.00306411177370177,-0.043643103851054105,-0.02937609937910551,0.004238331057216902,-0.0038189960070410182,-0.037325175331660417,-0.025000953535062286,-0.026924457724286272,0.00265379267159483,-0.041972592377273604,0.006192274130153826,0.013700462321075186,0.02488231010948809,-0.03170964891206693,0.008114458931946157,-0.01474497753142862,-0.04357421677997037,-0.01270665830311177,0.013808713432778199,0.004901369116397822,0.0035064059269522517,0.014414619624270876,-0.02289613427425087,-0.013507470504460155,-0.03990115388177652,-0.01324176323028004,0.053622980266636464,-0.015063145095648014,-0.022486168912612643,-0.04441439302193803,-0.041280031287628235,-0.026163009563557167,-0.03370267848027628,0.008698768909888521,-0.0037419064671849454,-0.026163009563557167,-0.029960409357047878,0.0182494692651402,-0.002109120492641245,-0.0056863276839178925,-0.0029473390392756034,0.014363500380256118,-0.011807436000215197,0.048975563221023276,0.024754376977475435,-0.009503409497718244,-0.031292358561409606,0.623317828002829,0.005110935483590525,-0.03002929642813161,-0.008338479920641564,-0.029102508790103888,0.0013198748470154313,-0.029960409357047878,-0.01896749845690985,0.040355904083056685,-0.029159597155699497,0.01232747703586332,0.009125241034670412
superiorfrontal-rh,-0.2600025374024236,-0.014323424084119093,0.01673004283369308,0.0052861872016351265,-0.009458017040336325,-0.16118854632596516,0.05252210189351583,0.028699085013588168,-0.002656596258208897,-0.011684663500322877,-0.016276352954411166,-0.02506453287072549,-0.015333718783159953,-0.02506453287072549,0.0029115576310254263,-0.02506453287072549,-0.01290101526126857,0.02230778329943537,0.031742631165754605,0.0420208804327091,-0.01334695964897306,0.009797554072889913,-0.02213513956528738,0.014970508970261982,0.031212111118313055,-0.007488173038096842,0.030921478396671163,0.01983591601404475,0.0061823290539476635,0.012436314656686133,-0.2636515926852606,0.011550325363481467,0.05529925901142724,-0.004609525128500971,-0.018982774065997028,-0.00044686493016975854,-0.23552191790007754,0.004671620044114922,0.03415841955569858,-0.00019006247242268776,0.039196053397491354,0.009300864289343187,0.0003235424430714431,0.005370762861372187,0.007810794938703015,0.0065606129138625026,0.03799661676849307,0.035699234302180985,0.019734425222360283,0.03828724949013496,0.027786028029328228,-0.009441101908388913,0.09900027126719921,-0.002433624064356652,0.03453670341561342,0.0071587934890936945,0.024873549855837535,0.5819132011249424,-0.00875527019488477,-0.0033762582356078657,0.024120057614543743,-0.011025070530040627,0.031570404367744595,-0.02506453287072549,0.023641203505409693,-0.010468311739377185,0.004882322175730179,-0.2770631480007896
superiorparietal-lh,0.028120920729484345,-0.03355562059786112,-0.03149508365034851,-0.02571157102669714,-0.008492599307407969,0.0322115553517409,0.04729862867155089,-0.015436691341717565,-0.04192246328798732,-0.0108386678868044,-0.023234636128315656,-0.020343168208051682,-0.006347754559043147,-0.007449966443619515,-0.022108668051906134,-0.03552285953109236,0.01418890765710404,0.00488506951014364,-0.012379564790204146,-0.01398010223917003,0.01862075722242257,0.00242129688667135,0.012162466785494928,0.010633774695151933,-0.01314994415393645,-0.018565601727075623,-0.021184439064873398,-0.008066119101641336,-0.028934613838632592,-0.013114498407391746,0.05589794230100302,-0.006808691928654384,-0.03863996090850142,-0.020602897741100277,-0.01149078154971612,-0.015283099347589727,0.006887233829916081,-0.0073059623312267735,-0.011005099405571627,-0.042254295808831395,-0.029716682757076448,-0.043203434553944105,0.053721473361933794,0.0031797290665195113,0.015741355939280194,0.008690291953753844,-0.04039377119764432,-0.004534742331522387,-0.001667030603091567,-0.02632688927242296,0.12293909763313565,0.01836019327707797,-0.039196911628145384,0.0005607722754842841,-0.013837365387457737,-0.029718413106446673,-0.0314942492380525,-0.01092542250142472,0.5551799913781055,-0.014524409538568974,-0.026493959099091823,-0.02234444169240821,-0.026943618713568197,-0.0328930475976416,0.004031376260758795,-0.034136842767683424,-0.007617453550508125,-0.014538726885064319
superiorparietal-rh,0.003910932297885654,0.02137746505505246,-0.04964971628220937,-0.032035535995706854,0.01569952945744679,-0.0006613579091944894,-0.023288015988780972,0.030001978452746783,-0.048613059024311185,-0.025010407374000853,-0.03630416072629502,-0.0287820562108407,-0.04998071439075743,-0.01784081327927077,-0.0130071819841594,-0.00524029332684475,-0.04998071439075743,-0.006472579108026507,0.0311746436038111,-0.021178919740676906,-0.016473157912824533,0.018402053931554606,-0.0073445267169213735,0.021015587131818312,-0.006014341360514759,-0.0104030162864056,-0.043142437558526224,0.017465303680564023,-0.01599541528481934,-0.03903947145918751,0.017634323474897587,0.00176938871015952,-0.04177478219207999,0.0347545777931487,-0.038355643775964385,0.010879949416100284,0.01006807265753438,-0.022486168912612643,-0.040407126825633743,-0.045877748291418705,-0.0346367452795318,-0.04486324165359834,0.012940799968279551,0.05744753173016789,0.0027911109987966607,-0.0031104155824439733,0.006594317017818393,-0.0014195813794059841,-0.010009581180989562,-0.00013295796766920305,0.020509741996283394,0.1459218655989017,-0.01270742190384242,-0.026046745477948212,-0.043142437558526224,-0.04469790217629971,-0.017156985596047655,-0.005949360112957833,-0.0010964025428142376,0.5146501831450669,-0.03220447019483599,-0.013995313451776134,0.005957326847144798,0.052309137449533756,-0.022914778022422613,-0.028866363733429854,-0.010882221048448671,0.035916466757016555
superiortemporal-lh,0.10081834523108049,-0.034099373651990755,-0.023092125762674443,-0.019685611254299466,-0.005919955008678026,-0.0004961246343221375,0.009163025621758683,-0.03506873791369244,-0.0325140268830691,-0.02664004215390439,-0.04209361490572163,-0.025339076876561766,-0.024369428861718025,-0.039223634903118705,-0.005660009186099365,-0.05031737717537859,0.025428843239303858,-0.02206772210471389,0.011850987885639513,-0.015830681373223552,-0.03800183387408196,-0.0014173816492802128,-0.036566843872780495,0.022621205703786167,0.0336124053025832,-0.013812400015836092,-0.012156428233884253,0.02734476084383437,-0.017178893238439383,0.007933431784336281,0.07345222869733911,-0.03137502595035639,-0.034910872090828646,-0.030929142787895415,-0.024132861464296333,-0.03204868489661137,0.028749678715376287,0.024673876073237077,-0.005675594802870682,-0.014033381796486478,-0.0011963998686298318,-0.03527423891010767,-0.016721344060367307,0.0007421226703562833,0.013444617200506116,-0.0478335749109275,-0.026529706672055883,-0.03994112990376943,-0.010011736040317703,-0.012841694757148952,-0.005714558844798957,-0.02507133824559745,0.016811110423109402,-0.02102631406427171,-0.0349186648992143,-0.03801001526814584,-0.019812305843620624,0.012279390281447984,-0.02245351125718752,-0.03346808928114152,0.646044819312403,-0.024637062660146185,0.051053267098851204,-0.04982068503477233,0.06865620301358759,-0.0349186648992143,0.03320783092558039,-0.01303022727986771
superiortemporal-rh,0.03576783728745377,0.046468355623552136,-0.029636215623668038,-0.03213239816531773,-0.01895411388340584,0.007538710515964096,-0.03861019668947364,-0.03945908849359802,-0.039577417280802996,0.028788831700072872,-0.024733157816128337,-0.04870258859736113,0.00832527260995815,0.003994086550117003,-0.013175069950683349,-0.03807326468968174,-0.012646368940976161,0.08786858872493053,-0.045548716126146284,0.07398908600398967,-0.03356400073552989,0.037292835616979485,-0.00016912421235701117,-0.04006400059058037,-0.027784956802807396,-0.03419477522977286,-0.015800241412191,-0.022011858898310286,-0.03292728021306154,-0.01400999141399788,0.03231963641908235,0.012147258055884586,-0.031863932165421785,-0.03573770752090306,-0.017404182525988715,0.024857708588290145,0.006308760547702036,0.033514515918771304,-0.047537167065185584,-0.0023077123640872946,-0.037829284982539686,-0.029106282690163073,-0.043656392643417384,-0.03339394715380367,-0.023705981440193008,0.0024981649490804646,-0.031863932165421785,-0.002704114245779651,-0.021375138375841932,-0.0088288605119708,0.014242561698920863,-0.03462734878316965,-0.036765936934899934,-0.010898236642712854,-0.0097387611387627,-0.020008026808927108,0.005652037420295304,-0.014782118647789841,-0.02133302067591212,-0.015800241412191,-0.024225426213517944,0.6946709893393397,-0.03987174567795957,0.014119518807288284,-0.010164119307347131,0.0050693266542075205,-0.00021363362206591104,0.03208399444994477
supramarginal-lh,0.072355812833059,-0.04610515056283956,-0.033854212296801724,-0.03719441248825775,0.02215395121881743,0.005561267413669675,-0.025868041264658793,0.017239982087931444,-0.03904282355567389,-0.02105450817851507,-0.04072557599184059,-0.036899983217775816,0.007787007458675171,-0.03904282355567389,0.008913078952967985,-0.031659407217317886,0.002962439295768237,-0.02165405817560388,-0.008580429001260432,-0.01135100955987199,-0.009754797015624503,-0.02561384905375748,-0.009421805219343781,-0.008453332895809774,-0.035153682728883785,-0.029136953096849688,0.025644010274492472,-0.013707485895139933,-0.013087256900540729,-0.035598519097961086,0.04003527321695694,-0.03949188837469811,-0.019548822901652125,-0.03708863368821914,0.011343156489184556,-0.026422180284423655,0.022579628862169392,-0.0017695037241555577,-0.006135099932389791,-0.01278731009167718,0.03439330617371569,-0.007360077308508589,0.04247153463615945,0.008158561780754681,0.055997102178218364,-0.04375808906789327,-0.009691248962899175,-0.03450295066897642,-0.014279418369667889,-0.033684566290086954,-0.00862872552133168,0.008119999254955884,-0.022914327773985527,-0.03488423898532839,-0.026406928751769573,0.006140185552672965,-0.030629061374840397,0.026207011954603645,-0.03040791415135626,-0.010898661964680414,0.03255815295122097,-0.03869778492343722,0.694169524944948,-0.0420370932598786,0.007006035215075288,-0.0339945662471738,0.007989759071263374,-0.020807572228248708
supramarginal-rh,0.016123439772714777,0.008106019569719519,-0.04658064329598216,-0.04239452717778492,-0.0397504711033334,-0.0006613579091944894,0.01672719594681646,-0.03419103583852207,-0.00664866981839141,-0.012964439257477303,-0.044865592747045414,-0.04998071439075743,-0.0074123358666075695,-0.029520227815909367,-0.035399015507837535,-0.021835453037698987,-0.021336033185970136,-0.012987137386633927,0.027216797514766727,-0.016377368450056884,-0.004175160291150384,-0.02617738775579334,-0.0029840333731780146,-0.041796519760818204,-0.024650055659361028,-0.04998071439075743,0.013840634343181788,-0.041796519760818204,-0.017488885358164202,-0.04998071439075743,0.010230243287424032,-0.016258760699729025,-0.024405106172197346,0.026535185434396157,0.004191545721381377,0.0005125004828054162,0.048677003853473774,-0.0007288909351333632,-0.03547586240577124,-0.010068356776441136,-0.03368917202881268,-0.02047222887695784,-0.027291667775832015,0.01441934505082488,-0.03420788858986517,-0.020389855755161435,-0.03326171115905647,0.03086702516661756,-0.028405947795870686,-0.022096936122254943,0.011323898435853066,-0.011014534207249835,-0.03463534945962138,-0.03770442244584859,-0.04998071439075743,-0.0074206252024016164,-0.008036716912318895,-0.02435181879366769,-0.029520227815909367,0.06284013763815831,-0.04981537491345881,0.03652324234658786,-0.0397504711033334,0.9633485362378261,-0.01064392046969833,-0.026451154829682157,-0.009620896140955928,0.0361508745054402
temporalpole-lh,-0.23959218139795588,-0.013477167072945124,0.024145290471332886,0.04328519108561518,-0.003050208807909775,-0.22785202397173088,-0.005272222828351637,0.014710698958613305,0.16397335045201952,0.01702719744620005,0.004381483245796809,-0.0037278905032938044,0.02291672923156477,0.04270851002752396,-0.024000781861841333,0.07090180620087233,0.009692161916354339,0.00014893420701629474,0.021375654991580898,0.02067108575413176,0.0019683282343491877,0.022051164630248955,-0.021490970326532854,0.04078080969209664,0.1044926633134172,-0.00845754400232817,-0.006334358562463144,0.0040925997025722015,0.057672894772229935,-0.005947732467019692,-0.23795119254903715,-0.007409543217456109,-0.012415031338833616,-0.007752974764879025,0.01335967968127719,0.008051173067435635,0.07259773764637203,-0.2784373529824935,0.018379302751894148,-0.0017969320827925194,0.024269920565616856,-0.024635582117494732,0.0020660707865680435,0.02987165483611497,-0.024097438385702195,-0.004402314113603871,0.002067156814926031,0.03257260736242919,-0.014540388835414617,-0.01383690562632346,0.04772704706978293,0.004673624874095373,0.010656555098246995,0.0037070596354867365,0.00457479629351853,-0.014815450537689678,0.04270959605588195,0.018632988537986818,0.015192895549559632,-0.024097438385702195,0.07753335852162689,-0.010043671738758647,0.009786646383499222,-0.013215171071785638,0.39198898355198564,-0.017822366533252008,-0.2509425733342497,0.0
temporalpole-rh,0.02006190566754583,-0.03950946706303932,-0.008787664585203393,0.005405648886263645,0.025139108632170993,0.004227144421188513,-0.005821406126921358,0.03640844321429996,-0.01409344228804065,0.07774703214064127,-0.03124145545762259,-0.037634926287652304,-0.0063390697103585265,0.010607901155592936,-0.024723452350445246,-0.0503120316532563,-0.004354692640516071,0.007293023992924113,-0.04509221206037443,0.004341514789620414,-0.026352953127239582,-0.015933752605888796,-0.044277461671977256,-0.019020199631665076,-0.039388959341594254,0.01167171609828535,-0.035018120594648414,-0.010230499887108623,-0.04509221206037443,0.030449230044661615,0.042146443418175535,0.0321378974987493,-0.02146445079685658,-0.01211448874596817,-0.033043510762229306,-0.02146445079685658,-0.01728454396109886,-0.007053933783731236,-0.04517848932428062,-0.049165964002360264,-0.040376264257803815,-0.040390694358831344,0.021007567202097042,0.015527762602654434,-0.0327464239572693,-0.024896006878257635,-0.027982453904033918,-0.037462371759839914,-0.020314358590257982,0.06711044533562457,0.0038310662566970323,-0.01576119807807641,-0.037759458564799925,-0.0067989438057075744,-0.001095691086927399,-0.035509407078962094,-0.027982453904033918,-0.008229365553536738,-0.02069772265912418,-0.029056036084149667,-0.031076115980323973,0.02665563589198484,-0.030426705069225422,-0.017407681142807857,-0.016991311715932694,0.7096604786545545,-0.024966261072091975,0.08649077091557023
transversetemporal-lh,-0.13887104095732689,-0.008901063174252542,0.023311951567543662,0.014256331844340397,0.014447895179707586,-0.24467454771010463,-0.020725745421009155,0.010995401430930717,0.01743889543873623,0.016272100577863338,-0.023960553561414223,0.016759716340616192,-0.01159165729372809,-0.004225176306426107,0.02140948093543801,-0.015044151042504963,-0.004987075935727436,-0.015418875044096331,0.06163342765038069,-0.020342720335338724,-0.0030017831873765445,0.001835191030645032,0.00765175048633974,0.00039411230322366006,0.00977200831188115,0.020730301837317965,0.0030585841496945927,0.024235040132104074,0.02853215404136357,0.04970861002377306,-0.14495753056740265,-0.02262431297769105,0.0020528766390168376,-0.02010306299600183,-0.012897770943958938,-0.017926308497347703,0.020114150213555063,-0.2500855147906088,0.025158027111600548,0.03282491423845562,-0.022954846050736468,0.007686377013551327,-0.007325019369640652,0.0003679900302190393,0.035676595708126306,-0.020943431029380965,0.02880208419574461,0.03570707169329836,0.032472263552893295,0.0056926815960574185,0.01317225751464879,0.004173134464558248,0.07414164270742478,0.017412773165731615,-0.021622610127501007,-0.003838000678716141,0.026111490076269055,0.0022291006297273145,-0.005857818369214667,-0.007542704978012461,0.04353494458528463,0.0035986476285845763,0.007299099800777413,-0.006968116556974839,-0.24775075034458344,-0.024966261072091975,0.5732633327697195,0.016174040702025338
transversetemporal-rh,-0.25528336380811656,0.03990198046888116,0.004004525634565219,0.047899954479318455,0.06994627947115943,-0.1505548846043272,0.011644246610112607,0.021229020363532688,-0.025014453318665454,-0.008848608423509808,0.017108169637966048,0.008006612522906308,-0.019854911780919863,0.006220435871653222,-0.00264359356895543,-0.018122412428320512,-0.016759186858272514,0.012358208418294197,0.02344512484674901,0.024212763953584335,-0.0010162930443219506,-0.018677498109882496,-0.018531992746394246,0.024450291628035418,-0.025014453318665454,0.057021470616011066,-0.025014453318665454,0.010189192975230084,-0.0015849437351436078,-0.005262690111743968,-0.24955517157954935,0.06799478502608831,0.004315495383174593,0.025448675904692002,-0.025014453318665454,-0.016772557621403863,-0.2712331782064978,-0.0017494527026059219,0.012134245753102775,-0.025014453318665454,-0.006598979909400946,-0.006440103782781339,0.0007832543700624865,0.03451188800744263,-0.0017438198617632118,-0.004694039420922316,0.007966500233512247,-0.004548534057434063,-0.016759186858272514,0.018471200961885734,0.016248508220167896,-0.0014528091347867068,0.02949106932855546,0.028736800984851495,-0.003953141840349702,-0.014417730279329128,0.029649945455175068,-0.27766018255675823,-0.012631553628076045,0.06155887841040959,-0.018823003473370747,0.029061141496592224,-0.019127384963478607,0.036092293738052214,0.0,0.060871463882362385,0.01591514070370152,0.7134839103321883
