timestamp,bankssts-lh,bankssts-rh,caudalanteriorcingulate-lh,caudalanteriorcingulate-rh,caudalmiddlefrontal-lh,caudalmiddlefrontal-rh,cuneus-lh,cuneus-rh,entorhinal-lh,entorhinal-rh,frontalpole-lh,frontalpole-rh,fusiform-lh,fusiform-rh,inferiorparietal-lh,inferiorparietal-rh,inferiortemporal-lh,inferiortemporal-rh,insula-lh,insula-rh,isthmuscingulate-lh,isthmuscingulate-rh,lateraloccipital-lh,lateraloccipital-rh,lateralorbitofrontal-lh,lateralorbitofrontal-rh,lingual-lh,lingual-rh,medialorbitofrontal-lh,medialorbitofrontal-rh,middletemporal-lh,middletemporal-rh,paracentral-lh,paracentral-rh,parahippocampal-lh,parahippocampal-rh,parsopercularis-lh,parsopercularis-rh,parsorbitalis-lh,parsorbitalis-rh,parstriangularis-lh,parstriangularis-rh,pericalcarine-lh,pericalcarine-rh,postcentral-lh,postcentral-rh,posteriorcingulate-lh,posteriorcingulate-rh,precentral-lh,precentral-rh,precuneus-lh,precuneus-rh,rostralanteriorcingulate-lh,rostralanteriorcingulate-rh,rostralmiddlefrontal-lh,rostralmiddlefrontal-rh,superiorfrontal-lh,superiorfrontal-rh,superiorparietal-lh,superiorparietal-rh,superiortemporal-lh,superiortemporal-rh,supramarginal-lh,supramarginal-rh,temporalpole-lh,temporalpole-rh,transversetemporal-lh,transversetemporal-rh
0,-0.00263151,-0.00237009,0.000357238,0.000336543,8.53346e-05,0.000537187,-0.000363604,0.000412909,0.000289987,-5.43388e-08,0.000413616,-0.000883271,0.000444945,0.000186187,0.000618306,0.000316949,0.000989634,2.92467e-05,0.000804335,0.000375955,-0.000216599,-0.000406517,-0.000468989,-0.00168458,-0.000186537,-0.000193709,-0.00136673,-0.000854313,-0.002273,-0.000241321,-0.00329013,-0.000356746,0.000174315,0.000199897,-0.00261165,0.000321495,0.00013271,-0.000371045,7.58963e-05,-7.44212e-05,-0.000167172,4.18794e-05,-0.000712131,-0.0010554,-0.0001416,0.000212041,0.000587721,0.000775106,-0.000252678,-0.000436655,0.0001205,-0.000421683,-0.0011063,-0.000105647,0.00137736,0.000260024,-1.44395e-07,0.000269646,0.000427721,-0.00083724,-0.000514712,-0.000113883,0.00126379,0.000388869,0.00065931,-0.000651099,-0.00347101,0.000765598
0.000999984,-0.00225528,-0.00230546,0.000667305,0.000473268,0.000217574,0.000485002,0.000310706,0.000476993,0.000446467,-4.4554e-05,0.000599499,-0.000776328,0.000560477,0.000138741,0.000803393,0.00026419,0.000666673,-2.04837e-05,0.000763348,0.000899847,-5.71379e-05,-0.00020856,1.13132e-05,-0.00159985,0.000174155,0.000108969,-0.00138911,-0.000817556,-0.00223998,-0.000125316,-0.00276948,-0.000440803,0.000648424,0.000400138,-0.00281029,0.000475509,0.000256411,-0.000286563,0.000323586,0.000143424,-2.73777e-05,0.000194508,-0.000252697,-0.000983697,-0.000175222,0.000201034,0.000945354,0.00108559,-0.000335282,-0.00042395,0.000452127,-0.000337623,-0.000896631,-4.46261e-05,0.00179651,0.000284426,1.2481e-05,0.000257482,0.000788169,-0.000761225,-0.000457374,-0.000125152,0.00119658,0.000421667,0.000839441,-0.000780991,-0.00314205,0.00111229
0.00199997,-0.00187379,-0.0022312,0.000972892,0.000607187,0.000348148,0.000431219,0.000979756,0.0005395,0.000598903,-8.85677e-05,0.000783873,-0.000667967,0.000674277,9.09879e-05,0.000983993,0.00021157,0.000343054,-6.96509e-05,0.000719039,0.00141629,0.000101706,-1.02054e-05,0.000488881,-0.00150937,0.00053161,0.000409527,-0.00140561,-0.00077839,-0.00219935,-9.06194e-06,-0.00224281,-0.00052208,0.00111731,0.000597825,-0.00299571,0.000626542,0.00037885,-0.000201255,0.000568659,0.000359625,0.000111799,0.000345249,0.000204801,-0.000908181,-0.000207705,0.000189713,0.00129705,0.00138917,-0.000415725,-0.000409639,0.000780217,-0.00025256,-0.000684299,1.6788e-05,0.00220671,0.000307233,2.48353e-05,0.00024431,0.00114341,-0.000682138,-0.000398656,-0.000135748,0.00112385,0.000452679,0.00101634,-0.000906665,-0.00280083,0.00145299
0.00299995,-0.00148852,-0.00214757,0.00127273,0.00073774,0.000476525,0.000376063,0.00164075,0.000600202,0.000746666,-0.000131906,0.00096578,-0.000558659,0.000785958,4.31362e-05,0.00115935,0.000159212,2.00801e-05,-0.00011802,0.00067162,0.00192311,0.000259234,0.000187688,0.000961685,-0.00141354,0.0008843,0.000706709,-0.00141612,-0.000737011,-0.00215146,0.000106895,-0.00171222,-0.000600233,0.00157902,0.000792122,-0.00316711,0.000773966,0.00049951,-0.000115472,0.000810103,0.000573282,0.000249797,0.000493492,0.000658441,-0.000829317,-0.00023893,0.000178131,0.00164133,0.0016846,-0.000493673,-0.000393774,0.00110339,-0.000166852,-0.000470162,7.83344e-05,0.00260626,0.000328351,3.68646e-05,0.000230191,0.00149197,-0.000600305,-0.000338808,-0.000145645,0.00104591,0.000481773,0.00118929,-0.00102764,-0.0024487,0.00178623
0.00399993,-0.001101,-0.00205488,0.00156558,0.000864389,0.000602189,0.000319764,0.00229093,0.000658875,0.000889159,-0.000174384,0.00114427,-0.000448874,0.000895142,-4.60737e-06,0.00132875,0.000107233,-0.000300958,-0.000165363,0.000621323,0.00241821,0.000414756,0.000384268,0.00142773,-0.00131278,0.00123073,0.000999283,-0.00142054,-0.000693623,-0.00209664,0.00022201,-0.00117981,-0.000674933,0.00203163,0.000982215,-0.00332371,0.000917173,0.000617882,-2.95668e-05,0.00104693,0.000783514,0.000386061,0.000638642,0.00110633,-0.000747591,-0.000268791,0.00016634,0.00197679,0.00197065,-0.000568807,-0.000376411,0.00142028,-8.08558e-05,-0.000255084,0.00013975,0.0029935,0.000347692,4.85173e-05,0.00021519,0.00183241,-0.000516069,-0.000278081,-0.000154823,0.000963079,0.000508824,0.00135759,-0.00114347,-0.00208705,0.00211061
0.00499992,-0.000712704,-0.00195348,0.00185025,0.000986614,0.000724638,0.000262557,0.00292763,0.000715308,0.00102582,-0.000215822,0.00131839,-0.000339077,0.00100146,-5.20369e-05,0.00149149,5.57407e-05,-0.000618787,-0.000211454,0.000568391,0.00289953,0.000567593,0.000578688,0.00188505,-0.00120752,0.00156944,0.00128604,-0.00141883,-0.000648438,-0.00203527,0.000335745,-0.000647654,-0.000745874,0.00247327,0.00116731,-0.00346484,0.00105558,0.00073347,5.61082e-05,0.00127817,0.000989461,0.000520051,0.000780125,0.00154661,-0.000663499,-0.000297186,0.000154392,0.00230205,0.00224618,-0.000640825,-0.000357617,0.00172959,5.07066e-06,-3.99261e-05,0.000200772,0.00336685,0.000365179,5.97445e-05,0.000199374,0.00216335,-0.000429781,-0.000216729,-0.000163265,0.000875712,0.000533717,0.00152057,-0.00125372,-0.00171734,0.00242472
0.0059999,-0.000325129,-0.00184377,0.00212559,0.00110392,0.00084339,0.000204676,0.00354824,0.000769296,0.00115612,-0.000256047,0.0014872,-0.000229725,0.00110456,-9.89489e-05,0.00164692,4.83702e-06,-0.000932156,-0.000256079,0.00051308,0.00336512,0.000717085,0.000770113,0.00233174,-0.00109822,0.00189902,0.00156582,-0.00141096,-0.000601671,-0.00196778,0.000447567,-0.000117808,-0.000812768,0.00290213,0.00134664,-0.00358988,0.00118863,0.00084579,0.000141204,0.0015029,0.00119028,0.000651238,0.000917386,0.00197747,-0.000577555,-0.000324024,0.000142336,0.00261579,0.00251009,-0.00070944,-0.000337461,0.00203004,9.0573e-05,0.000174453,0.000261137,0.00372478,0.000380746,7.04996e-05,0.000182815,0.00248344,-0.000341802,-0.000155005,-0.000170959,0.000784179,0.000556349,0.00167758,-0.00135802,-0.00134104,0.00272726
0.00699988,6.0264e-05,-0.00172616,0.00239049,0.00121584,0.000957982,0.000146361,0.00415026,0.000820646,0.00127956,-0.000294893,0.00164979,-0.000121266,0.00120408,-0.000145143,0.00179442,-4.53847e-05,-0.00123984,-0.000299029,0.000455658,0.0038131,0.000862585,0.000957725,0.00276597,-0.000985335,0.0022181,0.00183747,-0.00139693,-0.000553542,-0.00189458,0.000556955,0.000407703,-0.000875351,0.00331649,0.00151948,-0.00369831,0.00131579,0.000954376,0.000225376,0.00172021,0.00138518,0.000779108,0.00104989,0.00239717,-0.00049028,-0.000349223,0.00013022,0.00291675,0.00276135,-0.000774384,-0.000316019,0.0023204,0.0001753,0.000387204,0.000320586,0.00406586,0.000394336,8.07395e-05,0.000165586,0.00279141,-0.0002525,-9.31645e-05,-0.000177896,0.000688876,0.000576625,0.00182798,-0.00145598,-0.000959641,0.00301695
0.00799987,0.000442035,-0.00160113,0.00264391,0.00132193,0.00106797,8.78489e-05,0.00473127,0.000869176,0.00139571,-0.000332202,0.00180526,-1.41355e-05,0.0012997,-0.000190424,0.00193342,-9.48383e-05,-0.00154066,-0.000340106,0.000396404,0.0042417,0.00100347,0.00114072,0.00318595,-0.000869353,0.00252539,0.00209991,-0.00137677,-0.000504274,-0.00181614,0.000663399,0.000926895,-0.000933384,0.00371467,0.00168511,-0.00378968,0.00143657,0.00105878,0.000308285,0.00192926,0.00157336,0.000903168,0.00117715,0.002804,-0.000402202,-0.000372708,0.00011809,0.00320373,0.00299898,-0.000835411,-0.000293374,0.00259949,0.000258907,0.000597489,0.000378861,0.00438873,0.000405903,9.04238e-05,0.000147764,0.00308603,-0.000162249,-3.14578e-05,-0.000184071,0.000590215,0.000594462,0.00197119,-0.00154729,-0.000574672,0.00329259
0.00899985,0.000818777,-0.00146916,0.00288486,0.00142178,0.00117294,2.93765e-05,0.00528896,0.000914715,0.00150414,-0.000367823,0.00195272,9.12438e-05,0.0013911,-0.000234601,0.00206337,-0.000143445,-0.00183346,-0.000379124,0.000335604,0.00464922,0.00113915,0.00131833,0.00358998,-0.000750764,0.00281964,0.00235211,-0.00135055,-0.000454092,-0.00173292,0.000766405,0.00143783,-0.000986649,0.00409511,0.00184287,-0.00386364,0.00155049,0.00115857,0.000389599,0.00212922,0.00175408,0.00102294,0.00129866,0.00319636,-0.000313855,-0.000394415,0.000105991,0.00347563,0.00322209,-0.000892292,-0.000269611,0.0028662,0.000341056,0.000804487,0.000435709,0.00469212,0.000415412,9.95156e-05,0.000129429,0.00336617,-7.14264e-05,2.98659e-05,-0.000189484,0.000488627,0.000609786,0.00210662,-0.00163165,-0.000187665,0.00355305
0.00999984,0.00118912,-0.0013308,0.00311241,0.00151501,0.0012725,-2.8821e-05,0.00582117,0.000957105,0.00160448,-0.000401616,0.00209134,0.000194466,0.00147796,-0.000277488,0.0021838,-0.000191133,-0.00211714,-0.000415905,0.000273552,0.00503411,0.00126905,0.0014898,0.00397645,-0.000630066,0.00309968,0.00259306,-0.00131836,-0.000403222,-0.00164542,0.000865496,0.00193864,-0.00103496,0.00445631,0.00199215,-0.00391991,0.00165714,0.00125334,0.000468995,0.00231932,0.00192665,0.00113798,0.001414,0.0035727,-0.000225774,-0.000414288,9.39665e-05,0.0037314,0.00342986,-0.000944822,-0.000244823,0.00311947,0.000421416,0.0010074,0.000490884,0.00497485,0.000422839,0.000107982,0.000110661,0.00363073,1.95887e-05,9.0562e-05,-0.000194137,0.000384556,0.000622538,0.00223376,-0.00170879,0.000199835,0.00379727
0.0109998,0.00155172,-0.00118658,0.00332571,0.00160128,0.00136628,-8.65115e-05,0.00632583,0.000996201,0.00169643,-0.000433451,0.0022203,0.000295141,0.00156001,-0.000318909,0.00229425,-0.000237838,-0.00239063,-0.000450287,0.000210547,0.0053949,0.00139262,0.00165441,0.00434382,-0.000507762,0.00336441,0.00282184,-0.0012803,-0.000351889,-0.00155414,0.000960215,0.0024275,-0.00107814,0.00479689,0.00213235,-0.00395831,0.00175611,0.00134271,0.000546159,0.00249885,0.00209039,0.00124785,0.00152274,0.00393155,-0.000138494,-0.000432283,8.20556e-05,0.00397007,0.00362154,-0.000992818,-0.000219105,0.00335833,0.000499668,0.00120543,0.000544146,0.00523586,0.00042817,0.000115792,9.15419e-05,0.00387873,0.000110416,0.000150391,-0.000198037,0.000278461,0.000632667,0.0023521,-0.0017785,0.000586286,0.00402428
0.0119998,0.00190532,-0.00103711,0.00352396,0.00168026,0.00145396,-0.000143467,0.00680104,0.00103187,0.0017797,-0.000463207,0.00233882,0.000392901,0.00163697,-0.000358692,0.00239434,-0.000283501,-0.00265292,-0.000482118,0.000146895,0.00573029,0.00150937,0.00181146,0.00469066,-0.00038436,0.00361282,0.00303758,-0.00123653,-0.000300319,-0.00145959,0.00105013,0.00290268,-0.00111607,0.00511557,0.00226293,-0.00397872,0.00184705,0.00142633,0.000620791,0.00266713,0.00224468,0.00135215,0.00162451,0.00427156,-5.25448e-05,-0.000448361,7.02968e-05,0.00419077,0.00379646,-0.00103612,-0.000192558,0.00358185,0.000575505,0.00139785,0.000595263,0.00547416,0.000431401,0.000122921,7.21557e-05,0.00410924,0.000200677,0.00020912,-0.000201192,0.00017081,0.000640138,0.0024612,-0.00184058,0.000970152,0.00423318
0.0129998,0.00224866,-0.000882988,0.00370646,0.0017517,0.00153521,-0.000199464,0.00724504,0.001064,0.00185405,-0.000490774,0.00244615,0.000487397,0.00170858,-0.000396676,0.00248373,-0.000328071,-0.00290307,-0.000511261,8.29003e-05,0.00603905,0.00161881,0.00196032,0.00501566,-0.000260367,0.00384397,0.00323947,-0.00118721,-0.000248731,-0.00136229,0.00113482,0.00336249,-0.00114863,0.00541115,0.0023834,-0.00398115,0.00192964,0.00150385,0.0006926,0.00282355,0.00238895,0.00145051,0.00171894,0.00459145,3.15504e-05,-0.000462498,5.87258e-05,0.0043927,0.00395406,-0.00107459,-0.000165283,0.00378919,0.00064863,0.00158391,0.000644012,0.0056889,0.000432542,0.000129347,5.25863e-05,0.00432144,0.000289997,0.000266523,-0.000203617,6.20803e-05,0.000644924,0.00256062,-0.00189488,0.00134991,0.00442317
0.0139998,0.00258059,-0.000724846,0.00387256,0.00181533,0.00160977,-0.000254287,0.00765621,0.00109248,0.00191931,-0.000516056,0.00254162,0.000578302,0.00177461,-0.000432709,0.00256211,-0.000371503,-0.00314019,-0.000537596,1.88712e-05,0.00632013,0.00172051,0.00210037,0.00531758,-0.00013629,0.004057,0.00342677,-0.00113256,-0.000197346,-0.00126277,0.00121392,0.00380537,-0.00117573,0.00568257,0.00249332,-0.00396566,0.00200361,0.00157498,0.000761313,0.00296756,0.00252267,0.00154257,0.00180575,0.00489005,0.000113278,-0.000474674,4.73757e-05,0.00457516,0.00409384,-0.00110811,-0.000137389,0.00397961,0.000718763,0.00176292,0.000690181,0.00587933,0.00043161,0.000135051,3.29179e-05,0.00451459,0.000378004,0.000322383,-0.000205326,-4.72463e-05,0.000647012,0.00265,-0.00194128,0.00172406,0.00459353
0.0149998,0.00289998,-0.000563334,0.00402171,0.00187097,0.00167739,-0.000307724,0.0080331,0.00111722,0.00197534,-0.000538966,0.00262456,0.000665314,0.00183484,-0.000466647,0.00262927,-0.000413755,-0.00336343,-0.000561015,-4.48853e-05,0.00657258,0.00181408,0.00223103,0.00559532,-1.26294e-05,0.00425117,0.00359882,-0.00107278,-0.000146377,-0.00116154,0.00128705,0.00422982,-0.00119733,0.0059289,0.00259229,-0.00393242,0.00206872,0.00163945,0.000826669,0.00309865,0.00264536,0.00162803,0.00188464,0.00516629,0.000192136,-0.000484882,3.62775e-05,0.00473755,0.00421538,-0.0011366,-0.000108983,0.0041524,0.000785638,0.00193423,0.000733568,0.0060448,0.000428634,0.00014002,1.32346e-05,0.00468802,0.000464336,0.000376491,-0.000206341,-0.000156683,0.000646401,0.002729,-0.00197971,0.00209111,0.00474365
0.0159997,0.00320578,-0.000399117,0.00415342,0.00191845,0.00173787,-0.000359574,0.00837442,0.00113816,0.00202204,-0.00055943,0.00269439,0.000748157,0.00188907,-0.000498359,0.00268501,-0.000454792,-0.00357204,-0.000581426,-0.000108064,0.00679562,0.00189914,0.00235179,0.00584789,0.000110119,0.0044258,0.00375501,-0.00100814,-9.6031e-05,-0.00105912,0.00135391,0.00463444,-0.00121339,0.00614928,0.00267997,-0.00388167,0.00212478,0.00169701,0.000888425,0.0032164,0.0027566,0.00170659,0.00195538,0.00541922,0.000267639,-0.000493124,2.54592e-05,0.00487936,0.00431837,-0.00116,-8.01772e-05,0.00430699,0.000849005,0.00209721,0.000773984,0.00618479,0.000423652,0.000144243,-6.38001e-06,0.00484119,0.000548636,0.000428648,-0.000206681,-0.000265743,0.000643102,0.00279735,-0.00201012,0.00244964,0.00487298
0.0169997,0.00349701,-0.000232873,0.00426729,0.00195764,0.00179102,-0.000409644,0.00867906,0.00115523,0.00205938,-0.000577386,0.00275056,0.00082658,0.00193714,-0.000527722,0.00272919,-0.000494583,-0.00376532,-0.000598755,-0.000170365,0.00698858,0.0019754,0.00246216,0.00607443,0.000231469,0.00458033,0.00389484,-0.000938897,-4.65112e-05,-0.000956046,0.00141419,0.00501792,-0.00122391,0.00634302,0.00275607,-0.00381375,0.00217165,0.00174745,0.000946354,0.00332043,0.00285602,0.00177801,0.00201778,0.005648,0.000339319,-0.000499407,1.49465e-05,0.00500017,0.00440258,-0.00117825,-5.10846e-05,0.00444286,0.000908632,0.00225128,0.000811252,0.0062989,0.000416714,0.000147714,-2.58433e-05,0.00497364,0.000630558,0.000478668,-0.000206372,-0.00037394,0.000637139,0.00285478,-0.0020325,0.00279822,0.00498112
0.0179997,0.00377275,-6.5288e-05,0.00436302,0.00198845,0.0018367,-0.000457751,0.00894608,0.00116838,0.00208736,-0.000592786,0.00279259,0.000900357,0.00197888,-0.000554628,0.00276176,-0.000533102,-0.00394265,-0.000612944,-0.00023149,0.00715097,0.00204256,0.00256172,0.0062742,0.000350947,0.00471428,0.00401786,-0.000865352,1.98851e-06,-0.000852807,0.00146763,0.00537908,-0.00122893,0.00650954,0.00282036,-0.00372906,0.00220921,0.0017906,0.00100025,0.00341042,0.0029433,0.00184206,0.00207168,0.0058519,0.000406728,-0.000503752,4.76252e-06,0.00509966,0.00446786,-0.00119135,-2.18192e-05,0.00455959,0.000964305,0.00239589,0.000845211,0.00638683,0.000407877,0.000150432,-4.50738e-05,0.00508498,0.000709769,0.000526374,-0.00020544,-0.000480791,0.000628546,0.00290112,-0.00204688,0.00313551,0.00506772
0.0189997,0.00403217,0.000102943,0.00444037,0.00201084,0.0018748,-0.000503719,0.0091747,0.00117759,0.00210601,-0.000605593,0.00282005,0.000969292,0.00201416,-0.000578978,0.00278267,-0.000570326,-0.00410346,-0.00062395,-0.000291152,0.00728241,0.00210042,0.00265007,0.00644657,0.000468091,0.00482727,0.00412371,-0.000787821,4.92821e-05,-0.000749903,0.00151401,0.00571682,-0.00122849,0.00664837,0.00287266,-0.00362809,0.0022374,0.00182632,0.00104992,0.00348615,0.00301818,0.00189856,0.00211695,0.00603032,0.000469442,-0.000506184,-5.07226e-06,0.00517762,0.00451415,-0.0011993,7.5041e-06,0.00465685,0.00101583,0.00253055,0.000875713,0.00644842,0.000397209,0.000152399,-6.39918e-05,0.00517496,0.000785946,0.000571603,-0.000203914,-0.00058582,0.00061737,0.00293621,-0.00205333,0.00346018,0.00513257
0.0199997,0.0042745,0.000271125,0.00449919,0.00202479,0.00190525,-0.000547388,0.00936434,0.00118285,0.00211545,-0.000615784,0.00283258,0.00103322,0.00204287,-0.000600687,0.00279196,-0.000606234,-0.00424728,-0.000631748,-0.000349068,0.00738269,0.00214877,0.0027269,0.00659107,0.000582455,0.00491904,0.00421209,-0.000706637,9.51926e-05,-0.000647814,0.00155312,0.00603016,-0.00122268,0.0067592,0.00291285,-0.00351142,0.00225621,0.00185449,0.00109519,0.00354742,0.00308046,0.00194735,0.00215351,0.00618276,0.000527062,-0.000506738,-1.45399e-05,0.00523392,0.0045415,-0.00120215,3.67702e-05,0.00473439,0.00106303,0.0026548,0.000902626,0.00648361,0.000384785,0.000153621,-8.25197e-05,0.0052434,0.000858783,0.000614205,-0.000201824,-0.000688559,0.000603669,0.00295996,-0.00205194,0.00377099,0.00517553
0.0209997,0.00449906,0.000438559,0.00453942,0.00203034,0.001928,-0.000588607,0.00951458,0.00118415,0.0021158,-0.000623348,0.00282987,0.00109199,0.00206492,-0.000619682,0.00278972,-0.000640809,-0.0043737,-0.000636332,-0.000404968,0.00745172,0.00218749,0.00279193,0.00670733,0.00069361,0.00498941,0.00428282,-0.000622155,0.000139553,-0.000547005,0.00158483,0.00631824,-0.0012116,0.00684181,0.00294084,-0.00337967,0.00226565,0.00187503,0.00113593,0.00359412,0.00312999,0.00198832,0.00218133,0.00630887,0.000579218,-0.000505456,-2.36248e-05,0.00526855,0.00455001,-0.00119993,6.58642e-05,0.00479207,0.00110575,0.00276823,0.000925834,0.00649246,0.00037069,0.000154107,-0.000100582,0.00529024,0.000927989,0.000654041,-0.000199202,-0.00078855,0.000587511,0.0029723,-0.00204285,0.00406675,0.00519659
0.0219996,0.00470524,0.000604552,0.00456109,0.00202755,0.00194305,-0.000627236,0.0096252,0.00118152,0.00210723,-0.000628286,0.00281171,0.0011455,0.00208024,-0.000635903,0.00277607,-0.000674034,-0.0044824,-0.000637709,-0.00045859,0.00748956,0.00221647,0.00284493,0.00679512,0.000801149,0.0050383,0.00433576,-0.000534742,0.000182207,-0.000447917,0.00160901,0.00658029,-0.00119538,0.00689614,0.00295664,-0.00323355,0.00226579,0.00188791,0.00117199,0.0036262,0.00316668,0.00202139,0.00220039,0.0064084,0.000625569,-0.000502388,-3.23141e-05,0.00528158,0.00453989,-0.00119274,9.46721e-05,0.00482983,0.00114386,0.00287049,0.000945238,0.00647516,0.000355013,0.000153872,-0.000118106,0.00531548,0.000993289,0.00069099,-0.000196083,-0.000885348,0.000568977,0.00297325,-0.00202621,0.00434632,0.0051958
0.0229996,0.00489252,0.000768416,0.00456428,0.00201653,0.00195042,-0.00066315,0.00969613,0.00117498,0.00208998,-0.000630613,0.00277792,0.00119367,0.00208879,-0.000649305,0.0027512,-0.000705896,-0.00457312,-0.000635905,-0.000509687,0.00749643,0.00223569,0.00288575,0.00685436,0.000904684,0.00506573,0.00437088,-0.000444783,0.00022301,-0.000350972,0.00162557,0.00681569,-0.00117417,0.00692224,0.00296028,-0.00307384,0.00225673,0.00189311,0.00120326,0.00364368,0.00319049,0.00204651,0.00221074,0.00648123,0.000665807,-0.000497589,-4.0597e-05,0.00527319,0.00451144,-0.00118066,0.000123081,0.00484768,0.00117725,0.00296127,0.000960754,0.00643201,0.000337855,0.000152933,-0.000135023,0.00531925,0.00105443,0.000724942,-0.0001925,-0.000978524,0.000548157,0.00296283,-0.00200221,0.00460865,0.00517334
0.0239996,0.00506045,0.000929474,0.00454919,0.0019974,0.00195017,-0.000696238,0.00972751,0.00116458,0.0020643,-0.000630355,0.00272841,0.00123644,0.00209055,-0.000659854,0.00271534,-0.000736379,-0.00464568,-0.000630964,-0.000558023,0.00747267,0.00224512,0.00291427,0.00688507,0.00100385,0.00507184,0.00438821,-0.000352673,0.000261828,-0.000256566,0.00163448,0.00702391,-0.00114816,0.00692028,0.00295185,-0.00290137,0.00223863,0.00189067,0.00122968,0.00364664,0.00320146,0.00206366,0.00221245,0.00652736,0.000699657,-0.000491123,-4.84651e-05,0.00524363,0.004465,-0.00116383,0.00015098,0.00484575,0.00120582,0.0030403,0.000972319,0.00636339,0.000319319,0.000151312,-0.000151266,0.00530176,0.00111117,0.000755802,-0.000188489,-0.00106767,0.000525149,0.00294115,-0.00197109,0.00485277,0.00512949
0.0249996,0.00520867,0.00108706,0.00451608,0.00197035,0.0019424,-0.000726398,0.00971963,0.00115037,0.00203047,-0.000627551,0.00266316,0.00127379,0.00208551,-0.000667529,0.00266877,-0.000765472,-0.00469998,-0.000622943,-0.000603379,0.00741876,0.00224483,0.00293044,0.00688741,0.00109831,0.00505685,0.00438786,-0.000258818,0.000298541,-0.000165068,0.00163572,0.00720455,-0.00111753,0.00689058,0.0029315,-0.00271702,0.00221165,0.00188063,0.00125116,0.00363523,0.00319965,0.00207287,0.00220563,0.00654691,0.000726881,-0.000483056,-5.59122e-05,0.00519326,0.00440103,-0.00114239,0.000178259,0.00482423,0.00122951,0.00310738,0.000979884,0.00626984,0.000299516,0.000149032,-0.000166772,0.00526332,0.00116329,0.000783491,-0.000184085,-0.00115238,0.000500064,0.00290834,-0.00193309,0.00507777,0.0050646
0.0259996,0.0053369,0.00124052,0.00446528,0.00193559,0.00192723,-0.000753548,0.00967295,0.00113243,0.00198884,-0.000622251,0.00258222,0.00130572,0.0020737,-0.000672326,0.00261182,-0.000793161,-0.00473601,-0.000611918,-0.000645551,0.0073353,0.0022349,0.00293426,0.00686167,0.00118774,0.00502105,0.00437003,-0.000163635,0.00033304,-7.68157e-05,0.00162934,0.00735732,-0.00108251,0.00683355,0.00289944,-0.00252174,0.00217604,0.00186309,0.00126766,0.00360964,0.00318521,0.00207418,0.00219042,0.00654011,0.000747278,-0.000473462,-6.29343e-05,0.00512253,0.00432004,-0.00111649,0.000204813,0.00478343,0.00124827,0.00316234,0.000983422,0.00615196,0.000278562,0.000146122,-0.000181482,0.00520432,0.00121061,0.000807944,-0.000179326,-0.00123229,0.000473019,0.00286458,-0.00188848,0.00528283,0.00497913
0.0269996,0.00544494,0.00138922,0.00439721,0.00189336,0.0019048,-0.000777614,0.00958812,0.00111084,0.00193975,-0.000614517,0.00248572,0.00133226,0.00205516,-0.00067425,0.00254486,-0.000819431,-0.00475381,-0.000597979,-0.000684352,0.00722303,0.00221546,0.00292579,0.00680826,0.00127186,0.00496488,0.00433499,-6.75458e-05,0.000365232,7.88102e-06,0.00161539,0.00748204,-0.00104332,0.00674973,0.00285591,-0.00231652,0.00213203,0.00183818,0.00127917,0.00357014,0.00315832,0.0020677,0.00216701,0.00650733,0.000760688,-0.000462419,-6.95293e-05,0.00503198,0.00422263,-0.00108633,0.000230539,0.0047237,0.00126207,0.00320508,0.000982921,0.00601047,0.000256577,0.000142611,-0.000195342,0.00512524,0.00125294,0.000829112,-0.000174247,-0.00130706,0.00044414,0.0028101,-0.00183756,0.00546722,0.00487362
0.0279995,0.00553268,0.00153256,0.00431236,0.00184392,0.00187531,-0.000798541,0.00946593,0.00108571,0.0018836,-0.00060442,0.00237385,0.00135346,0.00202996,-0.000673323,0.00246829,-0.000844266,-0.00475351,-0.000581231,-0.000719612,0.0070828,0.0021867,0.00290514,0.00672772,0.00135041,0.00488881,0.00428307,2.90229e-05,0.000395035,8.87467e-05,0.00159399,0.00757866,-0.00100024,0.00663977,0.00280121,-0.00210237,0.00207994,0.00180605,0.00128568,0.00351705,0.00311922,0.00205353,0.0021356,0.00644901,0.000766988,-0.000450009,-7.56969e-05,0.00492222,0.00410945,-0.00105209,0.000255337,0.00464551,0.00127091,0.00323554,0.000978388,0.0058462,0.000233684,0.000138534,-0.000208301,0.00502663,0.00129014,0.00084696,-0.000168885,-0.00137634,0.000413561,0.00274517,-0.00178066,0.0056303,0.00474872
0.0289995,0.00560009,0.00166994,0.00421127,0.00178758,0.00183896,-0.000816286,0.00930733,0.00105713,0.00182081,-0.000592042,0.00224688,0.00136941,0.00199819,-0.000669577,0.00238256,-0.000867652,-0.00473531,-0.000561794,-0.00075118,0.0069156,0.00214883,0.00287247,0.00662067,0.00142316,0.00479344,0.0042147,0.000125641,0.000422383,0.000165539,0.00156527,0.00764724,-0.000953518,0.00650444,0.00273568,-0.00188035,0.00202007,0.00176689,0.00128722,0.00345076,0.00306821,0.00203183,0.00209644,0.00636575,0.000766099,-0.000436318,-8.14386e-05,0.00479394,0.00398121,-0.00101399,0.000279111,0.00454937,0.00127482,0.00325371,0.000969848,0.00566004,0.000210013,0.000133927,-0.000220314,0.00490916,0.00132208,0.000861468,-0.000163276,-0.00143986,0.000381423,0.00267011,-0.0017181,0.00577152,0.00460512
0.0299995,0.00564719,0.0018008,0.00409458,0.00172466,0.00179599,-0.00083082,0.00911343,0.00102524,0.00175181,-0.000577477,0.00210516,0.00138021,0.00195997,-0.000663058,0.00228816,-0.000889568,-0.00469948,-0.0005398,-0.000778925,0.00672249,0.00210212,0.00282801,0.0064879,0.0014899,0.00467942,0.00413035,0.000221878,0.000447221,0.000238053,0.00152942,0.00768794,-0.000903445,0.0063446,0.00265972,-0.00165157,0.00195279,0.00172092,0.00128382,0.00337169,0.00300562,0.00200278,0.00204981,0.00625822,0.000757981,-0.000421435,-8.67577e-05,0.0046479,0.0038387,-0.000972263,0.000301771,0.0044359,0.00127382,0.00325964,0.000957346,0.00545299,0.00018569,0.000128828,-0.000231338,0.00477353,0.00134866,0.000872632,-0.000157455,-0.00149732,0.000347871,0.00258526,-0.00165026,0.00589042,0.00444363
0.0309995,0.00567413,0.00192461,0.00396295,0.00165553,0.00174667,-0.000842131,0.00888548,0.000990154,0.00167708,-0.000560825,0.00194911,0.00138599,0.00191541,-0.000653825,0.00218561,-0.000909994,-0.00464635,-0.000515396,-0.000802735,0.00650468,0.00204687,0.00277202,0.00633025,0.00155047,0.0045475,0.00403058,0.000317305,0.000469511,0.000306116,0.00148664,0.00770104,-0.000850316,0.0061612,0.00257377,-0.00141714,0.00187849,0.00166837,0.00127556,0.00328034,0.00293183,0.0019666,0.00199601,0.0061272,0.000742641,-0.000405451,-9.16588e-05,0.00448496,0.00368274,-0.000927148,0.00032323,0.00430577,0.00126798,0.00325341,0.000940942,0.00522613,0.000160848,0.000123277,-0.000241337,0.00462053,0.0013698,0.000880461,-0.000151456,-0.0015485,0.000313059,0.00249103,-0.0015775,0.00598664,0.00426512
0.0319995,0.00568109,0.00204087,0.00381713,0.00158055,0.00169128,-0.000850217,0.00862486,0.000952023,0.00159708,-0.000542196,0.00177921,0.00138691,0.00186468,-0.000641949,0.00207545,-0.000928908,-0.00457634,-0.00048874,-0.00082252,0.00626343,0.00198342,0.00270482,0.00614871,0.00160473,0.00439851,0.00391598,0.000411495,0.000489228,0.000369596,0.00143719,0.00768691,-0.000794435,0.00595532,0.00247828,-0.00117818,0.00179757,0.00160952,0.00126251,0.00317722,0.00284729,0.00192351,0.00193537,0.00597356,0.000720126,-0.000388459,-9.61479e-05,0.004306,0.00351421,-0.000878901,0.000343407,0.00415971,0.00125738,0.00323517,0.000920714,0.00498061,0.000135619,0.000117318,-0.00025028,0.00445104,0.00138544,0.000884979,-0.000145314,-0.00159318,0.000277142,0.00238784,-0.00150022,0.0060599,0.00407051
0.0329995,0.00566834,0.00214911,0.00365791,0.00150013,0.00163013,-0.000855093,0.00833308,0.000910994,0.00151233,-0.000521707,0.00159604,0.00138314,0.00180794,-0.000627511,0.00195825,-0.000946282,-0.00448991,-0.00046,-0.00083821,0.00600012,0.00191214,0.0026268,0.00594432,0.00165257,0.00423331,0.00378723,0.00050403,0.000506362,0.000428395,0.00138134,0.00764603,-0.00073612,0.0057281,0.00237378,-0.000935852,0.00171046,0.00154467,0.00124477,0.00306291,0.00275245,0.00187379,0.00186825,0.00579827,0.000690528,-0.000370553,-0.000100232,0.004112,0.00333405,-0.000827788,0.000362226,0.00399854,0.00124213,0.0032051,0.000896759,0.00471764,0.000110135,0.000110994,-0.000258139,0.00426595,0.00139555,0.000886224,-0.00013906,-0.00163116,0.000240282,0.00227614,-0.00141881,0.00611003,0.0038608
0.0339994,0.00563623,0.0022489,0.00348612,0.00141469,0.00156355,-0.000856787,0.00801178,0.000867227,0.00142333,-0.000499482,0.00140022,0.00137486,0.00174539,-0.000610607,0.00183462,-0.00096209,-0.00438759,-0.000429357,-0.000849754,0.0057162,0.00183344,0.00253835,0.00571825,0.00169391,0.00405287,0.00364505,0.000594494,0.000520914,0.000482457,0.0013194,0.00757898,-0.000675691,0.00548075,0.00226081,-0.000691299,0.00161763,0.00147414,0.00122248,0.00293804,0.00264784,0.00181773,0.00179502,0.00560238,0.00065398,-0.00035183,-0.00010392,0.00390397,0.00314321,-0.000774084,0.000379618,0.00382311,0.00122232,0.00316343,0.00086919,0.0044385,8.45268e-05,0.00010435,-0.000264894,0.00406626,0.00140014,0.000884247,-0.000132725,-0.00166231,0.000202643,0.00215645,-0.00133367,0.00613696,0.00363706
0.0349994,0.00558517,0.00233985,0.00330266,0.00132466,0.00149189,-0.00085534,0.00766269,0.000820888,0.00133061,-0.000475652,0.00119245,0.0013623,0.00167724,-0.000591339,0.00170517,-0.000976299,-0.00426997,-0.000396997,-0.000857127,0.00541319,0.00174775,0.00243994,0.00547174,0.00172869,0.00385819,0.00349021,0.000682487,0.000532903,0.000531758,0.0012517,0.00748643,-0.000613477,0.00521458,0.00213995,-0.000445677,0.00151955,0.00139827,0.00119577,0.00280326,0.00253399,0.00175562,0.00171608,0.00538703,0.00061066,-0.000332384,-0.000107222,0.00368297,0.00294269,-0.000718071,0.000395519,0.00363433,0.00119812,0.00311045,0.000838134,0.00414453,5.89265e-05,9.74339e-05,-0.000270527,0.00385299,0.00139921,0.000879112,-0.000126339,-0.0016865,0.000164392,0.00202927,-0.00124524,0.00614071,0.0034004
0.0359994,0.00551562,0.00242158,0.00310845,0.00123048,0.00141551,-0.000850805,0.00728765,0.00077215,0.00123468,-0.000450354,0.000973501,0.00134566,0.00160371,-0.000569822,0.00157055,-0.000988875,-0.00413769,-0.000363118,-0.000860321,0.00509268,0.00165555,0.00233207,0.00520609,0.00175691,0.00365033,0.00332354,0.000767614,0.000542358,0.000576315,0.00117861,0.00736914,-0.000549809,0.00493095,0.00201179,-0.000200135,0.00141672,0.00131742,0.00116479,0.00265926,0.0024115,0.00168782,0.00163185,0.0051534,0.00056079,-0.000312311,-0.000110146,0.00345012,0.00273352,-0.000660039,0.000409871,0.00343317,0.00116965,0.00304646,0.000803735,0.00383712,3.34624e-05,9.02919e-05,-0.000275027,0.00362722,0.0013928,0.000870896,-0.000119929,-0.00170365,0.000125697,0.00189517,-0.00115392,0.00612139,0.00315197
0.0369994,0.00542813,0.0024938,0.00290446,0.00113263,0.0013348,-0.00084325,0.0068886,0.000721193,0.00113609,-0.000423728,0.000744204,0.00132519,0.00152505,-0.000546179,0.0014314,-0.000999781,-0.00399144,-0.000327922,-0.000859353,0.00475631,0.00155734,0.00221529,0.0049227,0.00177858,0.00343041,0.0031459,0.000849497,0.000549323,0.00061618,0.00110051,0.00722795,-0.000485018,0.00463129,0.00187698,4.41899e-05,0.00130963,0.00123197,0.00112972,0.00250677,0.00228097,0.00161467,0.00154275,0.00490277,0.000504631,-0.000291706,-0.000112705,0.00320656,0.00251674,-0.000600281,0.000422625,0.00322064,0.00113711,0.00297183,0.000766153,0.00351769,8.26071e-06,8.29718e-05,-0.000278387,0.00339005,0.001381,0.000859688,-0.000113523,-0.0017137,8.67268e-05,0.00175472,-0.00106014,0.00607921,0.00289297
0.0379994,0.0053233,0.00255622,0.00269165,0.00103158,0.00125014,-0.000832754,0.00646755,0.000668199,0.00103536,-0.000395918,0.000505452,0.00130115,0.00144152,-0.000520544,0.00128839,-0.00100898,-0.00383197,-0.000291618,-0.000854258,0.00440578,0.00145361,0.00209016,0.00462301,0.00179374,0.00319956,0.00295818,0.000927773,0.000553853,0.000651441,0.00101782,0.00706378,-0.000419439,0.00431707,0.00173616,0.000286177,0.0011988,0.00114233,0.00109075,0.00234652,0.00214304,0.00153655,0.00144924,0.00463645,0.000442486,-0.000270662,-0.00011491,0.00295349,0.00229343,-0.000539096,0.000433736,0.00299777,0.00110067,0.00288695,0.000725559,0.00318771,-1.65553e-05,7.55217e-05,-0.000280607,0.00314265,0.00136388,0.000845585,-0.000107143,-0.00171662,4.76509e-05,0.00160852,-0.000964327,0.00601448,0.00262465
0.0389994,0.00520177,0.00260861,0.00247107,0.000927803,0.00116194,-0.000819405,0.00602657,0.00061336,0.000933023,-0.000367072,0.000258197,0.00127378,0.0013534,-0.000493057,0.00114219,-0.00101642,-0.00366007,-0.00025442,-0.000845093,0.00404281,0.00134493,0.0019573,0.00430851,0.00180246,0.00295898,0.00276133,0.00100209,0.000556018,0.000682222,0.00093096,0.00687761,-0.000353402,0.00398982,0.00159001,0.000524725,0.00108478,0.00104891,0.00104808,0.0021793,0.00199837,0.00145383,0.00135177,0.00435584,0.000374699,-0.00024927,-0.000116773,0.00269209,0.00206465,-0.000476782,0.000443168,0.00276564,0.00106052,0.00279226,0.00068214,0.00284866,-4.08663e-05,6.79893e-05,-0.00028169,0.0028862,0.00134155,0.0008287,-0.000100812,-0.00171244,8.63782e-06,0.00145719,-0.000866904,0.00592758,0.00234825
0.0399993,0.00506425,0.00265078,0.00224373,0.000821787,0.00107061,-0.000803304,0.00556782,0.000556866,0.000829614,-0.000337341,3.44496e-06,0.00124337,0.00126098,-0.000463865,0.000993476,-0.00102206,-0.00347655,-0.000216545,-0.000831937,0.00366917,0.00123183,0.00181734,0.00398077,0.00180484,0.00270988,0.00255629,0.00107213,0.000555896,0.000708678,0.000840392,0.00667052,-0.000287233,0.00365109,0.00143921,0.000758764,0.000968072,0.00095212,0.00100192,0.0020059,0.00184765,0.00136691,0.0012508,0.00406233,0.000301651,-0.000227622,-0.000118306,0.00242359,0.00183151,-0.000413638,0.000450891,0.00252536,0.00101689,0.00268821,0.000636093,0.00250206,-6.45571e-05,6.04221e-05,-0.000281645,0.00262188,0.00131416,0.00080915,-9.45497e-05,-0.0017012,-3.01452e-05,0.00130136,-0.000768289,0.00581901,0.00206507
0.0409993,0.00491149,0.00268258,0.00201069,0.000714021,0.000976568,-0.000784563,0.00509348,0.000498914,0.000725647,-0.000306874,-0.000257743,0.00121018,0.00116456,-0.000433124,0.000842921,-0.00102586,-0.00328227,-0.000178211,-0.000814887,0.00328663,0.0011149,0.00167096,0.00364136,0.001801,0.00245349,0.00234405,0.00113758,0.000553579,0.000730997,0.000746576,0.00644361,-0.000221256,0.00330247,0.00128446,0.000987252,0.000849232,0.000852413,0.000952519,0.00182713,0.00169157,0.00127622,0.00114681,0.0037574,0.000223761,-0.000205803,-0.000119522,0.00214925,0.00159507,-0.000349963,0.000456882,0.00227805,0.000969992,0.00257532,0.000587628,0.00214942,-8.75175e-05,5.2867e-05,-0.000280484,0.00235093,0.00128185,0.000787064,-8.83746e-05,-0.00168296,-6.85333e-05,0.00114168,-0.000668897,0.00568932,0.00177641
0.0419993,0.00474427,0.00270393,0.001773,0.000604994,0.000880238,-0.000763302,0.00460578,0.0004397,0.000621633,-0.000275825,-0.000524259,0.0011745,0.00106445,-0.000400992,0.000691202,-0.00102776,-0.00307813,-0.000139639,-0.000794061,0.00289698,0.00099472,0.00151885,0.0032919,0.0017911,0.00219107,0.00212562,0.00119814,0.000549169,0.000749399,0.000649993,0.00619806,-0.000155784,0.00294558,0.00112647,0.00120919,0.000728792,0.000750227,0.000900098,0.00164379,0.00153085,0.00118216,0.00104028,0.00344252,0.000141483,-0.000183899,-0.000120434,0.00187029,0.00135643,-0.000286051,0.000461127,0.00202485,0.000920063,0.00245409,0.000536965,0.00179227,-0.000109643,4.53699e-05,-0.000278226,0.00207458,0.00124481,0.00076258,-8.2302e-05,-0.00165785,-0.000106364,0.000978808,-0.000569134,0.00553916,0.00148359
0.0429993,0.00456344,0.00271475,0.00153173,0.000495193,0.000782045,-0.00073965,0.00410696,0.000379423,0.000518067,-0.000244344,-0.00079495,0.00113661,0.000961,-0.000367637,0.000538988,-0.00102772,-0.00286505,-0.000101048,-0.000769595,0.00250203,0.000871876,0.00136171,0.00293404,0.0017753,0.00192388,0.00190201,0.00125356,0.000542775,0.000764128,0.000551131,0.00593511,-9.11257e-05,0.00258203,0.000965953,0.0014236,0.000607287,0.000646012,0.000844912,0.00145674,0.00136622,0.00108517,0.000931677,0.00311919,5.53033e-05,-0.000161989,-0.000121056,0.00158798,0.00111665,-0.000222196,0.000463618,0.00176692,0.000867345,0.0023251,0.000484331,0.00143215,-0.000130834,3.79755e-05,-0.000274894,0.00179405,0.00120322,0.00073584,-7.63457e-05,-0.00162599,-0.00014348,0.000813412,-0.0004694,0.00536927,0.00118791
0.0439993,0.00436986,0.00271504,0.00128794,0.0003851,0.000682414,-0.000713743,0.00359931,0.000318282,0.000415432,-0.000212581,-0.00106862,0.00109679,0.000854532,-0.000333225,0.000386941,-0.00102567,-0.00264397,-6.26562e-05,-0.000741642,0.00210355,0.000746971,0.00120027,0.00256943,0.00175382,0.00165319,0.00167425,0.00130359,0.00053452,0.000775457,0.000450491,0.005656,-2.75761e-05,0.00221344,0.000803625,0.00162959,0.000485251,0.000540225,0.000787218,0.00126678,0.00119839,0.000985678,0.00082149,0.00278895,-3.42597e-05,-0.000140153,-0.0001214,0.00130355,0.000876801,-0.000158681,0.000464355,0.00150539,0.000812089,0.00218891,0.000429963,0.00107056,-0.000150999,3.07271e-05,-0.000270514,0.00151059,0.0011573,0.000706994,-7.05169e-05,-0.00158757,-0.000179727,0.000646161,-0.000370081,0.00518045,0.000890699
0.0449993,0.00416442,0.00270483,0.00104269,0.000275192,0.000581772,-0.000685726,0.00308509,0.000256475,0.000314193,-0.000180685,-0.00134405,0.00105533,0.000745399,-0.000297931,0.00023571,-0.00102158,-0.00241585,-2.46794e-05,-0.000710374,0.00170332,0.000620608,0.00103528,0.00219973,0.00172687,0.00138027,0.00144335,0.00134803,0.00052453,0.000783683,0.000348576,0.00536205,3.45792e-05,0.00184145,0.000640197,0.00182628,0.000363207,0.00043332,0.000727281,0.00107476,0.00102812,0.000884119,0.000710191,0.00245332,-0.00012666,-0.000118462,-0.000121479,0.00101824,0.000637915,-9.57874e-05,0.000463344,0.00124145,0.000754553,0.00204611,0.000374105,0.000709024,-0.000170051,2.36665e-05,-0.000265117,0.00122542,0.00110728,0.000676199,-6.48248e-05,-0.00154277,-0.000214955,0.000477728,-0.000271552,0.00497357,0.000593249
0.0459992,0.00394806,0.0026842,0.000797029,0.000165937,0.00048054,-0.000655749,0.00256658,0.000194198,0.000214795,-0.000148802,-0.00161996,0.00101249,0.000633956,-0.000261928,8.59291e-05,-0.00101537,-0.00218166,1.26711e-05,-0.000675977,0.0013031,0.000493389,0.000867488,0.00182659,0.00169468,0.00110636,0.00121035,0.00138667,0.000512941,0.000789122,0.000245894,0.00505458,9.50679e-05,0.00146767,0.000476378,0.00201287,0.000241672,0.000325755,0.00066537,0.000881498,0.000856125,0.000780931,0.000598252,0.00211381,-0.000221324,-9.6988e-05,-0.000121307,0.000733267,0.00040101,-3.37853e-05,0.000460602,0.000976223,0.000694999,0.00189733,0.000317006,0.000349012,-0.000187913,1.68332e-05,-0.000258738,0.000939754,0.00105341,0.000643615,-5.92764e-05,-0.00149182,-0.000249022,0.000308784,-0.000174176,0.00474958,0.000296853
0.0469992,0.00372173,0.00265327,0.000551977,5.77912e-05,0.000379133,-0.000623967,0.00204601,0.000131649,0.000117662,-0.000117074,-0.00189508,0.000968567,0.000520567,-0.000225394,-6.17824e-05,-0.00100701,-0.00194239,4.9189e-05,-0.000638653,0.000904613,0.000365915,0.000697651,0.00145169,0.00165751,0.000832704,0.000976269,0.00141936,0.000499895,0.000792109,0.000142955,0.00473496,0.000153632,0.0010937,0.000312866,0.00218859,0.000121152,0.000217984,0.000601762,0.000687815,0.000683144,0.00067655,0.000486137,0.00177195,-0.000317658,-7.5795e-05,-0.000120896,0.000449828,0.000167071,2.70633e-05,0.000456148,0.000710859,0.000633695,0.00174319,0.00025892,-8.01863e-06,-0.000204512,1.0265e-05,-0.000251417,0.000654798,0.00099594,0.000609405,-5.38765e-05,-0.00143498,-0.000281791,0.000139997,-7.82962e-05,0.00450948,2.77992e-06
0.0479992,0.00348638,0.00261221,0.000308553,-4.88004e-05,0.000277962,-0.000590542,0.00152563,6.90186e-05,2.3194e-05,-8.56386e-05,-0.00216809,0.000923814,0.000405602,-0.000188503,-0.000206827,-0.00099643,-0.00169904,8.4674e-05,-0.000598617,0.000509533,0.000238778,0.00052653,0.00107664,0.00161565,0.000560531,0.00074211,0.00144596,0.000485539,0.000792995,4.02644e-05,0.00440456,0.000210027,0.00072111,0.000150351,0.00235276,2.13717e-06,0.000110456,0.000536733,0.000494516,0.000509899,0.000571409,0.000374302,0.00142924,-0.000415044,-5.49443e-05,-0.000120259,0.000169094,-6.29476e-05,8.65069e-05,0.000450013,0.000446478,0.00057091,0.00158433,0.000200104,-0.000360649,-0.000219785,3.99712e-06,-0.000243195,0.000371722,0.000935149,0.000573737,-4.86281e-05,-0.00137252,-0.000313131,-2.79746e-05,1.57561e-05,0.00425433,-0.00028773
0.0489992,0.003243,0.00256122,6.77416e-05,-0.000153408,0.000177428,-0.000555638,0.00100761,6.49744e-06,-6.82321e-05,-5.46294e-05,-0.00243767,0.000878493,0.000289433,-0.000151434,-0.000348628,-0.000983591,-0.00145259,0.000118933,-0.000556099,0.000119503,0.000112566,0.000354885,0.000703057,0.00156936,0.000291031,0.000508866,0.00146636,0.000470026,0.000792145,-6.16752e-05,0.00406476,0.000264028,0.000351443,-1.04944e-05,0.00250474,-0.000114896,3.6151e-06,0.000470565,0.000302394,0.000337104,0.000465935,0.000263192,0.00108716,-0.000512849,-3.44923e-05,-0.000119408,-0.000107796,-0.00028813,0.000144306,0.000442231,0.000184181,0.000506915,0.00142142,0.000140817,-0.000707499,-0.000233677,-1.93775e-06,-0.000234117,9.16758e-05,0.000871322,0.00053678,-4.35318e-05,-0.00130475,-0.00034292,-0.000194479,0.00010767,0.00398525,-0.000573468
0.0499992,0.00299257,0.00250054,-0.000169496,-0.000255619,7.79193e-05,-0.000519421,0.000494102,-5.57288e-05,-0.000156267,-2.41741e-05,-0.00270249,0.000832852,0.000172439,-0.000114361,-0.000486635,-0.00096844,-0.00120403,0.000151783,-0.000511336,-0.000263891,-1.21479e-05,0.000183471,0.000332526,0.00151896,2.53672e-05,0.000277509,0.00148049,0.000453511,0.000789929,-0.000162369,0.00371696,0.000315425,-1.37956e-05,-0.000169013,0.00264398,-0.000229489,-0.000102103,0.000403538,0.000112221,0.000165461,0.000360552,0.000153239,0.000747156,-0.000610426,-1.44907e-05,-0.000118356,-0.000379739,-0.000507599,0.000200232,0.000432846,-7.49592e-05,0.000441982,0.00125509,8.1319e-05,-0.00104724,-0.00024614,-7.50955e-06,-0.000224233,-0.000184228,0.000804754,0.000498703,-3.85865e-05,-0.00123199,-0.000371043,-0.00035888,0.000197151,0.0037034,-0.000853262
0.0509992,0.0027361,0.00243047,-0.000402235,-0.000355037,-2.01842e-05,-0.000482061,-1.28123e-05,-0.000117479,-0.00024059,5.60546e-06,-0.00296119,0.000787129,5.49975e-05,-7.74584e-05,-0.000620324,-0.000950932,-0.000954357,0.000183047,-0.000464579,-0.000639124,-0.000134803,1.30363e-05,-3.34166e-05,0.00146475,-0.000235336,4.89886e-05,0.0014883,0.000436152,0.000786729,-0.00026133,0.00336255,0.000364025,-0.000373147,-0.000324568,0.00276997,-0.000341202,-0.000206275,0.000335933,-7.52521e-05,-4.34582e-06,0.000255671,4.48602e-05,0.000410641,-0.000707115,5.01366e-06,-0.000117115,-0.000645675,-0.000720525,0.000254071,0.000421906,-0.000329898,0.00037638,0.00108602,2.18696e-05,-0.00137858,-0.000257135,-1.26911e-05,-0.000213594,-0.000454913,0.00073575,0.000459676,-3.37895e-05,-0.00115459,-0.000397394,-0.000520553,0.000283927,0.00340997,-0.00112598
0.0519991,0.00247458,0.00235134,-0.000629583,-0.000451287,-0.000116518,-0.000443727,-0.000511111,-0.000178575,-0.000320907,3.45942e-05,-0.00321245,0.000741547,-6.25099e-05,-4.08956e-05,-0.0007492,-0.000931024,-0.000704535,0.000212562,-0.000416085,-0.00100474,-0.000254856,-0.000155683,-0.000393275,0.00140705,-0.000489993,-0.000175777,0.00148976,0.000418109,0.000782925,-0.000358086,0.00300292,0.000409657,-0.000725203,-0.000476546,0.00288229,-0.000449619,-0.000308486,0.000268027,-0.0002593,-0.000171649,0.000151694,-6.1542e-05,7.89875e-05,-0.00080225,2.39784e-05,-0.000115695,-0.000904586,-0.000926122,0.000305624,0.000409467,-0.000579628,0.000310378,0.000914873,-3.72732e-05,-0.0017003,-0.000266631,-1.74583e-05,-0.000202253,-0.000719345,0.000664621,0.000419871,-2.9136e-05,-0.00107291,-0.000421875,-0.000678895,0.000367745,0.00310622,-0.00139055
0.0529991,0.002209,0.00226349,-0.00085069,-0.000544016,-0.000210733,-0.000404591,-0.000998844,-0.000238848,-0.000396955,6.2684e-05,-0.00345492,0.000696318,-0.000179703,-4.8399e-06,-0.000872798,-0.00090868,-0.000455524,0.000240174,-0.000366119,-0.00135934,-0.000371783,-0.000321965,-0.000745605,0.00134619,-0.000737569,-0.000395902,0.00148489,0.000399543,0.000778901,-0.000452177,0.00263943,0.000452166,-0.00106861,-0.000624361,0.00298058,-0.000554342,-0.000408338,0.000200095,-0.000439224,-0.000335804,4.90135e-05,-0.000165584,-0.000246481,-0.000895162,4.23662e-05,-0.000114109,-0.00115551,-0.00112366,0.000354705,0.00039559,-0.00082318,0.000244239,0.000742306,-9.58544e-05,-0.00201124,-0.000274605,-2.179e-05,-0.000190265,-0.000976536,0.000591684,0.000379454,-2.46199e-05,-0.000987332,-0.000444398,-0.00083332,0.000448371,0.00279341,-0.00164593
0.0539991,0.00194034,0.00216732,-0.00106475,-0.00063289,-0.000302494,-0.000364822,-0.00147414,-0.000298132,-0.000468501,8.97746e-05,-0.00368728,0.000651635,-0.000296204,3.05464e-05,-0.000990688,-0.000883865,-0.000208265,0.000265742,-0.000314952,-0.00170161,-0.000485081,-0.000485104,-0.00108902,0.00128249,-0.000977076,-0.000610534,0.00147372,0.000380614,0.000775034,-0.00054316,0.00227344,0.00049142,-0.00140208,-0.000767451,0.00306456,-0.000655001,-0.000505447,0.00013241,-0.000614358,-0.000496189,-5.1995e-05,-0.000266901,-0.000564495,-0.000985178,6.01441e-05,-0.000112367,-0.00139752,-0.00131245,0.000401145,0.000380343,-0.00105963,0.000178224,0.000568977,-0.000153623,-0.0023103,-0.000281043,-2.56684e-05,-0.000177689,-0.00122555,0.000517262,0.000338592,-2.02337e-05,-0.000898248,-0.000464883,-0.000983267,0.000525596,0.00247283,-0.00189116
0.0549991,0.0016696,0.00206327,-0.00127099,-0.000717603,-0.000391486,-0.000324589,-0.00193523,-0.000356268,-0.000535343,0.000115773,-0.00390823,0.000607677,-0.000411635,6.51061e-05,-0.00110247,-0.000856553,3.63225e-05,0.000289137,-0.000262859,-0.00203034,-0.000594272,-0.000644418,-0.0014222,0.00121628,-0.00120758,-0.000818863,0.00145632,0.000361481,0.000771698,-0.000630611,0.00190629,0.000527305,-0.00172439,-0.000905287,0.00313401,-0.000751251,-0.000599446,6.52348e-05,-0.000784068,-0.000652211,-0.000150969,-0.000365148,-0.000873844,-0.00107163,7.7284e-05,-0.000110481,-0.00162978,-0.00149188,0.00044479,0.000363798,-0.00128809,0.000112587,0.000395539,-0.000210333,-0.00259644,-0.00028594,-2.90791e-05,-0.000164585,-0.0014655,0.000441678,0.000297449,-1.59684e-05,-0.000806068,-0.000483262,-0.0011282,0.00059923,0.0021458,-0.00212532
0.0559991,0.00139773,0.00195179,-0.00146872,-0.000797871,-0.000477412,-0.000284059,-0.00238042,-0.000413103,-0.000597312,0.000140596,-0.00411649,0.000564605,-0.000525624,9.8688e-05,-0.00120779,-0.000826723,0.000277345,0.000310244,-0.000210116,-0.00234437,-0.000698902,-0.000799246,-0.00174389,0.00114791,-0.00142822,-0.00102012,0.00143278,0.0003423,0.000769255,-0.000714126,0.00153929,0.000559729,-0.00203439,-0.00103737,0.00318881,-0.000842771,-0.000689988,-1.17018e-06,-0.000947758,-0.000803304,-0.000247564,-0.000460003,-0.00117338,-0.00115386,9.37623e-05,-0.000108461,-0.00185148,-0.00166137,0.000485505,0.000346033,-0.00150775,4.75742e-05,0.000222632,-0.000265745,-0.00286872,-0.000289297,-3.20109e-05,-0.000151011,-0.00169556,0.00036526,0.000256183,-1.1814e-05,-0.00071121,-0.000499476,-0.0012676,0.000669105,0.00181364,-0.00234756
0.0569991,0.00112568,0.00183336,-0.00165725,-0.000873436,-0.000559992,-0.000243394,-0.00280813,-0.000468493,-0.000654268,0.000164168,-0.0043108,0.000522564,-0.000637805,0.000131148,-0.00130631,-0.000794362,0.000513936,0.000328964,-0.000157003,-0.00264264,-0.000798547,-0.000948956,-0.00205291,0.00107769,-0.00163818,-0.00121358,0.00140323,0.000323226,0.000768052,-0.000793325,0.00117371,0.000588619,-0.00233099,-0.00116324,0.00322887,-0.00092927,-0.000776742,-6.65542e-05,-0.00110487,-0.000948933,-0.000341452,-0.000551165,-0.00146202,-0.00123122,0.00010956,-0.000106317,-0.00206188,-0.00182041,0.000523168,0.00032713,-0.00171782,-1.65742e-05,5.08862e-05,-0.000319627,-0.00312625,-0.000291126,-3.44561e-05,-0.000137031,-0.00191496,0.000288331,0.000214952,-7.75954e-06,-0.000614103,-0.000513474,-0.001401,0.000735078,0.00147769,-0.00255709
0.057999,0.000854375,0.00170851,-0.00183599,-0.000944067,-0.000638969,-0.000202756,-0.00321689,-0.000522299,-0.000706103,0.000186421,-0.00448995,0.000481678,-0.000747815,0.000162348,-0.00139774,-0.000759464,0.000745263,0.00034521,-0.000103797,-0.00292421,-0.000892812,-0.00109294,-0.00234815,0.00100596,-0.00183671,-0.00139858,0.00136782,0.000304408,0.000768423,-0.000867852,0.000810794,0.000613924,-0.00261322,-0.00128246,0.0032542,-0.00101049,-0.000859403,-0.000130675,-0.00125488,-0.0010886,-0.000432324,-0.000638358,-0.00173877,-0.00130307,0.000124661,-0.00010406,-0.00226032,-0.00196857,0.000557678,0.000307176,-0.00191759,-7.96277e-05,-0.000119082,-0.000371756,-0.00336822,-0.000291444,-3.64104e-05,-0.000122705,-0.00212299,0.000211216,0.000173905,-3.79312e-06,-0.000515179,-0.000525219,-0.00152793,0.000797024,0.00113928,-0.00275321
0.058999,0.000584719,0.00157775,-0.00200438,-0.00100956,-0.000714106,-0.000162299,-0.00360532,-0.000574392,-0.000752742,0.000207299,-0.00465276,0.000442052,-0.0008553,0.000192159,-0.00148185,-0.000722031,0.000970524,0.000358911,-5.07755e-05,-0.0031882,-0.000981333,-0.00123063,-0.0026286,0.000933035,-0.00202314,-0.00157448,0.00132673,0.00028599,0.000770682,-0.000937376,0.000451736,0.000635613,-0.00288014,-0.00139465,0.00326489,-0.00108618,-0.000937685,-0.000193299,-0.00139731,-0.00122183,-0.00051989,-0.000721329,-0.00200268,-0.00136879,0.000139056,-0.000101699,-0.0024462,-0.00210544,0.00058895,0.000286261,-0.00210639,-0.000141365,-0.000286672,-0.000421918,-0.00359392,-0.000290278,-3.78731e-05,-0.000108098,-0.00231902,0.000134234,0.000133187,9.77193e-08,-0.000414877,-0.000534681,-0.00164799,0.000854844,0.000799738,-0.00293527
0.059999,0.00031759,0.00144166,-0.00216192,-0.00106974,-0.000785189,-0.000122175,-0.00397218,-0.000624649,-0.000794138,0.000226753,-0.00479812,0.000403773,-0.000959915,0.00022046,-0.0015584,-0.000682076,0.00118896,0.000370012,1.78896e-06,-0.00343385,-0.00106378,-0.00136149,-0.00289332,0.000859235,-0.00219686,-0.00174073,0.00128015,0.00026811,0.000775119,-0.0010016,9.76951e-05,0.000653676,-0.00313093,-0.00149944,0.00326107,-0.00115616,-0.00101133,-0.000254204,-0.00153172,-0.00134819,-0.000603884,-0.000799849,-0.00225291,-0.00142778,0.000152736,-9.92449e-05,-0.00261897,-0.00223071,0.000616916,0.000264479,-0.00228363,-0.000201576,-0.000451303,-0.000469909,-0.0038027,-0.000287662,-3.88466e-05,-9.32711e-05,-0.00250247,5.77004e-05,9.29368e-05,3.92597e-06,-0.000313638,-0.000541844,-0.00176078,0.000908457,0.000460389,-0.0031027
0.060999,5.38353e-05,0.0013008,-0.00230818,-0.00112445,-0.000852024,-8.25271e-05,-0.00431634,-0.000672954,-0.000830278,0.000244744,-0.00492495,0.000366909,-0.00106132,0.00024714,-0.00162724,-0.000639621,0.00139984,0.000378474,5.36281e-05,-0.00366049,-0.00113986,-0.00148502,-0.00314146,0.000784866,-0.00235734,-0.00189679,0.00122831,0.000250901,0.000781999,-0.00106024,-0.000250222,0.000668123,-0.00336485,-0.00159653,0.00324295,-0.00122023,-0.00108009,-0.000313179,-0.00165773,-0.0014673,-0.000684059,-0.000873718,-0.00248869,-0.00147947,0.000165699,-9.67065e-05,-0.00277816,-0.0023441,0.000641527,0.000241927,-0.00244877,-0.00026006,-0.000612413,-0.000515538,-0.00399402,-0.000283635,-3.93369e-05,-7.82873e-05,-0.00267282,-1.80749e-05,5.3288e-05,7.70494e-06,-0.0002119,-0.000546698,-0.00186595,0.000957806,0.000122539,-0.003255
0.061999,-0.000205727,0.00115577,-0.00244277,-0.00117358,-0.000914442,-4.34955e-05,-0.0046368,-0.000719201,-0.000861174,0.000261241,-0.00503223,0.000331507,-0.0011592,0.000272096,-0.00168823,-0.000594697,0.00160249,0.000384273,0.00010448,-0.00386756,-0.0012093,-0.00160075,-0.00337227,0.000710226,-0.00250412,-0.00204222,0.00117146,0.000234486,0.000791562,-0.00111306,-0.000590958,0.000678981,-0.00358125,-0.00168565,0.00321082,-0.00127826,-0.00114376,-0.000370024,-0.00177499,-0.00157879,-0.00076019,-0.000942758,-0.00270932,-0.00152332,0.000177944,-9.40939e-05,-0.0029234,-0.00244543,0.000662749,0.000218705,-0.00260133,-0.00031663,-0.000769462,-0.000558625,-0.00416739,-0.000278245,-3.93534e-05,-6.32088e-05,-0.00282965,-9.2791e-05,1.43656e-05,1.14481e-05,-0.000110104,-0.000549247,-0.00196319,0.00100285,-0.00021253,-0.00339177
0.062999,-0.000460314,0.00100716,-0.00256537,-0.00121703,-0.000972294,-5.21181e-06,-0.00493268,-0.000763292,-0.000886871,0.000276224,-0.00511902,0.000297595,-0.00125323,0.000295237,-0.00174126,-0.000547347,0.00179627,0.000387402,0.00015409,-0.0040546,-0.00127189,-0.00170826,-0.00358508,0.000635599,-0.00263681,-0.00217661,0.00110987,0.000218981,0.000804013,-0.00115985,-0.000923509,0.000686301,-0.00377957,-0.00176655,0.00316501,-0.00133014,-0.00120214,-0.000424554,-0.0018832,-0.00168235,-0.000832076,-0.00100682,-0.00291421,-0.00155882,0.000189474,-9.14164e-05,-0.00305433,-0.00253454,0.000680568,0.000194915,-0.00274091,-0.00037111,-0.000921935,-0.000599002,-0.00432244,-0.000271546,-3.89085e-05,-4.8097e-05,-0.00297257,-0.000166155,-2.3712e-05,1.51688e-05,-8.68225e-06,-0.000549503,-0.00205222,0.00104358,-0.000543559,-0.00351266
0.0639989,-0.000709179,0.000855591,-0.00267572,-0.00125474,-0.00102546,3.21993e-05,-0.00520322,-0.000805135,-0.000907438,0.000289681,-0.00518445,0.000265182,-0.00134311,0.000316479,-0.00178629,-0.000497626,0.00198059,0.000387868,0.000202212,-0.00422125,-0.00132744,-0.00180717,-0.00377932,0.000561259,-0.0027551,-0.00229962,0.00104384,0.000204493,0.00081953,-0.00120043,-0.00124693,0.000690147,-0.00395934,-0.00183905,0.00310593,-0.00137577,-0.00125509,-0.000476594,-0.00198211,-0.00177771,-0.000899541,-0.00106577,-0.00310284,-0.00158549,0.000200294,-8.86838e-05,-0.00317073,-0.00261135,0.000694985,0.000170659,-0.00286716,-0.000423337,-0.00106934,-0.000636519,-0.00445885,-0.000263598,-3.80179e-05,-3.30122e-05,-0.00310129,-0.000237885,-6.08341e-05,1.88804e-05,9.19362e-05,-0.000547489,-0.0021328,0.00107999,-0.000869319,-0.0036174
0.0649989,-0.000951612,0.000701685,-0.00277362,-0.00128667,-0.00107383,6.86206e-05,-0.0054478,-0.000844647,-0.000922973,0.00030161,-0.00522772,0.000234259,-0.00142856,0.000335752,-0.00182328,-0.000445599,0.00215489,0.000385698,0.000248612,-0.00436724,-0.00137579,-0.00189713,-0.00395452,0.000487465,-0.00285876,-0.00241096,0.000973667,0.000191119,0.000838251,-0.00123465,-0.00156032,0.000690604,-0.00412018,-0.00190299,0.00303404,-0.00141511,-0.00130246,-0.000525986,-0.0020715,-0.00186462,-0.000962428,-0.00111952,-0.00327478,-0.0016029,0.000210413,-8.59055e-05,-0.00327239,-0.00267586,0.000706018,0.000146042,-0.0029798,-0.000473162,-0.00121121,-0.000671035,-0.00457642,-0.000254466,-3.67002e-05,-1.80138e-05,-0.00321557,-0.000307709,-9.68981e-05,2.25958e-05,0.000191332,-0.000543238,-0.00220472,0.0011121,-0.00118862,-0.00370581
0.0659989,-0.00118694,0.000546065,-0.00285892,-0.00131281,-0.00111733,0.000103943,-0.00566593,-0.000881755,-0.000933597,0.000312015,-0.00524809,0.000204798,-0.0015093,0.000352995,-0.00185227,-0.000391344,0.00231869,0.000380931,0.000293064,-0.00449242,-0.00141683,-0.00197787,-0.00411029,0.00041446,-0.00294763,-0.00251041,0.000899688,0.000178947,0.00086028,-0.0012624,-0.00186287,0.000687772,-0.00426181,-0.00195826,0.00294984,-0.00144812,-0.00134414,-0.000572585,-0.00215123,-0.00194289,-0.00102061,-0.001168,-0.00342969,-0.00161064,0.000219841,-8.30912e-05,-0.0033592,-0.00272808,0.000713702,0.000121169,-0.00307862,-0.000520448,-0.00134712,-0.000702428,-0.00467502,-0.000244221,-3.49769e-05,-3.15958e-06,-0.00331526,-0.00037537,-0.000131809,2.63274e-05,0.000289094,-0.000536791,-0.00226783,0.00113996,-0.00150031,-0.00377779
0.0669989,-0.00141454,0.00038936,-0.00293155,-0.00133318,-0.00115591,0.000138066,-0.00585724,-0.000916391,-0.000939456,0.000320911,-0.00524495,0.000176753,-0.00158508,0.000368159,-0.0018733,-0.00033495,0.00247154,0.000373624,0.000335358,-0.00459672,-0.00145049,-0.00204911,-0.00424636,0.000342471,-0.00302162,-0.0025978,0.000822244,0.000168051,0.000885684,-0.0012836,-0.00215379,0.000681769,-0.00438403,-0.0020048,0.00285391,-0.00147482,-0.00138005,-0.00061626,-0.00222116,-0.00201237,-0.00107397,-0.00121115,-0.00356733,-0.00160836,0.00022859,-8.02504e-05,-0.00343112,-0.00276813,0.000718087,9.6145e-05,-0.00316348,-0.000565074,-0.00147665,-0.000730589,-0.00475458,-0.000232938,-3.28724e-05,1.14945e-05,-0.00340025,-0.000440621,-0.000165481,3.0087e-05,0.000384826,-0.0005282,-0.00232199,0.00116361,-0.00180328,-0.0038333
0.0679989,-0.00163382,0.000232194,-0.00299147,-0.00134781,-0.00118952,0.000170897,-0.00602149,-0.000948496,-0.000940718,0.000328321,-0.00521775,0.000150064,-0.00165565,0.000381206,-0.00188646,-0.00027652,0.00261304,0.000363847,0.000375296,-0.0046802,-0.00147673,-0.00211068,-0.00436253,0.000271709,-0.00308072,-0.00267302,0.000741693,0.000158497,0.000914487,-0.00129821,-0.00243239,0.000672725,-0.00448674,-0.00204257,0.00274686,-0.00149522,-0.00141013,-0.000656896,-0.00228125,-0.00207294,-0.00112244,-0.00124895,-0.00368752,-0.00159577,0.000236675,-7.73929e-05,-0.00348817,-0.00279615,0.000719239,7.10751e-05,-0.0032343,-0.000606932,-0.00159944,-0.000755426,-0.00481515,-0.000220696,-3.04133e-05,2.5894e-05,-0.00347052,-0.000503232,-0.000197836,3.38856e-05,0.000478143,-0.000517524,-0.00236712,0.00118313,-0.00209648,-0.00387238
0.0689989,-0.00184423,7.5192e-05,-0.00303871,-0.00135678,-0.00121817,0.000202353,-0.00615857,-0.000978019,-0.000937571,0.000334274,-0.00516604,0.000124653,-0.00172078,0.000392108,-0.00189187,-0.00021617,0.00274284,0.000351686,0.000412694,-0.00474298,-0.00149555,-0.00216239,-0.00445872,0.000202366,-0.00312499,-0.00273603,0.000658406,0.000150338,0.000946674,-0.0013062,-0.00269802,0.000660786,-0.00456994,-0.00207158,0.00262934,-0.0015094,-0.00143436,-0.000694392,-0.00233146,-0.00212454,-0.00116596,-0.0012814,-0.00379018,-0.0015726,0.000244109,-7.45285e-05,-0.00353045,-0.00281235,0.000717237,4.60632e-05,-0.00329105,-0.000645926,-0.00171512,-0.000776864,-0.00485684,-0.000207579,-2.7629e-05,3.9987e-05,-0.00352611,-0.000562987,-0.000228805,3.77332e-05,0.000568675,-0.000504834,-0.00240317,0.00119861,-0.0023789,-0.00389515
0.0699988,-0.00204528,-8.103e-05,-0.00307337,-0.00136018,-0.00124186,0.00023236,-0.00626849,-0.00100491,-0.00093022,0.000338808,-0.00508947,0.000100428,-0.00178028,0.000400852,-0.00188969,-0.000154026,0.00286065,0.000337241,0.000447384,-0.00478529,-0.00150698,-0.00220415,-0.00453492,0.000134617,-0.00315458,-0.00278683,0.000572764,0.000143615,0.00098219,-0.00130762,-0.00295011,0.000646109,-0.00463368,-0.00209189,0.00250206,-0.00151743,-0.00145272,-0.000728665,-0.00237181,-0.00216712,-0.00120448,-0.00130853,-0.00387532,-0.00153866,0.000250911,-7.1667e-05,-0.00355809,-0.00281697,0.000712173,2.12123e-05,-0.00333378,-0.000681979,-0.00182339,-0.000794842,-0.00487983,-0.000193673,-2.45507e-05,5.37236e-05,-0.00356712,-0.000619688,-0.000258326,4.16388e-05,0.000656071,-0.000490205,-0.00243013,0.00121014,-0.00264958,-0.0039018
0.0709988,-0.00223651,-0.000235864,-0.00309558,-0.00135813,-0.00126062,0.000260852,-0.00635138,-0.00102915,-0.000918891,0.000341967,-0.00498779,7.72833e-05,-0.00183396,0.000407433,-0.00188011,-9.02288e-05,0.00296622,0.000320626,0.000479214,-0.00480743,-0.00151111,-0.00223589,-0.00459122,6.8616e-05,-0.00316968,-0.00282548,0.000485156,0.000138356,0.00102093,-0.00130251,-0.00318815,0.000628864,-0.00467814,-0.00210359,0.00236575,-0.00151942,-0.00146525,-0.000759645,-0.00240238,-0.0022007,-0.00123799,-0.00133039,-0.00394303,-0.0014938,0.000257096,-6.88183e-05,-0.00357133,-0.00281032,0.000704156,-3.37681e-06,-0.00336261,-0.000715023,-0.00192397,-0.000809318,-0.00488439,-0.000179066,-2.12118e-05,6.70562e-05,-0.00359371,-0.000673152,-0.000286347,4.56104e-05,0.000739997,-0.000473723,-0.00244803,0.00121783,-0.00290766,-0.00389259
0.0719988,-0.0024175,-0.000388713,-0.00310553,-0.00135076,-0.0012745,0.000287774,-0.00640749,-0.00105069,-0.00090382,0.000343801,-0.00486087,5.51027e-05,-0.00188164,0.000411857,-0.00186333,-2.49305e-05,0.00305937,0.000301968,0.00050805,-0.00480982,-0.00150804,-0.0022576,-0.0046278,4.5e-06,-0.00317056,-0.00285211,0.000395978,0.000134578,0.00106277,-0.00129095,-0.00341168,0.00060923,-0.00470355,-0.00210678,0.00222117,-0.00151552,-0.00147198,-0.000787278,-0.00242326,-0.00222531,-0.00126651,-0.00134704,-0.00399347,-0.00143792,0.000262683,-6.59925e-05,-0.00357043,-0.00279274,0.000693302,-2.76051e-05,-0.00337769,-0.000745008,-0.00201661,-0.000820265,-0.00487084,-0.00016385,-1.76473e-05,7.994e-05,-0.00360612,-0.000723213,-0.000312824,4.96544e-05,0.000820138,-0.000455478,-0.00245694,0.00122181,-0.00315228,-0.00386784
0.0729988,-0.0025879,-0.000538993,-0.00310346,-0.00133823,-0.00128357,0.000313079,-0.0064372,-0.00106951,-0.00088526,0.000344368,-0.00470868,3.37579e-05,-0.00192317,0.000414145,-0.0018396,4.1704e-05,0.00313996,0.000281404,0.000533774,-0.00479292,-0.00149791,-0.00226929,-0.00464492,-5.76142e-05,-0.00315755,-0.00286689,0.000305632,0.000132284,0.00110751,-0.00127308,-0.00362032,0.000587396,-0.00471024,-0.00210165,0.00206911,-0.00150587,-0.00147298,-0.000811525,-0.00243461,-0.00224105,-0.00129005,-0.00135857,-0.0040269,-0.00137099,0.000267687,-6.31997e-05,-0.00355572,-0.00276464,0.000679742,-5.13765e-05,-0.00337925,-0.000771896,-0.00210109,-0.000827673,-0.0048396,-0.000148118,-1.38937e-05,9.23328e-05,-0.00360461,-0.000769724,-0.00033772,5.37762e-05,0.000896202,-0.00043557,-0.00245695,0.00122222,-0.0033827,-0.00382794
0.0739988,-0.00274737,-0.000686139,-0.00308967,-0.00132072,-0.00128792,0.000336728,-0.00644098,-0.0010856,-0.000863473,0.000343728,-0.00453129,1.31117e-05,-0.00195843,0.000414324,-0.00180919,0.000109498,0.00320789,0.000259084,0.000556287,-0.00475731,-0.0014809,-0.00227104,-0.00464294,-0.000117629,-0.00313106,-0.00287003,0.000214521,0.000131465,0.00115492,-0.00124905,-0.00381375,0.000563557,-0.0046986,-0.00208837,0.00191039,-0.00149065,-0.00146836,-0.000832362,-0.00243662,-0.00224803,-0.00130869,-0.0013651,-0.00404363,-0.00129304,0.000272128,-6.04501e-05,-0.00352759,-0.00272642,0.000663616,-7.45977e-05,-0.00336758,-0.000795662,-0.00217723,-0.000831549,-0.00479113,-0.000131963,-9.98881e-06,0.000104195,-0.00358954,-0.000812556,-0.000361009,5.79796e-05,0.000967916,-0.000414102,-0.00244821,0.00121918,-0.00359823,-0.00377333
0.0749988,-0.00289565,-0.000829602,-0.00306448,-0.00129843,-0.00128766,0.000358694,-0.00641941,-0.00109894,-0.00083873,0.000341948,-0.0043289,-6.98076e-06,-0.00198731,0.000412435,-0.00177239,0.000178264,0.00326313,0.00023517,0.000575508,-0.0047036,-0.00145722,-0.00226297,-0.00462228,-0.000175466,-0.00309154,-0.00286182,0.000123051,0.000132098,0.00120476,-0.00121903,-0.00399171,0.000537915,-0.0046691,-0.00206717,0.00174585,-0.00147007,-0.00145823,-0.000849782,-0.0024295,-0.0022464,-0.00132248,-0.00136675,-0.00404405,-0.00120415,0.000276021,-5.77537e-05,-0.00348649,-0.00267856,0.000645072,-9.71792e-05,-0.003343,-0.000816295,-0.00224488,-0.000831916,-0.00472596,-0.00011548,-5.9715e-06,0.000115491,-0.00356128,-0.0008516,-0.000382668,6.22668e-05,0.00103503,-0.000391186,-0.00243087,0.00121286,-0.00379822,-0.00370454
0.0759988,-0.0030325,-0.000968853,-0.00302827,-0.00127158,-0.00128291,0.000378956,-0.00637318,-0.00110954,-0.000811312,0.000339099,-0.00410181,-2.66705e-05,-0.00200972,0.000408529,-0.00172952,0.000247803,0.00330569,0.00020983,0.000591375,-0.0046325,-0.00142711,-0.00224524,-0.00458345,-0.000231066,-0.00303949,-0.00284257,3.16269e-05,0.00013415,0.00125669,-0.00118323,-0.00415401,0.000510678,-0.00462228,-0.00203832,0.00157632,-0.00144434,-0.00144272,-0.000863791,-0.00241351,-0.00223635,-0.00133151,-0.00136367,-0.00402862,-0.00110447,0.000279384,-5.51208e-05,-0.00343289,-0.00262155,0.000624269,-0.000119035,-0.00330589,-0.000833798,-0.00230391,-0.000828813,-0.00464468,-9.87617e-05,-1.88132e-06,0.000126187,-0.00352028,-0.000886762,-0.000402687,6.66385e-05,0.00109733,-0.000366936,-0.00240516,0.00120341,-0.00398214,-0.00362211
0.0769987,-0.00315773,-0.00110339,-0.00298145,-0.00124038,-0.00127381,0.000397502,-0.00630306,-0.00111739,-0.000781501,0.000335255,-0.00385046,-4.61129e-05,-0.00202559,0.000402667,-0.00168091,0.000317905,0.00333563,0.000183243,0.000603845,-0.00454476,-0.00139084,-0.00221805,-0.00452702,-0.000284387,-0.00297547,-0.00281263,-5.9351e-05,0.000137573,0.00131039,-0.0011419,-0.00430051,0.000482056,-0.00455874,-0.0020021,0.00140267,-0.00141369,-0.001422,-0.000874408,-0.00238895,-0.0022181,-0.0013359,-0.00135602,-0.00399787,-0.000994211,0.000282232,-5.25614e-05,-0.00336732,-0.00255593,0.000601371,-0.000140084,-0.00325669,-0.000848185,-0.00235425,-0.000822295,-0.00454792,-8.19029e-05,2.24168e-06,0.000136253,-0.00346702,-0.000917972,-0.000421058,7.1094e-05,0.00115461,-0.000341472,-0.00237129,0.00119098,-0.0041495,-0.00352666
0.0779987,-0.0032712,-0.00123273,-0.00292448,-0.0012051,-0.00126052,0.000414331,-0.00620992,-0.0011225,-0.000749585,0.000330493,-0.00357538,-6.54662e-05,-0.00203489,0.000394917,-0.00162692,0.000388351,0.00335305,0.000155594,0.000612893,-0.0044412,-0.0013487,-0.00218164,-0.00445363,-0.000335406,-0.0029001,-0.00277243,-0.000149486,0.000142308,0.00136546,-0.00109531,-0.00443113,0.000452263,-0.00447916,-0.00195881,0.00122576,-0.00137837,-0.00139624,-0.000881669,-0.00235613,-0.0021919,-0.00133577,-0.00134399,-0.00395238,-0.000873639,0.000284579,-5.00856e-05,-0.00329036,-0.00248223,0.000576551,-0.000160249,-0.00319587,-0.000859482,-0.00239585,-0.000812432,-0.00443638,-6.4996e-05,6.3572e-06,0.000145661,-0.00340203,-0.000945174,-0.000437784,7.56306e-05,0.00120669,-0.000314917,-0.00232955,0.00117575,-0.00429989,-0.00341886
0.0789987,-0.0033728,-0.00135641,-0.00285785,-0.00116598,-0.00124319,0.000429448,-0.00609472,-0.00112487,-0.000715853,0.000324892,-0.00327724,-8.48899e-05,-0.00203758,0.00038536,-0.00156791,0.000458912,0.00335812,0.000127074,0.000618515,-0.00432269,-0.00130102,-0.0021363,-0.004364,-0.000384119,-0.00281402,-0.00272239,-0.000238387,0.000148284,0.00142149,-0.00104373,-0.00454585,0.000421511,-0.00438423,-0.00190879,0.00104644,-0.00133866,-0.00136565,-0.000885621,-0.00231542,-0.00215802,-0.00133126,-0.00132775,-0.00389279,-0.000743089,0.00028644,-4.7703e-05,-0.00320261,-0.00240104,0.000549984,-0.000179458,-0.00312395,-0.000867728,-0.00242868,-0.000799309,-0.00431079,-4.8132e-05,1.0425e-05,0.000154387,-0.00332586,-0.000968334,-0.000452872,8.02443e-05,0.00125342,-0.000287399,-0.00228021,0.00115788,-0.00443298,-0.00329939
0.0799987,-0.00346248,-0.00147402,-0.00278205,-0.00112329,-0.001222,0.000442864,-0.00595848,-0.00112454,-0.000680592,0.000318535,-0.00295682,-0.000104543,-0.00203366,0.000374084,-0.00150426,0.000529352,0.00335102,9.78814e-05,0.000620725,-0.00419015,-0.00124814,-0.00208235,-0.00425888,-0.000430534,-0.00271793,-0.002663,-0.000325673,0.000155418,0.00147802,-0.000987488,-0.00464471,0.000390015,-0.00427475,-0.00185242,0.000865587,-0.00129482,-0.00133043,-0.000886324,-0.00226718,-0.00211677,-0.00132253,-0.00130752,-0.00381978,-0.000602953,0.000287826,-4.54234e-05,-0.0031047,-0.00231294,0.000521852,-0.000197644,-0.00304147,-0.000872971,-0.00245275,-0.000783026,-0.00417191,-3.14001e-05,1.4405e-05,0.000162412,-0.00323912,-0.000987437,-0.000466336,8.49294e-05,0.00129469,-0.000259047,-0.0022236,0.00113753,-0.00454849,-0.00316901
0.0809987,-0.00354022,-0.00158516,-0.00269764,-0.00107731,-0.00119715,0.0004546,-0.0058023,-0.00112151,-0.00064409,0.000311501,-0.002615,-0.000124581,-0.00202316,0.000361185,-0.00143636,0.000599427,0.003332,6.82156e-05,0.000619553,-0.00404452,-0.00119043,-0.00202013,-0.0041391,-0.000474679,-0.00261254,-0.00259476,-0.000410972,0.000163616,0.00153457,-0.000926914,-0.0047278,0.000357986,-0.00415152,-0.00179005,0.000684041,-0.00124714,-0.00129082,-0.000883853,-0.00221182,-0.00206848,-0.00130975,-0.0012835,-0.00373409,-0.000453687,0.000288748,-4.3256e-05,-0.00299732,-0.00221855,0.000492339,-0.000214746,-0.00294903,-0.00087527,-0.0024681,-0.000763696,-0.00402057,-1.48868e-05,1.82579e-05,0.000169716,-0.00314244,-0.00100248,-0.000478196,8.96782e-05,0.0013304,-0.000229992,-0.00216006,0.00111489,-0.00464626,-0.00302848
0.0819987,-0.00360602,-0.00168945,-0.00260519,-0.00102833,-0.00116884,0.000464685,-0.00562735,-0.00111581,-0.000606627,0.000303875,-0.00225281,-0.000145157,-0.00200613,0.000346766,-0.00136462,0.000668886,0.00330133,3.82804e-05,0.000615051,-0.0038868,-0.00112827,-0.00195005,-0.00400553,-0.000516594,-0.00249862,-0.00251822,-0.000493924,0.000172774,0.00159064,-0.000862361,-0.00479524,0.000325633,-0.0040154,-0.00172209,0.000502641,-0.00119591,-0.00124706,-0.000878291,-0.00214976,-0.00201349,-0.0012931,-0.00125593,-0.0036365,-0.000295804,0.000289215,-4.12098e-05,-0.00288116,-0.00211848,0.000461631,-0.000230709,-0.00284724,-0.000874694,-0.00247482,-0.000741443,-0.00385761,1.32414e-06,2.19451e-05,0.000176286,-0.00303648,-0.00101349,-0.000488476,9.4482e-05,0.00136048,-0.000200368,-0.00208996,0.00109011,-0.00472616,-0.00287861
0.0829986,-0.00365996,-0.00178657,-0.00250527,-0.000976627,-0.00113727,0.00047315,-0.00543484,-0.00110747,-0.00056848,0.000295737,-0.00187135,-0.000166418,-0.00198261,0.000330939,-0.00128944,0.000737474,0.00325935,8.28062e-06,0.000607287,-0.00371801,-0.00106207,-0.00187251,-0.00385906,-0.000556334,-0.00237695,-0.00243393,-0.000574183,0.000182777,0.00164567,-0.0007942,-0.00484723,0.000293159,-0.00386728,-0.00164896,0.000322209,-0.00114144,-0.00119941,-0.000869734,-0.00208143,-0.00195219,-0.00127277,-0.00122502,-0.00352781,-0.000129879,0.000289235,-3.92931e-05,-0.00275692,-0.00201336,0.000429916,-0.000245483,-0.00273675,-0.000871322,-0.00247299,-0.000716407,-0.00368389,1.71522e-05,2.5429e-05,0.000182111,-0.00292191,-0.00102051,-0.000497207,9.933e-05,0.00138487,-0.000170307,-0.00201369,0.00106337,-0.00478814,-0.00272022
0.0839986,-0.00370212,-0.00187621,-0.00239849,-0.000922509,-0.00110265,0.000480038,-0.00522603,-0.00109652,-0.000529916,0.00028717,-0.00147187,-0.000188503,-0.0019527,0.000313821,-0.00121124,0.00080493,0.00320641,-2.15784e-05,0.000596346,-0.00353918,-0.000992236,-0.00178796,-0.00370065,-0.000593965,-0.00224832,-0.00234249,-0.000651418,0.000193502,0.00169912,-0.000722815,-0.00488399,0.000260765,-0.00370808,-0.00157108,0.000143548,-0.00108404,-0.00114813,-0.000858287,-0.00200729,-0.00188495,-0.00124897,-0.00119103,-0.00340887,4.34603e-05,0.000288813,-3.75138e-05,-0.00262534,-0.00190381,0.000397381,-0.000259025,-0.00261821,-0.000865238,-0.00246274,-0.000688737,-0.00350029,3.25208e-05,2.86734e-05,0.000187182,-0.00279943,-0.00102358,-0.000504423,0.00010421,0.00140357,-0.000139944,-0.00193165,0.00103482,-0.00483225,-0.00255416
0.0849986,-0.00373264,-0.00195811,-0.00228547,-0.000866272,-0.00106521,0.000485392,-0.00500224,-0.00108299,-0.000491197,0.000278253,-0.00105571,-0.000211543,-0.00191651,0.000295533,-0.00113042,0.000870991,0.00314289,-5.10925e-05,0.000582331,-0.00335137,-0.000919204,-0.00169688,-0.00353128,-0.000629565,-0.00211356,-0.0022445,-0.000725313,0.000204816,0.0017504,-0.000648606,-0.00490581,0.000228642,-0.00353875,-0.00148889,-3.2565e-05,-0.00102402,-0.00109351,-0.000844067,-0.00192782,-0.00181218,-0.00122191,-0.00115418,-0.00328054,0.000223529,0.000287954,-3.58794e-05,-0.00248717,-0.00179047,0.000364214,-0.000271297,-0.00249233,-0.000856537,-0.00244424,-0.000658592,-0.00330774,4.73571e-05,3.16435e-05,0.000191495,-0.00266976,-0.00102278,-0.000510161,0.000109109,0.00141659,-0.000109412,-0.00184426,0.00100463,-0.00485858,-0.0023813
0.0859986,-0.00375166,-0.00203204,-0.00216682,-0.000808215,-0.00102517,0.000489263,-0.00476482,-0.00106693,-0.000452571,0.000269064,-0.000624314,-0.000235657,-0.00187416,0.000276204,-0.00104741,0.000935391,0.00306923,-8.00595e-05,0.000565359,-0.00315565,-0.000843411,-0.00159977,-0.00335195,-0.000663222,-0.00197349,-0.00214058,-0.000795571,0.00021658,0.00179892,-0.000571982,-0.00491299,0.000196976,-0.00336027,-0.00140282,-0.000205378,-0.000961686,-0.00103583,-0.000827198,-0.00184349,-0.00173431,-0.0011918,-0.00111474,-0.00314372,0.000409591,0.00028666,-3.43962e-05,-0.00234317,-0.00167397,0.000330599,-0.000282269,-0.00235979,-0.000845319,-0.00241765,-0.000626143,-0.00310714,6.15929e-05,3.43066e-05,0.000195047,-0.00253363,-0.0010182,-0.000514462,0.000114011,0.00142394,-7.88426e-05,-0.00175196,0.000972964,-0.0048673,-0.0022025
0.0869986,-0.0037594,-0.00209779,-0.0020432,-0.000748637,-0.000982767,0.000491706,-0.00451512,-0.00104838,-0.000414277,0.000259677,-0.000179231,-0.000260953,-0.00182581,0.000255966,-0.000962619,0.000997865,0.00298588,-0.000108281,0.000545564,-0.00295309,-0.000765304,-0.00149714,-0.00316368,-0.00069503,-0.00182896,-0.00203136,-0.000861913,0.000228646,0.00184408,-0.000493361,-0.00490589,0.000165942,-0.0031736,-0.00131334,-0.00037417,-0.000897361,-0.000975386,-0.000807811,-0.00175478,-0.00165175,-0.00115887,-0.00107293,-0.00299929,0.000600858,0.000284932,-3.30701e-05,-0.00219408,-0.00155493,0.000296718,-0.000291918,-0.00222132,-0.00083169,-0.00238319,-0.000591568,-0.00289943,7.51645e-05,3.66317e-05,0.000197839,-0.00239176,-0.00100993,-0.000517372,0.000118901,0.0014257,-4.83669e-05,-0.0016552,0.000939963,-0.00485864,-0.00201865
0.0879986,-0.00375606,-0.00215522,-0.00191522,-0.000687838,-0.000938219,0.000492781,-0.00425455,-0.00102738,-0.00037654,0.000250166,0.000277896,-0.000287528,-0.00177161,0.000234953,-0.000876449,0.00105815,0.00289333,-0.000135562,0.000523092,-0.00274477,-0.000685334,-0.00138954,-0.00296752,-0.000725093,-0.00168081,-0.00191748,-0.000924083,0.00024086,0.00188526,-0.000413167,-0.0048849,0.000135707,-0.00297975,-0.00122091,-0.000538255,-0.000831357,-0.000912477,-0.000786046,-0.00166219,-0.00156495,-0.00112335,-0.00102903,-0.00284817,0.000796499,0.000282769,-3.19058e-05,-0.00204068,-0.00143395,0.000262751,-0.000300225,-0.00207763,-0.000815764,-0.00234109,-0.000555052,-0.00268554,8.80132e-05,3.85901e-05,0.000199876,-0.0022449,-0.0009981,-0.000518938,0.00012376,0.00142194,-1.8113e-05,-0.00155443,0.000905777,-0.0048329,-0.00183063
0.0889985,-0.0037419,-0.00220418,-0.00178354,-0.000626111,-0.000891764,0.00049255,-0.0039845,-0.00100397,-0.000339571,0.000240598,0.000745331,-0.000315459,-0.00171177,0.000213305,-0.000789306,0.00111597,0.00279207,-0.000161715,0.000498105,-0.00253176,-0.000603955,-0.00127752,-0.00276453,-0.000753519,-0.00152987,-0.00179959,-0.000981843,0.000253064,0.00192186,-0.000331827,-0.00485042,0.000106428,-0.00277971,-0.00112597,-0.00069698,-0.000763986,-0.000847405,-0.00076205,-0.00156622,-0.00147436,-0.00108547,-0.000983258,-0.00269129,0.000995635,0.000280168,-3.09071e-05,-0.00188372,-0.00131166,0.00022887,-0.00030718,-0.00192945,-0.000797656,-0.0022916,-0.000516788,-0.00246639,0.000100086,4.01555e-05,0.000201163,-0.00209378,-0.000982836,-0.000519208,0.000128571,0.00141276,1.17933e-05,-0.00145012,0.000870544,-0.00479046,-0.00163933
0.0899985,-0.0037172,-0.0022446,-0.00164878,-0.000563748,-0.000843634,0.000491079,-0.00370638,-0.000978205,-0.000303568,0.000231038,0.00122126,-0.000344813,-0.00164648,0.00019116,-0.000701586,0.00117108,0.00268265,-0.000186558,0.000470776,-0.00231511,-0.000521621,-0.00116163,-0.00255575,-0.000780418,-0.00137699,-0.00167834,-0.00103498,0.000265095,0.00195326,-0.000249773,-0.00480292,7.82499e-05,-0.00257448,-0.00102898,-0.000849734,-0.000695554,-0.000780477,-0.000735972,-0.00146735,-0.00138042,-0.00104546,-0.000935878,-0.00252954,0.00119735,0.000277127,-3.00767e-05,-0.00172395,-0.00118862,0.000195244,-0.000312778,-0.00177751,-0.000777487,-0.00223498,-0.000476976,-0.00224293,0.000111334,4.13041e-05,0.000201709,-0.00193913,-0.00096428,-0.000518232,0.000133314,0.0013983,4.123e-05,-0.00134274,0.0008344,-0.00473172,-0.00144561
0.0909985,-0.00368226,-0.00227641,-0.00151157,-0.000501032,-0.000794058,0.000488434,-0.0034216,-0.000950138,-0.000268712,0.000221546,0.00170377,-0.000375637,-0.00157597,0.00016866,-0.000613673,0.00122322,0.00256562,-0.000209918,0.000441287,-0.00209587,-0.000438784,-0.00104247,-0.00234224,-0.000805905,-0.00122297,-0.00155436,-0.0010833,0.000276786,0.00197885,-0.000167433,-0.00474286,5.13064e-05,-0.00236505,-0.000930406,-0.000995945,-0.000626364,-0.000711997,-0.000707968,-0.00136609,-0.00128359,-0.00100355,-0.000887129,-0.00236385,0.00140069,0.000273639,-2.94159e-05,-0.00156212,-0.00106541,0.000162037,-0.000317022,-0.00162253,-0.000755381,-0.00217153,-0.000435817,-0.00201605,0.000121714,4.20151e-05,0.000201528,-0.00178169,-0.000942585,-0.000516063,0.000137968,0.00137869,7.00785e-05,-0.00123275,0.000797469,-0.00465716,-0.00125035
0.0919985,-0.00363741,-0.0022996,-0.00137254,-0.000438243,-0.000743265,0.000484686,-0.00313156,-0.00091982,-0.000235168,0.000212177,0.00219091,-0.00040796,-0.00150048,0.000145947,-0.000525943,0.00127214,0.00244155,-0.000231631,0.000409833,-0.00187506,-0.000355891,-0.000920612,-0.00212505,-0.000830096,-0.00106863,-0.0014283,-0.00112663,0.000287969,0.00199804,-8.52343e-05,-0.00467073,2.57183e-05,-0.0021524,-0.000830687,-0.00113509,-0.000556714,-0.000642272,-0.0006782,-0.00126291,-0.00118432,-0.000959967,-0.000837249,-0.00219512,0.00160466,0.000269698,-2.89251e-05,-0.00139896,-0.000942583,0.000129403,-0.000319921,-0.00146523,-0.000731463,-0.00210157,-0.000393518,-0.00178668,0.000131191,4.22703e-05,0.000200631,-0.00162217,-0.000917918,-0.000512753,0.000142512,0.00135411,9.82247e-05,-0.00112064,0.000759872,-0.00456732,-0.00105438
0.0929985,-0.00358298,-0.00231419,-0.00123229,-0.000375648,-0.000691481,0.000479905,-0.00283764,-0.000887307,-0.000203085,0.00020298,0.00268063,-0.000441794,-0.00142028,0.000123161,-0.000438756,0.00131759,0.00231102,-0.000251541,0.000376616,-0.00165368,-0.000273383,-0.000796647,-0.00190521,-0.000853104,-0.000914764,-0.0013008,-0.00116484,0.000298474,0.00201024,-3.59828e-06,-0.00458707,1.59379e-06,-0.0019375,-0.000730269,-0.00126667,-0.00048689,-0.000571605,-0.000646828,-0.0011583,-0.00108306,-0.000914951,-0.000786473,-0.00202422,0.00180825,0.000265297,-2.86029e-05,-0.00123517,-0.000820663,9.74904e-05,-0.00032149,-0.00130632,-0.000705863,-0.00202541,-0.000350288,-0.00155569,0.000139733,4.20546e-05,0.000199037,-0.00146127,-0.00089045,-0.000508355,0.000146925,0.00132474,0.000125559,-0.00100687,0.000721717,-0.00446278,-0.00085855
0.0939985,-0.00351935,-0.00232023,-0.00109143,-0.000313507,-0.000638926,0.000474163,-0.00254121,-0.000852656,-0.000172595,0.000194,0.00317084,-0.000477131,-0.00133563,0.000100444,-0.000352462,0.00135935,0.00217463,-0.000269506,0.000341848,-0.0014327,-0.00019169,-0.000671165,-0.00168376,-0.000875041,-0.000762134,-0.00117246,-0.00119781,0.000308131,0.0020149,7.70604e-05,-0.0044924,-2.09724e-05,-0.0017213,-0.000629582,-0.00139027,-0.000417172,-0.000500295,-0.000614018,-0.00105272,-0.000980259,-0.000868724,-0.000735026,-0.00185202,0.00201043,0.000260428,-2.84467e-05,-0.00107146,-0.000700153,6.64397e-05,-0.00032175,-0.00114649,-0.000678708,-0.0019434,-0.000306338,-0.00132397,0.000147315,4.13562e-05,0.000196764,-0.00129968,-0.000860366,-0.000502922,0.000151184,0.00129079,0.000151977,-0.000891904,0.000683109,-0.00434417,-0.000663658
0.0949984,-0.0034469,-0.0023178,-0.000950524,-0.00025207,-0.000585816,0.000467531,-0.0022436,-0.000815926,-0.000143811,0.000185275,0.00365939,-0.000513942,-0.00124683,7.79314e-05,-0.000267391,0.00139718,0.002033,-0.000285394,0.000305743,-0.00121305,-0.000111233,-0.000544757,-0.0014617,-0.000896015,-0.000611483,-0.00104389,-0.00122543,0.000316771,0.00201147,0.000156337,-0.00438727,-4.18992e-05,-0.00150472,-0.000529051,-0.00150548,-0.00034783,-0.000428638,-0.000579936,-0.000946646,-0.00087636,-0.000821505,-0.00068313,-0.00167938,0.00221014,0.000255081,-2.84522e-05,-0.000908498,-0.000581532,3.63819e-05,-0.00032073,-0.000986435,-0.000650129,-0.00185589,-0.000261878,-0.00109236,0.000153917,4.01663e-05,0.000193831,-0.00113806,-0.000827854,-0.000496505,0.000155266,0.00125247,0.000177381,-0.000776208,0.000644142,-0.00421215,-0.00047049
0.0959984,-0.00336601,-0.00230703,-0.000810142,-0.000191574,-0.000532361,0.000460081,-0.00194611,-0.00077718,-0.000116831,0.00017684,0.0041441,-0.000552181,-0.00115418,5.57605e-05,-0.00018386,0.00143088,0.00188673,-0.000299086,0.000268525,-0.000995641,-3.24178e-05,-0.000418008,-0.00123999,-0.00091613,-0.000463521,-0.00091569,-0.00124765,0.000324226,0.00199944,0.000233836,-0.00427224,-6.11194e-05,-0.00128866,-0.000429083,-0.00161197,-0.000279124,-0.000356923,-0.000544748,-0.000840514,-0.000771796,-0.000773511,-0.000630994,-0.00150709,0.00240629,0.000249249,-2.86135e-05,-0.000746928,-0.000465247,7.43907e-06,-0.000318461,-0.000826806,-0.000620255,-0.00176325,-0.000217117,-0.000861669,0.000159526,3.84794e-05,0.000190262,-0.000977064,-0.000793111,-0.000489158,0.000159149,0.00121001,0.000201678,-0.000660234,0.000604903,-0.00406745,-0.000279801
0.0969984,-0.00327712,-0.00228805,-0.000670821,-0.000132245,-0.000478764,0.000451882,-0.00165002,-0.00073648,-9.17335e-05,0.000168719,0.00462276,-0.000591778,-0.00105801,3.40627e-05,-0.000102167,0.00146025,0.00173646,-0.000310478,0.000230417,-0.000781321,4.43632e-05,-0.000291497,-0.0010196,-0.000935483,-0.000318929,-0.000788417,-0.00126442,0.000330332,0.00197833,0.000309178,-0.00414789,-7.85799e-05,-0.00107399,-0.000330075,-0.00170945,-0.000211299,-0.000285431,-0.000508621,-0.000734758,-0.000666992,-0.000724951,-0.000578822,-0.00133595,0.00259782,0.00024292,-2.89232e-05,-0.000587373,-0.000351719,-2.02764e-05,-0.000314984,-0.000668248,-0.000589215,-0.00166587,-0.000172265,-0.000632705,0.000164135,3.62937e-05,0.000186081,-0.000817309,-0.000756337,-0.00048093,0.00016281,0.00116368,0.00022478,-0.000544423,0.000565471,-0.0039108,-9.23161e-05
0.0979984,-0.00318063,-0.00226106,-0.00053308,-7.42956e-05,-0.000425221,0.000443005,-0.00135654,-0.000693892,-6.85805e-05,0.000160933,0.00509312,-0.000632644,-0.000958626,1.29661e-05,-2.25897e-05,0.00148509,0.0015828,-0.000319478,0.000191648,-0.000570911,0.000118736,-0.000165796,-0.000801429,-0.000954163,-0.00017835,-0.000662619,-0.00127573,0.00033493,0.00194771,0.000381998,-0.0040148,-9.42416e-05,-0.000861546,-0.000232404,-0.00179768,-0.000144591,-0.000214436,-0.000471719,-0.000629791,-0.000562363,-0.000676025,-0.000526806,-0.00116671,0.00278363,0.000236087,-2.9372e-05,-0.000430423,-0.000241337,-4.6662e-05,-0.000310342,-0.000511379,-0.000557136,-0.00156412,-0.000127526,-0.000406226,0.00016774,3.36103e-05,0.000181313,-0.000659387,-0.000717736,-0.000471871,0.000166227,0.00111372,0.000246608,-0.000429206,0.000525916,-0.003743,9.12759e-05
0.0989984,-0.00307697,-0.00222626,-0.000397412,-1.79234e-05,-0.00037192,0.000433516,-0.00106684,-0.000649484,-4.74166e-05,0.000153498,0.00555293,-0.000674669,-0.000856382,-7.40628e-06,5.46108e-05,0.00150525,0.00142638,-0.000326011,0.000152447,-0.00036518,0.000190347,-4.14632e-05,-0.000586367,-0.000972249,-4.23897e-05,-0.000538818,-0.00128157,0.000337864,0.00190716,0.000451946,-0.00387355,-0.00010808,-0.000652126,-0.000136435,-0.00187646,-7.92205e-05,-0.000144201,-0.000434207,-0.000526009,-0.000458309,-0.000626928,-0.000475127,-0.00100008,0.00296264,0.000228739,-2.9949e-05,-0.000276636,-0.00013446,-7.16256e-05,-0.000304585,-0.000356792,-0.000524143,-0.00145841,-8.31027e-05,-0.000182961,0.000170347,3.04342e-05,0.000175986,-0.000503862,-0.000677517,-0.000462029,0.000169375,0.00106041,0.00026709,-0.000315,0.000486303,-0.00356483,0.000270322
0.0999984,-0.0029666,-0.0021839,-0.000264283,3.66868e-05,-0.000319039,0.000423481,-0.000782054,-0.000603327,-2.82695e-05,0.00014642,0.00599994,-0.000717724,-0.000751623,-2.69368e-05,0.000129195,0.00152055,0.00126783,-0.000330014,0.000113041,-0.000164852,0.000258859,8.09567e-05,-0.000375251,-0.000989813,8.83885e-05,-0.000417508,-0.00128199,0.000338985,0.00185634,0.000518693,-0.00372474,-0.000120083,-0.00044649,-4.25089e-05,-0.00194565,-1.53958e-05,-7.49792e-05,-0.000396244,-0.000423788,-0.000355218,-0.000577842,-0.000423958,-0.000836726,0.00313378,0.000220869,-3.06414e-05,-0.000126541,-3.14114e-05,-9.50857e-05,-0.000297768,-0.000205051,-0.000490361,-0.00134914,-3.91906e-05,3.63972e-05,0.000171965,2.67733e-05,0.000170127,-0.000351268,-0.000635889,-0.000451449,0.000172235,0.00100402,0.000286158,-0.000202206,0.000446687,-0.00337715,0.000444209
0.100998,-0.00284995,-0.00213423,-0.000134132,8.93657e-05,-0.000266747,0.000412961,-0.000503235,-0.000555491,-1.11507e-05,0.000139702,0.00643189,-0.000761659,-0.000644706,-4.55139e-05,0.000200945,0.00153088,0.00110777,-0.000331444,7.3657e-05,2.9402e-05,0.000323962,0.000200935,-0.000168878,-0.00100691,0.000213463,-0.000299154,-0.00127704,0.000338155,0.00179493,0.000581929,-0.00356894,-0.000130253,-0.000245353,4.90492e-05,-0.00200515,4.66901e-05,-7.01318e-06,-0.000357989,-0.000323483,-0.000253462,-0.000528943,-0.000373458,-0.000677284,0.00329597,0.000212468,-3.14346e-05,1.93737e-05,6.75154e-05,-0.000116971,-0.000289949,-5.66906e-05,-0.00045591,-0.00123672,4.01866e-06,0.000251192,0.000172607,2.26393e-05,0.000163768,-0.000202104,-0.000593062,-0.000440177,0.000174783,0.000944851,0.000303754,-9.1209e-05,0.000407116,-0.00318079,0.000612364
0.101998,-0.00272748,-0.00207756,-7.37085e-06,0.000139959,-0.000215206,0.000402017,-0.000231391,-0.000506053,3.94406e-06,0.00013334,0.00684654,-0.000806304,-0.000535995,-6.30327e-05,0.000269662,0.00153611,0.000946797,-0.00033027,3.45201e-05,0.000216962,0.000385366,0.000317961,3.1999e-05,-0.0010236,0.000332357,-0.000184193,-0.0012668,0.000335238,0.00172268,0.000641365,-0.00340675,-0.000138608,-4.93892e-05,0.000137936,-0.00205493,0.000106858,5.94681e-05,-0.000319595,-0.000225426,-0.000153396,-0.000480393,-0.000323774,-0.000522336,0.00344818,0.00020353,-3.23125e-05,0.000160651,0.000162062,-0.000137223,-0.000281191,8.77858e-05,-0.000420906,-0.00112156,4.63407e-05,0.000460805,0.000172295,1.80471e-05,0.000156938,-5.68388e-05,-0.000549244,-0.000428255,0.000176999,0.000883186,0.000319827,1.7625e-05,0.000367632,-0.00297664,0.000774256
0.102998,-0.00259965,-0.00201418,0.000115621,0.000188329,-0.000164564,0.000390706,3.25379e-05,-0.000455089,1.70344e-05,0.000127323,0.0072417,-0.000851471,-0.000425861,-7.93957e-05,0.000335169,0.00153613,0.00078553,-0.00032648,-4.15031e-06,0.000397262,0.000442807,0.000431547,0.000226678,-0.0010399,0.000444641,-7.30262e-05,-0.00125138,0.000330113,0.0016394,0.000696738,-0.00323876,-0.000145175,0.000140776,0.000223871,-0.00209498,0.000164945,0.000124248,-0.000281212,-0.000129927,-5.5357e-05,-0.000432346,-0.000275042,-0.000372418,0.00358937,0.000194049,-3.32569e-05,0.000296875,0.000252003,-0.000155791,-0.000271561,0.000227908,-0.000385466,-0.00100408,8.75985e-05,0.000664659,0.000171053,1.30147e-05,0.000149668,8.40967e-05,-0.000504644,-0.000415722,0.000178863,0.000819327,0.000334332,0.00012395,0.000328272,-0.00276557,0.000929399
0.103998,-0.0024669,-0.00194446,0.000234493,0.000234351,-0.000114962,0.000379079,0.000287678,-0.000402681,2.81543e-05,0.000121636,0.00761519,-0.000896955,-0.000314677,-9.45131e-05,0.000397314,0.00153088,0.000624558,-0.000320078,-4.21395e-05,0.000569789,0.000496047,0.000541226,0.000414505,-0.00105584,0.000549934,3.39751e-05,-0.0012309,0.000322666,0.00154493,0.000747804,-0.00306554,-0.000149995,0.000324562,0.000306594,-0.00212536,0.000220802,0.000187124,-0.000242984,-3.72704e-05,4.03361e-05,-0.000384943,-0.000227384,-0.000228017,0.00371854,0.000184021,-3.4248e-05,0.000427664,0.000337148,-0.000172637,-0.000261127,0.000363241,-0.000349698,-0.000884693,0.000127623,0.000862218,0.00016891,7.56356e-06,0.000141992,0.000220306,-0.000459467,-0.000402616,0.000180355,0.000753571,0.000347233,0.000227441,0.000289066,-0.00254846,0.00107735
0.104998,-0.00232971,-0.00186873,0.000348927,0.00027792,-6.65286e-05,0.000367186,0.000533222,-0.00034891,3.7351e-05,0.000116257,0.00796489,-0.000942532,-0.000202821,-0.000108303,0.000455961,0.00152028,0.000464461,-0.000311083,-7.92394e-05,0.000734087,0.000544876,0.000646556,0.00059488,-0.00107142,0.000647901,0.000136476,-0.00120552,0.000312797,0.0014392,0.000794349,-0.00288766,-0.000153123,0.000501442,0.000385869,-0.00214615,0.000274295,0.000247908,-0.00020505,5.22834e-05,0.000133384,-0.000338313,-0.000180912,-8.957e-05,0.00383475,0.000173446,-3.52644e-05,0.000552679,0.000417337,-0.000187734,-0.000249964,0.000493385,-0.000313709,-0.000763815,0.000166255,0.00105299,0.000165901,1.71799e-06,0.000133941,0.000351431,-0.000413915,-0.000388973,0.000181457,0.000686222,0.000358501,0.000327793,0.000250037,-0.00232623,0.00121772
0.105998,-0.00218853,-0.00178737,0.000458637,0.000318944,-1.93823e-05,0.000355073,0.000768437,-0.000293864,4.46847e-05,0.000111161,0.00828874,-0.000987965,-9.06718e-05,-0.000120693,0.000511,0.00150431,0.000305807,-0.000299532,-0.000115249,0.000889755,0.000589108,0.000747121,0.000767253,-0.00108664,0.000738261,0.000234175,-0.00117539,0.000300415,0.0013222,0.000836182,-0.00270569,-0.000154623,0.000670934,0.000461483,-0.0021575,0.000325307,0.000306426,-0.000167543,0.000138499,0.00022351,-0.000292574,-0.000135724,4.25367e-05,0.00393707,0.000162321,-3.62831e-05,0.000671616,0.000492447,-0.000201066,-0.000238145,0.000617974,-0.000277601,-0.000641862,0.000203344,0.00123651,0.000162064,-4.49463e-06,0.00012555,0.000477149,-0.000368184,-0.000374826,0.000182152,0.000617581,0.000368115,0.000424729,0.000211206,-0.00209976,0.00135016
0.106998,-0.00204381,-0.00170078,0.000563366,0.000357348,2.63694e-05,0.000342779,0.000992659,-0.000237631,5.02272e-05,0.000106316,0.00858474,-0.001033,2.13896e-05,-0.00013162,0.000562341,0.00148295,0.000149144,-0.000285478,-0.000149977,0.00103645,0.000628589,0.000842535,0.000931133,-0.00110148,0.000820779,0.000326808,-0.00114072,0.000285445,0.00119396,0.00087314,-0.0025202,-0.00015457,0.000832611,0.000533246,-0.00215958,0.000373735,0.00036252,-0.000130589,0.000221166,0.000310455,-0.000247831,-9.19047e-05,0.000167969,0.00402461,0.000150651,-3.72794e-05,0.000784214,0.000562383,-0.000212627,-0.000225749,0.000736682,-0.000241472,-0.000519247,0.000238749,0.00141238,0.000157441,-1.10441e-05,0.00011685,0.000597175,-0.000322467,-0.000360207,0.000182425,0.000547949,0.000376061,0.00051799,0.000172588,-0.00186994,0.00147436
0.107998,-0.00189602,-0.00160937,0.000662893,0.000393071,7.06298e-05,0.000330343,0.0012053,-0.000180305,5.40607e-05,0.000101686,0.008851,-0.00107737,0.000132985,-0.000141028,0.000609914,0.0014562,-4.99508e-06,-0.00026899,-0.000183241,0.00117387,0.000663191,0.00093244,0.00108608,-0.00111589,0.000895274,0.000414147,-0.00110171,0.000267825,0.00105463,0.000905088,-0.00233171,-0.000153049,0.000986094,0.000600994,-0.00215262,0.00041949,0.000416046,-9.43082e-05,0.000300101,0.000393983,-0.000204177,-4.95274e-05,0.000286445,0.00409656,0.000138439,-3.82274e-05,0.000890249,0.000627086,-0.00022242,-0.000212854,0.000849219,-0.000205416,-0.000396381,0.000272342,0.00158023,0.000152078,-1.78977e-05,0.000107878,0.000711262,-0.000276948,-0.000345143,0.000182259,0.000477621,0.000382333,0.000607345,0.000134196,-0.00163766,0.00159007
0.108998,-0.00174559,-0.00151354,0.000757027,0.00042607,0.000113313,0.000317795,0.00140584,-0.000121982,5.62772e-05,9.72323e-05,0.00908568,-0.0011208,0.000243737,-0.000148873,0.000653671,0.00142411,-0.000156099,-0.000250152,-0.00021487,0.0013018,0.000692819,0.00101651,0.00123171,-0.00112983,0.000961613,0.000496,-0.00105857,0.000247505,0.000904366,0.000931917,-0.00214078,-0.000150155,0.00113106,0.000664584,-0.00213686,0.000462501,0.000466878,-5.88131e-05,0.000375146,0.000473882,-0.000161692,-8.65319e-06,0.000397734,0.00415215,0.000125693,-3.90997e-05,0.000989537,0.000686525,-0.000230461,-0.00019954,0.000955332,-0.00016952,-0.000273666,0.000304006,0.00173973,0.000146023,-2.50201e-05,9.86647e-05,0.0008192,-0.000231807,-0.000329662,0.000181644,0.000406893,0.000386932,0.000692587,9.60391e-05,-0.0014038,0.00169708
0.109998,-0.00159298,-0.00141374,0.000845609,0.000456316,0.000154344,0.000305165,0.00159384,-6.27621e-05,5.69771e-05,9.29106e-05,0.00928706,-0.001163,0.000353272,-0.000155122,0.000693583,0.00138671,-0.000303677,-0.000229065,-0.000244702,0.00142004,0.000717403,0.00109444,0.00136771,-0.00114322,0.00101971,0.000572213,-0.00101157,0.000224454,0.000743444,0.000953548,-0.00194791,-0.00014599,0.00126723,0.000723899,-0.00211261,0.000502708,0.000514904,-2.42087e-05,0.000446167,0.00054996,-0.000120444,3.06691e-05,0.000501659,0.00419066,0.000112424,-3.98679e-05,0.00108193,0.000740697,-0.000236772,-0.000185888,0.00105481,-0.000133868,-0.000151503,0.000333633,0.0018906,0.00013933,-3.23736e-05,8.92456e-05,0.000920816,-0.000187214,-0.000313788,0.000180566,0.00033605,0.000389866,0.000773534,5.81244e-05,-0.00116923,0.00179523
0.110998,-0.00143862,-0.00131039,0.000928512,0.000483793,0.000193657,0.000292475,0.00176893,-2.74943e-06,5.62679e-05,8.86747e-05,0.00945354,-0.00120367,0.000461223,-0.000159748,0.000729642,0.00134409,-0.00044726,-0.000205843,-0.000272592,0.00152847,0.000736904,0.00116599,0.0014938,-0.00115598,0.00106954,0.000642667,-0.000960942,0.000198655,0.000572188,0.000969929,-0.00175363,-0.000140663,0.00139438,0.000778845,-0.00208019,0.000540068,0.000560027,9.40769e-06,0.000513058,0.000622046,-8.04906e-05,6.84022e-05,0.000598092,0.00421145,9.86447e-05,-4.05025e-05,0.00116732,0.000789632,-0.000241389,-0.000171979,0.00114746,-9.85402e-05,-3.02813e-05,0.00036113,0.00203259,0.000132051,-3.99187e-05,7.96541e-05,0.00101597,-0.000143332,-0.000297544,0.000179016,0.000265375,0.000391152,0.000850031,2.04574e-05,-0.000934784,0.00188441
0.111998,-0.00128294,-0.00120394,0.00100564,0.000508502,0.0002312,0.000279744,0.00193082,5.79478e-05,5.42633e-05,8.44754e-05,0.00958363,-0.00124252,0.000567226,-0.000162738,0.000761857,0.00129634,-0.000586404,-0.000180616,-0.000298403,0.00162701,0.000751313,0.0012309,0.00160976,-0.00116802,0.00111112,0.000707279,-0.000906964,0.000170105,0.000391,0.000981037,-0.00155841,-0.000134291,0.00151234,0.000829351,-0.00203994,0.00057455,0.00060217,4.19465e-05,0.000575736,0.000689995,-4.18743e-05,0.00010452,0.000686957,0.00421396,8.43715e-05,-4.09731e-05,0.00124564,0.000833383,-0.000244352,-0.000157893,0.00123316,-6.36103e-05,8.96146e-05,0.000386416,0.00216552,0.000124244,-4.76137e-05,6.99234e-05,0.00110457,-0.000100312,-0.00028095,0.000176985,0.00019514,0.000390811,0.000921947,-1.69574e-05,-0.000701298,0.00196454
0.112998,-0.00112636,-0.00109485,0.00107692,0.000530456,0.000266927,0.000266988,0.00207929,0.000119217,5.10821e-05,8.02616e-05,0.00967597,-0.00127923,0.000670927,-0.000164088,0.000790255,0.0012436,-0.000720691,-0.000153526,-0.000322015,0.00171564,0.000760648,0.00128901,0.00171545,-0.00117922,0.0011445,0.000766003,-0.000849916,0.000138823,0.00020035,0.000986876,-0.00136275,-0.000126996,0.00162098,0.00087537,-0.00199227,0.000606136,0.000641267,7.33263e-05,0.000634143,0.000753683,-4.62811e-06,0.000139007,0.000768226,0.00419767,6.96246e-05,-4.12487e-05,0.00131685,0.00087203,-0.000245712,-0.00014371,0.0013118,-2.91481e-05,0.00020781,0.000409422,0.0022892,0.000115966,-5.54156e-05,6.00867e-05,0.00118654,-5.83006e-05,-0.000264027,0.000174467,0.000125609,0.000388874,0.000989178,-5.41158e-05,-0.000469576,0.00203559
0.113998,-0.000969307,-0.000983555,0.00114232,0.00054968,0.000300804,0.000254216,0.00221419,0.000180943,4.68466e-05,7.59802e-05,0.00972935,-0.0013135,0.00077198,-0.000163804,0.000814881,0.001186,-0.000849725,-0.000124729,-0.000343321,0.00179437,0.000764957,0.00134013,0.00181075,-0.00118947,0.00116979,0.000818827,-0.000790088,0.000104839,7.80187e-07,0.000987479,-0.0011671,-0.000118903,0.00172023,0.000916876,-0.00193756,0.000634823,0.000677269,0.000103474,0.000688244,0.000813006,3.12269e-05,0.000171858,0.000841918,0.00416218,5.44271e-05,-4.12979e-05,0.00138096,0.000905676,-0.000245528,-0.00012951,0.0013833,4.78107e-06,0.000323941,0.000430091,0.00240352,0.000107278,-6.32796e-05,5.01767e-05,0.00126185,-1.74294e-05,-0.000246791,0.000171458,5.70351e-05,0.000385375,0.00105165,-9.10134e-05,-0.000240398,0.00209759
0.114998,-0.000812179,-0.000870515,0.00120183,0.000566214,0.000332807,0.000241435,0.00233543,0.000243003,4.16817e-05,7.15774e-05,0.00974268,-0.00134501,0.00087005,-0.000161903,0.000835797,0.00112372,-0.000973141,-9.43916e-05,-0.000362229,0.00186328,0.000764315,0.00138415,0.00189561,-0.00119862,0.00118715,0.000865773,-0.000727779,6.82042e-05,-0.000207097,0.000982906,-0.000971917,-0.000110141,0.00181005,0.000953864,-0.00187626,0.000660617,0.000710144,0.000132323,0.000738029,0.000867884,6.56803e-05,0.000203077,0.000908101,0.00410713,3.88058e-05,-4.10888e-05,0.00143798,0.000934446,-0.000243866,-0.000115369,0.00144764,3.81163e-05,0.000437654,0.00044838,0.00250839,9.82409e-05,-7.11601e-05,4.02254e-05,0.0013305,2.21779e-05,-0.000229261,0.000167953,-1.03374e-05,0.000380356,0.00110929,-0.000127645,-1.45185e-05,0.00215058
0.115998,-0.000655371,-0.000756179,0.00125547,0.000580109,0.000362919,0.000228648,0.00244302,0.000305273,3.5714e-05,6.69988e-05,0.00971506,-0.00137346,0.00096481,-0.000158412,0.000853078,0.00105694,-0.0010906,-6.26928e-05,-0.000378661,0.00192248,0.000758824,0.00142097,0.00197004,-0.00120652,0.00119678,0.000906894,-0.000663298,2.89858e-05,-0.000422603,0.000973243,-0.000777633,-0.000100844,0.00189046,0.000986352,-0.00180882,0.000683538,0.000739872,0.000159819,0.000783509,0.000918258,9.87321e-05,0.000232679,0.000966882,0.00403228,2.27909e-05,-4.05897e-05,0.001488,0.000958488,-0.000240799,-0.000101363,0.00150481,7.08011e-05,0.000548606,0.000464259,0.00260376,8.89152e-05,-7.90104e-05,3.02645e-05,0.00139252,6.04091e-05,-0.000211451,0.000163951,-7.62777e-05,0.000373866,0.00116209,-0.000164003,0.00020734,0.00219465
0.116998,-0.00049927,-0.000640992,0.00130328,0.000591424,0.000391133,0.000215853,0.002537,0.000367623,2.90701e-05,6.219e-05,0.00964573,-0.00139855,0.00105595,-0.000153368,0.000866813,0.000985881,-0.00120179,-2.98208e-05,-0.000392558,0.00197211,0.000748613,0.00145054,0.00203408,-0.00121303,0.0011989,0.000942278,-0.000596956,-1.27315e-05,-0.000644991,0.000958602,-0.000584665,-9.1143e-05,0.00196152,0.00101438,-0.00173569,0.000703615,0.000766448,0.00018591,0.000824715,0.000964091,0.000130392,0.000260685,0.00101841,0.00393746,6.41632e-06,-3.9769e-05,0.0015311,0.000977966,-0.000236406,-8.75638e-05,0.00155485,0.000102783,0.000656469,0.000477711,0.00268961,7.93629e-05,-8.67833e-05,2.03248e-05,0.00144796,9.71629e-05,-0.000193378,0.000159453,-0.000140567,0.000365957,0.00121004,-0.000200079,0.000424486,0.00222994
0.117998,-0.000344248,-0.000525398,0.00134532,0.000600233,0.000417451,0.000203045,0.00261749,0.000429918,2.18761e-05,5.70976e-05,0.00953411,-0.00141997,0.00114317,-0.000146818,0.000877106,0.000910769,-0.00130643,4.02685e-06,-0.000403871,0.00201238,0.000733835,0.00147285,0.00208783,-0.00121796,0.00119379,0.000972039,-0.00052907,-5.68454e-05,-0.000873453,0.000939121,-0.000393413,-8.11728e-05,0.00202333,0.00103799,-0.00165737,0.000720888,0.000789883,0.000210558,0.000861699,0.00100536,0.00016068,0.000287124,0.00106289,0.00382261,-1.02808e-05,-3.85956e-05,0.0015674,0.000993059,-0.000230771,-7.40427e-05,0.00159781,0.000134013,0.000760925,0.00048873,0.00276595,6.96457e-05,-9.44312e-05,1.04366e-05,0.00149692,0.000132349,-0.000175054,0.000154461,-0.000203,0.000356689,0.00125315,-0.000235862,0.000636263,0.00225661
0.118998,-0.000190669,-0.000409831,0.00138169,0.000606615,0.00044188,0.000190218,0.00268467,0.00049202,1.42561e-05,5.16691e-05,0.0093798,-0.00143743,0.00122618,-0.000138819,0.000884072,0.000831858,-0.00140427,3.86449e-05,-0.000412571,0.0020435,0.000714668,0.0014879,0.00213144,-0.00122115,0.00118176,0.000996323,-0.000459959,-0.000103236,-0.00110712,0.00091496,-0.000204263,-7.10662e-05,0.00207601,0.00105728,-0.00157434,0.000735406,0.000810199,0.000233729,0.000894533,0.00104208,0.000189622,0.000312034,0.00110053,0.00368773,-2.72595e-05,-3.70391e-05,0.00159706,0.00100397,-0.000223985,-6.0866e-05,0.00163378,0.000164447,0.000861673,0.000497323,0.00283284,5.98248e-05,-0.000101906,6.29398e-07,0.00153951,0.00016589,-0.000156496,0.000148979,-0.000263386,0.000346123,0.00129147,-0.000271336,0.000842049,0.00227485
0.119998,-3.8883e-05,-0.000294717,0.00141249,0.00061066,0.000464437,0.000177359,0.00273879,0.000553786,6.33139e-06,4.5854e-05,0.00918257,-0.00145067,0.00130472,-0.000129435,0.000887835,0.000749418,-0.00149509,7.38214e-05,-0.000418644,0.00206575,0.000691312,0.00149574,0.00216509,-0.00122241,0.00116315,0.0010153,-0.000389943,-0.000151768,-0.00134506,0.000886306,-1.75849e-05,-6.09544e-05,0.00211976,0.00107232,-0.0014871,0.000747227,0.00082743,0.000255399,0.000923304,0.00107425,0.000217253,0.000335458,0.00113161,0.00353294,-4.44756e-05,-3.50699e-05,0.00162025,0.00101089,-0.00021614,-4.8097e-05,0.00166289,0.000194044,0.000958425,0.000503512,0.00289035,4.99605e-05,-0.000109161,-9.06826e-06,0.00157587,0.000197718,-0.000137718,0.000143013,-0.000321546,0.000334329,0.00132505,-0.000306485,0.00104126,0.00228491
0.120998,0.000110771,-0.000180472,0.00143787,0.000612465,0.000485144,0.000164456,0.00278013,0.000615069,-1.78027e-06,3.96041e-05,0.00894239,-0.00145939,0.00137853,-0.000118743,0.00088853,0.00066374,-0.00157869,0.000109339,-0.000422089,0.0020794,0.000663988,0.00149646,0.002189,-0.00122156,0.00113833,0.00102917,-0.000319341,-0.000202286,-0.00158628,0.000853362,0.000166269,-5.09663e-05,0.00215477,0.00108322,-0.00139616,0.000756415,0.000841625,0.000275549,0.000948119,0.00110193,0.000243618,0.000357443,0.00115641,0.00335846,-6.18816e-05,-3.26599e-05,0.00163717,0.00101406,-0.000207336,-3.5795e-05,0.00168529,0.000222765,0.00105091,0.000507327,0.00293857,4.01121e-05,-0.000116149,-1.86286e-05,0.00160615,0.000227777,-0.000118734,0.00013657,-0.000377318,0.000321377,0.00135398,-0.000341286,0.00123335,0.00228702
0.121998,0.000257967,-6.75007e-05,0.00145796,0.000612133,0.000504029,0.000151494,0.00280904,0.000675717,-9.96587e-06,3.28743e-05,0.00865941,-0.00146336,0.00144739,-0.000106824,0.000886301,0.000575127,-0.00165491,0.000144975,-0.000422923,0.0020848,0.000632939,0.00149016,0.00220345,-0.00121841,0.0011077,0.00103814,-0.00024847,-0.000254621,-0.00182977,0.000816357,0.000346962,-4.12271e-05,0.00218128,0.00109011,-0.00130202,0.000763043,0.000852841,0.00029417,0.000969097,0.00112516,0.000268763,0.000378043,0.00117525,0.0031646,-7.94267e-05,-2.97823e-05,0.00164804,0.0010137,-0.000197672,-2.40152e-05,0.00170113,0.000250574,0.00113887,0.000508811,0.00297764,3.03373e-05,-0.000122822,-2.80246e-05,0.00163054,0.000256023,-9.956e-05,0.00012966,-0.000430556,0.000307345,0.00137836,-0.000375712,0.00141781,0.00228147
0.122998,0.000402392,4.38069e-05,0.00147293,0.000609773,0.000521126,0.000138454,0.0028259,0.000735575,-1.81178e-05,2.56228e-05,0.00833399,-0.00146234,0.00151106,-9.37713e-05,0.000881297,0.000483902,-0.00172361,0.000180506,-0.000421177,0.00208227,0.000598425,0.00147699,0.00220873,-0.00121275,0.00107168,0.00104246,-0.000177644,-0.000308587,-0.00207444,0.000775534,0.000524169,-3.18576e-05,0.00219957,0.00109312,-0.0012052,0.000767189,0.000861147,0.000311261,0.000986371,0.00114403,0.000292742,0.000397315,0.00118848,0.00295176,-9.70569e-05,-2.64123e-05,0.00165309,0.00101004,-0.000187252,-1.28083e-05,0.00171062,0.000277441,0.00122207,0.00050802,0.0030077,2.06922e-05,-0.000129137,-3.72306e-05,0.00164922,0.000282423,-8.02117e-05,0.000122293,-0.000481125,0.00029231,0.00139831,-0.000409735,0.00159418,0.00226856
0.123998,0.000543745,0.000153074,0.00148297,0.000605501,0.000536475,0.000125319,0.00283117,0.000794484,-2.61345e-05,1.78117e-05,0.00796666,-0.0014561,0.00156936,-7.96827e-05,0.000873673,0.000390397,-0.00178471,0.000215705,-0.000416898,0.00207218,0.000560722,0.00145713,0.00220519,-0.00120441,0.00103073,0.00104239,-0.00010717,-0.000363983,-0.00231917,0.000731157,0.000697586,-2.29734e-05,0.00220992,0.00109239,-0.00110618,0.000768937,0.000866622,0.000326824,0.00100009,0.0011586,0.000315616,0.00041532,0.00119647,0.00272045,-0.000114716,-2.25269e-05,0.00165257,0.00100333,-0.000176181,-2.21988e-06,0.00171397,0.000303334,0.00130027,0.000505016,0.00302892,1.12306e-05,-0.000135049,-4.62214e-05,0.00166243,0.000306954,-6.07065e-05,0.000114482,-0.000528911,0.000276354,0.00141396,-0.000443317,0.00176204,0.00224861
0.124998,0.000681739,0.000259941,0.00148826,0.000599434,0.000550118,0.000112067,0.0028253,0.00085228,-3.39211e-05,9.40777e-06,0.00755817,-0.00144446,0.00162211,-6.46642e-05,0.000863592,0.000294962,-0.00183812,0.000250345,-0.000410146,0.00205493,0.000520123,0.00143078,0.00219318,-0.00119319,0.000985296,0.0010382,-3.73499e-05,-0.000420592,-0.0025628,0.000683504,0.000866919,-1.46839e-05,0.00221267,0.00108809,-0.00100548,0.000768376,0.000869352,0.00034087,0.0010104,0.001169,0.000337445,0.000432119,0.00119961,0.00247128,-0.000132344,-1.81057e-05,0.00164676,0.000993804,-0.000164564,7.70914e-06,0.00171141,0.000328227,0.00137329,0.000499876,0.00304149,2.00407e-06,-0.000140515,-5.49731e-05,0.00167037,0.000329606,-4.10626e-05,0.000106241,-0.00057381,0.000259563,0.00142547,-0.00047642,0.001921,0.00222197
0.125998,0.000816099,0.000364066,0.001489,0.000591694,0.000562103,9.86797e-05,0.00280882,0.000908798,-4.13904e-05,3.82575e-07,0.00710947,-0.00142722,0.00166915,-4.88281e-05,0.000851215,0.000197953,-0.00188379,0.000284201,-0.000400996,0.00203091,0.000476931,0.00139817,0.0021731,-0.0011789,0.000935866,0.00103018,3.1522e-05,-0.000478185,-0.00280415,0.000632868,0.00103189,-7.09156e-06,0.00220814,0.00108038,-0.000903584,0.000765597,0.000869434,0.000353417,0.00101748,0.00117533,0.000358297,0.000447778,0.00119829,0.00220495,-0.000149879,-1.31307e-05,0.00163593,0.000981712,-0.000152509,1.69433e-05,0.00170318,0.000352094,0.00144092,0.000492684,0.00304562,-6.93855e-06,-0.000145495,-6.34628e-05,0.00167331,0.000350376,-2.13001e-05,9.75859e-05,-0.000615738,0.000242021,0.00143301,-0.000508998,0.00207072,0.00218899
0.126998,0.000946564,0.000465122,0.00148543,0.000582404,0.00057248,8.51348e-05,0.00278227,0.000963869,-4.84624e-05,-9.287e-06,0.0066217,-0.00140425,0.00171034,-3.22926e-05,0.000836711,9.97392e-05,-0.00192173,0.000317049,-0.000389534,0.00200055,0.000431465,0.00135956,0.00214536,-0.00116136,0.000882929,0.00101863,9.91616e-05,-0.000536518,-0.00304201,0.000579552,0.00119224,-2.91425e-07,0.00219669,0.00106943,-0.000800968,0.000760697,0.000866969,0.000364488,0.00102149,0.00117772,0.000378237,0.000462361,0.00119292,0.00192225,-0.000167257,-7.58698e-06,0.00162037,0.000967299,-0.000140122,2.54523e-05,0.00168955,0.00037491,0.00150301,0.000483532,0.00304153,-1.55512e-05,-0.000149949,-7.16685e-05,0.00167147,0.000369275,-1.44021e-06,8.85331e-05,-0.000654624,0.000223817,0.00143674,-0.000541,0.00221091,0.00215003
0.127998,0.00107289,0.000562805,0.00147774,0.000571689,0.000581302,7.14118e-05,0.00274623,0.00101732,-5.50659e-05,-1.96183e-05,0.00609619,-0.00137542,0.00174556,-1.51807e-05,0.000820245,6.95865e-07,-0.00195193,0.000348668,-0.000375861,0.00196425,0.00038405,0.00131523,0.00211039,-0.00114039,0.000826984,0.00100387,0.000165295,-0.000595337,-0.00327513,0.000523873,0.00134771,5.62984e-06,0.00217871,0.00105544,-0.000698103,0.000753773,0.000862066,0.000374111,0.00102263,0.00117631,0.000397335,0.000475934,0.00118394,0.00162408,-0.000184413,-1.46257e-06,0.00160038,0.000950806,-0.000127507,3.32118e-05,0.0016708,0.000396654,0.00155939,0.000472522,0.00302945,-2.37911e-05,-0.000153842,-7.95694e-05,0.00166513,0.000386319,1.84936e-05,7.91011e-05,-0.000690413,0.000205039,0.00143685,-0.000572372,0.00234131,0.00210547
0.128998,0.00119483,0.00065683,0.00146618,0.000559675,0.000588624,5.74907e-05,0.0027013,0.00106899,-6.11377e-05,-3.06228e-05,0.00553448,-0.00134062,0.00177474,2.37997e-06,0.000801986,-9.87951e-05,-0.00197445,0.000378845,-0.00036009,0.00192247,0.000335019,0.00126549,0.00206866,-0.00111583,0.000768536,0.000986215,0.00022966,-0.000654376,-0.00350229,0.000466155,0.00149807,1.05944e-05,0.00215456,0.00103857,-0.000595442,0.000744925,0.000854839,0.000382319,0.00102106,0.00117124,0.00041566,0.000488561,0.00117177,0.00131142,-0.000201279,5.25103e-06,0.00157627,0.000932473,-0.000114769,4.02027e-05,0.00164722,0.000417304,0.00160994,0.000459762,0.00300963,-3.16184e-05,-0.00015714,-8.71456e-05,0.00165454,0.000401537,3.84761e-05,6.93095e-05,-0.000723063,0.000185779,0.00143355,-0.000603053,0.0024617,0.00205569
0.129998,0.00131218,0.000746933,0.00145097,0.000546487,0.000594503,4.33521e-05,0.00264809,0.00111868,-6.66234e-05,-4.23054e-05,0.0049383,-0.00129978,0.00179778,2.0258e-05,0.0007821,-0.000198347,-0.00198936,0.000407371,-0.000342342,0.00187563,0.000284713,0.00121066,0.00202062,-0.00108751,0.000708093,0.000965987,0.000292007,-0.000713356,-0.00372224,0.000406728,0.00164309,1.45336e-05,0.00212466,0.00101904,-0.000493423,0.000734253,0.000845405,0.000389151,0.00101698,0.00116268,0.000433281,0.000500306,0.00115683,0.000985344,-0.000217786,1.25587e-05,0.00154833,0.000912534,-0.00010201,4.64119e-05,0.00161909,0.000436841,0.00165454,0.000445367,0.00298233,-3.89971e-05,-0.00015981,-9.43784e-05,0.00163998,0.000414964,5.84799e-05,5.9179e-05,-0.000752549,0.000166126,0.00142703,-0.000632979,0.00257193,0.00200108
0.130998,0.00142472,0.000832871,0.00143236,0.00053225,0.000598997,2.89781e-05,0.00258723,0.00116624,-7.14775e-05,-5.46645e-05,0.00430956,-0.00125287,0.00181465,3.83192e-05,0.000760752,-0.000297572,-0.00199674,0.000434044,-0.000322752,0.00182417,0.000233473,0.00115109,0.00196676,-0.0010553,0.000646163,0.000943516,0.000352099,-0.000771995,-0.00393371,0.000345929,0.00178257,1.73889e-05,0.00208939,0.000997024,-0.000392465,0.000721859,0.000833886,0.000394649,0.00101058,0.00115078,0.000450265,0.000511232,0.00113956,0.000647006,-0.000233864,2.04615e-05,0.00151688,0.000891215,-8.93287e-05,5.18321e-05,0.00158672,0.000455245,0.0016931,0.000429458,0.0029478,-4.58948e-05,-0.000161825,-0.00010125,0.00162171,0.000426645,7.84753e-05,4.87314e-05,-0.000778858,0.00014617,0.0014175,-0.000662079,0.00267185,0.00194203
0.131998,0.00153227,0.000914423,0.00141056,0.000517086,0.000602165,1.43525e-05,0.00251939,0.00121147,-7.56632e-05,-6.76916e-05,0.00365036,-0.00119987,0.00182532,5.6427e-05,0.000738104,-0.000396079,-0.00199672,0.000458672,-0.000301463,0.00176854,0.000181646,0.00108714,0.00190757,-0.00101907,0.000583249,0.000919129,0.000409717,-0.000829998,-0.00413547,0.000284097,0.0019163,1.91117e-05,0.00204918,0.000972726,-0.000292968,0.000707843,0.000820408,0.00039886,0.00100205,0.00113572,0.000466678,0.000521396,0.00112037,0.000297646,-0.000249444,2.89565e-05,0.00148223,0.000868737,-7.68219e-05,5.64616e-05,0.00155042,0.000472498,0.00172555,0.000412162,0.00290633,-5.22825e-05,-0.00016316,-0.000107744,0.0016,0.00043663,9.84305e-05,3.79897e-05,-0.000801993,0.000126,0.00140519,-0.000690279,0.00276137,0.00187892
0.132998,0.00163464,0.000991392,0.00138583,0.000501115,0.000604065,-5.3875e-07,0.00244522,0.00125422,-7.91524e-05,-8.13713e-05,0.00296298,-0.00114081,0.00182978,7.44435e-05,0.000714315,-0.00049348,-0.00198946,0.000481072,-0.000278624,0.00170916,0.000129576,0.00101919,0.00184354,-0.0009787,0.000519848,0.000893155,0.000464653,-0.000887066,-0.00432628,0.000221572,0.0020441,1.9664e-05,0.00200441,0.000946342,-0.000195309,0.000692307,0.000805095,0.000401833,0.00099157,0.00111767,0.000482582,0.000530855,0.00109969,-6.14195e-05,-0.000264454,3.80365e-05,0.00144468,0.00084531,-6.45822e-05,6.03046e-05,0.00151049,0.000488583,0.00175182,0.000393609,0.00285818,-5.81355e-05,-0.000163792,-0.000113845,0.00157513,0.000444978,0.000118311,2.69776e-05,-0.000821969,0.000105707,0.0013903,-0.000717502,0.00284046,0.00181215
0.133998,0.00173166,0.0010636,0.00135839,0.000484453,0.000604756,-1.57073e-05,0.00236537,0.00129429,-8.19256e-05,-9.56811e-05,0.00224985,-0.00107573,0.00182805,9.22303e-05,0.000689538,-0.000589388,-0.00197512,0.000501074,-0.000254395,0.00164647,7.76045e-05,0.000947635,0.00177517,-0.000934093,0.000456447,0.000865915,0.000516718,-0.000942896,-0.00450495,0.000158694,0.00216579,1.90184e-05,0.00195551,0.000918068,-9.9846e-05,0.00067535,0.000788075,0.000403622,0.000979337,0.00109682,0.000498037,0.000539662,0.00107792,-0.000428802,-0.000278825,4.76899e-05,0.00140454,0.000821135,-5.2698e-05,6.33709e-05,0.00146725,0.000503482,0.00177189,0.000373932,0.00280363,-6.34328e-05,-0.000163703,-0.000119539,0.00154736,0.000451753,0.00013808,1.57196e-05,-0.000838812,8.53767e-05,0.00137304,-0.000743665,0.00290908,0.00174208
0.134998,0.00182318,0.0011309,0.00132847,0.000467215,0.000604296,-3.11619e-05,0.00228051,0.00133152,-8.39717e-05,-0.000110591,0.00151359,-0.00100472,0.00182017,0.000109649,0.000663923,-0.000683422,-0.00195389,0.000518519,-0.000228941,0.0015809,2.60714e-05,0.000872874,0.00170295,-0.000885175,0.000393522,0.000837728,0.00056574,-0.00099718,-0.00467029,9.5801e-05,0.00228122,1.71585e-05,0.00190288,0.000888097,-6.91039e-06,0.000657068,0.000769476,0.000404281,0.000965532,0.00107334,0.000513097,0.000547865,0.00105545,-0.000803046,-0.000292487,5.79006e-05,0.00136211,0.000796401,-4.12535e-05,6.5676e-05,0.00142101,0.000517179,0.00178573,0.000353268,0.00274296,-6.81574e-05,-0.000162877,-0.000124812,0.00151695,0.000457023,0.000157699,4.24123e-06,-0.000852562,6.5096e-05,0.00135365,-0.000768684,0.00296727,0.0016691
0.135998,0.00190906,0.00119316,0.00129631,0.000449508,0.000602741,-4.69083e-05,0.0021913,0.00136574,-8.52877e-05,-0.000126065,0.000756959,-0.000927904,0.00180621,0.000126562,0.00063761,-0.000775206,-0.001926,0.00053326,-0.000202431,0.00151285,-2.4691e-05,0.000795322,0.00162738,-0.000831886,0.000331532,0.000808904,0.000611562,-0.00104961,-0.00482114,3.32255e-05,0.00239021,1.40788e-05,0.00184692,0.000856621,8.31892e-05,0.000637559,0.000749424,0.000403869,0.000950333,0.00104742,0.000527813,0.000555509,0.00103265,-0.00118263,-0.000305372,6.86479e-05,0.00131767,0.000771287,-3.03278e-05,6.72409e-05,0.00137208,0.000529657,0.00179336,0.000331756,0.00267645,-7.22966e-05,-0.000161303,-0.000129652,0.00148415,0.000460863,0.000177126,-7.43166e-06,-0.000863269,4.49489e-05,0.00133232,-0.000792469,0.00301509,0.00159356
0.136998,0.00198917,0.00125028,0.00126212,0.000431437,0.000600148,-6.29488e-05,0.00209839,0.00139677,-8.58781e-05,-0.000142058,-1.71491e-05,-0.000845432,0.00178624,0.000142835,0.000610738,-0.000864374,-0.00189167,0.000545165,-0.00017504,0.00144273,-7.43577e-05,0.0007154,0.00154894,-0.000774193,0.000270921,0.000779743,0.000654047,-0.00109987,-0.00495642,-2.87049e-05,0.00249265,9.7848e-06,0.00178802,0.000823827,0.000170169,0.000616914,0.000728044,0.000402444,0.000933914,0.00101925,0.000542229,0.000562632,0.0010099,-0.00156599,-0.000317411,7.99062e-05,0.00127151,0.000745958,-1.99946e-05,6.80917e-05,0.00132075,0.000540899,0.0017948,0.000309534,0.00260438,-7.58413e-05,-0.000158974,-0.000134047,0.00144921,0.000463351,0.000196317,-1.92725e-05,-0.000870994,2.50174e-05,0.00130926,-0.000814932,0.00305264,0.00151582
0.137998,0.00206341,0.00130217,0.00122611,0.000413101,0.00059657,-7.9282e-05,0.00200243,0.00142446,-8.57546e-05,-0.00015852,-0.000805696,-0.000757489,0.00176037,0.000158333,0.000583435,-0.000950567,-0.00185117,0.000554119,-0.000146945,0.00137092,-0.000122613,0.000633531,0.00146812,-0.000712084,0.000212111,0.000750534,0.000693076,-0.00114766,-0.00507505,-8.96707e-05,0.00258839,4.29277e-06,0.00172656,0.000789899,0.000253773,0.000595226,0.000705459,0.000400068,0.000916442,0.000989018,0.000556384,0.00056927,0.000987517,-0.0019515,-0.000328541,9.16454e-05,0.0012239,0.000720566,-1.03222e-05,6.82598e-05,0.00126733,0.00055089,0.00179008,0.000286743,0.00252704,-7.87867e-05,-0.000155884,-0.000137989,0.00141237,0.000464567,0.000215227,-3.12541e-05,-0.000875808,5.38064e-06,0.00128469,-0.000835979,0.00308003,0.00143621
0.138998,0.00213166,0.00134877,0.0011885,0.000394593,0.000592058,-9.59025e-05,0.00190405,0.00144864,-8.49358e-05,-0.000175392,-0.00160553,-0.000664295,0.00172873,0.000172928,0.000555824,-0.00103344,-0.00180478,0.00056002,-0.000118325,0.00129782,-0.000169153,0.000550146,0.00138539,-0.00064557,0.000155504,0.000721552,0.000728548,-0.00119266,-0.00517603,-0.000149362,0.00267731,-2.37024e-06,0.00166291,0.000755012,0.000333768,0.000572581,0.000681791,0.000396801,0.000898077,0.000956905,0.000570311,0.00057545,0.00096583,-0.00233748,-0.000338697,0.00010383,0.00117511,0.000695251,-1.37293e-06,6.77812e-05,0.00121211,0.000559614,0.00177927,0.000263522,0.0024447,-8.1132e-05,-0.000152035,-0.000141468,0.00137387,0.000464597,0.000233807,-4.33492e-05,-0.00087779,-1.38849e-05,0.00125878,-0.000855517,0.00309743,0.00135508
0.139998,0.00219385,0.00139005,0.00114949,0.000375999,0.000586662,-0.000112801,0.00180387,0.00146915,-8.34463e-05,-0.000192611,-0.00241337,-0.0005661,0.00169146,0.000186495,0.000528017,-0.00111266,-0.00175277,0.000562785,-8.93627e-05,0.00122377,-0.000213685,0.000465673,0.00130121,-0.00057469,0.000101475,0.000693058,0.000760379,-0.00123458,-0.00525843,-0.000207478,0.0027593,-1.01667e-05,0.00159744,0.000719338,0.000409951,0.000549065,0.000657156,0.000392707,0.00087897,0.000923098,0.000584034,0.000581195,0.000945125,-0.00272225,-0.000347819,0.000116421,0.00112539,0.000670137,6.79722e-06,6.66968e-05,0.00115538,0.000567055,0.00176245,0.000240007,0.00235764,-8.28802e-05,-0.000147429,-0.000144476,0.00133391,0.000463524,0.000252006,-5.55298e-05,-0.000877029,-3.27058e-05,0.00123174,-0.000873452,0.00310504,0.00127272
0.140998,0.00224989,0.00142599,0.00110926,0.000357401,0.00058043,-0.000129963,0.00170248,0.00148586,-8.13159e-05,-0.000210105,-0.00322588,-0.000463188,0.00164874,0.000198912,0.000500122,-0.00118791,-0.00169546,0.000562345,-6.02368e-05,0.00114912,-0.000255933,0.000380541,0.00121601,-0.000499507,5.03758e-05,0.000665297,0.000788505,-0.00127312,-0.00532137,-0.000263734,0.00283426,-1.90489e-05,0.0015305,0.000683039,0.000482141,0.000524758,0.000631667,0.000387846,0.000859263,0.000887778,0.000597572,0.000586524,0.000925669,-0.00310407,-0.00035585,0.000129373,0.00107497,0.000645337,1.41385e-05,6.50517e-05,0.00109741,0.000573197,0.00173972,0.000216334,0.00226612,-8.40381e-05,-0.000142074,-0.000147007,0.0012927,0.000461437,0.000269773,-6.77681e-05,-0.00087362,-5.10123e-05,0.00120374,-0.000889691,0.00310306,0.00118943
0.141998,0.00229973,0.0014566,0.001068,0.000338873,0.000573406,-0.000147371,0.00160046,0.00149861,-7.85796e-05,-0.000227797,-0.0040396,-0.000355875,0.00160073,0.000210066,0.000472234,-0.00125889,-0.00163318,0.000558653,-3.11272e-05,0.00107419,-0.000295635,0.000295175,0.00113024,-0.000420111,2.52915e-06,0.000638496,0.000812881,-0.00130799,-0.00536404,-0.000317856,0.00290211,-2.89594e-05,0.0014624,0.000646272,0.000550188,0.000499739,0.000605434,0.000382281,0.000839088,0.000851123,0.000610936,0.000591447,0.000907699,-0.00348119,-0.000362737,0.000142637,0.00102409,0.000620946,2.06078e-05,6.28948e-05,0.00103845,0.000578026,0.00171119,0.000192637,0.00217042,-8.46164e-05,-0.000135983,-0.000149055,0.00125044,0.00045842,0.000287055,-8.00357e-05,-0.000867664,-6.87382e-05,0.00117495,-0.000904141,0.00309173,0.00110548
0.142998,0.00234331,0.0014819,0.00102587,0.000320482,0.000565632,-0.000165003,0.00149836,0.00150727,-7.52764e-05,-0.000245604,-0.00485103,-0.000244505,0.00154766,0.000219848,0.000444444,-0.00132531,-0.00156625,0.000551677,-2.21075e-06,0.000999298,-0.000332547,0.000209995,0.00104429,-0.000336622,-4.17711e-05,0.000612862,0.00083348,-0.00133891,-0.00538574,-0.000369586,0.00296276,-3.98312e-05,0.00139347,0.000609183,0.000613965,0.000474082,0.00057856,0.000376073,0.000818568,0.000813309,0.000624128,0.00059597,0.000891425,-0.00385185,-0.000368428,0.000156159,0.00097294,0.000597048,2.61688e-05,6.02788e-05,0.00097878,0.000581527,0.00167702,0.000169042,0.00207079,-8.46292e-05,-0.000129169,-0.000150616,0.0012073,0.000454563,0.000303797,-9.23043e-05,-0.00085927,-8.58209e-05,0.00114551,-0.000916709,0.00307134,0.00102115
0.143998,0.00238061,0.00150195,0.00098303,0.00030229,0.000557148,-0.000182829,0.0013967,0.00151172,-7.14485e-05,-0.000263439,-0.00565661,-0.000129453,0.00148972,0.000228157,0.000416832,-0.00138691,-0.00149503,0.000541405,2.63386e-05,0.000924728,-0.000366442,0.000125415,0.000958563,-0.000249185,-8.22618e-05,0.000588585,0.000850292,-0.0013656,-0.00538582,-0.000418682,0.00301615,-5.15886e-05,0.00132399,0.000571912,0.000673372,0.000447858,0.000551144,0.000369282,0.000797813,0.000774505,0.000637143,0.000600092,0.000877024,-0.00421429,-0.000372878,0.00016988,0.000921732,0.000573713,3.07917e-05,5.72597e-05,0.000918623,0.000583687,0.00163734,0.000145676,0.0019675,-8.4094e-05,-0.000121653,-0.000151686,0.00116346,0.000449949,0.000319941,-0.000104546,-0.00084855,-0.000102202,0.00111558,-0.000927307,0.00304215,0.000936671
0.144998,0.0024116,0.0015168,0.000939633,0.00028435,0.000547989,-0.000200819,0.001296,0.00151185,-6.71409e-05,-0.000281208,-0.00645273,-1.11208e-05,0.00142718,0.0002349,0.00038947,-0.00144344,-0.00141987,0.000527843,5.43514e-05,0.00085075,-0.000397115,4.18401e-05,0.000873427,-0.000157974,-0.000118711,0.00056583,0.000863327,-0.00138782,-0.00536373,-0.00046492,0.00306221,-6.41475e-05,0.00125425,0.000534588,0.000728333,0.000421135,0.000523279,0.000361968,0.000776924,0.000734875,0.000649968,0.000603807,0.000864646,-0.00456673,-0.000376045,0.000183737,0.000870644,0.000550996,3.44539e-05,5.38963e-05,0.000858214,0.000584492,0.00159233,0.000122658,0.00186081,-8.30318e-05,-0.000113457,-0.000152264,0.00111907,0.000444663,0.000335433,-0.000116731,-0.00083562,-0.000117828,0.00108528,-0.000935848,0.0030045,0.000852262
0.145998,0.00243627,0.00152655,0.000895814,0.000266708,0.00053819,-0.000218936,0.00119672,0.00150754,-6.24003e-05,-0.000298815,-0.00723578,0.000110063,0.00136026,0.000239993,0.00036242,-0.00149469,-0.00134113,0.000511018,8.16633e-05,0.000777614,-0.00042438,-4.0337e-05,0.000789232,-6.31911e-05,-0.00015092,0.000544745,0.000872609,-0.00140532,-0.00531903,-0.000508096,0.00310091,-7.74161e-05,0.00118451,0.00049733,0.000778799,0.000393976,0.000495053,0.000354189,0.000755991,0.00069458,0.000662582,0.000607103,0.000854408,-0.00490743,-0.000377893,0.000197664,0.00081984,0.000528941,3.71396e-05,5.02498e-05,0.000797766,0.00058393,0.00154218,0.000100103,0.00175095,-8.14664e-05,-0.000104609,-0.000152348,0.00107427,0.000438788,0.000350213,-0.000128833,-0.000820602,-0.000132648,0.00105472,-0.000942248,0.00295869,0.000768129
0.146998,0.00245463,0.0015313,0.000851697,0.000249406,0.00052778,-0.000237138,0.00109929,0.0014987,-5.72745e-05,-0.000316158,-0.00800214,0.000233646,0.00128925,0.000243358,0.000335737,-0.00154044,-0.00125919,0.000490972,0.000108116,0.000705548,-0.000448072,-0.000120734,0.000706302,3.49338e-05,-0.000178722,0.000525452,0.000878183,-0.00141787,-0.00525136,-0.000548022,0.00313219,-9.12957e-05,0.00111499,0.00046025,0.000824743,0.000366442,0.000466546,0.000345999,0.000735089,0.00065377,0.000674956,0.000609963,0.000846394,-0.00523465,-0.000378391,0.00021159,0.000769472,0.000507575,3.88396e-05,4.63836e-05,0.000737481,0.000581991,0.0014871,7.81172e-05,0.00163818,-7.94247e-05,-9.51368e-05,-0.000151939,0.00102917,0.000432401,0.000364224,-0.000140822,-0.000803616,-0.000146618,0.00102401,-0.00094643,0.00290509,0.000684456
0.147998,0.00246668,0.00153117,0.000807395,0.000232477,0.000516788,-0.000255379,0.00100413,0.00148526,-5.18116e-05,-0.000333132,-0.00874818,0.000359152,0.00121441,0.000244931,0.000309468,-0.00158053,-0.00117443,0.00046777,0.000133559,0.000634763,-0.000468049,-0.000198985,0.000624941,0.000136143,-0.000201986,0.000508051,0.000880106,-0.00142526,-0.00516048,-0.000584532,0.00315604,-0.000105681,0.00104593,0.000423447,0.000866162,0.000338592,0.000437834,0.000337453,0.000714285,0.000612593,0.000687052,0.000612362,0.000840658,-0.0055467,-0.000377513,0.00022544,0.000719673,0.000486918,3.95518e-05,4.23623e-05,0.000677546,0.000578664,0.0014273,5.68036e-05,0.00152274,-7.69361e-05,-8.50756e-05,-0.000151038,0.000983905,0.00042558,0.00037741,-0.00015267,-0.000784789,-0.000159696,0.000993218,-0.000948319,0.00284405,0.000601407
0.148998,0.00247246,0.00152629,0.000763011,0.000215946,0.000505238,-0.000273609,0.000911614,0.00146714,-4.60592e-05,-0.000349632,-0.00947034,0.000486085,0.00113605,0.000244654,0.000283652,-0.00161479,-0.00108722,0.000441493,0.000157848,0.00056545,-0.000484194,-0.000274736,0.000545427,0.000240152,-0.000220612,0.000492622,0.000878454,-0.0014273,-0.00504624,-0.000617482,0.00317245,-0.000120462,0.000977508,0.000387013,0.000903073,0.000310478,0.000408984,0.000328602,0.000693634,0.000571187,0.000698826,0.000614274,0.000837222,-0.00584191,-0.000375239,0.000239136,0.000670563,0.000466975,3.92807e-05,3.82521e-05,0.000618134,0.000573941,0.00136301,3.62564e-05,0.00140485,-7.40324e-05,-7.44617e-05,-0.000149647,0.000938555,0.000418396,0.000389711,-0.00016435,-0.000764245,-0.000171846,0.000962423,-0.000947847,0.00277594,0.000519128
0.149998,0.00247201,0.00151682,0.000718636,0.000199835,0.000493153,-0.000291774,0.000822072,0.00144429,-4.00637e-05,-0.000365547,-0.0101651,0.000613932,0.00105445,0.000242483,0.000258318,-0.00164311,-0.000997966,0.000412243,0.000180849,0.000497777,-0.00049641,-0.000347655,0.000468015,0.000346649,-0.000234538,0.000479217,0.000873316,-0.0014238,-0.0049086,-0.000646747,0.0031814,-0.000135523,0.00090991,0.000351028,0.000935516,0.000282154,0.000380059,0.000319495,0.000673177,0.000529684,0.000710224,0.000615665,0.000836077,-0.00611866,-0.000371555,0.000252599,0.000622246,0.000447742,3.80374e-05,3.41196e-05,0.000559402,0.000567816,0.00129449,1.65626e-05,0.00128477,-7.07478e-05,-6.3335e-05,-0.000147771,0.000893207,0.000410917,0.000401073,-0.000175834,-0.000742111,-0.000183038,0.000931672,-0.000944953,0.00270115,0.000437748
0.150998,0.00246538,0.00150292,0.000674349,0.000184158,0.000480553,-0.000309814,0.000735814,0.00141667,-3.38694e-05,-0.000380769,-0.0108289,0.000742161,0.000969944,0.000238381,0.000233492,-0.00166537,-0.000907043,0.000380136,0.000202437,0.000431898,-0.000504625,-0.000417423,0.000392933,0.000455298,-0.000243731,0.000467869,0.000864796,-0.00141463,-0.00474765,-0.000672226,0.00318291,-0.000150744,0.00084329,0.000315563,0.000963551,0.000253667,0.000351115,0.000310178,0.000652945,0.000488206,0.000721188,0.000616498,0.000837183,-0.00637539,-0.000366452,0.000265744,0.00057481,0.000429203,3.58394e-05,3.00315e-05,0.000501495,0.000560285,0.00122201,-2.19845e-06,0.00116271,-6.71182e-05,-5.17381e-05,-0.000145414,0.000847932,0.000403206,0.00041144,-0.000187094,-0.000718512,-0.000193244,0.000900999,-0.000939582,0.00262006,0.000357375
0.151998,0.00245264,0.00148477,0.000630219,0.000168923,0.000467455,-0.000327667,0.000653109,0.00138426,-2.75182e-05,-0.000395185,-0.0114584,0.000870229,0.00088284,0.000232327,0.000209188,-0.00168151,-0.00081484,0.000345311,0.000222496,0.000367944,-0.000508794,-0.000483746,0.000320386,0.000565737,-0.000248197,0.000458585,0.000853011,-0.00139964,-0.00456358,-0.000693838,0.003177,-0.000166004,0.000777786,0.00028068,0.000987254,0.000225066,0.0003222,0.000300695,0.00063296,0.000446872,0.000731649,0.000616731,0.00084047,-0.00661059,-0.00035993,0.000278485,0.000528329,0.000411334,3.27104e-05,2.60542e-05,0.000444541,0.000551346,0.00114583,-1.99557e-05,0.0010389,-6.31812e-05,-3.97167e-05,-0.000142582,0.000802787,0.00039532,0.000420758,-0.000198104,-0.000693572,-0.000202443,0.000870422,-0.000931686,0.00253309,0.000278103
0.152997,0.00243386,0.00146255,0.000586304,0.000154132,0.000453874,-0.000345268,0.000574191,0.00134705,-2.10485e-05,-0.000408685,-0.0120504,0.00099758,0.000793469,0.000224307,0.000185418,-0.00169146,-0.000721744,0.000307919,0.000240922,0.000306032,-0.000508893,-0.000546348,0.000250553,0.000677582,-0.00024797,0.000451352,0.00083809,-0.00137874,-0.0043567,-0.000711525,0.0031637,-0.000181177,0.000713513,0.000246431,0.00100672,0.000196393,0.000293358,0.000291087,0.00061323,0.000405788,0.000741536,0.000616321,0.000845838,-0.00682283,-0.000351993,0.000290737,0.000482863,0.000394103,2.86801e-05,2.22536e-05,0.000388654,0.000541,0.00106625,-3.66464e-05,0.000913562,-5.8976e-05,-2.73186e-05,-0.000139283,0.000757816,0.000387314,0.000428976,-0.000208835,-0.000667416,-0.000210618,0.000839944,-0.000921228,0.00244064,0.000200008
0.153997,0.00240914,0.00143646,0.000542654,0.000139783,0.000439823,-0.000362546,0.000499259,0.00130503,-1.44949e-05,-0.00042116,-0.0126016,0.00112365,0.000702162,0.000214321,0.000162184,-0.00169521,-0.000628137,0.00026813,0.000257621,0.000246258,-0.000504923,-0.000604974,0.00018359,0.000790426,-0.00024312,0.000446131,0.000820173,-0.00135184,-0.00412741,-0.000725252,0.00314305,-0.000196139,0.000650569,0.00021286,0.00102206,0.000167692,0.000264625,0.00028139,0.000593756,0.000365055,0.000750769,0.000615218,0.000853161,-0.00701077,-0.000342653,0.00030241,0.000438458,0.000377469,2.37839e-05,1.8694e-05,0.000333935,0.00052925,0.000983556,-5.22162e-05,0.00078692,-5.45426e-05,-1.45941e-05,-0.000135525,0.000713052,0.000379233,0.000436044,-0.000219261,-0.000640164,-0.000217755,0.00080955,-0.000908177,0.00234312,0.000123151
0.154997,0.00237858,0.00140671,0.000499308,0.000125869,0.000425313,-0.00037943,0.000428478,0.00125825,-7.88771e-06,-0.0004325,-0.013109,0.00124788,0.000609259,0.000202381,0.000139486,-0.00169277,-0.0005344,0.000226128,0.000272511,0.000188705,-0.000496911,-0.000659395,0.000119625,0.000903843,-0.000233747,0.000442864,0.000799413,-0.00131887,-0.00387628,-0.000735005,0.00311512,-0.000210762,0.000589034,0.00018,0.0010334,0.000139004,0.000236033,0.00027164,0.000574525,0.000324766,0.000759264,0.000613372,0.000862284,-0.00717313,-0.000331928,0.000313414,0.000395147,0.000361386,1.80628e-05,1.5438e-05,0.000280471,0.000516102,0.000898067,-6.66199e-05,0.000659192,-4.9922e-05,-1.59544e-06,-0.000131318,0.000668518,0.00037112,0.000441916,-0.000229356,-0.000611934,-0.000223848,0.000779211,-0.000892511,0.00224094,4.75787e-05
0.155997,0.00234228,0.00137352,0.000456298,0.000112376,0.000410355,-0.000395844,0.000361975,0.00120674,-1.25207e-06,-0.0004426,-0.0135697,0.00136968,0.0005151,0.000188511,0.000117316,-0.00168415,-0.000440905,0.000182113,0.000285522,0.000133439,-0.000484906,-0.000709404,5.87651e-05,0.00101739,-0.000219982,0.000441472,0.000775969,-0.00127981,-0.00360394,-0.000740792,0.00307997,-0.000224922,0.000528968,0.000147878,0.00104087,0.000110369,0.000207607,0.000261868,0.00055552,0.000285004,0.00076693,0.00061073,0.00087303,-0.00730875,-0.000319842,0.00032366,0.000352952,0.000345802,1.15627e-05,1.25462e-05,0.000228335,0.000501567,0.000810099,-7.98206e-05,0.000530596,-4.51558e-05,1.16233e-05,-0.000126674,0.000624225,0.000363009,0.000446547,-0.000239094,-0.000582843,-0.000228893,0.000748883,-0.00087422,0.00213452,-2.66746e-05
0.156997,0.00230039,0.0013371,0.000413645,9.92898e-05,0.000394955,-0.000411712,0.000299846,0.00115056,5.39207e-06,-0.000451357,-0.0139809,0.00148849,0.000420029,0.000172746,9.56646e-05,-0.00166941,-0.000348019,0.000136298,0.000296596,8.05103e-05,-0.000468983,-0.000754819,1.09434e-06,0.0011306,-0.000201984,0.000441856,0.00075001,-0.00123466,-0.00331116,-0.000742643,0.00303769,-0.000238493,0.000470416,0.000116512,0.00104463,8.18245e-05,0.000179368,0.000252101,0.000536711,0.000245848,0.000773675,0.000607238,0.000885196,-0.00741654,-0.000306428,0.000333059,0.000311881,0.000330661,4.3346e-06,1.00762e-05,0.000177587,0.000485659,0.000719977,-9.17906e-05,0.000401352,-4.02859e-05,2.50066e-05,-0.000121604,0.000580176,0.000354929,0.000449899,-0.000248449,-0.000553002,-0.000232892,0.000718508,-0.000853303,0.00202426,-9.95866e-05
0.157997,0.00225303,0.00129767,0.000371367,8.65896e-05,0.000379123,-0.000426956,0.000242151,0.00108978,1.20305e-05,-0.000458671,-0.0143401,0.00160374,0.000324388,0.000155133,7.45157e-05,-0.00164864,-0.000256101,8.89072e-05,0.000305686,2.99575e-05,-0.000449238,-0.000795481,-5.33271e-05,0.001243,-0.000179941,0.000443895,0.000721712,-0.00118344,-0.00299882,-0.00074061,0.00298838,-0.000251355,0.000413407,8.59143e-05,0.00104484,5.34095e-05,0.000151331,0.000242365,0.000518063,0.000207364,0.000779401,0.00060284,0.000898559,-0.00749556,-0.000291724,0.000341521,0.000271935,0.000315901,-3.56629e-06,8.0828e-06,0.000128277,0.000468394,0.000628035,-0.000102511,0.000271677,-3.53541e-05,3.84977e-05,-0.000116121,0.000536365,0.000346903,0.000451934,-0.000257395,-0.000522519,-0.000235849,0.000688014,-0.000829768,0.00191059,-0.000171146
0.158997,0.00220036,0.00125547,0.000329471,7.42528e-05,0.000362863,-0.000441494,0.00018892,0.00102452,1.86549e-05,-0.000464449,-0.014645,0.00171486,0.000228522,0.000135733,5.38514e-05,-0.00162193,-0.000165499,4.01785e-05,0.000312761,-1.81943e-05,-0.00042579,-0.000831259,-0.00010446,0.0013541,-0.000154067,0.000447453,0.000691257,-0.00112619,-0.00266792,-0.000734763,0.00293215,-0.000263388,0.000357953,5.60886e-05,0.00104166,2.51612e-05,0.000123506,0.000232681,0.000499533,0.000169616,0.000784009,0.000597481,0.000912876,-0.00754494,-0.000275774,0.000348959,0.000233101,0.00030146,-1.20805e-05,6.61705e-06,8.04415e-05,0.000449794,0.000534613,-0.000111971,0.000141791,-3.0402e-05,5.20388e-05,-0.000110242,0.00049278,0.000338949,0.000452621,-0.000265907,-0.000491498,-0.000237776,0.000657318,-0.000803637,0.00179391,-0.000241348
0.159997,0.00214253,0.00121073,0.000287962,6.22538e-05,0.000346181,-0.000455247,0.000140149,0.000954879,2.52631e-05,-0.000468599,-0.0148933,0.00182131,0.00013277,0.000114616,3.36508e-05,-0.00158943,-7.6554e-05,-9.64148e-06,0.0003178,-6.39315e-05,-0.00039878,-0.000862047,-0.000152287,0.0014634,-0.000124601,0.000452376,0.000658833,-0.00106301,-0.00231954,-0.000725194,0.00286913,-0.000274478,0.000304056,2.70334e-05,0.00103526,-2.88292e-06,9.59019e-05,0.000223068,0.000481072,0.000132658,0.000787395,0.000591104,0.000927886,-0.00756395,-0.00025863,0.000355287,0.00019536,0.000287274,-2.1145e-05,5.72613e-06,3.41062e-05,0.000429885,0.000440054,-0.000120169,1.19144e-05,-2.54705e-05,6.55715e-05,-0.000103981,0.000449402,0.000331076,0.000451932,-0.000273959,-0.000460039,-0.000238687,0.000626324,-0.000774938,0.00167462,-0.0003102
0.160997,0.00207971,0.00116369,0.000246838,5.05648e-05,0.000329083,-0.000468133,9.58072e-05,0.000880996,3.18595e-05,-0.00047104,-0.0150832,0.00192254,3.74696e-05,9.18651e-05,1.38911e-05,-0.00155129,1.04088e-05,-6.02971e-05,0.000320795,-0.000107251,-0.000368372,-0.000887763,-0.000196808,0.00157039,-9.18032e-05,0.000458495,0.000624631,-0.000993989,-0.00195488,-0.000712012,0.00279946,-0.000284514,0.000251701,-1.25826e-06,0.00102583,-3.06855e-05,6.85203e-05,0.000213541,0.000462624,9.65364e-05,0.000789456,0.000583656,0.000943314,-0.007552,-0.000240349,0.000360422,0.000158685,0.000273278,-3.06933e-05,5.45282e-06,-1.07125e-05,0.000408698,0.000344706,-0.000127113,-0.000117731,-2.05999e-05,7.90368e-05,-9.73565e-05,0.000406205,0.000323289,0.000449845,-0.000281529,-0.000428237,-0.000238599,0.000594926,-0.000743716,0.00155312,-0.000377709
0.161997,0.00201209,0.00111456,0.000206093,3.91561e-05,0.000311573,-0.000480071,5.58315e-05,0.000803027,3.84545e-05,-0.000471694,-0.0152129,0.00201802,-5.70457e-05,6.75746e-05,-5.4523e-06,-0.00150768,9.50749e-05,-0.000111525,0.00032175,-0.000148158,-0.000334746,-0.000908355,-0.000238044,0.00167457,-5.59563e-05,0.000465625,0.000588846,-0.000919274,-0.00157525,-0.000695348,0.00272329,-0.000293393,0.000200866,-2.87984e-05,0.00101356,-5.82087e-05,4.13619e-05,0.000204112,0.00044413,6.12923e-05,0.00079009,0.000575081,0.000958871,-0.0075086,-0.000220995,0.000364283,0.000123041,0.000259405,-4.06561e-05,5.83524e-06,-5.40075e-05,0.000386267,0.00024892,-0.000132816,-0.00024692,-1.58292e-05,9.23759e-05,-9.03864e-05,0.000363162,0.000315586,0.000446341,-0.00028859,-0.000396182,-0.000237534,0.000563011,-0.000710022,0.0014298,-0.000443893
0.162997,0.00193986,0.0010636,0.00016572,2.79971e-05,0.000293657,-0.000490981,2.01332e-05,0.000721143,4.50648e-05,-0.000470491,-0.015281,0.00210725,-0.000150449,4.18492e-05,-2.44046e-05,-0.0014588,0.000177144,-0.000163055,0.000320683,-0.000186669,-0.000298105,-0.000923793,-0.000276031,0.00177541,-1.73616e-05,0.000473572,0.000551673,-0.000839029,-0.00118203,-0.000675346,0.0026408,-0.000301017,0.000151515,-5.56032e-05,0.000998624,-8.54142e-05,1.44241e-05,0.000194792,0.000425528,2.69601e-05,0.000789191,0.000565329,0.000974258,-0.00743341,-0.000200638,0.000366794,8.83889e-05,0.000245594,-5.09615e-05,6.90643e-06,-9.57802e-05,0.000362633,0.000153048,-0.000137303,-0.000375425,-1.11964e-05,0.00010553,-8.30905e-05,0.000320241,0.000307962,0.000441408,-0.000295119,-0.000363959,-0.000235517,0.000530456,-0.000673921,0.00130505,-0.000508768
0.163997,0.00186323,0.00101102,0.000125706,1.70561e-05,0.00027534,-0.000500783,-1.14024e-05,0.000635538,5.17134e-05,-0.000467371,-0.0152863,0.00218973,-0.000242422,1.48043e-05,-4.29916e-05,-0.00140488,0.000256331,-0.000214614,0.000317623,-0.000222805,-0.000258667,-0.000934075,-0.000310823,0.00187241,2.3663e-05,0.000482126,0.000513309,-0.00075345,-0.000776706,-0.000652167,0.00255216,-0.000307295,0.000103605,-8.16921e-05,0.000981219,-0.000112263,-1.22976e-05,0.000185586,0.00040675,-6.43181e-06,0.000786658,0.000554349,0.000989168,-0.00732623,-0.000179351,0.000367881,5.46828e-05,0.000231781,-6.15358e-05,8.69407e-06,-0.00013604,0.00033784,5.74409e-05,-0.000140602,-0.000503016,-6.73749e-06,0.00011844,-7.54897e-05,0.000277407,0.000300402,0.000435041,-0.000301093,-0.000331649,-0.000232579,0.000497133,-0.000635489,0.00117923,-0.000572353
0.164997,0.00178239,0.000957064,8.60396e-05,6.30134e-06,0.000256629,-0.0005094,-3.8914e-05,0.000546423,5.84293e-05,-0.000462278,-0.0152278,0.002265,-0.000332651,-1.3435e-05,-6.12386e-05,-0.00134617,0.000332367,-0.000265924,0.000312611,-0.000256594,-0.000216668,-0.000939224,-0.000342489,0.00196505,6.67849e-05,0.000491073,0.000473951,-0.000662761,-0.000360843,-0.00062599,0.00245759,-0.000312145,5.7085e-05,-0.000107088,0.000961534,-0.000138715,-3.88094e-05,0.000176498,0.000387729,-3.88608e-05,0.00078239,0.000542096,0.00100329,-0.00718699,-0.000157217,0.000367478,2.18742e-05,0.000217908,-7.23035e-05,1.12202e-05,-0.000174801,0.000311938,-3.75496e-05,-0.000142753,-0.000629458,-2.48704e-06,0.00013105,-6.76061e-05,0.000234627,0.000292889,0.000427238,-0.000306488,-0.000299326,-0.00022875,0.000462909,-0.000594812,0.00105272,-0.000634669
0.165997,0.00169758,0.000901942,4.67065e-05,-4.29882e-06,0.000237531,-0.000516757,-6.25629e-05,0.000454026,6.52468e-05,-0.000455171,-0.015105,0.00233261,-0.000420835,-4.27337e-05,-7.91704e-05,-0.00128291,0.000404999,-0.000316705,0.000305699,-0.00028807,-0.000172357,-0.000939288,-0.000371109,0.00205282,0.000111659,0.000500186,0.000433794,-0.000567212,6.39163e-05,-0.000597004,0.00235728,-0.000315492,1.18983e-05,-0.000131814,0.000939756,-0.000164728,-6.51186e-05,0.00016753,0.000368396,-7.03093e-05,0.000776289,0.000528527,0.0010163,-0.00701577,-0.000134319,0.000365522,-1.00884e-05,0.000203919,-8.3188e-05,1.45011e-05,-0.000212087,0.000284982,-0.000131575,-0.000143799,-0.000754514,1.52259e-06,0.000143302,-5.94628e-05,0.000191865,0.000285401,0.000418004,-0.000311281,-0.00026706,-0.000224067,0.000427648,-0.000551988,0.000925868,-0.000695731
0.166997,0.00160903,0.000845878,7.69347e-06,-1.47755e-05,0.000218055,-0.000522781,-8.25306e-05,0.000358596,7.22059e-05,-0.000446012,-0.0149173,0.00239217,-0.000506683,-7.29485e-05,-9.68104e-05,-0.00121539,0.000473991,-0.000366678,0.00029695,-0.000317271,-0.000126001,-0.000934338,-0.000396777,0.00213523,0.00015793,0.000509236,0.000393031,-0.000467084,0.000495861,-0.000565413,0.00225148,-0.000317272,-3.20174e-05,-0.000155898,0.000916072,-0.000190261,-9.12327e-05,0.000158681,0.000348682,-0.000100765,0.000768263,0.000513603,0.00102789,-0.0068128,-0.000110749,0.000361955,-4.12588e-05,0.000189763,-9.41118e-05,1.85468e-05,-0.000247922,0.000257033,-0.000224292,-0.000143792,-0.000877942,5.26118e-06,0.000155141,-5.10841e-05,0.000149087,0.00027791,0.000407352,-0.000315449,-0.000234917,-0.000218566,0.000391213,-0.000507125,0.000799015,-0.000755554
0.167997,0.00151697,0.000789085,-3.1012e-05,-2.51585e-05,0.000198209,-0.000527403,-9.90175e-05,0.000260396,7.9351e-05,-0.000434779,-0.0146648,0.00244328,-0.000589913,-0.000103928,-0.00011418,-0.00114391,0.000539127,-0.000415565,0.000286439,-0.000344238,-7.78749e-05,-0.000924472,-0.000419598,0.0022118,0.000205234,0.000517988,0.000351852,-0.000362682,0.000933215,-0.00053143,0.00214043,-0.000317427,-7.47278e-05,-0.000179366,0.000890666,-0.000215269,-0.000117159,0.000149947,0.000328518,-0.000130218,0.000758221,0.00049729,0.00103773,-0.00657845,-8.66003e-05,0.000356727,-7.16911e-05,0.000175393,-0.000104997,2.33611e-05,-0.000282337,0.000228156,-0.000315359,-0.000142787,-0.000999496,8.70095e-06,0.000166514,-4.24954e-05,0.000106262,0.000270385,0.000395299,-0.000318971,-0.000202956,-0.000212289,0.000353466,-0.000460341,0.000672494,-0.000814149
0.168997,0.00142165,0.000731767,-6.94209e-05,-3.54765e-05,0.000178005,-0.000530558,-0.00011224,0.000159709,8.67311e-05,-0.000421457,-0.0143475,0.0024856,-0.000670259,-0.000135512,-0.0001313,-0.00106876,0.00060021,-0.000463091,0.00027425,-0.000369017,-2.82671e-05,-0.000909808,-0.000439684,0.00228204,0.000253204,0.000526204,0.000310443,-0.000254339,0.00137415,-0.00049528,0.00202438,-0.000315913,-0.000116301,-0.000202245,0.000863715,-0.000239708,-0.000142906,0.000141323,0.000307836,-0.000158666,0.000746081,0.000479559,0.00104553,-0.00631323,-6.19706e-05,0.000349795,-0.00010144,0.000160768,-0.000115767,2.89415e-05,-0.000315366,0.000198421,-0.000404443,-0.000140849,-0.00111893,1.18167e-05,0.000177368,-3.3723e-05,6.33614e-05,0.000262791,0.00038187,-0.000321825,-0.000171234,-0.000205278,0.000314273,-0.000411765,0.000546626,-0.00087152
0.169997,0.00132333,0.000674125,-0.000107542,-4.57562e-05,0.000157455,-0.000532184,-0.000122431,5.68333e-05,9.43987e-05,-0.000406041,-0.0139661,0.00251882,-0.000747466,-0.000167535,-0.000148185,-0.000990286,0.00065706,-0.000508983,0.000260475,-0.000391654,2.25259e-05,-0.000890489,-0.000457158,0.0023455,0.000301466,0.000533646,0.000268984,-0.000142411,0.00181679,-0.000457196,0.00190361,-0.000312694,-0.000156807,-0.000224561,0.000835395,-0.00026353,-0.000168478,0.000132801,0.000286573,-0.000186106,0.000731765,0.000460387,0.00105097,-0.00601781,-3.69614e-05,0.000341122,-0.000130558,0.000145852,-0.000126343,3.52789e-05,-0.000347043,0.000167904,-0.000491219,-0.000138043,-0.00123598,1.45859e-05,0.000187654,-2.47944e-05,2.03602e-05,0.00025509,0.000367094,-0.000323989,-0.000139802,-0.000197578,0.0002735,-0.000361536,0.000421719,-0.000927665
0.170997,0.00122227,0.000616348,-0.000145381,-5.60218e-05,0.000136575,-0.000532225,-0.000129833,-4.7919e-05,0.000102409,-0.000388539,-0.0135212,0.00254266,-0.000821294,-0.000199827,-0.000164851,-0.000908809,0.00070952,-0.000552979,0.000245216,-0.000412196,7.41997e-05,-0.000866678,-0.000472148,0.00240176,0.000349648,0.000540078,0.000227651,-2.728e-05,0.00225921,-0.000417416,0.00177839,-0.000307746,-0.000196314,-0.00024634,0.000805873,-0.000286687,-0.00019388,0.000124373,0.000264667,-0.000212542,0.000715201,0.000439757,0.00105377,-0.005693,-1.16768e-05,0.00033068,-0.000159098,0.000130616,-0.000136651,4.23577e-05,-0.000377407,0.000136687,-0.000575367,-0.000134441,-0.0013504,1.69889e-05,0.000197325,-1.57377e-05,-2.27614e-05,0.000247241,0.00035101,-0.000325443,-0.000108705,-0.000189237,0.000231022,-0.0003098,0.000298067,-0.000982572
0.171997,0.00111874,0.000558619,-0.000182941,-6.62954e-05,0.000115382,-0.00053063,-0.000134703,-0.000154219,0.000110821,-0.000368971,-0.013014,0.00255689,-0.000891517,-0.000232208,-0.000181308,-0.000824674,0.000757453,-0.000594818,0.000228584,-0.000430691,0.000126444,-0.000838557,-0.000484787,0.00245039,0.000397379,0.000545266,0.000186611,9.06506e-05,0.00269948,-0.000376186,0.00164904,-0.000301053,-0.000234892,-0.000267604,0.00077531,-0.000309131,-0.000219115,0.000116029,0.000242062,-0.000237978,0.000696329,0.000417658,0.00105363,-0.00533974,1.37766e-05,0.000318449,-0.000187109,0.000115037,-0.000146615,5.01559e-05,-0.000406494,0.000104853,-0.000656582,-0.000130118,-0.00146192,1.90091e-05,0.000206335,-6.58197e-06,-6.6018e-05,0.000239201,0.000333662,-0.000326166,-7.79858e-05,-0.000180302,0.000186719,-0.000256714,0.000175953,-0.00103622
0.172997,0.00101301,0.000501109,-0.000220219,-7.65958e-05,9.38935e-05,-0.000527353,-0.000137303,-0.000261727,0.000119692,-0.000347364,-0.0124458,0.00256131,-0.000957928,-0.0002645,-0.000197563,-0.000738234,0.000800741,-0.000634254,0.000210695,-0.000447189,0.000178945,-0.000806329,-0.000495212,0.002491,0.00044429,0.00054898,0.000146027,0.000210956,0.00313562,-0.000333755,0.00151587,-0.000292615,-0.000272605,-0.000288376,0.000743861,-0.000330808,-0.000244181,0.000107756,0.000218704,-0.000262421,0.000675094,0.000394086,0.00105029,-0.00495914,3.92904e-05,0.000304417,-0.000214637,9.9099e-05,-0.000156162,5.86447e-05,-0.000434341,7.24939e-05,-0.000734566,-0.000125153,-0.00157028,2.06329e-05,0.000214643,2.64281e-06,-0.000109418,0.000230926,0.000315098,-0.000326139,-4.76834e-05,-0.000170823,0.000140479,-0.00020244,5.56449e-05,-0.00108859
0.173997,0.000905356,0.000443982,-0.000257209,-8.6939e-05,7.21314e-05,-0.000522355,-0.000137904,-0.000370086,0.000129083,-0.000323762,-0.0118183,0.00255577,-0.00102033,-0.000296517,-0.00021362,-0.000649847,0.000839289,-0.000671046,0.000191672,-0.000461737,0.000231386,-0.000770216,-0.000503563,0.00252325,0.00049002,0.000550997,0.000106051,0.000333191,0.00356567,-0.000290374,0.00137919,-0.000282439,-0.000309516,-0.000308674,0.000711671,-0.000351669,-0.000269076,9.95406e-05,0.000194548,-0.00028588,0.000651451,0.000369043,0.00104349,-0.00455243,6.4755e-05,0.000288581,-0.000241723,8.27934e-05,-0.000165222,6.7789e-05,-0.000460987,3.9704e-05,-0.000809034,-0.000119626,-0.00167522,2.18499e-05,0.00022221,1.19061e-05,-0.000152961,0.000222369,0.000295376,-0.000325343,-1.78324e-05,-0.000160851,9.22032e-05,-0.00014715,-6.26014e-05,-0.00113963
0.174997,0.000796073,0.000387389,-0.000293899,-9.73375e-05,5.01191e-05,-0.000515604,-0.000136782,-0.000478934,0.000139054,-0.000298217,-0.0111336,0.00254017,-0.00107855,-0.000328073,-0.000229476,-0.000559877,0.000873024,-0.00070497,0.000171645,-0.000474383,0.00028345,-0.000730453,-0.000509982,0.00254679,0.000534213,0.000551103,6.68305e-05,0.000456893,0.00398763,-0.000246295,0.00123934,-0.000270545,-0.000345684,-0.000328513,0.000678879,-0.000371658,-0.000293793,9.13703e-05,0.000169552,-0.000308364,0.000625366,0.000342541,0.00103299,-0.00412098,9.00597e-05,0.000270949,-0.000268405,6.61177e-05,-0.000173726,7.75474e-05,-0.000486465,6.58206e-06,-0.000879717,-0.000113621,-0.00177646,2.26529e-05,0.000228999,2.11768e-05,-0.000196643,0.000213483,0.000274557,-0.000323761,1.15359e-05,-0.000150439,4.18022e-05,-9.10215e-05,-0.000178543,-0.00118929
0.175997,0.000685445,0.000331474,-0.000330272,-0.0001078,2.78824e-05,-0.000507073,-0.000134215,-0.000587894,0.000149663,-0.000270793,-0.0103937,0.00251443,-0.00113244,-0.000358981,-0.000245129,-0.00046869,0.000901893,-0.00073581,0.000150748,-0.000485173,0.000334819,-0.000687294,-0.000514611,0.00256132,0.000576527,0.000549093,2.85003e-05,0.000581584,0.00439954,-0.000201771,0.00109668,-0.000256964,-0.000381162,-0.000347904,0.000645613,-0.000390722,-0.000318322,8.32301e-05,0.000143682,-0.000329886,0.000596814,0.000314597,0.00101859,-0.00366628,0.000115094,0.000251536,-0.000294715,4.90769e-05,-0.000181608,8.78723e-05,-0.000510809,-2.67692e-05,-0.000946358,-0.000107221,-0.00187373,2.30381e-05,0.000234978,3.0423e-05,-0.000240448,0.000204224,0.000252711,-0.000321374,4.03929e-05,-0.000139638,-1.07989e-05,-3.42376e-05,-0.000291952,-0.00123751
0.176997,0.000573764,0.000276366,-0.000366306,-0.000118332,5.44982e-06,-0.000496744,-0.000130481,-0.000696581,0.000160967,-0.000241566,-0.00960122,0.00247854,-0.00118184,-0.000389052,-0.000260567,-0.000376653,0.000925865,-0.000763367,0.000129118,-0.000494152,0.00038518,-0.000641005,-0.00051759,0.0025666,0.00061663,0.000544773,-8.81201e-06,0.000706768,0.00479944,-0.000157052,0.000951556,-0.000241738,-0.000415997,-0.000366855,0.000611994,-0.000408805,-0.000342647,7.5105e-05,0.000116914,-0.000350456,0.000565783,0.000285236,0.00100008,-0.00318996,0.000139747,0.000230369,-0.00032068,3.16828e-05,-0.000188807,9.871e-05,-0.000534049,-6.02435e-05,-0.00100872,-0.000100512,-0.00196678,2.30047e-05,0.000240118,3.96127e-05,-0.000284354,0.000194543,0.00022991,-0.000318167,6.87132e-05,-0.000128501,-6.56597e-05,2.30133e-05,-0.000402612,-0.00128421
0.177997,0.000461326,0.000222187,-0.000401971,-0.000128935,-1.71479e-05,-0.000484606,-0.000125859,-0.000804605,0.000173019,-0.000210624,-0.00875898,0.00243254,-0.00122663,-0.000418098,-0.000275779,-0.000284134,0.000944932,-0.000787458,0.000106895,-0.000501365,0.000434225,-0.000591865,-0.000519058,0.00256238,0.000654203,0.000537962,-4.49889e-05,0.000831941,0.00518541,-0.000112384,0.000804338,-0.000224921,-0.00045023,-0.00038537,0.000578133,-0.000425853,-0.00036675,6.69797e-05,8.92269e-05,-0.000370087,0.000532271,0.000254493,0.000977301,-0.00269375,0.00016391,0.000207483,-0.00034632,1.39543e-05,-0.000195264,0.000110001,-0.000556212,-9.37313e-05,-0.00106657,-9.35778e-05,-0.00205531,2.25554e-05,0.000244394,4.87133e-05,-0.00032833,0.000184398,0.000206236,-0.000314124,9.64733e-05,-0.000117082,-0.000122824,8.05385e-05,-0.00051032,-0.00132931
0.178997,0.000348427,0.000169045,-0.000437233,-0.000139605,-3.98775e-05,-0.000470655,-0.000120625,-0.000911567,0.000185867,-0.000178063,-0.00787002,0.00237648,-0.00126672,-0.000445935,-0.000290745,-0.000191499,0.000959107,-0.000807915,8.42241e-05,-0.000506854,0.000481649,-0.000540165,-0.000519152,0.00254848,0.000688945,0.000528495,-7.99226e-05,0.000956585,0.00555556,-6.80112e-05,0.000655403,-0.000206575,-0.000483894,-0.000403447,0.000544131,-0.000441808,-0.000390608,5.88389e-05,6.06121e-05,-0.000388791,0.000496289,0.000222409,0.000950098,-0.00217952,0.000187473,0.000182925,-0.00037165,-4.08355e-06,-0.000200924,0.000121681,-0.000577321,-0.00012712,-0.00111971,-8.6504e-05,-0.00213907,2.16961e-05,0.000247784,5.76921e-05,-0.000372334,0.000173744,0.000181771,-0.000309231,0.000123652,-0.000105434,-0.000182316,0.000138142,-0.000614887,-0.0013727
0.179997,0.000235365,0.000117037,-0.000472049,-0.000150337,-6.27032e-05,-0.000454897,-0.000115049,-0.00101707,0.000199558,-0.000143993,-0.00693762,0.00231049,-0.00130202,-0.000472379,-0.000305445,-9.91085e-05,0.000968422,-0.000824589,6.12478e-05,-0.00051066,0.000527158,-0.000486203,-0.000518005,0.00252476,0.000720572,0.000516221,-0.000113516,0.00108018,0.00590805,-2.41684e-05,0.000505134,-0.000186775,-0.000517016,-0.00042108,0.00051008,-0.000456615,-0.000414191,5.06674e-05,3.10677e-05,-0.00040658,0.00045786,0.000189034,0.000918354,-0.00164922,0.000210332,0.00015675,-0.000396677,-2.2399e-05,-0.000205735,0.00013368,-0.000597396,-0.000160296,-0.00116795,-7.93738e-05,-0.00221779,2.04359e-05,0.000250269,6.65162e-05,-0.000416317,0.00016254,0.000156605,-0.000303476,0.00015023,-9.36087e-05,-0.000244143,0.000195626,-0.000716135,-0.00141428
0.180997,0.000122439,6.62523e-05,-0.000506373,-0.000161118,-8.55869e-05,-0.000437345,-0.000109398,-0.0011207,0.000214128,-0.000108533,-0.00596531,0.00223475,-0.00133246,-0.000497251,-0.00031985,-7.319e-06,0.000972933,-0.000837349,3.81111e-05,-0.000512822,0.000570466,-0.000430287,-0.000515744,0.00249111,0.000748818,0.000501006,-0.000145681,0.00120218,0.00624108,1.89149e-05,0.000353923,-0.000165605,-0.000549613,-0.000438257,0.000476063,-0.000470218,-0.000437466,4.24501e-05,6.01256e-07,-0.000423463,0.00041702,0.000154426,0.000881977,-0.00110492,0.000232382,0.000129024,-0.000421403,-4.09545e-05,-0.000209652,0.000145923,-0.000616452,-0.000193141,-0.00121112,-7.2269e-05,-0.00229121,1.87871e-05,0.000251837,7.51528e-05,-0.000460221,0.000150749,0.000130833,-0.000296847,0.00017619,-8.16597e-05,-0.000308291,0.00025279,-0.0008139,-0.00145391
0.181997,9.94628e-06,1.67649e-05,-0.000540149,-0.000171936,-0.000108488,-0.000418019,-0.000103927,-0.00122205,0.000229609,-7.18117e-05,-0.00495685,0.00214945,-0.00135799,-0.000520377,-0.000333932,8.35202e-05,0.000972716,-0.000846084,1.4958e-05,-0.00051338,0.000611297,-0.000372732,-0.000512493,0.00244746,0.000773438,0.000482735,-0.000176341,0.00132207,0.00655294,6.1018e-05,0.000202166,-0.000143158,-0.000581693,-0.000454962,0.000442156,-0.000482563,-0.000460395,3.41726e-05,-3.07705e-05,-0.000439452,0.000373818,0.00011865,0.000840902,-0.000548756,0.000253522,9.98253e-05,-0.00044582,-5.97068e-05,-0.000212632,0.000158331,-0.0006345,-0.000225537,-0.00124907,-6.52692e-05,-0.00235905,1.67649e-05,0.000252477,8.35691e-05,-0.000503978,0.000138335,0.000104552,-0.000289335,0.000201513,-6.96384e-05,-0.000374724,0.000309433,-0.00090803,-0.00149147
0.182997,-0.000101816,-3.13597e-05,-0.000573318,-0.000182769,-0.000131364,-0.00039695,-9.88872e-05,-0.00132072,0.000246026,-3.39668e-05,-0.00391621,0.00205487,-0.00137859,-0.000541589,-0.000347656,0.000173068,0.000967865,-0.000850703,-8.06864e-06,-0.00051237,0.00064939,-0.000313856,-0.000508368,0.0023938,0.000794211,0.000461311,-0.00020543,0.0014393,0.00684197,0.00010193,5.02638e-05,-0.000119537,-0.000613258,-0.000471174,0.000408422,-0.000493595,-0.000482935,2.58212e-05,-6.30214e-05,-0.000454556,0.000328317,8.17799e-05,0.000795094,1.70365e-05,0.000273656,6.92383e-05,-0.000469917,-7.86078e-05,-0.000214638,0.000170821,-0.000651544,-0.000257366,-0.00128167,-5.84513e-05,-0.00242109,1.43878e-05,0.000252183,9.17326e-05,-0.00054751,0.000125267,7.78626e-05,-0.00028093,0.000226185,-5.75955e-05,-0.000443384,0.000365356,-0.000998384,-0.00152679
0.183997,-0.000212553,-7.80672e-05,-0.000605813,-0.000193597,-0.000154171,-0.000374176,-9.45155e-05,-0.00141631,0.000263392,4.85421e-06,-0.00284753,0.00195131,-0.00139424,-0.000560725,-0.000360984,0.000260994,0.000958497,-0.000851136,-3.08285e-05,-0.000509829,0.000684495,-0.000253979,-0.000503481,0.00233016,0.000810937,0.000436657,-0.000232892,0.00155333,0.00710662,0.000141451,-0.000101378,-9.48531e-05,-0.000644298,-0.000486866,0.000374918,-0.000503262,-0.000505035,1.73828e-05,-9.61158e-05,-0.000468781,0.000280592,4.38976e-05,0.000744549,0.000590158,0.000292691,3.73597e-05,-0.000493673,-9.76044e-05,-0.000215637,0.000183307,-0.000667587,-0.000288508,-0.00130882,-5.1889e-05,-0.00247705,1.1677e-05,0.000250953,9.96111e-05,-0.000590731,0.000111519,5.08702e-05,-0.000271626,0.00025019,-4.5581e-05,-0.00051419,0.000420358,-0.00108484,-0.00155973
0.184997,-0.000321972,-0.000123314,-0.000637562,-0.000204392,-0.000176861,-0.000349744,-9.1039e-05,-0.00150842,0.000281713,4.44961e-05,-0.00175514,0.0018391,-0.00140495,-0.000577632,-0.000373874,0.000346978,0.000944746,-0.000847335,-5.31842e-05,-0.000505794,0.000716378,-0.000193427,-0.000497935,0.00225661,0.00082344,0.00040872,-0.000258681,0.00166365,0.00734542,0.000179391,-0.000252353,-6.92244e-05,-0.000674796,-0.000502007,0.000341694,-0.000511513,-0.000526642,8.84556e-06,-0.000130009,-0.000482133,0.000230732,5.09195e-06,0.000689292,0.00116825,0.000310538,4.29485e-06,-0.000517061,-0.00011664,-0.000215602,0.000195698,-0.000682623,-0.000318843,-0.00133044,-4.56521e-05,-0.00252672,8.65621e-06,0.00024879,0.000107173,-0.000633547,9.70673e-05,2.36816e-05,-0.00026142,0.000273513,-3.36433e-05,-0.000587039,0.000474243,-0.00116727,-0.00159012
0.185997,-0.000429786,-0.000167065,-0.000668487,-0.000215124,-0.000199385,-0.00032371,-8.86711e-05,-0.00159665,0.000300985,8.47962e-05,-0.000643533,0.00171865,-0.00141075,-0.000592163,-0.000386283,0.000430713,0.000926765,-0.000839273,-7.50021e-05,-0.000500301,0.000744823,-0.000132521,-0.000491827,0.00217327,0.000831571,0.000377465,-0.00028276,0.00176971,0.00755699,0.000215576,-0.000402252,-4.2777e-05,-0.000704726,-0.00051656,0.000308788,-0.0005183,-0.000547698,1.98619e-07,-0.000164645,-0.000494618,0.000178839,-3.45407e-05,0.000629378,0.00174889,0.000327113,-2.98413e-05,-0.000540048,-0.000135654,-0.000214511,0.000207904,-0.000696643,-0.000348254,-0.00134646,-3.98065e-05,-0.00256985,5.35205e-06,0.0002457,0.000114387,-0.000675855,8.18954e-05,-3.59404e-06,-0.000250308,0.000296137,-2.18298e-05,-0.000661802,0.000526816,-0.00124557,-0.00161777
0.186997,-0.000535711,-0.000209296,-0.000698506,-0.00022576,-0.000221695,-0.000296137,-8.76118e-05,-0.0016806,0.000321191,0.000125585,0.000482678,0.00159038,-0.00141169,-0.000604185,-0.000398162,0.000511905,0.000904724,-0.000826947,-9.61533e-05,-0.000493386,0.00076963,-7.15844e-05,-0.000485248,0.00208032,0.000835207,0.00034288,-0.000305104,0.00187101,0.00774007,0.000249842,-0.000550666,-1.56431e-05,-0.000734051,-0.000530483,0.000276236,-0.000523577,-0.000568138,-8.56756e-06,-0.000199962,-0.000506238,0.00012503,-7.48969e-05,0.000564895,0.00232962,0.000342341,-6.4925e-05,-0.000562594,-0.000154583,-0.000212347,0.00021983,-0.000709635,-0.000376622,-0.00135684,-3.44132e-05,-0.00260624,1.79335e-06,0.000241693,0.000121223,-0.000717546,6.59911e-05,-3.08458e-05,-0.00023829,0.000318047,-1.01861e-05,-0.000738326,0.000577889,-0.00131965,-0.0016425
0.187997,-0.000639466,-0.000249992,-0.00072753,-0.000236263,-0.000243737,-0.000267097,-8.80459e-05,-0.00175992,0.000342304,0.000166686,0.00161875,0.00145476,-0.00140783,-0.000613572,-0.000409463,0.000590278,0.00087881,-0.000810374,-0.000116514,-0.000485088,0.000790618,-1.09344e-05,-0.000478277,0.00197795,0.000834248,0.000304977,-0.000325696,0.00196703,0.00789351,0.000282041,-0.00069719,1.20393e-05,-0.000762729,-0.000543731,0.000244063,-0.0005273,-0.000587894,-1.74611e-05,-0.000235885,-0.000516993,6.94323e-05,-0.000115867,0.000495961,0.00290797,0.000356147,-0.000100824,-0.000584653,-0.000173361,-0.000209098,0.00023138,-0.00072158,-0.000403832,-0.00136156,-2.95284e-05,-0.00263567,-1.98877e-06,0.000236782,0.000127652,-0.0007585,4.93486e-05,-5.79619e-05,-0.000225368,0.000339228,1.24386e-06,-0.000816434,0.000627274,-0.00138943,-0.00166412
0.188997,-0.000740781,-0.000289146,-0.000755468,-0.000246593,-0.000265459,-0.000236672,-9.01423e-05,-0.00183423,0.000364283,0.000207919,0.00275986,0.0013123,-0.00139923,-0.000620212,-0.000420134,0.000665568,0.000849226,-0.000789596,-0.000135968,-0.000475444,0.000807626,4.91151e-05,-0.00047099,0.00186644,0.000828626,0.00026379,-0.00034453,0.00205728,0.00801629,0.00031204,-0.000841418,4.01278e-05,-0.000790707,-0.000556254,0.00021229,-0.000529431,-0.000606894,-2.64886e-05,-0.000272333,-0.000526882,1.21882e-05,-0.000157333,0.000422723,0.00348143,0.000368468,-0.000137398,-0.000606173,-0.000191923,-0.000204759,0.00024246,-0.000732454,-0.000429771,-0.00136064,-2.52028e-05,-0.00265796,-5.9612e-06,0.000230987,0.000133645,-0.000798594,3.19678e-05,-8.483e-05,-0.000211547,0.000359662,1.2418e-05,-0.000895923,0.000674793,-0.00145482,-0.00168244
0.189997,-0.00083939,-0.000326758,-0.000782223,-0.000256708,-0.000286807,-0.000204948,-9.40536e-05,-0.00190317,0.000387077,0.000249099,0.00390109,0.00116354,-0.00138601,-0.000624002,-0.000430121,0.00073753,0.000816191,-0.000764675,-0.000154402,-0.000464496,0.000820514,0.000108256,-0.000463452,0.0017461,0.000818296,0.000219376,-0.000361607,0.00214129,0.00810752,0.00033972,-0.000982951,6.84756e-05,-0.000817925,-0.000567998,0.000180931,-0.000529934,-0.00062506,-3.5655e-05,-0.000309215,-0.000535904,-4.65488e-05,-0.000199175,0.000345359,0.00404748,0.000379244,-0.0001745,-0.000627097,-0.0002102,-0.000199329,0.000252972,-0.000742231,-0.00045433,-0.0013541,-2.14817e-05,-0.00267294,-1.0089e-05,0.000224328,0.000139175,-0.000837697,1.38549e-05,-0.000111338,-0.000196834,0.000379332,2.3296e-05,-0.000976569,0.000720273,-0.00151577,-0.00169725
0.190997,-0.000935034,-0.000362838,-0.000807699,-0.000266563,-0.000307726,-0.000172022,-9.99148e-05,-0.0019664,0.00041062,0.000290037,0.00503749,0.00100905,-0.00136827,-0.000624856,-0.000439371,0.000805937,0.000779936,-0.000735699,-0.000171715,-0.000452285,0.000829163,0.00016619,-0.000455721,0.00161726,0.000803244,0.000171815,-0.000376936,0.00221859,0.00816643,0.00036498,-0.00112139,9.6933e-05,-0.000844317,-0.000578905,0.000149997,-0.000528778,-0.000642312,-4.49635e-05,-0.000346433,-0.000544052,-0.000106613,-0.000241263,0.000264077,0.00460362,0.000388424,-0.000211974,-0.000647362,-0.000228123,-0.000192812,0.000262821,-0.000750879,-0.000477401,-0.00134199,-1.84043e-05,-0.00268044,-1.43356e-05,0.00021683,0.000144216,-0.000875675,-4.97719e-06,-0.000137374,-0.00018124,0.000398218,3.384e-05,-0.00105812,0.000763548,-0.00157221,-0.00170835
0.191997,-0.00102746,-0.000397401,-0.000831793,-0.000276111,-0.00032816,-0.000137997,-0.000107844,-0.00202361,0.000434832,0.000330542,0.00616405,0.00084945,-0.00134613,-0.000622699,-0.000447828,0.000870581,0.000740706,-0.000702775,-0.00018781,-0.000438858,0.000833475,0.000222624,-0.000447849,0.00148034,0.00078348,0.00012121,-0.000390537,0.00228874,0.00819241,0.000387733,-0.00125635,0.000125348,-0.000869808,-0.000588916,0.000119493,-0.000525936,-0.000658567,-5.44155e-05,-0.000383879,-0.00055132,-0.000167826,-0.000283466,0.00017911,0.00514734,0.000395963,-0.000249659,-0.000666902,-0.000245627,-0.000185219,0.000271912,-0.000758365,-0.000498883,-0.0013244,-1.60037e-05,-0.00268032,-1.86632e-05,0.000208523,0.000148743,-0.000912387,-2.4509e-05,-0.000162827,-0.000164777,0.000416301,4.40138e-05,-0.0011403,0.000804461,-0.00162411,-0.00171554
0.192997,-0.00111644,-0.000430468,-0.000854402,-0.000285304,-0.000348054,-0.000102983,-0.000117939,-0.00207448,0.000459621,0.000370421,0.0072758,0.000685361,-0.00131974,-0.00061747,-0.000455437,0.000931271,0.000698757,-0.000666032,-0.0002026,-0.000424262,0.000833377,0.00027728,-0.000439878,0.00133578,0.000759043,6.76878e-05,-0.000402434,0.00235134,0.00818496,0.000407909,-0.00138746,0.000153567,-0.000894317,-0.000597966,8.94204e-05,-0.000521387,-0.000673738,-6.40105e-05,-0.000421439,-0.000557701,-0.00023,-0.000325645,9.0723e-05,0.0056762,0.000401825,-0.00028739,-0.000685648,-0.000262644,-0.000176566,0.000280152,-0.00076465,-0.00051868,-0.00130142,-1.43068e-05,-0.00267246,-2.30327e-05,0.000199439,0.000152735,-0.000947689,-4.47142e-05,-0.00018759,-0.000147462,0.00043356,5.3784e-05,-0.00122282,0.000842863,-0.00167142,-0.00171861
0.193997,-0.00120173,-0.000462067,-0.000875423,-0.000294092,-0.000367351,-6.70956e-05,-0.000130281,-0.00211873,0.000484881,0.00040948,0.00836776,0.000517445,-0.00128925,-0.000609125,-0.000462142,0.000987839,0.000654355,-0.000625622,-0.000216008,-0.00040855,0.000828818,0.000329887,-0.000431843,0.00118404,0.000730001,1.13956e-05,-0.000412661,0.00240598,0.00814377,0.000425457,-0.00151433,0.000181437,-0.00091776,-0.000605992,5.97783e-05,-0.000515115,-0.000687736,-7.37461e-05,-0.000458994,-0.000563183,-0.000292937,-0.000367661,-7.95874e-07,0.00618775,0.00040598,-0.000324993,-0.000703524,-0.00027911,-0.000166873,0.000287451,-0.000769696,-0.000536698,-0.00127316,-1.33338e-05,-0.00265678,-2.74043e-05,0.000189612,0.000156169,-0.000981435,-6.55598e-05,-0.000211557,-0.000129314,0.000449972,6.31192e-05,-0.00130536,0.000878614,-0.00171411,-0.00171737
0.194997,-0.00128312,-0.000492228,-0.000894751,-0.000302424,-0.000385995,-3.04584e-05,-0.000144932,-0.00215609,0.000510491,0.000447527,0.00943497,0.00034638,-0.00125483,-0.000597633,-0.000467891,0.00104014,0.000607776,-0.000581716,-0.000227962,-0.000391777,0.000819769,0.000380191,-0.000423774,0.00102566,0.000696443,-4.74961e-05,-0.000421256,0.0024523,0.00806866,0.000440338,-0.0016366,0.000208805,-0.000940045,-0.000612926,3.05633e-05,-0.000507109,-0.000700471,-8.36179e-05,-0.000496416,-0.000567756,-0.000356427,-0.000409368,-9.51327e-05,0.00667962,0.000408408,-0.000362295,-0.000720455,-0.000294963,-0.000156167,0.00029372,-0.000773459,-0.000552854,-0.00123979,-1.30985e-05,-0.00263317,-3.17375e-05,0.000179082,0.000159026,-0.00101348,-8.70057e-05,-0.000234623,-0.000110356,0.000465514,7.19905e-05,-0.00138758,0.000911587,-0.00175217,-0.00171163
0.195997,-0.0013604,-0.000520987,-0.000912282,-0.000310249,-0.000403931,6.80068e-06,-0.000161935,-0.00218633,0.00053632,0.000484371,0.0104726,0.000172866,-0.00121665,-0.00058298,-0.000472629,0.00108803,0.000559305,-0.000534505,-0.000238405,-0.000374003,0.000806226,0.000427949,-0.000415694,0.000861199,0.00065849,-0.000108796,-0.000428264,0.00248998,0.00795959,0.000452534,-0.00175394,0.000235518,-0.000961077,-0.000618701,1.77037e-06,-0.000497366,-0.000711851,-9.36195e-05,-0.000533572,-0.000571406,-0.000420254,-0.000450619,-0.00019195,0.0071495,0.000409096,-0.000399116,-0.000736362,-0.000310145,-0.000144479,0.000298875,-0.000775897,-0.000567066,-0.00120145,-1.36083e-05,-0.00260161,-3.59914e-05,0.000167888,0.000161288,-0.00104367,-0.000109005,-0.000256689,-9.06138e-05,0.000480162,8.03715e-05,-0.00146912,0.000941662,-0.00178558,-0.00170119
0.196997,-0.00143337,-0.000548385,-0.000927913,-0.000317515,-0.000421105,4.45484e-05,-0.000181313,-0.00220922,0.00056222,0.000519821,0.0114758,-2.38344e-06,-0.00117492,-0.000565167,-0.000476306,0.00113142,0.00050923,-0.000484199,-0.000247285,-0.000355294,0.00078821,0.000472935,-0.000407617,0.000691246,0.000616284,-0.000172293,-0.000433736,0.0025187,0.00781671,0.00046204,-0.00186601,0.000261427,-0.00098076,-0.000623249,-2.66066e-05,-0.000485888,-0.000721783,-0.000103742,-0.000570327,-0.00057412,-0.000484193,-0.000491265,-0.00029089,0.00759515,0.000408039,-0.000435274,-0.000751167,-0.000324601,-0.000131845,0.000302837,-0.000776964,-0.000579265,-0.00115834,-1.48637e-05,-0.00256205,-4.01251e-05,0.000156075,0.000162941,-0.00107186,-0.000131505,-0.000277661,-7.0118e-05,0.000493887,8.82384e-05,-0.00154961,0.000968733,-0.00181434,-0.00168587
0.197997,-0.00150184,-0.000574461,-0.000941544,-0.000324171,-0.000437461,8.26469e-05,-0.000203071,-0.00222456,0.000588032,0.000553693,0.0124399,-0.000178642,-0.00112982,-0.000544213,-0.000478872,0.00117021,0.000457847,-0.000431026,-0.000254564,-0.00033572,0.000765763,0.000514937,-0.000399555,0.000516434,0.000569993,-0.000237757,-0.000437724,0.0025382,0.00764028,0.00046887,-0.00197247,0.000286387,-0.000998992,-0.000626502,-5.45741e-05,-0.000472684,-0.000730176,-0.000113976,-0.000606538,-0.000575882,-0.00054801,-0.000531157,-0.000391572,0.0080144,0.000405241,-0.000470586,-0.000764787,-0.00033828,-0.000118306,0.00030553,-0.000776615,-0.000589384,-0.00111067,-1.68587e-05,-0.00251449,-4.40979e-05,0.000143688,0.000163971,-0.0010979,-0.000154444,-0.000297447,-4.89019e-05,0.000506665,9.55699e-05,-0.00162866,0.000992706,-0.00183844,-0.00166552
0.198997,-0.00156566,-0.00059926,-0.000953076,-0.000330165,-0.000452947,0.000120954,-0.000227194,-0.0022322,0.000613586,0.000585806,0.0133604,-0.000355173,-0.00108157,-0.000520153,-0.000480282,0.00120434,0.000405456,-0.000375231,-0.000260211,-0.000315355,0.000738952,0.000553762,-0.000391512,0.000337422,0.000519807,-0.000304937,-0.00044029,0.00254825,0.00743077,0.000473052,-0.00207303,0.000310255,-0.00101567,-0.000628393,-8.2138e-05,-0.000457771,-0.000736938,-0.000124307,-0.00064206,-0.000576678,-0.000611468,-0.000570141,-0.000493601,0.0084052,0.000400714,-0.00050487,-0.000777144,-0.000351136,-0.000103907,0.000306883,-0.000774806,-0.000597367,-0.00105865,-1.95809e-05,-0.00245896,-4.78695e-05,0.000130776,0.000164367,-0.00112165,-0.000177757,-0.000315961,-2.70028e-05,0.000518465,0.000102347,-0.00170585,0.0010135,-0.00185789,-0.00163997
0.199997,-0.00162466,-0.000622825,-0.000962415,-0.000335449,-0.000467513,0.000159326,-0.000253651,-0.00223199,0.000638699,0.000615983,0.014233,-0.000531237,-0.00103038,-0.000493037,-0.000480491,0.00123377,0.000352356,-0.000317075,-0.000264208,-0.000294281,0.000707868,0.000589233,-0.000383489,0.000154899,0.000465941,-0.000373567,-0.000441494,0.00254865,0.00718875,0.000474629,-0.0021674,0.000332894,-0.0010307,-0.000628857,-0.000109303,-0.000441171,-0.000741978,-0.000134722,-0.000676748,-0.000576489,-0.000674323,-0.000608068,-0.000596562,0.00876559,0.000394478,-0.000537942,-0.000788156,-0.000363129,-8.87001e-05,0.000306834,-0.000771493,-0.000603167,-0.00100253,-2.30115e-05,-0.00239551,-5.14003e-05,0.000117388,0.000164119,-0.00114296,-0.00020137,-0.000333123,-4.46203e-06,0.000529259,0.000108554,-0.00178078,0.00103103,-0.00187273,-0.00160909
0.200997,-0.0016787,-0.000645203,-0.000969471,-0.000339974,-0.000481107,0.000197613,-0.000282391,-0.00222382,0.000663178,0.000644056,0.0150533,-0.000706089,-0.000976487,-0.000462933,-0.000479461,0.00125846,0.000298852,-0.000256832,-0.000266544,-0.000272584,0.000672622,0.000621194,-0.000375482,-3.0421e-05,0.000408626,-0.000443365,-0.000441401,0.00253923,0.00691499,0.000473662,-0.00225531,0.000354174,-0.00104397,-0.000627831,-0.000136074,-0.000422916,-0.00074521,-0.000145204,-0.000710452,-0.0005753,-0.000736326,-0.000644786,-0.00070003,0.00909372,0.000386561,-0.00056962,-0.000797747,-0.000374222,-7.27378e-05,0.000305323,-0.000766633,-0.000606743,-0.000942575,-2.71256e-05,-0.00232421,-5.46517e-05,0.000103577,0.000163224,-0.00116169,-0.000225205,-0.000348859,1.86755e-05,0.000539016,0.000114177,-0.001853,0.00104526,-0.00188295,-0.00157274
0.201997,-0.00172766,-0.000666438,-0.000974158,-0.000343693,-0.000493682,0.000235667,-0.000313343,-0.00220762,0.00068682,0.000669862,0.0158174,-0.000878989,-0.000920114,-0.000429926,-0.000477156,0.00127842,0.000245243,-0.00019479,-0.000267221,-0.000250356,0.000633351,0.000649505,-0.000367483,-0.000217803,0.000348118,-0.000514033,-0.000440079,0.00251988,0.00661038,0.000470221,-0.00233651,0.00037397,-0.00105538,-0.000625254,-0.000162452,-0.000403043,-0.000746546,-0.000155734,-0.000743022,-0.000573094,-0.000797227,-0.000680147,-0.000803564,0.00938789,0.000377001,-0.000599724,-0.000805839,-0.000384388,-5.60788e-05,0.000302301,-0.000760185,-0.000608066,-0.00087906,-3.18923e-05,-0.00224518,-5.75864e-05,8.93955e-05,0.000161675,-0.00117773,-0.000249179,-0.000363102,4.23607e-05,0.000547707,0.000119205,-0.00192209,0.00105614,-0.00188861,-0.00153083
0.202997,-0.00177142,-0.000686573,-0.000976397,-0.000346562,-0.000505192,0.000273335,-0.000346423,-0.00218333,0.000709413,0.000693249,0.0165215,-0.0010492,-0.000861502,-0.000394115,-0.000473544,0.00129365,0.000191831,-0.000131248,-0.00026625,-0.000227694,0.000590211,0.000674048,-0.000359482,-0.000406491,0.000284688,-0.000585262,-0.000437596,0.00249052,0.00627598,0.000464395,-0.00241075,0.000392164,-0.00106483,-0.000621069,-0.000188436,-0.000381599,-0.000745907,-0.000166292,-0.000774308,-0.000569854,-0.000856773,-0.000714002,-0.000906718,0.00964651,0.00036584,-0.000628078,-0.00081236,-0.000393604,-3.87851e-05,0.000297724,-0.000752112,-0.000607114,-0.000812278,-3.72747e-05,-0.00215856,-6.01684e-05,7.48976e-05,0.000159472,-0.00119092,-0.000273201,-0.00037579,6.65407e-05,0.0005553,0.000123631,-0.00198761,0.00106363,-0.00188973,-0.00148327
0.203997,-0.00180988,-0.00070565,-0.000976116,-0.00034854,-0.000515594,0.000310467,-0.000381528,-0.00215093,0.000730739,0.000714072,0.017162,-0.00121599,-0.00080089,-0.000355619,-0.000468601,0.0013042,0.000138911,-6.6516e-05,-0.000263652,-0.000204704,0.000543381,0.000694723,-0.000351465,-0.000595716,0.000218623,-0.000656729,-0.000434022,0.00245111,0.00591297,0.000456282,-0.00247784,0.000408649,-0.00107224,-0.000615224,-0.000214023,-0.000358636,-0.000743214,-0.000176855,-0.000804163,-0.000565565,-0.00091471,-0.000746207,-0.00100903,0.00986815,0.000353133,-0.00065451,-0.000817239,-0.000401852,-2.09221e-05,0.000291556,-0.000742379,-0.000603877,-0.000742535,-4.32309e-05,-0.0020645,-6.23638e-05,6.01386e-05,0.000156618,-0.00120117,-0.000297177,-0.000386871,9.11586e-05,0.000561763,0.000127447,-0.00204909,0.00106772,-0.00188636,-0.00142999
0.204997,-0.00184297,-0.000723709,-0.00097325,-0.000349586,-0.000524847,0.000346909,-0.000418538,-0.00211044,0.000750571,0.000732198,0.0177358,-0.00137865,-0.000738525,-0.000314568,-0.000462304,0.00131012,8.67747e-05,-9.12211e-07,-0.000259458,-0.000181492,0.000493059,0.000711451,-0.000343417,-0.000784694,0.000150227,-0.000728103,-0.000429427,0.00240167,0.00552271,0.000445992,-0.00253758,0.000423323,-0.0010775,-0.000607671,-0.000239205,-0.000334217,-0.000738394,-0.0001874,-0.000832437,-0.00056021,-0.000970785,-0.000776621,-0.00111006,0.0100515,0.000338937,-0.000678852,-0.00082041,-0.000409124,-2.55821e-06,0.000283771,-0.000730956,-0.000598353,-0.000670151,-4.97136e-05,-0.00196321,-6.41404e-05,4.51744e-05,0.000153114,-0.00120835,-0.00032101,-0.000396299,0.000116154,0.000567066,0.000130651,-0.00210611,0.00106839,-0.00187854,-0.00137095
0.205997,-0.00187062,-0.000740788,-0.000967741,-0.000349667,-0.000532913,0.000382512,-0.000457319,-0.00206191,0.000768679,0.000747502,0.0182396,-0.00153647,-0.000674652,-0.000271112,-0.000454639,0.00131147,3.57082e-05,6.52388e-05,-0.000253708,-0.000158173,0.000439461,0.000724175,-0.000335321,-0.000972636,7.98161e-05,-0.000799043,-0.00042388,0.00234222,0.00510665,0.000433649,-0.00258981,0.000436097,-0.00108053,-0.000598366,-0.000263973,-0.000308409,-0.000731381,-0.0001979,-0.000858986,-0.000553775,-0.00102475,-0.000805107,-0.00120932,0.0101955,0.00032332,-0.000700944,-0.000821811,-0.000415415,1.62349e-05,0.000274349,-0.000717816,-0.000590551,-0.000595455,-5.66707e-05,-0.00185492,-6.54683e-05,3.00614e-05,0.00014897,-0.00121237,-0.000344597,-0.000404035,0.000141462,0.000571179,0.000133241,-0.0021582,0.00106567,-0.00186634,-0.00130614
0.206997,-0.00189279,-0.00075692,-0.00095954,-0.000348749,-0.000539757,0.000417125,-0.000497722,-0.00200541,0.000784829,0.000759875,0.0186709,-0.00168877,-0.000609521,-0.000225412,-0.000445595,0.00130836,-1.40111e-05,0.000131607,-0.000246452,-0.000134867,0.000382824,0.000732857,-0.000327161,-0.00115875,7.7193e-06,-0.000869204,-0.000417453,0.00227288,0.0046664,0.000419384,-0.00263437,0.00044689,-0.00108124,-0.000587272,-0.00028831,-0.000281288,-0.000722115,-0.000208328,-0.000883669,-0.000546248,-0.00107634,-0.000831533,-0.00130636,0.0102991,0.000306355,-0.000720632,-0.000821387,-0.000420731,3.53834e-05,0.00026328,-0.000702939,-0.000580489,-0.000518787,-6.40457e-05,-0.00173988,-6.632e-05,1.48558e-05,0.000144194,-0.00121314,-0.000367833,-0.000410051,0.000167014,0.00057407,0.000135221,-0.00220493,0.00105958,-0.00184982,-0.00123556
0.207997,-0.00190943,-0.000772135,-0.000948608,-0.000346805,-0.000545346,0.0004506,-0.000539583,-0.00194105,0.000798785,0.000769217,0.0190273,-0.0018349,-0.000543379,-0.000177645,-0.00043517,0.00130087,-6.21144e-05,0.000197858,-0.000237747,-0.000111696,0.0003234,0.000737479,-0.000318917,-0.00134223,-6.57259e-05,-0.000938233,-0.000410211,0.00219377,0.00420367,0.000403339,-0.00267116,0.000455632,-0.00107957,-0.00057436,-0.0003122,-0.000252939,-0.000710541,-0.000218654,-0.000906347,-0.000537617,-0.00112533,-0.000855771,-0.00140071,0.0103616,0.000288123,-0.00073777,-0.000819087,-0.000425081,5.48108e-05,0.000250564,-0.000686309,-0.000568197,-0.000440495,-7.17784e-05,-0.00161837,-6.66707e-05,-3.85981e-07,0.000138798,-0.00121056,-0.000390609,-0.000414323,0.000192738,0.000575711,0.000136593,-0.00224587,0.00105014,-0.00182905,-0.00115926
0.208997,-0.00192054,-0.000786458,-0.000934917,-0.000343811,-0.000549652,0.000482794,-0.000582727,-0.00186899,0.000810311,0.000775443,0.0193065,-0.0019742,-0.000476476,-0.000128001,-0.000423365,0.00128914,-0.000108343,0.000263658,-0.00022766,-8.8789e-05,0.000261457,0.000738046,-0.000310573,-0.00152228,-0.000140173,-0.00100578,-0.000402224,0.00210508,0.00372032,0.000385662,-0.00270006,0.000462264,-0.00107544,-0.000559604,-0.000335618,-0.000223451,-0.000696614,-0.00022885,-0.00092689,-0.000527872,-0.00117148,-0.000877702,-0.00149193,0.0103822,0.000268708,-0.000752223,-0.000814866,-0.000428482,7.44388e-05,0.00023621,-0.000667917,-0.000553713,-0.000360935,-7.98045e-05,-0.00149073,-6.64986e-05,-1.56079e-05,0.000132798,-0.00120458,-0.000412817,-0.00041684,0.00021856,0.000576074,0.000137364,-0.00228058,0.0010374,-0.00180411,-0.0010773
0.209997,-0.00192612,-0.000799909,-0.000918445,-0.000339746,-0.000552651,0.000513564,-0.000626966,-0.00178939,0.000819171,0.000778481,0.019507,-0.00210609,-0.000409057,-7.66849e-05,-0.00041019,0.0012733,-0.00015245,0.000328671,-0.000216265,-6.62764e-05,0.000197279,0.000734582,-0.000302112,-0.00169813,-0.000215271,-0.00107148,-0.000393554,0.00200702,0.00321828,0.00036651,-0.00272102,0.000466738,-0.0010688,-0.000542991,-0.000358538,-0.000192922,-0.000680297,-0.000238882,-0.000945169,-0.000517006,-0.00121454,-0.000897211,-0.00157957,0.0103607,0.000248204,-0.000763862,-0.000808687,-0.000430959,9.41877e-05,0.000220236,-0.000647759,-0.000537088,-0.000280465,-8.80571e-05,-0.00135728,-6.57846e-05,-3.07547e-05,0.000126211,-0.00119513,-0.000434343,-0.000417597,0.000244399,0.000575132,0.000137542,-0.00230866,0.00102144,-0.00177507,-0.000989772
0.210997,-0.00192619,-0.000812506,-0.000899186,-0.000334598,-0.000554319,0.000542775,-0.0006721,-0.00170247,0.000825135,0.000778272,0.0196272,-0.00222998,-0.000341367,-2.39099e-05,-0.000395661,0.0012535,-0.0001942,0.000392563,-0.000203643,-4.42924e-05,0.000131161,0.000727131,-0.000293518,-0.00186899,-0.000290662,-0.00113499,-0.000384264,0.00189986,0.0026996,0.000346045,-0.00273398,0.000469018,-0.00105959,-0.00052451,-0.000380927,-0.000161457,-0.00066156,-0.000248719,-0.000961065,-0.000505015,-0.00125429,-0.00091419,-0.00166318,0.0102968,0.000226706,-0.000772574,-0.000800521,-0.00043254,0.000113976,0.000202669,-0.00062584,-0.000518379,-0.00019945,-9.64664e-05,-0.0012184,-6.45131e-05,-4.57718e-05,0.000119058,-0.00118217,-0.000455076,-0.000416598,0.000270174,0.000572863,0.000137138,-0.00232971,0.0010023,-0.00174203,-0.000896807
0.211997,-0.00192078,-0.000824258,-0.000877142,-0.000328355,-0.00055464,0.000570295,-0.00071792,-0.00160848,0.000827974,0.000774774,0.0196661,-0.00234533,-0.000273645,3.00973e-05,-0.0003798,0.0012299,-0.000233374,0.000455005,-0.000189883,-2.29734e-05,6.34115e-05,0.000715757,-0.000284776,-0.0020341,-0.000365987,-0.00119595,-0.000374415,0.00178392,0.00216641,0.000324433,-0.00273893,0.00046908,-0.00104777,-0.000504162,-0.00040275,-0.000129166,-0.000640385,-0.000258326,-0.000974465,-0.000491894,-0.00129052,-0.000928542,-0.00174235,0.0101903,0.000204317,-0.000778252,-0.000790342,-0.000433261,0.000133722,0.000183547,-0.000602171,-0.000497657,-0.000118253,-0.000104961,-0.0010745,-6.26717e-05,-6.06056e-05,0.000111362,-0.00116567,-0.000474902,-0.000413855,0.000295799,0.000569242,0.000136165,-0.00234336,0.000980091,-0.00170508,-0.00079856
0.212996,-0.00190994,-0.000835169,-0.000852327,-0.000321013,-0.0005536,0.000595997,-0.000764208,-0.00150768,0.00082747,0.00076796,0.019623,-0.00245163,-0.000206129,8.51007e-05,-0.000362636,0.00120267,-0.000269766,0.000515672,-0.00017508,-2.4573e-06,-5.65237e-06,0.000700543,-0.000275874,-0.00219271,-0.000440888,-0.00125403,-0.000364062,0.00165954,0.00162093,0.000301845,-0.00273586,0.000466913,-0.00103331,-0.000481956,-0.000423966,-9.61647e-05,-0.000616763,-0.000267668,-0.000985263,-0.000477646,-0.00132302,-0.000940176,-0.00181665,0.0100414,0.000181142,-0.000780806,-0.000778138,-0.000433164,0.000153343,0.000162917,-0.000576771,-0.000475,-3.72415e-05,-0.000113466,-0.000925995,-6.02514e-05,-7.52039e-05,0.000103148,-0.00114561,-0.000493711,-0.00040939,0.000321186,0.000564252,0.000134637,-0.00234924,0.000954895,-0.00166432,-0.000695222
0.213996,-0.00189374,-0.000845239,-0.000824767,-0.000312571,-0.000551187,0.000619763,-0.000810736,-0.00140038,0.000823409,0.000757817,0.0194976,-0.00254841,-0.000139048,0.000140855,-0.000344205,0.00117199,-0.000303186,0.000574246,-0.000159331,1.71174e-05,-7.57037e-05,0.000681591,-0.000266802,-0.00234411,-0.000515004,-0.00130887,-0.000353259,0.00152712,0.00106544,0.000278453,-0.0027248,0.000462516,-0.00101619,-0.00045791,-0.000444529,-6.2576e-05,-0.000590694,-0.00027671,-0.000993364,-0.000462274,-0.00135159,-0.00094901,-0.00188571,0.00985041,0.000157292,-0.000780156,-0.0007639,-0.000432294,0.000172756,0.000140837,-0.000549666,-0.000450496,4.32219e-05,-0.000121908,-0.000773339,-5.72469e-05,-8.9516e-05,9.44442e-05,-0.00112199,-0.00051139,-0.000403233,0.000346245,0.000557876,0.000132572,-0.00234703,0.00092682,-0.00161986,-0.000587011
0.214996,-0.00187226,-0.00085446,-0.0007945,-0.000303037,-0.000547396,0.000641478,-0.000857273,-0.00128691,0.00081559,0.000744348,0.0192899,-0.00263526,-7.26296e-05,0.000197108,-0.00032455,0.00113807,-0.000333463,0.000630419,-0.000142743,3.56124e-05,-0.000146409,0.000659022,-0.000257553,-0.00248759,-0.000587983,-0.00136015,-0.000342055,0.00138708,0.000502281,0.00025443,-0.00270582,0.000455903,-0.000996384,-0.00043205,-0.000464392,-2.85264e-05,-0.000562191,-0.000285416,-0.00099868,-0.000445784,-0.00137606,-0.000954971,-0.00194913,0.00961787,0.000132877,-0.000776238,-0.00074763,-0.000430703,0.000191877,0.000117373,-0.000520893,-0.000424241,0.000122776,-0.000130211,-0.000617005,-5.36567e-05,-0.000103493,8.5282e-05,-0.00109483,-0.000527831,-0.000395423,0.000370884,0.000550099,0.000129987,-0.00233641,0.000895981,-0.00157182,-0.00047418
0.215996,-0.0018456,-0.000862819,-0.000761576,-0.00029242,-0.000542224,0.000661037,-0.000903577,-0.00116765,0.000803826,0.000727573,0.0190003,-0.00271178,-7.09077e-06,0.000253599,-0.00030372,0.0011011,-0.00036044,0.000683892,-0.000125425,5.28904e-05,-0.000217429,0.000632972,-0.000248121,-0.00262248,-0.000659472,-0.00140755,-0.000330497,0.00123991,-6.61464e-05,0.000229951,-0.00267898,0.000447097,-0.000973904,-0.000404414,-0.0004835,5.85247e-06,-0.000531277,-0.000293749,-0.00100113,-0.000428187,-0.00139624,-0.000957998,-0.00200656,0.00934443,0.000108015,-0.000769001,-0.000729337,-0.000428446,0.000210625,9.25993e-05,-0.000490494,-0.000396342,0.000201066,-0.0001383,-0.000457492,-4.94827e-05,-0.000117087,7.56938e-05,-0.00106413,-0.000542927,-0.000386005,0.000395006,0.000540914,0.000126902,-0.00231712,0.000862504,-0.00152032,-0.000357014
0.216996,-0.00181387,-0.000870298,-0.000726056,-0.000280737,-0.000535674,0.000678344,-0.000949407,-0.00104299,0.000787941,0.000707526,0.0186297,-0.00277764,5.73568e-05,0.000310064,-0.000281769,0.00106128,-0.000383983,0.00073438,-0.000107488,6.88163e-05,-0.000288421,0.000603596,-0.000238505,-0.00274815,-0.000729129,-0.00145076,-0.000318627,0.00108609,-0.000637412,0.000205188,-0.0026444,0.000436137,-0.000948757,-0.000375045,-0.000501799,4.04251e-05,-0.000497987,-0.000301672,-0.00100066,-0.000409498,-0.00141199,-0.000958038,-0.00205769,0.00903098,8.28216e-05,-0.000758409,-0.00070904,-0.00042558,0.000228918,6.66025e-05,-0.00045852,-0.000366911,0.000277742,-0.000146101,-0.000295315,-4.47311e-05,-0.000130254,6.57149e-05,-0.00102996,-0.000556576,-0.000375033,0.000418516,0.000530312,0.000123339,-0.00228891,0.000826522,-0.00146549,-0.000235827
0.217996,-0.00177721,-0.000876871,-0.000688016,-0.000268009,-0.000527751,0.00069331,-0.000994514,-0.00091333,0.000767777,0.00068426,0.0181791,-0.00283255,0.00012051,0.000366232,-0.000258761,0.00101884,-0.000403975,0.00078161,-8.90469e-05,8.32579e-05,-0.000359041,0.000571063,-0.000228706,-0.00286399,-0.000796618,-0.00148948,-0.000306483,0.000926183,-0.00120906,0.000180311,-0.0026022,0.00042307,-0.000920964,-0.000344001,-0.000519229,7.50527e-05,-0.000462367,-0.000309148,-0.000997201,-0.000389735,-0.00142316,-0.00095505,-0.00210218,0.00867858,5.74156e-05,-0.000744442,-0.000686766,-0.000422168,0.000246674,3.9476e-05,-0.000425032,-0.000336071,0.000352463,-0.000153538,-0.00013101,-3.94115e-05,-0.000142951,5.53825e-05,-0.000992364,-0.000568676,-0.000362571,0.000441316,0.000518293,0.000119321,-0.00225157,0.000788177,-0.00140745,-0.000110967
0.218996,-0.00173576,-0.000882508,-0.000647542,-0.000254265,-0.000518464,0.000705855,-0.00103865,-0.000779131,0.000743192,0.00065784,0.0176502,-0.00287627,0.000182174,0.000421832,-0.000234764,0.000973979,-0.000420318,0.000825325,-7.02197e-05,9.60873e-05,-0.000428944,0.000535557,-0.000218729,-0.00296945,-0.000861614,-0.00152345,-0.0002941,0.000760755,-0.00177861,0.000155488,-0.00255254,0.000407958,-0.000890558,-0.000311347,-0.000535728,0.000109593,-0.000424477,-0.00031614,-0.000990712,-0.00036892,-0.00142963,-0.000949002,-0.00213977,0.00828846,3.19164e-05,-0.000727095,-0.000662551,-0.000418273,0.000263816,1.13219e-05,-0.000390098,-0.000303949,0.000424897,-0.000160539,3.48704e-05,-3.35375e-05,-0.000155136,4.47358e-05,-0.000951416,-0.000579135,-0.000348688,0.000463307,0.00050486,0.000114873,-0.00220492,0.000747618,-0.00134635,1.719e-05
0.219996,-0.00168967,-0.000887171,-0.000604731,-0.000239537,-0.000507829,0.000715908,-0.00108156,-0.000640856,0.000714066,0.00062835,0.0170447,-0.0029086,0.000242164,0.00047659,-0.00020985,0.000926934,-0.000432939,0.000865284,-5.11244e-05,0.000107182,-0.000497785,0.000497278,-0.000208582,-0.003064,-0.000923804,-0.0015524,-0.000281507,0.000590413,-0.00234359,0.000130881,-0.0024956,0.000390871,-0.000857585,-0.000277157,-0.000551231,0.000143903,-0.000384388,-0.000322611,-0.000981161,-0.000347078,-0.00143129,-0.000939875,-0.00217021,0.00786206,6.44355e-06,-0.000706379,-0.000636438,-0.00041396,0.000280265,-1.77491e-05,-0.000353796,-0.00027068,0.000494723,-0.000167035,0.00020176,-2.71267e-05,-0.000166772,3.38158e-05,-0.000907205,-0.000587862,-0.000333459,0.00048439,0.000490018,0.00011002,-0.00214884,0.000705003,-0.00128233,0.000148239
0.220996,-0.00163911,-0.000890819,-0.000559694,-0.000223862,-0.000495862,0.000723411,-0.001123,-0.000498996,0.000680299,0.000595888,0.016365,-0.0029294,0.000300304,0.000530231,-0.0001841,0.000877922,-0.00044178,0.000901265,-3.188e-05,0.000116425,-0.000565225,0.000456435,-0.000198276,-0.00314716,-0.000982888,-0.00157609,-0.000268732,0.000415792,-0.00290154,0.000106648,-0.00243156,0.000371894,-0.000822101,-0.000241515,-0.000565673,0.000177837,-0.000342182,-0.000328525,-0.000968526,-0.000324241,-0.00142806,-0.000927661,-0.00219326,0.00740094,-1.8884e-05,-0.000682324,-0.000608479,-0.000409296,0.000295946,-4.7619e-05,-0.000316209,-0.000236406,0.000561635,-0.000172955,0.000369078,-2.02003e-05,-0.000177824,2.26653e-05,-0.000859833,-0.000594773,-0.000316969,0.000504466,0.000473781,0.000104789,-0.00208323,0.000660492,-0.00121556,0.000281745
0.221996,-0.00158427,-0.000893406,-0.000512552,-0.000207284,-0.000482585,0.000728312,-0.00116271,-0.00035406,0.000641813,0.000560568,0.0156136,-0.00293857,0.000356429,0.000582483,-0.000157598,0.000827169,-0.000446808,0.000933064,-1.26053e-05,0.000123706,-0.000630928,0.000413251,-0.000187825,-0.0032185,-0.00103858,-0.0015943,-0.000255796,0.000237553,-0.00344999,8.29394e-05,-0.00236067,0.00035112,-0.000784174,-0.000204516,-0.000578985,0.000211249,-0.000297954,-0.000333844,-0.000952797,-0.000300443,-0.00141985,-0.000912363,-0.00220874,0.00690687,-4.39482e-05,-0.000654972,-0.000578737,-0.000404346,0.000310787,-7.81625e-05,-0.000277432,-0.000201272,0.000625339,-0.000178236,0.000536236,-1.27833e-05,-0.000188258,1.13284e-05,-0.000809418,-0.000599792,-0.000299305,0.000523436,0.000456166,9.92076e-05,-0.00200805,0.000614253,-0.00114617,0.000417249
0.222996,-0.00152533,-0.000894878,-0.000463438,-0.000189851,-0.000468026,0.000730574,-0.00120046,-0.000206576,0.000598556,0.000522516,0.0147935,-0.00293608,0.000410384,0.000633075,-0.000130433,0.000774899,-0.000448011,0.000960499,6.58176e-06,0.000128926,-0.000694563,0.000367958,-0.000177247,-0.00327764,-0.00109061,-0.00160684,-0.00024272,5.63778e-05,-0.00398654,5.99001e-05,-0.00228316,0.000328651,-0.000743884,-0.000166263,-0.0005911,0.000243992,-0.000251812,-0.000338535,-0.00093398,-0.000275723,-0.00140663,-0.000893995,-0.00221648,0.00638176,-6.86325e-05,-0.000624385,-0.000547279,-0.000399178,0.000324717,-0.000109247,-0.000237565,-0.00016543,0.000685556,-0.000182816,0.000702635,-4.90457e-06,-0.000198044,-1.49256e-07,-0.000756093,-0.000602847,-0.000280564,0.000541201,0.000437195,9.33045e-05,-0.00192327,0.000566458,-0.00107435,0.000554265
0.223996,-0.00146252,-0.000895181,-0.000412494,-0.000171616,-0.000452211,0.000730166,-0.00123598,-5.70888e-05,0.0005505,0.000481877,0.013908,-0.00292194,0.000462025,0.00068174,-0.000102699,0.000721336,-0.000445399,0.000983408,2.55647e-05,0.000131993,-0.000755811,0.000320798,-0.000166563,-0.00332425,-0.00113873,-0.00161353,-0.000229517,-0.000127028,-0.0045088,3.76654e-05,-0.0021993,0.000304601,-0.000701321,-0.000126867,-0.000601948,0.000275921,-0.000203876,-0.000342563,-0.000912089,-0.000250125,-0.00138835,-0.000872584,-0.00221637,0.00582765,-9.2823e-05,-0.00059064,-0.000514182,-0.000393854,0.000337669,-0.000140736,-0.000196717,-0.000129033,0.000742025,-0.000186635,0.000867671,3.40373e-06,-0.000207157,-1.1721e-05,-0.000700003,-0.000603878,-0.000260846,0.000557664,0.000416895,8.7109e-05,-0.00182896,0.000517281,-0.00100027,0.000692283
0.224996,-0.00139603,-0.000894255,-0.000359874,-0.000152636,-0.000435177,0.000727073,-0.00126905,9.38432e-05,0.000497646,0.000438805,0.0129605,-0.00289621,0.00051122,0.000728217,-7.44954e-05,0.000666701,-0.000439001,0.00100165,4.42294e-05,0.000132825,-0.000814359,0.00027202,-0.000155795,-0.00335806,-0.00118269,-0.00161422,-0.000216201,-0.000311941,-0.00501446,1.63622e-05,-0.00210937,0.000279092,-0.000656586,-8.64486e-05,-0.000611463,0.000306891,-0.000154275,-0.000345893,-0.000887153,-0.000223697,-0.001365,-0.000848168,-0.00220829,0.00524676,-0.000116408,-0.000553832,-0.000479531,-0.000388438,0.00034958,-0.000172485,-0.000155002,-9.22404e-05,0.000794504,-0.000189641,0.00103074,1.21058e-05,-0.00021557,-2.33393e-05,-0.000641308,-0.000602828,-0.000240254,0.00057273,0.000395299,8.06513e-05,-0.00172519,0.0004669,-0.000924085,0.000830774
0.225996,-0.00132611,-0.000892036,-0.00030574,-0.000132973,-0.000416958,0.000721288,-0.00129943,0.00024565,0.000440021,0.00039347,0.0119551,-0.00285899,0.000557847,0.000772252,-4.59222e-05,0.000611214,-0.000428871,0.00101512,6.24646e-05,0.000131353,-0.000869907,0.000221881,-0.000144972,-0.00337884,-0.0012223,-0.00160878,-0.00020278,-0.000497626,-0.00550127,-3.89202e-06,-0.00201367,0.000252253,-0.000609792,-4.51365e-05,-0.000619577,0.000336761,-0.000103152,-0.000348493,-0.000859213,-0.00019649,-0.0013366,-0.000820798,-0.0021922,0.0046414,-0.00013928,-0.00051407,-0.000443417,-0.000382989,0.000360389,-0.000204345,-0.000112544,-5.52112e-05,0.000842768,-0.000191784,0.00119123,2.11626e-05,-0.000223264,-3.49556e-05,-0.000580182,-0.000599652,-0.000218898,0.000586306,0.000372448,7.39618e-05,-0.00161211,0.000415496,-0.000845993,0.000969187
0.226996,-0.00125298,-0.000888459,-0.000250264,-0.000112693,-0.000397595,0.000712816,-0.0013269,0.000397751,0.000377682,0.000346054,0.0108958,-0.00281046,0.000601798,0.000813598,-1.70842e-05,0.000555087,-0.000415081,0.00102371,8.01627e-05,0.000127519,-0.000922167,0.000170643,-0.00013412,-0.00338642,-0.00125735,-0.00159713,-0.00018926,-0.000683333,-0.00596704,-2.29902e-05,-0.00191254,0.000224222,-0.000561061,-3.06678e-06,-0.000626224,0.000365391,-5.06618e-05,-0.000350332,-0.000828323,-0.000168561,-0.00130317,-0.000790534,-0.00216807,0.00401403,-0.000161334,-0.00047148,-0.000405939,-0.000377563,0.000370039,-0.000236165,-6.94706e-05,-1.81072e-05,0.000886613,-0.000193019,0.00134854,3.05318e-05,-0.000230219,-4.65211e-05,-0.000516809,-0.000594314,-0.000196891,0.000598302,0.000348384,6.70716e-05,-0.00148989,0.000363249,-0.000766178,0.00110696
0.227996,-0.00117689,-0.000883454,-0.000193626,-9.18659e-05,-0.000377133,0.000701674,-0.00135123,0.00054956,0.000310716,0.000296748,0.00978699,-0.00275084,0.000642975,0.000852018,1.19113e-05,0.000498532,-0.000397727,0.00102736,9.72201e-05,0.00012128,-0.000970867,0.000118569,-0.00012327,-0.00338071,-0.00128768,-0.0015792,-0.000175644,-0.000868304,-0.00640969,-4.08362e-05,-0.0018063,0.000195142,-0.000510524,3.96172e-05,-0.000631341,0.000392645,3.0329e-06,-0.000351382,-0.00079455,-0.00013997,-0.00126477,-0.00075745,-0.00213591,0.00336722,-0.000182471,-0.000426205,-0.0003672,-0.000372214,0.00037848,-0.00026779,-2.59163e-05,1.89089e-05,0.000925857,-0.000193307,0.00150206,4.01683e-05,-0.000236421,-5.79866e-05,-0.000451388,-0.000586786,-0.000174346,0.000608629,0.000323158,6.00117e-05,-0.00135878,0.00031034,-0.00068483,0.0012435
0.228996,-0.00109809,-0.000876954,-0.000136014,-7.05656e-05,-0.000355619,0.000687891,-0.00137221,0.000700486,0.00023924,0.000245756,0.00863343,-0.00268037,0.000681293,0.000887287,4.09552e-05,0.000441751,-0.000376922,0.00102604,0.000113538,0.000112605,-0.00101575,6.59297e-05,-0.000112456,-0.00336164,-0.00131312,-0.00155494,-0.000161933,-0.00105178,-0.00682723,-5.73448e-05,-0.00169532,0.000165162,-0.000458322,8.27654e-05,-0.000634867,0.000418392,5.77576e-05,-0.000351613,-0.000757971,-0.000110782,-0.00122146,-0.00072163,-0.00209576,0.00270361,-0.000202595,-0.000378401,-0.000327311,-0.000366987,0.000385662,-0.000299061,1.79797e-05,5.5675e-05,0.00096034,-0.000192615,0.00165121,5.00241e-05,-0.000241857,-6.93027e-05,-0.000384126,-0.000577049,-0.000151382,0.000617205,0.000296826,5.28138e-05,-0.00121905,0.000256951,-0.000602148,0.00137823
0.229996,-0.00101683,-0.000868886,-7.76217e-05,-4.88681e-05,-0.000333101,0.000671505,-0.00138964,0.000849932,0.000163403,0.000193293,0.00743995,-0.00259938,0.000716678,0.000919189,6.99368e-05,0.000384943,-0.000352803,0.00101971,0.000129023,0.000101479,-0.00105657,1.29928e-05,-0.00010171,-0.00332924,-0.00133356,-0.00152434,-0.000148127,-0.00123299,-0.00721776,-7.24429e-05,-0.00157995,0.000134439,-0.000404604,0.000126222,-0.000636747,0.000442506,0.000113329,-0.000351,-0.000718678,-8.10655e-05,-0.00117333,-0.00068317,-0.00204771,0.00202597,-0.000221618,-0.00032824,-0.000286388,-0.000361925,0.000391542,-0.000329819,6.20731e-05,9.20293e-05,0.000989924,-0.000190915,0.0017954,6.00486e-05,-0.000246519,-8.04202e-05,-0.000315241,-0.000565096,-0.000128118,0.000623951,0.000269448,4.55091e-05,-0.00107104,0.000203261,-0.000518331,0.00151053
0.230996,-0.000933388,-0.000859182,-1.865e-05,-2.6853e-05,-0.000309635,0.000652567,-0.00140333,0.000997307,8.33849e-05,0.000139579,0.00621162,-0.00250821,0.00074907,0.000947524,9.87445e-05,0.000328298,-0.000325524,0.0010084,0.000143588,8.79039e-05,-0.00109311,-3.99721e-05,-9.10676e-05,-0.00328356,-0.00134889,-0.00148743,-0.000134222,-0.00141118,-0.00757952,-8.60694e-05,-0.00146059,0.00010313,-0.000349528,0.000169826,-0.000636926,0.000464866,0.000169553,-0.000349518,-0.000676772,-5.0892e-05,-0.0011205,-0.000642175,-0.00199188,0.00133712,-0.000239456,-0.000275908,-0.000244551,-0.000357065,0.000396082,-0.000359903,0.000106216,0.000127812,0.00101449,-0.000188185,0.00193406,7.0189e-05,-0.000250398,-9.12901e-05,-0.000244962,-0.00055093,-0.000104673,0.000628791,0.000241092,3.81291e-05,-0.000915135,0.000149449,-0.000433586,0.00163981
0.231996,-0.00084802,-0.000847769,4.06955e-05,-4.60196e-06,-0.000285275,0.00063114,-0.00141311,0.00114202,-6.03858e-07,8.48458e-05,0.0049537,-0.00240727,0.000778418,0.000972106,0.000127266,0.000271999,-0.000295257,0.00099214,0.000157151,7.18948e-05,-0.00112516,-9.2697e-05,-8.05646e-05,-0.00322473,-0.00135903,-0.00144425,-0.000120215,-0.00158558,-0.00791086,-9.81752e-05,-0.00133761,7.13966e-05,-0.000293256,0.00021341,-0.000635358,0.000485358,0.000226231,-0.000347146,-0.000632367,-2.03375e-05,-0.00106311,-0.000598764,-0.0019284,0.000639931,-0.000256032,-0.000221604,-0.000201926,-0.000352434,0.000399248,-0.000389153,0.000150257,0.000162866,0.00103396,-0.000184409,0.00206664,8.03903e-05,-0.000253493,-0.000101864,-0.000173523,-0.000534564,-8.11677e-05,0.000631656,0.00021183,3.0705e-05,-0.000751768,9.56895e-05,-0.000348121,0.00176545
0.232996,-0.000761001,-0.000834581,0.000100205,1.78011e-05,-0.000260079,0.000607295,-0.00141881,0.00128348,-8.83205e-05,2.93289e-05,0.00367159,-0.002297,0.000804686,0.000992763,0.00015539,0.00021622,-0.000262192,0.000970985,0.000169637,5.34855e-05,-0.00115255,-0.000144917,-7.02366e-05,-0.00315294,-0.00136392,-0.00139487,-0.000106101,-0.00175545,-0.00821028,-0.000108724,-0.00121144,3.9404e-05,-0.00023596,0.000256806,-0.000631998,0.000503875,0.000283154,-0.000343863,-0.000585588,1.05189e-05,-0.00100131,-0.000553063,-0.00185748,-6.26445e-05,-0.000271273,-0.000165538,-0.000158641,-0.000348057,0.000401011,-0.00041741,0.000194043,0.000197037,0.00104826,-0.000179578,0.00219259,9.05959e-05,-0.000255803,-0.000112095,-0.000101169,-0.000516021,-5.77215e-05,0.000632482,0.000181738,2.32676e-05,-0.000581417,4.21548e-05,-0.000262148,0.00188683
0.233996,-0.000672606,-0.000819551,0.000159665,4.02708e-05,-0.00023411,0.000581116,-0.00142027,0.00142112,-0.000179491,-2.67293e-05,0.00237081,-0.00217788,0.000827848,0.00100934,0.000183005,0.000161127,-0.000226537,0.000945024,0.00018098,3.27264e-05,-0.0011751,-0.00019637,-6.01194e-05,-0.00306844,-0.00136352,-0.00133941,-9.1875e-05,-0.00192005,-0.0084764,-0.000117692,-0.00108246,7.31719e-06,-0.000177815,0.000299841,-0.000626811,0.000520318,0.000340107,-0.000339653,-0.00053657,4.15951e-05,-0.000935265,-0.000505208,-0.00177932,-0.000767638,-0.000285118,-0.000107935,-0.000114828,-0.000343947,0.000401348,-0.000444516,0.000237417,0.000230175,0.00105734,-0.000173689,0.00231139,0.000100747,-0.000257328,-0.000121936,-2.81476e-05,-0.000495334,-3.44531e-05,0.000631213,0.0001509,1.58477e-05,-0.000404612,-1.09868e-05,-0.000175882,0.00200335
0.234996,-0.000583112,-0.000802614,0.000218861,6.27202e-05,-0.00020743,0.000552696,-0.00141736,0.00155436,-0.000273813,-8.30819e-05,0.00105701,-0.00205044,0.00084789,0.0010217,0.000210002,0.000106877,-0.000188515,0.000914369,0.00019112,9.68517e-06,-0.00119269,-0.000246801,-5.0248e-05,-0.00297152,-0.00135784,-0.00127801,-7.75314e-05,-0.00207865,-0.008708,-0.000125068,-0.000951117,-2.46977e-05,-0.000119002,0.000342339,-0.000619764,0.000534596,0.000396869,-0.000334501,-0.000485459,7.28061e-05,-0.000865182,-0.000455346,-0.00169419,-0.00147205,-0.000297508,-4.90273e-05,-7.06206e-05,-0.000340112,0.000400242,-0.000470316,0.000280224,0.000262134,0.0010612,-0.000166747,0.00242256,0.000110786,-0.000258075,-0.000131341,4.52854e-05,-0.00047255,-1.14797e-05,0.000627796,0.000119402,8.47513e-06,-0.000221923,-6.35715e-05,-8.95404e-05,0.00211441
0.235996,-0.000492794,-0.000783712,0.000277574,8.50619e-05,-0.000180105,0.00052214,-0.00140996,0.00168265,-0.00037095,-0.000139479,-0.000264127,-0.00191523,0.000864809,0.00102974,0.000236271,5.36158e-05,-0.000148363,0.000879154,0.000200003,-1.5553e-05,-0.00120519,-0.000295959,-4.06566e-05,-0.00286254,-0.00134688,-0.00121083,-6.30649e-05,-0.00223056,-0.00890402,-0.000130853,-0.000817818,-5.64754e-05,-5.97066e-05,0.000384124,-0.000610836,0.000546628,0.000453216,-0.000328394,-0.000432409,0.000104064,-0.000791271,-0.000403632,-0.00160235,-0.00217289,-0.000308396,1.09405e-05,-2.6156e-05,-0.000336552,0.000397679,-0.000494657,0.000322304,0.000292776,0.00105984,-0.00015876,0.00252563,0.00012065,-0.00025805,-0.000140268,0.000118872,-0.000447723,1.10844e-05,0.000622187,8.73349e-05,1.17942e-06,-3.39673e-05,-0.00011544,-3.34276e-06,0.00221941
0.236996,-0.000401932,-0.000762788,0.000335588,0.000107208,-0.000152201,0.000489559,-0.00139795,0.00180545,-0.000470541,-0.000195668,-0.00158683,-0.00177283,0.000878613,0.00103333,0.000261709,1.48141e-06,-0.000106332,0.000839541,0.000207586,-4.28851e-05,-0.0012125,-0.000343604,-3.13779e-05,-0.00274191,-0.00133069,-0.00113806,-4.8471e-05,-0.00237509,-0.00906355,-0.000135061,-0.000682996,-8.78518e-05,-1.16087e-07,0.000425019,-0.000600008,0.00055634,0.000508918,-0.000321323,-0.000377584,0.000135279,-0.000713763,-0.000350228,-0.00150414,-0.00286714,-0.000317739,7.17167e-05,1.84284e-05,-0.000333258,0.000393652,-0.000517394,0.000363503,0.000321966,0.0010533,-0.000149746,0.00262015,0.000130279,-0.000257263,-0.000148673,0.00019235,-0.000420918,3.31275e-05,0.000614352,5.47955e-05,-6.01068e-06,0.000158597,-0.000166441,8.24905e-05,0.00231777
0.237996,-0.000310802,-0.000739792,0.000392685,0.00012907,-0.000123789,0.000455075,-0.00138126,0.00192225,-0.000572194,-0.000251397,-0.00290534,-0.00162387,0.000889322,0.00103242,0.000286213,-4.93993e-05,-6.26844e-05,0.000795711,0.000213834,-7.21909e-05,-0.00121457,-0.000389501,-2.24429e-05,-0.00261011,-0.00130932,-0.00105993,-3.3746e-05,-0.00251158,-0.00918583,-0.000137717,-0.000547081,-0.000118665,5.95792e-05,0.000464847,-0.000587272,0.00056367,0.000563744,-0.000313282,-0.000321156,0.00016636,-0.000632908,-0.000295306,-0.00139988,-0.00355183,-0.000325504,0.000133041,6.29943e-05,-0.000330211,0.000388162,-0.000538384,0.000403664,0.000349579,0.00104162,-0.000139728,0.0027057,0.000139613,-0.000255726,-0.000156517,0.000265457,-0.000392213,5.45416e-05,0.00060426,2.1883e-05,-1.30672e-05,0.000355071,-0.000216425,0.000167738,0.00240892
0.238996,-0.00021968,-0.000714681,0.000448651,0.000150562,-9.49372e-05,0.000418819,-0.0013598,0.00203253,-0.000675493,-0.000306413,-0.00421387,-0.00146899,0.000896964,0.00102694,0.000309683,-9.89093e-05,-1.76942e-05,0.000747869,0.000218717,-0.000103333,-0.00121134,-0.000433427,-1.38805e-05,-0.00246763,-0.00128286,-0.000976692,-1.88875e-05,-0.00263941,-0.00927029,-0.000138857,-0.000410507,-0.000148758,0.000119187,0.000503432,-0.000572627,0.000568567,0.00061746,-0.000304268,-0.000263305,0.000197212,-0.000548972,-0.000239044,-0.00128995,-0.004224,-0.000331666,0.000194649,0.000107403,-0.000327387,0.000381211,-0.000557491,0.000442633,0.000375496,0.00102491,-0.000128736,0.00278192,0.000148589,-0.000253453,-0.000163762,0.000337928,-0.000361693,7.52229e-05,0.000591892,-1.12996e-05,-1.9963e-05,0.000554721,-0.000265253,0.000252178,0.00249233
0.239996,-0.000128837,-0.000687416,0.000503271,0.000171595,-6.57192e-05,0.00038093,-0.00133353,0.00213582,-0.000779995,-0.000360465,-0.0055067,-0.00130887,0.00090158,0.00101685,0.000332025,-0.000146942,2.83562e-05,0.000696243,0.000222218,-0.000136155,-0.00120279,-0.00047517,-5.71672e-06,-0.00231506,-0.00125142,-0.000888625,-3.895e-06,-0.00275797,-0.00931652,-0.000138531,-0.000273706,-0.000177975,0.000178517,0.000540601,-0.000556081,0.00057099,0.000669833,-0.000294279,-0.000204217,0.000227742,-0.000462238,-0.000181625,-0.00117474,-0.00488076,-0.000336207,0.000256268,0.000151518,-0.00032475,0.00037281,-0.000574586,0.00048026,0.000399605,0.00100325,-0.000116806,0.00284845,0.000157148,-0.000250461,-0.000170371,0.0004095,-0.000329454,9.50724e-05,0.000577237,-4.46459e-05,-2.6672e-05,0.000756779,-0.000312791,0.00033559,0.00256747
0.240996,-3.8544e-05,-0.000657968,0.000556337,0.000192086,-3.62076e-05,0.000341552,-0.0013024,0.00223167,-0.000885235,-0.000413304,-0.00677815,-0.00114418,0.000903218,0.00100215,0.000353149,-0.000193401,7.51763e-05,0.00064108,0.000224325,-0.000170488,-0.00118893,-0.00051453,2.02507e-06,-0.002153,-0.00121512,-0.000796032,1.12303e-05,-0.00286671,-0.0093243,-0.000136798,-0.000137107,-0.000206169,0.000237375,0.000576183,-0.00053765,0.000570907,0.000720628,-0.00028332,-0.000144085,0.000257852,-0.000373002,-0.000123241,-0.00105468,-0.00551926,-0.000339118,0.000317623,0.0001952,-0.000322259,0.000362975,-0.000589548,0.000516398,0.000421807,0.000976787,-0.000103979,0.00290499,0.000165229,-0.000246768,-0.000176311,0.000479912,-0.000295602,0.000113997,0.000560291,-7.80472e-05,-3.31691e-05,0.000960444,-0.000358913,0.000417753,0.00263384
0.241996,5.0935e-05,-0.000626315,0.000607645,0.000211951,-6.47647e-06,0.000300838,-0.00126639,0.00231965,-0.000990726,-0.000464687,-0.00802264,-0.000975641,0.000901936,0.000982827,0.000372969,-0.0002382,0.00012247,0.000582645,0.000225037,-0.000206142,-0.00116979,-0.000551318,9.32485e-06,-0.0019821,-0.00117413,-0.000699239,2.64848e-05,-0.00296509,-0.00929354,-0.000133727,-1.13904e-06,-0.000233194,0.000295571,0.000610013,-0.000517359,0.000568301,0.000769614,-0.000271397,-8.31067e-05,0.000287447,-0.000281575,-6.40861e-05,-0.000930207,-0.00613673,-0.000340399,0.000378438,0.000238316,-0.000319863,0.000351727,-0.000602265,0.000550903,0.000442008,0.000945665,-9.0303e-05,0.00295125,0.000172773,-0.000242394,-0.000181552,0.000548904,-0.000260251,0.000131907,0.000541061,-0.000111392,-3.94303e-05,0.00116489,-0.000403499,0.000498448,0.00269097
0.242996,0.00013934,-0.000592445,0.000656993,0.000231109,2.33993e-05,0.000258947,-0.00122552,0.00239937,-0.00109596,-0.000514374,-0.00923469,-0.000803972,0.000897802,0.000958924,0.000391406,-0.000281263,0.000169935,0.000521221,0.000224359,-0.000242916,-0.00114542,-0.00058536,1.61661e-05,-0.00180306,-0.0011286,-0.0005986,4.18623e-05,-0.00305264,-0.00922438,-0.000129397,0.000133776,-0.000258917,0.000352916,0.000641927,-0.000495242,0.000563165,0.000816562,-0.000258518,-2.14855e-05,0.000316431,-0.00018828,-4.36072e-06,-0.000801785,-0.00673048,-0.000340056,0.000438433,0.000280732,-0.000317502,0.000339095,-0.000612632,0.000583638,0.000460125,0.000910061,-7.58321e-05,0.00298701,0.000179723,-0.00023736,-0.000186065,0.000616223,-0.000223525,0.000148723,0.000519564,-0.000144568,-4.54328e-05,0.00136926,-0.000446439,0.000577461,0.00273843
0.243996,0.000226416,-0.000556353,0.000704191,0.00024948,5.33443e-05,0.000216042,-0.00117979,0.00247045,-0.00120042,-0.000562135,-0.010409,-0.000629904,0.000890891,0.000930489,0.000408385,-0.000322523,0.000217268,0.000457109,0.000222305,-0.000280592,-0.00111591,-0.000616496,2.25362e-05,-0.00161662,-0.00107872,-0.000494485,5.73539e-05,-0.0031289,-0.00911709,-0.000123895,0.000267222,-0.000283206,0.000409225,0.000671771,-0.000471342,0.000555503,0.000861246,-0.000244698,4.05722e-05,0.000344706,-9.3452e-05,5.5732e-05,-0.000669896,-0.00729794,-0.000338106,0.000497331,0.000322318,-0.000315112,0.000325109,-0.000620556,0.00061447,0.000476087,0.00087017,-6.06249e-05,0.00301208,0.000186023,-0.000231691,-0.000189826,0.000681617,-0.000185554,0.000164369,0.000495826,-0.00017746,-5.1155e-05,0.00157268,-0.000487629,0.000654576,0.00277582
0.244996,0.000311917,-0.000518046,0.000749051,0.00026699,8.32825e-05,0.000172293,-0.00112926,0.00253256,-0.00130357,-0.000607743,-0.0115403,-0.000454178,0.000881286,0.000897596,0.000423839,-0.000361925,0.000264163,0.000390622,0.000218899,-0.000318938,-0.00108134,-0.000644583,2.84266e-05,-0.00142353,-0.00102471,-0.000387288,7.29476e-05,-0.00319349,-0.00897214,-0.000117319,0.000398789,-0.000305942,0.000464315,0.000699394,-0.000445711,0.000545333,0.000903446,-0.000229952,0.000102857,0.000372177,2.56508e-06,0.000115986,-0.000535038,-0.00783662,-0.000334571,0.000554855,0.000362947,-0.000312617,0.00030981,-0.000625955,0.000643275,0.000489833,0.000826206,-4.47453e-05,0.00302629,0.00019162,-0.00022541,-0.000192812,0.000744846,-0.000146478,0.000178778,0.000469881,-0.000209953,-5.65769e-05,0.00177427,-0.000526976,0.000729585,0.00280277
0.245996,0.000395602,-0.000477541,0.000791396,0.000283566,0.000113138,0.000127871,-0.00107397,0.00258541,-0.00140485,-0.000650983,-0.0126237,-0.000277535,0.000869076,0.000860342,0.000437707,-0.000399421,0.000310315,0.00032209,0.000214171,-0.000357713,-0.00104186,-0.00066949,3.38328e-05,-0.0012246,-0.000966792,-0.00027742,8.86282e-05,-0.00324604,-0.00879015,-0.000109771,0.000528077,-0.000327012,0.000518008,0.000724655,-0.000418411,0.000532682,0.000942949,-0.000214301,0.000165157,0.000398748,9.94181e-05,0.000176192,-0.000397724,-0.00834417,-0.000329483,0.000610731,0.000402498,-0.000309939,0.00029324,-0.000628756,0.000669934,0.00050131,0.000778405,-2.82619e-05,0.00302954,0.000196462,-0.000218543,-0.000195006,0.000805672,-0.000106442,0.000191889,0.000441776,-0.000241932,-6.16795e-05,0.00197311,-0.000564392,0.000802282,0.00281896
0.246996,0.00047724,-0.000434866,0.00083106,0.000299139,0.000142834,8.29519e-05,-0.00101402,0.00262873,-0.00150371,-0.00069165,-0.0136545,-0.00010072,0.00085436,0.000818845,0.000449935,-0.000434973,0.000355421,0.00025185,0.000208159,-0.000396661,-0.000997611,-0.000691105,3.8755e-05,-0.00102064,-0.000905203,-0.000165309,0.000104377,-0.00328626,-0.00857192,-0.000101362,0.000654696,-0.000346314,0.000570132,0.00074742,-0.000389512,0.000517593,0.000979549,-0.000197769,0.00022726,0.000424327,0.000196747,0.000236141,-0.000258478,-0.00881838,-0.000322881,0.00066469,0.000440849,-0.000306991,0.000275449,-0.000628899,0.000694335,0.000510481,0.000727017,-1.12477e-05,0.00302177,0.000200502,-0.000211118,-0.000196391,0.000863868,-6.5599e-05,0.00020365,0.000411566,-0.000273282,-6.64455e-05,0.00216831,-0.000599799,0.000872468,0.00282412
0.247996,0.000556606,-0.000390061,0.000867882,0.000313645,0.000172294,3.77139e-05,-0.000949498,0.0026623,-0.00159958,-0.000729547,-0.014628,7.5527e-05,0.00083724,0.000773245,0.000460475,-0.000468552,0.000399181,0.000180252,0.000200909,-0.000435517,-0.000948766,-0.000709332,4.31977e-05,-0.000812518,-0.0008402,-5.13966e-05,0.000120172,-0.00331389,-0.00831842,-9.22068e-05,0.000778266,-0.000363755,0.00062052,0.000767564,-0.000359093,0.000500117,0.00101305,-0.000180382,0.000288951,0.000448822,0.000294186,0.000295623,-0.000117833,-0.00925717,-0.00031481,0.000716467,0.000477889,-0.000303681,0.000256491,-0.000626335,0.000716378,0.000517316,0.000672313,6.22018e-06,0.00300295,0.000203693,-0.000203161,-0.000196957,0.000919218,-2.41062e-05,0.000214017,0.000379317,-0.000303887,-7.0859e-05,0.00235894,-0.000633128,0.000939946,0.002818
0.248996,0.000633487,-0.000343176,0.000901715,0.000327023,0.000201444,-7.66337e-06,-0.000880527,0.00268592,-0.0016919,-0.000764492,-0.0155401,0.000250471,0.000817826,0.000723704,0.000469289,-0.000500137,0.000441302,0.000107652,0.000192474,-0.000474008,-0.000895522,-0.000724092,4.717e-05,-0.000601088,-0.000772052,6.3861e-05,0.000135988,-0.00332873,-0.00803076,-8.24262e-05,0.000898422,-0.000379254,0.000669012,0.000784972,-0.000327243,0.000480319,0.00104326,-0.000162172,0.000350018,0.000472143,0.000391365,0.000354428,2.36697e-05,-0.00965862,-0.000305325,0.000765808,0.000513509,-0.000299914,0.000236425,-0.000621031,0.000735969,0.000521799,0.000614574,2.40613e-05,0.00297311,0.000205995,-0.000194703,-0.000196694,0.000971513,1.78732e-05,0.000222954,0.000345105,-0.000333635,-7.49056e-05,0.00254408,-0.000664317,0.00100453,0.00280042
0.249996,0.00070768,-0.000294276,0.000932423,0.000339218,0.000230206,-5.29996e-05,-0.000807249,0.00269946,-0.0017801,-0.000796316,-0.0163867,0.000423389,0.00079623,0.000670404,0.000476344,-0.000529715,0.000481497,3.44124e-05,0.000182912,-0.000511854,-0.000838094,-0.000735324,5.06858e-05,-0.000387235,-0.000701041,0.000179998,0.000151795,-0.00333063,-0.00771022,-7.21443e-05,0.00101481,-0.000392739,0.000715455,0.000799541,-0.000294057,0.000458275,0.00107,-0.000143173,0.00041025,0.000494202,0.000487911,0.000412345,0.000165484,-0.010021,-0.000294485,0.000812463,0.000547604,-0.00029559,0.000215316,-0.000612963,0.000753024,0.000523924,0.0005541,4.21919e-05,0.00293231,0.000207369,-0.000185772,-0.000195599,0.00102056,6.01723e-05,0.000230433,0.000309016,-0.000362414,-7.85726e-05,0.00272283,-0.000693313,0.00106604,0.00277124
0.250996,0.00077899,-0.000243436,0.000959882,0.00035018,0.000258507,-9.81144e-05,-0.000729824,0.0027028,-0.00186362,-0.00082486,-0.0171641,0.000593569,0.000772572,0.000613547,0.000481616,-0.000557281,0.000519486,-3.90994e-05,0.00017229,-0.00054877,-0.000776718,-0.000742982,5.37634e-05,-0.000171853,-0.00062746,0.00029654,0.000167561,-0.0033195,-0.00735822,-6.14882e-05,0.00112709,-0.00040415,0.000759705,0.000811176,-0.00025964,0.000434072,0.00109311,-0.000123423,0.000469435,0.000514917,0.00058345,0.00046917,0.000307062,-0.0103426,-0.000282356,0.000856196,0.000580078,-0.000290605,0.00019323,-0.000602123,0.000767471,0.000523699,0.000491198,6.05257e-05,0.00288066,0.00020778,-0.000176398,-0.00019367,0.00106617,0.000102621,0.000236436,0.000271146,-0.000390115,-8.18488e-05,0.00289429,-0.000720071,0.0011243,0.00273038
0.251996,0.000847235,-0.000190743,0.000983979,0.000359862,0.000286272,-0.000142828,-0.000648431,0.00269589,-0.00194189,-0.000849985,-0.017869,0.000760315,0.000746973,0.000553353,0.00048509,-0.000582837,0.000555002,-0.000112515,0.000160679,-0.000584465,-0.000711651,-0.000747042,5.64258e-05,4.41572e-05,-0.000551609,0.000413005,0.000183248,-0.00329531,-0.00697632,-5.05869e-05,0.00123495,-0.000413439,0.000801624,0.000819795,-0.000224104,0.000407808,0.00111243,-0.000102964,0.000527368,0.000534206,0.00067761,0.000524696,0.000447855,-0.0106222,-0.000269012,0.000896778,0.00061084,-0.000284855,0.000170243,-0.000588514,0.000779245,0.000521142,0.000426191,7.89741e-05,0.00281832,0.000207199,-0.000166611,-0.00019091,0.00110818,0.000145045,0.000240951,0.000231599,-0.000416632,-8.47246e-05,0.00305756,-0.000744555,0.00117914,0.00267779
0.252996,0.000912244,-0.000136299,0.00100462,0.000368226,0.000313429,-0.000186963,-0.000563272,0.00267869,-0.00201438,-0.000871562,-0.0184984,0.000922951,0.000719561,0.000490064,0.000486757,-0.000606389,0.00058779,-0.000185464,0.000148156,-0.000618648,-0.000643165,-0.000747494,5.87002e-05,0.000259892,-0.000473798,0.000528908,0.000198817,-0.00325807,-0.00656623,-3.95703e-05,0.00133807,-0.00042057,0.000841086,0.000825331,-0.000187569,0.000379592,0.00112783,-8.18404e-05,0.000583844,0.000551992,0.000770019,0.000578723,0.000587318,-0.0108585,-0.000254531,0.000933995,0.000639805,-0.000278232,0.000146429,-0.000572156,0.000788294,0.00051628,0.000359406,9.74469e-05,0.0027455,0.000205601,-0.000156441,-0.000187326,0.00114643,0.00018727,0.000243978,0.00019049,-0.000441861,-8.71921e-05,0.00321178,-0.000766735,0.00123042,0.00261351
0.253996,0.000973859,-8.02161e-05,0.00102171,0.000375235,0.000339904,-0.000230343,-0.000474562,0.00265124,-0.00208054,-0.000889483,-0.0190494,0.00108083,0.000690462,0.000423935,0.000486618,-0.000627953,0.000617605,-0.00025758,0.000134802,-0.000651028,-0.00057155,-0.000744348,6.06182e-05,0.000474448,-0.000394344,0.000643762,0.000214225,-0.00320785,-0.00612975,-2.85682e-05,0.00143618,-0.000425518,0.000877971,0.000827726,-0.000150161,0.000349543,0.00113919,-6.01008e-05,0.000638667,0.000568202,0.000860309,0.000631054,0.00072491,-0.0110504,-0.000238997,0.000967647,0.000666895,-0.000270629,0.000121872,-0.00055308,0.000794577,0.000509157,0.000291182,0.000115853,0.00266243,0.000202965,-0.00014592,-0.000182928,0.00118077,0.000229121,0.000245524,0.000147945,-0.000465704,-8.92451e-05,0.0033561,-0.000786591,0.00127798,0.00253761
0.254996,0.00103193,-2.26198e-05,0.00103519,0.000380863,0.000365628,-0.000272795,-0.000382539,0.00261358,-0.00213985,-0.000903653,-0.0195199,0.00123331,0.000659809,0.00035524,0.000484679,-0.000647547,0.000644219,-0.000328498,0.000120704,-0.000681314,-0.000497111,-0.000737629,6.22154e-05,0.000686929,-0.000313568,0.000757079,0.000229424,-0.00314479,-0.00566883,-1.77093e-05,0.00152899,-0.000428272,0.000912173,0.000826938,-0.000112012,0.000317789,0.00114638,-3.77969e-05,0.000691641,0.000582767,0.000948119,0.000681498,0.000860095,-0.0111972,-0.000222496,0.000997547,0.000692039,-0.000261942,9.66538e-05,-0.000531332,0.000798065,0.000499821,0.00022186,0.000134099,0.00256941,0.000199275,-0.000135078,-0.000177729,0.00121109,0.00027042,0.000245603,0.000104094,-0.000488066,-9.08791e-05,0.00348971,-0.000804109,0.00132169,0.0024502
0.255996,0.00108633,3.63522e-05,0.001045,0.000385086,0.00039053,-0.000314152,-0.000287457,0.00256584,-0.00219183,-0.000913996,-0.0199077,0.0013798,0.000627735,0.000284267,0.000480958,-0.000665196,0.000667422,-0.00039786,0.000105951,-0.00070922,-0.000420168,-0.000727381,6.35313e-05,0.000896445,-0.000231793,0.000868375,0.000244364,-0.00306907,-0.00518552,-7.12014e-06,0.00161627,-0.000428831,0.000943592,0.000822936,-7.32611e-05,0.000284468,0.00114933,-1.49838e-05,0.000742581,0.000595625,0.00103309,0.000729869,0.000992351,-0.0112981,-0.000205122,0.00102352,0.000715174,-0.000252065,7.08636e-05,-0.000506972,0.000798739,0.000488337,0.000151788,0.000152094,0.00246676,0.00019452,-0.000123945,-0.000171748,0.00123726,0.000310994,0.000244241,5.90802e-05,-0.000508857,-9.20913e-05,0.00361182,-0.000819283,0.00136142,0.00235149
0.256996,0.00113693,9.65505e-05,0.0010511,0.000387887,0.000414543,-0.00035425,-0.000189586,0.00250815,-0.00223599,-0.000920452,-0.0202113,0.00151973,0.000594373,0.000211318,0.000475477,-0.000680928,0.000687017,-0.000465316,9.06355e-05,-0.000734466,-0.00034105,-0.000713665,6.46088e-05,0.00110212,-0.000149348,0.000977169,0.000258994,-0.00298094,-0.00468196,3.07543e-06,0.00169778,-0.000427207,0.000972141,0.000815706,-3.40507e-05,0.000249725,0.00114796,8.28024e-06,0.000791305,0.000606716,0.00111488,0.000775987,0.00112116,-0.0113528,-0.000186972,0.00104542,0.000736242,-0.000240898,4.45916e-05,-0.000480073,0.000796593,0.000474776,8.13153e-05,0.000169744,0.00235485,0.000188695,-0.000112553,-0.000165005,0.00125921,0.000350668,0.00024147,1.30524e-05,-0.000527994,-9.28804e-05,0.00372169,-0.000832113,0.00139706,0.0022417
0.257996,0.00118362,0.000157814,0.00105346,0.000389256,0.0004376,-0.000392929,-8.92146e-05,0.0024407,-0.00227189,-0.000922981,-0.0204296,0.00165256,0.000559859,0.000136706,0.000468269,-0.000694776,0.00070283,-0.000530522,7.48542e-05,-0.000756777,-0.000260102,-0.000696558,6.5494e-05,0.00130311,-6.65589e-05,0.00108299,0.000273256,-0.00288068,-0.00416038,1.27577e-05,0.00177332,-0.000423424,0.000997742,0.000805246,5.47122e-06,0.000213714,0.0011422,3.19341e-05,0.00083764,0.000615987,0.00119316,0.00081968,0.00124604,-0.0113611,-0.000168144,0.00106311,0.000755195,-0.000228343,1.79312e-05,-0.000450723,0.000791632,0.000459221,1.07909e-05,0.00018696,0.0022341,0.000181799,-0.000100931,-0.000157525,0.00127684,0.00038927,0.000237329,-3.38326e-05,-0.000545396,-9.32469e-05,0.0038186,-0.000842606,0.00142851,0.00212115
0.258996,0.00122631,0.00021997,0.00105207,0.000389188,0.000459637,-0.000430037,1.33544e-05,0.00236373,-0.0022991,-0.00092156,-0.0205616,0.00177779,0.000524327,6.07585e-05,0.000459373,-0.000706775,0.000714705,-0.000593149,5.87041e-05,-0.000775889,-0.000177674,-0.000676154,6.62356e-05,0.00149856,1.62468e-05,0.00118537,0.000287095,-0.00276866,-0.00362307,2.18116e-05,0.00184269,-0.000417517,0.00102033,0.000791569,4.51534e-05,0.000176596,0.00113202,5.59137e-05,0.000881422,0.000623391,0.00126758,0.000860783,0.00136648,-0.0113229,-0.00014874,0.00107647,0.000771989,-0.000214307,-9.02201e-06,-0.00041902,0.000783872,0.000441764,-5.9436e-05,0.000203651,0.00210495,0.000173839,-8.91093e-05,-0.000149336,0.00129009,0.000426633,0.000231867,-8.14109e-05,-0.000560993,-9.31932e-05,0.0039019,-0.000850776,0.00145568,0.00199017
0.259996,0.00126492,0.000282835,0.00104694,0.000387685,0.000480592,-0.00046543,0.000117803,0.0022775,-0.00231724,-0.000916185,-0.020607,0.00189495,0.000487913,-1.61913e-05,0.000448834,-0.000716964,0.000722504,-0.000652879,4.22845e-05,-0.000791551,-9.41246e-05,-0.000652561,6.68852e-05,0.00168767,9.8745e-05,0.00128386,0.000300449,-0.00264527,-0.00307243,3.01278e-05,0.00190573,-0.000409535,0.00103985,0.000774703,8.48414e-05,0.000138537,0.0011174,8.01521e-05,0.000922494,0.000628885,0.00133786,0.000899142,0.00148204,-0.0112383,-0.000128865,0.00108539,0.000786591,-0.000198706,-3.61705e-05,-0.000385079,0.000773343,0.000422504,-0.000129019,0.000219728,0.00196788,0.000164825,-7.71175e-05,-0.00014047,0.00129893,0.000462593,0.000225139,-0.000129512,-0.000574717,-9.2723e-05,0.00397098,-0.000856642,0.00147848,0.00184917
0.260996,0.00129937,0.000346216,0.00103808,0.000384755,0.000500404,-0.000498968,0.000223801,0.00218234,-0.00232595,-0.000906869,-0.0205657,0.00200362,0.000450752,-9.38003e-05,0.000436707,-0.000725383,0.000726117,-0.000709408,2.56953e-05,-0.000803522,-9.81988e-06,-0.000625902,6.74958e-05,0.00186966,0.000180615,0.00137803,0.000313257,-0.00251097,-0.00251086,3.76036e-05,0.0019623,-0.000399536,0.00105626,0.000754691,0.000124379,9.97111e-05,0.00109833,0.00010458,0.00096071,0.000632436,0.00140367,0.00093461,0.00159226,-0.011108,-0.000108624,0.00108981,0.000798972,-0.00018146,-6.34151e-05,-0.000349024,0.000760086,0.000401553,-0.000197618,0.000235106,0.00182341,0.000154774,-6.49846e-05,-0.000130962,0.00130332,0.000496991,0.000217208,-0.00017796,-0.000586511,-9.18418e-05,0.00402529,-0.000860229,0.00149687,0.00169862
0.261996,0.00132962,0.00040991,0.00102553,0.000380411,0.000519015,-0.000530521,0.000331003,0.00207858,-0.00232494,-0.000893645,-0.0204381,0.00210341,0.000412976,-0.00017172,0.000423052,-0.000732075,0.00072545,-0.00076245,9.03648e-06,-0.000811578,7.48711e-05,-0.000596315,6.81223e-05,0.00204378,0.000261541,0.00146744,0.000325457,-0.00236626,-0.00194084,4.41433e-05,0.00201228,-0.000387589,0.00106952,0.000731587,0.000163608,6.02942e-05,0.00107485,0.000129125,0.000995933,0.000634014,0.00146475,0.00096705,0.00169673,-0.0109323,-8.81244e-05,0.00108966,0.000809114,-0.000162497,-9.06554e-05,-0.000310993,0.000744153,0.000379025,-0.000264896,0.000249703,0.00167209,0.000143708,-5.27395e-05,-0.000120849,0.00130325,0.000529674,0.000208143,-0.000226574,-0.000596322,-9.05568e-05,0.00406432,-0.000861568,0.00151078,0.00153902
0.262996,0.00135563,0.000473705,0.00100934,0.000374674,0.000536369,-0.000559967,0.000439053,0.00196662,-0.00231392,-0.000876565,-0.020225,0.00219398,0.000374717,-0.000249596,0.000407936,-0.000737084,0.000720437,-0.000811734,-7.592e-06,-0.000815513,0.000159576,-0.000563953,6.88203e-05,0.00220931,0.000341213,0.0015517,0.000336984,-0.00221169,-0.00136488,4.96592e-05,0.00205556,-0.000373773,0.00107962,0.000705465,0.00020237,2.04678e-05,0.00104697,0.000153715,0.00102804,0.000633596,0.00152084,0.000996337,0.00179504,-0.0107121,-6.7473e-05,0.00108491,0.000817002,-0.000141758,-0.00011779,-0.000271134,0.000725607,0.000355046,-0.000330527,0.000263437,0.0015145,0.000131655,-4.04101e-05,-0.000110172,0.00129875,0.000560495,0.000198019,-0.000275167,-0.000604108,-8.88765e-05,0.00408765,-0.000860694,0.00152018,0.00137094
0.263996,0.00137735,0.000537382,0.000989571,0.00036757,0.000552414,-0.000587195,0.000547586,0.00184688,-0.00229266,-0.000855696,-0.0199275,0.00227503,0.000336106,-0.000327073,0.000391432,-0.000740455,0.000711033,-0.000857012,-2.40913e-05,-0.000815138,0.000243923,-0.000528978,6.96462e-05,0.00236559,0.00041933,0.00163043,0.000347775,-0.00204785,-0.00078547,5.40724e-05,0.00209208,-0.000358179,0.00108654,0.000676408,0.000240506,-1.95842e-05,0.00101476,0.000178271,0.00105691,0.000631168,0.00157167,0.00102235,0.00188683,-0.0104484,-4.67768e-05,0.00107555,0.000822632,-0.00011919,-0.000144718,-0.000229606,0.000704522,0.000329745,-0.000394191,0.000276234,0.00135124,0.000118649,-2.80242e-05,-9.89742e-05,0.00128982,0.000589315,0.000186918,-0.000323551,-0.000609831,-8.68112e-05,0.00409489,-0.000857648,0.00152506,0.00119498
0.264996,0.00139479,0.000600714,0.000966306,0.00035913,0.000567098,-0.000612101,0.000656227,0.00171982,-0.002261,-0.000831125,-0.019547,0.0023463,0.00029727,-0.000403794,0.000373617,-0.000742231,0.000697218,-0.000898053,-4.03641e-05,-0.000810285,0.00032754,-0.000491566,7.06561e-05,0.00251198,0.000495599,0.00170325,0.000357766,-0.00187539,-0.000205154,5.73131e-05,0.00212177,-0.000340905,0.00109028,0.000644516,0.000277859,-5.96758e-05,0.000978301,0.000202718,0.00108244,0.000626721,0.00161703,0.001045,0.00197174,-0.0101425,-2.61421e-05,0.00106156,0.000826004,-9.47539e-05,-0.000171337,-0.000186579,0.000680985,0.000303258,-0.000455583,0.00028802,0.00118295,0.000104729,-1.56086e-05,-8.73019e-05,0.00127651,0.000616002,0.000174924,-0.000371534,-0.000613464,-8.43726e-05,0.00408575,-0.000852472,0.00152539,0.00101181
0.265996,0.00140794,0.000663467,0.000939638,0.000349391,0.000580373,-0.000634592,0.000764591,0.00158592,-0.00221878,-0.000802958,-0.0190857,0.00240758,0.000258333,-0.0004794,0.000354577,-0.00074246,0.000678998,-0.000934649,-5.6315e-05,-0.000800808,0.000410058,-0.000451904,7.19055e-05,0.0026479,0.000569737,0.00176983,0.000366892,-0.00169498,0.000373554,5.93213e-05,0.0021446,-0.000322059,0.00109086,0.000609901,0.000314274,-9.96197e-05,0.000937685,0.000226975,0.00110453,0.000620254,0.00165671,0.00106418,0.00204945,-0.00979561,-5.67392e-06,0.001043,0.000827126,-6.8421e-05,-0.000197547,-0.000142232,0.000655091,0.000275726,-0.000514407,0.000298729,0.00101027,8.99401e-05,-3.18998e-06,-7.52033e-05,0.00125888,0.000640435,0.000162129,-0.000418919,-0.000614988,-8.15737e-05,0.00405999,-0.000845215,0.00152119,0.000822114
0.266996,0.0014168,0.000725403,0.000909673,0.000338397,0.000592195,-0.000654584,0.000872291,0.00144571,-0.00216594,-0.000771314,-0.0185456,0.00245871,0.000219419,-0.000553538,0.000334401,-0.000741186,0.000656401,-0.000966615,-7.18514e-05,-0.000786585,0.000491112,-0.000410189,7.34491e-05,0.0027728,0.000641471,0.00182986,0.000375091,-0.00150734,0.000948151,6.00472e-05,0.00216058,-0.000301756,0.00108829,0.00057269,0.000349597,-0.000139228,0.000893027,0.000250962,0.00112312,0.000611772,0.00169053,0.00107981,0.00211968,-0.00940936,1.45245e-05,0.00101989,0.000826014,-4.01761e-05,-0.000223245,-9.67523e-05,0.000626945,0.000247294,-0.000570382,0.000308298,0.00083389,7.43316e-05,9.20597e-06,-6.27291e-05,0.00123701,0.000662499,0.000148628,-0.000465514,-0.00061439,-7.84292e-05,0.00401745,-0.00083593,0.00151248,0.000626644
0.267996,0.00142141,0.00078628,0.000876532,0.000326195,0.000602522,-0.000672008,0.000978931,0.00129974,-0.00210244,-0.000736332,-0.0179294,0.00249956,0.000180645,-0.000625857,0.000313181,-0.000738453,0.000629481,-0.00099379,-8.68838e-05,-0.000767519,0.000570343,-0.000366625,7.53395e-05,0.00288621,0.000710542,0.00188305,0.0003823,-0.00131321,0.00151617,5.94515e-05,0.0021697,-0.00028012,0.00108261,0.000533021,0.000383679,-0.000178315,0.000844465,0.000274597,0.00113813,0.00060129,0.00171833,0.00109184,0.00218218,-0.00898548,3.43523e-05,0.000992323,0.000822687,-1.00175e-05,-0.000248333,-5.03339e-05,0.000596663,0.000218111,-0.000623243,0.000316671,0.000654487,5.7959e-05,2.15539e-05,-4.99317e-05,0.00121099,0.000682091,0.000134519,-0.00051112,-0.000611668,-7.49548e-05,0.00395805,-0.000824669,0.00149929,0.000426173
0.268996,0.0014218,0.000845851,0.000840349,0.000312838,0.000611315,-0.0006868,0.00108411,0.00114857,-0.00202829,-0.000698165,-0.0172402,0.00253007,0.000142127,-0.000696012,0.000291014,-0.000734304,0.000598319,-0.00101604,-0.000101326,-0.000743537,0.0006474,-0.000321425,7.76274e-05,0.00298767,0.000776704,0.00192915,0.000388461,-0.00111338,0.00207516,5.75061e-05,0.00217201,-0.00025728,0.00107387,0.000491044,0.000416374,-0.000216695,0.000792153,0.000297798,0.00114951,0.000588827,0.00173996,0.00110019,0.00223671,-0.00852586,5.37116e-05,0.00096038,0.000817174,2.20425e-05,-0.000272713,-3.17868e-06,0.000564368,0.000188328,-0.00067274,0.000323794,0.000472768,4.08827e-05,3.38293e-05,-3.68653e-05,0.00118094,0.000699119,0.000119902,-0.000555542,-0.000606828,-7.11677e-05,0.00388176,-0.000811491,0.00148168,0.000221514
0.269996,0.00141803,0.000903869,0.000801268,0.000298384,0.000618538,-0.000698913,0.00118744,0.000992804,-0.00194359,-0.000656982,-0.0164811,0.00255021,0.000103975,-0.000763667,0.000268002,-0.000728784,0.000563016,-0.00103325,-0.000115097,-0.000714598,0.000721943,-0.00027481,8.03604e-05,0.00307681,0.000839723,0.00196792,0.000393516,-0.000908656,0.00262276,5.4194e-05,0.00216757,-0.000233371,0.0010621,0.000446921,0.000447542,-0.000254185,0.000736264,0.000320482,0.0011572,0.000574412,0.00175531,0.00110484,0.00228307,-0.00803255,7.25076e-05,0.000924178,0.000809507,5.59767e-05,-0.00029629,4.45059e-05,0.000530194,0.000158097,-0.000718641,0.000329623,0.000289444,2.31676e-05,4.60078e-05,-2.35855e-05,0.00114696,0.000713499,0.000104882,-0.000598587,-0.000599885,-6.70862e-05,0.00378867,-0.000796455,0.0014597,1.35121e-05
0.270996,0.00141015,0.000960085,0.000759448,0.000282896,0.000624161,-0.000708307,0.0012885,0.000833066,-0.00184846,-0.000612965,-0.0156557,0.00255999,6.62984e-05,-0.000828493,0.000244247,-0.000721932,0.000523701,-0.00104533,-0.000128119,-0.000680684,0.00079364,-0.000227004,8.3583e-05,0.00315331,0.000899382,0.00199918,0.00039741,-0.000699863,0.00315664,4.95093e-05,0.00215645,-0.000208534,0.00104738,0.000400827,0.000477049,-0.000290607,0.000676988,0.000342566,0.00116119,0.00055808,0.0017643,0.00110576,0.00232112,-0.00750773,9.06496e-05,0.000883851,0.000799726,9.17428e-05,-0.000318968,9.25079e-05,0.00049428,0.000127571,-0.000760735,0.000334118,0.000105238,4.88348e-06,5.8066e-05,-1.01492e-05,0.00110921,0.000725163,8.95635e-05,-0.000640063,-0.000590861,-6.27296e-05,0.00367892,-0.000779624,0.00143344,-0.000196963
0.271996,0.00139823,0.00101425,0.000715056,0.000266438,0.000628154,-0.000714956,0.0013869,0.000669988,-0.00174309,-0.00056631,-0.0147681,0.00255948,2.91986e-05,-0.000890175,0.000219857,-0.00071379,0.000480524,-0.00105223,-0.000140319,-0.00064181,0.000862174,-0.000178238,8.73359e-05,0.00321688,0.000955479,0.00202274,0.000400093,-0.000487856,0.00367455,4.3458e-05,0.00213875,-0.000182914,0.00102977,0.000352943,0.000504767,-0.000325786,0.000614534,0.000363967,0.00116146,0.000539872,0.00176686,0.00110293,0.00235073,-0.00695376,0.000108051,0.000839553,0.000787874,0.000129283,-0.000340658,0.000140611,0.000456773,9.69053e-05,-0.000798827,0.000337245,-7.91263e-05,-1.38958e-05,6.99808e-05,3.38587e-06,0.00106783,0.00073405,7.40515e-05,-0.00067978,-0.000579787,-5.81184e-05,0.00355273,-0.000761063,0.00140299,-0.000409017
0.272996,0.00138236,0.00106612,0.00066827,0.000249083,0.000630492,-0.000718844,0.00148225,0.000504224,-0.00162771,-0.000517226,-0.0138222,0.00254879,-7.22573e-06,-0.000948407,0.000194938,-0.000704395,0.000433661,-0.00105392,-0.000151632,-0.000598018,0.000927241,-0.000128744,9.16552e-05,0.00326733,0.00100783,0.0020385,0.000401515,-0.000273504,0.00417434,3.6057e-05,0.0021146,-0.000156658,0.00100935,0.000303463,0.000530574,-0.000359552,0.000549125,0.000384603,0.001158,0.00051984,0.00176295,0.00109635,0.00237179,-0.00637307,0.00012463,0.000791458,0.000774001,0.000168523,-0.000361271,0.000188598,0.000417826,6.62519e-05,-0.000832745,0.000338978,-0.000262922,-3.30921e-05,8.17296e-05,1.69612e-05,0.00102299,0.000740115,5.84522e-05,-0.000717554,-0.000566705,-5.3274e-05,0.0034104,-0.000740835,0.00136845,-0.000621736
0.273995,0.00136264,0.00111545,0.000619279,0.000230903,0.000631155,-0.000719969,0.00157415,0.000336439,-0.00150264,-0.000465933,-0.0128225,0.00252806,-4.28807e-05,-0.0010029,0.0001696,-0.000693784,0.000383307,-0.0010504,-0.000161995,-0.000549383,0.000988552,-7.87589e-05,9.65724e-05,0.00330449,0.00105626,0.00204633,0.000401634,-5.76866e-05,0.00465393,2.73351e-05,0.00208413,-0.000129917,0.000986212,0.000252588,0.000554357,-0.000391742,0.000481002,0.000404392,0.00115083,0.000498039,0.00175256,0.00108603,0.00238426,-0.00576823,0.00014031,0.00073976,0.000758161,0.000209374,-0.000380723,0.000236247,0.0003776,3.57624e-05,-0.000862338,0.000339298,-0.000445424,-5.2624e-05,9.32904e-05,3.05178e-05,0.000974872,0.000743323,4.28714e-05,-0.000753206,-0.000551662,-4.82188e-05,0.00325233,-0.00071901,0.00132995,-0.00083419
0.274995,0.00133918,0.001162,0.000568279,0.000211976,0.000630125,-0.00071834,0.00166222,0.000167308,-0.00136822,-0.000412662,-0.0117736,0.0024975,-7.76772e-05,-0.00105338,0.000143952,-0.000681993,0.00032968,-0.00104167,-0.000171354,-0.000496007,0.00104583,-2.85184e-05,0.000102114,0.00332826,0.00110062,0.0020462,0.000400412,0.000158705,0.00511136,1.73319e-05,0.0020475,-0.000102842,0.000960446,0.000200526,0.000576012,-0.000422201,0.00041042,0.000423253,0.00113996,0.000474533,0.00173571,0.00107201,0.00238811,-0.00514192,0.00015502,0.00068467,0.000740413,0.000251729,-0.000398934,0.000283339,0.000336259,5.58605e-06,-0.000887476,0.000338191,-0.000625913,-7.24063e-05,0.000104641,4.39967e-05,0.000923666,0.000743653,2.74135e-05,-0.000786561,-0.000534715,-4.29758e-05,0.00307897,-0.000695655,0.00128761,-0.00104544
0.275995,0.00131207,0.00120554,0.000515472,0.00019238,0.00062739,-0.000713974,0.00174607,-2.48735e-06,-0.00122487,-0.000357652,-0.0106804,0.00245734,-0.000111531,-0.0010996,0.000118105,-0.000669055,0.000273018,-0.0010278,-0.00017966,-0.000438027,0.00109884,2.1741e-05,0.0001083,0.00333862,0.00114078,0.00203805,0.000397814,0.000374777,0.00554476,6.09834e-06,0.0020049,-7.55854e-05,0.000932153,0.000147492,0.000595444,-0.000450779,0.000337646,0.000441108,0.00112543,0.000449393,0.00171244,0.00105432,0.00238336,-0.00449688,0.000168695,0.000626416,0.00072082,0.000295467,-0.000415827,0.000329652,0.00029397,-2.41312e-05,-0.000908053,0.00033565,-0.000803677,-9.2351e-05,0.000115762,5.73389e-05,0.000869573,0.000741095,1.21814e-05,-0.000817454,-0.000515928,-3.75687e-05,0.00289086,-0.000670839,0.00124159,-0.00125454
0.276995,0.00128146,0.00124584,0.000461071,0.000172199,0.00062294,-0.000706905,0.00182534,-0.000172259,-0.00107306,-0.000301151,-0.00954781,0.00240785,-0.000144364,-0.0011413,9.21689e-05,-0.000655003,0.00021358,-0.00100886,-0.00018687,-0.000375606,0.00114732,7.17842e-05,0.000115145,0.00333558,0.00117662,0.00202191,0.000393813,0.000589634,0.00595241,-6.30427e-06,0.00195651,-4.83001e-05,0.000901441,9.37085e-05,0.000612566,-0.000477336,0.000262961,0.00045788,0.00110729,0.000422696,0.0016828,0.00103302,0.00237004,-0.00383594,0.000181275,0.000565243,0.00069945,0.00034045,-0.000431331,0.00037497,0.000250905,-5.32472e-05,-0.000923985,0.000331678,-0.000978016,-0.000112368,0.00012663,7.04859e-05,0.000812806,0.000735653,-2.72447e-06,-0.000845725,-0.000495373,-3.20219e-05,0.00268862,-0.000644632,0.00119204,-0.00146054
0.277995,0.00124748,0.00128267,0.000405291,0.000151515,0.000616771,-0.000697174,0.00189966,-0.000341321,-0.000913282,-0.000243414,-0.0083811,0.00234934,-0.000176101,-0.00117828,6.62522e-05,-0.000639866,0.00015164,-0.000984949,-0.000192949,-0.000308941,0.00119108,0.000121378,0.000122657,0.00331923,0.00120804,0.00199782,0.000388385,0.000802383,0.00633269,-1.98041e-05,0.00190256,-2.11371e-05,0.000868424,3.94004e-05,0.000627303,-0.000501744,0.000186658,0.000473492,0.0010856,0.000394525,0.00164691,0.00100818,0.00234825,-0.003162,0.000192707,0.00050141,0.000676371,0.000386525,-0.000445377,0.000419076,0.00020724,-8.16244e-05,-0.000935212,0.000326282,-0.00114824,-0.000132363,0.000137225,8.33798e-05,0.000753585,0.000727345,-1.72065e-05,-0.000871223,-0.000473128,-2.63603e-05,0.00247294,-0.000617107,0.00113913,-0.0016625
0.278995,0.00121026,0.00131584,0.000348354,0.000130416,0.000608882,-0.000684835,0.0019687,-0.000508986,-0.000746123,-0.000184702,-0.00718555,0.00228217,-0.000206675,-0.00121034,4.04628e-05,-0.000623673,8.74911e-05,-0.000956199,-0.000197868,-0.000238256,0.00122991,0.000170294,0.000130837,0.0032897,0.00123497,0.00196584,0.000381514,0.00101214,0.00668413,-3.43196e-05,0.00184326,5.75458e-06,0.000833222,-1.52026e-05,0.000639589,-0.000523879,0.00010904,0.000487872,0.00106044,0.000364969,0.00160487,0.000979866,0.00231809,-0.00247799,0.000202945,0.00043519,0.000651659,0.000433523,-0.000457905,0.000461759,0.000163151,-0.00010913,-0.000941697,0.000319476,-0.00131369,-0.000152243,0.000147528,9.59637e-05,0.000692141,0.000716199,-3.11707e-05,-0.000893808,-0.000449281,-2.06091e-05,0.00224458,-0.000588332,0.00108304,-0.00185948
0.279995,0.00116995,0.00134514,0.000290485,0.000108988,0.000599278,-0.000669953,0.00203211,-0.000674574,-0.000572195,-0.000125279,-0.00596655,0.00220671,-0.00023602,-0.0012373,1.49064e-05,-0.000606453,2.14408e-05,-0.000922762,-0.000201605,-0.000163806,0.00126366,0.000218306,0.000139681,0.0032472,0.00125734,0.0019261,0.000373191,0.00121803,0.00700539,-4.97597e-05,0.00177886,3.22286e-05,0.000795959,-6.98684e-05,0.00064937,-0.000543634,3.04162e-05,0.00050095,0.00103188,0.000334124,0.00155683,0.000948187,0.00227971,-0.00178689,0.000211951,0.000366868,0.000625391,0.000481262,-0.000468859,0.000502813,0.000118813,-0.000135639,-0.000943428,0.000311284,-0.00147371,-0.000171912,0.000157518,0.000108182,0.000628709,0.000702259,-4.4527e-05,-0.000913348,-0.000423925,-1.47939e-05,0.00200436,-0.000558381,0.00102396,-0.00205055
0.280995,0.00112673,0.00137039,0.000231912,8.73192e-05,0.000587967,-0.000652601,0.00208959,-0.000837413,-0.00039216,-6.54136e-05,-0.00472959,0.00212337,-0.000264079,-0.00125901,-1.03136e-05,-0.000588233,-4.61897e-05,-0.000884815,-0.000204146,-8.58739e-05,0.00129215,0.000265196,0.000149175,0.00319197,0.00127511,0.00187874,0.000363412,0.00141919,0.00729527,-6.60248e-05,0.00170962,5.81422e-05,0.000756763,-0.000124363,0.000656603,-0.000560909,-4.88932e-05,0.00051266,0.00100004,0.00030209,0.00150296,0.000913246,0.00223328,-0.00109168,0.000219691,0.000296743,0.000597646,0.000529544,-0.000478186,0.000542037,7.44063e-05,-0.000161031,-0.000940414,0.000301733,-0.00162767,-0.000191272,0.000167174,0.00011998,0.000563535,0.000685579,-5.71903e-05,-0.000929723,-0.000397157,-8.94037e-06,0.0017532,-0.000527325,0.0009621,-0.00223481
0.281995,0.00108073,0.0013914,0.000172866,6.54975e-05,0.000574962,-0.000632864,0.00214084,-0.000996839,-0.000206727,-5.37599e-06,-0.00348021,0.00203261,-0.000290799,-0.00127534,-3.50964e-05,-0.000569037,-0.000115067,-0.000842559,-0.000205483,-4.76965e-06,0.00131529,0.000310751,0.000159299,0.00312432,0.00128826,0.00182394,0.000352182,0.00161479,0.00755275,-8.30071e-05,0.00163581,8.33573e-05,0.000715768,-0.000178453,0.000661256,-0.000575616,-0.000128564,0.000522938,0.000965005,0.000268974,0.00144345,0.000875161,0.00217903,-0.000395357,0.00022614,0.000225121,0.000568507,0.000578159,-0.000485843,0.000579238,3.01063e-05,-0.000185193,-0.000932689,0.000290859,-0.00177498,-0.000210227,0.000176479,0.000131305,0.000496865,0.000666225,-6.90803e-05,-0.000942826,-0.000369083,-3.07444e-06,0.00149204,-0.000495237,0.000897663,-0.00241136
0.282995,0.00103215,0.00140802,0.000113577,4.36116e-05,0.000560281,-0.000610836,0.00218557,-0.00115221,-1.66434e-05,5.45636e-05,-0.00222397,0.00193489,-0.000316131,-0.0012862,-5.93449e-05,-0.00054889,-0.000184847,-0.000796215,-0.000205614,7.91706e-05,0.00133296,0.000354766,0.000170027,0.00304462,0.00129678,0.00176192,0.00033951,0.00180401,0.00777693,-0.000100591,0.0015577,0.000107741,0.000673109,-0.000231905,0.000663309,-0.000587682,-0.000208266,0.000531723,0.000926908,0.000234886,0.00137852,0.000834064,0.00211718,0.000299078,0.00023128,0.000152317,0.000538058,0.000626886,-0.000491791,0.000614232,-1.39112e-05,-0.000208021,-0.000920311,0.000278705,-0.00191506,-0.00022868,0.000185411,0.000142107,0.000428952,0.000644278,-8.01226e-05,-0.000952559,-0.000339813,2.77812e-06,0.0012219,-0.000462188,0.00083087,-0.00257935
0.283995,0.000981153,0.00142011,5.42757e-05,2.17497e-05,0.000543947,-0.000586622,0.00222353,-0.00130288,0.000177303,0.000114135,-0.000966455,0.0018307,-0.000340034,-0.00129149,-8.29653e-05,-0.000527818,-0.000255178,-0.000746029,-0.000204547,0.000165586,0.00134509,0.000397044,0.000181324,0.00295327,0.00130069,0.00169292,0.000325415,0.00198606,0.00796708,-0.000118656,0.00147561,0.000131166,0.000628926,-0.000284487,0.000662753,-0.000597044,-0.000287666,0.000538962,0.000885875,0.000199942,0.00130842,0.000790096,0.00204801,0.000988662,0.000235101,7.86522e-05,0.000506385,0.00067549,-0.000495998,0.000646842,-5.7473e-05,-0.000229417,-0.00090336,0.000265318,-0.00204737,-0.000246534,0.000193952,0.000152338,0.000360053,0.000619827,-9.02486e-05,-0.000958841,-0.000309462,8.59161e-06,0.000943853,-0.000428252,0.000761947,-0.00273795
0.284995,0.000927917,0.00142753,-4.80685e-06,-9.5625e-10,0.000525987,-0.000560331,0.00225449,-0.00144825,0.000374292,0.000173072,0.000286814,0.00172057,-0.000362469,-0.00129118,-0.000105868,-0.000505844,-0.000325699,-0.000692262,-0.000202295,0.000254093,0.00135162,0.0004374,0.000193147,0.00285073,0.00130001,0.00161721,0.000309923,0.00216017,0.00812263,-0.000137072,0.00138982,0.000153512,0.000583359,-0.000335969,0.000659592,-0.000603652,-0.000366432,0.000544602,0.000842047,0.00016426,0.0012334,0.000743411,0.00197181,0.00167046,0.000237598,4.45454e-06,0.000473577,0.000723728,-0.000498437,0.000676903,-0.000100409,-0.000249295,-0.000881938,0.000250753,-0.0021714,-0.000263694,0.000202083,0.000161951,0.000290424,0.000592975,-9.93966e-05,-0.000961602,-0.000278149,1.43406e-05,0.000659025,-0.0003935,0.000691128,-0.00288636
0.285995,0.000872628,0.00143017,-6.34432e-05,-2.1554e-05,0.000506433,-0.000532085,0.00227822,-0.00158773,0.000573469,0.000231109,0.00153035,0.00160503,-0.000383404,-0.00128524,-0.000127969,-0.000482992,-0.000396048,-0.000635197,-0.000198878,0.000344286,0.00135254,0.000475655,0.000205448,0.00273751,0.0012948,0.00153512,0.000293066,0.00232563,0.00824318,-0.000155709,0.00130065,0.000174667,0.000536553,-0.000386128,0.000653843,-0.00060747,-0.000444227,0.000548598,0.000795573,0.000127963,0.00115374,0.000694172,0.0018889,0.0023416,0.000238776,-6.99453e-05,0.000439723,0.000771346,-0.000499091,0.000704261,-0.000142552,-0.000267575,-0.000856168,0.000235071,-0.00228668,-0.000280065,0.000209784,0.000170903,0.000220325,0.000563834,-0.000107511,-0.000960786,-0.000245997,1.99999e-05,0.000368582,-0.000358006,0.000618653,-0.00302382
0.286995,0.000815477,0.00142794,-0.000121408,-4.28248e-05,0.000485322,-0.00050201,0.00229455,-0.00172075,0.000773955,0.000287986,0.00275874,0.00148463,-0.000402811,-0.00127367,-0.000149187,-0.000459288,-0.000465856,-0.000575132,-0.000194322,0.000435741,0.00134785,0.000511644,0.000218171,0.00261415,0.00128512,0.00144697,0.000274885,0.00248174,0.00832847,-0.000174429,0.00120842,0.000194524,0.000488651,-0.000434744,0.000645531,-0.000608477,-0.000520719,0.000550907,0.000746611,9.11782e-05,0.00106975,0.000642553,0.00179964,0.00299924,0.000238643,-0.000144214,0.000404914,0.000818085,-0.000497947,0.000728774,-0.00018374,-0.000284188,-0.000826196,0.000218337,-0.00239278,-0.000295556,0.000217036,0.000179155,0.000150014,0.000532527,-0.000114545,-0.000956352,-0.000213132,2.55449e-05,7.37294e-05,-0.000321842,0.000544766,-0.00314962
0.287995,0.000756653,0.00142077,-0.000178481,-6.37302e-05,0.000462697,-0.000470241,0.0023033,-0.00184678,0.000974846,0.000343451,0.00396668,0.00135994,-0.000420668,-0.00125649,-0.000169448,-0.000434755,-0.000534756,-0.000512379,-0.00018866,0.000528015,0.00133756,0.000545213,0.000231253,0.00248125,0.00127105,0.00135312,0.000255428,0.00262785,0.00837841,-0.000193092,0.00111346,0.000212988,0.0004398,-0.000481603,0.000634697,-0.000606661,-0.000595579,0.000551495,0.000695329,5.40333e-05,0.000981742,0.000588737,0.0017044,0.00364065,0.000237219,-0.000218019,0.000369241,0.000863677,-0.000495,0.000750311,-0.000223817,-0.000299074,-0.000792186,0.000200623,-0.00248929,-0.000310078,0.000223821,0.000186667,7.97481e-05,0.000499186,-0.000120457,-0.000948275,-0.000179684,3.09515e-05,-0.000224289,-0.000285082,0.000469716,-0.0032631
0.288995,0.00069635,0.00140859,-0.000234446,-8.41896e-05,0.000438604,-0.000436919,0.00230435,-0.0019653,0.00117522,0.000397257,0.00514901,0.00123154,-0.000436958,-0.00123377,-0.000188682,-0.00040942,-0.00060238,-0.000447266,-0.000181932,0.000620653,0.00132173,0.000576221,0.000244623,0.00233942,0.00125269,0.00125397,0.000234749,0.00276336,0.00839309,-0.000211557,0.0010161,0.000229971,0.000390144,-0.000526498,0.00062139,-0.000602029,-0.00066848,0.00055033,0.000641902,1.66594e-05,0.000890064,0.000532913,0.00160356,0.00426316,0.000234528,-0.000291028,0.000332798,0.000907851,-0.000490251,0.000768756,-0.00026263,-0.000312184,-0.000754323,0.000182004,-0.00257586,-0.000323545,0.00023012,0.000193407,9.78369e-06,0.000463954,-0.000125214,-0.000936544,-0.000145782,3.61961e-05,-0.000524204,-0.000247798,0.000393756,-0.00336363
0.289995,0.000634766,0.00139138,-0.000289093,-0.000104125,0.000413095,-0.000402188,0.00229759,-0.00207585,0.00137414,0.000449164,0.0063007,0.00110001,-0.000451666,-0.00120558,-0.000206825,-0.00038331,-0.000668363,-0.000380131,-0.000174181,0.000713183,0.00130043,0.000604538,0.000258207,0.00218935,0.00123015,0.00114993,0.000212912,0.00288771,0.00837274,-0.000229679,0.000916682,0.000245395,0.000339829,-0.00056923,0.000605672,-0.000594597,-0.000739104,0.000547388,0.00058651,-2.08108e-05,0.000795065,0.000475281,0.00149754,0.00486421,0.0002306,-0.000362911,0.000295677,0.000950331,-0.000483711,0.000784007,-0.000300037,-0.000323476,-0.000712809,0.000162561,-0.00265218,-0.000335873,0.000235915,0.000199344,-5.96274e-05,0.000426979,-0.000128792,-0.000921163,-0.00011156,4.1256e-05,-0.00082472,-0.000210065,0.000317139,-0.00345067
0.290995,0.000572095,0.00136912,-0.000342217,-0.00012346,0.000386227,-0.0003662,0.00228293,-0.00217797,0.00157067,0.000498946,0.0074169,0.000965953,-0.000464785,-0.00117203,-0.000223821,-0.000356453,-0.000732346,-0.000311322,-0.00016546,0.000805125,0.00127377,0.000630051,0.000271921,0.00203171,0.00120356,0.00104144,0.000189985,0.00300038,0.00831775,-0.000247315,0.000815537,0.00025919,0.000289002,-0.000609612,0.000587617,-0.000584398,-0.000807138,0.00054265,0.000529344,-5.82435e-05,0.000697111,0.000416046,0.00138676,0.00544136,0.000225473,-0.000433344,0.000257972,0.000990842,-0.000475393,0.000795976,-0.000335898,-0.000332923,-0.000667864,0.000142379,-0.00271797,-0.000346985,0.000241187,0.00020445,-0.000128237,0.000388419,-0.000131173,-0.000902154,-7.71506e-05,4.61093e-05,-0.00112453,-0.000171955,0.000240124,-0.00352371
0.291995,0.000508537,0.00134181,-0.000393623,-0.000142124,0.000358061,-0.00032911,0.00226033,-0.00227127,0.00176384,0.000546383,0.00849297,0.00082996,-0.000476311,-0.00113326,-0.000239617,-0.00032888,-0.000793977,-0.000241195,-0.000155823,0.000895993,0.00124186,0.000652657,0.000285679,0.00186723,0.00117306,0.000928946,0.000166044,0.00310092,0.00822866,-0.000264322,0.000713011,0.0002713,0.000237806,-0.000647463,0.000567308,-0.000571477,-0.000872281,0.000536104,0.000470596,-9.5504e-05,0.000596583,0.000355421,0.00127168,0.00599227,0.00021919,-0.000502008,0.000219777,0.00102911,-0.000465323,0.000804591,-0.000370084,-0.000340504,-0.000619723,0.000121546,-0.00277301,-0.000356805,0.000245919,0.000208702,-0.000195802,0.000348439,-0.000132348,-0.000879552,-4.2688e-05,5.0735e-05,-0.0014223,-0.000133544,0.000162965,-0.0035823
0.292995,0.000444289,0.00130949,-0.000443122,-0.000160047,0.000328663,-0.000291077,0.00222977,-0.00235538,0.00195272,0.000591269,0.00952447,0.000692625,-0.000486245,-0.00108943,-0.000254168,-0.000300622,-0.00085291,-0.000170113,-0.000145331,0.000985293,0.00120486,0.000672271,0.000299389,0.00169665,0.0011388,0.000812924,0.000141173,0.00318892,0.00810617,-0.00028056,0.000609446,0.000281676,0.000186384,-0.000682614,0.000544839,-0.000555892,-0.00093424,0.000527745,0.000410467,-0.000132458,0.000493872,0.000293623,0.00115276,0.00651474,0.0002118,-0.000568591,0.000181186,0.00106485,-0.000453529,0.000809796,-0.000402473,-0.00034621,-0.000568635,0.000100153,-0.00281711,-0.000365264,0.000250092,0.000212081,-0.000262086,0.000307209,-0.000132317,-0.000853409,-8.30527e-06,5.51133e-05,-0.00171671,-9.49058e-05,8.59195e-05,-0.00362608
0.293995,0.000379548,0.0012722,-0.000490537,-0.000177165,0.000298105,-0.000252262,0.00219126,-0.00242997,0.00213634,0.00063341,0.0105072,0.000554542,-0.00049459,-0.00104071,-0.000267436,-0.000271714,-0.000908812,-9.84419e-05,-0.000134049,0.00107253,0.00116292,0.000688819,0.000312954,0.00152075,0.00110096,0.000693862,0.00011546,0.00326402,0.00795112,-0.000295889,0.000505187,0.000290281,0.000134878,-0.000714911,0.000520312,-0.000537713,-0.000992736,0.000517572,0.00034916,-0.00016897,0.000389379,0.000230874,0.00103046,0.00700672,0.000203359,-0.000632792,0.000142291,0.0010978,-0.000440049,0.000811549,-0.000432952,-0.000350043,-0.000514866,7.82945e-05,-0.00285016,-0.000372298,0.000253691,0.00021457,-0.000326859,0.000264905,-0.000131086,-0.000823794,2.58649e-05,5.92252e-05,-0.00200644,-5.61157e-05,9.2427e-06,-0.00365471
0.294995,0.000314511,0.00123002,-0.000535697,-0.000193417,0.000266461,-0.000212828,0.00214486,-0.00249475,0.00231379,0.000672626,0.0114373,0.000416299,-0.000501358,-0.00098733,-0.000279388,-0.000242194,-0.000961364,-2.65499e-05,-0.000122046,0.00115721,0.00111625,0.000702245,0.000326273,0.0013403,0.0010597,0.000572264,8.90001e-05,0.00332593,0.00776449,-0.000310174,0.000400575,0.000297088,8.3427e-05,-0.000744207,0.000493842,-0.000517025,-0.0010475,0.000505593,0.000286883,-0.000204907,0.000283511,0.000167399,0.00090527,0.0074663,0.000193927,-0.000694319,0.000103188,0.00112769,-0.000424927,0.000809827,-0.000461418,-0.000352014,-0.000458689,5.60675e-05,-0.00287204,-0.000377849,0.000256697,0.000216158,-0.000389897,0.000221706,-0.000128671,-0.000790791,5.96915e-05,6.30533e-05,-0.00229017,-1.72494e-05,-6.68128e-05,-0.00366797
0.295995,0.000249373,0.00118305,-0.000578444,-0.000208745,0.000233813,-0.000172939,0.00209062,-0.00254948,0.00248413,0.00070875,0.0123109,0.000278475,-0.000506559,-0.000929504,-0.000289999,-0.000212099,-0.00101026,4.5194e-05,-0.000109394,0.00123884,0.00106505,0.000712507,0.000339243,0.0011561,0.00101522,0.000448642,6.18932e-05,0.00337441,0.00754739,-0.000323286,0.000295948,0.000302082,3.21688e-05,-0.000770373,0.000465548,-0.000493924,-0.00109829,0.000491823,0.000223847,-0.000240136,0.000176683,0.000103428,0.00077768,0.00789172,0.000183568,-0.000752894,6.39697e-05,0.00115426,-0.000408212,0.000804622,-0.000487776,-0.000352142,-0.000400391,3.35701e-05,-0.00288273,-0.000381864,0.000259094,0.000216837,-0.000450989,0.000177797,-0.000125094,-0.000754497,9.30455e-05,6.6581e-05,-0.00256659,2.16166e-05,-0.000141997,-0.00366568
0.296995,0.000184326,0.00113139,-0.000618631,-0.000223098,0.000200243,-0.000132761,0.00202867,-0.00259396,0.00264647,0.00074163,0.0131249,0.00014164,-0.000510211,-0.00086749,-0.000299251,-0.000181474,-0.0010552,0.000116423,-9.61693e-05,0.00131693,0.00100956,0.000719577,0.000351757,0.00096896,0.000967715,0.000323518,3.42446e-05,0.00340928,0.00730107,-0.000335099,0.000191643,0.000305256,-1.87621e-05,-0.000793292,0.000435561,-0.000468517,-0.00114486,0.000476283,0.000160265,-0.000274528,6.93129e-05,3.91915e-05,0.000648187,0.00828141,0.000172351,-0.000808251,2.47283e-05,0.00117725,-0.000389964,0.000795942,-0.00051194,-0.00035046,-0.000340268,1.09022e-05,-0.00288223,-0.000384297,0.000260868,0.000216603,-0.000509928,0.000133365,-0.000120387,-0.000715029,0.0001258,6.97935e-05,-0.00283443,6.04054e-05,-0.000216066,-0.00364774
0.297995,0.00011956,0.00107519,-0.00065612,-0.000236428,0.000165842,-9.24596e-05,0.00195913,-0.00262803,0.00279992,0.000771133,0.013876,6.34865e-06,-0.000512334,-0.00080156,-0.00030713,-0.000150364,-0.00109593,0.000186774,-8.24499e-05,0.00139101,0.000950027,0.000723443,0.000363707,0.00077969,0.000917392,0.00019742,6.16412e-06,0.00343041,0.00702689,-0.000345494,8.79904e-05,0.000306618,-6.92342e-05,-0.000812862,0.000404017,-0.000440923,-0.00118699,0.000459001,9.63505e-05,-0.000307955,-3.81786e-05,-2.50787e-05,0.000517291,0.00863395,0.00016035,-0.000860139,-1.44436e-05,0.00119644,-0.000370244,0.000783813,-0.000533838,-0.000347007,-0.000278621,-1.18356e-05,-0.00287058,-0.00038511,0.000262003,0.000215456,-0.000566522,8.85966e-05,-0.000114586,-0.000672514,0.000157833,7.26771e-05,-0.00309243,9.90392e-05,-0.000288777,-0.00361411
0.298995,5.52626e-05,0.0010146,-0.000690789,-0.000248692,0.000130702,-5.21978e-05,0.0018822,-0.00265158,0.00294365,0.000797139,0.0145616,-0.000126857,-0.000512953,-0.000732008,-0.000313631,-0.000118816,-0.00113218,0.00025589,-6.83163e-05,0.00146062,0.000886714,0.00072411,0.000374984,0.000589105,0.000864466,7.08794e-05,-2.22343e-05,0.00343776,0.00672632,-0.000354362,-1.46832e-05,0.000306183,-0.000119119,-0.000828994,0.00037106,-0.000411272,-0.00122449,0.000440012,3.23194e-05,-0.000340291,-0.00014537,-8.91503e-05,0.000385494,0.00894809,0.000147641,-0.000908324,-5.34543e-05,0.00121159,-0.000349122,0.000768277,-0.000553405,-0.000341832,-0.000215759,-3.45425e-05,-0.0028479,-0.00038427,0.000262484,0.000213402,-0.000620586,4.36825e-05,-0.000107738,-0.000627097,0.000189023,7.52197e-05,-0.00333938,0.00013744,-0.000359898,-0.00356483
0.299995,-8.38308e-06,0.000949817,-0.000722525,-0.000259852,9.49185e-05,-1.21385e-05,0.00179805,-0.00266454,0.00307683,0.000819545,0.0151791,-0.000257453,-0.000512095,-0.000659143,-0.000318755,-8.68846e-05,-0.00116372,0.000323421,-5.3851e-05,0.0015253,0.000819907,0.000721595,0.000385478,0.000398019,0.000809156,-5.55693e-05,-5.08335e-05,0.00343131,0.00640096,-0.000361598,-0.000116059,0.000303978,-0.000168291,-0.000841617,0.000336839,-0.000379702,-0.00125718,0.00041936,-3.16134e-05,-0.000371415,-0.000251842,-0.000152791,0.000253297,0.00922279,0.000134305,-0.000952588,-9.22128e-05,0.00122249,-0.000326675,0.000749393,-0.000570586,-0.000334993,-0.000151996,-5.71174e-05,-0.00281433,-0.000381753,0.000262299,0.000210448,-0.000671949,-1.18808e-06,-9.98938e-05,-0.000578935,0.000219256,7.74108e-05,-0.00357409,0.000175527,-0.0004292,-0.00350003
0.300995,-7.11981e-05,0.00088103,-0.000751229,-0.000269875,5.85928e-05,2.75583e-05,0.00170694,-0.00266689,0.0031987,0.000838268,0.0157266,-0.000384935,-0.00050979,-0.000583293,-0.000322509,-5.4624e-05,-0.00119035,0.000389026,-3.91374e-05,0.00158463,0.000749905,0.00071593,0.000395079,0.000207238,0.000751692,-0.000181394,-7.95131e-05,0.00341112,0.00605247,-0.000367109,-0.000215826,0.000300039,-0.000216629,-0.000850675,0.000301509,-0.000346362,-0.0012849,0.000397092,-9.52333e-05,-0.000401209,-0.000357176,-0.000215772,0.000121202,0.00945717,0.000120423,-0.000992733,-0.000130629,0.00122894,-0.000302983,0.000727235,-0.000585341,-0.000326555,-8.76474e-05,-7.94603e-05,-0.00277004,-0.000377541,0.000261436,0.000206608,-0.000720451,-4.58267e-05,-9.11128e-05,-0.000528199,0.00024842,7.92413e-05,-0.00379543,0.000213222,-0.000496462,-0.0034199
0.301995,-0.000133008,0.000808464,-0.000776817,-0.000278733,2.18281e-05,6.67353e-05,0.00160913,-0.00265866,0.00330853,0.00085324,0.0162021,-0.000508822,-0.000506072,-0.0005048,-0.000324906,-2.20937e-05,-0.00121187,0.000452377,-2.42597e-05,0.00163818,0.00067702,0.000707164,0.000403681,1.75629e-05,0.000692303,-0.000306066,-0.000108151,0.00337732,0.00568262,-0.000370809,-0.00031368,0.000294414,-0.000264014,-0.000856128,0.000265229,-0.00031141,-0.0013075,0.000373266,-0.000158327,-0.000429562,-0.000460962,-0.000277864,-1.02965e-05,0.00965054,0.00010608,-0.00102858,-0.000168614,0.00123075,-0.000278132,0.000701894,-0.000597636,-0.000316592,-2.30299e-05,-0.000101472,-0.00271528,-0.000371625,0.000259882,0.000201897,-0.000765943,-9.00463e-05,-8.14595e-05,-0.000475073,0.000276411,8.07039e-05,-0.00400232,0.000250443,-0.000561474,-0.00332469
0.302995,-0.000193642,0.00073236,-0.000799216,-0.000286404,-1.52687e-05,0.000105239,0.00150491,-0.00263992,0.00340564,0.000864412,0.0166044,-0.000628654,-0.000500978,-0.000424018,-0.000325966,1.06437e-05,-0.00122812,0.000513157,-9.30244e-06,0.00168558,0.000601575,0.000695357,0.000411175,-0.000170221,0.000631227,-0.000429063,-0.000136622,0.00333009,0.00529327,-0.000372625,-0.000409327,0.000287157,-0.000310334,-0.000857953,0.000228162,-0.00027501,-0.00132487,0.000347944,-0.000220685,-0.000456364,-0.000562792,-0.000338843,-0.000140709,0.00980241,9.13618e-05,-0.00105997,-0.00020608,0.00122777,-0.000252215,0.000673477,-0.000607451,-0.000305185,4.15395e-05,-0.000123055,-0.00265033,-0.000364004,0.00025763,0.000196337,-0.000808292,-0.000133663,-7.10043e-05,-0.000419753,0.000303127,8.17929e-05,-0.00419375,0.000287109,-0.000624032,-0.00321474
0.303995,-0.000252938,0.000652976,-0.000818368,-0.00029287,-5.25881e-05,0.00014292,0.00139461,-0.00261078,0.0034894,0.000871754,0.0169323,-0.000743998,-0.000494548,-0.000341314,-0.000325713,4.35219e-05,-0.00123898,0.000571065,5.65007e-06,0.00172646,0.000523905,0.000680586,0.000417461,-0.000355345,0.000568701,-0.000549869,-0.000164801,0.00326965,0.00488631,-0.000372493,-0.000502485,0.000278334,-0.000355477,-0.000856142,0.000190473,-0.000237334,-0.00133693,0.000321198,-0.000282098,-0.000481514,-0.00066227,-0.000398489,-0.000269554,0.00991247,7.63563e-05,-0.00108676,-0.000242939,0.00121985,-0.000225326,0.000642103,-0.000614775,-0.000292422,0.000105746,-0.000144115,-0.00257549,-0.000354684,0.000254669,0.000189951,-0.000847375,-0.000176495,-5.98229e-05,-0.000362446,0.000328476,8.25041e-05,-0.00436875,0.000323139,-0.000683944,-0.00309045
0.304995,-0.000310736,0.000570589,-0.000834229,-0.00029812,-9.00178e-05,0.000179635,0.00127858,-0.0025714,0.00355924,0.000875253,0.0171852,-0.000854446,-0.000486822,-0.000257064,-0.000324178,7.64713e-05,-0.00124431,0.000625815,2.05143e-05,0.00176049,0.000444352,0.000662938,0.000422436,-0.000537056,0.000504967,-0.000667982,-0.000192563,0.00319632,0.00446372,-0.00037036,-0.000592881,0.000268019,-0.000399339,-0.000850704,0.00015233,-0.00019856,-0.00134359,0.000293102,-0.000342363,-0.000504914,-0.000759008,-0.000456586,-0.000396361,0.00998061,6.11512e-05,-0.00110884,-0.000279107,0.00120687,-0.000197568,0.00060791,-0.000619609,-0.000278395,0.000169277,-0.000164557,-0.00249113,-0.00034368,0.000250993,0.000182767,-0.000883085,-0.000218366,-4.79955e-05,-0.000303369,0.000352368,8.28354e-05,-0.00452644,0.000358448,-0.000741027,-0.00295231
0.305995,-0.000366884,0.000485491,-0.000846767,-0.000302146,-0.000127443,0.000215244,0.0011572,-0.00252199,0.00361465,0.000874914,0.0173626,-0.00095962,-0.000477847,-0.000171653,-0.000321398,0.000109419,-0.00124406,0.000677139,3.52079e-05,0.00178735,0.000363268,0.000642514,0.000426008,-0.000714628,0.000440266,-0.000782911,-0.000219782,0.00311043,0.00402753,-0.000366186,-0.000680254,0.000256293,-0.000441819,-0.000841667,0.000113902,-0.00015887,-0.00134481,0.000263741,-0.000401279,-0.000526474,-0.000852631,-0.000512925,-0.00052067,0.0100069,4.58345e-05,-0.00112611,-0.000314497,0.00118874,-0.000169043,0.000571046,-0.000621965,-0.000263205,0.000231828,-0.000184293,-0.00239764,-0.000331015,0.000246597,0.000174817,-0.000915328,-0.000259105,-3.56068e-05,-0.00024275,0.000374724,8.2786e-05,-0.004666,0.000392955,-0.00079511,-0.00280086
0.306995,-0.000421237,0.00039799,-0.000855966,-0.000304946,-0.000164749,0.000249615,0.00103088,-0.0024628,0.00365519,0.000870761,0.0174646,-0.00105917,-0.000467668,-8.54705e-05,-0.000317413,0.000142288,-0.00123815,0.00072479,4.96502e-05,0.00180678,0.000281007,0.000619428,0.000428084,-0.000887357,0.000374839,-0.000894181,-0.000246333,0.00301239,0.0035798,-0.000359942,-0.000764356,0.000243244,-0.000482819,-0.000829072,7.53574e-05,-0.000118452,-0.00134057,0.000233202,-0.000458653,-0.000546111,-0.000942776,-0.000567303,-0.000642035,0.00999159,3.04941e-05,-0.00113851,-0.000349028,0.00116538,-0.00013986,0.000531673,-0.000621863,-0.000246954,0.000293098,-0.000203236,-0.00229546,-0.000316721,0.000241478,0.000166136,-0.000944024,-0.000298546,-2.27449e-05,-0.000180824,0.000395469,8.23571e-05,-0.00478669,0.000426575,-0.000846035,-0.00263671
0.307995,-0.000473656,0.000308408,-0.000861823,-0.000306526,-0.000201815,0.000282623,0.000900046,-0.0023941,0.00368046,0.000862835,0.0174915,-0.00115278,-0.000456336,1.08909e-06,-0.00031227,0.000174999,-0.00122656,0.000768539,6.37625e-05,0.00181854,0.000197929,0.000593804,0.000428581,-0.00105457,0.000308928,-0.00100134,-0.000272094,0.00290266,0.00312261,-0.000351613,-0.000844952,0.00022897,-0.000522248,-0.000812978,3.68657e-05,-7.74971e-05,-0.00133088,0.000201582,-0.000514295,-0.000563748,-0.0010291,-0.000619524,-0.000760026,0.00993514,1.52167e-05,-0.00114598,-0.000382617,0.00113675,-0.00011013,0.000489967,-0.000619337,-0.000229752,0.000352795,-0.000221304,-0.00218505,-0.000300836,0.000235633,0.000156762,-0.000969108,-0.000336529,-9.50109e-06,-0.000117834,0.000414537,8.15515e-05,-0.00488787,0.000459225,-0.000893654,-0.00246052
0.308995,-0.000524009,0.00021708,-0.00086435,-0.000306892,-0.000238524,0.000314147,0.000765154,-0.00231624,0.00369016,0.000851196,0.0174439,-0.00124015,-0.0004439,8.76295e-05,-0.000306018,0.00020747,-0.0012093,0.000808179,7.74686e-05,0.00182243,0.000114396,0.000565778,0.000427422,-0.00121563,0.000242771,-0.00110393,-0.000296943,0.00278174,0.00265808,-0.000341196,-0.000921822,0.000213571,-0.000560018,-0.00079346,-1.40614e-06,-3.6197e-05,-0.00131575,0.000168981,-0.000568022,-0.000579317,-0.00111126,-0.000669402,-0.000874229,0.00983816,8.81177e-08,-0.0011485,-0.000415184,0.00110282,-7.99653e-05,0.000446113,-0.000614427,-0.000211709,0.000410636,-0.000238418,-0.0020669,-0.000283409,0.000229063,0.000146737,-0.000990529,-0.000372903,4.03084e-06,-5.40297e-05,0.000431868,8.03737e-05,-0.00496896,0.000490822,-0.000937832,-0.00227304
0.309995,-0.000572173,0.00012435,-0.000863569,-0.000306059,-0.000274756,0.000344076,0.000626679,-0.00222957,0.00368406,0.000835919,0.017323,-0.00132104,-0.000430415,0.000173754,-0.000298711,0.000239616,-0.00118639,0.000843526,9.06954e-05,0.00181828,3.07699e-05,0.000535496,0.000424537,-0.00136992,0.000176605,-0.00120156,-0.000320763,0.00265019,0.00218832,-0.000328699,-0.000994759,0.000197155,-0.000596046,-0.000770608,-3.92929e-05,5.25364e-06,-0.00129524,0.000135505,-0.00061966,-0.000592755,-0.00118895,-0.000716759,-0.00098425,0.00970147,-1.48079e-05,-0.00114606,-0.000446651,0.00106359,-4.94824e-05,0.000400309,-0.000607186,-0.000192941,0.00046635,-0.000254504,-0.00194155,-0.000264495,0.00022177,0.000136103,-0.00100825,-0.000407525,1.77553e-05,1.03331e-05,0.000447411,7.88301e-05,-0.00502949,0.000521281,-0.000978449,-0.00207505
0.310995,-0.00061803,3.05734e-05,-0.000859521,-0.000304046,-0.000310389,0.000372308,0.000485115,-0.0021345,0.00366199,0.000817099,0.01713,-0.00139523,-0.000415934,0.000259069,-0.000290409,0.000271349,-0.0011579,0.000874419,0.000103373,0.00180597,-5.25875e-05,0.000503112,0.000419863,-0.00151687,0.000110662,-0.00129383,-0.000343439,0.0025086,0.00171545,-0.000314148,-0.00106357,0.000179835,-0.000630255,-0.000744528,-7.66324e-05,4.666e-05,-0.00126943,0.000101264,-0.000669041,-0.00060401,-0.00126188,-0.000761426,-0.00108971,0.00952604,-2.93896e-05,-0.0011387,-0.000476941,0.00101911,-1.87982e-05,0.000352761,-0.000597675,-0.000173564,0.000519677,-0.000269494,-0.00180955,-0.000244157,0.00021376,0.000124909,-0.00102225,-0.000440259,3.15755e-05,7.49953e-05,0.000461122,7.69284e-05,-0.00506907,0.00055052,-0.0010154,-0.00186739
0.311995,-0.000661474,-6.38853e-05,-0.000852254,-0.000300876,-0.000345305,0.000398746,0.000340974,-0.00203146,0.00362385,0.000794844,0.0168666,-0.00146251,-0.000400514,0.000343182,-0.000281171,0.000302579,-0.00112391,0.000900722,0.000115435,0.00178543,-0.000135318,0.000468789,0.000413347,-0.00165595,4.51722e-05,-0.00138037,-0.000364862,0.00235762,0.00124157,-0.000297575,-0.00112809,0.000161727,-0.00066257,-0.00071534,-0.000113266,8.78279e-05,-0.0012384,6.63751e-05,-0.000716004,-0.000613037,-0.00132977,-0.000803244,-0.00119026,0.00931301,-4.35782e-05,-0.00112645,-0.00050598,0.000969421,1.19688e-05,0.000303683,-0.000585963,-0.000153696,0.000570369,-0.000283325,-0.00167148,-0.000222466,0.000205039,0.000113204,-0.00103252,-0.000470979,4.53939e-05,0.000139694,0.000472967,7.46781e-05,-0.00508743,0.000578455,-0.00104859,-0.00165097
0.312995,-0.000702402,-0.000158657,-0.000841834,-0.000296576,-0.000379382,0.000423305,0.000194784,-0.00192094,0.00356965,0.000769279,0.0165347,-0.00152275,-0.000384213,0.00042571,-0.000271063,0.000333214,-0.00108453,0.000922323,0.00012682,0.0017566,-0.000217068,0.000432697,0.000404946,-0.00178667,-1.96423e-05,-0.00146083,-0.000384926,0.00219792,0.00076876,-0.000279032,-0.00118814,0.000142951,-0.000692925,-0.000683178,-0.00014904,0.000128565,-0.0012023,3.09569e-05,-0.000760399,-0.0006198,-0.00139237,-0.000842068,-0.00128556,0.00906366,-5.72976e-05,-0.00110939,-0.000533694,0.000914624,4.26996e-05,0.000253298,-0.000572131,-0.000133457,0.000618195,-0.000295938,-0.00152794,-0.000199501,0.000195617,0.000101038,-0.00103906,-0.000499569,5.9113e-05,0.000204165,0.000482918,7.20905e-05,-0.00508436,0.000605006,-0.00107793,-0.00142671
0.313995,-0.000740725,-0.000253366,-0.000828336,-0.000291179,-0.000412502,0.000445907,4.70859e-05,-0.00180343,0.00349945,0.000740544,0.0161367,-0.00157581,-0.00036709,0.000506273,-0.000260151,0.000363162,-0.00103993,0.000939135,0.000137469,0.00171949,-0.000297489,0.000395016,0.000394624,-0.00190858,-8.35632e-05,-0.00153492,-0.000403532,0.00203022,0.00029908,-0.000258577,-0.00124359,0.000123628,-0.000721255,-0.000648191,-0.000183804,0.00016868,-0.00116125,-4.86671e-06,-0.000802084,-0.000624272,-0.00144945,-0.000877761,-0.00137532,0.00877947,-7.04755e-05,-0.0010876,-0.000560013,0.000854833,7.32747e-05,0.000201835,-0.000556263,-0.000112966,0.000662937,-0.000307281,-0.00137955,-0.000175347,0.000185507,8.84664e-05,-0.0010419,-0.000525923,7.2636e-05,0.000268143,0.000490955,6.91782e-05,-0.00505978,0.000630091,-0.00110337,-0.00119559
0.314995,-0.000776358,-0.000347634,-0.000811847,-0.000284723,-0.000444547,0.000466484,-0.000101568,-0.00167945,0.00341339,0.000708792,0.015675,-0.00162161,-0.000349205,0.000584506,-0.000248504,0.000392329,-0.000990255,0.000951098,0.000147329,0.00167415,-0.000376242,0.000355927,0.000382359,-0.00202127,-0.000146379,-0.00160234,-0.000420585,0.00185526,-0.000165462,-0.000236286,-0.00129432,0.000103884,-0.000747502,-0.00061054,-0.000217417,0.000207987,-0.00111544,-4.0969e-05,-0.000840928,-0.000626433,-0.0015008,-0.0009102,-0.00145923,0.008462,-8.30434e-05,-0.0010612,-0.000584868,0.000790194,0.000103575,0.000149528,-0.000538455,-9.23404e-05,0.000704396,-0.000317308,-0.00122695,-0.000150095,0.000174722,7.55432e-05,-0.00104107,-0.000549947,8.58673e-05,0.000331363,0.000497069,6.59552e-05,-0.0050137,0.000653632,-0.00112486,-0.000958641
0.315995,-0.000809227,-0.000441083,-0.000792468,-0.000277246,-0.000475402,0.000484977,-0.000250616,-0.00154958,0.0033117,0.000674191,0.0151526,-0.00166009,-0.00033062,0.000660049,-0.000236194,0.000420619,-0.000935718,0.000958177,0.000156352,0.00162066,-0.000452995,0.000315618,0.000368136,-0.00212439,-0.000207886,-0.00166284,-0.000436,0.00167383,-0.000622905,-0.000212243,-0.0013402,8.38428e-05,-0.000771614,-0.000570397,-0.000249741,0.000246303,-0.00106504,-7.72203e-05,-0.000876809,-0.000626275,-0.00154623,-0.000939274,-0.00153705,0.008113,-9.49367e-05,-0.00103033,-0.000608195,0.000720882,0.000133483,9.66136e-05,-0.000518809,-7.16982e-05,0.000742387,-0.000325979,-0.00107079,-0.000123846,0.000163281,6.23253e-05,-0.00103662,-0.000571555,9.87131e-05,0.000393561,0.000501255,6.24372e-05,-0.00494623,0.000675551,-0.00114235,-0.000716897
0.316995,-0.000839268,-0.000533331,-0.000770308,-0.000268794,-0.000504953,0.000501335,-0.00039949,-0.00141437,0.00319468,0.00063692,0.0145723,-0.00169123,-0.000311396,0.000732562,-0.000223291,0.000447938,-0.00087654,0.000960364,0.000164495,0.00155915,-0.000527428,0.000274283,0.000351955,-0.00221762,-0.000267888,-0.00171621,-0.000449695,0.00148672,-0.00107134,-0.000186547,-0.00138115,6.36299e-05,-0.00079354,-0.000527946,-0.000280648,0.000283451,-0.00101028,-0.000113489,-0.000909615,-0.000623798,-0.0015856,-0.000964886,-0.00160854,0.0077343,-0.000106096,-0.00099513,-0.000629929,0.000647099,0.000162881,4.33344e-05,-0.000497432,-5.11548e-05,0.000776746,-0.000333262,-0.000911726,-9.67026e-05,0.000151205,4.88708e-05,-0.00102861,-0.000590676,0.000111082,0.000454478,0.00050352,5.8641e-05,-0.00485757,0.000695773,-0.00115583,-0.000471437
0.317995,-0.000866422,-0.000624003,-0.000745487,-0.000259414,-0.000533089,0.000515521,-0.000547617,-0.00127445,0.00306272,0.000597171,0.0139376,-0.00171504,-0.000291597,0.000801713,-0.00020987,0.00047419,-0.000812969,0.000957675,0.00017172,0.00148981,-0.000599233,0.000232114,0.000333823,-0.00230068,-0.000326197,-0.00176227,-0.000461599,0.00129475,-0.00150894,-0.000159306,-0.0014171,4.33704e-05,-0.000813239,-0.000483382,-0.000310015,0.000319259,-0.00095138,-0.00014964,-0.000939247,-0.00061901,-0.00161878,-0.000986951,-0.0016735,0.00732788,-0.000116465,-0.000955787,-0.00065001,0.000569075,0.000191654,-1.00676e-05,-0.000474438,-3.08228e-05,0.000807327,-0.000339128,-0.000750438,-6.87759e-05,0.000138515,3.52385e-05,-0.00101711,-0.000607248,0.000122886,0.000513856,0.000503876,5.45848e-05,-0.00474805,0.000714226,-0.00116529,-0.000223355
0.318995,-0.000890642,-0.000712723,-0.000718137,-0.000249158,-0.000559703,0.000527504,-0.000694423,-0.00113041,0.00291628,0.000555144,0.0132518,-0.00173157,-0.000271285,0.000867192,-0.000196003,0.000499283,-0.000745278,0.000950154,0.000177993,0.00141284,-0.000668115,0.00018931,0.000313763,-0.00237338,-0.000382633,-0.00180085,-0.000471647,0.00109877,-0.00193394,-0.000130639,-0.00144798,2.31877e-05,-0.000830672,-0.000436909,-0.00033773,0.000353563,-0.000888593,-0.00018554,-0.000965616,-0.000611929,-0.00164564,-0.0010054,-0.00173174,0.00689581,-0.000125996,-0.000912493,-0.000668381,0.000487068,0.000219689,-6.33494e-05,-0.000449947,-1.08119e-05,0.000834002,-0.000343558,-0.000587594,-4.01812e-05,0.000125239,2.14879e-05,-0.0010022,-0.000621222,0.000134041,0.000571445,0.000502345,5.0288e-05,-0.00461807,0.000730839,-0.00117074,2.62365e-05
0.319995,-0.000911891,-0.000799124,-0.000688396,-0.00023808,-0.000584691,0.000537263,-0.000839334,-0.000982892,0.00275589,0.00051105,0.0125188,-0.00174089,-0.000250525,0.000928705,-0.000181766,0.000523122,-0.00067376,0.000937869,0.000183289,0.00132852,-0.000733794,0.000146069,0.000291806,-0.00243553,-0.000437028,-0.00183184,-0.000479783,0.000899623,-0.00234464,-0.000100675,-0.00147376,3.2034e-06,-0.000845806,-0.000388739,-0.000363687,0.000386206,-0.000822188,-0.000221052,-0.000988645,-0.000602584,-0.00166612,-0.00102017,-0.00178313,0.00644024,-0.000134642,-0.000865462,-0.000684986,0.000401359,0.000246877,-0.000116268,-0.000424083,8.77194e-06,0.000856664,-0.000346539,-0.000423872,-1.10383e-05,0.000111405,7.67892e-06,-0.000983984,-0.000632561,0.000144466,0.000627,0.000498956,4.5771e-05,-0.00446814,0.000745546,-0.00117221,0.000276214
0.320995,-0.000930138,-0.000882846,-0.000656411,-0.000226237,-0.000607953,0.000544788,-0.000981778,-0.000832541,0.00258216,0.000465108,0.0117423,-0.00174309,-0.000229381,0.000985975,-0.000167231,0.000545616,-0.000598731,0.000920913,0.000187586,0.00123714,-0.000796006,0.000102588,0.000267997,-0.00248702,-0.000489221,-0.00185517,-0.00048596,0.000698178,-0.00273947,-6.95537e-05,-0.00149441,-1.64637e-05,-0.000858612,-0.000339092,-0.000387791,0.00041704,-0.00075245,-0.000256041,-0.00100827,-0.000591011,-0.00168017,-0.00103123,-0.00182753,0.00596343,-0.000142365,-0.000814924,-0.000699776,0.000312257,0.00027311,-0.000168585,-0.000396974,2.78272e-05,0.000875227,-0.000348064,-0.000259945,1.85289e-05,9.70448e-05,-6.1284e-06,-0.00096257,-0.00064124,0.000154084,0.000680284,0.000493744,4.10552e-05,-0.00429887,0.000758284,-0.00116972,0.000525451
0.321995,-0.000945363,-0.000963535,-0.000622338,-0.000213687,-0.000629395,0.000550078,-0.00112119,-0.000680006,0.00239576,0.000417544,0.0109264,-0.00173833,-0.000207918,0.00103875,-0.000152472,0.000566677,-0.000520524,0.000899404,0.000190868,0.00113905,-0.000854505,5.90653e-05,0.000242393,-0.00252776,-0.000539063,-0.00187077,-0.00049014,0.000495302,-0.00311692,-3.74216e-05,-0.00150993,-3.56982e-05,-0.000869069,-0.000288195,-0.000409957,0.000445926,-0.000679679,-0.00029037,-0.00102443,-0.000577255,-0.00168776,-0.00103854,-0.00186485,0.00546769,-0.000149132,-0.000761124,-0.000712703,0.000220095,0.000298286,-0.000220061,-0.000368753,4.6257e-05,0.000889625,-0.000348132,-9.64843e-05,4.83928e-05,8.21939e-05,-1.98742e-05,-0.000938077,-0.000647246,0.000162826,0.000731069,0.000486754,3.61631e-05,-0.00411096,0.000768995,-0.00116334,0.000772819
0.322995,-0.000957555,-0.00104085,-0.000586339,-0.000200494,-0.000648926,0.000553142,-0.00125702,-0.000525945,0.00219746,0.000368591,0.0100753,-0.00172674,-0.000186199,0.0010868,-0.00013756,0.000586218,-0.000439491,0.000873482,0.000193125,0.00103462,-0.000909061,1.56955e-05,0.000215062,-0.00255775,-0.000586416,-0.00187864,-0.000492295,0.000291864,-0.0034756,-4.43379e-06,-0.00152032,-5.43889e-05,-0.000877158,-0.000236278,-0.000430109,0.000472735,-0.000604189,-0.000323906,-0.0010371,-0.000561372,-0.00168888,-0.0010421,-0.00189504,0.0049554,-0.000154914,-0.000704322,-0.000723722,0.000125227,0.000322305,-0.000270464,-0.000339554,6.397e-05,0.000899812,-0.00034675,6.58465e-05,7.84228e-05,6.68897e-05,-3.3499e-05,-0.000910632,-0.000650578,0.000170626,0.000779137,0.000478036,3.11177e-05,-0.0039052,0.000777622,-0.00115312,0.00101719
0.323995,-0.000966712,-0.00111446,-0.000548581,-0.000186719,-0.000666462,0.000553998,-0.00138871,-0.000371019,0.00198805,0.000318484,0.00919312,-0.00170853,-0.000164289,0.00112991,-0.000122567,0.000604157,-0.000356,0.000843311,0.000194354,0.000924284,-0.000959466,-2.73284e-05,0.000186083,-0.002577,-0.000631151,-0.0018788,-0.000492405,8.87331e-05,-0.0038142,2.92477e-05,-0.00152563,-7.24292e-05,-0.000882867,-0.000183577,-0.000448181,0.000497347,-0.000526307,-0.000356516,-0.00104624,-0.000543424,-0.00168358,-0.00104189,-0.00191804,0.00442898,-0.000159691,-0.000644792,-0.000732795,2.80272e-05,0.000345073,-0.000319566,-0.000309513,8.08804e-05,0.000905764,-0.000343933,0.000226394,0.000108486,5.11726e-05,-4.69441e-05,-0.000880375,-0.000651247,0.000177425,0.000824281,0.000467647,2.59429e-05,-0.00368246,0.000784118,-0.00113915,0.00125747
0.324995,-0.000972841,-0.00118406,-0.000509238,-0.000172428,-0.000681926,0.000552674,-0.00151573,-0.000215888,0.00176841,0.000267464,0.00828431,-0.0016839,-0.000142253,0.0011679,-0.000107562,0.000620413,-0.000270431,0.000809076,0.000194557,0.00080849,-0.00100553,-6.98172e-05,0.000155547,-0.00258558,-0.000673151,-0.00187131,-0.000490461,-0.00011323,-0.00413156,6.34551e-05,-0.00152588,-8.97179e-05,-0.000886189,-0.000130331,-0.000464118,0.000519654,-0.000446372,-0.000388068,-0.00105184,-0.000523483,-0.0016719,-0.00103795,-0.00193385,0.00389089,-0.000163446,-0.00058282,-0.000739885,-7.11079e-05,0.000366502,-0.000367148,-0.000278771,9.69086e-05,0.000907476,-0.000339699,0.000384516,0.000138449,3.5086e-05,-6.01517e-05,-0.000847451,-0.000649277,0.000183171,0.000866304,0.00045565,2.0663e-05,-0.00344372,0.000788436,-0.00112152,0.00149255
0.325995,-0.000975957,-0.00124934,-0.000468487,-0.000157688,-0.000695244,0.000549204,-0.00163757,-6.12094e-05,0.00153948,0.000215773,0.00735325,-0.0016531,-0.000120154,0.00120061,-9.26118e-05,0.000634911,-0.000183177,0.000770982,0.000193739,0.000687726,-0.00104708,-0.000111586,0.000123557,-0.00258362,-0.000712312,-0.00185626,-0.000486465,-0.000313176,-0.0044266,9.80153e-05,-0.00152115,-0.00010616,-0.000887122,-7.67804e-05,-0.000477874,0.000539561,-0.00036473,-0.000418435,-0.00105389,-0.00050163,-0.00165393,-0.0010303,-0.00194249,0.00334363,-0.00016617,-0.0005187,-0.000744962,-0.000171766,0.000386507,-0.000412996,-0.000247466,0.000111982,0.000904968,-0.000334076,0.000539587,0.000168174,1.86757e-05,-7.30653e-05,-0.000812017,-0.000644701,0.000187816,0.000905025,0.000442114,1.53031e-05,-0.00319,0.000790539,-0.00110032,0.00172135
0.326995,-0.000976086,-0.00131003,-0.000426511,-0.000142565,-0.000706353,0.000543635,-0.00175372,9.23673e-05,0.00130224,0.000163656,0.00640441,-0.00161637,-9.80544e-05,0.0012279,-7.77818e-05,0.000647582,-9.46419e-05,0.000729255,0.000191916,0.000562511,-0.00108398,-0.000152456,9.02263e-05,-0.00257126,-0.00074854,-0.00183377,-0.000480425,-0.000510265,-0.00469837,0.000132751,-0.00151151,-0.000121666,-0.000885669,-2.31664e-05,-0.000489416,0.000556982,-0.000281738,-0.000447492,-0.0010524,-0.000477952,-0.00162978,-0.00101898,-0.00194402,0.00278967,-0.000167859,-0.000452738,-0.000747998,-0.000273519,0.000405011,-0.000456905,-0.000215738,0.000126033,0.000898274,-0.000327095,0.000691001,0.000197527,1.99035e-06,-8.56299e-05,-0.000774234,-0.000637567,0.000191323,0.000940275,0.000427115,9.88809e-06,-0.00292242,0.000790392,-0.00107568,0.00194285
0.327995,-0.000973259,-0.00136585,-0.000383494,-0.000127127,-0.000715193,0.00053602,-0.00186371,0.0002442,0.00105771,0.000111355,0.00544226,-0.001574,-7.6018e-05,0.00124968,-6.31344e-05,0.00065836,-5.23532e-06,0.000684136,0.000189104,0.000433394,-0.00111609,-0.000192252,5.5677e-05,-0.00254872,-0.000781752,-0.00180399,-0.000472363,-0.000703681,-0.00494605,0.000167483,-0.00149706,-0.000136155,-0.00088184,3.02703e-05,-0.000498722,0.000571846,-0.000197755,-0.000475118,-0.0010474,-0.000452544,-0.00159957,-0.00100405,-0.00193849,0.00223153,-0.000168515,-0.000385245,-0.000748972,-0.000375925,0.000421941,-0.000498682,-0.000183727,0.000139005,0.000887455,-0.000318796,0.000838169,0.000226371,-1.49192e-05,-9.77923e-05,-0.000734272,-0.000627931,0.000193658,0.000971899,0.000410732,4.44356e-06,-0.00264217,0.00078797,-0.00104773,0.00215602
0.328995,-0.000967519,-0.00141656,-0.000339622,-0.000111443,-0.000721716,0.000526419,-0.00196708,0.00039366,0.000806986,5.91142e-05,0.00447129,-0.00152629,-5.4106e-05,0.00126585,-4.87292e-05,0.000667186,8.46258e-05,0.000635886,0.000185328,0.000300946,-0.00114332,-0.00023081,2.00423e-05,-0.00251624,-0.000811879,-0.00176713,-0.000462309,-0.000892626,-0.00516893,0.000202028,-0.00147791,-0.000149551,-0.000875647,8.32903e-05,-0.000505777,0.000584092,-0.000113147,-0.000501198,-0.00103891,-0.00042551,-0.00156347,-0.000985587,-0.00192602,0.00167169,-0.000168147,-0.000316538,-0.000747866,-0.000478529,0.000437232,-0.000538142,-0.000151571,0.000150844,0.000872586,-0.000309224,0.000980527,0.000254572,-3.19995e-05,-0.000109501,-0.000692305,-0.000615861,0.000194798,0.00099976,0.000393051,-1.00503e-06,-0.00235048,0.000783253,-0.00101659,0.0023599
0.329995,-0.000958915,-0.00146195,-0.000295082,-9.55802e-05,-0.000725877,0.000514901,-0.0020634,0.000540132,0.000551171,7.17197e-06,0.00349595,-0.00147354,-3.23793e-05,0.00127637,-3.4623e-05,0.000674007,0.000174521,0.000584778,0.000180616,0.000165766,-0.00116558,-0.000267969,-1.65357e-05,-0.00247411,-0.000838863,-0.00172339,-0.000450303,-0.00107633,-0.00536644,0.000236204,-0.00145417,-0.000161788,-0.000867111,0.000135657,-0.000510581,0.000593675,-2.82845e-05,-0.00052562,-0.00102699,-0.000396959,-0.00152166,-0.000963676,-0.00190672,0.00111261,-0.000166769,-0.000246938,-0.00074467,-0.00058087,0.000450826,-0.000575115,-0.000119407,0.000161507,0.000853764,-0.000298427,0.00111754,0.000281996,-4.91953e-05,-0.000120707,-0.000648515,-0.000601435,0.000194726,0.00102373,0.000374161,-6.4322e-06,-0.00204867,0.000776226,-0.000982426,0.00255355
0.330995,-0.000947507,-0.00150181,-0.000250064,-7.96071e-05,-0.000727645,0.000501543,-0.00215227,0.000683019,0.000291417,-4.4235e-05,0.00252067,-0.00141609,-1.08977e-05,0.00128121,-2.08692e-05,0.000678776,0.00026403,0.000531099,0.000175001,2.84684e-05,-0.00118282,-0.000303579,-5.39065e-05,-0.00242266,-0.000862657,-0.00167303,-0.000436394,-0.00125404,-0.00553811,0.000269828,-0.00142599,-0.000172807,-0.000856257,0.000187138,-0.000513142,0.000600559,5.64649e-05,-0.000548278,-0.0010117,-0.000367007,-0.00147433,-0.000938414,-0.00188076,0.00055671,-0.0001644,-0.000176771,-0.000739378,-0.000682476,0.000462671,-0.000609439,-8.73708e-05,0.000170958,0.000831105,-0.000286463,0.00124868,0.000308512,-6.64489e-05,-0.000131364,-0.000603085,-0.000584741,0.000193432,0.00104371,0.000354154,-1.18127e-05,-0.00173809,0.000766885,-0.000945388,0.00273608
0.331995,-0.000933359,-0.00153596,-0.000204753,-6.35911e-05,-0.000726991,0.000486428,-0.0022333,0.000821746,2.88998e-05,-9.48754e-05,0.00154979,-0.00135429,1.02804e-05,0.00128036,-7.51763e-06,0.000681453,0.00035273,0.000475149,0.000168522,-0.000110313,-0.001195,-0.000337497,-9.19119e-05,-0.00236224,-0.000883226,-0.00161632,-0.000420642,-0.00142506,-0.00568361,0.000302717,-0.00139352,-0.000182558,-0.000843115,0.000237506,-0.000513479,0.000604724,0.000140732,-0.000569074,-0.000993098,-0.000335775,-0.00142173,-0.000909914,-0.0018483,6.38288e-06,-0.000161066,-0.00010636,-0.000731987,-0.000782874,0.000472722,-0.000640969,-5.55935e-05,0.000179167,0.000804741,-0.000273391,0.00137349,0.000333992,-8.37013e-05,-0.000141428,-0.000556203,-0.000565876,0.000190915,0.00105961,0.000333127,-1.71213e-05,-0.00142013,0.000755231,-0.000905644,0.00290667
0.332995,-0.000916546,-0.00156425,-0.000159338,-4.75986e-05,-0.0007239,0.000469644,-0.00230616,0.000955758,-0.000235184,-0.000144524,0.000587597,-0.00128848,3.10977e-05,0.00127387,5.38523e-06,0.000682006,0.000440203,0.000417238,0.000161222,-0.000249931,-0.00120212,-0.000369592,-0.000130387,-0.00229326,-0.000900549,-0.00155357,-0.000403114,-0.0015887,-0.00580274,0.000334692,-0.00135692,-0.000190997,-0.000827721,0.000286538,-0.000511622,0.000606163,0.000224152,-0.000587915,-0.000971273,-0.000303392,-0.00136409,-0.000878301,-0.00180955,-0.000536048,-0.000156796,-3.60287e-05,-0.000722505,-0.000881586,0.000480943,-0.000669572,-2.42041e-05,0.000186115,0.000774822,-0.000259277,0.0014915,0.00035831,-0.000100891,-0.000150857,-0.000508061,-0.000544946,0.000187181,0.00107136,0.00031118,-2.23336e-05,-0.00109623,0.000741274,-0.000863369,0.00306454
0.333995,-0.000897148,-0.00158656,-0.000114002,-3.16953e-05,-0.000718364,0.000451286,-0.00237054,0.00108453,-0.000499622,-0.000192961,-0.000361753,-0.00121904,5.14985e-05,0.00126179,1.77968e-05,0.00068041,0.000526038,0.000357681,0.000153145,-0.00038973,-0.00120417,-0.000399741,-0.00016916,-0.00221613,-0.000914613,-0.0014851,-0.000383888,-0.00174433,-0.00589543,0.000365578,-0.00131638,-0.000198093,-0.000810115,0.00033402,-0.00050761,0.000604881,0.000306361,-0.000604714,-0.000946317,-0.000269988,-0.00130169,-0.00084371,-0.00176472,-0.00106832,-0.000151628,3.39003e-05,-0.000710942,-0.000978136,0.000487304,-0.000695131,6.67244e-06,0.000191787,0.000741514,-0.000244189,0.0016023,0.000381348,-0.000117957,-0.000159613,-0.000458851,-0.000522065,0.000182243,0.00107891,0.000288413,-2.74253e-05,-0.000767854,0.000725031,-0.000818745,0.00320897
0.334994,-0.000875253,-0.00160278,-6.89272e-05,-1.59451e-05,-0.000710383,0.000431455,-0.00242615,0.00120755,-0.00076319,-0.000239978,-0.00129421,-0.00114632,7.14287e-05,0.00124419,2.96783e-05,0.00067665,0.000609828,0.000296804,0.000144344,-0.000529045,-0.0012012,-0.000427831,-0.000208054,-0.00213132,-0.00092542,-0.00141127,-0.000363049,-0.00189135,-0.00596171,0.000395201,-0.00127207,-0.000203819,-0.000790345,0.000379747,-0.000501492,0.000600896,0.000387005,-0.000619395,-0.000918335,-0.000235701,-0.0012348,-0.000806289,-0.00171406,-0.00158826,-0.0001456,0.00010311,-0.000697315,-0.00107205,0.000491784,-0.000717543,3.69154e-05,0.000196178,0.000704999,-0.000228203,0.00170551,0.000402988,-0.000134836,-0.000167663,-0.000408768,-0.000497355,0.000176124,0.00108221,0.000264931,-3.2373e-05,-0.000436497,0.000706529,-0.000771961,0.00333932
0.335994,-0.000850958,-0.00161283,-2.42914e-05,-4.105e-07,-0.000699967,0.000410256,-0.00247275,0.00132436,-0.00102466,-0.000285372,-0.00220587,-0.00107072,9.0836e-05,0.0012212,4.09951e-05,0.000670715,0.000691176,0.000234935,0.000134871,-0.00066721,-0.00119327,-0.000453762,-0.000246889,-0.00203931,-0.00093298,-0.00133245,-0.000340689,-0.0020292,-0.00600174,0.000423396,-0.0012242,-0.000208161,-0.000768463,0.000423519,-0.000493326,0.000594241,0.000465735,-0.000631887,-0.00088744,-0.00020067,-0.00116374,-0.000766196,-0.00165783,-0.00209376,-0.000138759,0.000171288,-0.000681648,-0.00116286,0.00049437,-0.000736719,6.6409e-05,0.000199291,0.000665472,-0.000211395,0.00180078,0.000423122,-0.000151462,-0.000174972,-0.000358007,-0.000470944,0.000168852,0.00108126,0.000240839,-3.71538e-05,-0.000103661,0.000685802,-0.000723212,0.003455
0.336994,-0.000824362,-0.00161666,1.97314e-05,1.48479e-05,-0.000687137,0.000387798,-0.00251014,0.00143451,-0.00128282,-0.000328951,-0.00309297,-0.000992615,0.00010967,0.00119294,5.17163e-05,0.000662608,0.000769697,0.000172405,0.000124784,-0.000803558,-0.00118045,-0.000477442,-0.000285481,-0.00194061,-0.000937317,-0.00124903,-0.00031691,-0.00215737,-0.00601581,0.000450002,-0.00117298,-0.000211111,-0.000744526,0.000465151,-0.00048318,0.000584959,0.000542213,-0.000642128,-0.000853757,-0.000165039,-0.00108881,-0.000723597,-0.0015963,-0.00258282,-0.000131153,0.00023813,-0.000663971,-0.00125011,0.000495056,-0.00075259,9.50427e-05,0.000201136,0.000623142,-0.000193845,0.00188779,0.000441643,-0.000167772,-0.000181515,-0.000306761,-0.000442966,0.000160463,0.00107605,0.000216243,-4.1746e-05,0.00022914,0.000662892,-0.000672697,0.00355549
0.337994,-0.000795574,-0.00161426,6.29722e-05,2.97717e-05,-0.000671922,0.000364194,-0.00253816,0.0015376,-0.00153645,-0.000370535,-0.00395195,-0.000912385,0.000127882,0.00115957,6.18154e-05,0.000652335,0.00084502,0.000109546,0.000114141,-0.000937427,-0.00116284,-0.000498794,-0.000323643,-0.00183575,-0.000938464,-0.00116142,-0.00029182,-0.0022754,-0.0060043,0.000474867,-0.00111862,-0.000212671,-0.000718597,0.000504465,-0.000471128,0.000573106,0.000616111,-0.000650067,-0.000817421,-0.000128954,-0.00101035,-0.000678671,-0.00152979,-0.00305354,-0.000122835,0.000303339,-0.000644321,-0.00133335,0.000493843,-0.000765099,0.000122712,0.00020173,0.000578228,-0.000175637,0.00196628,0.000458456,-0.000183701,-0.000187265,-0.000255226,-0.000413563,0.000151,0.00106662,0.00019125,-4.61286e-05,0.000560392,0.00063785,-0.00062062,0.00364034
0.338994,-0.000764707,-0.00160563,0.000105268,4.43048e-05,-0.00065436,0.000339561,-0.00255667,0.00163326,-0.00178434,-0.000409954,-0.0047794,-0.000830419,0.000145425,0.00112128,7.12698e-05,0.000639916,0.000916788,4.66912e-05,0.000103005,-0.00106816,-0.00114057,-0.00051775,-0.000361187,-0.00172526,-0.000936464,-0.00107006,-0.000265532,-0.00238288,-0.00596774,0.000497845,-0.00106136,-0.000212852,-0.000690744,0.000541296,-0.000457254,0.000558752,0.000687114,-0.000655658,-0.000778575,-9.25612e-05,-0.000928712,-0.000631602,-0.00145859,-0.00350412,-0.000113863,0.000366629,-0.000622739,-0.00141214,0.000490744,-0.000774208,0.000149317,0.000201096,0.000530963,-0.000156856,0.00203602,0.00047347,-0.000199183,-0.000192202,-0.000203592,-0.000382878,0.000140513,0.00105299,0.000165966,-5.02817e-05,0.000888586,0.000610738,-0.000567188,0.0037092
0.339994,-0.00073188,-0.0015908,0.000146461,5.83936e-05,-0.0006345,0.000314017,-0.00256558,0.00172115,-0.00202534,-0.000447051,-0.00557214,-0.000747097,0.000162257,0.00107828,8.0061e-05,0.000625375,0.000984661,-1.58319e-05,9.14392e-05,-0.00119512,-0.00111378,-0.000534255,-0.000397926,-0.00160973,-0.000931373,-0.000975362,-0.000238167,-0.00247944,-0.00590672,0.000518802,-0.00100143,-0.000211672,-0.000661042,0.000575493,-0.000441649,0.000541975,0.00075492,-0.000658868,-0.000737371,-5.60109e-05,-0.000844242,-0.000582583,-0.00138304,-0.0039329,-0.000104295,0.000427724,-0.000599277,-0.00148606,0.000485774,-0.000779895,0.000174766,0.000199267,0.000481586,-0.000137589,0.00209681,0.000486602,-0.000214153,-0.00019631,-0.000152049,-0.000351062,0.000129059,0.00103524,0.000140498,-5.41867e-05,0.00121223,0.000581623,-0.000512612,0.00376177
0.340994,-0.000697217,-0.00156983,0.000186401,7.19873e-05,-0.000612397,0.000287683,-0.00256486,0.00180097,-0.00225828,-0.000481682,-0.00632718,-0.000662802,0.000178334,0.00103079,8.81748e-05,0.00060875,0.00104832,-7.76986e-05,7.95095e-05,-0.00131767,-0.00108261,-0.000548266,-0.000433672,-0.00148972,-0.000923254,-0.000877792,-0.00020985,-0.00256478,-0.00582196,0.000537611,-0.000939068,-0.000209158,-0.00062957,0.000606916,-0.000424411,0.000522869,0.000819244,-0.000659672,-0.000693968,-1.94523e-05,-0.000757307,-0.000531815,-0.00130348,-0.00433833,-9.41955e-05,0.000486363,-0.00057399,-0.00155471,0.000478962,-0.000782154,0.000198974,0.00019628,0.000430348,-0.000117927,0.00214849,0.000497776,-0.000228549,-0.000199573,-0.000100783,-0.000318265,0.0001167,0.00101343,0.00011495,-5.78261e-05,0.00152985,0.000550582,-0.000457101,0.00379783
0.341994,-0.000660846,-0.00154281,0.000224945,8.50382e-05,-0.00058812,0.000260682,-0.00255448,0.00187246,-0.00248205,-0.000513716,-0.00704178,-0.000577909,0.000193618,0.000979066,9.56006e-05,0.000590083,0.00110746,-0.000138591,6.72825e-05,-0.0014352,-0.00104727,-0.000559753,-0.000468241,-0.00136582,-0.00091218,-0.000777805,-0.000180712,-0.00263864,-0.00571427,0.000554159,-0.000874522,-0.000205345,-0.00059641,0.000635439,-0.000405643,0.000501533,0.000879816,-0.000658056,-0.000648533,1.69653e-05,-0.000668281,-0.000479502,-0.00122026,-0.00471898,-8.36288e-05,0.000542297,-0.00054694,-0.00161771,0.00047034,-0.000780996,0.000221861,0.000192177,0.000377504,-9.79594e-05,0.00219097,0.000506929,-0.000242306,-0.000201983,-4.99782e-05,-0.000284643,0.000103503,0.000987658,8.94262e-05,-6.11839e-05,0.00184,0.000517701,-0.00040087,0.00381725
0.342994,-0.0006229,-0.00150986,0.000261959,9.75014e-05,-0.000561744,0.000233136,-0.0025345,0.00193541,-0.00269558,-0.000543036,-0.00771341,-0.000492786,0.000208071,0.000923373,0.000102332,0.000569427,0.00116181,-0.000198198,5.48257e-05,-0.00154712,-0.00100793,-0.000568695,-0.00050145,-0.00123862,-0.000898235,-0.000675863,-0.000150887,-0.0027008,-0.00558455,0.00056834,-0.000808043,-0.000200276,-0.000561654,0.000660951,-0.000385455,0.000478081,0.000936386,-0.000654014,-0.000601242,5.3093e-05,-0.000577543,-0.000425855,-0.00113373,-0.00507357,-7.26623e-05,0.000595292,-0.000518197,-0.0016747,0.00045995,-0.000776447,0.000243356,0.00018701,0.000323314,-7.77765e-05,0.00222416,0.000514001,-0.000255363,-0.000203535,1.8848e-07,-0.000250351,8.95432e-05,0.00095804,6.40292e-05,-6.42453e-05,0.00214128,0.000483074,-0.000344129,0.00381998
0.343994,-0.000583516,-0.0014711,0.000297316,0.000109335,-0.000533354,0.000205169,-0.00250497,0.00198964,-0.00289785,-0.00056954,-0.0083398,-0.000407794,0.000221661,0.000863997,0.000108367,0.000546846,0.00121112,-0.000256219,4.22071e-05,-0.00165287,-0.000964812,-0.000575087,-0.000533121,-0.00110873,-0.000881509,-0.000572435,-0.000120511,-0.00275113,-0.00543379,0.000580065,-0.000739889,-0.000194,-0.000525394,0.000683355,-0.000363962,0.000452633,0.000988722,-0.000647551,-0.000552272,8.87833e-05,-0.000485476,-0.00037109,-0.00104428,-0.00540094,-6.1365e-05,0.000645132,-0.000487838,-0.00172535,0.00044784,-0.000768552,0.000263396,0.000180833,0.000268046,-5.74697e-05,0.00224804,0.000518945,-0.000267659,-0.000204226,4.95436e-05,-0.000215549,7.48976e-05,0.000924705,3.88583e-05,-6.69972e-05,0.00243233,0.000446802,-0.00028709,0.00380604
0.344994,-0.000542834,-0.00142672,0.000330898,0.000120502,-0.000503042,0.000176905,-0.00246603,0.00203501,-0.00308787,-0.000593141,-0.0089189,-0.000323285,0.000234355,0.000801242,0.000113706,0.000522409,0.00125514,-0.000312364,2.94948e-05,-0.00175191,-0.000918145,-0.000578933,-0.000563081,-0.000976732,-0.000862102,-0.000467992,-8.97251e-05,-0.00278953,-0.00526306,0.000589254,-0.000670317,-0.000186575,-0.00048773,0.000702571,-0.000341283,0.00042532,0.00103661,-0.000638683,-0.00050181,0.000123891,-0.000392465,-0.000315426,-0.000952279,-0.00570011,-4.98069e-05,0.000691614,-0.000455944,-0.00176934,0.000434067,-0.000757369,0.000281923,0.000173706,0.000211968,-3.71298e-05,0.00226262,0.000521724,-0.000279136,-0.000204058,9.79195e-05,-0.000180393,5.96488e-05,0.000887798,1.40107e-05,-6.9428e-05,0.00271183,0.000408995,-0.000229963,0.00377554
0.345994,-0.000500997,-0.0013769,0.000362596,0.000130967,-0.00047091,0.000148465,-0.00241782,0.00207141,-0.00326473,-0.000613767,-0.00944896,-0.000239601,0.000246126,0.000735424,0.000118354,0.000496195,0.00129369,-0.000366357,1.67565e-05,-0.00184373,-0.000868168,-0.000580249,-0.000591165,-0.000843238,-0.00084012,-0.000363001,-5.86706e-05,-0.00281595,-0.00507348,0.000595842,-0.000599588,-0.000178064,-0.000448765,0.000718533,-0.000317541,0.00039628,0.00107987,-0.000627435,-0.000450046,0.000158273,-0.000298896,-0.000259082,-0.000858106,-0.00597019,-3.80588e-05,0.000734558,-0.000422604,-0.00180641,0.000418694,-0.000742974,0.000298889,0.000165693,0.00015535,-1.6847e-05,0.00226794,0.000522308,-0.000289738,-0.000203037,0.000145155,-0.00014504,4.38831e-05,0.000847481,-1.04197e-05,-7.15276e-05,0.00297852,0.000369771,-0.000172955,0.00372865
0.346994,-0.00045815,-0.00132185,0.000392312,0.000140698,-0.000437069,0.00011997,-0.00236054,0.00209881,-0.00342756,-0.000631359,-0.00992846,-0.00015707,0.000256948,0.000666873,0.00012232,0.000468292,0.00132658,-0.000417935,4.05943e-06,-0.00192787,-0.000815134,-0.000579065,-0.000617212,-0.000708837,-0.000815678,-0.000257931,-2.74906e-05,-0.00283042,-0.00486626,0.000599776,-0.000527963,-0.000168535,-0.000408608,0.00073119,-0.000292861,0.000365659,0.00111831,-0.000613843,-0.000397173,0.000191791,-0.000205156,-0.00020228,-0.000762147,-0.00621048,-2.61922e-05,0.000773799,-0.000387912,-0.0018363,0.000401789,-0.000725454,0.000314253,0.000156863,9.84623e-05,3.28952e-06,0.0022641,0.00052068,-0.000299412,-0.000201174,0.000191095,-0.000109646,2.76897e-05,0.00080393,-3.43423e-05,-7.32877e-05,0.00323122,0.000329252,-0.00011627,0.00366564
0.347994,-0.000414441,-0.00126181,0.000419957,0.000149669,-0.000401635,9.15409e-05,-0.00229443,0.00211718,-0.00357557,-0.000645878,-0.0103562,-7.60084e-05,0.000266799,0.00059593,0.000125615,0.000438793,0.00135367,-0.00046685,-8.53049e-06,-0.00200388,-0.00075931,-0.000575419,-0.000641071,-0.000574117,-0.000788898,-0.000153243,3.6718e-06,-0.00283299,-0.00464267,0.000601019,-0.000455705,-0.000158063,-0.000367371,0.000740509,-0.000267373,0.000333608,0.00115181,-0.000597953,-0.000343388,0.000224309,-0.000111627,-0.000145245,-0.00066479,-0.00642041,-1.42782e-05,0.000809193,-0.00035197,-0.0018588,0.000383429,-0.000704916,0.000327983,0.000147287,4.1574e-05,2.31923e-05,0.00225123,0.000516832,-0.000308106,-0.00019848,0.000235593,-7.43651e-05,1.1161e-05,0.000757336,-5.76702e-05,-7.47017e-05,0.00346881,0.000287571,-6.01094e-05,0.00358685
0.348994,-0.000370018,-0.00119705,0.000445451,0.000157856,-0.000364733,6.32933e-05,-0.00221976,0.00212654,-0.00370805,-0.000657296,-0.010731,3.28345e-06,0.000275659,0.000522944,0.000128253,0.000407802,0.00137483,-0.00051287,-2.09486e-05,-0.00207138,-0.000700969,-0.000569361,-0.0006626,-0.000439658,-0.000759906,-4.93916e-05,3.46736e-05,-0.0028238,-0.00440401,0.000599545,-0.000383074,-0.000146728,-0.000325171,0.000746471,-0.000241206,0.000300285,0.00118024,-0.000579821,-0.000288891,0.000255695,-1.86882e-05,-8.81981e-05,-0.000566424,-0.00659957,-2.38754e-06,0.000840615,-0.000314883,-0.00187374,0.000363695,-0.000681476,0.000340053,0.000137042,-1.5048e-05,4.27757e-05,0.00222948,0.000510766,-0.000315773,-0.000194975,0.000278508,-3.93484e-05,-5.60896e-06,0.000707902,-8.03207e-05,-7.57645e-05,0.00369022,0.000244865,-4.6674e-06,0.00349269
0.349994,-0.000325031,-0.00112784,0.000468726,0.000165239,-0.000326495,3.53414e-05,-0.00213685,0.00212697,-0.00382434,-0.000665602,-0.0110524,8.05193e-05,0.000283513,0.000448275,0.000130252,0.000375428,0.00138998,-0.000555784,-3.31319e-05,-0.00213,-0.000640395,-0.000560952,-0.000681669,-0.000306025,-0.000728835,5.31775e-05,6.53732e-05,-0.00280301,-0.00415165,0.000595347,-0.000310329,-0.000134613,-0.000282128,0.000749074,-0.000214491,0.000265854,0.0012035,-0.000559511,-0.000233883,0.000285824,7.32874e-05,-3.13601e-05,-0.000467435,-0.00674768,9.40974e-06,0.000867962,-0.000276764,-0.00188096,0.000342676,-0.000655266,0.000350445,0.000126205,-7.11408e-05,6.19563e-05,0.00219907,0.000502495,-0.00032237,-0.000190677,0.000319709,-4.74363e-06,-2.25243e-05,0.000655845,-0.000102216,-7.64729e-05,0.0038945,0.000201276,4.98655e-05,0.00338365
0.350994,-0.000279632,-0.00105448,0.000489724,0.000171801,-0.000287059,7.796e-06,-0.00204603,0.00211858,-0.00392387,-0.000670802,-0.0113198,0.00015543,0.000290347,0.000372284,0.000131633,0.000341786,0.00139905,-0.000595395,-4.50197e-05,-0.00217944,-0.000577879,-0.000550264,-0.000698155,-0.00017377,-0.000695825,0.00015403,9.56305e-05,-0.00277084,-0.00388697,0.000588427,-0.000237726,-0.000121806,-0.000238366,0.000748333,-0.00018736,0.000230481,0.00122151,-0.000537099,-0.000178565,0.000314577,0.000163935,2.50498e-05,-0.000368206,-0.00686461,2.1045e-05,0.00089115,-0.00023773,-0.00188036,0.000320462,-0.000626428,0.000359151,0.000114854,-0.000126447,8.06534e-05,0.00216022,0.000492043,-0.000327855,-0.000185612,0.000359072,2.93055e-05,-3.94884e-05,0.000601392,-0.000123281,-7.68256e-05,0.00408076,0.000156954,0.000103305,0.00326029
0.351994,-0.000233971,-0.000977296,0.000508397,0.00017753,-0.000246567,-1.9236e-05,-0.0019477,0.0021015,-0.00400616,-0.000672914,-0.0115331,0.000227762,0.000296153,0.000295339,0.000132419,0.000307001,0.00140201,-0.000631531,-5.65534e-05,-0.00221942,-0.000513717,-0.000537375,-0.00071195,-4.34315e-05,-0.000661016,0.000252745,0.000125308,-0.00272758,-0.0036114,0.000578807,-0.000165518,-0.000108397,-0.000194013,0.000744277,-0.000159945,0.000194337,0.00123423,-0.000512669,-0.00012314,0.00034184,0.000252897,8.08161e-05,-0.000269118,-0.0069504,3.24512e-05,0.000910117,-0.000197902,-0.00187186,0.000297153,-0.000595118,0.000366168,0.000103073,-0.000180714,9.87894e-05,0.00211321,0.000479443,-0.000332194,-0.000179806,0.000396484,6.26601e-05,-5.6404e-05,0.000544781,-0.000143448,-7.68228e-05,0.00424822,0.000112052,0.000155475,0.00312322
0.352994,-0.000188198,-0.00089662,0.000524709,0.000182419,-0.00020517,-4.56519e-05,-0.00184227,0.00207592,-0.0040708,-0.000671973,-0.0116923,0.000297282,0.000300924,0.00021781,0.000132633,0.000271199,0.00139886,-0.000664036,-6.76773e-05,-0.00224973,-0.000448211,-0.000522377,-0.000722956,8.44749e-05,-0.000624558,0.000348918,0.000154272,-0.00267353,-0.00332639,0.000566518,-9.39533e-05,-9.4479e-05,-0.000149198,0.00073695,-0.000132375,0.000157594,0.00124163,-0.000486314,-6.78099e-05,0.000367504,0.000339829,0.000135727,-0.000170545,-0.00700521,4.35635e-05,0.000924822,-0.000157407,-0.00185544,0.000272849,-0.000561501,0.000371502,9.09422e-05,-0.000233699,0.00011629,0.00205835,0.00046474,-0.000335353,-0.00017329,0.000431838,9.51862e-05,-7.31745e-05,0.000486257,-0.000162653,-7.64666e-05,0.00439616,6.67266e-05,0.000206204,0.00297313
0.353994,-0.000142463,-0.000812801,0.000538632,0.000186461,-0.00016302,-7.13533e-05,-0.00173017,0.00204206,-0.00411748,-0.000668027,-0.0117977,0.000363773,0.000304657,0.000140065,0.000132304,0.000234515,0.00138964,-0.000692778,-7.83386e-05,-0.0022702,-0.000381662,-0.000505365,-0.000731092,0.000209452,-0.000586599,0.000442158,0.000182392,-0.00260906,-0.00303339,0.000551609,-2.32745e-05,-8.01474e-05,-0.000104054,0.000726415,-0.000104781,0.000120426,0.00124371,-0.000458137,-1.27736e-05,0.000391472,0.000424397,0.000189576,-7.28531e-05,-0.00702933,5.4319e-05,0.000935243,-0.000116374,-0.0018311,0.000247656,-0.000525753,0.000375167,7.85449e-05,-0.000285167,0.000133085,0.00199597,0.000447988,-0.000337307,-0.000166097,0.000465039,0.000126756,-8.97038e-05,0.000426076,-0.000180838,-7.57609e-05,0.00452398,2.11396e-05,0.00025533,0.00281078
0.354994,-9.69138e-05,-0.000726203,0.000550151,0.000189657,-0.000120275,-9.62471e-05,-0.00161189,0.00200017,-0.00414595,-0.00066114,-0.0118498,0.000427039,0.000307352,6.24709e-05,0.000131461,0.000197085,0.0013744,-0.000717646,-8.84874e-05,-0.00228071,-0.000314377,-0.000486447,-0.000736286,0.000331026,-0.000547293,0.000532095,0.000209543,-0.00253459,-0.00273388,0.000534142,4.62819e-05,-6.5498e-05,-5.87173e-05,0.000712745,-7.72879e-05,8.30073e-05,0.00124051,-0.000428246,4.17709e-05,0.000413651,0.000506281,0.000242163,2.35978e-05,-0.00702323,6.4658e-05,0.000941384,-7.49387e-05,-0.00179889,0.000221683,-0.000488059,0.000377183,6.59636e-05,-0.000334891,0.000149108,0.00192642,0.000429252,-0.000338032,-0.000158264,0.000496001,0.000157248,-0.000105897,0.000364498,-0.00019795,-7.4711e-05,0.00463119,-2.45453e-05,0.0003027,0.00263696
0.355994,-5.16969e-05,-0.0006372,0.000559261,0.000192008,-7.70965e-05,-0.000120245,-0.00148792,0.00195055,-0.00415609,-0.000651387,-0.0118496,0.000486901,0.000309014,-1.46088e-05,0.000130133,0.000159053,0.00135322,-0.000738549,-9.80778e-05,-0.00228118,-0.000246659,-0.000465736,-0.000738484,0.000448746,-0.000506797,0.000618381,0.000235604,-0.00245056,-0.00242931,0.000514192,0.000114486,-5.06277e-05,-1.33238e-05,0.000696031,-5.00206e-05,4.55131e-05,0.00123206,-0.000396761,9.56286e-05,0.000433957,0.000585175,0.000293292,0.000118459,-0.00698746,7.45237e-05,0.000943264,-3.32373e-05,-0.00175889,0.000195041,-0.000448609,0.000377577,5.32802e-05,-0.000382656,0.000164295,0.0018501,0.000408605,-0.000337511,-0.000149829,0.000524647,0.000186547,-0.000121663,0.00030179,-0.000213942,-7.33243e-05,0.00471737,-7.01622e-05,0.00034817,0.00245254
0.356994,-6.95644e-06,-0.000546178,0.000565967,0.000193521,-3.36474e-05,-0.000143265,-0.00135879,0.0018935,-0.00414785,-0.000638857,-0.0117981,0.000543201,0.000309649,-9.08166e-05,0.000128352,0.000120562,0.00132624,-0.000755422,-0.000107067,-0.0022716,-0.000178812,-0.00044335,-0.000737645,0.00056219,-0.000465267,0.000700685,0.000260461,-0.00235747,-0.00212116,0.000491848,0.000181117,-3.56334e-05,3.19878e-05,0.000676376,-2.30995e-05,8.11635e-06,0.00121845,-0.000363806,0.000148609,0.000452315,0.000660789,0.000342777,0.000211393,-0.00692273,8.38624e-05,0.000940927,8.59007e-06,-0.00171122,0.000167846,-0.000407604,0.000376384,4.05757e-05,-0.000428261,0.000178591,0.00176743,0.00038613,-0.000335732,-0.000140835,0.000550911,0.000214547,-0.00013691,0.000238223,-0.000228772,-7.16095e-05,0.00478224,-0.000115543,0.000391603,0.00225841
0.357994,3.71664e-05,-0.000453528,0.000570284,0.000194206,9.90622e-06,-0.00016523,-0.00122505,0.00182939,-0.00412126,-0.000623652,-0.0116964,0.000595802,0.000309268,-0.000165802,0.000126152,8.1762e-05,0.00129358,-0.000768221,-0.000115416,-0.00225199,-0.000111135,-0.000419417,-0.000733744,0.00067096,-0.000422864,0.000778704,0.000284006,-0.00225582,-0.00181087,0.000467212,0.000245962,-2.06111e-05,7.70779e-05,0.000653896,3.3584e-06,-2.90115e-05,0.00119976,-0.000329512,0.000200524,0.000468658,0.000732851,0.000390439,0.000302075,-0.00682987,9.26244e-05,0.000934434,5.04015e-05,-0.00165604,0.000140212,-0.000365247,0.000373643,2.79294e-05,-0.000471513,0.000191942,0.00167883,0.000361921,-0.000332688,-0.000131324,0.000574736,0.000241146,-0.000151552,0.000174071,-0.000242404,-6.95771e-05,0.00482559,-0.000160521,0.000432874,0.00205552
0.358994,8.05335e-05,-0.00035965,0.000572238,0.000194075,5.33974e-05,-0.00018607,-0.00108725,0.00175858,-0.00407646,-0.000605885,-0.0115461,0.000644585,0.000307884,-0.000239225,0.000123566,4.28016e-05,0.00125543,-0.000776923,-0.000123091,-0.00222243,-4.3925e-05,-0.000394066,-0.000726769,0.00077469,-0.000379746,0.000852155,0.000306138,-0.00214618,-0.00149986,0.000440397,0.000308815,-5.65583e-06,0.000121807,0.000628723,2.92408e-05,-6.57019e-05,0.00117613,-0.000294018,0.000251194,0.00048293,0.000801107,0.000436108,0.000390191,-0.00670981,0.000100764,0.000923868,9.20532e-05,-0.00159357,0.000112258,-0.000321748,0.000369401,1.54188e-05,-0.000512236,0.0002043,0.00158477,0.000336079,-0.000328377,-0.000121341,0.000596076,0.000266255,-0.000165505,0.000109608,-0.000254808,-6.72389e-05,0.00484734,-0.000204927,0.000471867,0.00184486
0.359994,0.00012301,-0.000264946,0.000571864,0.000193146,9.66586e-05,-0.00020572,-0.000945987,0.00168149,-0.00401367,-0.00058568,-0.0113489,0.000689452,0.000305514,-0.000310754,0.000120628,3.83259e-06,0.00121198,-0.00078153,-0.00013006,-0.00218305,2.25294e-05,-0.000367435,-0.000716727,0.00087304,-0.000336073,0.000920783,0.000326763,-0.00202914,-0.00118954,0.000411529,0.000369485,9.13928e-06,0.000166033,0.000600996,5.44401e-05,-0.00010179,0.00114768,-0.000257467,0.000300443,0.000495083,0.000865322,0.000479624,0.000475444,-0.0065636,0.000108238,0.000909329,0.0001334,-0.00152402,8.41019e-05,-0.00027732,0.000363711,3.11876e-06,-0.000550267,0.000215621,0.00148572,0.000308713,-0.000322804,-0.000110935,0.000614894,0.000289788,-0.000178691,4.51093e-05,-0.00026596,-6.46084e-05,0.00484751,-0.000248593,0.000508478,0.00162745
0.360994,0.000164467,-0.000169823,0.000569206,0.000191438,0.000139522,-0.000224123,-0.000801852,0.00159853,-0.0039332,-0.00056317,-0.0111066,0.000730325,0.000302179,-0.000380072,0.000117372,-3.49933e-05,0.00116347,-0.000782065,-0.000136298,-0.00213405,8.7945e-05,-0.000339661,-0.000703639,0.000965705,-0.000292006,0.000984358,0.000345796,-0.0019053,-0.000881265,0.000380744,0.000427787,2.36835e-05,0.000209618,0.000570868,7.88541e-05,-0.000137115,0.0011146,-0.000220007,0.000348101,0.000505079,0.000925281,0.000520837,0.000557553,-0.0063924,0.000115011,0.000890937,0.000174298,-0.00144769,5.58613e-05,-0.000232178,0.000356631,-8.89867e-06,-0.000585457,0.00022587,0.00138216,0.00027994,-0.000315978,-0.000100154,0.000631165,0.000311672,-0.000191034,-1.91497e-05,-0.000275843,-6.17004e-05,0.00482622,-0.000291354,0.000542612,0.00140432
0.361994,0.000204777,-7.46847e-05,0.000564317,0.000188973,0.000181822,-0.000241227,-0.000655453,0.00151016,-0.00383545,-0.0005385,-0.0108213,0.000767145,0.000297901,-0.000446875,0.000113834,-7.35244e-05,0.00111012,-0.000778573,-0.000141782,-0.00207564,0.000152047,-0.000310889,-0.000687542,0.00105241,-0.000247701,0.00104268,0.00036316,-0.00177531,-0.00057637,0.000348189,0.000483549,3.78889e-05,0.000252422,0.000538502,0.000102386,-0.000171521,0.00107706,-0.000181792,0.000394008,0.000512889,0.000980789,0.000559606,0.00063625,-0.00619744,0.000121048,0.000868828,0.0002146,-0.00136487,2.76547e-05,-0.000186538,0.000348223,-2.05647e-05,-0.000617675,0.000235014,0.00127461,0.000249884,-0.000307916,-8.90487e-05,0.000644872,0.000331842,-0.000202466,-8.28971e-05,-0.000284443,-5.85309e-05,0.0047837,-0.000333046,0.000574186,0.00117656
0.362994,0.00024382,2.00638e-05,0.00055726,0.000185778,0.000223392,-0.000256987,-0.000507408,0.00141685,-0.00372091,-0.000511821,-0.0104952,0.000799872,0.000292707,-0.000510875,0.000110048,-0.00011161,0.00105223,-0.000771121,-0.000146494,-0.0020081,0.000214572,-0.000281262,-0.000668487,0.00113291,-0.000203318,0.00109557,0.000378785,-0.00163982,-0.000276136,0.00031402,0.000536611,5.16711e-05,0.000294308,0.00050407,0.000124946,-0.00020486,0.00103527,-0.000142976,0.000438008,0.000518495,0.00103167,0.000595804,0.000711288,-0.00598007,0.000126322,0.000843154,0.000254163,-0.00127592,-4.00662e-07,-0.000140619,0.000338555,-3.18141e-05,-0.000646803,0.000243026,0.00116358,0.000218677,-0.000298638,-7.76697e-05,0.00065601,0.000350239,-0.000212922,-0.000145865,-0.000291754,-5.51172e-05,0.00472028,-0.00037351,0.000603127,0.000945243
0.363994,0.000281479,0.000114022,0.000548105,0.00018188,0.000264071,-0.000271367,-0.000358338,0.00131907,-0.00359015,-0.000483293,-0.0101306,0.000828487,0.000286626,-0.000571799,0.000106049,-0.0001491,0.000990082,-0.000759795,-0.000150421,-0.00193176,0.000275264,-0.000250929,-0.000646543,0.001207,-0.000159011,0.00114288,0.000392613,-0.0014995,1.82031e-05,0.000278402,0.000586824,6.49497e-05,0.000335138,0.000467752,0.00014645,-0.000236988,0.000989452,-0.00010372,0.000479956,0.00052189,0.00107778,0.000629313,0.000782436,-0.00574169,0.000130809,0.000814085,0.000292843,-0.0011812,-2.81889e-05,-9.46344e-05,0.000327698,-4.25858e-05,-0.000672741,0.000249886,0.00104959,0.000186455,-0.000288171,-6.60692e-05,0.000664583,0.000366816,-0.000222343,-0.000207788,-0.000297775,-5.14776e-05,0.00463639,-0.000412588,0.000629374,0.000711464
0.364994,0.000317647,0.000206795,0.000536931,0.00017731,0.000303699,-0.000284335,-0.000208868,0.00121732,-0.00344381,-0.000453081,-0.00973001,0.000852988,0.00027969,-0.000629396,0.000101869,-0.000185848,0.000923984,-0.000744704,-0.000153555,-0.00184698,0.000333881,-0.000220037,-0.000621793,0.00127449,-0.000114932,0.00118449,0.000404593,-0.00135503,0.000305471,0.000241507,0.000634054,7.76485e-05,0.000374781,0.000429737,0.000166821,-0.000267768,0.000939845,-6.41853e-05,0.000519715,0.000523074,0.00111899,0.00066003,0.000849482,-0.00548379,0.00013449,0.000781804,0.0003305,-0.00108113,-5.5596e-05,-4.87996e-05,0.000315729,-5.28227e-05,-0.000695404,0.000255578,0.000933172,0.00015336,-0.000276549,-5.43e-05,0.000670604,0.000381536,-0.000230678,-0.00026841,-0.000302511,-4.76318e-05,0.00453257,-0.00045013,0.000652878,0.000476328
0.365994,0.000352217,0.000297994,0.000523822,0.000172102,0.00034212,-0.000295867,-5.96223e-05,0.00111212,-0.00328262,-0.000421358,-0.0092961,0.000873391,0.000271933,-0.000683429,9.75423e-05,-0.000221709,0.00085427,-0.000725975,-0.00015589,-0.00175418,0.000390195,-0.000188733,-0.000594333,0.00133525,-7.12317e-05,0.00122031,0.000414684,-0.00120713,0.000584548,0.000203513,0.000678176,8.96964e-05,0.000413104,0.000390219,0.000185989,-0.000297074,0.000886708,-2.45336e-05,0.000557158,0.00052206,0.00115519,0.000687862,0.000912234,-0.00520791,0.000137351,0.000746507,0.000366993,-0.000976145,-8.25105e-05,-3.32511e-06,0.000302727,-6.24726e-05,-0.000714726,0.000260093,0.000814853,0.000119539,-0.000263808,-4.24149e-05,0.000674095,0.000394369,-0.00023788,-0.00032748,-0.00030597,-4.35998e-05,0.00440944,-0.000485988,0.000673599,0.000240936
0.366994,0.000385094,0.000387241,0.000508872,0.000166291,0.000379183,-0.000305946,8.87771e-05,0.00100398,-0.00310738,-0.000388299,-0.00883154,0.00088973,0.000263393,-0.000733685,9.31005e-05,-0.000256544,0.000781285,-0.000703751,-0.000157428,-0.00165381,0.000443988,-0.000157167,-0.000564278,0.00138917,-2.80563e-05,0.00125029,0.000422855,-0.00105649,0.000854378,0.000164606,0.000719083,0.000101027,0.00044998,0.000349398,0.00020389,-0.000324786,0.000830311,1.50714e-05,0.000592168,0.000518869,0.0011863,0.000712731,0.00097052,-0.00491567,0.000139384,0.000708403,0.000402188,-0.0008667,-0.000108823,4.15821e-05,0.000288773,-7.14877e-05,-0.000730657,0.000263427,0.000695169,8.51432e-05,-0.000249994,-3.04671e-05,0.000675091,0.000405294,-0.00024391,-0.000384756,-0.000308169,-3.94029e-05,0.00426772,-0.000520023,0.000691512,6.38328e-06
0.367994,0.000416186,0.000474167,0.00049218,0.000159913,0.000414742,-0.000314561,0.000235715,0.000893424,-0.00291895,-0.000354085,-0.00833915,0.000902057,0.000254109,-0.00077997,8.85748e-05,-0.000290215,0.00070539,-0.000678197,-0.000158171,-0.00154636,0.00049506,-0.000125482,-0.000531751,0.00143616,1.4452e-05,0.00127439,0.000429084,-0.000903808,0.00111398,0.000124974,0.000756677,0.00011158,0.000485287,0.000307478,0.00022047,-0.000350793,0.00077094,5.44664e-05,0.000624638,0.000513532,0.00121225,0.00073457,0.00102419,-0.0046087,0.000140584,0.000667713,0.000435954,-0.000753286,-0.00013443,8.57203e-05,0.000273952,-7.98255e-05,-0.000743164,0.000265581,0.000574651,5.03261e-05,-0.000235155,-1.85092e-05,0.000673632,0.000414302,-0.000248737,-0.000440005,-0.000309128,-3.50629e-05,0.00410821,-0.000552101,0.0007066,-0.000226244
0.368994,0.000445409,0.000558418,0.000473849,0.000153009,0.000448658,-0.000321708,0.000380584,0.000780983,-0.00271828,-0.0003189,-0.00782181,0.000910438,0.000244124,-0.000822114,8.39948e-05,-0.000322592,0.000626957,-0.000649491,-0.000158128,-0.00143235,0.000543225,-9.38256e-05,-0.000496893,0.00147619,5.61549e-05,0.0012926,0.000433361,-0.000749802,0.00136242,8.48112e-05,0.000790878,0.000121301,0.000518905,0.000264668,0.00023568,-0.000374993,0.000708891,9.34889e-05,0.00065447,0.000506092,0.00123302,0.000753327,0.0010731,-0.0042887,0.000140953,0.000624665,0.000468162,-0.000636411,-0.000159228,0.000128894,0.00025835,-8.74484e-05,-0.00075223,0.000266563,0.000453828,1.5244e-05,-0.000219346,-6.59393e-06,0.000669767,0.000421391,-0.000252334,-0.000493006,-0.000308872,-3.06021e-05,0.00393181,-0.000582097,0.000718859,-0.000455877
0.369994,0.000472687,0.000639651,0.00045399,0.000145619,0.000480797,-0.00032739,0.00052279,0.000667187,-0.00250634,-0.000282927,-0.00728245,0.000914956,0.000233481,-0.000859967,7.93889e-05,-0.00035355,0.00054637,-0.000617826,-0.000157312,-0.00131234,0.000588312,-6.23381e-05,-0.000459855,0.00150923,9.69193e-05,0.00130494,0.000435682,-0.000595171,0.00159887,4.43122e-05,0.000821617,0.000130141,0.000550721,0.000221177,0.000249481,-0.000397295,0.00064447,0.000131978,0.000681579,0.000496598,0.0012486,0.000768962,0.00111716,-0.00395736,0.000140497,0.000579498,0.000498691,-0.000516602,-0.000183121,0.000170914,0.000242057,-9.43244e-05,-0.000757857,0.000266386,0.000333221,-1.99448e-05,-0.000202625,5.22713e-06,0.000663556,0.000426567,-0.000254684,-0.000543548,-0.000307429,-2.60433e-05,0.00373947,-0.000609893,0.000728295,-0.00068147
0.370994,0.000497951,0.000717541,0.000432717,0.000137784,0.000511033,-0.000331617,0.000661752,0.00055256,-0.00228419,-0.000246353,-0.00672406,0.000915706,0.000222227,-0.000893405,7.47839e-05,-0.000382969,0.000464018,-0.000583411,-0.00015574,-0.00118692,0.00063017,-3.11589e-05,-0.000420801,0.00153531,0.000136617,0.00131147,0.000436056,-0.00044061,0.00182255,3.6741e-06,0.00084884,0.000138058,0.000580624,0.000177217,0.000261839,-0.000417617,0.000577994,0.000169776,0.000705893,0.000485111,0.00125898,0.00078145,0.00115626,-0.00361643,0.000139225,0.000532457,0.000527424,-0.000394405,-0.000206016,0.0002116,0.00022516,-0.000100427,-0.000760063,0.000265066,0.000213342,-5.50815e-05,-0.000185058,1.69031e-05,0.000655065,0.000429848,-0.000255775,-0.000591433,-0.000304836,-2.14098e-05,0.00353224,-0.000635381,0.000734925,-0.000902003
0.371994,0.000521139,0.00079178,0.000410149,0.000129549,0.000539247,-0.000334402,0.000796906,0.000437629,-0.00205292,-0.000209363,-0.00614963,0.0009128,0.000210409,-0.000922324,7.0205e-05,-0.000410737,0.000380301,-0.000546466,-0.00015343,-0.00105671,0.000668662,-4.22758e-07,-0.000379905,0.00155449,0.000175126,0.00131227,0.0004345,-0.000286806,0.00203278,-3.69057e-05,0.000872508,0.000145016,0.000608514,0.000133,0.00027273,-0.000435889,0.000509783,0.000206726,0.000727347,0.000471699,0.0012642,0.000790777,0.00119034,-0.00326765,0.000137155,0.000483795,0.000554252,-0.000270377,-0.000227826,0.000250779,0.000207752,-0.000105734,-0.000758881,0.000262627,9.46951e-05,-9.0007e-05,-0.000166712,2.83841e-05,0.000644369,0.000431257,-0.000255605,-0.000636476,-0.000301129,-1.67247e-05,0.00331122,-0.000658462,0.000738776,-0.00111649
0.372994,0.000542199,0.000862078,0.000386407,0.000120957,0.000565331,-0.000335769,0.000927708,0.00032291,-0.00181366,-0.000172142,-0.00556218,0.00090636,0.000198078,-0.000946647,6.56756e-05,-0.000436748,0.000295619,-0.000507221,-0.000150408,-0.000922336,0.00070367,2.97395e-05,-0.000337351,0.00156683,0.000212328,0.00130744,0.000431042,-0.000134429,0.00222895,-7.72305e-05,0.000892595,0.000150986,0.000634295,8.87366e-05,0.000282137,-0.00045205,0.000440167,0.000242678,0.000745891,0.000456438,0.00126432,0.000796946,0.00121936,-0.00291275,0.000134304,0.000433765,0.00057907,-0.000145088,-0.000248469,0.00028829,0.000189921,-0.00011023,-0.000754361,0.000259097,-2.22313e-05,-0.000124563,-0.000147661,3.96219e-05,0.000631547,0.000430826,-0.000254176,-0.000678508,-0.000296351,-1.20116e-05,0.00307757,-0.000679045,0.000739888,-0.00132398
0.373994,0.000561084,0.000928165,0.000361617,0.000112053,0.000589184,-0.000335743,0.00105364,0.000208911,-0.00156759,-0.000134871,-0.00496473,0.000896522,0.000185283,-0.00096632,6.12174e-05,-0.000460906,0.000210376,-0.000465918,-0.000146701,-0.000784458,0.000735094,5.92024e-05,-0.000293334,0.00157244,0.000248115,0.0012971,0.000425716,1.58632e-05,0.00241051,-0.000117106,0.000909089,0.000155946,0.000657876,4.46351e-05,0.00029005,-0.00046605,0.000369476,0.000277484,0.000761488,0.000439415,0.00125942,0.00079997,0.00124328,-0.00255348,0.000130699,0.000382628,0.000601783,-1.91158e-05,-0.00026787,0.000323979,0.000171758,-0.000113905,-0.00074657,0.000254509,-0.000136963,-0.000158593,-0.00012798,5.05695e-05,0.000616689,0.000428598,-0.000251499,-0.000717373,-0.000290548,-7.29377e-06,0.00283253,-0.000697053,0.000738308,-0.00152356
0.374994,0.000577757,0.000989793,0.000335905,0.000102883,0.000610713,-0.000334358,0.0011742,9.61292e-05,-0.00131592,-9.77302e-05,-0.00436028,0.000883431,0.000172079,-0.000981313,5.68501e-05,-0.000483121,0.000124976,-0.000422806,-0.000142339,-0.00064375,0.000762851,8.78455e-05,-0.000248054,0.00157147,0.000282382,0.00128141,0.000418569,0.000163436,0.00257703,-0.000156339,0.000921993,0.00015988,0.000679177,9.01793e-07,0.000296467,-0.000477851,0.000298044,0.000311002,0.000774108,0.000420721,0.00124959,0.000799876,0.0012621,-0.00219156,0.000126367,0.000330644,0.000622302,0.000106957,-0.000285958,0.000357706,0.000153354,-0.000116754,-0.000735587,0.000248899,-0.000249042,-0.000191941,-0.000107752,6.1182e-05,0.000599889,0.000424619,-0.000247592,-0.00075293,-0.000283769,-2.59442e-06,0.00257735,-0.000712417,0.000734093,-0.00171438
0.375994,0.000592189,0.00104673,0.000309401,9.34918e-05,0.000629837,-0.000331651,0.00128892,-1.49505e-05,-0.00105987,-6.08953e-05,-0.00375176,0.000867242,0.000158516,-0.000991618,5.25914e-05,-0.000503315,3.98184e-05,-0.00037814,-0.000137356,-0.000500896,0.000786877,0.000115555,-0.00020172,0.00156408,0.000315033,0.00126054,0.000409654,0.000307674,0.00272813,-0.000194742,0.000931323,0.000162779,0.000698123,-4.22616e-05,0.000301394,-0.000487424,0.000226204,0.000343098,0.000783739,0.000400457,0.00123494,0.000796705,0.00127583,-0.00182867,0.00012134,0.000278074,0.000640548,0.000232547,-0.00030267,0.000389339,0.000134796,-0.000118777,-0.000721509,0.000242309,-0.00035803,-0.000224457,-8.70587e-05,7.14162e-05,0.000581248,0.000418945,-0.00024248,-0.000785057,-0.000276066,2.06358e-06,0.00231335,-0.00072508,0.000727311,-0.00189561
0.376994,0.00060436,0.00109879,0.000282233,8.39257e-05,0.000646486,-0.000327666,0.00139736,-0.00012386,-0.000800677,-2.45373e-05,-0.00314211,0.00084812,0.000144651,-0.000997253,4.84571e-05,-0.000521415,-4.46982e-05,-0.000332181,-0.000131788,-0.000356591,0.000807128,0.000142222,-0.000154546,0.00155044,0.000345978,0.00123468,0.000399033,0.000447989,0.00286354,-0.000232131,0.000937108,0.000164641,0.000714648,-8.46583e-05,0.000304842,-0.000494754,0.000154289,0.000373641,0.000790377,0.000378729,0.00121562,0.00079051,0.00128452,-0.0014665,0.000115656,0.000225176,0.00065645,0.00035707,-0.00031795,0.000418762,0.000116173,-0.00011998,-0.000704444,0.000234784,-0.000463509,-0.000255993,-6.5987e-05,8.12311e-05,0.000560871,0.000411638,-0.000236195,-0.000813646,-0.000267493,6.65773e-06,0.00204186,-0.000734997,0.000718038,-0.0020665
0.377994,0.000614257,0.00114577,0.000254533,7.423e-05,0.000660598,-0.000322449,0.00149911,-0.000230149,-0.00053961,1.11785e-05,-0.00253417,0.000826236,0.000130536,-0.00099826,4.44611e-05,-0.00053736,-0.000128184,-0.000285195,-0.000125674,-0.000211532,0.000823577,0.000167747,-0.000106753,0.00153079,0.000375135,0.00120406,0.000386776,0.000583818,0.00298303,-0.000268329,0.000939391,0.000165471,0.000728697,-0.000126097,0.000306832,-0.000499834,8.26297e-05,0.000402509,0.000794032,0.000355651,0.00119177,0.000781356,0.00128821,-0.00110666,0.000109353,0.00017221,0.000669947,0.000479946,-0.000331748,0.000445868,9.75694e-05,-0.000120373,-0.000684513,0.000226375,-0.000565083,-0.000286404,-4.46257e-05,9.05881e-05,0.000538868,0.000402766,-0.000228773,-0.000838607,-0.000258109,1.11661e-05,0.00176426,-0.000742136,0.000706357,-0.00222636
0.378994,0.000621877,0.00118753,0.000226429,6.44502e-05,0.000672124,-0.000316054,0.00159379,-0.000333387,-0.000277924,4.60929e-05,-0.00193071,0.00080177,0.000116229,-0.0009947,4.0615e-05,-0.0005511,-0.000210255,-0.000237446,-0.000119055,-6.64205e-05,0.000836213,0.000192035,-5.85612e-05,0.00150534,0.000402429,0.00116892,0.000372961,0.00071463,0.00308649,-0.000303166,0.000938228,0.000165279,0.00074022,-0.000166394,0.00030739,-0.000502671,1.15498e-05,0.000429589,0.000794724,0.000331339,0.00116359,0.00076932,0.00128698,-0.000750743,0.000102475,0.000119429,0.000680985,0.000600605,-0.000344021,0.000470565,7.90693e-05,-0.000119973,-0.000661852,0.000217132,-0.000662382,-0.000315555,-2.30657e-05,9.9451e-05,0.000515355,0.000392404,-0.000220261,-0.000859868,-0.000247971,1.55674e-05,0.00148193,-0.000746473,0.000692361,-0.00237453
0.379994,0.000627222,0.00122394,0.000198051,5.4631e-05,0.000681026,-0.000308537,0.00168106,-0.000433163,-1.68766e-05,8.00534e-05,-0.00133442,0.000774905,0.000101783,-0.00098666,3.69287e-05,-0.000562591,-0.000290541,-0.000189202,-0.000111975,7.80467e-05,0.000845047,0.000215,-1.01971e-05,0.00147435,0.000427794,0.00112949,0.000357672,0.000839923,0.00317388,-0.000336479,0.000933687,0.000164083,0.000749179,-0.000205373,0.000306547,-0.00050328,-5.86315e-05,0.000454774,0.000792486,0.000305917,0.00113124,0.000754491,0.00128092,-0.000400272,9.50673e-05,6.70816e-05,0.000689523,0.000718483,-0.000354735,0.000492773,6.07535e-05,-0.000118799,-0.000636606,0.000207113,-0.000755056,-0.000343312,-1.39933e-06,0.000107786,0.000490451,0.000380631,-0.000210707,-0.000877372,-0.000237142,1.9841e-05,0.00119628,-0.000748001,0.00067615,-0.00251045
0.380994,0.000630307,0.0012549,0.000169528,4.48164e-05,0.000687276,-0.000299956,0.00176061,-0.00052909,0.000242283,0.000112915,-0.000747896,0.00074583,8.72533e-05,-0.000974247,3.341e-05,-0.000571804,-0.000368682,-0.00014073,-0.000104478,0.000221178,0.000850106,0.000236564,3.81137e-05,0.00143809,0.00045117,0.00108605,0.000341,0.000959231,0.00324521,-0.000368112,0.000925849,0.000161906,0.000755543,-0.000242865,0.000304344,-0.000501687,-0.000127603,0.000477967,0.000787364,0.000279513,0.00109495,0.000736966,0.00127015,-5.67167e-05,8.71784e-05,1.54111e-05,0.000695529,0.000833033,-0.00036386,0.000512425,4.27002e-05,-0.000116877,-0.000608931,0.000196376,-0.000842788,-0.00036955,2.02798e-05,0.000115563,0.000464278,0.000367532,-0.000200168,-0.000891083,-0.000225684,2.39674e-05,0.000908698,-0.000746723,0.000657829,-0.00263359
0.381994,0.000631152,0.00128032,0.000140983,3.50497e-05,0.000690859,-0.000290375,0.00183217,-0.000620808,0.000498323,0.000144543,-0.000173615,0.000714738,7.2696e-05,-0.000957588,3.00647e-05,-0.000578716,-0.00044433,-9.22917e-05,-9.66099e-05,0.000362294,0.000851433,0.000256656,8.61449e-05,0.00139686,0.000472508,0.00103889,0.000323042,0.00107212,0.0033006,-0.000397922,0.000914804,0.000158777,0.000759295,-0.000278712,0.000300824,-0.00049793,-0.000195062,0.00049908,0.000779411,0.000252257,0.00105492,0.000716857,0.00125478,0.000278517,7.88592e-05,-3.53471e-05,0.000698982,0.000943723,-0.000371377,0.00052947,2.49845e-05,-0.000114235,-0.000578992,0.000184982,-0.000925283,-0.000394152,4.18775e-05,0.000122754,0.000436961,0.000353195,-0.000188704,-0.000900981,-0.00021366,2.79277e-05,0.000620597,-0.000742653,0.000637512,-0.00274353
0.382994,0.000629785,0.00130016,0.000112542,2.53727e-05,0.000691772,-0.000279861,0.00189552,-0.000707978,0.000750032,0.000174807,0.000386058,0.000681825,5.81649e-05,-0.00093683,2.68967e-05,-0.000583317,-0.000517155,-4.41474e-05,-8.8419e-05,0.000500725,0.00084909,0.000275214,0.000133672,0.00135097,0.000491764,0.000988286,0.0003039,0.00117821,0.00334022,-0.000425773,0.000900657,0.000154731,0.000760422,-0.000312766,0.000296037,-0.000492054,-0.000260718,0.000518035,0.000768695,0.000224283,0.0010114,0.000694281,0.00123496,0.000604095,7.01622e-05,-8.49657e-05,0.000699869,0.00105004,-0.000377273,0.000543869,7.67792e-06,-0.000110907,-0.000546966,0.000172994,-0.00100228,-0.000417006,6.32995e-05,0.000129334,0.000408626,0.000337713,-0.000176382,-0.000907064,-0.000201135,3.17043e-05,0.000333361,-0.00073582,0.000615316,-0.00283988
0.383994,0.000626244,0.00131439,8.43244e-05,1.58263e-05,0.000690021,-0.000268482,0.00195045,-0.000790294,0.000996229,0.000203591,0.000928891,0.000647287,4.3714e-05,-0.000912139,2.39083e-05,-0.000585606,-0.000586843,3.44921e-06,-7.99533e-05,0.000635823,0.000843153,0.000292185,0.000180473,0.00130071,0.000508905,0.00093456,0.00028368,0.00127712,0.00336431,-0.000451541,0.000883521,0.000149808,0.000758927,-0.000344888,0.000290038,-0.000484118,-0.000324291,0.000534763,0.000755292,0.000195728,0.000964619,0.000669369,0.00121087,0.000918761,6.11421e-05,-0.000133227,0.000698193,0.00115149,-0.000381541,0.000555595,-9.15158e-06,-0.00010693,-0.000513033,0.000160478,-0.00107354,-0.000438013,8.44516e-05,0.00013528,0.000379404,0.000321183,-0.000163272,-0.000909347,-0.000188174,3.52806e-05,4.83641e-05,-0.000726264,0.000591367,-0.00292234
0.384994,0.000620571,0.00132301,5.64472e-05,6.44992e-06,0.000685627,-0.000256308,0.00199682,-0.000867474,0.00123577,0.000230786,0.00145278,0.000611322,2.9396e-05,-0.000883699,2.10997e-05,-0.000585594,-0.0006531,5.02509e-05,-7.12618e-05,0.000766957,0.000833715,0.000307523,0.000226329,0.00124644,0.000523905,0.000878019,0.000262495,0.00136856,0.0033732,-0.000475115,0.000863518,0.000144053,0.000754818,-0.000374952,0.000282887,-0.000474185,-0.000385515,0.000549207,0.00073929,0.000166728,0.000914845,0.000642256,0.00118266,0.00122134,5.18543e-05,-0.000179924,0.000693962,0.00124761,-0.000384184,0.000564637,-2.54401e-05,-0.000102344,-0.000477382,0.0001475,-0.00113885,-0.000457078,0.000105241,0.000140575,0.000349424,0.000303704,-0.000149447,-0.000907863,-0.000174842,3.86414e-05,-0.000233048,-0.000714036,0.00056579,-0.00299069
0.385994,0.000612821,0.00132605,2.90235e-05,-2.71876e-06,0.00067862,-0.000243413,0.00203451,-0.000939266,0.00146754,0.000256293,0.00195578,0.000574128,1.52627e-05,-0.00085171,1.84698e-05,-0.000583301,-0.000715651,9.60186e-05,-6.23936e-05,0.000893522,0.000820884,0.000321191,0.000271027,0.00118849,0.000536746,0.000818987,0.000240459,0.00145224,0.00336726,-0.000496392,0.000840781,0.000137515,0.000748117,-0.000402843,0.000274647,-0.00046233,-0.000444137,0.000561319,0.000720785,0.000137424,0.000862339,0.000613087,0.00115052,0.00151073,4.23556e-05,-0.00022486,0.000687198,0.00133795,-0.000385212,0.000570997,-4.11277e-05,-9.71915e-05,-0.000440207,0.000134129,-0.00119806,-0.000474119,0.000125574,0.000145203,0.000318816,0.000285375,-0.000134986,-0.000902662,-0.000161204,4.17725e-05,-0.000509559,-0.0006992,0.00053872,-0.00304476
0.386994,0.00060305,0.00132356,2.16191e-06,-1.16437e-05,0.000669043,-0.00022987,0.00206345,-0.00100545,0.00169049,0.000280025,0.00243609,0.0005359,1.36458e-06,-0.000816386,1.60157e-05,-0.000578758,-0.000774241,0.000140523,-5.3398e-05,0.00101494,0.000804782,0.000333163,0.00031436,0.00112721,0.000547419,0.000757789,0.000217688,0.00152793,0.00334693,-0.000515286,0.000815452,0.000130248,0.000738854,-0.000428458,0.000265387,-0.000448637,-0.000499922,0.000571063,0.000699882,0.000107953,0.000807373,0.000582014,0.00111467,0.00178594,3.27033e-05,-0.000267852,0.000677935,0.00142211,-0.00038464,0.00057469,-5.61591e-05,-9.1519e-05,-0.000401708,0.000120432,-0.001251,-0.000489062,0.000145362,0.000149151,0.000287712,0.0002663,-0.00011997,-0.00089381,-0.000147324,4.46613e-05,-0.000779894,-0.000681831,0.000510292,-0.00308448
0.387994,0.000591326,0.00131562,-2.40337e-05,-2.02906e-05,0.00065695,-0.000215755,0.00208362,-0.00106584,0.0019036,0.000301904,0.00289204,0.000496833,-1.22496e-05,-0.000777955,1.37331e-05,-0.000572004,-0.00082864,0.000183544,-4.4324e-05,0.00113066,0.000785544,0.000343417,0.000356127,0.00106295,0.000555922,0.000694756,0.000194304,0.00159544,0.00331269,-0.000531721,0.000787679,0.000122309,0.000727071,-0.000451706,0.000255177,-0.000433194,-0.00055265,0.000578414,0.000676698,7.84543e-05,0.000750227,0.000549194,0.00107531,0.00204605,2.29547e-05,-0.00030873,0.000666215,0.00149971,-0.000382492,0.000575743,-7.04833e-05,-8.53745e-05,-0.000362086,0.000106478,-0.00129757,-0.000501844,0.000164517,0.000152411,0.000256242,0.000246584,-0.00010448,-0.000881391,-0.000133267,4.72966e-05,-0.00104282,-0.000662015,0.000480644,-0.00310982
0.388994,0.000577721,0.00130234,-4.94647e-05,-2.86274e-05,0.000642404,-0.000201144,0.00209502,-0.00112026,0.00210594,0.000321865,0.00332217,0.000457119,-2.55325e-05,-0.000736659,1.16164e-05,-0.00056309,-0.000878639,0.000224875,-3.522e-05,0.00124017,0.000763317,0.000351945,0.000396137,0.000996072,0.000562264,0.000630222,0.000170427,0.00165462,0.00326511,-0.000545635,0.000757619,0.000113758,0.000712817,-0.000472511,0.000244092,-0.0004161,-0.000602118,0.000583357,0.000651354,4.90645e-05,0.000691185,0.00051479,0.00103267,0.00229023,1.31674e-05,-0.000347335,0.000652091,0.0015704,-0.000378799,0.000574198,-8.40542e-05,-7.88084e-05,-0.000321545,9.23375e-05,-0.00133768,-0.000512412,0.000182952,0.000154976,0.000224535,0.00022633,-8.86039e-05,-0.000865503,-0.000119096,4.96685e-05,-0.00129716,-0.000639849,0.000449916,-0.00312085
0.389994,0.000562314,0.00128383,-7.4038e-05,-3.66239e-05,0.000625481,-0.000186113,0.00209769,-0.0011686,0.0022966,0.000339851,0.00372514,0.000416945,-3.8439e-05,-0.00069275,9.65874e-06,-0.000552076,-0.000924055,0.000264321,-2.61338e-05,0.00134299,0.000738261,0.000358742,0.000434207,0.000926938,0.000566458,0.000564519,0.000146179,0.00170536,0.00320477,-0.00055698,0.000725433,0.000104658,0.000696155,-0.00049081,0.000232208,-0.000397458,-0.000648144,0.000585889,0.000623981,1.99188e-05,0.000630535,0.000478971,0.000986971,0.00251778,3.39831e-06,-0.000383526,0.000635629,0.00163387,-0.000373599,0.000570107,-9.68302e-05,-7.18724e-05,-0.000280292,7.80785e-05,-0.0013713,-0.000520726,0.000200586,0.000156845,0.000192718,0.000205643,-7.24266e-05,-0.000846258,-0.000104871,5.17687e-05,-0.00154178,-0.000615441,0.000418251,-0.0031177
0.390994,0.00054519,0.00126026,-9.76665e-05,-4.42521e-05,0.000606267,-0.000170737,0.00209174,-0.00121076,0.00247476,0.00035582,0.0040998,0.000376495,-5.09258e-05,-0.000646487,7.85213e-06,-0.00053903,-0.00096473,0.000301701,-1.71118e-05,0.00143868,0.000710545,0.000363816,0.000470165,0.00085591,0.000568528,0.000497979,0.000121683,0.0017476,0.00313231,-0.00056572,0.000691291,9.50767e-05,0.000677154,-0.00050655,0.000219603,-0.000377378,-0.000690561,0.000586017,0.000594715,-8.85004e-06,0.000568568,0.000441909,0.000938468,0.00272806,-6.29636e-06,-0.000417174,0.000616902,0.00168984,-0.000366934,0.000563534,-0.000108775,-6.46196e-05,-0.000238532,6.37692e-05,-0.00139838,-0.000526753,0.00021734,0.000158019,0.000160919,0.000184627,-5.6036e-05,-0.000823785,-9.06541e-05,5.35904e-05,-0.00177563,-0.000588906,0.000385792,-0.00310057
0.391994,0.000526438,0.00123178,-0.000120269,-5.14865e-05,0.000584856,-0.000155094,0.00207728,-0.00124666,0.00263968,0.000369739,0.00444517,0.000335948,-6.2952e-05,-0.00059814,6.18766e-06,-0.000524029,-0.00100053,0.000336849,-8.19941e-06,0.00152683,0.000680348,0.000367179,0.000503851,0.00078335,0.000568505,0.00043093,9.706e-05,0.0017813,0.00304841,-0.000571836,0.000655365,8.50798e-05,0.000655895,-0.000519695,0.000206357,-0.000355976,-0.000729226,0.00058376,0.0005637,-3.71127e-05,0.000505575,0.000403777,0.000887404,0.00292054,-1.58615e-05,-0.000448167,0.000595996,0.00173808,-0.000358855,0.000554557,-0.000119856,-5.71039e-05,-0.00019647,4.9477e-05,-0.00141895,-0.000530475,0.000233139,0.0001585,0.00012926,0.000163386,-3.95202e-05,-0.000798224,-7.65032e-05,5.51284e-05,-0.00199771,-0.000560371,0.000352681,-0.00306972
0.392994,0.000506156,0.0011986,-0.000141771,-5.83038e-05,0.000561354,-0.000139258,0.00205449,-0.00127629,0.00279067,0.000381586,0.00476042,0.000295476,-7.4479e-05,-0.000547984,4.6556e-06,-0.000507159,-0.00103135,0.000369612,5.59494e-07,0.00160708,0.000647857,0.000368855,0.000535115,0.000709616,0.000566426,0.000363695,7.24315e-05,0.0018065,0.00295379,-0.000575318,0.000617832,7.4737e-05,0.000632467,-0.000530222,0.000192553,-0.000333372,-0.000764014,0.000579149,0.000531085,-6.47436e-05,0.000441847,0.000364753,0.000834037,0.00309479,-2.52434e-05,-0.000476408,0.000573002,0.0017784,-0.000349418,0.00054326,-0.000130048,-4.93798e-05,-0.000154308,3.52678e-05,-0.00143305,-0.000531883,0.000247912,0.000158297,9.78623e-05,0.00014202,-2.29669e-05,-0.00076973,-6.2475e-05,5.63791e-05,-0.0022071,-0.00052997,0.000319062,-0.0030255
0.393994,0.000484442,0.00116092,-0.000162105,-6.46832e-05,0.000535873,-0.000123303,0.00202357,-0.00129963,0.00292713,0.000391351,0.00504491,0.000255245,-8.54709e-05,-0.000496299,3.24551e-06,-0.000488513,-0.0010571,0.000399855,9.12285e-06,0.00167913,0.000613269,0.000368871,0.000563822,0.000635063,0.000562338,0.000296593,4.79163e-05,0.00182325,0.00284918,-0.000576175,0.000578872,6.41181e-05,0.000606969,-0.00053812,0.00017827,-0.000309688,-0.00079482,0.000572223,0.000497024,-9.16218e-05,0.000377673,0.000325014,0.000778626,0.00325049,-3.439e-05,-0.000501815,0.000548026,0.00181064,-0.000338684,0.000529742,-0.000139329,-4.15019e-05,-0.000112248,2.12062e-05,-0.00144074,-0.00053098,0.000261594,0.000157419,6.68424e-05,0.000120631,-6.46325e-06,-0.000738468,-4.86241e-05,5.73403e-05,-0.00240296,-0.000497846,0.000285078,-0.00296828
0.394994,0.000461402,0.00111898,-0.000181209,-7.06061e-05,0.000508536,-0.000107302,0.00198475,-0.0013167,0.00304854,0.000399035,0.00529816,0.000215417,-9.58942e-05,-0.000443366,1.9464e-06,-0.000468192,-0.00107774,0.000427459,1.74505e-05,0.00174269,0.000576783,0.000367266,0.000589849,0.000560039,0.000556292,0.000229932,2.36312e-05,0.00183164,0.00273538,-0.000574425,0.000538669,5.32934e-05,0.000579506,-0.000543393,0.000163593,-0.000285054,-0.000821562,0.000563033,0.000461675,-0.000117631,0.000313338,0.000284741,0.000721435,0.0033874,-4.32514e-05,-0.000524323,0.000521177,0.00183468,-0.00032672,0.000514108,-0.000147682,-3.35245e-05,-7.0485e-05,7.35464e-06,-0.00144212,-0.000527781,0.000274125,0.00015588,3.63138e-05,9.93157e-05,9.90462e-06,-0.000704615,-3.50025e-05,5.80114e-05,-0.00258452,-0.000464146,0.000250867,-0.00289854
0.395993,0.000437144,0.00107303,-0.00019903,-7.60568e-05,0.000479473,-9.13249e-05,0.00193831,-0.00132758,0.00315447,0.000404647,0.00551987,0.000176142,-0.000105718,-0.00038947,7.46857e-07,-0.000446303,-0.00109323,0.000452321,2.55045e-05,0.00179754,0.000538606,0.000364082,0.000613089,0.000484887,0.000548349,0.000164014,-3.10069e-07,0.00183181,0.00261316,-0.000570103,0.000497406,4.23336e-05,0.000550194,-0.000546057,0.000148602,-0.000259597,-0.000844176,0.00055164,0.000425198,-0.000142662,0.000249123,0.00024411,0.00066273,0.00350539,-5.178e-05,-0.000543882,0.000492576,0.00185045,-0.000313598,0.000496473,-0.000155095,-2.55014e-05,-2.92104e-05,-6.22632e-06,-0.00143732,-0.00052231,0.00028545,0.000153696,6.38589e-06,7.81684e-05,2.60524e-05,-0.000668357,-2.16601e-05,5.83936e-05,-0.00275109,-0.000429028,0.00021657,-0.00281679
0.396993,0.00041178,0.00102332,-0.00021552,-8.10219e-05,0.000448819,-7.54414e-05,0.00188456,-0.00133234,0.00324455,0.000408211,0.00570987,0.000137566,-0.000114916,-0.000334896,-3.64787e-07,-0.00042296,-0.00110358,0.000474356,3.32489e-05,0.00184352,0.000498949,0.00035937,0.000633447,0.000409939,0.000538573,9.91269e-05,-2.37973e-05,0.00182393,0.00248334,-0.000563254,0.00045527,3.13084e-05,0.000519156,-0.000546141,0.000133379,-0.000233451,-0.000862624,0.000538116,0.000387759,-0.000166609,0.000185306,0.000203299,0.00060278,0.00360441,-5.99305e-05,-0.000560459,0.00046235,0.00185793,-0.000299392,0.000476959,-0.000161561,-1.74854e-05,1.13903e-05,-1.94787e-05,-0.00142648,-0.000514603,0.00029552,0.000150886,-2.28369e-05,5.72808e-05,4.18977e-05,-0.00062989,-8.64386e-06,5.84893e-05,-0.00290209,-0.000392651,0.000182322,-0.00272358
0.397993,0.000385425,0.000970134,-0.000230639,-8.54907e-05,0.000416717,-5.97178e-05,0.00182383,-0.00133109,0.00331852,0.000409756,0.0058682,9.98248e-05,-0.000123462,-0.000279925,-1.40035e-06,-0.000398281,-0.00110881,0.000493497,4.06507e-05,0.00188047,0.000458025,0.000353188,0.000650846,0.000335516,0.000527036,3.55503e-05,-4.67242e-05,0.00180821,0.00234674,-0.000553937,0.000412444,2.02871e-05,0.000486519,-0.000543687,0.000118003,-0.000206748,-0.000876884,0.00052254,0.000349522,-0.000189375,0.000122153,0.000162484,0.000541852,0.00368452,-6.76606e-05,-0.000574037,0.000430633,0.00185711,-0.000284184,0.000455698,-0.000167079,-9.52831e-06,5.11381e-05,-3.23471e-05,-0.00140979,-0.00050471,0.00030429,0.000147472,-5.12548e-05,3.6741e-05,5.73611e-05,-0.000589418,4.00196e-06,5.83026e-05,-0.003037,-0.000355182,0.000148257,-0.00261955
0.398993,0.000358196,0.000913767,-0.000244356,-8.94548e-05,0.000383317,-4.42184e-05,0.00175649,-0.00132398,0.00337618,0.000409325,0.00599502,6.30469e-05,-0.000131336,-0.000224838,-2.37166e-06,-0.000372391,-0.00110896,0.000509693,4.76789e-05,0.00190833,0.000416049,0.000345596,0.000665223,0.000261932,0.000513817,-2.64511e-05,-6.89891e-05,0.00178489,0.0022042,-0.000542225,0.000369114,9.33727e-06,0.000452421,-0.00053875,0.000102555,-0.000179621,-0.000886958,0.000505002,0.000310655,-0.000210869,5.99249e-05,0.000121836,0.000480214,0.00374587,-7.4931e-05,-0.000584613,0.000397566,0.00184807,-0.000268057,0.000432825,-0.000171652,-1.6801e-06,8.98617e-05,-4.47792e-05,-0.00138744,-0.000492685,0.000311726,0.000143477,-7.87735e-05,1.66329e-05,7.23657e-05,-0.000547149,1.6236e-05,5.7839e-05,-0.00315541,-0.000316791,0.000114503,-0.00250535
0.399993,0.000330212,0.000854519,-0.000256645,-9.29087e-05,0.000348772,-2.90043e-05,0.00168292,-0.00131117,0.00341745,0.000406969,0.00609064,2.73513e-05,-0.000138518,-0.000169909,-3.29041e-06,-0.000345417,-0.00110412,0.00052291,5.43058e-05,0.00192706,0.000373238,0.000336664,0.000676532,0.000189483,0.000498997,-8.66265e-05,-9.04956e-05,0.00175425,0.00205656,-0.000528199,0.000325462,-1.47503e-06,0.000417004,-0.000531395,8.71107e-05,-0.000152204,-0.000892869,0.0004856,0.000271325,-0.00023101,-1.12623e-06,8.15256e-05,0.000418131,0.00378867,-8.17056e-05,-0.000592203,0.000363294,0.00183089,-0.000251097,0.000408482,-0.000175285,6.01097e-06,0.000127398,-5.67256e-05,-0.00135965,-0.000478599,0.000317795,0.000138928,-0.000105304,-2.96366e-06,8.68386e-05,-0.0005033,2.802e-05,5.71054e-05,-0.00325698,-0.00027765,8.11861e-05,-0.00238169
0.400993,0.000301593,0.000792701,-0.000267486,-9.58492e-05,0.00031324,-1.41341e-05,0.00160355,-0.00129285,0.00344231,0.000402745,0.00615556,-7.15184e-06,-0.000144994,-0.000115407,-4.16806e-06,-0.000317492,-0.00109437,0.000533134,6.05061e-05,0.00193667,0.000329806,0.000326463,0.000684741,0.000118455,0.000482665,-0.00014474,-0.000111153,0.00171658,0.00190465,-0.000511954,0.00028167,-1.2086e-05,0.000380414,-0.0005217,7.1745e-05,-0.00012463,-0.000894657,0.000464438,0.0002317,-0.000249721,-6.07598e-05,4.17166e-05,0.000355865,0.00381326,-8.79516e-05,-0.000596833,0.000327971,0.00180571,-0.000233394,0.000382816,-0.000177992,1.34988e-05,0.000163592,-6.81403e-05,-0.00132668,-0.000462528,0.000322476,0.000133855,-0.000130764,-2.19735e-05,0.00010071,-0.000458091,3.93187e-05,5.61099e-05,-0.0033415,-0.000237934,4.84271e-05,-0.00224932
0.401993,0.000272462,0.000728633,-0.000276871,-9.82755e-05,0.000276882,3.37281e-07,0.0015188,-0.00126924,0.00345084,0.000396722,0.00619036,-4.03615e-05,-0.000150751,-6.15936e-05,-5.01569e-06,-0.00028875,-0.00107986,0.000540366,6.62575e-05,0.00193723,0.000285969,0.000315073,0.000689837,4.91183e-05,0.000464913,-0.000200571,-0.000130875,0.00167222,0.00174929,-0.000493595,0.000237914,-2.24342e-05,0.000342803,-0.000509752,5.65304e-05,-9.70286e-05,-0.000892386,0.000441631,0.000191945,-0.000266935,-0.000118746,2.56912e-06,0.000293673,0.00382003,-9.36399e-05,-0.000598549,0.000291749,0.0017727,-0.00021504,0.000355977,-0.000179787,2.07396e-05,0.000198299,-7.89807e-05,-0.00128877,-0.000444559,0.00032575,0.000128287,-0.000155075,-4.03261e-05,0.000113916,-0.000411744,5.01002e-05,5.48622e-05,-0.0034088,-0.00019782,1.6342e-05,-0.002109
0.402993,0.000242938,0.00066264,-0.000284794,-0.00010019,0.000239861,1.43579e-05,0.00142915,-0.00124056,0.00344318,0.000388976,0.0061958,-7.21861e-05,-0.000155781,-8.72195e-06,-5.84391e-06,-0.000259328,-0.00106071,0.000544625,7.15407e-05,0.00192885,0.000241936,0.000302572,0.000691821,-1.82723e-05,0.000445838,-0.000253916,-0.000149584,0.00162153,0.00159133,-0.000473237,0.00019437,-3.24614e-05,0.000304328,-0.000495649,4.15364e-05,-6.95296e-05,-0.000886136,0.000417297,0.000152225,-0.000282594,-0.000174868,-3.57627e-05,0.000231808,0.00380944,-9.8745e-05,-0.000597406,0.00025479,0.00173209,-0.000196127,0.000328119,-0.000180691,2.76923e-05,0.000231386,-8.92081e-05,-0.00124622,-0.000424789,0.000327609,0.000122257,-0.000178168,-5.79562e-05,0.000126394,-0.000364487,6.03356e-05,5.3373e-05,-0.00345886,-0.000157483,-1.49586e-05,-0.00196156
0.403993,0.000213145,0.000595053,-0.000291258,-0.000101595,0.000202343,2.78796e-05,0.00133506,-0.00120708,0.0034196,0.000379588,0.00617274,-0.000102543,-0.000160079,4.2965e-05,-6.66275e-06,-0.000229364,-0.0010371,0.000545946,7.63395e-05,0.00191167,0.000197917,0.000289048,0.000690711,-8.34784e-05,0.00042554,-0.000304591,-0.000167207,0.00156489,0.00143156,-0.000451004,0.000151206,-4.21122e-05,0.000265147,-0.000479498,2.68295e-05,-4.22589e-05,-0.000876007,0.000391564,0.000112702,-0.000296648,-0.00022892,-7.3131e-05,0.000170516,0.00378206,-0.000103245,-0.000593477,0.000217254,0.00168412,-0.00017675,0.000299398,-0.000180728,3.43185e-05,0.000262727,-9.87873e-05,-0.00119932,-0.000403321,0.000328049,0.000115801,-0.000199979,-7.48037e-05,0.00013809,-0.000316545,6.99994e-05,5.16542e-05,-0.00349169,-0.000117101,-4.53698e-05,-0.00180781
0.404993,0.000183202,0.000526204,-0.000296274,-0.000102499,0.000164496,4.08577e-05,0.00123702,-0.00116906,0.00338039,0.000368647,0.00612217,-0.00013136,-0.000163641,9.32353e-05,-7.48158e-06,-0.000198998,-0.00100922,0.000544379,8.06405e-05,0.0018859,0.000154115,0.000274587,0.00068654,-0.000146279,0.000404122,-0.000352426,-0.000183679,0.00150269,0.00127079,-0.000427027,0.000108587,-5.1335e-05,0.000225422,-0.000461417,1.24727e-05,-1.53392e-05,-0.000862117,0.000364562,7.35335e-05,-0.000309056,-0.000280711,-0.000109395,0.000110035,0.00373849,-0.000107122,-0.000586845,0.000179305,0.00162909,-0.000157004,0.00026997,-0.000179925,4.0583e-05,0.00029221,-0.000107687,-0.00114838,-0.000380269,0.000327075,0.000108954,-0.000220449,-9.08137e-05,0.000148953,-0.000268146,7.90694e-05,4.97188e-05,-0.00350744,-7.68478e-05,-7.47926e-05,-0.00164862
0.405993,0.00015323,0.000456427,-0.000299857,-0.00010291,0.000126484,5.32514e-05,0.00113554,-0.00112679,0.00332598,0.00035625,0.00604518,-0.000158573,-0.000166469,0.000141869,-8.30896e-06,-0.000168369,-0.000977263,0.000539992,8.44335e-05,0.00185178,0.000110728,0.000259281,0.000679357,-0.000206469,0.000381691,-0.000397273,-0.000198942,0.00143535,0.00110978,-0.000401447,6.66725e-05,-6.00817e-05,0.000185317,-0.000441528,-1.47444e-06,1.11107e-05,-0.000844601,0.000336428,3.48752e-05,-0.000319786,-0.000330066,-0.00014442,5.05967e-05,0.00367941,-0.000110363,-0.000577607,0.000141108,0.00156732,-0.000136985,0.000239993,-0.000178312,4.64538e-05,0.000319734,-0.00011588,-0.00109373,-0.00035575,0.000324697,0.000101753,-0.000239529,-0.000105937,0.000158938,-0.000219514,8.75268e-05,4.75806e-05,-0.00350633,-3.68963e-05,-0.000103134,-0.00148484
0.406993,0.000123347,0.000386056,-0.00030203,-0.000102839,8.84758e-05,6.50237e-05,0.00103113,-0.00108057,0.00325682,0.000342495,0.00594298,-0.000184129,-0.000168568,0.000188659,-9.15267e-06,-0.000137615,-0.000941464,0.000532866,8.77114e-05,0.00180959,6.79471e-05,0.000243221,0.000669227,-0.000263864,0.000358356,-0.000439,-0.000212945,0.00136332,0.000949298,-0.00037441,2.5614e-05,-6.83085e-05,0.000144996,-0.000419963,-1.49564e-05,3.69764e-05,-0.000823609,0.000307302,-3.12307e-06,-0.000328814,-0.000376822,-0.000178081,-7.57852e-06,0.00360556,-0.000112957,-0.000565871,0.000102828,0.00149916,-0.000116788,0.000209624,-0.000175924,5.19019e-05,0.000345209,-0.000123344,-0.00103569,-0.000329893,0.000320934,9.42367e-05,-0.000257174,-0.000120131,0.000168004,-0.000170873,9.53558e-05,4.52546e-05,-0.00348865,2.58397e-06,-0.000130309,-0.00131735
0.407993,9.36683e-05,0.000315421,-0.000302821,-0.000102298,5.06344e-05,7.61415e-05,0.000924302,-0.00103073,0.00317348,0.000327488,0.00581685,-0.000207982,-0.000169944,0.000233413,-1.00195e-05,-0.000106873,-0.000902058,0.000523095,9.04699e-05,0.00175965,2.59579e-05,0.000226503,0.000656228,-0.000318296,0.000334226,-0.000477496,-0.000225645,0.00128705,0.000790065,-0.000346068,-1.44425e-05,-7.59756e-05,0.000104624,-0.00039686,-2.79214e-05,6.21487e-05,-0.000799306,0.000277327,-4.03165e-05,-0.000336127,-0.000420833,-0.000210262,-6.42787e-05,0.00351773,-0.000114898,-0.000551753,6.46293e-05,0.001425,-9.65077e-05,0.000179019,-0.000172798,5.69021e-05,0.000368557,-0.000130059,-0.000974624,-0.000302827,0.000315812,8.64446e-05,-0.000273348,-0.000133356,0.000176119,-0.000122442,0.000102544,4.27562e-05,-0.00345479,4.14275e-05,-0.000156237,-0.00114704
0.408993,6.43075e-05,0.000244849,-0.000302266,-0.000101303,1.31225e-05,8.65759e-05,0.00081558,-0.000977581,0.00307656,0.000311338,0.00566815,-0.000230097,-0.000170607,0.000275952,-1.09155e-05,-7.62807e-05,-0.000859302,0.00051079,9.27079e-05,0.00170232,-1.50634e-05,0.00020922,0.000640455,-0.000369616,0.000309414,-0.000512668,-0.000237007,0.00120699,0.00063278,-0.000316579,-5.33585e-05,-8.30476e-05,6.43649e-05,-0.000372363,-4.03221e-05,8.65236e-05,-0.000771872,0.000246651,-7.65658e-05,-0.00034172,-0.00046197,-0.000240852,-0.000119303,0.00341675,-0.000116185,-0.000535384,2.6675e-05,0.00134526,-7.62375e-05,0.00014833,-0.000168972,6.14325e-05,0.000389714,-0.000136011,-0.000910869,-0.000274691,0.000309361,7.84167e-05,-0.00028802,-0.000145582,0.000183253,-7.44361e-05,0.000109083,4.01019e-05,-0.00340522,7.94732e-05,-0.000180847,-0.000974773
0.409993,3.53749e-05,0.000174661,-0.000300403,-9.98701e-05,-2.39004e-05,9.63019e-05,0.00070549,-0.000921466,0.00296674,0.000294158,0.00549834,-0.000250448,-0.000170571,0.000316114,-1.18453e-05,-4.5969e-05,-0.000813463,0.00049607,9.4427e-05,0.001638,-5.4949e-05,0.000191468,0.000622014,-0.000417694,0.000284033,-0.000544444,-0.000247002,0.00112361,0.00047811,-0.000286105,-9.10036e-05,-8.94938e-05,2.43827e-05,-0.000346618,-5.21154e-05,0.000110003,-0.000741498,0.000215419,-0.000111738,-0.000345597,-0.000500118,-0.000269754,-0.000172462,0.0033035,-0.000116818,-0.000516899,-1.08738e-05,0.00126037,-5.60692e-05,0.00011771,-0.000164489,6.54751e-05,0.000408627,-0.000141187,-0.000844786,-0.000245625,0.00030162,7.01937e-05,-0.000301169,-0.000156781,0.000189385,-2.70657e-05,0.000114966,3.73084e-05,-0.00334047,0.000116566,-0.000204073,-0.000801437
0.410993,6.97723e-06,0.000105172,-0.000297279,-9.80178e-05,-6.02789e-05,0.000105298,0.000594553,-0.000862724,0.00284476,0.000276061,0.00530893,-0.000269016,-0.000169852,0.000353753,-1.28128e-05,-1.60682e-05,-0.00076482,0.000479068,9.56318e-05,0.0015671,-9.35404e-05,0.000173343,0.000601024,-0.000462421,0.000258194,-0.000572768,-0.00025561,0.00103739,0.000326688,-0.000254809,-0.000127255,-9.52881e-05,-1.51618e-05,-0.000319778,-6.32625e-05,0.000132496,-0.00070839,0.000183783,-0.000145707,-0.00034777,-0.000535179,-0.000296878,-0.000223578,0.0031789,-0.000116805,-0.000496444,-4.7859e-05,0.0011708,-3.60928e-05,8.73052e-05,-0.000159392,6.90151e-05,0.000425255,-0.000145583,-0.000776734,-0.000215774,0.000292634,6.18165e-05,-0.000312777,-0.000166934,0.000194499,1.94661e-05,0.00012019,3.43931e-05,-0.00326117,0.000152556,-0.000225858,-0.000627896
0.411993,-2.07827e-05,3.66874e-05,-0.000292944,-9.5766e-05,-9.58619e-05,0.000113548,0.000483287,-0.000801703,0.00271142,0.000257164,0.00510147,-0.000285791,-0.000168468,0.000388738,-1.38209e-05,1.32962e-05,-0.000713662,0.000459927,9.63296e-05,0.00149009,-0.000130689,0.000154941,0.000577619,-0.000503704,0.000232013,-0.000597605,-0.000262819,0.000948806,0.000179111,-0.000222857,-0.000162,-0.000100409,-5.41105e-05,-0.000291999,-7.37292e-05,0.000153916,-0.000672759,0.00015189,-0.000178355,-0.000348261,-0.000567073,-0.000322143,-0.000272485,0.00304389,-0.000116154,-0.00047417,-8.41263e-05,0.00107704,-1.63957e-05,5.72584e-05,-0.000153727,7.20416e-05,0.000439571,-0.000149196,-0.000707076,-0.000185287,0.000282453,5.33262e-05,-0.000322837,-0.000176025,0.000198584,6.49637e-05,0.000124755,3.13737e-05,-0.00316798,0.000187301,-0.000246151,-0.000455002
0.412993,-4.78064e-05,-3.04979e-05,-0.000287451,-9.31364e-05,-0.000130504,0.000121039,0.000372207,-0.000738753,0.00256757,0.000237586,0.00487756,-0.000300773,-0.000166442,0.000420957,-1.48711e-05,4.20028e-05,-0.000660288,0.000438798,9.65301e-05,0.00140744,-0.000166257,0.000136355,0.000551941,-0.00054147,0.0002056,-0.000618939,-0.000268624,0.000858341,3.59388e-05,-0.000190419,-0.000195133,-0.00010484,-9.23085e-05,-0.000263436,-8.3486e-05,0.000174186,-0.00063483,0.000119889,-0.00020957,-0.0003471,-0.000595736,-0.00034548,-0.000319033,0.00289945,-0.000114879,-0.000450236,-0.000119526,0.000979577,2.93772e-06,2.77078e-05,-0.000147542,7.45474e-05,0.000451559,-0.000152026,-0.000636172,-0.000154313,0.000271134,4.47637e-05,-0.000331345,-0.000184046,0.000201636,0.000109239,0.000128665,2.82682e-05,-0.00306165,0.000220666,-0.000264909,-0.000283592
0.413993,-7.40001e-05,-9.60996e-05,-0.00028086,-9.01515e-05,-0.000164065,0.000127761,0.000261814,-0.000674227,0.00241408,0.000217446,0.00463886,-0.000313969,-0.000163796,0.000450315,-1.5964e-05,6.99352e-05,-0.000605,0.000415842,9.62459e-05,0.00131966,-0.000200117,0.000117678,0.000524144,-0.000575665,0.000179067,-0.000636771,-0.000273028,0.000766471,-0.00010231,-0.00015766,-0.000226559,-0.000108569,-0.000129605,-0.000234247,-9.25076e-05,0.000193236,-0.000594833,8.79285e-05,-0.00023925,-0.000344325,-0.000621119,-0.000366829,-0.000363083,0.00274656,-0.000112997,-0.000424805,-0.000153913,0.000878936,2.1826e-05,-1.21425e-06,-0.000140884,7.65288e-05,0.000461215,-0.000154078,-0.000564381,-0.000123004,0.000258739,3.61697e-05,-0.000338307,-0.000190992,0.000203657,0.000152114,0.000131925,2.50946e-05,-0.00294299,0.000252526,-0.000282098,-0.000114477
0.414993,-9.92751e-05,-0.000159846,-0.000273232,-8.68355e-05,-0.000196412,0.000133709,0.0001526,-0.000608476,0.00225189,0.00019686,0.00438701,-0.000325391,-0.000160557,0.000476732,-1.70992e-05,9.69828e-05,-0.000548107,0.000391228,9.54918e-05,0.00122727,-0.000232155,9.90003e-05,0.000494391,-0.000606253,0.000152524,-0.00065112,-0.00027604,0.000673669,-0.000235156,-0.000124749,-0.000256192,-0.000111589,-0.000165855,-0.000204593,-0.000100774,0.000211001,-0.000553005,5.61534e-05,-0.000267301,-0.000339981,-0.000643191,-0.000386142,-0.000404509,0.00258623,-0.000110526,-0.000398043,-0.000187148,0.000775645,4.01915e-05,-2.93815e-05,-0.000133803,7.79856e-05,0.000468548,-0.000155363,-0.000492059,-9.15109e-05,0.000245336,2.75845e-05,-0.000343733,-0.000196866,0.000204654,0.000193421,0.000134544,2.18713e-05,-0.00281283,0.000282761,-0.000297688,5.15549e-05
0.415993,-0.000123548,-0.00022148,-0.000264635,-8.32133e-05,-0.000227419,0.000138883,4.50445e-05,-0.000541848,0.00208196,0.000175947,0.00412371,-0.000335063,-0.000156754,0.00050015,-1.82749e-05,0.000123041,-0.000489921,0.000365127,9.42847e-05,0.00113081,-0.000262265,8.04117e-05,0.000462855,-0.000633217,0.000126078,-0.000662022,-0.000277679,0.000580404,-0.000362164,-9.18514e-05,-0.000283956,-0.000113897,-0.000200919,-0.000174629,-0.000108268,0.000227426,-0.000509587,2.47064e-05,-0.000293636,-0.000334122,-0.000661939,-0.000403379,-0.000443202,0.00241947,-0.000107492,-0.000370122,-0.000219101,0.000670238,5.79605e-05,-5.66746e-05,-0.000126348,7.89212e-05,0.000473577,-0.000155893,-0.000419556,-5.99857e-05,0.000230995,1.90475e-05,-0.00034764,-0.000201674,0.00020464,0.000232999,0.000136533,1.86162e-05,-0.00267207,0.000311264,-0.00031166,0.000213749
0.416993,-0.000146741,-0.00028076,-0.000255136,-7.93108e-05,-0.000256967,0.000143283,-6.03907e-05,-0.000474689,0.00190527,0.000154824,0.00385063,-0.000343011,-0.000152416,0.000520523,-1.94887e-05,0.000148011,-0.000430753,0.000337719,9.26437e-05,0.00103083,-0.000290357,6.19977e-05,0.000429714,-0.000656555,9.9836e-05,-0.000669532,-0.000277967,0.000487135,-0.000482939,-5.91295e-05,-0.000309784,-0.000115496,-0.000234662,-0.000144514,-0.00011498,0.000242463,-0.000464826,-6.27319e-06,-0.000318181,-0.000326808,-0.000677362,-0.000418512,-0.000479065,0.00224729,-0.000103919,-0.000341213,-0.000249645,0.00056326,7.50634e-05,-8.29813e-05,-0.000118571,7.93422e-05,0.000476335,-0.000155684,-0.000347215,-2.85783e-05,0.000215795,1.05973e-05,-0.000350053,-0.000205428,0.000203633,0.000270704,0.000137905,1.53474e-05,-0.00252166,0.000337936,-0.000324001,0.000371382
0.417993,-0.000168783,-0.000337458,-0.000244806,-7.51547e-05,-0.000284947,0.000146917,-0.000163261,-0.000407336,0.00172285,0.000133604,0.00356946,-0.000349272,-0.000147576,0.000537828,-2.0737e-05,0.000171801,-0.000370917,0.000309186,9.05899e-05,0.000927914,-0.000316352,4.38414e-05,0.000395154,-0.000676284,7.38994e-05,-0.000673717,-0.000276937,0.000394308,-0.000597132,-2.67431e-05,-0.00033362,-0.000116393,-0.000266958,-0.000114401,-0.000120902,0.000256073,-0.000418969,-3.66501e-05,-0.000340869,-0.000318106,-0.000689479,-0.000431522,-0.000512018,0.0020707,-9.98377e-05,-0.000311489,-0.000278664,0.000455254,9.14353e-05,-0.000108197,-0.00011052,7.92584e-05,0.000476863,-0.000154756,-0.000275369,2.56278e-06,0.000199814,2.27156e-06,-0.000351,-0.000208145,0.000201659,0.0003064,0.000138676,1.20825e-05,-0.00236257,0.000362688,-0.000334704,0.00052377
0.418993,-0.000189607,-0.000391364,-0.00023372,-7.07722e-05,-0.000311258,0.000149792,-0.000263143,-0.000340123,0.00153571,0.000112399,0.00328187,-0.000353884,-0.000142268,0.000552055,-2.20151e-05,0.000194328,-0.00031072,0.000279713,8.81461e-05,0.00082262,-0.000340181,2.60222e-05,0.000359366,-0.000692438,4.8368e-05,-0.000674661,-0.000274624,0.000302359,-0.000704437,5.15248e-06,-0.000355417,-0.000116598,-0.000297688,-8.44424e-05,-0.000126031,0.000268222,-0.000372265,-6.62939e-05,-0.000361641,-0.000308089,-0.00069832,-0.000442403,-0.000541993,0.00189071,-9.5279e-05,-0.000281124,-0.000306049,0.000346768,0.000107016,-0.000132226,-0.000102247,7.8683e-05,0.000475214,-0.000153132,-0.000204342,3.3292e-05,0.000183138,-5.89337e-06,-0.000350516,-0.000209846,0.000198745,0.000339963,0.000138864,8.83886e-06,-0.00219579,0.000385441,-0.000343772,0.000670268
0.419993,-0.000209156,-0.000442288,-0.000221952,-6.6191e-05,-0.000335808,0.000151923,-0.000359633,-0.00027337,0.00134489,9.13184e-05,0.0029895,-0.000356896,-0.000136527,0.000563213,-2.33176e-05,0.000215515,-0.00025047,0.000249485,8.53366e-05,0.000715527,-0.000361791,8.61614e-06,0.000322546,-0.000705065,2.33375e-05,-0.000672462,-0.000271074,0.000211707,-0.000804593,3.64071e-05,-0.00037514,-0.000116126,-0.000326741,-5.4785e-05,-0.000130369,0.000278888,-0.000324961,-9.50797e-05,-0.000380451,-0.000296837,-0.000703935,-0.000451155,-0.000568938,0.00170831,-9.02772e-05,-0.000250291,-0.000331701,0.000238341,0.00012175,-0.000154979,-9.38015e-05,7.76318e-05,0.000471451,-0.000150838,-0.000134448,6.3467e-05,0.000165852,-1.38625e-05,-0.000348643,-0.000210558,0.000194925,0.000371284,0.000138489,5.63327e-06,-0.00202235,0.000406129,-0.000351211,0.000810274
0.420993,-0.000227376,-0.000490056,-0.000209578,-6.14391e-05,-0.000358513,0.000153324,-0.000452353,-0.000207391,0.00115144,7.04657e-05,0.00269397,-0.000358357,-0.000130389,0.000571326,-2.46382e-05,0.000235293,-0.000190466,0.000218689,8.21872e-05,0.000607214,-0.00038114,-8.30508e-06,0.00028489,-0.000714229,-1.10052e-06,-0.000667233,-0.000266333,0.000122756,-0.000897382,6.68762e-05,-0.000392761,-0.000114998,-0.000354015,-2.55721e-05,-0.000133923,0.000288054,-0.000277304,-0.000122888,-0.000397261,-0.000284433,-0.000706383,-0.000457792,-0.000592815,0.00152446,-8.48684e-05,-0.000219159,-0.000355529,0.00013051,0.000135588,-0.000176379,-8.52318e-05,7.61235e-05,0.000465646,-0.000147902,-6.59846e-05,9.295e-05,0.000148046,-2.16024e-05,-0.000345426,-0.000210309,0.000190238,0.000400266,0.000137573,2.48207e-06,-0.00184329,0.000424694,-0.000357038,0.000943234
0.421993,-0.000244221,-0.000534513,-0.000196676,-5.65446e-05,-0.000379302,0.000154015,-0.000540951,-0.000142485,0.000956386,4.99423e-05,0.00239687,-0.000358325,-0.000123891,0.000576436,-2.597e-05,0.000253601,-0.000131001,0.000187511,7.87249e-05,0.000498254,-0.000398197,-2.46739e-05,0.000246601,-0.000720007,-2.48585e-05,-0.000659096,-0.000260457,3.58904e-05,-0.00098263,9.6422e-05,-0.000408263,-0.000113235,-0.000379415,3.05812e-06,-0.000136701,0.000295712,-0.000229539,-0.000149607,-0.000412042,-0.000270965,-0.000705741,-0.000462334,-0.000613603,0.00134012,-7.90906e-05,-0.000187897,-0.000377452,2.38005e-05,0.000148486,-0.000196353,-7.65861e-05,7.41793e-05,0.000457879,-0.000144357,7.62069e-07,0.000121608,0.000129813,-2.90813e-05,-0.000340915,-0.000209133,0.000184726,0.000426824,0.000136139,-5.9909e-07,-0.00165966,0.000441093,-0.000361274,0.00106864
0.422993,-0.000259653,-0.000575524,-0.000183323,-5.15357e-05,-0.000398113,0.000154015,-0.000625098,-7.89386e-05,0.000760763,2.98442e-05,0.00209973,-0.00035686,-0.000117074,0.000578598,-2.7305e-05,0.000270386,-7.23601e-05,0.000156135,7.49775e-05,0.000389216,-0.000412946,-4.04272e-05,0.000207878,-0.000722492,-4.78537e-05,-0.000648188,-0.000253505,-4.85261e-05,-0.00106021,0.000124914,-0.000421641,-0.000110864,-0.000402859,3.09738e-05,-0.000138716,0.000301862,-0.000181902,-0.000175131,-0.000424777,-0.000256528,-0.000702096,-0.000464814,-0.00063129,0.00115621,-7.29834e-05,-0.00015667,-0.000397399,-8.12727e-05,0.000160403,-0.000214842,-6.79114e-05,7.18229e-05,0.000448241,-0.000140236,6.55225e-05,0.000149313,0.000111244,-3.62692e-05,-0.000335165,-0.000207068,0.000178436,0.000450889,0.000134212,-3.59527e-06,-0.00147251,0.000455289,-0.000363946,0.00118603
0.423993,-0.000273639,-0.000612974,-0.000169598,-4.64403e-05,-0.000414892,0.000153351,-0.000704498,-1.70243e-05,0.000565587,1.02625e-05,0.00180404,-0.000354026,-0.000109974,0.000577883,-2.8635e-05,0.000285605,-1.4818e-05,0.00012474,7.0974e-05,0.000280659,-0.000425381,-5.55069e-05,0.000168921,-0.000721787,-7.00085e-05,-0.000634652,-0.00024554,-0.000130151,-0.00113002,0.000152229,-0.000432897,-0.000107915,-0.000424272,5.80495e-05,-0.000139987,0.00030651,-0.000134628,-0.000199362,-0.000435456,-0.000241215,-0.000695548,-0.000465271,-0.000645885,0.000973623,-6.65877e-05,-0.000125637,-0.000415312,-0.00018421,0.000171307,-0.000231794,-5.92531e-05,6.90799e-05,0.000436826,-0.000135574,0.000128043,0.000175943,9.24338e-05,-4.31382e-05,-0.000328236,-0.000204154,0.000171417,0.000472404,0.000131819,-6.49234e-06,-0.00128289,0.000467261,-0.00036509,0.00129501
0.424993,-0.000286155,-0.000646769,-0.000155576,-4.12862e-05,-0.000429599,0.000152047,-0.000778879,4.30013e-05,0.000371856,-8.71698e-06,0.00151123,-0.00034989,-0.000102632,0.000574376,-2.99511e-05,0.000299222,4.13623e-05,9.35029e-05,6.67436e-05,0.00017313,-0.000435508,-6.98596e-05,0.000129931,-0.000718008,-9.12501e-05,-0.000618643,-0.000236629,-0.000208664,-0.00119203,0.000178253,-0.000442042,-0.00010442,-0.000443589,8.41666e-05,-0.000140533,0.000309672,-8.79444e-05,-0.00022221,-0.000444081,-0.000225128,-0.000686209,-0.000463755,-0.000657404,0.00079321,-5.99456e-05,-9.49524e-05,-0.000431139,-0.000284531,0.000181171,-0.000247165,-5.0655e-05,6.5978e-05,0.000423739,-0.000130411,0.000188088,0.000201385,7.34773e-05,-4.96623e-05,-0.000320191,-0.000200434,0.000163723,0.000491326,0.000128986,-9.27702e-06,-0.00109185,0.000476997,-0.000364744,0.00139521
0.425993,-0.000297182,-0.000676832,-0.000141336,-3.61008e-05,-0.000442203,0.000150132,-0.000848003,0.000100898,0.000180543,-2.70144e-05,0.00122267,-0.000344525,-9.50876e-05,0.000568175,-3.12442e-05,0.00031121,9.59299e-05,6.25955e-05,6.23164e-05,6.71625e-05,-0.000443346,-8.34371e-05,9.1102e-05,-0.00071128,-0.000111512,-0.000600325,-0.000226844,-0.00028377,-0.00124623,0.000202881,-0.000449099,-0.000100416,-0.000460758,0.000109214,-0.000140378,0.000311368,-4.20686e-05,-0.000243593,-0.000450661,-0.000208366,-0.000674201,-0.000460322,-0.000665881,0.000615792,-5.30998e-05,-6.47655e-05,-0.000444843,-0.000381771,0.000189972,-0.000260924,-4.21592e-05,6.25465e-05,0.000409089,-0.000124785,0.00024544,0.000225531,5.44687e-05,-5.58177e-05,-0.000311095,-0.000195955,0.000155409,0.000507626,0.000125742,-1.1937e-05,-0.000900426,0.000484496,-0.000362953,0.00148634
0.426993,-0.000306709,-0.000703111,-0.000126952,-3.09106e-05,-0.000452683,0.000147637,-0.000911661,0.000156443,-7.41092e-06,-4.45558e-05,0.000939644,-0.000338002,-8.73805e-05,0.00055939,-3.25044e-05,0.00032155,0.000148648,3.2183e-05,5.77224e-05,-3.67306e-05,-0.000448923,-9.61965e-05,5.26281e-05,-0.000701741,-0.000130732,-0.000579867,-0.000216259,-0.000355199,-0.00129265,0.000226016,-0.000454096,-9.59396e-05,-0.000475736,0.00013309,-0.000139547,0.000311628,2.78873e-06,-0.000263438,-0.000455216,-0.000191033,-0.000659656,-0.000455037,-0.000671361,0.000442145,-4.60935e-05,-3.52183e-05,-0.000456394,-0.000475494,0.000197693,-0.000273045,-3.38058e-05,5.88161e-05,0.000392992,-0.000118738,0.000299898,0.000248281,3.55021e-05,-6.15829e-05,-0.000301018,-0.000190764,0.000146534,0.000521288,0.000122116,-1.44609e-05,-0.000709616,0.00048977,-0.000359768,0.00156816
0.427993,-0.000314731,-0.000725569,-0.000112498,-2.57418e-05,-0.00046103,0.000144595,-0.000969675,0.000209432,-0.000191097,-6.12735e-05,0.000663387,-0.000330398,-7.95501e-05,0.000548141,-3.37222e-05,0.000330232,0.000199294,2.42387e-06,5.29918e-05,-0.000138055,-0.000452279,-0.0001081,1.46966e-05,-0.000689534,-0.000148855,-0.000557445,-0.000204949,-0.000422706,-0.00133136,0.000247573,-0.000457073,-9.10311e-05,-0.000488489,0.0001557,-0.000138071,0.000310487,4.64277e-05,-0.000281681,-0.000457775,-0.000173232,-0.000642716,-0.000447973,-0.000673901,0.000273,-3.89703e-05,-6.44555e-06,-0.000465777,-0.000565282,0.000204326,-0.000283515,-2.56326e-05,5.48188e-05,0.000375566,-0.000112311,0.000351285,0.000269545,1.66704e-05,-6.69386e-05,-0.000290032,-0.000184911,0.000137159,0.000532309,0.000118139,-1.68383e-05,-0.00052041,0.000492838,-0.000355245,0.00164047
0.428993,-0.000321252,-0.000744193,-9.80474e-05,-2.06198e-05,-0.000467245,0.000141038,-0.0010219,0.000259678,-0.000369647,-7.71064e-05,0.000395041,-0.000321788,-7.16358e-05,0.000534562,-3.48875e-05,0.000337255,0.000247663,-2.65309e-05,4.81547e-05,-0.000236341,-0.000453464,-0.000119115,-2.25104e-05,-0.000674812,-0.000165832,-0.000533238,-0.000192995,-0.000486073,-0.00136247,0.000267474,-0.000458075,-8.57321e-05,-0.000498998,0.000176958,-0.000135981,0.000307986,8.86588e-05,-0.000298268,-0.000458374,-0.000155069,-0.000623529,-0.000439208,-0.000673573,0.00010904,-3.17734e-05,2.14258e-05,-0.000472986,-0.000650748,0.000209864,-0.000292329,-1.76755e-05,5.05875e-05,0.000356935,-0.000105549,0.00039944,0.00028924,-1.93518e-06,-7.1868e-05,-0.000278212,-0.000178448,0.000127344,0.000540702,0.00011384,-1.90602e-05,-0.000333763,0.000493733,-0.000349441,0.00170314
0.429993,-0.00032628,-0.000758988,-8.3669e-05,-1.55688e-05,-0.000471338,0.000137002,-0.00106822,0.000307017,-0.000542237,-9.2e-05,0.000135669,-0.000312252,-6.36762e-05,0.000518792,-3.59903e-05,0.000342625,0.000293563,-5.4539e-05,4.32409e-05,-0.000331142,-0.000452537,-0.000129216,-5.88175e-05,-0.000657733,-0.000181619,-0.00050743,-0.000180475,-0.00054511,-0.00138611,0.000285655,-0.000457158,-8.00858e-05,-0.00050725,0.000196787,-0.000133311,0.000304173,0.000129304,-0.000313151,-0.000457059,-0.000136646,-0.00060225,-0.000428829,-0.000670456,-4.90984e-05,-2.45459e-05,4.82773e-05,-0.000478024,-0.000731533,0.00021431,-0.000299489,-9.96756e-06,4.61557e-05,0.000337226,-9.84948e-05,0.000444224,0.000307293,-2.02254e-05,-7.63567e-05,-0.000265633,-0.000171429,0.000117154,0.000546489,0.00010925,-2.11183e-05,-0.000150596,0.000492497,-0.000342421,0.00175609
0.430993,-0.000329831,-0.000769978,-6.94309e-05,-1.06122e-05,-0.000473332,0.000132524,-0.00110856,0.000351301,-0.00070809,-0.000105907,-0.000113752,-0.000301868,-5.57092e-05,0.000500981,-3.70208e-05,0.000346356,0.000336822,-8.14669e-05,3.82797e-05,-0.000422042,-0.000449567,-0.00013838,-9.40571e-05,-0.000638464,-0.00019618,-0.000480208,-0.000167471,-0.000599653,-0.00140246,0.00030206,-0.000454382,-7.41364e-05,-0.000513246,0.000215123,-0.000130095,0.0002991,0.000168199,-0.000326295,-0.000453883,-0.000118068,-0.000579042,-0.000416926,-0.000664643,-0.000200833,-1.73305e-05,7.39992e-05,-0.000480907,-0.000807308,0.000217668,-0.000305007,-2.53963e-06,4.15575e-05,0.000316567,-9.11926e-05,0.000485518,0.000323641,-3.81135e-05,-8.03927e-05,-0.000252374,-0.000163908,0.000106651,0.000549707,0.0001044,-2.30057e-05,2.82105e-05,0.000489182,-0.000334251,0.00179929
0.431993,-0.000331927,-0.000777206,-5.53978e-05,-5.7722e-06,-0.000473257,0.00012764,-0.00114286,0.000392403,-0.000866484,-0.000118785,-0.000352331,-0.000290715,-4.77718e-05,0.000481285,-3.79692e-05,0.000348472,0.000377287,-0.000107191,3.32999e-05,-0.000508652,-0.000444632,-0.000146591,-0.00012807,-0.000617174,-0.000209484,-0.000451759,-0.000154065,-0.000649568,-0.00141173,0.000316644,-0.000449815,-6.79291e-05,-0.000516998,0.000231906,-0.000126372,0.000292826,0.00020519,-0.000337674,-0.000448906,-9.94367e-05,-0.000554071,-0.000403595,-0.000656236,-0.000345633,-1.01685e-05,9.8491e-05,-0.000481662,-0.000877774,0.000219951,-0.000308905,4.58018e-06,3.68271e-05,0.000295089,-8.3687e-05,0.000523225,0.000338228,-5.5516e-05,-8.39665e-05,-0.000238512,-0.000155939,9.59013e-05,0.000550404,9.93214e-05,-2.47166e-05,0.000201821,0.000483848,-0.000325003,0.00183277
0.432993,-0.000332596,-0.000780733,-4.16315e-05,-1.06994e-06,-0.000471155,0.000122388,-0.00117112,0.000430218,-0.00101675,-0.000130603,-0.000579267,-0.000278874,-3.99001e-05,0.000459868,-3.88263e-05,0.000349001,0.000414821,-0.000131598,2.83293e-05,-0.000590616,-0.000437815,-0.00015384,-0.000160706,-0.000594035,-0.000221506,-0.000422271,-0.000140339,-0.000694747,-0.00141413,0.000329373,-0.000443532,-6.15094e-05,-0.000518526,0.000247089,-0.00012218,0.000285413,0.00024014,-0.000347269,-0.000442197,-8.08513e-05,-0.000527508,-0.000388937,-0.000645345,-0.000483024,-3.10067e-06,0.000121662,-0.000480325,-0.000942667,0.000221176,-0.000311211,1.13664e-05,3.19987e-05,0.000272924,-7.60224e-05,0.000557268,0.000351012,-7.23527e-05,-8.70712e-05,-0.000224128,-0.000147577,8.4968e-05,0.00054864,9.40446e-05,-2.62463e-05,0.000369446,0.000476566,-0.000314748,0.00185661
0.433993,-0.000331873,-0.000780639,-2.81906e-05,3.47489e-06,-0.000467076,0.000116807,-0.00119333,0.00046466,-0.00115827,-0.000141331,-0.00079385,-0.000266423,-3.21286e-05,0.000436897,-3.95828e-05,0.000347982,0.000449306,-0.000154585,2.3395e-05,-0.000667609,-0.00042921,-0.000160119,-0.000191826,-0.000569224,-0.000232229,-0.000391931,-0.000126373,-0.00073511,-0.00140994,0.000340225,-0.000435613,-5.49229e-05,-0.000517864,0.000260636,-0.000117559,0.000276929,0.000272922,-0.000355072,-0.000433831,-6.24097e-05,-0.000499526,-0.000373056,-0.000632091,-0.000612583,3.83392e-06,0.000143431,-0.000476941,-0.00100176,0.000221365,-0.00031196,1.77963e-05,2.71063e-05,0.000250203,-6.82427e-05,0.000587591,0.000361957,-8.85475e-05,-8.97023e-05,-0.0002093,-0.000138877,7.39153e-05,0.000544487,8.86002e-05,-2.75913e-05,0.00053035,0.000467414,-0.000303563,0.00187093
0.434993,-0.000329796,-0.000777017,-1.51303e-05,7.84391e-06,-0.000461079,0.000110935,-0.00120954,0.000495664,-0.0012905,-0.000150951,-0.000995462,-0.000253442,-2.44907e-05,0.000412543,-4.02303e-05,0.000345458,0.000480646,-0.000176061,1.85229e-05,-0.000739342,-0.000418915,-0.00016543,-0.0002213,-0.000542919,-0.000241641,-0.000360925,-0.000112249,-0.000770604,-0.00139943,0.000349187,-0.000426145,-4.82152e-05,-0.000515051,0.000272518,-0.00011255,0.000267444,0.000303428,-0.000361085,-0.000423887,-4.42064e-05,-0.000470302,-0.000356062,-0.000616601,-0.000733946,1.05976e-05,0.000163727,-0.000471566,-0.00105485,0.000220543,-0.000311196,2.385e-05,2.21832e-05,0.000227056,-6.03914e-05,0.000614157,0.000371041,-0.000104028,-9.18577e-05,-0.000194109,-0.000129896,6.28062e-05,0.000538025,8.30182e-05,-2.87494e-05,0.000683851,0.000456478,-0.000291525,0.0018759
0.435993,-0.00032641,-0.00076998,-2.5019e-06,1.20202e-05,-0.000453232,0.00010481,-0.00121983,0.000523182,-0.00141295,-0.000159449,-0.00118358,-0.000240007,-1.70181e-05,0.000386981,-4.07607e-05,0.00034148,0.00050876,-0.000195945,1.37378e-05,-0.00080556,-0.000407036,-0.000169776,-0.000249011,-0.000515297,-0.000249736,-0.000329435,-9.80458e-05,-0.000801205,-0.0013829,0.000356258,-0.000415217,-4.14315e-05,-0.000510141,0.000282716,-0.000107194,0.000257032,0.000331561,-0.000365319,-0.000412451,-2.63325e-05,-0.000440013,-0.000338063,-0.00059901,-0.000846803,1.71546e-05,0.00018249,-0.000464266,-0.00110179,0.000218743,-0.000308971,2.95103e-05,1.72622e-05,0.000203613,-5.25113e-05,0.000636952,0.000378247,-0.000118728,-9.35379e-05,-0.000178633,-0.000120686,5.17025e-05,0.000529345,7.73284e-05,-2.97195e-05,0.000829326,0.000443852,-0.000278713,0.00187176
0.436993,-0.000321766,-0.000759652,9.647e-06,1.59882e-05,-0.000443611,9.84711e-05,-0.00122429,0.000547191,-0.0015252,-0.000166819,-0.00135776,-0.000226194,-9.74083e-06,0.000360386,-4.11667e-05,0.000336105,0.000533591,-0.000214169,9.0631e-06,-0.000866044,-0.000393681,-0.000173167,-0.000274853,-0.000486538,-0.000256516,-0.00029764,-8.38405e-05,-0.000826912,-0.00136067,0.000361445,-0.000402923,-3.46159e-05,-0.000503194,0.000291222,-0.000101533,0.000245771,0.000357242,-0.000367793,-0.000399616,-8.87495e-06,-0.000408836,-0.000319174,-0.000579459,-0.000950903,2.34709e-05,0.000199669,-0.000455113,-0.00114244,0.000216,-0.000305339,3.47629e-05,1.23751e-05,0.000180001,-4.46439e-05,0.000655979,0.000383574,-0.000132585,-9.47456e-05,-0.000162951,-0.000111301,4.06648e-05,0.000518549,7.15598e-05,-3.05014e-05,0.000966209,0.000429635,-0.000265207,0.00185877
0.437993,-0.000315919,-0.000746175,2.12728e-05,1.9734e-05,-0.000432298,9.19562e-05,-0.00122306,0.000567683,-0.0016269,-0.00017306,-0.00151767,-0.00021208,-2.68723e-06,0.000332935,-4.14415e-05,0.000329396,0.000555097,-0.000230675,4.52089e-06,-0.000920614,-0.000378965,-0.000175617,-0.000298731,-0.000456819,-0.000261988,-0.000265715,-6.97085e-05,-0.000847753,-0.00133308,0.000364767,-0.000389363,-2.78117e-05,-0.000494281,0.000298038,-9.56079e-05,0.000233739,0.000380405,-0.000368534,-0.000385476,8.08367e-06,-0.000376947,-0.000299507,-0.000558094,-0.00104605,2.95148e-05,0.000215224,-0.000444189,-0.00117673,0.000212353,-0.000300365,3.95963e-05,7.55261e-06,0.000156345,-3.68298e-05,0.000671262,0.000387025,-0.000145542,-9.5486e-05,-0.000147139,-0.000101795,2.97515e-05,0.000505743,6.57404e-05,-3.10965e-05,0.001094,0.000413934,-0.00025109,0.00183723
0.438993,-0.000308926,-0.000729699,3.23361e-05,2.32454e-05,-0.000419385,8.5303e-05,-0.0012163,0.000584671,-0.00171774,-0.000178178,-0.00166306,-0.000197736,4.11635e-06,0.000304804,-4.15793e-05,0.00032142,0.000573258,-0.000245419,1.31706e-07,-0.000969123,-0.000363005,-0.000177145,-0.000320565,-0.000426316,-0.000266164,-0.000233827,-5.57226e-05,-0.00086378,-0.00130049,0.000366253,-0.000374636,-2.1061e-05,-0.000483481,0.000303174,-8.94614e-05,0.000221018,0.000401,-0.00036758,-0.000370133,2.44656e-05,-0.000344521,-0.000279179,-0.000535066,-0.00113209,3.52569e-05,0.000229126,-0.000431585,-0.0012046,0.000207845,-0.000294116,4.40017e-05,2.82411e-06,0.000132765,-2.9108e-05,0.000682844,0.000388619,-0.000157547,-9.57666e-05,-0.000131273,-9.22184e-05,1.90189e-05,0.000491045,5.98977e-05,-3.15069e-05,0.00121227,0.000396859,-0.000236441,0.00180749
0.439993,-0.000300852,-0.000710391,4.28015e-05,2.65115e-05,-0.000404967,7.85481e-05,-0.00120417,0.000598186,-0.00179751,-0.000182186,-0.00179376,-0.000183234,1.06455e-05,0.000276168,-4.15751e-05,0.000312251,0.000588072,-0.000258368,-4.08547e-06,-0.00101146,-0.000345923,-0.000177774,-0.000340286,-0.000395201,-0.000269063,-0.00020214,-4.19527e-05,-0.000875068,-0.00126325,0.00036594,-0.000358848,-1.44041e-05,-0.00047088,0.000306648,-8.31344e-05,0.000207691,0.000418993,-0.000364975,-0.000353688,4.01981e-05,-0.00031173,-0.000258304,-0.000510531,-0.00120895,4.06703e-05,0.000241353,-0.000417395,-0.00122604,0.000202522,-0.000286666,4.79731e-05,-1.78246e-06,0.00010938,-2.1516e-05,0.000690784,0.000388379,-0.000168556,-9.55969e-05,-0.000115426,-8.26206e-05,8.52104e-06,0.000474578,5.40581e-05,-3.17358e-05,0.00132063,0.000378527,-0.000221343,0.00176994
0.440993,-0.000291763,-0.000688423,5.26382e-05,2.95231e-05,-0.000389146,7.17277e-05,-0.00118688,0.000608277,-0.00186606,-0.000185102,-0.00190969,-0.000168641,1.6878e-05,0.000247199,-4.14247e-05,0.000301964,0.000599555,-0.0002695,-8.11332e-06,-0.00104757,-0.00032784,-0.000177531,-0.000357838,-0.000363643,-0.00027071,-0.00017081,-2.84652e-05,-0.000881716,-0.00122174,0.000363876,-0.000342104,-7.87972e-06,-0.000456572,0.000308489,-7.66677e-05,0.00019384,0.000434363,-0.000360771,-0.000336247,5.52141e-05,-0.000278743,-0.000236996,-0.000484644,-0.00127658,4.57305e-05,0.000251898,-0.000401724,-0.00124107,0.000196435,-0.00027809,5.15071e-05,-6.2408e-06,8.63027e-05,-1.40893e-05,0.00069516,0.000386341,-0.00017853,-9.49887e-05,-9.96699e-05,-7.30499e-05,-1.6911e-06,0.000456469,4.82468e-05,-3.17876e-05,0.00141879,0.000359056,-0.000205878,0.00172499
0.441993,-0.000281728,-0.000663981,6.18194e-05,3.22729e-05,-0.000372031,6.48767e-05,-0.00116467,0.000615009,-0.00192329,-0.00018695,-0.00201087,-0.000154025,2.27937e-05,0.000218065,-4.11249e-05,0.000290642,0.000607741,-0.000278806,-1.19362e-05,-0.0010774,-0.000308882,-0.000176446,-0.000373181,-0.000331808,-0.000271133,-0.000139985,-1.53232e-05,-0.000883843,-0.00117634,0.000360116,-0.000324511,-1.52437e-06,-0.000440659,0.000308734,-7.01013e-05,0.000179551,0.000447107,-0.000355028,-0.000317919,6.94524e-05,-0.000245724,-0.00021537,-0.000457567,-0.001335,5.04158e-05,0.00026076,-0.000384678,-0.00124975,0.000189634,-0.000268472,5.46031e-05,-1.05263e-05,6.36399e-05,-6.86184e-06,0.000696067,0.000382548,-0.000187434,-9.39556e-05,-8.40727e-05,-6.35523e-05,-1.15694e-05,0.000436855,4.24882e-05,-3.16674e-05,0.0015065,0.00033857,-0.000190124,0.00167308
0.442993,-0.00027082,-0.000637257,7.0323e-05,3.47548e-05,-0.000353732,5.8029e-05,-0.00113777,0.000618463,-0.00196919,-0.000187758,-0.00209737,-0.000139448,2.83746e-05,0.00018893,-4.06736e-05,0.000278368,0.000612682,-0.000286285,-1.55403e-05,-0.00110096,-0.000289174,-0.000174554,-0.000386284,-0.000299856,-0.000270367,-0.000109804,-2.58582e-06,-0.000881593,-0.00112744,0.000354724,-0.000306177,4.62748e-06,-0.000423248,0.000307426,-6.34741e-05,0.000164906,0.000457233,-0.000347812,-0.000298813,8.28576e-05,-0.000212834,-0.000193537,-0.000429459,-0.00138428,5.47073e-05,0.000267948,-0.000366372,-0.00125217,0.000182176,-0.000257893,5.72628e-05,-1.46164e-05,4.14945e-05,1.34773e-07,0.000693612,0.000377053,-0.000195243,-9.25133e-05,-6.87005e-05,-5.41718e-05,-2.10689e-05,0.000415872,3.68051e-05,-3.13814e-05,0.00158359,0.000317194,-0.000174162,0.00161469
0.443993,-0.000259114,-0.00060845,7.81308e-05,3.69648e-05,-0.000334364,5.1217e-05,-0.00110645,0.000618737,-0.00200379,-0.000187561,-0.00216936,-0.00012497,3.36049e-05,0.000159953,-4.00696e-05,0.000265228,0.000614446,-0.000291952,-1.89135e-05,-0.00111829,-0.000268839,-0.000171891,-0.000397132,-0.000267942,-0.000268451,-8.03992e-05,9.69185e-06,-0.000875123,-0.00107541,0.00034777,-0.00028721,1.05438e-05,-0.000404452,0.000304617,-5.68239e-05,0.000149989,0.000464765,-0.000339196,-0.00027904,9.53806e-05,-0.000180225,-0.000171608,-0.000400482,-0.00142452,5.85889e-05,0.000273482,-0.000346924,-0.00124844,0.000174116,-0.000246443,5.94905e-05,-1.84903e-05,1.99628e-05,6.87105e-06,0.000687921,0.000369917,-0.000201936,-9.06791e-05,-5.36163e-05,-4.49498e-05,-3.01483e-05,0.000393664,3.12194e-05,-3.09365e-05,0.00164995,0.000295054,-0.000158069,0.00155032
0.444993,-0.000246686,-0.000577764,8.52292e-05,3.89e-05,-0.000314047,4.44719e-05,-0.00107098,0.000615941,-0.00202721,-0.000186397,-0.00222708,-0.000110649,3.84715e-05,0.000131287,-3.93128e-05,0.000251313,0.000613117,-0.000295829,-2.20454e-05,-0.00112946,-0.000248004,-0.000168498,-0.000405722,-0.000236215,-0.00026543,-5.18924e-05,2.14591e-05,-0.000864613,-0.00102066,0.000339334,-0.000267718,1.61951e-05,-0.00038439,0.000300366,-5.01872e-05,0.000134883,0.000469741,-0.000329258,-0.000258711,0.000106979,-0.000148047,-0.00014969,-0.000370797,-0.00145588,6.20475e-05,0.000277389,-0.000326455,-0.00123874,0.000165512,-0.000234209,6.12925e-05,-2.21295e-05,-8.65076e-07,1.33198e-05,0.00067913,0.000361207,-0.000207499,-8.84721e-05,-3.88797e-05,-3.59255e-05,-3.87696e-05,0.000370373,2.57514e-05,-3.03405e-05,0.00170554,0.000272279,-0.000141922,0.00148048
0.445993,-0.000233614,-0.000545408,9.1609e-05,4.05596e-05,-0.0002929,3.78234e-05,-0.00103167,0.000610199,-0.00203961,-0.000184309,-0.00227084,-9.6539e-05,4.2963e-05,0.000103078,-3.84041e-05,0.000236712,0.000608793,-0.000297949,-2.49277e-05,-0.00113459,-0.000226789,-0.000164418,-0.000412064,-0.000204816,-0.000261351,-2.43962e-05,3.26696e-05,-0.000850256,-0.000963575,0.000329498,-0.000247808,2.15546e-05,-0.000363183,0.000294739,-4.35988e-05,0.000119669,0.00047221,-0.000318082,-0.000237937,0.000117616,-0.000116438,-0.000127887,-0.000340563,-0.00147857,6.50728e-05,0.000279705,-0.000305089,-0.00122323,0.000156424,-0.000221283,6.26777e-05,-2.55174e-05,-2.09057e-05,1.94563e-05,0.000667389,0.000351001,-0.000211925,-8.59129e-05,-2.45468e-05,-2.71357e-05,-4.6899e-05,0.000346148,2.04201e-05,-2.96018e-05,0.00175038,0.000248995,-0.000125794,0.00140569
0.446993,-0.000219979,-0.000511596,9.72648e-05,4.19438e-05,-0.000271047,3.12992e-05,-0.00098882,0.000601648,-0.00204122,-0.000181343,-0.00230101,-8.2691e-05,4.70706e-05,7.54647e-05,-3.73455e-05,0.000221518,0.000601588,-0.000298355,-2.75536e-05,-0.00113379,-0.000205317,-0.000159695,-0.000416181,-0.00017388,-0.000256266,1.98664e-06,4.32818e-05,-0.000832261,-0.000904529,0.000318354,-0.000227586,2.65981e-05,-0.000340957,0.000287807,-3.70919e-05,0.000104426,0.000472238,-0.000305757,-0.000216827,0.000127263,-8.5534e-05,-0.0001063,-0.000309937,-0.00149281,6.76574e-05,0.000280473,-0.000282954,-0.00120215,0.000146912,-0.000207754,6.36567e-05,-2.86398e-05,-4.00826e-05,2.52583e-05,0.000652858,0.00033938,-0.000215214,-8.30232e-05,-1.06699e-05,-1.86141e-05,-5.45061e-05,0.000321135,1.52432e-05,-2.87294e-05,0.00178455,0.00022533,-0.000109756,0.00132651
0.447993,-0.00020586,-0.00047654,0.000102195,4.30549e-05,-0.000248611,2.49258e-05,-0.000942748,0.000590434,-0.00203233,-0.000177549,-0.00231802,-6.91524e-05,5.07879e-05,4.85772e-05,-3.61401e-05,0.000205823,0.000591627,-0.000297101,-2.99182e-05,-0.00112726,-0.000183705,-0.000154377,-0.000418107,-0.000143534,-0.000250231,2.71636e-05,5.3259e-05,-0.00081085,-0.000843904,0.000305997,-0.000207157,3.13045e-05,-0.000317841,0.000279647,-3.06981e-05,8.92301e-05,0.000469897,-0.000292374,-0.000195491,0.000135897,-5.54585e-05,-8.50243e-05,-0.000279075,-0.00149889,6.9797e-05,0.000279746,-0.000260176,-0.00117573,0.000137038,-0.000193716,6.42424e-05,-3.14846e-05,-5.83264e-05,3.0706e-05,0.000635708,0.000326433,-0.00021737,-7.98264e-05,2.7025e-06,-1.03921e-05,-6.15649e-05,0.000295481,1.02368e-05,-2.77331e-05,0.0018082,0.000201411,-9.38781e-05,0.00124348
0.448993,-0.000191338,-0.000440456,0.000106404,4.38961e-05,-0.000225714,1.87275e-05,-0.000893783,0.000576714,-0.00201327,-0.00017298,-0.00232237,-5.59672e-05,5.41104e-05,2.25372e-05,-3.4792e-05,0.00018972,0.00057905,-0.000294246,-3.20183e-05,-0.00111517,-0.00016207,-0.000148513,-0.000417889,-0.000113898,-0.000243303,5.10524e-05,6.2569e-05,-0.000786258,-0.000782073,0.000292525,-0.000186622,3.56554e-05,-0.000293965,0.00027034,-2.44468e-05,7.41572e-05,0.000465274,-0.00027803,-0.000174036,0.0001435,-2.63289e-05,-6.41531e-05,-0.000248128,-0.00149711,7.14901e-05,0.000277582,-0.000236886,-0.00114424,0.000126863,-0.00017926,6.44492e-05,-3.40423e-05,-7.55753e-05,3.57823e-05,0.000616119,0.000312255,-0.000218406,-7.63466e-05,1.55258e-05,-2.49785e-06,-6.80531e-05,0.000269333,5.41565e-06,-2.66228e-05,0.00182153,0.000177361,-7.82255e-05,0.00115717
0.449993,-0.000176491,-0.000403558,0.000109897,4.44723e-05,-0.000202482,1.2727e-05,-0.000842258,0.000560653,-0.00198444,-0.000167692,-0.00231458,-4.31762e-05,5.70362e-05,-2.54263e-06,-3.33064e-05,0.000173301,0.000564004,-0.00028986,-3.38526e-05,-0.00109777,-0.000140521,-0.000142152,-0.000415584,-8.50829e-05,-0.000235544,7.35812e-05,7.11849e-05,-0.000758727,-0.000719396,0.000278044,-0.000166079,3.96356e-05,-0.000269462,0.000259972,-1.83657e-05,5.92784e-05,0.000458466,-0.000262824,-0.000152565,0.000150064,1.74692e-06,-4.37733e-05,-0.000217242,-0.00148783,7.27379e-05,0.000274045,-0.00021321,-0.00110796,0.000116447,-0.000164477,6.42932e-05,-3.63051e-05,-9.17748e-05,4.04727e-05,0.000594276,0.000296945,-0.00021834,-7.2609e-05,2.77596e-05,5.04306e-06,-7.39527e-05,0.000242837,7.93036e-07,-2.5409e-05,0.00182478,0.000153302,-6.28607e-05,0.00106813
0.450993,-0.000161401,-0.000366057,0.000112685,4.47897e-05,-0.000179035,6.94489e-06,-0.00078851,0.000542426,-0.00194628,-0.000161742,-0.00229526,-3.08162e-05,5.95654e-05,-2.65594e-05,-3.16893e-05,0.000156657,0.000546648,-0.000284019,-3.54213e-05,-0.00107529,-0.000119166,-0.000135346,-0.00041126,-5.71909e-05,-0.000227019,9.46887e-05,7.90847e-05,-0.000728508,-0.000656226,0.000262658,-0.000145626,4.32326e-05,-0.000244465,0.000248633,-1.24801e-05,4.46622e-05,0.000449579,-0.000246856,-0.000131182,0.000155586,2.86699e-05,-2.39669e-05,-0.000186561,-0.00147141,7.35446e-05,0.000269206,-0.000189277,-0.00106722,0.000105851,-0.000149457,6.37921e-05,-3.82679e-05,-0.000106878,4.47655e-05,0.000570374,0.000280606,-0.000217195,-6.86394e-05,3.93678e-05,1.22081e-05,-7.92498e-05,0.000216134,-3.6193e-06,-2.41027e-05,0.00181827,0.000129354,-4.78432e-05,0.000976933
0.451993,-0.000146145,-0.000328165,0.000114781,4.48557e-05,-0.000155495,1.39999e-06,-0.000732882,0.000522209,-0.00189925,-0.00015519,-0.00226502,-1.8921e-05,6.17002e-05,-4.94201e-05,-2.99477e-05,0.000139878,0.00052715,-0.000276806,-3.67262e-05,-0.00104802,-9.81078e-05,-0.000128146,-0.000404995,-3.03159e-05,-0.000217792,0.000114324,8.6251e-05,-0.000695861,-0.000592903,0.000246477,-0.000125354,4.64371e-05,-0.000219105,0.000236414,-6.81322e-06,3.03734e-05,0.000438727,-0.000230229,-0.000109985,0.000160067,5.43507e-05,-4.81017e-06,-0.000156222,-0.00144824,7.3917e-05,0.00026314,-0.000165213,-0.00102233,9.51351e-05,-0.000134287,6.29646e-05,-3.99277e-05,-0.000120846,4.86513e-05,0.00054461,0.000263346,-0.000215001,-6.44646e-05,5.03185e-05,1.89776e-05,-8.39344e-05,0.000189366,-7.81105e-06,-2.27148e-05,0.00180236,0.00010563,-3.32285e-05,0.000884128
0.452993,-0.000130801,-0.000290085,0.000116203,4.4679e-05,-0.000131978,-3.89094e-06,-0.000675714,0.000500188,-0.00184389,-0.000148096,-0.00222454,-7.5204e-06,6.34448e-05,-7.10417e-05,-2.80897e-05,0.000123053,0.000505684,-0.000268311,-3.77706e-05,-0.00101624,-7.74432e-05,-0.000120605,-0.000396877,-4.5427e-06,-0.000207931,0.000132446,9.26716e-05,-0.000661047,-0.000529751,0.000229611,-0.000105352,4.92427e-05,-0.000193514,0.000223412,-1.38621e-06,1.64732e-05,0.000426034,-0.000213047,-8.90672e-05,0.000163518,7.87092e-05,1.3626e-05,-0.000126355,-0.00141874,7.38643e-05,0.000255928,-0.000141141,-0.000973651,8.43579e-05,-0.000119054,6.18309e-05,-4.12836e-05,-0.000133648,5.21236e-05,0.000517186,0.000245276,-0.000211792,-6.01114e-05,6.05843e-05,2.53349e-05,-8.80005e-05,0.000162668,-1.17734e-05,-2.12566e-05,0.00177744,8.22418e-05,-1.90685e-05,0.000790263
0.453993,-0.000115444,-0.000252017,0.000116971,4.42692e-05,-0.000108601,-8.91311e-06,-0.000617346,0.00047655,-0.00178074,-0.000140522,-0.00217449,3.35899e-06,6.48054e-05,-9.13517e-05,-2.6124e-05,0.000106266,0.00048243,-0.000258626,-3.85596e-05,-0.00098027,-5.72639e-05,-0.000112774,-0.000387002,2.00529e-05,-0.000197504,0.000149025,9.83391e-05,-0.000624333,-0.000467084,0.000212171,-8.57033e-05,5.16458e-05,-0.000167823,0.000209723,3.78218e-06,3.01858e-06,0.000411628,-0.000195414,-6.85209e-05,0.000165953,0.000101675,3.12768e-05,-9.7086e-05,-0.00138336,7.33986e-05,0.000247653,-0.000117184,-0.00092154,7.35767e-05,-0.00010384,6.0412e-05,-4.2337e-05,-0.000145259,5.51785e-05,0.000488307,0.000226508,-0.00020761,-5.56071e-05,7.01418e-05,3.12662e-05,-9.14464e-05,0.000136173,-1.5499e-05,-1.97394e-05,0.00174396,5.92946e-05,-5.41116e-06,0.000695878
0.454993,-0.000100147,-0.000214158,0.000117108,4.36372e-05,-8.54752e-05,-1.36537e-05,-0.000558117,0.000451485,-0.00171041,-0.000132531,-0.00211561,1.36942e-05,6.57903e-05,-0.000110288,-2.40603e-05,8.96015e-05,0.000457575,-0.000247851,-3.90994e-05,-0.000940435,-3.76558e-05,-0.000104706,-0.000375473,4.3404e-05,-0.000186582,0.00016404,0.000103251,-0.000585987,-0.000405196,0.000194267,-6.64888e-05,5.36458e-05,-0.000142159,0.000195443,8.67545e-06,-9.93755e-06,0.000395645,-0.000177433,-4.84315e-05,0.000167393,0.000123189,4.80838e-05,-6.85322e-05,-0.00134255,7.25338e-05,0.000238404,-9.34586e-05,-0.000866367,6.2847e-05,-8.87274e-05,5.87298e-05,-4.30911e-05,-0.000155663,5.78146e-05,0.000458178,0.000207156,-0.000202498,-5.09792e-05,7.89724e-05,3.67606e-05,-9.42738e-05,0.000110006,-1.89818e-05,-1.81745e-05,0.00170239,3.68889e-05,7.69958e-06,0.000601496
0.455993,-8.49819e-05,-0.000176692,0.000116641,4.27946e-05,-6.27072e-05,-1.81019e-05,-0.000498358,0.000425185,-0.00163349,-0.000124185,-0.00204863,2.34656e-05,6.64091e-05,-0.000127799,-2.19087e-05,7.31386e-05,0.000431308,-0.000236088,-3.93974e-05,-0.00089708,-1.86983e-05,-9.64522e-05,-0.000362403,6.54529e-05,-0.000175234,0.000177482,0.000107408,-0.000546276,-0.000344367,0.000176012,-4.77829e-05,5.52447e-05,-0.000116646,0.000180672,1.32794e-05,-2.23468e-05,0.000378225,-0.000159209,-2.88804e-05,0.000167864,0.000143199,6.39946e-05,-4.08043e-05,-0.00129676,7.12864e-05,0.000228271,-7.0078e-05,-0.000808515,5.22224e-05,-7.37919e-05,5.68068e-05,-4.35512e-05,-0.000164852,6.00327e-05,0.000427005,0.000187335,-0.000196507,-4.62551e-05,8.70616e-05,4.18099e-05,-9.64884e-05,8.42899e-05,-2.22173e-05,-1.65732e-05,0.00165326,1.51195e-05,2.02239e-05,0.000507625
0.456992,-7.00164e-05,-0.0001398,0.000115596,4.17538e-05,-4.04003e-05,-2.22489e-05,-0.000438395,0.000397841,-0.00155062,-0.000115545,-0.0019743,3.26571e-05,6.66734e-05,-0.000143844,-1.96803e-05,5.69538e-05,0.000403819,-0.000223441,-3.94626e-05,-0.000850557,-4.64639e-07,-8.80633e-05,-0.000347908,8.61508e-05,-0.000163529,0.000189348,0.000110818,-0.000505467,-0.000284858,0.000157515,-2.96553e-05,5.64473e-05,-9.1407e-05,0.000165508,1.75821e-05,-3.41651e-05,0.000359513,-0.000140842,-9.94369e-06,0.000167397,0.000161666,7.89634e-05,-1.40053e-05,-0.00124648,6.96748e-05,0.000217345,-4.71511e-05,-0.00074837,4.17543e-05,-5.91072e-05,5.46659e-05,-4.37245e-05,-0.000172824,6.18365e-05,0.000394992,0.00016716,-0.00018969,-4.1462e-05,9.43992e-05,4.64087e-05,-9.80994e-05,5.9139e-05,-2.52024e-05,-1.49466e-05,0.00159711,-5.92519e-06,3.21263e-05,0.000414755
0.457992,-5.53159e-05,-0.000103652,0.000114005,4.05282e-05,-1.86521e-05,-2.60878e-05,-0.000378544,0.000369644,-0.00146246,-0.000106674,-0.00189339,4.12558e-05,6.65964e-05,-0.000158392,-1.73865e-05,4.11198e-05,0.000375303,-0.00021002,-3.93047e-05,-0.00080123,1.69787e-05,-7.9589e-05,-0.00033211,0.000105458,-0.000151539,0.000199647,0.00011349,-0.000463821,-0.000226913,0.000138883,-1.21705e-05,5.72608e-05,-6.65577e-05,0.000150048,2.15739e-05,-4.53535e-05,0.000339656,-0.000122433,8.3081e-06,0.000166029,0.000178558,9.29508e-05,1.17701e-05,-0.00119218,6.77191e-05,0.00020572,-2.47814e-05,-0.000686324,3.14915e-05,-4.47425e-05,5.23304e-05,-4.362e-05,-0.000179584,6.32316e-05,0.000362341,0.000146747,-0.000182104,-3.66269e-05,0.000100979,5.05545e-05,-9.91195e-05,3.46621e-05,-2.79351e-05,-1.33054e-05,0.0015345,-2.6163e-05,4.33755e-05,0.000323354
0.458992,-4.09423e-05,-6.84097e-05,0.0001119,3.91315e-05,2.44526e-06,-2.96135e-05,-0.000319113,0.000340784,-0.00136968,-9.76317e-05,-0.00180667,4.9252e-05,6.61924e-05,-0.000171422,-1.50393e-05,2.57049e-05,0.000345952,-0.000195931,-3.89346e-05,-0.000749466,3.35722e-05,-7.10779e-05,-0.000315138,0.000123343,-0.000139332,0.000208395,0.00011544,-0.000421598,-0.000170754,0.000120223,4.61235e-06,5.76949e-05,-4.22108e-05,0.000134387,2.52473e-05,-5.58773e-05,0.000318804,-0.000104078,2.581e-05,0.0001638,0.000193853,0.000105924,3.64354e-05,-0.00113435,6.54414e-05,0.000193491,-3.06674e-06,-0.000622771,2.14803e-05,-3.07628e-05,4.9824e-05,-4.32481e-05,-0.000185144,6.42261e-05,0.000329252,0.00012621,-0.000173811,-3.17761e-05,0.0001068,5.4247e-05,-9.95646e-05,1.09608e-05,-3.04148e-05,-1.16605e-05,0.00146604,-4.55186e-05,5.39443e-05,0.000233866
0.459992,-2.6954e-05,-3.42233e-05,0.000109316,3.75783e-05,2.28055e-05,-3.28229e-05,-0.000260397,0.000311444,-0.00127296,-8.84776e-05,-0.0017149,5.66391e-05,6.54774e-05,-0.000182925,-1.26509e-05,1.07731e-05,0.000315957,-0.000181284,-3.83642e-05,-0.00069564,4.9263e-05,-6.25766e-05,-0.00029712,0.000139784,-0.000126976,0.000215619,0.000116686,-0.00037905,-0.000116589,0.000101636,2.064e-05,5.77615e-05,-1.8473e-05,0.000118622,2.85972e-05,-6.5707e-05,0.000297108,-8.58728e-05,4.2503e-05,0.000160754,0.000207541,0.000117857,5.99124e-05,-0.00107347,6.28651e-05,0.000180753,1.79014e-05,-0.000558102,1.1764e-05,-1.72285e-05,4.71699e-05,-4.2621e-05,-0.000189523,6.483e-05,0.00029592,0.000105659,-0.000164872,-2.69356e-05,0.000111863,5.74887e-05,-9.94536e-05,-1.18708e-05,-3.26421e-05,-1.0022e-05,0.00139232,-6.39238e-05,6.38101e-05,0.000146711
0.460992,-1.34057e-05,-1.23331e-06,0.000106286,3.58834e-05,4.23486e-05,-3.57146e-05,-0.000202677,0.000281808,-0.00117296,-7.92689e-05,-0.00161885,6.34136e-05,6.44681e-05,-0.000192899,-1.02341e-05,-3.61613e-06,0.000285509,-0.000166188,-3.7606e-05,-0.000640125,6.40053e-05,-5.41306e-05,-0.000278192,0.000154767,-0.000114539,0.00022135,0.000117249,-0.000336422,-6.46005e-05,8.3223e-05,3.58646e-05,5.74746e-05,4.55457e-06,0.000102842,3.16204e-05,-7.48176e-05,0.000274718,-6.7907e-05,5.83342e-05,0.000156939,0.000219617,0.000128729,8.21317e-05,-0.00101003,6.00149e-05,0.000167599,3.8038e-05,-0.000492707,2.38297e-06,-4.19539e-06,4.43917e-05,-4.1752e-05,-0.000192745,6.50553e-05,0.000262532,8.52044e-05,-0.000155356,-2.21305e-05,0.000116175,6.02843e-05,-9.88083e-05,-3.37463e-05,-3.46189e-05,-8.39978e-06,0.00131397,-8.13177e-05,7.29544e-05,6.22798e-05
0.461992,-3.47983e-07,3.04311e-05,0.000102849,3.4062e-05,6.10013e-05,-3.82891e-05,-0.000146223,0.000252052,-0.00107038,-7.00615e-05,-0.00151926,6.95749e-05,6.31826e-05,-0.000201354,-7.80166e-06,-1.74084e-05,0.000254792,-0.000150752,-3.66731e-05,-0.000583294,7.77607e-05,-4.57829e-05,-0.000258487,0.000168285,-0.000102084,0.000225628,0.000117156,-0.000293951,-1.49553e-05,6.5078e-05,5.02443e-05,5.68503e-05,2.67772e-05,8.71381e-05,3.43159e-05,-8.31894e-05,0.000251785,-5.02678e-05,7.32566e-05,0.000152408,0.000230088,0.000138527,0.000103033,-0.000944499,5.69165e-05,0.000154123,5.7265e-05,-0.000426968,-6.62577e-06,8.28593e-06,4.15122e-05,-4.0656e-05,-0.000194842,6.4916e-05,0.000229273,6.49531e-05,-0.000145328,-1.7385e-05,0.000119746,6.26407e-05,-9.7653e-05,-5.45873e-05,-3.6348e-05,-6.80325e-06,0.00123161,-9.76467e-05,8.1363e-05,-1.90643e-05
0.462992,1.21725e-05,6.06527e-05,9.90411e-05,3.21295e-05,7.86972e-05,-4.05483e-05,-9.12867e-05,0.000222345,-0.000965894,-6.09085e-05,-0.00141689,7.51252e-05,6.16397e-05,-0.000208307,-5.36648e-06,-3.05543e-05,0.000223989,-0.000135082,-3.55795e-05,-0.000525519,9.04973e-05,-3.75745e-05,-0.000238143,0.000180341,-8.96767e-05,0.000228501,0.000116434,-0.000251865,3.22019e-05,4.7292e-05,6.37431e-05,5.5906e-05,4.81068e-05,7.15952e-05,3.66847e-05,-9.08069e-05,0.000228457,-3.30379e-05,8.72298e-05,0.000147213,0.000238969,0.000147244,0.000122564,-0.000877343,5.35969e-05,0.000140415,7.55116e-05,-0.000361262,-1.52284e-05,2.01698e-05,3.85543e-05,-3.93485e-05,-0.000195849,6.44277e-05,0.000196317,4.50075e-05,-0.00013486,-1.27223e-05,0.000122589,6.45671e-05,-9.60145e-05,-7.43236e-05,-3.78334e-05,-5.24131e-06,0.00114588,-0.000112865,8.90259e-05,-9.69888e-05
0.463992,2.41135e-05,8.93259e-05,9.4901e-05,3.01015e-05,9.53768e-05,-4.24958e-05,-3.81045e-05,0.000192852,-0.000860164,-5.18609e-05,-0.00131246,8.00694e-05,5.9859e-05,-0.000213785,-2.94152e-06,-4.30096e-05,0.000193275,-0.000119283,-3.43394e-05,-0.000467162,0.000102191,-2.95444e-05,-0.000217294,0.000190944,-7.73766e-05,0.000230022,0.000115115,-0.000210379,7.67456e-05,2.99506e-05,7.63306e-05,5.46612e-05,6.84625e-05,5.62956e-05,3.87295e-05,-9.76598e-05,0.00020488,-1.62952e-05,0.000100219,0.000141411,0.000246282,0.000154879,0.000140682,-0.000809021,5.00833e-05,0.000126567,9.27144e-05,-0.000295953,-2.33945e-05,3.14156e-05,3.55399e-05,-3.78465e-05,-0.000195807,6.36074e-05,0.000163832,2.54664e-05,-0.000124021,-8.16456e-06,0.00012472,6.60745e-05,-9.39216e-05,-9.28937e-05,-3.908e-05,-3.72229e-06,0.00105741,-0.000126933,9.59372e-05,-0.000171192
0.464992,3.54371e-05,0.000116357,9.04671e-05,2.79935e-05,0.000110988,-4.41369e-05,1.31049e-05,0.000163729,-0.000753848,-4.29668e-05,-0.00120666,8.44146e-05,5.78609e-05,-0.000217821,-5.39621e-07,-5.47352e-05,0.00016282,-0.000103456,-3.29673e-05,-0.000408582,0.000112823,-2.17287e-05,-0.000196078,0.000200109,-6.52425e-05,0.000230249,0.000113232,-0.000169699,0.00011857,1.31343e-05,8.79824e-05,5.31364e-05,8.77707e-05,4.1317e-05,4.0455e-05,-0.000103742,0.000181197,-1.12367e-07,0.000112198,0.000135061,0.000252057,0.000161436,0.000157354,-0.000739976,4.64037e-05,0.000112665,0.000108818,-0.000231394,-3.10972e-05,4.19883e-05,3.24905e-05,-3.61672e-05,-0.000194761,6.24738e-05,0.000131977,6.42366e-06,-0.000112883,-3.73278e-06,0.000126159,6.71758e-05,-9.1405e-05,-0.000110244,-4.00937e-05,-2.25394e-06,0.00096683,-0.000139822,0.000102095,-0.000241406
0.465992,4.61099e-05,0.000141667,8.57782e-05,2.58211e-05,0.000125486,-4.54781e-05,6.2141e-05,0.000135124,-0.000647585,-3.42715e-05,-0.00110018,8.81707e-05,5.56658e-05,-0.000220459,1.82656e-06,-6.56976e-05,0.000132787,-8.76992e-05,-3.1478e-05,-0.000350124,0.000122382,-1.41612e-05,-0.000174626,0.000207861,-5.333e-05,0.000229246,0.000110821,-0.000130018,0.00015759,-3.08217e-06,9.86798e-05,5.13534e-05,0.000105966,2.67329e-05,4.18676e-05,-0.000109053,0.000157547,1.54431e-05,0.000123143,0.000128222,0.000256332,0.000166925,0.000172553,-0.000670637,4.25864e-05,9.87929e-05,0.000123774,-0.000167925,-3.83132e-05,5.18578e-05,2.94268e-05,-3.4329e-05,-0.000192761,6.10465e-05,0.000100901,-1.20319e-05,-0.000101516,5.53433e-07,0.000126929,6.78854e-05,-8.84971e-05,-0.00012633,-4.08811e-05,-8.4335e-07,0.000874757,-0.000151506,0.000107501,-0.000307393
0.466992,5.61029e-05,0.000165186,8.08729e-05,2.35997e-05,0.000138834,-4.65271e-05,0.000108822,0.000107177,-0.000541994,-2.58171e-05,-0.000993666,9.13497e-05,5.32949e-05,-0.000221747,4.14462e-06,-7.58685e-05,0.00010333,-7.21074e-05,-2.98865e-05,-0.000292125,0.000130865,-6.87286e-06,-0.00015307,0.000214229,-4.16917e-05,0.000227081,0.00010792,-9.15154e-05,0.000193739,-1.863e-05,0.00010841,4.9335e-05,0.000122989,1.26116e-05,4.29751e-05,-0.000113595,0.000134062,3.03094e-05,0.00013304,0.000120956,0.000259151,0.000171364,0.000186264,-0.000601415,3.86597e-05,8.50311e-05,0.000137543,-0.000105868,-4.50227e-05,6.09994e-05,2.63684e-05,-3.23503e-05,-0.000189861,5.93466e-05,7.07442e-05,-2.9817e-05,-8.99933e-05,4.6758e-06,0.000127056,6.82196e-05,-8.52313e-05,-0.000141116,-4.14497e-05,5.03014e-07,0.000781798,-0.000161972,0.000112161,-0.000368952
0.467992,6.53918e-05,0.000186858,7.57893e-05,2.13445e-05,0.000151001,-4.72931e-05,0.000152985,8.00158e-05,-0.000437669,-1.76426e-05,-0.000887741,9.39654e-05,5.07693e-05,-0.00022174,6.40256e-06,-8.52252e-05,7.45947e-05,-5.67702e-05,-2.82078e-05,-0.000234905,0.000138273,1.0799e-07,-0.000131539,0.000219248,-3.0377e-05,0.000223825,0.000104569,-5.43564e-05,0.000226968,-3.34467e-05,0.000117165,4.71046e-05,0.000138791,-9.83387e-07,4.37869e-05,-0.000117376,0.000110872,4.44306e-05,0.000141879,0.000113325,0.000260566,0.000174772,0.000198477,-0.000532701,3.46517e-05,7.14566e-05,0.000150094,-4.553e-05,-5.12095e-05,6.93938e-05,2.33342e-05,-3.02502e-05,-0.000186116,5.73956e-05,4.16344e-05,-4.68544e-05,-7.83836e-05,8.61753e-06,0.000126567,6.81955e-05,-8.16424e-05,-0.000154574,-4.18078e-05,1.77939e-06,0.000688547,-0.00017121,0.000116084,-0.000425913
0.468992,7.39568e-05,0.000206641,7.05653e-05,1.90702e-05,0.000161966,-4.77863e-05,0.000194489,5.37621e-05,-0.000335179,-9.78343e-06,-0.00078299,9.6034e-05,4.81102e-05,-0.000220501,8.58879e-06,-9.37503e-05,4.67174e-05,-4.17724e-05,-2.64566e-05,-0.000178772,0.000144613,6.75603e-06,-0.000110155,0.00022296,-1.94318e-05,0.000219555,0.000100807,-1.86926e-05,0.000257249,-4.74761e-05,0.000124943,4.46864e-05,0.00015333,-1.39942e-05,4.43138e-05,-0.000120407,8.80979e-05,5.77568e-05,0.000149657,0.000105388,0.000260633,0.000177176,0.000209193,-0.000464867,3.05904e-05,5.81418e-05,0.000161401,1.28038e-05,-5.68611e-05,7.70267e-05,2.03419e-05,-2.80476e-05,-0.000181587,5.52161e-05,1.36898e-05,-6.30733e-05,-6.67563e-05,1.23633e-05,0.000125493,6.7832e-05,-7.77658e-05,-0.000166686,-4.1964e-05,2.98071e-06,0.000595574,-0.000179218,0.000119283,-0.000478141
0.469992,8.17829e-05,0.000224504,6.52378e-05,1.67911e-05,0.000171714,-4.80179e-05,0.000233211,2.8525e-05,-0.000235062,-2.27178e-06,-0.000679967,9.75731e-05,4.53389e-05,-0.000218095,1.06923e-05,-0.000101431,1.98244e-05,-2.71936e-05,-2.46477e-05,-0.000124015,0.000149901,1.30488e-05,-8.90389e-05,0.00022541,-8.8984e-06,0.000214348,9.66759e-05,1.53392e-05,0.000284569,-6.06688e-05,0.000131748,4.21048e-05,0.000166573,-2.63683e-05,4.45677e-05,-0.000122703,6.58555e-05,7.02443e-05,0.000156376,9.72093e-05,0.000259412,0.000178607,0.00021842,-0.000398263,2.65031e-05,4.51547e-05,0.00017145,6.88672e-05,-6.19684e-05,8.38889e-05,1.7408e-05,-2.57619e-05,-0.000176335,5.28312e-05,-1.29831e-05,-7.84094e-05,-5.51789e-05,1.58995e-05,0.000123865,6.71485e-05,-7.36375e-05,-0.000177439,-4.19279e-05,4.10263e-06,0.000503432,-0.000186004,0.000121774,-0.000525532
0.470992,8.88592e-05,0.000240427,5.98427e-05,1.45213e-05,0.000180236,-4.8e-05,0.000269048,4.40376e-06,-0.000137825,4.86386e-06,-0.000579186,9.8602e-05,4.24762e-05,-0.000214593,1.27026e-05,-0.000108262,-5.96853e-06,-1.31075e-05,-2.27954e-05,-7.09057e-05,0.000154153,1.89668e-05,-6.83035e-05,0.000226649,1.1845e-06,0.000208284,9.22184e-05,4.76175e-05,0.000308932,-7.29819e-05,0.000137587,3.93844e-05,0.000178493,-3.80592e-05,4.45615e-05,-0.000124284,4.42525e-05,8.18557e-05,0.000162045,8.88483e-05,0.000256972,0.000179098,0.000226173,-0.000333214,2.24167e-05,3.25586e-05,0.000180231,0.000122416,-6.65257e-05,8.99761e-05,1.45479e-05,-2.34119e-05,-0.000170423,5.02644e-05,-3.82895e-05,-9.28054e-05,-4.37168e-05,1.92139e-05,0.000121719,6.61655e-05,-6.92937e-05,-0.000186832,-4.17092e-05,5.1415e-06,0.000412645,-0.000191579,0.000123576,-0.000568018
0.471992,9.51796e-05,0.000254404,5.4415e-05,1.22741e-05,0.000187533,-4.77455e-05,0.000301919,-1.85131e-05,-4.39377e-05,1.15985e-05,-0.000481123,9.91417e-05,3.95429e-05,-0.000210072,1.46101e-05,-0.00011424,-3.05564e-05,4.18135e-07,-2.09137e-05,-1.96954e-05,0.000157397,2.44934e-05,-4.80571e-05,0.000226731,1.07821e-05,0.000201442,8.74764e-05,7.80362e-05,0.000330362,-8.43794e-05,0.000142473,3.65499e-05,0.000189075,-4.90259e-05,4.43094e-05,-0.000125171,2.33891e-05,9.25598e-05,0.000166678,8.03651e-05,0.000253381,0.00017869,0.000232476,-0.000270022,1.8357e-05,2.04115e-05,0.000187745,0.000173228,-7.0531e-05,9.52889e-05,1.17758e-05,-2.10165e-05,-0.000163916,4.75393e-05,-6.2146e-05,-0.000106211,-3.24333e-05,2.22961e-05,0.000119088,6.49043e-05,-6.47706e-05,-0.000194869,-4.13182e-05,6.09442e-06,0.000323711,-0.000195961,0.00012471,-0.000605562
0.472992,0.000100742,0.000266441,4.89881e-05,1.0062e-05,0.000193611,-4.7268e-05,0.000331763,-4.01483e-05,4.61647e-05,1.79109e-05,-0.000386216,9.92141e-05,3.6559e-05,-0.000204607,1.64056e-05,-0.000119368,-5.38456e-05,1.33218e-05,-1.90162e-05,2.93844e-05,0.00015966,2.96152e-05,-2.84009e-05,0.000225715,1.98637e-05,0.000193907,8.24924e-05,0.000106504,0.000348893,-9.48321e-05,0.000146425,3.36258e-05,0.000198308,-5.92338e-05,4.3826e-05,-0.000125389,3.35744e-06,0.000102332,0.000170293,7.1818e-05,0.000248715,0.000177423,0.000237357,-0.000208961,1.4349e-05,8.76649e-06,0.000193998,0.000221105,-7.39854e-05,9.98324e-05,9.10456e-06,-1.8594e-05,-0.000156881,4.46797e-05,-8.44815e-05,-0.000118583,-2.13885e-05,2.51374e-05,0.000116011,6.33866e-05,-6.01042e-05,-0.000201564,-4.07657e-05,6.9592e-06,0.000237096,-0.000199177,0.000125202,-0.000638157
0.473992,0.000105549,0.000276551,4.35941e-05,7.89723e-06,0.000198483,-4.65818e-05,0.000358536,-6.04353e-05,0.000132087,2.37832e-05,-0.000294858,9.88425e-05,3.35441e-05,-0.000198282,1.80811e-05,-0.000123655,-7.57537e-05,2.55485e-05,-1.71159e-05,7.61237e-05,0.000160976,3.43213e-05,-9.42951e-06,0.000223663,2.84023e-05,0.000185758,7.73086e-05,0.000132947,0.000364577,-0.000104318,0.000149464,3.0636e-05,0.000206192,-6.86538e-05,4.31269e-05,-0.000124968,-1.5759e-05,0.000111154,0.000172914,6.32635e-05,0.00024305,0.000175344,0.000240854,-0.000150283,1.04163e-05,-2.32895e-06,0.000199004,0.000265875,-7.68931e-05,0.000103616,6.54561e-06,-1.61622e-05,-0.000149382,4.17094e-05,-0.000105237,-0.000129886,-1.06397e-05,2.77307e-05,0.000112524,6.16346e-05,-5.53299e-05,-0.000206935,-4.00624e-05,7.73434e-06,0.000153235,-0.000201257,0.000125077,-0.000665829
0.474992,0.000109607,0.000284763,3.82633e-05,5.79094e-06,0.000202168,-4.57014e-05,0.000382217,-7.93187e-05,0.000213475,2.92014e-05,-0.000207403,9.80511e-05,3.05173e-05,-0.000191178,1.96292e-05,-0.000127112,-9.62101e-05,3.70499e-05,-1.52252e-05,0.000120335,0.000161384,3.86041e-05,8.77011e-06,0.000220637,3.63751e-05,0.000177079,7.19666e-05,0.000157303,0.000377479,-0.00011282,0.000151616,2.76041e-05,0.000212733,-7.72631e-05,4.22281e-05,-0.000123937,-3.38855e-05,0.000119013,0.000174569,5.47562e-05,0.000236466,0.0001725,0.000243009,-9.42108e-05,6.58166e-06,-1.28328e-05,0.000202784,0.000307387,-7.92616e-05,0.000106654,4.10919e-06,-1.37386e-05,-0.000141486,3.86517e-05,-0.000124364,-0.000140092,-2.40774e-07,3.00706e-05,0.000108666,5.96705e-05,-5.04825e-05,-0.00021101,-3.92195e-05,8.41905e-06,7.25278e-05,-0.000202238,0.000124365,-0.000688629
0.475992,0.000112925,0.000291112,3.30244e-05,3.7536e-06,0.000204694,-4.4642e-05,0.000402802,-9.67541e-05,0.000290014,3.41548e-05,-0.000124162,9.68651e-05,2.74968e-05,-0.000183379,2.10435e-05,-0.000129758,-0.000115156,4.77844e-05,-1.33559e-05,0.000161853,0.000160925,4.24587e-05,2.61187e-05,0.000216705,4.37633e-05,0.000167951,6.65072e-05,0.000179529,0.000387676,-0.000120331,0.000152911,2.45529e-05,0.000217946,-8.50447e-05,4.11462e-05,-0.00012233,-5.0956e-05,0.000125903,0.000175291,4.63481e-05,0.000229044,0.000168942,0.00024387,-4.094e-05,2.86601e-06,-2.27084e-05,0.000205366,0.000345517,-8.11012e-05,0.000108964,1.80412e-06,-1.13394e-05,-0.000133258,3.55299e-05,-0.000141827,-0.00014918,9.75822e-06,3.21533e-05,0.000104475,5.7517e-05,-4.55958e-05,-0.000213823,-3.82483e-05,9.01319e-06,-4.66031e-06,-0.00020216,0.000123096,-0.000706641
0.476992,0.000115519,0.000295644,2.79041e-05,1.79484e-06,0.00020609,-4.34188e-05,0.000420306,-0.000112708,0.000361433,3.86362e-05,-4.54044e-05,9.53101e-05,2.44998e-05,-0.00017497,2.23186e-05,-0.000131611,-0.000132543,5.77173e-05,-1.15192e-05,0.000200537,0.000159644,4.58828e-05,4.25451e-05,0.000211935,5.05521e-05,0.000158452,6.09702e-05,0.000199594,0.000395255,-0.000126847,0.000153382,2.15044e-05,0.000221851,-9.19873e-05,3.98979e-05,-0.000120182,-6.69139e-05,0.000131825,0.000175117,3.80885e-05,0.000220865,0.000164724,0.00024349,9.35945e-06,-7.11034e-07,-3.19251e-05,0.000206782,0.000380166,-8.24248e-05,0.000110567,-3.62107e-07,-8.98044e-06,-0.000124765,3.23663e-05,-0.000157602,-0.000157136,1.93111e-05,3.39767e-05,9.9991e-05,5.51963e-05,-4.07025e-05,-0.000215411,-3.71601e-05,9.5173e-06,-7.80027e-05,-0.000201069,0.000121303,-0.000719971
0.477992,0.000117406,0.000298415,2.29272e-05,-7.66082e-08,0.000206395,-4.20474e-05,0.000434763,-0.000127157,0.000427503,4.26418e-05,2.86441e-05,9.34124e-05,2.15428e-05,-0.000166035,2.345e-05,-0.000132697,-0.000148337,6.68204e-05,-9.72517e-06,0.000236268,0.000157589,4.8877e-05,5.79864e-05,0.000206396,5.67307e-05,0.000148661,5.53941e-05,0.000217484,0.000400317,-0.000132373,0.000153067,1.84797e-05,0.000224478,-9.80855e-05,3.85002e-05,-0.00011753,-8.17115e-05,0.000136783,0.000174086,3.00239e-05,0.000212014,0.000159897,0.000241929,5.65449e-05,-4.13149e-06,-4.04575e-05,0.000207073,0.000411262,-8.3248e-05,0.000111487,-2.38334e-06,-6.67642e-06,-0.000116068,2.9183e-05,-0.000171677,-0.000163955,2.83757e-05,3.55405e-05,9.52526e-05,5.27309e-05,-3.5834e-05,-0.000215821,-3.59663e-05,9.93251e-06,-0.00014721,-0.000199016,0.000119021,-0.000728752
0.478992,0.000118606,0.000299488,1.81164e-05,-1.85291e-06,0.00020565,-4.05433e-05,0.000446221,-0.00014009,0.00048804,4.61711e-05,9.77981e-05,9.11986e-05,1.86414e-05,-0.000156659,2.44342e-05,-0.000133045,-0.000162513,7.50726e-05,-7.98343e-06,0.000268951,0.000154811,5.14444e-05,7.23883e-05,0.000200157,6.22923e-05,0.000138654,4.98159e-05,0.000233195,0.00040297,-0.000136916,0.000152003,1.54986e-05,0.00022586,-0.000103339,3.69701e-05,-0.000114412,-9.53104e-05,0.00014079,0.000172243,2.21975e-05,0.000202573,0.00015452,0.000239247,0.0001005,-7.37908e-06,-4.82859e-05,0.000206284,0.000438753,-8.3589e-05,0.000111753,-4.25475e-06,-4.44108e-06,-0.000107231,2.6001e-05,-0.000184048,-0.000169637,3.69144e-05,3.68457e-05,9.02985e-05,5.01426e-05,-3.102e-05,-0.000215102,-3.46782e-05,1.02606e-05,-0.000212033,-0.000196055,0.000116284,-0.000733139
0.479992,0.000119144,0.000298934,1.34923e-05,-3.52714e-06,0.000203902,-3.8922e-05,0.000454747,-0.000151503,0.0005429,4.92268e-05,0.000161914,8.86957e-05,1.58097e-05,-0.000146925,2.52687e-05,-0.000132685,-0.000175058,8.24593e-05,-6.30259e-06,0.000298515,0.000151361,5.35904e-05,8.5705e-05,0.00019329,6.72339e-05,0.000128504,4.42711e-05,0.000246742,0.000403331,-0.000140494,0.000150233,1.25798e-05,0.00022604,-0.000107754,3.53247e-05,-0.000110868,-0.000107681,0.000143862,0.000169633,1.46491e-05,0.000192625,0.000148646,0.000235512,0.000141136,-1.04393e-05,-5.53959e-05,0.000204463,0.000462617,-8.34677e-05,0.000111396,-5.97281e-06,-2.28708e-06,-9.83129e-05,2.28404e-05,-0.000194726,-0.00017419,4.48939e-05,3.78949e-05,8.51669e-05,4.74529e-05,-2.62889e-05,-0.000213308,-3.33071e-05,1.05037e-05,-0.00027226,-0.000192241,0.000113128,-0.000733308
0.480992,0.000119047,0.00029683,9.07323e-06,-5.09335e-06,0.000201203,-3.71988e-05,0.000460421,-0.000161403,0.000591983,5.18142e-05,0.000220886,8.59307e-05,1.30612e-05,-0.000136914,2.59522e-05,-0.000131651,-0.000185969,8.89724e-05,-4.69044e-06,0.000324912,0.000147295,5.53231e-05,9.78996e-05,0.000185864,7.15562e-05,0.00011828,3.87929e-05,0.000258149,0.000401524,-0.000143127,0.0001478,9.74086e-06,0.000225062,-0.000111341,3.35807e-05,-0.000106937,-0.000118804,0.00014602,0.000166306,7.41504e-06,0.000182252,0.000142334,0.000230792,0.000178388,-1.32994e-05,-6.17787e-05,0.000201665,0.000482853,-8.29063e-05,0.000110448,-7.53524e-06,-2.25961e-07,-8.93717e-05,1.97206e-05,-0.000203728,-0.000177629,5.22857e-05,3.86924e-05,7.98953e-05,4.46829e-05,-2.1667e-05,-0.0002105,-3.1864e-05,1.06647e-05,-0.000327719,-0.000187636,0.00010959,-0.000729454
0.481992,0.000118343,0.000293261,4.87549e-06,-6.54651e-06,0.000197606,-3.53892e-05,0.00046334,-0.000169808,0.000635232,5.39418e-05,0.000274651,8.29305e-05,1.0408e-05,-0.000126706,2.64841e-05,-0.000129982,-0.000195256,9.46101e-05,-3.15388e-06,0.000348115,0.000142667,5.66524e-05,0.000108944,0.00017795,7.52634e-05,0.000108051,3.3413e-05,0.000267454,0.00039768,-0.000144841,0.00014475,6.9977e-06,0.000222981,-0.000114115,3.17548e-05,-0.000102661,-0.000128667,0.000147292,0.000162312,5.28045e-07,0.000171536,0.000135639,0.00022516,0.000212217,-1.59485e-05,-6.74306e-05,0.000197948,0.000499483,-8.19289e-05,0.000108944,-8.94097e-06,1.73192e-06,-8.04627e-05,1.66596e-05,-0.000211082,-0.000179975,5.90658e-05,3.92435e-05,7.45204e-05,4.18528e-05,-1.71789e-05,-0.000206739,-3.03599e-05,1.07469e-05,-0.000378277,-0.000182301,0.000105709,-0.000721789
0.482992,0.000117065,0.000288315,9.13019e-07,-7.88255e-06,0.000193171,-3.35078e-05,0.000463609,-0.000176742,0.000672628,5.56206e-05,0.00032318,7.97219e-05,7.86103e-06,-0.000116376,2.68652e-05,-0.000127716,-0.000202936,9.93768e-05,-1.69893e-06,0.000368121,0.000137533,5.75905e-05,0.000118817,0.000169617,7.83634e-05,9.78785e-05,2.81606e-05,0.000274705,0.000391934,-0.000145667,0.000141131,4.36493e-06,0.000219851,-0.000116097,2.9863e-05,-9.80817e-05,-0.000137267,0.000147709,0.000157704,-5.98305e-06,0.000160554,0.000128619,0.000218689,0.000242608,-1.83777e-05,-7.23529e-05,0.000193373,0.000512553,-8.05607e-05,0.000106923,-1.01901e-05,3.57742e-06,-7.16382e-05,1.36744e-05,-0.000216827,-0.000181255,6.5215e-05,3.95552e-05,6.90777e-05,3.89823e-05,-1.28469e-05,-0.000202091,-2.88053e-05,1.0754e-05,-0.000423842,-0.000176301,0.00010152,-0.000710542
0.483992,0.000115247,0.000282088,-2.80241e-06,-9.09836e-06,0.000187957,-3.15694e-05,0.000461351,-0.00018224,0.000704194,5.6864e-05,0.00036648,7.63314e-05,5.42999e-06,-0.000105999,2.70968e-05,-0.000124893,-0.000209038,0.000103283,-3.30694e-07,0.000384947,0.00013195,5.81513e-05,0.000127509,0.000160933,8.08673e-05,8.78227e-05,2.30626e-05,0.000279963,0.000384427,-0.000145639,0.000136991,1.85561e-06,0.000215734,-0.00011731,2.79211e-05,-9.32391e-05,-0.00014461,0.000147304,0.000152537,-1.20932e-05,0.000149383,0.000121329,0.000211455,0.000269568,-2.05799e-05,-7.65515e-05,0.000188006,0.000522129,-7.88286e-05,0.000104421,-1.12839e-05,5.30262e-06,-6.29476e-05,1.07804e-05,-0.000221008,-0.000181502,7.07189e-05,3.96354e-05,6.36014e-05,3.60902e-05,-8.69151e-06,-0.000196624,-2.72106e-05,1.06899e-05,-0.000464355,-0.000169699,9.7063e-05,-0.000695953
0.484992,0.000112923,0.000274676,-6.26125e-06,-1.01917e-05,0.000182029,-2.9588e-05,0.000456695,-0.000186341,0.000729991,5.76876e-05,0.000404595,7.27853e-05,3.12343e-06,-9.56446e-05,2.71817e-05,-0.000121558,-0.000213598,0.000106343,9.46616e-07,0.000398633,0.000125976,5.83505e-05,0.000135017,0.000151965,8.27892e-05,7.79389e-05,1.81438e-05,0.000283298,0.000375301,-0.000144799,0.000132379,-5.18721e-07,0.000210695,-0.000117783,2.59444e-05,-8.81746e-05,-0.00015071,0.000146119,0.000146866,-1.77813e-05,0.000138098,0.000113824,0.000203536,0.000293128,-2.25497e-05,-8.00373e-05,0.000181912,0.000528298,-7.67605e-05,0.00010148,-1.22245e-05,6.90088e-06,-5.44369e-05,7.99222e-06,-0.000223679,-0.000180756,7.55678e-05,3.94936e-05,5.81244e-05,3.31943e-05,-4.73089e-06,-0.000190409,-2.55859e-05,1.05591e-05,-0.000499799,-0.000162564,9.2374e-05,-0.000678273
0.485992,0.000110132,0.00026618,-9.45612e-06,-1.11614e-05,0.000175451,-2.75773e-05,0.000449782,-0.000189096,0.000750116,5.81093e-05,0.000437596,6.91091e-05,9.48626e-07,-8.53793e-05,2.71232e-05,-0.000117754,-0.000216663,0.00010858,2.12967e-06,0.000409235,0.000119665,5.82055e-05,0.000141344,0.000142776,8.41463e-05,6.82783e-05,1.34263e-05,0.000284789,0.000364702,-0.000143187,0.000127345,-2.7481e-06,0.000204802,-0.000117549,2.39474e-05,-8.29286e-05,-0.000155586,0.000144193,0.000140746,-2.303e-05,0.00012677,0.000106157,0.000195009,0.000313339,-2.42839e-05,-8.28252e-05,0.00017516,0.000531167,-7.43851e-05,9.81407e-05,-1.30152e-05,8.3668e-06,-4.61487e-05,5.32261e-06,-0.000224901,-0.000179058,7.97566e-05,3.91399e-05,5.26779e-05,3.03115e-05,-9.81051e-07,-0.000183517,-2.39407e-05,1.03663e-05,-0.00053019,-0.00015496,8.74905e-05,-0.000657761
0.486992,0.000106911,0.000256704,-1.23818e-05,-1.20071e-05,0.00016829,-2.55504e-05,0.00044076,-0.000190557,0.0007647,5.81485e-05,0.00046559,6.5328e-05,-1.08835e-06,-7.52652e-05,2.69257e-05,-0.000113525,-0.000218287,0.000110018,3.216e-06,0.000416829,0.000113075,5.77349e-05,0.000146504,0.000133431,8.49585e-05,5.88876e-05,8.92985e-06,0.000284522,0.000352774,-0.00014085,0.000121938,-4.82415e-06,0.000198126,-0.000116642,2.1944e-05,-7.75409e-05,-0.000159269,0.000141574,0.000134234,-2.78261e-05,0.000115466,9.83821e-05,0.00018595,0.00033027,-2.57808e-05,-8.49342e-05,0.000167821,0.00053086,-7.17319e-05,9.44435e-05,-1.36601e-05,9.69622e-06,-3.8122e-05,2.78316e-06,-0.000224741,-0.000176457,8.32848e-05,3.85856e-05,4.72915e-05,2.74577e-05,2.54425e-06,-0.000176021,-2.22844e-05,1.01164e-05,-0.000555577,-0.000146956,8.24489e-05,-0.000634685
0.487992,0.0001033,0.000246353,-1.50351e-05,-1.27291e-05,0.000160614,-2.35197e-05,0.000429783,-0.000190787,0.000773907,5.78264e-05,0.000488706,6.14661e-05,-2.98265e-06,-6.53603e-05,2.65944e-05,-0.000108919,-0.000218529,0.000110688,4.20399e-06,0.000421509,0.000106259,5.69585e-05,0.000150517,0.000123988,8.52481e-05,4.98093e-05,4.67155e-06,0.000282593,0.000339666,-0.000137838,0.000116208,-6.74009e-06,0.000190738,-0.000115101,1.99473e-05,-7.205e-05,-0.000161792,0.000138308,0.000127384,-3.216e-05,0.00010425,9.05483e-05,0.000176438,0.00034401,-2.70406e-05,-8.6387e-05,0.000159966,0.000527516,-6.88307e-05,9.04304e-05,-1.41641e-05,1.08862e-05,-3.03922e-05,3.83958e-07,-0.000223273,-0.000173007,8.61565e-05,3.78429e-05,4.19927e-05,2.46478e-05,5.83352e-06,-0.000167995,-2.06257e-05,9.81452e-06,-0.000576044,-0.000138616,7.72848e-05,-0.000609316
0.488992,9.93379e-05,0.000235231,-1.74148e-05,-1.33289e-05,0.00015249,-2.14971e-05,0.000417014,-0.000189851,0.00077793,5.71655e-05,0.000507103,5.75472e-05,-4.73063e-06,-5.5718e-05,2.61352e-05,-0.00010398,-0.000217458,0.000110624,5.09285e-06,0.000423384,9.92714e-05,5.58972e-05,0.00015341,0.000114506,8.50396e-05,4.1081e-05,6.66009e-07,0.000279103,0.000325522,-0.000134201,0.000110204,-8.49067e-06,0.000182715,-0.000112967,1.79697e-05,-6.64936e-05,-0.000163197,0.000134445,0.000120254,-3.60258e-05,9.31835e-05,8.27042e-05,0.00016655,0.000354664,-2.80653e-05,-8.72098e-05,0.000151664,0.00052129,-6.57117e-05,8.61432e-05,-1.4533e-05,1.19351e-05,-2.29907e-05,-1.86638e-06,-0.000220575,-0.000168761,8.838e-05,3.69246e-05,3.68075e-05,2.18953e-05,8.87748e-06,-0.000159511,-1.89732e-05,9.46584e-06,-0.000591705,-0.000130006,7.2033e-05,-0.000581927
0.489992,9.5066e-05,0.000223445,-1.95217e-05,-1.38085e-05,0.000143987,-1.94937e-05,0.000402618,-0.00018782,0.000776992,5.61896e-05,0.00052096,5.35937e-05,-6.32981e-06,-4.63867e-05,2.55549e-05,-9.87547e-05,-0.000215146,0.000109864,5.88256e-06,0.000422579,9.21637e-05,5.45728e-05,0.000155217,0.000105038,8.43598e-05,3.27361e-05,-3.07471e-06,0.000274157,0.000310487,-0.000129993,0.000103976,-1.00722e-05,0.00017413,-0.000110283,1.60227e-05,-6.09079e-05,-0.000163531,0.000130037,0.000112897,-3.94215e-05,8.23223e-05,7.48959e-05,0.000156359,0.000362351,-2.88585e-05,-8.74318e-05,0.000142989,0.000512352,-6.24049e-05,8.16232e-05,-1.47731e-05,1.28424e-05,-1.59453e-05,-3.96069e-06,-0.000216731,-0.00016378,8.99678e-05,3.58441e-05,3.17595e-05,1.92129e-05,1.16691e-05,-0.000150643,-1.73345e-05,9.0757e-06,-0.000602702,-0.000121191,6.67269e-05,-0.000552794
0.490992,9.05245e-05,0.0002111,-2.13585e-05,-1.41709e-05,0.000135171,-1.75198e-05,0.000386763,-0.000184767,0.000771338,5.49233e-05,0.000530479,4.96276e-05,-7.77884e-06,-3.74102e-05,2.48607e-05,-9.32888e-05,-0.000211671,0.000108449,6.57386e-06,0.000419229,8.49858e-05,5.30076e-05,0.000155977,9.56377e-05,8.32371e-05,2.48031e-05,-6.54107e-06,0.000267867,0.000294701,-0.000125267,9.75699e-05,-1.14825e-05,0.000165061,-0.000107093,1.41169e-05,-5.53274e-05,-0.000162846,0.000125138,0.000105367,-4.23485e-05,7.17187e-05,6.71669e-05,0.00014594,0.000367205,-2.94251e-05,-8.70849e-05,0.000134009,0.00050088,-5.89402e-05,7.69112e-05,-1.48913e-05,1.36085e-05,-9.27983e-06,-5.89326e-06,-0.000211825,-0.000158125,9.09361e-05,3.46156e-05,2.68705e-05,1.66119e-05,1.42035e-05,-0.000141464,-1.57173e-05,8.64948e-06,-0.000609204,-0.000112232,6.13989e-05,-0.000522188
0.491992,8.57534e-05,0.000198299,-2.29294e-05,-1.44195e-05,0.00012611,-1.55851e-05,0.000369619,-0.00018077,0.000761238,5.3392e-05,0.000535879,4.56694e-05,-9.07746e-06,-2.88272e-05,2.40607e-05,-8.76274e-05,-0.000207117,0.000106424,7.16819e-06,0.000413484,7.77854e-05,5.12245e-05,0.000155736,8.63524e-05,8.17013e-05,1.73062e-05,-9.72601e-06,0.000260347,0.000278304,-0.000120081,9.10331e-05,-1.27209e-05,0.000155583,-0.000103444,1.22621e-05,-4.9785e-05,-0.000161199,0.000119801,9.77167e-05,-4.48115e-05,6.14203e-05,5.9558e-05,0.000135365,0.000369372,-2.97718e-05,-8.62035e-05,0.000124795,0.000487065,-5.53472e-05,7.20473e-05,-1.48951e-05,1.42353e-05,-3.01419e-06,-7.65985e-06,-0.000205948,-0.00015186,9.13051e-05,3.32535e-05,2.21599e-05,1.41025e-05,1.6478e-05,-0.000132042,-1.41282e-05,8.19254e-06,-0.000611404,-0.000103191,5.60797e-05,-0.00049038
0.492992,8.07928e-05,0.000185143,-2.42404e-05,-1.45585e-05,0.000116868,-1.36986e-05,0.000351357,-0.000175909,0.00074698,5.16216e-05,0.000537395,4.17388e-05,-1.02265e-05,-2.06714e-05,2.31633e-05,-8.18147e-05,-0.000201569,0.000103834,7.66765e-06,0.000405503,7.06081e-05,4.92468e-05,0.000154543,7.72274e-05,7.97837e-05,1.02651e-05,-1.26249e-05,0.000251715,0.00026143,-0.000114489,8.44101e-05,-1.3788e-05,0.000145771,-9.93829e-05,1.04669e-05,-4.43117e-05,-0.000158651,0.00011408,8.99959e-05,-4.68185e-05,5.14704e-05,5.21076e-05,0.000124702,0.000369007,-2.99065e-05,-8.48239e-05,0.000115414,0.000471104,-5.16548e-05,6.70705e-05,-1.47923e-05,1.47253e-05,2.83542e-06,-9.2576e-06,-0.000199191,-0.00014505,9.10982e-05,3.17725e-05,1.76453e-05,1.16937e-05,1.84918e-05,-0.000122448,-1.25739e-05,7.71019e-06,-0.000609517,-9.4124e-05,5.07986e-05,-0.000457635
0.493992,7.56819e-05,0.000171732,-2.5299e-05,-1.45928e-05,0.00010751,-1.18681e-05,0.000332149,-0.000170266,0.000728868,4.96382e-05,0.000535275,3.78543e-05,-1.12276e-05,-1.29714e-05,2.21775e-05,-7.58937e-05,-0.000195116,0.000100729,8.07493e-06,0.000395454,6.34967e-05,4.70976e-05,0.000152455,6.83046e-05,7.75165e-05,3.69502e-06,-1.52353e-05,0.000242088,0.000244209,-0.000108548,7.77442e-05,-1.46858e-05,0.000135701,-9.4958e-05,8.73939e-06,-3.89366e-05,-0.000155266,0.00010803,8.22536e-05,-4.83806e-05,4.19077e-05,4.48505e-05,0.000114017,0.000366275,-2.98383e-05,-8.29842e-05,0.000105931,0.000453203,-4.78913e-05,6.20185e-05,-1.45912e-05,1.50823e-05,8.25658e-06,-1.0685e-05,-0.000191647,-0.000137762,9.03422e-05,3.01876e-05,1.33418e-05,9.39343e-06,2.02463e-05,-0.000112748,-1.106e-05,7.20765e-06,-0.000603776,-8.5088e-05,4.55831e-05,-0.00042421
0.494992,7.0459e-05,0.000158163,-2.61139e-05,-1.45276e-05,9.80976e-05,-1.01009e-05,0.000312163,-0.000163924,0.000707222,4.74682e-05,0.00052978,3.40332e-05,-1.20837e-05,-5.75101e-06,2.11124e-05,-6.99063e-05,-0.000187849,9.71562e-05,8.39331e-06,0.00038351,5.64913e-05,4.48005e-05,0.00014953,5.96221e-05,7.49328e-05,-2.39292e-06,-1.75573e-05,0.000231587,0.000226766,-0.000102314,7.10767e-05,-1.54175e-05,0.000125446,-9.02172e-05,7.08629e-06,-3.36866e-05,-0.000151111,0.000101705,7.45361e-05,-4.95114e-05,3.27663e-05,3.78191e-05,0.000103374,0.000361348,-2.95775e-05,-8.07237e-05,9.64116e-05,0.000433571,-4.40841e-05,5.69275e-05,-1.43e-05,1.53107e-05,1.32405e-05,-1.19421e-05,-0.000183409,-0.000130064,8.90665e-05,2.85138e-05,9.26244e-06,7.20825e-06,2.17445e-05,-0.000103007,-9.59191e-06,6.69001e-06,-0.000594433,-7.61353e-05,4.04592e-05,-0.000390355
0.495992,6.51613e-05,0.000144527,-2.66952e-05,-1.43688e-05,8.86893e-05,-8.40351e-06,0.000291565,-0.000156967,0.000682371,4.51377e-05,0.000521175,3.02916e-05,-1.27982e-05,9.71135e-07,1.99777e-05,-6.38926e-05,-0.000179861,9.31679e-05,8.62653e-06,0.000369853,4.96292e-05,4.23785e-05,0.000145829,5.12146e-05,7.20661e-05,-7.99177e-06,-1.95929e-05,0.00022033,0.000209221,-9.58434e-05,6.44469e-05,-1.59875e-05,0.000115076,-8.52086e-05,5.51361e-06,-2.85863e-05,-0.000146255,9.51602e-05,6.68875e-05,-5.02274e-05,2.40756e-05,3.10423e-05,9.28336e-05,0.000354403,-2.91355e-05,-7.80828e-05,8.69152e-05,0.00041242,-4.02593e-05,5.18321e-05,-1.39275e-05,1.54158e-05,1.77821e-05,-1.30298e-05,-0.000174571,-0.000122022,8.73033e-05,2.67661e-05,5.41813e-06,5.14372e-06,2.29914e-05,-9.32855e-05,-8.17442e-06,6.16221e-06,-0.000581754,-6.73153e-05,3.54507e-05,-0.000356312
0.496992,5.9825e-05,0.000130913,-2.70541e-05,-1.41225e-05,7.93418e-05,-6.78149e-06,0.000270517,-0.000149476,0.000654652,4.26727e-05,0.000509735,2.66444e-05,-1.33756e-05,7.18105e-06,1.87832e-05,-5.78909e-05,-0.000171244,8.88149e-05,8.77881e-06,0.000354665,4.29447e-05,3.98544e-05,0.000141419,4.3113e-05,6.89502e-05,-1.30984e-05,-2.13462e-05,0.000208436,0.000191687,-8.91897e-05,5.78917e-05,-1.64013e-05,0.00010466,-7.99799e-05,4.02636e-06,-2.36583e-05,-0.000140771,8.84471e-05,5.93494e-05,-5.05473e-05,1.58605e-05,2.4546e-05,8.2451e-05,0.000345622,-2.85245e-05,-7.51026e-05,7.74999e-05,0.000389965,-3.64421e-05,4.67653e-05,-1.34824e-05,1.54038e-05,2.18796e-05,-1.39506e-05,-0.000165225,-0.000113704,8.5087e-05,2.49594e-05,1.8176e-06,3.20425e-06,2.39935e-05,-8.3642e-05,-6.81175e-06,5.62897e-06,-0.000566014,-5.86745e-05,3.05798e-05,-0.00032231
0.497992,5.44845e-05,0.000117404,-2.72029e-05,-1.37953e-05,7.0109e-05,-5.23964e-06,0.000249178,-0.000141536,0.000624409,4.00985e-05,0.000495736,2.31052e-05,-1.38209e-05,1.28695e-05,1.75386e-05,-5.19376e-05,-0.000162092,8.41486e-05,8.85472e-06,0.000338135,3.6469e-05,3.72505e-05,0.000136367,3.53447e-05,6.56188e-05,-1.77136e-05,-2.28231e-05,0.000196023,0.000174269,-8.24066e-05,5.14459e-05,-1.66654e-05,9.42648e-05,-7.45779e-05,2.62863e-06,-1.89227e-05,-0.000134729,8.16174e-05,5.19605e-05,-5.04918e-05,8.14139e-06,1.83526e-05,7.22791e-05,0.000335187,-2.77574e-05,-7.18241e-05,6.82205e-05,0.00036642,-3.26562e-05,4.17577e-05,-1.29732e-05,1.52814e-05,2.55343e-05,-1.47079e-05,-0.000155464,-0.000105176,8.24537e-05,2.31082e-05,-1.5325e-06,1.39313e-06,2.47588e-05,-7.41315e-05,-5.50762e-06,5.09479e-06,-0.000547499,-5.02555e-05,2.58664e-05,-0.000288566
0.498992,4.91728e-05,0.00010408,-2.71544e-05,-1.33941e-05,6.10411e-05,-3.78198e-06,0.000227699,-0.000133228,0.000591987,3.744e-05,0.000479458,1.96862e-05,-1.414e-05,1.80316e-05,1.62541e-05,-4.6067e-05,-0.000152495,7.922e-05,8.8592e-06,0.000320448,3.02301e-05,3.45887e-05,0.00013074,2.79336e-05,6.21058e-05,-2.18413e-05,-2.40313e-05,0.000183202,0.000157069,-7.55453e-05,4.51415e-05,-1.6787e-05,8.39533e-05,-6.90486e-05,1.32361e-06,-1.43972e-05,-0.000128202,7.47212e-05,4.47566e-05,-5.00836e-05,9.3411e-07,1.24818e-05,6.23665e-05,0.000323284,-2.68477e-05,-6.82888e-05,5.91278e-05,0.000341997,-2.8924e-05,3.68382e-05,-1.24087e-05,1.50557e-05,2.87511e-05,-1.53063e-05,-0.000145377,-9.65036e-05,7.94414e-05,2.1227e-05,-4.62755e-06,-2.87344e-07,2.52968e-05,-6.48053e-05,-4.26523e-06,4.56392e-06,-0.000526501,-4.20975e-05,2.13287e-05,-0.000255286
0.499992,4.39208e-05,9.10142e-05,-2.69224e-05,-1.29258e-05,5.2185e-05,-2.41173e-06,0.000206226,-0.000124631,0.000557729,3.47212e-05,0.000461178,1.63985e-05,-1.43392e-05,2.2667e-05,1.49393e-05,-4.0311e-05,-0.000142546,7.40797e-05,8.79742e-06,0.000301792,2.42528e-05,3.18898e-05,0.00012461,2.09e-05,5.84441e-05,-2.5489e-05,-2.49802e-05,0.000170087,0.000140179,-6.86555e-05,3.90082e-05,-1.67742e-05,7.37849e-05,-6.34363e-05,1.13622e-07,-1.00975e-05,-0.000121263,6.78063e-05,3.77708e-05,-4.93469e-05,-5.74977e-06,6.94964e-06,5.27577e-05,0.000310098,-2.58095e-05,-6.45375e-05,5.02692e-05,0.000316904,-2.52663e-05,3.20332e-05,-1.17975e-05,1.47345e-05,3.15372e-05,-1.57514e-05,-0.000135052,-8.77489e-05,7.60891e-05,1.93295e-05,-7.46492e-06,-1.83593e-06,2.56182e-05,-5.57109e-05,-3.08725e-06,4.04031e-06,-0.000503316,-3.42358e-05,1.69826e-05,-0.000222659
0.500992,3.87579e-05,7.82743e-05,-2.65211e-05,-1.23978e-05,4.35842e-05,-1.13134e-06,0.000184897,-0.000115822,0.000521979,3.19651e-05,0.000441172,1.32518e-05,-1.44253e-05,2.67792e-05,1.36043e-05,-3.46993e-05,-0.000132333,6.87771e-05,8.67478e-06,0.000282351,1.8559e-05,2.9174e-05,0.000118047,1.42604e-05,5.46665e-05,-2.86672e-05,-2.56806e-05,0.000156784,0.000123684,-6.17844e-05,3.30729e-05,-1.66358e-05,6.38158e-05,-5.77839e-05,-9.9985e-07,-6.03649e-06,-0.000113984,6.09186e-05,3.10327e-05,-4.83073e-05,-1.19029e-05,1.76929e-06,4.34928e-05,0.00029581,-2.46573e-05,-6.06106e-05,4.1688e-05,0.000291347,-2.17023e-05,2.73672e-05,-1.11477e-05,1.4326e-05,3.39029e-05,-1.60496e-05,-0.000124572,-7.89737e-05,7.24368e-05,1.74291e-05,-1.00438e-05,-3.2523e-06,2.57347e-05,-4.68917e-05,-1.97586e-06,3.52764e-06,-0.000478241,-2.67021e-05,1.28421e-05,-0.000190861
0.501992,3.3711e-05,6.59229e-05,-2.59652e-05,-1.18174e-05,3.52781e-05,5.7438e-08,0.000163842,-0.000106876,0.000485072,2.91938e-05,0.000419709,1.02546e-05,-1.44057e-05,3.03757e-05,1.22584e-05,-2.92587e-05,-0.000121941,6.33602e-05,8.49683e-06,0.000262308,1.31669e-05,2.64606e-05,0.00011112,8.02835e-06,5.08047e-05,-3.13889e-05,-2.61444e-05,0.000143395,0.000107661,-5.49768e-05,2.73598e-05,-1.63811e-05,5.40979e-05,-5.21324e-05,-2.01613e-06,-2.22499e-06,-0.000106435,5.41014e-05,2.45692e-05,-4.69913e-05,-1.75219e-05,-3.04926e-06,3.46078e-05,0.0002806,-2.34056e-05,-5.65473e-05,3.34234e-05,0.000265523,-1.82497e-05,2.28621e-05,-1.04676e-05,1.38385e-05,3.58609e-05,-1.62082e-05,-0.000114019,-7.02364e-05,6.8525e-05,1.55387e-05,-1.23654e-05,-4.53707e-06,2.5659e-05,-3.83871e-05,-9.32728e-07,3.02925e-06,-0.000451572,-1.95241e-05,8.91922e-06,-0.000160054
0.502992,2.88052e-05,5.40161e-05,-2.52697e-05,-1.11918e-05,2.73023e-05,1.15359e-06,0.000143184,-9.78654e-05,0.000447337,2.64281e-05,0.000397053,7.41393e-06,-1.42879e-05,3.34673e-05,1.09112e-05,-2.4014e-05,-0.000111454,5.78755e-05,8.26921e-06,0.000241839,8.09187e-06,2.37676e-05,0.0001039,2.21371e-06,4.68892e-05,-3.36699e-05,-2.63849e-05,0.000130018,9.21812e-05,-4.82748e-05,2.18903e-05,-1.60197e-05,4.4679e-05,-4.65205e-05,-2.93531e-06,1.32854e-06,-9.86861e-05,4.73957e-05,1.84036e-05,-4.54263e-05,-2.26073e-05,-7.49902e-06,2.61342e-05,0.000264645,-2.20693e-05,-5.23859e-05,2.55104e-05,0.000239624,-1.49242e-05,1.85374e-05,-9.76487e-06,1.32808e-05,3.74262e-05,-1.6235e-05,-0.00010347,-6.1593e-05,6.43946e-05,1.36704e-05,-1.44322e-05,-5.69166e-06,2.54046e-05,-3.02323e-05,4.09229e-08,2.54815e-06,-0.000423603,-1.27256e-05,5.22381e-06,-0.000130382
0.503992,2.40632e-05,4.26044e-05,-2.44497e-05,-1.05284e-05,1.96884e-05,2.15676e-06,0.000123035,-8.88568e-05,0.000409091,2.36876e-05,0.000373461,4.73575e-06,-1.40799e-05,3.60684e-05,9.57157e-06,-1.89867e-05,-0.00010095,5.23674e-05,7.99761e-06,0.000221115,3.34612e-06,2.11121e-05,9.64549e-05,-3.17675e-06,4.29498e-05,-3.55281e-05,-2.64161e-05,0.000116746,7.7306e-05,-4.17174e-05,1.66832e-05,-1.55619e-05,3.56027e-05,-4.09849e-05,-3.75817e-06,4.61788e-06,-9.08039e-05,4.08393e-05,1.25564e-05,-4.36401e-05,-2.71632e-05,-1.15759e-05,1.80993e-05,0.000248113,-2.0663e-05,-4.81631e-05,1.79797e-05,0.000213831,-1.17399e-05,1.44103e-05,-9.04703e-06,1.26615e-05,3.86156e-05,-1.61386e-05,-9.29983e-05,-5.30961e-05,6.00861e-05,1.18355e-05,-1.62488e-05,-6.7183e-06,2.49857e-05,-2.24582e-05,9.44341e-07,2.08702e-06,-0.000394619,-6.3265e-06,1.7638e-06,-0.000101974
0.504992,1.95054e-05,3.17317e-05,-2.35204e-05,-9.83453e-06,1.24641e-05,3.06724e-06,0.000103498,-7.99145e-05,0.00037064,2.09906e-05,0.000349179,2.22471e-06,-1.37897e-05,3.8196e-05,8.24817e-06,-1.41963e-05,-9.05054e-05,4.68782e-05,7.68771e-06,0.000200301,-1.06124e-06,1.85098e-05,8.88512e-05,-8.13935e-06,3.90143e-05,-3.69833e-05,-2.6253e-05,0.000103664,6.309e-05,-3.53407e-05,1.17543e-05,-1.50179e-05,2.6908e-05,-3.55595e-05,-4.4862e-06,7.63901e-06,-8.2853e-05,3.44673e-05,7.04449e-06,-4.16608e-05,-3.11971e-05,-1.52786e-05,1.05257e-05,0.000231169,-1.92013e-05,-4.39142e-05,1.08579e-05,0.000188318,-8.70927e-06,1.04957e-05,-8.32112e-06,1.19895e-05,3.94478e-05,-1.59281e-05,-8.26711e-05,-4.47949e-05,5.56398e-05,1.00447e-05,-1.78208e-05,-7.61992e-06,2.44169e-05,-1.50916e-05,1.77721e-06,1.64819e-06,-0.000364902,-3.43002e-07,-1.45484e-06,-7.49432e-05
0.505992,1.51501e-05,2.1436e-05,-2.24967e-05,-9.1172e-06,5.65268e-06,3.88592e-06,8.4668e-05,-7.10983e-05,0.000332277,1.83537e-05,0.000324441,-1.15739e-07,-1.34257e-05,3.98699e-05,6.9492e-06,-9.65897e-06,-8.01904e-05,4.14476e-05,7.34512e-06,0.000179553,-5.12402e-06,1.59753e-05,8.11537e-05,-1.26734e-05,3.51096e-05,-3.80571e-05,-2.59111e-05,9.08525e-05,4.95798e-05,-2.91776e-05,7.11687e-06,-1.43981e-05,1.86294e-05,-3.02759e-05,-5.12146e-06,1.039e-05,-7.48951e-05,2.83115e-05,1.88188e-06,-3.95166e-05,-3.47197e-05,-1.86084e-05,3.43217e-06,0.000213969,-1.76984e-05,-3.96724e-05,4.16706e-06,0.000163247,-5.84272e-06,6.80583e-06,-7.59376e-06,1.12735e-05,3.99432e-05,-1.5613e-05,-7.25521e-05,-3.6735e-05,5.10951e-05,8.30771e-06,-1.91554e-05,-8.40013e-06,2.37131e-05,-8.15472e-06,2.53961e-06,1.23367e-06,-0.00033472,5.21258e-06,-4.42803e-06,-4.93846e-05
0.506992,1.10129e-05,1.17491e-05,-2.13936e-05,-8.38335e-06,-7.26322e-07,4.61424e-06,6.66274e-05,-6.24635e-05,0.000294277,1.57924e-05,0.00029947,-2.28332e-06,-1.2996e-05,4.11124e-05,5.68232e-06,-5.38871e-06,-7.0071e-05,3.61125e-05,6.97536e-06,0.00015902,-8.83885e-06,1.35219e-05,7.34246e-05,-1.67808e-05,3.12605e-05,-3.87724e-05,-2.54064e-05,7.83847e-05,3.68147e-05,-2.32574e-05,2.78139e-06,-1.3713e-05,1.07966e-05,-2.51626e-05,-5.66661e-06,1.28709e-05,-6.69887e-05,2.24007e-05,-2.92066e-06,-3.72354e-05,-3.77447e-05,-2.15693e-05,-3.16714e-06,0.000196661,-1.61683e-05,-3.54691e-05,-2.07503e-06,0.00013877,-3.14907e-06,3.35081e-06,-6.87115e-06,1.05223e-05,4.01233e-05,-1.5203e-05,-6.26997e-05,-2.89581e-05,4.64907e-05,6.63349e-06,-2.02611e-05,-9.06311e-06,2.28895e-05,-1.66586e-06,3.23205e-06,8.45073e-07,-0.000304334,1.03316e-05,-7.15353e-06,-2.53787e-05
0.507992,7.10731e-06,2.69646e-06,-2.02256e-05,-7.63968e-06,-6.65758e-06,5.25417e-06,4.945e-05,-5.40607e-05,0.000256899,1.33204e-05,0.000274477,-4.27688e-06,-1.2509e-05,4.19476e-05,4.45466e-06,-1.39663e-06,-6.02079e-05,3.09073e-05,6.5838e-06,0.000138838,-1.22051e-05,1.11614e-05,6.57229e-05,-2.04665e-05,2.74902e-05,-3.91533e-05,-2.47551e-05,6.63272e-05,2.48262e-05,-1.76065e-05,-1.24429e-06,-1.29729e-05,3.43487e-06,-2.02454e-05,-6.12478e-06,1.50836e-05,-5.91887e-05,1.67602e-05,-7.35538e-06,-3.48447e-05,-4.02882e-05,-2.41673e-05,-9.26202e-06,0.000179385,-1.46245e-05,-3.13334e-05,-7.8547e-06,0.000115024,-6.35356e-07,1.38359e-07,-6.15897e-06,9.74426e-06,4.00107e-05,-1.47081e-05,-5.31667e-05,-2.15018e-05,4.18635e-05,5.03004e-06,-2.11473e-05,-9.61357e-06,2.19614e-05,4.36098e-06,3.85538e-06,4.8372e-07,-0.000273989,1.50088e-05,-9.63086e-06,-2.98946e-06
0.508992,3.44436e-06,-5.70217e-06,-1.90067e-05,-6.89259e-06,-1.21297e-05,5.80816e-06,3.3199e-05,-4.5936e-05,0.000220383,1.09499e-05,0.000249657,-6.09635e-06,-1.19728e-05,4.24012e-05,3.27278e-06,2.30871e-06,-5.06566e-05,2.58632e-05,6.1756e-06,0.000119137,-1.52246e-05,8.90436e-06,5.81046e-05,-2.37374e-05,2.38202e-05,-3.92247e-05,-2.39738e-05,5.47395e-05,1.36386e-05,-1.22473e-05,-4.95487e-06,-1.21882e-05,-3.43535e-06,-1.55473e-05,-6.49958e-06,1.7032e-05,-5.1546e-05,1.14122e-05,-1.14175e-05,-3.23713e-05,-4.2369e-05,-2.64109e-05,-1.48463e-05,0.000162271,-1.30797e-05,-2.72922e-05,-1.31625e-05,9.21371e-05,1.69311e-06,-2.82606e-06,-5.46241e-06,8.94763e-06,3.96288e-05,-1.41385e-05,-4.40004e-05,-1.43995e-05,3.72493e-05,3.5044e-06,-2.18244e-05,-1.00567e-05,2.09439e-05,9.91583e-06,4.4108e-06,1.50575e-07,-0.000243916,1.92427e-05,-1.18612e-05,1.77351e-05
0.509992,3.28039e-08,-1.3433e-05,-1.77506e-05,-6.14817e-06,-1.71351e-05,6.27907e-06,1.79272e-05,-3.81302e-05,0.000184949,8.69168e-06,0.00022519,-7.74268e-06,-1.13954e-05,4.25005e-05,2.14258e-06,5.72128e-06,-4.14671e-05,2.10082e-05,5.75572e-06,0.000100034,-1.79017e-05,6.75991e-06,5.06219e-05,-2.6603e-05,2.02699e-05,-3.90121e-05,-2.30789e-05,4.3674e-05,3.26929e-06,-7.1991e-06,-8.34751e-06,-1.13689e-05,-9.79815e-06,-1.10881e-05,-6.79499e-06,1.87215e-05,-4.41077e-05,6.37544e-06,-1.51051e-05,-2.9841e-05,-4.40076e-05,-2.83105e-05,-1.99177e-05,0.000145439,-1.15462e-05,-2.337e-05,-1.79928e-05,7.02218e-05,3.8327e-06,-5.53913e-06,-4.78614e-06,8.14035e-06,3.90015e-05,-1.35042e-05,-3.52426e-05,-7.68034e-06,3.2682e-05,2.06271e-06,-2.23038e-05,-1.0398e-05,1.98519e-05,1.49927e-05,4.89983e-06,-1.53714e-07,-0.000214333,2.30348e-05,-1.38473e-05,3.6762e-05
0.510992,-3.12088e-06,-2.0488e-05,-1.64703e-05,-5.41215e-06,-2.16701e-05,6.67015e-06,3.67736e-06,-3.06794e-05,0.000150796,6.55472e-06,0.000201241,-9.21784e-06,-1.07846e-05,4.22737e-05,1.06935e-06,8.83751e-06,-3.26835e-05,1.63672e-05,5.32886e-06,8.16335e-05,-2.0243e-05,4.73582e-06,4.33232e-05,-2.90747e-05,1.68567e-05,-3.85414e-05,-2.20866e-05,3.3176e-05,-6.2712e-06,-2.47774e-06,-1.14218e-05,-1.05245e-05,-1.56422e-05,-6.88496e-06,-7.01534e-06,2.01589e-05,-3.69165e-05,1.66531e-06,-1.84189e-05,-2.72788e-05,-4.52268e-05,-2.98783e-05,-2.44776e-05,0.000128999,-1.00355e-05,-1.9589e-05,-2.2344e-05,4.9378e-05,5.78136e-06,-7.99961e-06,-4.13433e-06,7.32996e-06,3.81531e-05,-1.28153e-05,-2.69296e-05,-1.3691e-06,2.81932e-05,7.10108e-07,-2.25975e-05,-1.06435e-05,1.87002e-05,1.95892e-05,5.32428e-06,-4.2881e-07,-0.000185439,2.63896e-05,-1.55933e-05,5.40733e-05
0.511992,-6.01243e-06,-2.68644e-05,-1.51781e-05,-4.68987e-06,-2.57345e-05,6.985e-06,-9.51778e-06,-2.36144e-05,0.000118102,4.54658e-06,0.000177961,-1.05247e-05,-1.0148e-05,4.17496e-05,5.76607e-08,1.16562e-05,-2.43446e-05,1.19621e-05,4.89943e-06,6.40314e-05,-2.2257e-05,2.83849e-06,3.62527e-05,-3.11659e-05,1.35962e-05,-3.78385e-05,-2.1013e-05,2.32837e-05,-1.49788e-05,1.90441e-06,-1.41794e-05,-9.66432e-06,-2.09604e-05,-2.9517e-06,-7.16523e-06,2.13528e-05,-3.00108e-05,-2.70607e-06,-2.13623e-05,-2.47083e-05,-4.60506e-05,-3.11279e-05,-2.85308e-05,0.000113051,-8.55818e-06,-1.59685e-05,-2.62182e-05,2.96919e-05,7.53863e-06,-1.02082e-05,-3.51057e-06,6.52359e-06,3.7108e-05,-1.20818e-05,-1.90919e-05,4.51378e-06,2.38128e-05,-5.49198e-07,-2.27178e-05,-1.07992e-05,1.75029e-05,2.37068e-05,5.68623e-06,-6.74669e-07,-0.000157416,2.93148e-05,-1.7105e-05,6.96648e-05
0.512992,-8.63973e-06,-3.25647e-05,-1.38855e-05,-3.98627e-06,-2.93315e-05,7.2275e-06,-2.16353e-05,-1.69615e-05,8.70238e-05,2.6733e-06,0.000155481,-1.16669e-05,-9.49292e-06,4.09578e-05,-8.88575e-07,1.41784e-05,-1.64829e-05,7.81107e-06,4.47151e-06,4.73097e-05,-2.39542e-05,1.07294e-06,2.94505e-05,-3.28916e-05,1.05017e-05,-3.69295e-05,-1.98736e-05,1.40282e-05,-2.28557e-05,5.93829e-06,-1.66243e-05,-8.79723e-06,-2.57502e-05,7.0057e-07,-7.24948e-06,2.23126e-05,-2.34242e-05,-6.7298e-06,-2.39411e-05,-2.21518e-05,-4.65043e-05,-3.20748e-05,-3.20854e-05,9.76825e-05,-7.12409e-06,-1.25257e-05,-2.96207e-05,1.12359e-05,9.10548e-06,-1.21675e-05,-2.91797e-06,5.7279e-06,3.58906e-05,-1.13132e-05,-1.17545e-05,9.95221e-06,1.95679e-05,-1.71196e-06,-2.26779e-05,-1.08715e-05,1.62736e-05,2.73501e-05,5.98801e-06,-8.91524e-07,-0.000130429,3.18207e-05,-1.83891e-05,8.35459e-05
0.513992,-1.10027e-05,-3.75962e-05,-1.26034e-05,-3.30582e-06,-3.24676e-05,7.40176e-06,-3.26618e-05,-1.07415e-05,5.7695e-05,9.39376e-07,0.000133919,-1.26491e-05,-8.82616e-06,3.99276e-05,-1.76615e-06,1.64072e-05,-9.12564e-06,3.92949e-06,4.0489e-06,3.1539e-05,-2.53468e-05,-5.57101e-07,2.2952e-05,-3.42682e-05,7.58447e-06,-3.58399e-05,-1.86835e-05,5.43364e-06,-2.99096e-05,9.61805e-06,-1.87624e-05,-7.93148e-06,-3.00129e-05,4.06367e-06,-7.27308e-06,2.30491e-05,-1.71862e-05,-1.04002e-05,-2.61633e-05,-1.963e-05,-4.66144e-05,-3.27352e-05,-3.51526e-05,8.29716e-05,-5.74213e-06,-9.27499e-06,-3.25604e-05,-5.93119e-06,1.04843e-05,-1.38819e-05,-2.35909e-06,4.94907e-06,3.45248e-05,-1.05191e-05,-4.93701e-06,1.49344e-05,1.54834e-05,-2.77587e-06,-2.24911e-05,-1.08668e-05,1.50253e-05,3.05272e-05,6.23214e-06,-1.07986e-06,-0.000104622,3.39197e-05,-1.94537e-05,9.57388e-05
0.514992,-1.31032e-05,-4.19709e-05,-1.13416e-05,-2.65255e-06,-3.51525e-05,7.51211e-06,-4.25929e-05,-4.97079e-06,3.02276e-05,-6.52105e-07,0.000113376,-1.34764e-05,-8.15427e-06,3.86885e-05,-2.57257e-06,1.83478e-05,-2.29401e-06,3.29282e-07,3.63502e-06,1.67779e-05,-2.64484e-05,-2.04919e-06,1.67883e-05,-3.53135e-05,4.85395e-06,-3.45946e-05,-1.74572e-05,-2.48257e-06,-3.61539e-05,1.2941e-05,-2.06013e-05,-7.07481e-06,-3.37536e-05,7.1322e-06,-7.24113e-06,2.3574e-05,-1.13214e-05,-1.37144e-05,-2.80391e-05,-1.71622e-05,-4.64078e-05,-3.31268e-05,-3.77464e-05,6.89849e-05,-4.42024e-06,-6.22829e-06,-3.50489e-05,-2.17644e-05,1.16787e-05,-1.53572e-05,-1.83599e-06,4.19272e-06,3.30342e-05,-9.70822e-06,1.34648e-06,1.94527e-05,1.15814e-05,-3.73953e-06,-2.21707e-05,-1.07918e-05,1.37705e-05,3.32489e-05,6.42134e-06,-1.24041e-06,-8.01227e-05,3.56269e-05,-2.03078e-05,0.000106277
0.515992,-1.49449e-05,-4.5705e-05,-1.01094e-05,-2.03004e-06,-3.73983e-05,7.56303e-06,-5.14329e-05,3.39177e-07,4.71112e-06,-2.09946e-06,9.39366e-05,-1.41548e-05,-7.48332e-06,3.72695e-05,-3.30601e-06,2.00072e-05,3.99618e-06,-2.98069e-06,3.23295e-06,3.07323e-06,-2.72739e-05,-3.40213e-06,1.09859e-05,-3.60464e-05,2.31737e-06,-3.32181e-05,-1.62085e-05,-9.70959e-06,-4.16066e-05,1.59074e-05,-2.21504e-05,-6.23432e-06,-3.69814e-05,9.90349e-06,-7.15881e-06,2.38997e-05,-5.8498e-06,-1.66729e-05,-2.95805e-05,-1.47657e-05,-4.59122e-05,-3.32677e-05,-3.98832e-05,5.5778e-05,-3.1654e-06,-3.39506e-06,-3.71007e-05,-3.62318e-05,1.26936e-05,-1.66007e-05,-1.35023e-06,3.46392e-06,3.14415e-05,-8.88927e-06,7.08694e-06,2.35036e-05,7.88156e-06,-4.6024e-06,-2.17303e-05,-1.06529e-05,1.25205e-05,3.55289e-05,6.5585e-06,-1.37412e-06,-5.70384e-05,3.69592e-05,-2.09613e-05,0.000115205
0.516992,-1.65333e-05,-4.88185e-05,-8.91468e-06,-1.44135e-06,-3.92202e-05,7.5591e-06,-5.91944e-05,5.1814e-06,-1.87864e-05,-3.40231e-06,7.5669e-05,-1.46908e-05,-6.81896e-06,3.56987e-05,-3.96534e-06,2.13941e-05,9.73461e-06,-5.99461e-06,2.84541e-06,-9.54002e-06,-2.78393e-05,-4.61589e-06,5.56662e-06,-3.64865e-05,-1.99557e-08,-3.17338e-05,-1.49501e-05,-1.62428e-05,-4.62906e-05,1.85202e-05,-2.34206e-05,-5.41649e-06,-3.97085e-05,1.23774e-05,-7.03129e-06,2.40395e-05,-7.87127e-07,-1.92785e-05,-3.08013e-05,-1.24564e-05,-4.51553e-05,-3.3177e-05,-4.15818e-05,4.33964e-05,-1.98359e-06,-7.82293e-07,-3.87328e-05,-4.93146e-05,1.35349e-05,-1.76212e-05,-9.02885e-07,2.76718e-06,2.97688e-05,-8.07025e-06,1.22803e-05,2.70876e-05,4.40057e-06,-5.36482e-06,-2.11833e-05,-1.04569e-05,1.12861e-05,3.73833e-05,6.64663e-06,-1.48209e-06,-3.54575e-05,3.79352e-05,-2.1425e-05,0.000122578
0.517991,-1.78754e-05,-5.13349e-05,-7.76484e-06,-8.89098e-07,-4.06352e-05,7.50496e-06,-6.58976e-05,9.55323e-06,-4.02184e-05,-4.56154e-06,5.86271e-05,-1.50913e-05,-6.16635e-06,3.40038e-05,-4.55012e-06,2.25187e-05,1.49161e-05,-8.70959e-06,2.47474e-06,-2.10382e-05,-2.81615e-05,-5.69156e-06,5.47677e-07,-3.66542e-05,-2.15463e-06,-3.01642e-05,-1.36943e-05,-2.20837e-05,-5.02328e-05,2.07853e-05,-2.44241e-05,-4.6271e-06,-4.19502e-05,1.45563e-05,-6.86372e-06,2.40071e-05,3.85545e-06,-2.15368e-05,-3.17166e-05,-1.0248e-05,-4.41648e-05,-3.2874e-05,-4.2863e-05,3.18747e-05,-8.79795e-07,1.60537e-06,-3.99643e-05,-6.10064e-05,1.42095e-05,-1.84284e-05,-4.94597e-07,2.10638e-06,2.80372e-05,-7.25866e-06,1.69274e-05,3.02086e-05,1.15241e-06,-6.02791e-06,-2.05431e-05,-1.021e-05,1.0077e-05,3.88304e-05,6.68884e-06,-1.56565e-06,-1.54497e-05,3.8575e-05,-2.17102e-05,0.000128458
0.518991,-1.89796e-05,-5.32809e-05,-6.66612e-06,-3.7539e-07,-4.16628e-05,7.40531e-06,-7.15698e-05,1.34562e-05,-5.95586e-05,-5.57918e-06,4.28494e-05,-1.53639e-05,-5.53015e-06,3.22112e-05,-5.06051e-06,2.33924e-05,1.95406e-05,-1.11256e-05,2.12294e-06,-3.14085e-05,-2.82582e-05,-6.63127e-06,-4.0581e-06,-3.65703e-05,-4.08513e-06,-2.85306e-05,-1.24521e-05,-2.72392e-05,-5.34638e-05,2.27109e-05,-2.51744e-05,-3.87129e-06,-4.37249e-05,1.64449e-05,-6.66117e-06,2.38166e-05,8.07101e-06,-2.34559e-05,-3.23431e-05,-8.15268e-06,-4.29683e-05,-3.23784e-05,-4.37495e-05,2.12379e-05,1.41994e-07,3.76555e-06,-4.08165e-05,-7.13127e-05,1.47252e-05,-1.90333e-05,-1.25564e-07,1.48484e-06,2.62665e-05,-6.46141e-06,2.10332e-05,3.28745e-05,-1.85168e-06,-6.59354e-06,-1.98227e-05,-9.91869e-06,8.90203e-06,3.98905e-05,6.68833e-06,-1.62621e-06,2.9338e-06,3.89e-05,-2.18288e-05,0.000132917
0.519991,-1.98557e-05,-5.46859e-05,-5.62387e-06,9.81295e-08,-4.23241e-05,7.26482e-06,-7.62448e-05,1.68955e-05,-7.68009e-05,-6.45835e-06,2.83605e-05,-1.55164e-05,-4.91453e-06,3.03459e-05,-5.49732e-06,2.40282e-05,2.36127e-05,-1.32451e-05,1.79165e-06,-4.0649e-05,-2.81475e-05,-7.43811e-06,-8.24229e-06,-3.62561e-05,-5.81166e-06,-2.68531e-05,-1.12336e-05,-3.17216e-05,-5.60172e-05,2.43072e-05,-2.56857e-05,-3.15345e-06,-4.50533e-05,1.80498e-05,-6.42861e-06,2.34822e-05,1.18567e-05,-2.5046e-05,-3.26983e-05,-6.18045e-06,-4.15927e-05,-3.17099e-05,-4.42652e-05,1.15009e-05,1.07877e-06,5.69802e-06,-4.1312e-05,-8.02503e-05,1.50905e-05,-1.94475e-05,2.04412e-07,9.05276e-07,2.44755e-05,-5.68479e-06,2.46073e-05,3.50961e-05,-4.60326e-06,-7.06428e-06,-1.90348e-05,-9.58911e-06,7.7691e-06,4.05854e-05,6.64836e-06,-1.66533e-06,1.96595e-05,3.89326e-05,-2.17933e-05,0.000136031
0.520991,-2.05145e-05,-5.55815e-05,-4.64251e-06,5.30288e-07,-4.26416e-05,7.08811e-06,-7.99624e-05,1.98802e-05,-9.19575e-05,-7.20313e-06,1.51715e-05,-1.5557e-05,-4.32315e-06,2.84319e-05,-5.86192e-06,2.44398e-05,2.71413e-05,-1.50731e-05,1.48214e-06,-4.87676e-05,-2.78478e-05,-8.11607e-06,-1.20007e-05,-3.57329e-05,-7.33612e-06,-2.51505e-05,-1.0048e-05,-3.5548e-05,-5.79297e-05,2.5587e-05,-2.59735e-05,-2.47731e-06,-4.59586e-05,1.93797e-05,-6.17083e-06,2.30184e-05,1.52137e-05,-2.63194e-05,-3.28009e-05,-4.33965e-06,-4.00645e-05,-3.08881e-05,-4.44355e-05,2.66996e-06,1.9285e-06,7.4046e-06,-4.14751e-05,-8.78467e-05,1.53146e-05,-1.96835e-05,4.959e-07,3.6981e-07,2.26817e-05,-4.93444e-06,2.76626e-05,3.68874e-05,-7.09658e-06,-7.44337e-06,-1.81916e-05,-9.22723e-06,6.68505e-06,4.09386e-05,6.57224e-06,-1.68467e-06,3.47114e-05,3.86959e-05,-2.16161e-05,0.000137886
0.521991,-2.0968e-05,-5.60016e-05,-3.72557e-06,9.20368e-07,-4.26392e-05,6.87972e-06,-8.27675e-05,2.24226e-05,-0.000105059,-7.81849e-06,3.28046e-06,-1.5494e-05,-3.75915e-06,2.64912e-05,-6.15624e-06,2.46418e-05,3.01396e-05,-1.66169e-05,1.19536e-06,-5.57814e-05,-2.73777e-05,-8.66995e-06,-1.53332e-05,-3.5022e-05,-8.66199e-06,-2.34401e-05,-8.90334e-06,-3.87398e-05,-5.92402e-05,2.65644e-05,-2.60536e-05,-1.8459e-06,-4.64657e-05,2.04453e-05,-5.89247e-06,2.24396e-05,1.81468e-05,-2.72901e-05,-3.267e-05,-2.63673e-06,-3.84091e-05,-2.99324e-05,-4.42864e-05,-5.25764e-06,2.69007e-06,8.889e-06,-4.13308e-05,-9.41388e-05,1.54072e-05,-1.97542e-05,7.49805e-07,-1.20007e-07,2.0901e-05,-4.21535e-06,3.02161e-05,3.82652e-05,-9.32854e-06,-7.73458e-06,-1.73049e-05,-8.83878e-06,5.65578e-06,4.09744e-05,6.46325e-06,-1.68593e-06,4.80894e-05,3.82136e-05,-2.13101e-05,0.000138567
0.522991,-2.12289e-05,-5.59811e-05,-2.87567e-06,1.26809e-06,-4.2342e-05,6.64408e-06,-8.47095e-05,2.45379e-05,-0.000116151,-8.31019e-06,-7.32593e-06,-1.53359e-05,-3.22516e-06,2.45447e-05,-6.3827e-06,2.46495e-05,3.26244e-05,-1.78859e-05,9.31929e-07,-6.17165e-05,-2.67558e-05,-9.10525e-06,-1.82436e-05,-3.41444e-05,-9.79417e-06,-2.17376e-05,-7.80672e-06,-4.13226e-05,-5.99893e-05,2.72553e-05,-2.59423e-05,-1.26154e-06,-4.66011e-05,2.12584e-05,-5.59793e-06,2.17601e-05,2.06642e-05,-2.7974e-05,-3.23254e-05,-1.07634e-06,-3.66512e-05,-2.8862e-05,-4.3845e-05,-1.22925e-05,3.36326e-06,1.01567e-05,-4.09052e-05,-9.91729e-05,1.53783e-05,-1.9673e-05,9.67333e-07,-5.63186e-07,1.91481e-05,-3.5318e-06,3.22874e-05,3.92487e-05,-1.12986e-05,-7.94224e-06,-1.63858e-05,-8.42923e-06,4.68618e-06,4.07182e-05,6.32469e-06,-1.67087e-06,5.98094e-05,3.75097e-05,-2.08882e-05,0.000138168
0.523991,-2.13107e-05,-5.55565e-05,-2.09458e-06,1.57358e-06,-4.17753e-05,6.3855e-06,-8.58417e-05,2.62439e-05,-0.000125295,-8.68467e-06,-1.66721e-05,-1.50914e-05,-2.72334e-06,2.2611e-05,-6.54418e-06,2.44788e-05,3.46159e-05,-1.88914e-05,6.92169e-07,-6.66069e-05,-2.60006e-05,-9.42811e-06,-2.07391e-05,-3.3121e-05,-1.07389e-05,-2.00575e-05,-6.7641e-06,-4.33253e-05,-6.02192e-05,2.76771e-05,-2.56566e-05,-7.25937e-07,-4.63929e-05,2.18326e-05,-5.2914e-06,2.0994e-05,2.27773e-05,-2.83879e-05,-3.17871e-05,3.38595e-07,-3.48141e-05,-2.76952e-05,-4.31384e-05,-1.84527e-05,3.94872e-06,1.12146e-05,-4.02248e-05,-0.000103003,1.52385e-05,-1.94535e-05,1.14996e-06,-9.59271e-07,1.74361e-05,-2.88742e-06,3.38994e-05,3.98594e-05,-1.30085e-05,-8.07109e-06,-1.54448e-05,-8.00374e-06,3.78016e-06,4.01958e-05,6.15983e-06,-1.64127e-06,6.99014e-05,3.66081e-05,-2.03632e-05,0.000136782
0.524991,-2.12273e-05,-5.47648e-05,-1.38327e-06,1.83738e-06,-4.09654e-05,6.10811e-06,-8.62205e-05,2.75611e-05,-0.000132568,-8.94893e-06,-2.47922e-05,-1.47692e-05,-2.25532e-06,2.07074e-05,-6.64397e-06,2.41458e-05,3.61375e-05,-1.96461e-05,4.76107e-07,-7.04939e-05,-2.513e-05,-9.6452e-06,-2.28303e-05,-3.1972e-05,-1.15037e-05,-1.84126e-05,-5.78043e-06,-4.47798e-05,-5.99732e-05,2.78481e-05,-2.52132e-05,-2.40117e-07,-4.58699e-05,2.21825e-05,-4.97678e-06,2.01548e-05,2.45005e-05,-2.85502e-05,-3.10755e-05,1.60681e-06,-3.29199e-05,-2.64499e-05,-4.21941e-05,-2.3763e-05,4.44787e-06,1.20714e-05,-3.93165e-05,-0.00010569,1.49981e-05,-1.91097e-05,1.29939e-06,-1.30832e-06,1.57767e-05,-2.28516e-06,3.50771e-05,4.01205e-05,-1.44625e-05,-8.12629e-06,-1.44918e-05,-7.56718e-06,2.9407e-06,3.94335e-05,5.97187e-06,-1.59892e-06,7.84086e-05,3.55328e-05,-1.97478e-05,0.000134504
0.525991,-2.09931e-05,-5.36435e-05,-7.41939e-07,2.06037e-06,-3.99386e-05,5.81583e-06,-8.59051e-05,2.85117e-05,-0.000138056,-9.11045e-06,-3.17295e-05,-1.43779e-05,-1.82229e-06,1.88491e-05,-6.68571e-06,2.36668e-05,3.72149e-05,-2.01644e-05,2.83507e-07,-7.34251e-05,-2.41618e-05,-9.76364e-06,-2.45311e-05,-3.0717e-05,-1.20969e-05,-1.68142e-05,-4.85964e-06,-4.57208e-05,-5.92949e-05,2.77877e-05,-2.46293e-05,1.95481e-07,-4.50617e-05,2.23236e-05,-4.65772e-06,1.92559e-05,2.58508e-05,-2.84799e-05,-3.02106e-05,2.72863e-06,-3.09895e-05,-2.51432e-05,-4.10396e-05,-2.82543e-05,4.86291e-06,1.27367e-05,-3.82068e-05,-0.000107302,1.46679e-05,-1.86553e-05,1.41753e-06,-1.61085e-06,1.41799e-05,-1.72728e-06,3.58476e-05,4.00569e-05,-1.5667e-05,-8.11328e-06,-1.35358e-05,-7.12405e-06,2.16984e-06,3.84577e-05,5.76396e-06,-1.54558e-06,8.53864e-05,3.43074e-05,-1.90545e-05,0.000131431
0.526991,-2.06228e-05,-5.22302e-05,-1.70054e-07,2.24379e-06,-3.8721e-05,5.51242e-06,-8.49562e-05,2.91198e-05,-0.000141857,-9.1771e-06,-3.75348e-05,-1.39261e-05,-1.42498e-06,1.70495e-05,-6.67335e-06,2.30584e-05,3.78763e-05,-2.04617e-05,1.13888e-07,-7.54537e-05,-2.31129e-05,-9.7909e-06,-2.58579e-05,-2.93751e-05,-1.25282e-05,-1.5272e-05,-4.00469e-06,-4.61849e-05,-5.82284e-05,2.75157e-05,-2.39215e-05,5.80995e-07,-4.39982e-05,2.22723e-05,-4.33756e-06,1.83099e-05,2.68472e-05,-2.81968e-05,-2.92123e-05,3.70585e-06,-2.90422e-05,-2.37913e-05,-3.97018e-05,-3.19627e-05,5.19667e-06,1.32213e-05,-3.69225e-05,-0.000107912,1.42585e-05,-1.8104e-05,1.50644e-06,-1.86786e-06,1.26544e-05,-1.21543e-06,3.62398e-05,3.96947e-05,-1.663e-05,-8.03776e-06,-1.25851e-05,-6.67855e-06,1.46875e-06,3.72944e-05,5.53915e-06,-1.48298e-06,9.0901e-05,3.29548e-05,-1.82955e-05,0.000127658
0.527991,-2.01311e-05,-5.0562e-05,3.33574e-07,2.38918e-06,-3.73386e-05,5.20138e-06,-8.34358e-05,2.94106e-05,-0.000144079,-9.157e-06,-4.2266e-05,-1.34221e-05,-1.06369e-06,1.53202e-05,-6.61109e-06,2.23366e-05,3.81515e-05,-2.05545e-05,-3.34429e-08,-7.66378e-05,-2.19997e-05,-9.73472e-06,-2.68295e-05,-2.79644e-05,-1.28076e-05,-1.37943e-05,-3.21756e-06,-4.62102e-05,-5.68175e-05,2.70526e-05,-2.31066e-05,9.17094e-07,-4.27096e-05,2.20454e-05,-4.01935e-06,1.73289e-05,2.75109e-05,-2.77212e-05,-2.81002e-05,4.54163e-06,-2.70957e-05,-2.24095e-05,-3.82075e-05,-3.49292e-05,5.45264e-06,1.3537e-05,-3.54895e-05,-0.000107595,1.37805e-05,-1.74692e-05,1.56832e-06,-2.08072e-06,1.12073e-05,-7.50604e-07,3.62837e-05,3.9061e-05,-1.73618e-05,-7.90561e-06,-1.16474e-05,-6.23448e-06,8.37774e-07,3.59695e-05,5.30039e-06,-1.4128e-06,9.50281e-05,3.14974e-05,-1.74825e-05,0.000123281
0.528991,-1.95325e-05,-4.86755e-05,7.70743e-07,2.49834e-06,-3.58169e-05,4.88598e-06,-8.14064e-05,2.94106e-05,-0.000144835,-9.05846e-06,-4.59864e-05,-1.28741e-05,-7.38347e-07,1.36708e-05,-6.50333e-06,2.15176e-05,3.8072e-05,-2.04601e-05,-1.59376e-07,-7.70392e-05,-2.08377e-05,-9.60301e-06,-2.74671e-05,-2.65021e-05,-1.29462e-05,-1.23879e-05,-2.49936e-06,-4.58362e-05,-5.51055e-05,2.6419e-05,-2.22008e-05,1.20494e-06,-4.12255e-05,2.16604e-05,-3.70583e-06,1.63242e-05,2.78649e-05,-2.70737e-05,-2.68933e-05,5.24037e-06,-2.51664e-05,-2.10121e-05,-3.65825e-05,-3.71985e-05,5.63481e-06,1.36962e-05,-3.39331e-05,-0.000106432,1.3244e-05,-1.67641e-05,1.60543e-06,-2.25116e-06,9.84428e-06,-3.33219e-07,3.60106e-05,3.81834e-05,-1.7874e-05,-7.72279e-06,-1.07293e-05,-5.79531e-06,2.76455e-07,3.45083e-05,5.05052e-06,-1.33662e-06,9.78515e-05,2.99568e-05,-1.66267e-05,0.000118391
0.529991,-1.88418e-05,-4.66065e-05,1.14379e-06,2.57333e-06,-3.41808e-05,4.56926e-06,-7.89303e-05,2.91468e-05,-0.000144248,-8.88984e-06,-4.87641e-05,-1.229e-05,-4.48472e-07,1.21094e-05,-6.35461e-06,2.06169e-05,3.76699e-05,-2.01961e-05,-2.64964e-07,-7.67229e-05,-1.96416e-05,-9.40379e-06,-2.77934e-05,-2.50045e-05,-1.29552e-05,-1.10583e-05,-1.85032e-06,-4.5103e-05,-5.31347e-05,2.56356e-05,-2.12199e-05,1.44612e-06,-3.95755e-05,2.11346e-05,-3.39945e-06,1.53065e-05,2.79332e-05,-2.62748e-05,-2.56101e-05,5.8076e-06,-2.32687e-05,-1.96121e-05,-3.48517e-05,-3.88185e-05,5.74767e-06,1.3712e-05,-3.2278e-05,-0.000104506,1.26592e-05,-1.60014e-05,1.62012e-06,-2.38128e-06,8.56965e-06,3.68762e-08,3.5452e-05,3.70898e-05,-1.81795e-05,-7.49533e-06,-9.83682e-06,-5.36414e-06,-2.16371e-07,3.29353e-05,4.79224e-06,-1.25597e-06,9.94617e-05,2.83533e-05,-1.5739e-05,0.000113079
0.530991,-1.80731e-05,-4.43895e-05,1.45555e-06,2.61639e-06,-3.24543e-05,4.25397e-06,-7.60695e-05,2.86468e-05,-0.000142441,-8.65954e-06,-5.06709e-05,-1.16776e-05,-1.93271e-07,1.06421e-05,-6.16956e-06,1.96498e-05,3.69784e-05,-1.97805e-05,-3.51401e-07,-7.5756e-05,-1.84251e-05,-9.14506e-06,-2.78326e-05,-2.34867e-05,-1.28464e-05,-9.80941e-06,-1.26992e-06,-4.40508e-05,-5.09463e-05,2.47229e-05,-2.01789e-05,1.64265e-06,-3.77882e-05,2.04855e-05,-3.10232e-06,1.42857e-05,2.77409e-05,-2.5345e-05,-2.4268e-05,6.24984e-06,-2.14157e-05,-1.82217e-05,-3.30393e-05,-3.98396e-05,5.79609e-06,1.35978e-05,-3.05475e-05,-0.000101899,1.20356e-05,-1.51933e-05,1.61476e-06,-2.4734e-06,7.38634e-06,3.60352e-07,3.46397e-05,3.58085e-05,-1.82926e-05,-7.22924e-06,-8.9751e-06,-4.9437e-06,-6.42527e-07,3.12739e-05,4.52813e-06,-1.17228e-06,9.99546e-05,2.67064e-05,-1.48296e-05,0.000107432
0.531991,-1.72402e-05,-4.20576e-05,1.70925e-06,2.62993e-06,-3.06601e-05,3.94262e-06,-7.28845e-05,2.7938e-05,-0.000139542,-8.37584e-06,-5.1781e-05,-1.1044e-05,2.83587e-08,9.27349e-06,-5.95283e-06,1.86307e-05,3.60306e-05,-1.92316e-05,-4.19994e-07,-7.4207e-05,-1.72008e-05,-8.83478e-06,-2.76101e-05,-2.1963e-05,-1.26319e-05,-8.64414e-06,-7.56867e-07,-4.272e-05,-4.85802e-05,2.37009e-05,-1.90923e-05,1.79685e-06,-3.58913e-05,1.97305e-05,-2.81626e-06,1.32707e-05,2.73138e-05,-2.43043e-05,-2.28839e-05,6.57445e-06,-1.96188e-05,-1.68518e-05,-3.11678e-05,-4.03142e-05,5.78525e-06,1.33671e-05,-2.87638e-05,-9.86968e-05,1.13826e-05,-1.43512e-05,1.59171e-06,-2.53011e-06,6.29606e-06,6.38358e-07,3.36057e-05,3.43669e-05,-1.82286e-05,-6.93043e-06,-8.14854e-06,-4.53637e-06,-1.00443e-06,2.95466e-05,4.26061e-06,-1.08687e-06,9.94302e-05,2.50342e-05,-1.39078e-05,0.000101531
0.532991,-1.63565e-05,-3.96422e-05,1.90849e-06,2.61651e-06,-2.88201e-05,3.63746e-06,-6.94341e-05,2.7048e-05,-0.00013568,-8.04684e-06,-5.21704e-05,-1.03962e-05,2.17788e-07,8.00652e-06,-5.70909e-06,1.75734e-05,3.48599e-05,-1.85672e-05,-4.72138e-07,-7.21452e-05,-1.59805e-05,-8.48075e-06,-2.71521e-05,-2.04461e-05,-1.23236e-05,-7.56406e-06,-3.09258e-07,-4.115e-05,-4.60743e-05,2.25892e-05,-1.79739e-05,1.91136e-06,-3.39115e-05,1.88865e-05,-2.54281e-06,1.22699e-05,2.66782e-05,-2.31723e-05,-2.14735e-05,6.78952e-06,-1.78877e-05,-1.55122e-05,-2.92589e-05,-4.02954e-05,5.72057e-06,1.30339e-05,-2.6948e-05,-9.49815e-05,1.07088e-05,-1.34861e-05,1.5533e-06,-2.55419e-06,5.29932e-06,8.72476e-07,3.23812e-05,3.27926e-05,-1.80033e-05,-6.6047e-06,-7.36073e-06,-4.1442e-06,-1.305e-06,2.77747e-05,3.99193e-06,-1.00094e-06,9.79912e-05,2.33537e-05,-1.29826e-05,9.54541e-05
0.533991,-1.54347e-05,-3.71731e-05,2.05713e-06,2.57877e-06,-2.69546e-05,3.34047e-06,-6.57751e-05,2.60035e-05,-0.000130984,-7.68044e-06,-5.19157e-05,-9.74059e-06,3.76622e-07,6.8427e-06,-5.44292e-06,1.64911e-05,3.3499e-05,-1.78053e-05,-5.09288e-07,-6.96393e-05,-1.47746e-05,-8.09058e-06,-2.6485e-05,-1.8948e-05,-1.19337e-05,-6.56971e-06,7.54107e-08,-3.93798e-05,-4.34649e-05,2.14066e-05,-1.68365e-05,1.98903e-06,-3.18742e-05,1.79699e-05,-2.28318e-06,1.12904e-05,2.58602e-05,-2.19681e-05,-2.00514e-05,6.90368e-06,-1.62306e-05,-1.42113e-05,-2.73324e-05,-3.9837e-05,5.60767e-06,1.26116e-05,-2.51193e-05,-9.08359e-05,1.00224e-05,-1.26082e-05,1.50181e-06,-2.54855e-06,4.39554e-06,1.06467e-06,3.09969e-05,3.11119e-05,-1.76332e-05,-6.25764e-06,-6.61455e-06,-3.76886e-06,-1.54764e-06,2.59781e-05,3.72419e-06,-9.1558e-07,9.57416e-05,2.16804e-05,-1.20621e-05,8.92752e-05
0.534991,-1.44869e-05,-3.46779e-05,2.15926e-06,2.5194e-06,-2.50826e-05,3.05335e-06,-6.19615e-05,2.48309e-05,-0.00012558,-7.28419e-06,-5.10933e-05,-9.08332e-06,5.06663e-07,5.78216e-06,-5.1588e-06,1.53959e-05,3.19799e-05,-1.6963e-05,-5.32938e-07,-6.67573e-05,-1.35926e-05,-7.67158e-06,-2.56356e-05,-1.74791e-05,-1.1474e-05,-5.66059e-06,4.00144e-07,-3.74468e-05,-4.0786e-05,2.01712e-05,-1.56919e-05,2.03292e-06,-2.9803e-05,1.69967e-05,-2.03835e-06,1.03388e-05,2.48859e-05,-2.07096e-05,-1.86312e-05,6.92603e-06,-1.46543e-05,-1.29566e-05,-2.5407e-05,-3.89926e-05,5.45221e-06,1.21138e-05,-2.32957e-05,-8.63399e-05,9.33109e-06,-1.17268e-05,1.43945e-06,-2.5162e-06,3.58314e-06,1.21724e-06,2.94825e-05,2.93503e-05,-1.71352e-05,-5.89462e-06,-5.91218e-06,-3.41173e-06,-1.73609e-06,2.41752e-05,3.45932e-06,-8.31769e-07,9.27857e-05,2.00284e-05,-1.11537e-05,8.30614e-05
0.535991,-1.35244e-05,-3.21821e-05,2.21913e-06,2.44114e-06,-2.32215e-05,2.77757e-06,-5.80445e-05,2.35554e-05,-0.000119593,-6.8653e-06,-4.97787e-05,-8.42994e-06,6.09874e-07,4.82378e-06,-4.86107e-06,1.42991e-05,3.03337e-05,-1.60571e-05,-5.44597e-07,-6.35658e-05,-1.24427e-05,-7.23078e-06,-2.46304e-05,-1.60488e-05,-1.09562e-05,-4.8353e-06,6.68374e-07,-3.53869e-05,-3.80691e-05,1.89e-05,-1.45512e-05,2.04621e-06,-2.77201e-05,1.59819e-05,-1.80901e-06,9.42061e-06,2.37808e-05,-1.9414e-05,-1.72254e-05,6.86593e-06,-1.3164e-05,-1.17544e-05,-2.34995e-05,-3.78152e-05,5.25992e-06,1.15534e-05,-2.14934e-05,-8.15711e-05,8.64178e-06,-1.08505e-05,1.36831e-06,-2.46023e-06,2.85967e-06,1.33276e-06,2.78667e-05,2.75321e-05,-1.65262e-05,-5.52075e-06,-5.25511e-06,-3.07387e-06,-1.8744e-06,2.23829e-05,3.19906e-06,-7.50349e-07,8.92267e-05,1.84102e-05,-1.02639e-05,7.68748e-05
0.536991,-1.25577e-05,-2.9709e-05,2.24108e-06,2.3467e-06,-2.13873e-05,2.51433e-06,-5.4072e-05,2.22011e-05,-0.000113143,-6.43057e-06,-4.80453e-05,-7.78554e-06,6.8834e-07,3.96534e-06,-4.55387e-06,1.32109e-05,2.85901e-05,-1.51035e-05,-5.45766e-07,-6.0129e-05,-1.13322e-05,-6.77478e-06,-2.34954e-05,-1.46654e-05,-1.03916e-05,-4.09165e-06,8.83887e-07,-3.32345e-05,-3.53437e-05,1.7609e-05,-1.34243e-05,2.03218e-06,-2.56461e-05,1.49399e-05,-1.5956e-06,8.54061e-06,2.25698e-05,-1.80975e-05,-1.5845e-05,6.73292e-06,-1.17634e-05,-1.06098e-05,-2.16253e-05,-3.63562e-05,5.03647e-06,1.09432e-05,-1.97272e-05,-7.66032e-05,7.96084e-06,-9.98711e-06,1.29038e-06,-2.38373e-06,2.22186e-06,1.41404e-06,2.61763e-05,2.56804e-05,-1.5823e-05,-5.14079e-06,-4.64423e-06,-2.75604e-06,-1.96685e-06,2.06166e-05,2.945e-06,-6.72043e-07,8.51658e-05,1.68372e-05,-9.39878e-06,7.07715e-05
0.537991,-1.15965e-05,-2.72796e-05,2.22948e-06,2.23876e-06,-1.95942e-05,2.26461e-06,-5.00884e-05,2.0791e-05,-0.000106346,-5.98633e-06,-4.59645e-05,-7.15474e-06,7.44241e-07,3.2036e-06,-4.24112e-06,1.21408e-05,2.67774e-05,-1.41172e-05,-5.37919e-07,-5.65082e-05,-1.02671e-05,-6.3098e-06,-2.2256e-05,-1.33358e-05,-9.79098e-06,-3.42674e-06,1.05074e-06,-3.10215e-05,-3.26365e-05,1.63129e-05,-1.23201e-05,1.99413e-06,-2.35996e-05,1.38839e-05,-1.39835e-06,7.70266e-06,2.12766e-05,-1.67749e-05,-1.45e-05,6.53657e-06,-1.04551e-05,-9.52679e-06,-1.97979e-05,-3.46657e-05,4.78741e-06,1.02951e-05,-1.80098e-05,-7.15062e-05,7.29394e-06,-9.14345e-06,1.20752e-06,-2.28976e-06,1.66579e-06,1.46405e-06,2.44371e-05,2.38165e-05,-1.50422e-05,-4.75919e-06,-4.07981e-06,-2.45873e-06,-2.01788e-06,1.88899e-05,2.69852e-06,-5.97454e-07,8.07009e-05,1.53189e-05,-8.5633e-06,6.48015e-05
0.538991,-1.06493e-05,-2.49127e-05,2.18866e-06,2.11993e-06,-1.78546e-05,2.02914e-06,-4.61341e-05,1.93462e-05,-9.93104e-05,-5.53842e-06,-4.36042e-05,-6.54162e-06,7.79807e-07,2.5345e-06,-3.92649e-06,1.1097e-05,2.49221e-05,-1.31124e-05,-5.22484e-07,-5.27618e-05,-9.25254e-06,-5.84158e-06,-2.09365e-05,-1.20659e-05,-9.16456e-06,-2.83707e-06,1.1732e-06,-2.87778e-05,-2.99717e-05,1.50252e-05,-1.12467e-05,1.93537e-06,-2.15971e-05,1.28262e-05,-1.21727e-06,6.90988e-06,1.99241e-05,-1.54601e-05,-1.31991e-05,6.28635e-06,-9.24044e-06,-8.50848e-06,-1.80292e-05,-3.27912e-05,4.51813e-06,9.62048e-06,-1.63526e-05,-6.63455e-05,6.6461e-06,-8.32559e-06,1.12146e-06,-2.18133e-06,1.18695e-06,1.4859e-06,2.26725e-05,2.19601e-05,-1.42e-05,-4.38002e-06,-3.56163e-06,-2.18218e-06,-2.03202e-06,1.72151e-05,2.46086e-06,-5.27062e-07,7.59261e-05,1.38636e-05,-7.76188e-06,5.90089e-05
0.539991,-9.72421e-06,-2.26244e-05,2.12291e-06,1.99273e-06,-1.61795e-05,1.80845e-06,-4.22459e-05,1.78867e-05,-9.21384e-05,-5.09218e-06,-4.10288e-05,-5.94977e-06,7.97296e-07,1.95321e-06,-3.61336e-06,1.00867e-05,2.30488e-05,-1.2102e-05,-5.00831e-07,-4.8944e-05,-8.29249e-06,-5.37539e-06,-1.95603e-05,-1.08605e-05,-8.52199e-06,-2.31865e-06,1.25565e-06,-2.6531e-05,-2.73707e-05,1.37582e-05,-1.02109e-05,1.85913e-06,-1.96536e-05,1.17781e-05,-1.05219e-06,6.16457e-06,1.85336e-05,-1.41655e-05,-1.19498e-05,5.99154e-06,-8.11955e-06,-7.55689e-06,-1.63297e-05,-3.07778e-05,4.23382e-06,8.92996e-06,-1.47651e-05,-6.11816e-05,6.02164e-06,-7.53872e-06,1.03374e-06,-2.06136e-06,7.8037e-07,1.48277e-06,2.09045e-05,2.01293e-05,-1.3312e-05,-4.00695e-06,-3.08896e-06,-1.92639e-06,-2.0138e-06,1.56024e-05,2.23304e-06,-4.61238e-07,7.09303e-05,1.24782e-05,-6.99811e-06,5.34316e-05
0.540991,-8.82791e-06,-2.04288e-05,2.03636e-06,1.85955e-06,-1.45781e-05,1.60284e-06,-3.84564e-05,1.64304e-05,-8.4925e-05,-4.65238e-06,-3.82987e-05,-5.38227e-06,7.98955e-07,1.45435e-06,-3.30483e-06,9.11623e-06,2.11801e-05,-1.1098e-05,-4.7425e-07,-4.51054e-05,-7.38995e-06,-4.91598e-06,-1.8149e-05,-9.72317e-06,-7.87222e-06,-1.8671e-06,1.30253e-06,-2.4306e-05,-2.48524e-05,1.25228e-05,-9.21853e-06,1.76857e-06,-1.77819e-05,1.07495e-05,-9.02737e-07,5.46831e-06,1.71249e-05,-1.29021e-05,-1.07584e-05,5.66112e-06,-7.0916e-06,-6.67317e-06,-1.47078e-05,-2.86679e-05,3.93936e-06,8.23332e-06,-1.32551e-05,-5.60695e-05,5.42423e-06,-6.7872e-06,9.45793e-07,-1.93265e-06,4.4073e-07,1.45784e-06,1.91529e-05,1.83401e-05,-1.23928e-05,-3.64327e-06,-2.66065e-06,-1.69116e-06,-1.96773e-06,1.40608e-05,2.01596e-06,-4.00242e-07,6.57972e-05,1.1168e-05,-6.27492e-06,4.81016e-05
0.541991,-7.96638e-06,-1.83374e-05,1.933e-06,1.72264e-06,-1.30579e-05,1.41245e-06,-3.4794e-05,1.49937e-05,-7.77564e-05,-4.22326e-06,-3.54696e-05,-4.84169e-06,7.86997e-07,1.03207e-06,-3.00367e-06,8.1908e-06,1.93364e-05,-1.01109e-05,-4.43947e-07,-4.12918e-05,-6.54701e-06,-4.46759e-06,-1.6723e-05,-8.65665e-06,-7.22345e-06,-1.47773e-06,1.31828e-06,-2.2125e-05,-2.24329e-05,1.13284e-05,-8.27446e-06,1.66673e-06,-1.59927e-05,9.74948e-06,-7.68435e-07,4.82201e-06,1.57164e-05,-1.16796e-05,-9.62979e-06,5.30364e-06,-6.1548e-06,-5.8576e-06,-1.31705e-05,-2.65003e-05,3.63935e-06,7.53946e-06,-1.18289e-05,-5.1059e-05,4.85687e-06,-6.07457e-06,8.58849e-07,-1.79783e-06,1.62452e-07,1.41429e-06,1.74353e-05,1.66067e-05,-1.14564e-05,-3.29184e-06,-2.27518e-06,-1.47608e-06,-1.89821e-06,1.25975e-05,1.81031e-06,-3.44233e-07,6.0604e-05,9.93713e-06,-5.59451e-06,4.3045e-05
0.542991,-7.14459e-06,-1.63597e-05,1.81661e-06,1.58412e-06,-1.16249e-05,1.23722e-06,-3.12832e-05,1.35909e-05,-7.07107e-05,-3.80849e-06,-3.25924e-05,-4.33014e-06,7.6357e-07,6.80179e-07,-2.71231e-06,7.31462e-06,1.75358e-05,-9.15016e-06,-4.11031e-07,-3.75446e-05,-5.76488e-06,-4.0339e-06,-1.53008e-05,-7.66259e-06,-6.5831e-06,-1.14566e-06,1.30728e-06,-2.00076e-05,-2.01259e-05,1.01832e-05,-7.38256e-06,1.55648e-06,-1.42951e-05,8.78566e-06,-6.48654e-07,4.22592e-06,1.43246e-05,-1.05065e-05,-8.56796e-06,4.9272e-06,-5.30658e-06,-5.1097e-06,-1.17233e-05,-2.43109e-05,3.33804e-06,6.85639e-06,-1.04913e-05,-4.61939e-05,4.32195e-06,-5.40358e-06,7.73997e-07,-1.65937e-06,-6.01966e-08,1.35524e-06,1.57674e-05,1.49415e-05,-1.05158e-05,-2.95511e-06,-1.93071e-06,-1.2806e-06,-1.80949e-06,1.12181e-05,1.61662e-06,-2.93277e-07,5.54213e-05,8.78845e-06,-4.95844e-06,3.8282e-05
0.543991,-6.36661e-06,-1.45027e-05,1.69071e-06,1.44588e-06,-1.02836e-05,1.07696e-06,-2.79443e-05,1.22347e-05,-6.38568e-05,-3.41121e-06,-2.97133e-05,-3.8492e-06,7.30737e-07,3.92292e-07,-2.43286e-06,6.49098e-06,1.57943e-05,-8.22397e-06,-3.76506e-07,-3.39004e-05,-5.04395e-06,-3.6181e-06,-1.38992e-05,-6.74179e-06,-5.95776e-06,-8.65889e-07,1.27376e-06,-1.79709e-05,-1.79423e-05,9.09401e-06,-6.54577e-06,1.4405e-06,-1.2696e-05,7.86461e-06,-5.42667e-07,3.67971e-06,1.29641e-05,-9.38973e-06,-7.5757e-06,4.53933e-06,-4.54366e-06,-4.42829e-06,-1.03702e-05,-2.21315e-05,3.03928e-06,6.19116e-06,-9.24531e-06,-4.15121e-05,3.82123e-06,-4.77622e-06,6.92158e-07,-1.51955e-06,-2.33005e-07,1.28367e-06,1.41625e-05,1.33548e-05,-9.58261e-06,-2.63511e-06,-1.62514e-06,-1.104e-06,-1.70564e-06,9.9268e-06,1.4353e-06,-2.47355e-07,5.03125e-05,7.72358e-06,-4.36765e-06,3.38277e-05
0.544991,-5.63559e-06,-1.27715e-05,1.55859e-06,1.30968e-06,-9.03679e-06,9.31327e-07,-2.47937e-05,1.09357e-05,-5.72543e-05,-3.03398e-06,-2.68728e-05,-3.40002e-06,6.90455e-07,1.61924e-07,-2.1671e-06,5.72223e-06,1.41255e-05,-7.33923e-06,-3.41268e-07,-3.03909e-05,-4.38389e-06,-3.2228e-06,-1.25332e-05,-5.89418e-06,-5.35321e-06,-6.33371e-07,1.22181e-06,-1.60289e-05,-1.58906e-05,8.06621e-06,-5.76609e-06,1.32128e-06,-1.12008e-05,6.99173e-06,-4.49659e-07,3.18254e-06,1.1648e-05,-8.33494e-06,-6.65476e-06,4.14693e-06,-3.86215e-06,-3.81158e-06,-9.11354e-06,-1.99908e-05,2.74653e-06,5.54986e-06,-8.09292e-06,-3.7046e-05,3.35588e-06,-4.1938e-06,6.14095e-07,-1.38042e-06,-3.61735e-07,1.20247e-06,1.26321e-05,1.18549e-05,-8.66753e-06,-2.33347e-06,-1.35616e-06,-9.45472e-07,-1.59046e-06,8.72646e-06,1.26656e-06,-2.06372e-07,4.53338e-05,6.74304e-06,-3.82248e-06,2.96919e-05
0.545991,-4.95382e-06,-1.11692e-05,1.42321e-06,1.17703e-06,-7.88612e-06,7.99846e-07,-2.18437e-05,9.70279e-06,-5.09539e-05,-2.67886e-06,-2.41065e-05,-2.98332e-06,6.44554e-07,-1.73954e-08,-1.91644e-06,5.00985e-06,1.25406e-05,-6.50158e-06,-3.06099e-07,-2.70428e-05,-3.78369e-06,-2.85013e-06,-1.12157e-05,-5.11896e-06,-4.77436e-06,-4.43116e-07,1.15526e-06,-1.41932e-05,-1.3977e-05,7.10397e-06,-5.04473e-06,1.20106e-06,-9.81283e-06,6.17124e-06,-3.68752e-07,2.7331e-06,1.03872e-05,-7.34648e-06,-5.8059e-06,3.75626e-06,-3.25771e-06,-3.25724e-06,-7.95459e-06,-1.79133e-05,2.46283e-06,4.93765e-06,-7.03464e-06,-3.28219e-05,2.92655e-06,-3.65693e-06,5.40418e-07,-1.24383e-06,-4.52039e-07,1.11431e-06,1.11852e-05,1.04484e-05,-7.77995e-06,-2.05143e-06,-1.12128e-06,-8.04074e-07,-1.4675e-06,7.6185e-06,1.11052e-06,-1.70167e-07,4.05339e-05,5.84634e-06,-3.32278e-06,2.58796e-05
0.546991,-4.3228e-06,-9.697e-06,1.28725e-06,1.04928e-06,-6.83187e-06,6.81948e-07,-1.91031e-05,8.54303e-06,-4.49971e-05,-2.34737e-06,-2.14447e-05,-2.5994e-06,5.94723e-07,-1.52023e-07,-1.682e-06,4.3545e-06,1.10487e-05,-5.71548e-06,-2.71671e-07,-2.3878e-05,-3.24177e-06,-2.50169e-06,-9.95768e-06,-4.41464e-06,-4.22531e-06,-2.90235e-07,1.07771e-06,-1.24728e-05,-1.22055e-05,6.21021e-06,-4.38207e-06,1.08187e-06,-8.5341e-06,5.40629e-06,-2.99022e-07,2.32967e-06,9.19082e-06,-6.42746e-06,-5.02901e-06,3.37286e-06,-2.72559e-06,-2.76249e-06,-6.89328e-06,-1.59202e-05,2.19081e-06,4.35873e-06,-6.06984e-06,-2.88603e-05,2.53337e-06,-3.16564e-06,4.7159e-07,-1.11139e-06,-5.09384e-07,1.02168e-06,9.82902e-06,9.14004e-06,-6.92796e-06,-1.78985e-06,-9.17939e-07,-6.78806e-07,-1.34e-06,6.60316e-06,9.67121e-07,-1.38525e-07,3.59538e-05,5.03209e-06,-2.86787e-06,2.23913e-05
0.547991,-3.74323e-06,-8.35452e-06,1.15307e-06,9.27547e-07,-5.87311e-06,5.76975e-07,-1.65771e-05,7.4617e-06,-3.94163e-05,-2.04058e-06,-1.89126e-05,-2.24815e-06,5.42499e-07,-2.48116e-07,-1.46455e-06,3.75611e-06,9.65667e-06,-4.9842e-06,-2.38542e-07,-2.09137e-05,-2.75601e-06,-2.17863e-06,-8.7683e-06,-3.77909e-06,-3.70931e-06,-1.70009e-07,9.92475e-07,-1.08742e-05,-1.05778e-05,5.38667e-06,-3.77776e-06,9.65455e-07,-7.3649e-06,4.69898e-06,-2.39517e-07,1.97017e-06,8.06629e-06,-5.57979e-06,-4.32314e-06,3.00155e-06,-2.26076e-06,-2.32418e-06,-5.92842e-06,-1.40286e-05,1.93263e-06,3.81637e-06,-5.19682e-06,-2.51764e-05,2.17603e-06,-2.7194e-06,4.07938e-07,-9.84455e-07,-5.38994e-07,9.26854e-07,8.5688e-06,7.93281e-06,-6.11838e-06,-1.54922e-06,-7.43478e-07,-5.68605e-07,-1.21089e-06,5.67955e-06,8.36216e-07,-1.11183e-07,3.1627e-05,4.29806e-06,-2.45667e-06,1.92234e-05
