timestamp,bankssts-lh,bankssts-rh,caudalanteriorcingulate-lh,caudalanteriorcingulate-rh,caudalmiddlefrontal-lh,caudalmiddlefrontal-rh,cuneus-lh,cuneus-rh,entorhinal-lh,entorhinal-rh,frontalpole-lh,frontalpole-rh,fusiform-lh,fusiform-rh,inferiorparietal-lh,inferiorparietal-rh,inferiortemporal-lh,inferiortemporal-rh,insula-lh,insula-rh,isthmuscingulate-lh,isthmuscingulate-rh,lateraloccipital-lh,lateraloccipital-rh,lateralorbitofrontal-lh,lateralorbitofrontal-rh,lingual-lh,lingual-rh,medialorbitofrontal-lh,medialorbitofrontal-rh,middletemporal-lh,middletemporal-rh,paracentral-lh,paracentral-rh,parahippocampal-lh,parahippocampal-rh,parsopercularis-lh,parsopercularis-rh,parsorbitalis-lh,parsorbitalis-rh,parstriangularis-lh,parstriangularis-rh,pericalcarine-lh,pericalcarine-rh,postcentral-lh,postcentral-rh,posteriorcingulate-lh,posteriorcingulate-rh,precentral-lh,precentral-rh,precuneus-lh,precuneus-rh,rostralanteriorcingulate-lh,rostralanteriorcingulate-rh,rostralmiddlefrontal-lh,rostralmiddlefrontal-rh,superiorfrontal-lh,superiorfrontal-rh,superiorparietal-lh,superiorparietal-rh,superiortemporal-lh,superiortemporal-rh,supramarginal-lh,supramarginal-rh,temporalpole-lh,temporalpole-rh,transversetemporal-lh,transversetemporal-rh
0,-0.00426452,4.85001e-05,-0.00208654,-0.0013534,0.00142153,-0.000677492,0.000464678,0.000793396,0.00382689,0.000595849,0.00420546,0.00802372,0.00479163,0.00109232,-0.000119473,-0.000202208,0.00257306,0.000569271,0.00842948,0.000905745,0.00113855,0.00444612,-5.76493e-05,0.00084714,0.00286256,0.00023312,0.003335,0.00115216,0.00372169,0.00455385,-0.00237495,0.000146549,0.00128902,-0.00212681,0.00527331,0.00234955,-7.99271e-05,-0.000896422,0.00107188,-1.48445e-05,0.000687995,-0.000835121,0.000163005,0.000407442,-0.000582284,0.000687574,-0.000110556,0.000973919,-0.000242154,-0.000197938,0.000237762,0.0015983,0.00332717,0.00205868,0.00170248,-0.0011261,-0.000398233,0.000655729,-0.00125226,0.000255151,0.00061997,0.00044116,0.000781213,-0.000667768,0.000818239,0.00181999,0.00135091,-0.0004393
0.000999984,-0.00418303,7.90214e-05,-0.00192457,-0.00125862,0.00134619,-0.000584683,0.000416801,0.000797001,0.00379658,0.00058599,0.00418956,0.00784489,0.00481768,0.00109605,-7.689e-05,-0.000134319,0.00253989,0.000546147,0.00800186,0.000837511,0.00111369,0.00438629,-7.28168e-05,0.000914541,0.00285775,0.000161051,0.0033229,0.00113004,0.00368685,0.00418816,-0.00234755,0.000160289,0.00122774,-0.0019343,0.00522725,0.00231689,-6.65929e-05,-0.000833539,0.00107128,-8.12865e-05,0.000660453,-0.000754631,7.939e-05,0.000451742,-0.000541208,0.000657779,-7.47828e-05,0.000974192,-0.000217306,-0.000178189,0.000176413,0.00157553,0.00317628,0.00192158,0.00169379,-0.00104225,-0.000364975,0.000576841,-0.00120515,0.000320456,0.000416574,0.000376627,0.000730925,-0.000647228,0.000842186,0.00158485,0.00108615,-0.000239876
0.00199997,-0.0040522,0.000108253,-0.00174287,-0.00115085,0.00125654,-0.000485726,0.000365282,0.000791641,0.00372349,0.000569616,0.0041263,0.00757901,0.00478871,0.00108718,-3.39583e-05,-6.65582e-05,0.00247848,0.000517223,0.00748843,0.000760838,0.00107629,0.00427751,-8.69257e-05,0.000971093,0.00282071,8.86098e-05,0.00327338,0.00109509,0.00361084,0.00377989,-0.00229394,0.000171942,0.00115335,-0.00172241,0.00512275,0.00225829,-5.28103e-05,-0.000761875,0.00105852,-0.000146691,0.000625766,-0.00066787,-3.86957e-06,0.000490562,-0.000494596,0.000621279,-3.84876e-05,0.000963685,-0.000190347,-0.000157373,0.000114044,0.00153522,0.0029916,0.00176495,0.0016661,-0.000947771,-0.000327816,0.000492213,-0.00114417,0.000380745,0.000212458,0.00030882,0.000671055,-0.000619223,0.000856256,0.00133431,0.000811298,-4.05284e-05
0.00299995,-0.00387766,0.000135845,-0.00154583,-0.00103287,0.0011552,-0.000382534,0.000311252,0.000778152,0.00361231,0.000547524,0.0040205,0.00723731,0.00470971,0.0010669,8.64405e-06,1.01767e-07,0.0023921,0.000483415,0.00690461,0.000677527,0.00102801,0.00412553,-9.98505e-05,0.00101688,0.00275465,1.70329e-05,0.00319031,0.00104893,0.00349824,0.00333888,-0.0022171,0.000181507,0.00106823,-0.00149589,0.00496623,0.00217677,-3.88318e-05,-0.0006831,0.00103481,-0.000210406,0.000585052,-0.000576435,-8.55347e-05,0.000523679,-0.0004436,0.000579025,-2.22873e-06,0.00094347,-0.000161898,-0.000135904,5.15174e-05,0.00147943,0.00277867,0.00159267,0.00162137,-0.000845091,-0.000287632,0.000403604,-0.00107128,0.000435656,1.07608e-05,0.000239001,0.000603435,-0.000584967,0.000861075,0.00107329,0.000531741,0.000155617
0.00399993,-0.00366539,0.000161475,-0.00133789,-0.000907472,0.00104485,-0.000277016,0.000255834,0.000757438,0.00346803,0.000520548,0.0038773,0.00683154,0.00458609,0.00103647,5.02623e-05,6.47411e-05,0.00228422,0.000445665,0.0062662,0.000589397,0.00097059,0.00393642,-0.000111483,0.00105209,0.00266301,-5.24951e-05,0.00307778,0.000993224,0.00335393,0.00287505,-0.00212019,0.000189012,0.000974791,-0.00125952,0.00476451,0.00207556,-2.49023e-05,-0.000598917,0.00100143,-0.000271816,0.000539464,-0.000481923,-0.000164423,0.000550938,-0.000389388,0.000532,3.34497e-05,0.0009147,-0.000132576,-0.00011418,-1.03255e-05,0.00141033,0.00254323,0.00140868,0.00156171,-0.000736655,-0.000245308,0.000312765,-0.000988539,0.000484901,-0.000185516,0.000168417,0.00052996,-0.000545719,0.000857357,0.000806687,0.00025279,0.00034556
0.00499992,-0.00342163,0.000184857,-0.00112343,-0.000777434,0.000928132,-0.000171035,0.000200109,0.00073044,0.0032958,0.000489546,0.00370205,0.00637366,0.00442354,0.000997225,9.0278e-05,0.00012651,0.0021584,0.000404922,0.00558894,0.000498249,0.000905793,0.00371638,-0.000121732,0.00107704,0.0025494,-0.000118866,0.00294006,0.000929704,0.0031829,0.00239821,-0.00200646,0.000194507,0.000875454,-0.001018,0.00452463,0.00195794,-1.12545e-05,-0.000511023,0.000959716,-0.000330347,0.00049016,-0.000385894,-0.000239429,0.000572253,-0.000333116,0.000481196,6.80284e-05,0.000878565,-0.000102986,-9.25771e-05,-7.06771e-05,0.00133014,0.002291,0.00121688,0.00148928,-0.000624876,-0.000201724,0.000221404,-0.00089804,0.000528265,-0.000373562,9.82671e-05,0.000452538,-0.000502745,0.000845878,0.000539267,-2.04423e-05,0.000526487
0.0059999,-0.00315266,0.00020574,-0.000906671,-0.000645431,0.000807656,-6.63702e-05,0.000145101,0.000698118,0.0031008,0.000455371,0.00350014,0.00587559,0.00422784,0.000950526,0.000128121,0.000184642,0.00201819,0.000362114,0.00488817,0.000405818,0.000835378,0.00347164,-0.000130526,0.00109212,0.00241743,-0.00018107,0.00278144,0.000860092,0.00299019,0.00191776,-0.00187917,0.000198057,0.000772569,-0.000775855,0.00425362,0.00182722,1.8959e-06,-0.000421069,0.000911035,-0.000385472,0.00043828,-0.000289841,-0.000309547,0.000587601,-0.000275903,0.000427592,0.000101023,0.000836269,-7.36987e-05,-7.14423e-05,-0.000128773,0.00124108,0.00202761,0.00102104,0.00140627,-0.000512071,-0.000157732,0.000131146,-0.000801866,0.000565605,-0.000550815,2.96835e-05,0.000373044,-0.000457285,0.000827453,0.000275593,-0.00028315,0.000695819
0.00699988,-0.00286466,0.000223916,-0.000691592,-0.000513985,0.000685876,3.53198e-05,9.17512e-05,0.000661419,0.00288809,0.000418853,0.00327692,0.00534888,0.00400472,0.000897717,0.000163279,0.000238466,0.00186705,0.000318128,0.00417846,0.000313741,0.000761046,0.00320827,-0.000137809,0.00109779,0.0022707,-0.000238216,0.00260616,0.000786072,0.00278071,0.00144255,-0.00174148,0.000199749,0.000668369,-0.000537337,0.0039584,0.00168659,1.43538e-05,-0.000330629,0.000856726,-0.00043672,0.000384915,-0.000195156,-0.000373884,0.000597022,-0.000218807,0.00037213,0.00013199,0.000788993,-4.52486e-05,-5.10822e-05,-0.000183904,0.00114534,0.00175841,0.000824745,0.00131484,-0.000400418,-0.000114134,4.35052e-05,-0.000702044,0.000596845,-0.000714996,-3.62932e-05,0.000293271,-0.000410523,0.000802913,1.99142e-05,-0.000530933,0.000851258
0.00799987,-0.00256363,0.000239219,-0.000481853,-0.000385417,0.00056507,0.000132524,4.09014e-05,0.000621261,0.00266251,0.000380781,0.00303749,0.00480447,0.00375976,0.000840101,0.000195307,0.000287418,0.00170829,0.000273794,0.00347335,0.000223527,0.000684411,0.00293204,-0.000143545,0.00109455,0.00211265,-0.000289544,0.00241828,0.000709248,0.00255917,0.00098068,-0.00159643,0.000199679,0.000564918,-0.000306337,0.00364559,0.00153915,2.5948e-05,-0.000241165,0.000798083,-0.000483681,0.000331087,-0.000103113,-0.000431675,0.000600611,-0.000162805,0.000315703,0.000160538,0.000737872,-1.8116e-05,-3.17595e-05,-0.000235422,0.00104497,0.00148843,0.000631304,0.00121706,-0.000291912,-7.16745e-05,-4.01469e-05,-0.000600502,0.000621974,-0.000864152,-9.87312e-05,0.000214897,-0.00036356,0.000773085,-0.000223903,-0.000759882,0.000990826
0.00899985,-0.00225521,0.000251529,-0.000280725,-0.000261806,0.000447291,0.000223905,-6.71821e-06,0.00057851,0.00242861,0.000341887,0.00278671,0.00425251,0.00349824,0.000778912,0.000223832,0.000331043,0.001545,0.00022987,0.00278501,0.000136527,0.000606962,0.00264832,-0.000147714,0.00108297,0.00194654,-0.00033444,0.00222162,0.000631112,0.00232997,0.000539357,-0.00144687,0.000197955,0.000464073,-8.63224e-05,0.00332136,0.00138772,3.6534e-05,-0.000154007,0.000736327,-0.000526004,0.000277731,-1.48376e-05,-0.000482296,0.000598516,-0.000108774,0.000259135,0.00018633,0.000683974,7.27814e-06,-1.36876e-05,-0.00028275,0.000941902,0.00122222,0.000443701,0.00111489,-0.000188325,-3.10209e-05,-0.000118601,-0.000499032,0.000641043,-0.000996679,-0.000156822,0.000139447,-0.000317388,0.000738773,-0.000452444,-0.000966645,0.0011129
0.00999984,-0.00194464,0.000260773,-9.10422e-05,-0.00014495,0.000334335,0.000308316,-5.05002e-05,0.000533968,0.00219054,0.000302833,0.00252902,0.00370214,0.00322506,0.000715294,0.00024856,0.000369002,0.00137997,0.000187027,0.00212415,5.39175e-05,0.000530046,0.00236202,-0.000150312,0.00106363,0.00177535,-0.000372446,0.00201969,0.000553025,0.00209713,0.000124785,-0.00129536,0.000194691,0.000367454,0.000119712,0.00299136,0.00123493,4.59953e-05,-7.03295e-05,0.000672584,-0.000563405,0.000225677,6.87016e-05,-0.000525267,0.000590932,-5.74793e-05,0.00020317,0.000209086,0.000628277,3.05796e-05,2.97208e-06,-0.000325385,0.000837898,0.00096382,0.000264547,0.00101012,-9.11861e-05,7.24502e-06,-0.00019083,-0.000399257,0.00065416,-0.00111134,-0.000209891,6.82623e-05,-0.000272875,0.000700746,-0.000662789,-0.00114849,0.00121621
0.0109998,-0.00163664,0.000266923,8.4836e-05,-3.63488e-05,0.000227714,0.000384816,-8.99662e-05,0.000488359,0.00195198,0.000264202,0.00226841,0.0031614,0.00294468,0.000650283,0.000269276,0.000401069,0.00121567,0.000145843,0.00149977,-2.33176e-05,0.000454839,0.00207745,-0.000151351,0.00103712,0.00160178,-0.000403258,0.00181564,0.000476185,0.0018642,-0.000257914,-0.0011442,0.000190007,0.000276418,0.000309285,0.00266064,0.00108306,5.42445e-05,8.86088e-06,0.000607866,-0.000595665,0.00017564,0.000146709,-0.000560259,0.000578099,-9.56278e-06,0.000148464,0.000228591,0.00057166,5.15051e-05,1.81119e-05,-0.000362904,0.000734509,0.000716706,9.60456e-05,0.000904351,-1.75415e-06,4.26351e-05,-0.000255997,-0.000302612,0.000661484,-0.00120727,-0.000257405,2.48646e-06,-0.000230748,0.00065972,-0.000852557,-0.00130331,0.00129989
0.0119998,-0.00133536,0.000269997,0.000245045,6.28142e-05,0.000128643,0.000452675,-0.00012477,0.000442318,0.00171614,0.000226491,0.0020084,0.00263713,0.00266104,0.000584794,0.000285847,0.000427136,0.00105426,0.000106794,0.000919123,-9.43921e-05,0.000382339,0.00179832,-0.000150858,0.00100404,0.0014282,-0.00042673,0.00161222,0.000401624,0.00163428,-0.000604745,-0.000995371,0.000184026,0.000192047,0.000480453,0.00233355,0.000934101,6.12234e-05,8.27372e-05,0.000543064,-0.000622629,0.000128213,0.000218565,-0.000587093,0.000560294,3.44617e-05,9.55759e-05,0.000244692,0.000514887,6.98451e-05,3.16773e-05,-0.00039497,0.000633069,0.000483729,-6.00224e-05,0.000798996,7.89886e-05,7.47594e-05,-0.000313465,-0.000210326,0.000663224,-0.00128399,-0.000298973,-5.6956e-05,-0.000191589,0.000616352,-0.00101992,-0.00142971,0.00136345
0.0129998,-0.00104438,0.000270055,0.000388222,0.000151674,3.80359e-05,0.000511373,-0.000154696,0.000396392,0.0014857,0.000190106,0.00175196,0.00213491,0.00237754,0.000519613,0.00029822,0.000447199,0.000897497,7.02564e-05,0.000387681,-0.000158722,0.00031336,0.00152772,-0.000148875,0.000964979,0.00125661,-0.000442871,0.00141175,0.00033019,0.00140995,-0.000912858,-0.000850517,0.00017687,0.000115142,0.000631813,0.00201375,0.000789692,6.69027e-05,0.000150654,0.000478936,-0.000644208,8.38608e-05,0.000283832,-0.000605735,0.000537828,7.4211e-05,4.49673e-05,0.0002573,0.000458607,8.54636e-05,4.36654e-05,-0.000421328,0.000534689,0.000267118,-0.000202309,0.000695249,0.000150342,0.000103329,-0.000362798,-0.000123408,0.000659634,-0.00134138,-0.000334349,-0.000109365,-0.000155825,0.000571234,-0.00116359,-0.00152691,0.00140676
0.0139998,-0.000766633,0.000267199,0.0005135,0.00022968,-4.34953e-05,0.000560602,-0.000179654,0.000351032,0.00126281,0.000155365,0.00150153,0.00165906,0.00209702,0.000455397,0.000306416,0.00046136,0.000746789,3.65023e-05,-9.08742e-05,-0.00021592,0.000248523,0.00126807,-0.000145455,0.000920517,0.00108866,-0.000451835,0.00121615,0.00026255,0.00119326,-0.00118052,-0.000710956,0.000168664,4.62238e-05,0.000762496,0.00170419,0.000651136,7.12807e-05,0.000212147,0.000416106,-0.000660373,4.2926e-05,0.000342243,-0.000616293,0.00051104,0.000109431,-2.99823e-06,0.000266385,0.000403349,9.82968e-05,5.41213e-05,-0.000441811,0.000440247,6.84794e-05,-0.000329893,0.000594085,0.000211881,0.000128153,-0.000403751,-4.26457e-05,0.000651005,-0.00137967,-0.000363423,-0.000154265,-0.000123733,0.000524888,-0.00128287,-0.0015948,0.00143008
0.0149998,-0.000504456,0.00026157,0.000620488,0.000296585,-0.000115626,0.000600251,-0.000199675,0.000306597,0.00104912,0.000122497,0.00125905,0.00121267,0.00182178,0.000392669,0.000310532,0.000469812,0.000603186,5.70635e-06,-0.000514568,-0.000265791,0.00018827,0.00102119,-0.000140664,0.000871216,0.000925636,-0.000453911,0.00102689,0.00019919,0.000985784,-0.00140708,-0.000577678,0.000159527,-1.44544e-05,0.00087215,0.00140711,0.000519404,7.43811e-05,0.000266925,0.000355067,-0.000671152,5.62771e-06,0.000393704,-0.000619006,0.000480296,0.000139992,-4.80528e-05,0.000271977,0.000349526,0.00010835,6.3134e-05,-0.000456337,0.0003504,-0.000111182,-0.000442264,0.00049627,0.000263449,0.000149139,-0.000436271,3.13905e-05,0.000637662,-0.00139941,-0.000386218,-0.000191404,-9.54456e-05,0.000477763,-0.00137754,-0.00163391,0.001434
0.0159997,-0.000259583,0.000253339,0.000709238,0.000352426,-0.0001783,0.000630396,-0.000214898,0.000263357,0.00084577,9.16468e-05,0.00102592,0.000797684,0.00155359,0.00033183,0.000310727,0.000472829,0.000467399,-2.20492e-05,-0.000883029,-0.000308316,0.000132864,0.000788265,-0.000134578,0.000817621,0.000768507,-0.000449509,0.000845059,0.000140421,0.000788587,-0.00159287,-0.000451364,0.000149577,-6.68906e-05,0.000960901,0.00112408,0.000395151,7.62513e-05,0.000314864,0.000296184,-0.000676629,-2.79291e-05,0.000438272,-0.000614233,0.000445981,0.000165882,-9.00188e-05,0.00027416,0.00029744,0.000115691,7.083e-05,-0.000464905,0.000265588,-0.000271429,-0.000539297,0.000402364,0.000305135,0.000166284,-0.000460475,9.83415e-05,0.000619962,-0.00140146,-0.000402874,-0.000220737,-7.09571e-05,0.000430242,-0.0014479,-0.00164531,0.00141942
0.0169997,-3.31848e-05,0.000242709,0.000780208,0.000397492,-0.000231706,0.000651278,-0.000225559,0.0002215,0.000653462,6.28833e-05,0.000803085,0.000414962,0.00129373,0.000273162,0.000307221,0.000470761,0.000339825,-4.67666e-05,-0.00119734,-0.000343637,8.24078e-05,0.000569964,-0.000127284,0.00076025,0.00061791,-0.000439146,0.000671368,8.63945e-05,0.000602308,-0.00173915,-0.000332408,0.000138928,-0.000111311,0.00102931,0.000856077,0.00027874,7.69592e-05,0.000355986,0.000239705,-0.000676934,-5.77442e-05,0.000476148,-0.000602436,0.000408496,0.000187193,-0.000128801,0.000273067,0.000247291,0.000120446,7.7367e-05,-0.000467599,0.000186056,-0.000412341,-0.000621215,0.000312739,0.000337253,0.000179668,-0.000476636,0.000158045,0.000598283,-0.00138693,-0.00041364,-0.000242414,-5.01393e-05,0.000382641,-0.00149469,-0.00163058,0.00138752
0.0179997,0.000174089,0.000229909,0.000834209,0.000432301,-0.000276247,0.000663288,-0.000231975,0.000181141,0.000472488,3.62071e-05,0.000591081,6.44139e-05,0.00104304,0.000216846,0.000300283,0.00046401,0.000220583,-6.85223e-05,-0.00145986,-0.000372034,3.68603e-05,0.000366449,-0.000118877,0.000699601,0.000474208,-0.000423426,0.000506199,3.7115e-05,0.000427184,-0.00184795,-0.00022095,0.000127691,-0.000148141,0.00107834,0.000603504,0.000170272,7.65903e-05,0.000390451,0.000185773,-0.000672242,-8.39098e-05,0.000507653,-0.000584172,0.000368255,0.000204111,-0.000164379,0.000268876,0.000199188,0.000122791,8.29265e-05,-0.000464577,0.000111875,-0.000534455,-0.000688552,0.000227599,0.000360312,0.000189446,-0.000485169,0.000210518,0.000573025,-0.00135713,-0.000418858,-0.000256759,-3.27564e-05,0.000335218,-0.00151906,-0.00159178,0.00133971
0.0189997,0.000362051,0.000215185,0.000872352,0.000457559,-0.000312505,0.000666944,-0.000234534,0.000142331,0.000302792,1.15607e-05,0.000390071,-0.000254865,0.000801985,0.000162968,0.00029022,0.000453025,0.000109553,-8.74558e-05,-0.00167403,-0.00039391,-3.94614e-06,0.000177461,-0.000109459,0.000636148,0.000337519,-0.000403021,0.000349648,-7.54059e-06,0.000263113,-0.00192196,-0.000116911,0.00011597,-0.000177973,0.00110926,0.000366308,6.96276e-05,7.52441e-05,0.000418529,0.000134439,-0.000662764,-0.000106597,0.000533212,-0.000560067,0.000325678,0.000216904,-0.000196793,0.0002618,0.000153162,0.000122941,8.77056e-05,-0.000456072,4.29628e-05,-0.000638697,-0.000742102,0.000147,0.000374989,0.000195834,-0.000486599,0.000255936,0.0005446,-0.00131358,-0.000418942,-0.000264247,-1.84822e-05,0.000288177,-0.00152247,-0.00153132,0.0012776
0.0199997,0.000530916,0.000198798,0.000895989,0.000474125,-0.000341205,0.000662861,-0.000233671,0.000105068,0.000144029,-1.11609e-05,0.000199919,-0.00054445,0.000570693,0.00011154,0.000277376,0.000438287,6.42007e-06,-0.000103758,-0.00184414,-0.000409757,-4.0283e-05,2.40077e-06,-9.91395e-05,0.000570345,0.000207759,-0.00037865,0.000201574,-4.78021e-05,0.000109711,-0.0019644,-2.00313e-05,0.000103866,-0.000201535,0.00112361,0.000144043,-2.34981e-05,7.30312e-05,0.000440586,8.56796e-05,-0.000648743,-0.000126041,0.000553329,-0.000530807,0.000281193,0.000225901,-0.000226138,0.000252086,0.000109181,0.000121147,9.19088e-05,-0.000442381,-2.08853e-05,-0.000726309,-0.00078287,7.08803e-05,0.000382092,0.000199103,-0.000481549,0.000294609,0.00051343,-0.0012579,-0.000414368,-0.000265475,-6.9203e-06,0.000241678,-0.00150668,-0.00145189,0.00120297
0.0209997,0.000681233,0.000181021,0.00090665,0.000482969,-0.000363177,0.000651735,-0.000229859,6.93113e-05,-4.36606e-06,-3.20987e-05,2.02553e-05,-0.000806427,0.000349057,6.25151e-05,0.000262111,0.000420293,-8.92819e-05,-0.000117657,-0.00197512,-0.000420143,-7.25033e-05,-0.0001596,-8.80329e-05,0.000502627,8.46896e-05,-0.000351062,6.16547e-05,-8.39847e-05,-3.36246e-05,-0.00197888,7.00873e-05,9.14749e-05,-0.000219649,0.00112314,-6.40376e-05,-0.000109551,7.00692e-05,0.000457058,3.9411e-05,-0.000630447,-0.000142525,0.000568565,-0.000497115,0.000235226,0.000231482,-0.000252546,0.00024,6.71634e-05,0.00011768,9.57402e-05,-0.000423865,-7.99696e-05,-0.000798772,-0.00081202,-9.18867e-07,0.000382529,0.000199559,-0.000470708,0.000326957,0.000479942,-0.00119182,-0.000405653,-0.000261137,2.3763e-06,0.000195844,-0.00147365,-0.0013564,0.00111768
0.0219996,0.000813817,0.000162129,0.000905987,0.000485137,-0.000379318,0.000634311,-0.000223589,3.49881e-05,-0.000143117,-5.14185e-05,-0.000149458,-0.00104324,0.000136788,1.58013e-05,0.000244801,0.000399546,-0.000178124,-0.000129408,-0.00207229,-0.000425678,-0.000101019,-0.000309592,-7.62585e-05,0.000433413,-3.20412e-05,-0.000321015,-7.05637e-05,-0.000116466,-0.000167645,-0.00196923,0.000153941,7.88896e-05,-0.000233198,0.00110972,-0.00025889,-0.000189076,6.64798e-05,0.000468433,-4.49225e-06,-0.000608163,-0.000156366,0.000579517,-0.000459737,0.000188202,0.000234057,-0.000276177,0.000225831,2.69954e-05,0.000112826,9.93952e-05,-0.000400937,-0.000134657,-0.000857727,-0.000830824,-6.86216e-05,0.00037727,0.000197541,-0.000454814,0.000353482,0.000444559,-0.00111709,-0.000393338,-0.000251996,9.88475e-06,0.000150773,-0.00142547,-0.00124787,0.00102365
0.0229996,0.000929675,0.000142398,0.000895706,0.000481708,-0.000390556,0.000611365,-0.000215354,2.01061e-06,-0.000273038,-6.92991e-05,-0.00030986,-0.00125753,-6.65165e-05,-2.87191e-05,0.000225825,0.000376542,-0.000260737,-0.000139278,-0.00214118,-0.000426994,-0.000126277,-0.000448734,-6.39389e-05,0.000363107,-0.000142852,-0.000289254,-0.000195612,-0.000145662,-0.000293194,-0.00193941,0.000232083,6.61973e-05,-0.000243093,0.0010853,-0.000441593,-0.000262677,6.23855e-05,0.000475227,-4.61816e-05,-0.000582192,-0.000167896,0.000586792,-0.000419424,0.000140542,0.000234058,-0.000297208,0.000209875,-1.1457e-05,0.000106876,0.000103054,-0.000374059,-0.000185352,-0.000904904,-0.000840612,-0.000132493,0.000367317,0.000193399,-0.000434626,0.000374743,0.0004077,-0.00103548,-0.000377972,-0.000238853,1.60927e-05,0.000106544,-0.00136433,-0.00112938,0.000922833
0.0239996,0.00102995,0.000122097,0.000877519,0.000473761,-0.000397812,0.000583679,-0.000205639,-2.97159e-05,-0.000394978,-8.59223e-05,-0.000461635,-0.00145201,-0.000261305,-7.11759e-05,0.000205553,0.000351761,-0.000337771,-0.000147538,-0.00218728,-0.000424728,-0.000148742,-0.000578214,-5.11991e-05,0.000292105,-0.000248189,-0.000256499,-0.000314049,-0.000172009,-0.000411142,-0.00189334,0.000305084,5.34818e-05,-0.000250234,0.00105184,-0.000613269,-0.000330976,5.79062e-05,0.000477966,-8.5819e-05,-0.000552842,-0.000177454,0.000590991,-0.000376916,9.26572e-05,0.000231914,-0.000315819,0.000192432,-4.83328e-05,0.000100119,0.000106873,-0.000343729,-0.000232474,-0.000942049,-0.00084272,-0.000192815,0.00035367,0.000187491,-0.000410904,0.00039133,0.000369775,-0.000948719,-0.000360097,-0.000222523,2.14798e-05,6.32236e-05,-0.00129243,-0.00100395,0.000817148
0.0249996,0.00111583,0.000101489,0.000853089,0.000462342,-0.000401973,0.00055202,-0.000194904,-6.02825e-05,-0.000509762,-0.000101463,-0.000605446,-0.00162931,-0.000448016,-0.000111697,0.000184348,0.000325654,-0.000409855,-0.000154449,-0.00221587,-0.000419492,-0.000168873,-0.000699188,-3.81657e-05,0.000220792,-0.000348484,-0.000223425,-0.000426418,-0.000195941,-0.000522336,-0.0018348,0.000373501,4.08231e-05,-0.000255483,0.00101125,-0.000775006,-0.000394576,5.31571e-05,0.000477169,-0.000123562,-0.000520425,-0.000185366,0.000592682,-0.000332929,4.49483e-05,0.000228049,-0.000332184,0.000173803,-8.3764e-05,9.28296e-05,0.000110982,-0.000310479,-0.000276428,-0.000970859,-0.000838455,-0.000249862,0.0003373,0.000180167,-0.000384393,0.000403842,0.000331175,-0.000858449,-0.000340235,-0.000203811,2.65006e-05,2.08795e-05,-0.00121195,-0.000874515,0.00070845
0.0259996,0.00118855,8.08224e-05,0.000823984,0.000448435,-0.000403861,0.000517125,-0.000183574,-8.97678e-05,-0.000618146,-0.000116082,-0.000741896,-0.00179186,-0.000627027,-0.000150395,0.000162546,0.000298642,-0.000477566,-0.000160255,-0.00223187,-0.000411865,-0.000187107,-0.000812715,-2.49661e-05,0.000149547,-0.000444125,-0.000190652,-0.000533209,-0.00021787,-0.000627553,-0.00176733,0.000437844,2.82977e-05,-0.000259637,0.000965344,-0.000927796,-0.000454035,4.82461e-05,0.000473329,-0.000159553,-0.000485251,-0.000191938,0.00059239,-0.00028814,-2.19707e-06,0.000222861,-0.000346464,0.000154279,-0.000117865,8.52682e-05,0.000115478,-0.000274862,-0.000317586,-0.000992926,-0.000829047,-0.000303883,0.000319125,0.000171763,-0.000355801,0.000412864,0.000292273,-0.000766219,-0.000318875,-0.000183484,3.15702e-05,-2.04188e-05,-0.00112497,-0.000743824,0.000598499
0.0269996,0.00124928,6.0329e-05,0.000791641,0.000432937,-0.000404212,0.000479685,-0.00017203,-0.000118231,-0.000720774,-0.000129916,-0.00087148,-0.00194184,-0.000798609,-0.000187361,0.000140464,0.000271102,-0.0005414,-0.000165174,-0.00223966,-0.000402373,-0.000203844,-0.000919711,-1.17272e-05,7.87459e-05,-0.000535429,-0.000158731,-0.000634824,-0.000238175,-0.000727454,-0.00169415,0.00049855,1.59789e-05,-0.000263402,0.000915803,-0.00107248,-0.000509837,4.32718e-05,0.000466904,-0.000193907,-0.000447627,-0.000197444,0.000590577,-0.000243181,-4.84072e-05,0.000216718,-0.000358795,0.000134142,-0.000150723,7.76697e-05,0.000120421,-0.000237445,-0.000356272,-0.00100969,-0.000815625,-0.000355083,0.000299982,0.000162591,-0.000325785,0.000418947,0.000253419,-0.000673445,-0.000296464,-0.000162258,3.70514e-05,-6.05924e-05,-0.00103345,-0.000614403,0.000488928
0.0279995,0.00129912,4.0223e-05,0.000757334,0.000416637,-0.000403656,0.000440333,-0.000160602,-0.000145705,-0.00081815,-0.000143075,-0.000994556,-0.00208102,-0.000962903,-0.000222652,0.000118384,0.000243371,-0.000601752,-0.000169392,-0.00224303,-0.00039148,-0.000219439,-0.00102091,1.42553e-06,8.75934e-06,-0.000622618,-0.000128137,-0.000731554,-0.000257182,-0.000822559,-0.00161808,0.000555967,3.93655e-06,-0.00026738,0.00086413,-0.0012097,-0.00056237,3.83219e-05,0.000458302,-0.000226705,-0.000407849,-0.000202122,0.000587633,-0.000198626,-9.33284e-05,0.000209946,-0.000369285,0.000113659,-0.000182394,7.02415e-05,0.000125833,-0.0001988,-0.000392744,-0.0010224,-0.00079919,-0.000403614,0.000280619,0.000152932,-0.000294944,0.000422592,0.000214935,-0.000581394,-0.000273398,-0.000140779,4.32453e-05,-9.9549e-05,-0.000939186,-0.000488509,0.000381222
0.0289995,0.00133905,2.06975e-05,0.00072215,0.000400206,-0.000402707,0.000399634,-0.000149567,-0.000172196,-0.000910616,-0.000155638,-0.00111132,-0.0022108,-0.00111989,-0.000256287,9.65581e-05,0.000215737,-0.000658899,-0.000173063,-0.00224502,-0.00037958,-0.000234185,-0.00111684,1.43685e-05,-6.00443e-05,-0.000705804,-9.9265e-05,-0.000823561,-0.00027516,-0.000913223,-0.00154149,0.000610335,-7.7626e-06,-0.000272051,0.000811634,-0.00133988,-0.000611914,3.34728e-05,0.000447877,-0.000257988,-0.000366204,-0.000206163,0.000583863,-0.000154985,-0.000136627,0.000202825,-0.000378012,9.30776e-05,-0.000212895,6.31593e-05,0.000131697,-0.000159496,-0.000427186,-0.00103209,-0.000780591,-0.000449563,0.000261674,0.000143036,-0.000263803,0.00042424,0.000177112,-0.00049117,-0.000250019,-0.000119611,5.03842e-05,-0.000137181,-0.000843784,-0.000368094,0.000276696
0.0299995,0.00136994,1.9236e-06,0.000686979,0.000384182,-0.000401751,0.000358082,-0.00013914,-0.000197678,-0.000998337,-0.000167649,-0.00122181,-0.00233211,-0.00126937,-0.000288246,7.52e-05,0.000188441,-0.000712992,-0.000176297,-0.00224796,-0.000366991,-0.000248315,-0.0012078,2.69814e-05,-0.0001273,-0.000784985,-7.24223e-05,-0.00091087,-0.000292314,-0.000999625,-0.00146627,0.000661784,-1.90552e-05,-0.000277765,0.000759402,-0.00146321,-0.000658634,2.8788e-05,0.000435923,-0.000287754,-0.000322967,-0.000209712,0.000579485,-0.000112703,-0.000177991,0.000195587,-0.000385014,7.26252e-05,-0.000242202,5.65649e-05,0.000137956,-0.00012009,-0.000459703,-0.00103955,-0.000760522,-0.000492948,0.00024367,0.000133111,-0.000232811,0.000424258,0.000140207,-0.000403703,-0.000226611,-9.92264e-05,5.86277e-05,-0.000173363,-0.000748647,-0.000254781,0.000176486
0.0309995,0.0013925,-1.5951e-05,0.000652503,0.000368973,-0.00040105,0.000316096,-0.000129477,-0.000222093,-0.0010813,-0.000179118,-0.00132587,-0.00244542,-0.001411,-0.000318468,5.44886e-05,0.000161679,-0.000764054,-0.000179172,-0.00225339,-0.000353953,-0.000261994,-0.00129387,3.91478e-05,-0.000192649,-0.00086004,-4.78324e-05,-0.000993366,-0.000308773,-0.00108176,-0.00139385,0.000710327,-2.98813e-05,-0.00028474,0.000708302,-0.00157963,-0.000702575,2.43187e-05,0.000422672,-0.000315958,-0.000278399,-0.000212865,0.000574627,-7.21534e-05,-0.000217132,0.000188409,-0.000390298,5.25071e-05,-0.000270253,5.05658e-05,0.00014452,-8.11229e-05,-0.000490321,-0.00104535,-0.000739512,-0.000533718,0.000227011,0.000123326,-0.00020234,0.00042294,0.000104444,-0.000319746,-0.0002034,-8.00043e-05,6.80612e-05,-0.000207955,-0.000654959,-0.000149854,8.154e-05
0.0319995,0.0014073,-3.28019e-05,0.000619199,0.00035485,-0.000400736,0.00027402,-0.000120677,-0.000245354,-0.00115932,-0.000190024,-0.00142318,-0.00255076,-0.00154425,-0.000346854,3.45664e-05,0.000135602,-0.000811987,-0.000181721,-0.0022621,-0.000340633,-0.00027532,-0.00137489,5.07562e-05,-0.000255736,-0.000930732,-2.5635e-05,-0.0010708,-0.000324601,-0.00115945,-0.00132516,0.000755867,-4.01847e-05,-0.000293065,0.00065897,-0.00168885,-0.000743666,2.01032e-05,0.000408292,-0.000342511,-0.000232747,-0.000215671,0.000569325,-3.36391e-05,-0.000253786,0.000181418,-0.000393833,3.29056e-05,-0.000296948,4.52346e-05,0.00015126,-4.31045e-05,-0.000518985,-0.0010498,-0.000717927,-0.000571755,0.000211983,0.000113811,-0.000172679,0.000420495,7.0007e-05,-0.000239879,-0.000180552,-6.22269e-05,7.86976e-05,-0.0002408,-0.000563684,-5.42545e-05,-7.38416e-06
0.0329995,0.00141476,-4.85279e-05,0.000587349,0.00034196,-0.000400825,0.000232125,-0.000112783,-0.000267346,-0.00123206,-0.000200311,-0.00151328,-0.00264774,-0.00166846,-0.000373266,1.55407e-05,0.000110319,-0.000856575,-0.000183947,-0.00227414,-0.000327124,-0.000288328,-0.00145052,6.17006e-05,-0.000316214,-0.000996723,-5.89024e-06,-0.0011428,-0.00033979,-0.00123236,-0.00126066,0.000798203,-4.9913e-05,-0.000302701,0.000611823,-0.00179037,-0.000781731,1.61682e-05,0.000392897,-0.000367288,-0.000186246,-0.000218132,0.000563528,2.60464e-06,-0.000287715,0.000174689,-0.000395554,1.39799e-05,-0.000322152,4.06104e-05,0.000158021,-6.51279e-06,-0.000545568,-0.001053,-0.000695979,-0.00060688,0.000198753,0.000104654,-0.000144042,0.000417057,3.70445e-05,-0.000164515,-0.000158181,-4.60832e-05,9.04806e-05,-0.000271729,-0.00047557,3.14097e-05,-8.97147e-05
0.0339994,0.00141518,-6.30506e-05,0.00055705,0.000330329,-0.000401225,0.000190619,-0.000105788,-0.000287931,-0.00129904,-0.000209898,-0.00159557,-0.00273559,-0.00178283,-0.000397539,-2.51374e-06,8.59035e-05,-0.000897505,-0.000185816,-0.00228894,-0.000313456,-0.000300991,-0.00152021,7.1882e-05,-0.00037375,-0.00105758,1.14146e-05,-0.0012089,-0.000354266,-0.00129999,-0.00120042,0.000837043,-5.90182e-05,-0.000313493,0.000567073,-0.00188348,-0.000816497,1.25291e-05,0.000376544,-0.000390129,-0.000139114,-0.00022021,0.000557107,3.64085e-05,-0.00031871,0.000168252,-0.000395372,-4.13422e-06,-0.0003457,3.67012e-05,0.000164621,2.82145e-05,-0.000569878,-0.00105483,-0.000673739,-0.000638862,0.000187384,9.59094e-05,-0.00011657,0.000412682,5.66573e-06,-9.39071e-05,-0.000136349,-3.16741e-05,0.000103291,-0.000300565,-0.00039116,0.000106849,-0.000165059
0.0349994,0.00140873,-7.63131e-05,0.000528239,0.00031988,-0.000401747,0.000149647,-9.96389e-05,-0.000306953,-0.00135965,-0.00021868,-0.00166933,-0.00281324,-0.00188648,-0.000419483,-1.95521e-05,6.23985e-05,-0.000934379,-0.00018727,-0.00230531,-0.000299602,-0.00031323,-0.00158329,8.12083e-05,-0.000428022,-0.00111281,2.63578e-05,-0.00126853,-0.0003679,-0.00136175,-0.00114413,0.000872022,-6.74568e-05,-0.000325185,0.000524741,-0.00196736,-0.000847615,9.19112e-06,0.000359247,-0.000410849,-9.15612e-05,-0.000221834,0.000549858,6.76641e-05,-0.000346587,0.000162094,-0.00039317,-2.13228e-05,-0.000367406,3.34862e-05,0.000170862,6.06856e-05,-0.000591673,-0.00105501,-0.000651152,-0.000667427,0.000177839,8.75943e-05,-9.03394e-05,0.000407359,-2.4057e-05,-2.81692e-05,-0.000115077,-1.902e-05,0.000116953,-0.000327126,-0.000310806,0.000172067,-0.000233192
0.0359994,0.00139549,-8.82784e-05,0.000500711,0.000310443,-0.000402127,0.000109304,-9.42456e-05,-0.000324243,-0.00141323,-0.000226535,-0.0017338,-0.00287937,-0.00197849,-0.000438895,-3.55555e-05,3.98201e-05,-0.000966741,-0.000188226,-0.00232162,-0.000285489,-0.000324919,-0.00163896,8.95959e-05,-0.000478725,-0.00116186,3.90737e-05,-0.00132107,-0.000380513,-0.00141694,-0.00109115,0.000902719,-7.51904e-05,-0.000337432,0.000484686,-0.00204104,-0.000874678,6.15069e-06,0.00034098,-0.000429245,-4.37844e-05,-0.000222899,0.000541521,9.63185e-05,-0.000371192,0.000156168,-0.000388816,-3.74931e-05,-0.000387067,3.09199e-05,0.000176529,9.05591e-05,-0.000610669,-0.0010531,-0.00062806,-0.000692275,0.000169996,7.9698e-05,-6.53676e-05,0.000401016,-5.20874e-05,3.27114e-05,-9.43494e-05,-8.07212e-06,0.000131246,-0.000351231,-0.000234695,0.000227328,-0.000294041
0.0369994,0.00137549,-9.89282e-05,0.000474152,0.000301777,-0.000402041,6.96438e-05,-8.94868e-05,-0.000339628,-0.00145905,-0.000233327,-0.00178814,-0.00293248,-0.00205788,-0.000455562,-5.05273e-05,1.81651e-05,-0.000994095,-0.000188585,-0.00233585,-0.000271009,-0.000335896,-0.00168635,9.69698e-05,-0.000525576,-0.00120415,4.97425e-05,-0.00136589,-0.000391885,-0.00146482,-0.00104062,0.000928679,-8.21859e-05,-0.000349821,0.000446629,-0.00210351,-0.000897242,3.39683e-06,0.000321691,-0.000445104,4.02795e-06,-0.000223284,0.000531785,0.000122367,-0.000392399,0.000150394,-0.000382167,-5.25718e-05,-0.000404473,2.8936e-05,0.000181407,0.000117548,-0.000626555,-0.00104856,-0.000604224,-0.000713089,0.000163661,7.2185e-05,-4.16248e-05,0.000393529,-7.84236e-05,8.88535e-05,-7.41204e-05,1.27684e-06,0.000145912,-0.000372705,-0.000162867,0.000273124,-0.000347669
0.0379994,0.0013487,-0.000108261,0.000448163,0.000293586,-0.000401125,3.06897e-05,-8.5219e-05,-0.000352932,-0.00149638,-0.000238918,-0.00183154,-0.00297099,-0.00212373,-0.000469277,-6.44882e-05,-2.5836e-06,-0.00101593,-0.000188239,-0.00234574,-0.000256031,-0.000345972,-0.00172456,0.000103265,-0.000568315,-0.00123911,5.85797e-05,-0.00140234,-0.00040177,-0.00150462,-0.000991459,0.000949437,-8.84159e-05,-0.000361886,0.000410185,-0.00215375,-0.000914847,9.12666e-07,0.000301306,-0.000458214,5.1695e-05,-0.000222851,0.000520307,0.000145847,-0.000410112,0.000144674,-0.000373077,-6.65033e-05,-0.000419418,2.74512e-05,0.000185277,0.000141421,-0.000639015,-0.00104076,-0.000579349,-0.000729554,0.000158589,6.50003e-05,-1.90432e-05,0.000384737,-0.000103094,0.000140461,-5.43261e-05,9.17907e-06,0.000160667,-0.000391383,-9.52439e-05,0.000310134,-0.000394254
0.0389994,0.00131508,-0.000116288,0.000422293,0.000285539,-0.000398996,-7.55762e-06,-8.1284e-05,-0.00036399,-0.00152449,-0.000243168,-0.00186322,-0.00299334,-0.00217515,-0.000479842,-7.74725e-05,-2.2451e-05,-0.00103175,-0.000187076,-0.00234889,-0.00024041,-0.000354939,-0.00175271,0.000108426,-0.000606711,-0.00126618,6.5825e-05,-0.0014298,-0.000409906,-0.00153559,-0.000942518,0.000964536,-9.3859e-05,-0.000373134,0.000374893,-0.00219075,-0.000927043,-1.32311e-06,0.000279745,-0.000468371,9.90413e-05,-0.000221459,0.000506726,0.00016683,-0.000424263,0.000138891,-0.000361404,-7.9248e-05,-0.000431703,2.63709e-05,0.000187933,0.000162009,-0.000647733,-0.00102904,-0.000553105,-0.000741369,0.00015449,5.80752e-05,2.47216e-06,0.000374455,-0.000126157,0.000187801,-3.48906e-05,1.58186e-05,0.000175212,-0.000407119,-3.16566e-05,0.00033918,-0.000434072
0.0399993,0.00127461,-0.000123036,0.000396066,0.00027729,-0.000395269,-4.51078e-05,-7.75172e-05,-0.000372649,-0.00154272,-0.000245945,-0.00188246,-0.002998,-0.00221137,-0.000487082,-8.95225e-05,-4.14645e-05,-0.00104109,-0.000184986,-0.00234287,-0.000224003,-0.000362584,-0.00176996,0.00011241,-0.000640561,-0.00128487,7.17315e-05,-0.00144772,-0.000416024,-0.00155702,-0.000892588,0.000973552,-9.84998e-05,-0.00038306,0.000340251,-0.00221359,-0.000933409,-3.33466e-06,0.000256929,-0.000475391,0.000145895,-0.000218966,0.000490681,0.000185412,-0.000434811,0.000132924,-0.000347022,-9.07802e-05,-0.000441146,2.55923e-05,0.000189181,0.000179198,-0.000652419,-0.00101277,-0.000525158,-0.000748262,0.000151055,5.13329e-05,2.30332e-05,0.000362482,-0.000147691,0.000231185,-1.57348e-05,2.13977e-05,0.000189244,-0.000419786,2.81271e-05,0.000361188,-0.000467473
0.0409993,0.00122731,-0.000128539,0.000369013,0.000268492,-0.000389577,-8.19725e-05,-7.37551e-05,-0.000378776,-0.00155051,-0.000247129,-0.00188865,-0.00298364,-0.00223173,-0.000490847,-0.000100685,-5.96496e-05,-0.00104355,-0.000181868,-0.00232536,-0.000206677,-0.000368692,-0.00177559,0.000115182,-0.000669697,-0.00129473,7.65551e-05,-0.00145561,-0.000419865,-0.00156828,-0.000840492,0.000976112,-0.000102329,-0.00039117,0.000305742,-0.00222149,-0.000933576,-5.14761e-06,0.000232788,-0.000479114,0.000192087,-0.000215245,0.000471821,0.000201709,-0.000441746,0.00012665,-0.000329822,-0.000101087,-0.000447591,2.50102e-05,0.000188851,0.000192937,-0.000652811,-0.000991327,-0.00049519,-0.000750004,0.000147966,4.46938e-05,4.27583e-05,0.000348619,-0.000167798,0.000270945,3.21574e-06,2.61245e-05,0.000202465,-0.000429287,8.43768e-05,0.000377142,-0.00049486
0.0419993,0.00117325,-0.000132841,0.000340694,0.000258818,-0.00038159,-0.000118156,-6.98422e-05,-0.000382264,-0.0015474,-0.000246618,-0.00188133,-0.00294912,-0.00223574,-0.000491027,-0.000111008,-7.70252e-05,-0.00103879,-0.000177635,-0.00229425,-0.00018832,-0.000373064,-0.00176899,0.000116723,-0.000693987,-0.00129543,8.05449e-05,-0.00145312,-0.000421188,-0.00156887,-0.000785137,0.000971913,-0.000105346,-0.000396993,0.000270867,-0.00221381,-0.000927244,-6.78773e-06,0.000207271,-0.000479418,0.000237446,-0.00021018,0.000449824,0.000215848,-0.000445082,0.000119955,-0.000309724,-0.000110164,-0.000450913,2.452e-05,0.000186798,0.00020323,-0.000648701,-0.000964172,-0.000462919,-0.000746419,0.000144911,3.80805e-05,6.1763e-05,0.000332681,-0.00018659,0.000307418,2.2024e-05,3.02005e-05,0.000214592,-0.000435553,0.000137374,0.000388049,-0.000516672
0.0429993,0.00111261,-0.00013599,0.000310723,0.000247973,-0.000371026,-0.000153649,-6.56373e-05,-0.000383035,-0.00153306,-0.000244333,-0.00186018,-0.00289359,-0.00222311,-0.00048755,-0.000120534,-9.36008e-05,-0.00102658,-0.000172218,-0.00224769,-0.000168848,-0.000375513,-0.00174972,0.000117023,-0.000713334,-0.00128673,8.39346e-05,-0.00143999,-0.000419779,-0.0015584,-0.000725572,0.000960739,-0.000107552,-0.000400107,0.000235169,-0.00219011,-0.000914197,-8.2797e-06,0.000180353,-0.000476217,0.000281804,-0.000203683,0.000424412,0.000227962,-0.000444861,0.000112733,-0.000286681,-0.000118018,-0.000451025,2.40222e-05,0.000182912,0.000210139,-0.000639932,-0.000930869,-0.000428118,-0.000737394,0.0001416,3.14228e-05,8.01516e-05,0.000314506,-0.000204192,0.000340928,4.07352e-05,3.38107e-05,0.000225365,-0.000438549,0.000187391,0.000394898,-0.000533365
0.0439993,0.00104563,-0.000138042,0.000278789,0.000235711,-0.000357665,-0.000188421,-6.10187e-05,-0.000381046,-0.00150733,-0.00024022,-0.00182505,-0.00281654,-0.00219374,-0.000480393,-0.000129302,-0.000109374,-0.00100678,-0.000165572,-0.00218421,-0.000148212,-0.000375881,-0.00171752,0.000116085,-0.000727683,-0.00126851,8.69348e-05,-0.00141612,-0.000415462,-0.00153662,-0.000661033,0.00094247,-0.000108959,-0.000400145,0.000198257,-0.00215017,-0.000894317,-9.64618e-06,0.000152041,-0.000469473,0.000324986,-0.000195689,0.00039536,0.000238181,-0.000441148,0.0001049,-0.000260687,-0.000124663,-0.00044788,2.34253e-05,0.000177116,0.000213776,-0.00062642,-0.000891106,-0.000390632,-0.000722888,0.00013777,2.46611e-05,9.80097e-05,0.000293969,-0.000220729,0.000371768,5.93721e-05,3.71144e-05,0.000234556,-0.000438276,0.000234671,0.000398629,-0.000545395
0.0449993,0.000972687,-0.000139052,0.000244669,0.000221837,-0.00034136,-0.000222418,-5.58881e-05,-0.000376287,-0.00147023,-0.000234254,-0.00177601,-0.00271781,-0.00214775,-0.000469582,-0.000137338,-0.000124329,-0.000979383,-0.000157675,-0.00210277,-0.000126405,-0.000374036,-0.00167234,0.000113925,-0.000737015,-0.0012408,8.9727e-05,-0.00138157,-0.000408106,-0.00150349,-0.000590973,0.000917094,-0.000109584,-0.000396809,0.000159825,-0.00209401,-0.000867594,-1.0907e-05,0.000122374,-0.000459196,0.000366818,-0.000186166,0.00036251,0.000246632,-0.000434035,9.63889e-05,-0.00023178,-0.000130116,-0.000441475,2.26489e-05,0.000169373,0.000214303,-0.000608149,-0.000844713,-0.00035039,-0.000702937,0.000133203,1.77498e-05,0.000115399,0.000270986,-0.000236326,0.000400194,7.79312e-05,4.02381e-05,0.00024197,-0.000434771,0.000279411,0.000400104,-0.000553202
0.0459992,0.000894252,-0.00013908,0.000208242,0.000206221,-0.000322041,-0.000255558,-5.01743e-05,-0.000368787,-0.00142195,-0.000226442,-0.00171332,-0.00259762,-0.0020855,-0.000455193,-0.000144662,-0.000138436,-0.0009445,-0.000148534,-0.00200278,-0.000103462,-0.000369883,-0.00161432,0.000110571,-0.000741354,-0.00120373,9.24588e-05,-0.00133654,-0.000397629,-0.0014591,-0.000515091,0.00088471,-0.000109447,-0.000389882,0.000119666,-0.00202191,-0.000834129,-1.20784e-05,9.14329e-05,-0.000445446,0.00040712,-0.000175118,0.00032578,0.000253429,-0.000423633,8.71606e-05,-0.000200045,-0.000134403,-0.000431852,2.16255e-05,0.000159688,0.000211922,-0.000585182,-0.000791678,-0.000307409,-0.000677657,0.000127723,1.06598e-05,0.00013235,0.000245529,-0.000251101,0.000426411,9.63802e-05,4.32712e-05,0.000247453,-0.000428111,0.000321752,0.000400084,-0.0005572
0.0469992,0.000810914,-0.000138183,0.000169492,0.000188802,-0.000299719,-0.000287728,-4.38342e-05,-0.000358613,-0.00136286,-0.00021682,-0.00163743,-0.00245661,-0.00200757,-0.000437356,-0.000151278,-0.000151653,-0.000902362,-0.000138182,-0.00188416,-7.94647e-05,-0.000363358,-0.00154384,0.000106062,-0.000740759,-0.00115761,9.5241e-05,-0.00128139,-0.000384006,-0.00140376,-0.000433344,0.000845531,-0.000108577,-0.000379232,7.76831e-05,-0.00193439,-0.00079414,-1.31731e-05,5.93362e-05,-0.000428335,0.000445709,-0.00016258,0.00028517,0.000258676,-0.000410075,7.72006e-05,-0.00016562,-0.000137552,-0.0004191,2.03024e-05,0.000148104,0.000206875,-0.000557659,-0.000732147,-0.000261803,-0.000647243,0.00012121,3.37994e-06,0.000148866,0.000217626,-0.000265157,0.000450569,0.000114657,4.62627e-05,0.000250893,-0.000418407,0.000361773,0.000399212,-0.000557769
0.0479992,0.000723368,-0.00013642,0.000128515,0.000169583,-0.000274491,-0.000318789,-3.68545e-05,-0.000345868,-0.00129352,-0.000205458,-0.00154901,-0.00229581,-0.00191476,-0.00041625,-0.000157179,-0.000163924,-0.000853324,-0.000126683,-0.00174731,-5.45375e-05,-0.000354438,-0.00146148,0.000100451,-0.00073533,-0.00110285,9.81457e-05,-0.00121665,-0.000367265,-0.00133791,-0.000345952,0.000799884,-0.000107005,-0.000364814,3.3893e-05,-0.00183223,-0.000747955,-1.41994e-05,2.62412e-05,-0.000408026,0.000482398,-0.000148624,0.000240766,0.000262461,-0.000393513,6.65217e-05,-0.000128692,-0.000139596,-0.000403352,1.86423e-05,0.000134707,0.000199435,-0.0005258,-0.000666432,-0.000213781,-0.000611969,0.000113595,-4.08216e-06,0.000164912,0.000187364,-0.000278583,0.000472758,0.000132669,4.92206e-05,0.000252219,-0.000405807,0.000399483,0.000398002,-0.000555246
0.0489992,0.000632406,-0.000133848,8.55145e-05,0.00014864,-0.00024653,-0.000348573,-2.92504e-05,-0.00033069,-0.00121464,-0.000192454,-0.00144892,-0.0021166,-0.00180808,-0.000392101,-0.000162346,-0.000175185,-0.000797858,-0.000114123,-0.00159314,-2.88483e-05,-0.000343132,-0.00136804,9.38017e-05,-0.0007252,-0.00104001,0.000101206,-0.00114297,-0.000347494,-0.00126221,-0.000253388,0.0007482,-0.00010477,-0.000346673,-1.15716e-05,-0.00171642,-0.000696011,-1.51618e-05,-7.65804e-06,-0.000384726,0.000516999,-0.000133358,0.000192743,0.000264857,-0.000374116,5.51636e-05,-8.95025e-05,-0.000140569,-0.000384783,1.66239e-05,0.000119619,0.000189898,-0.000489896,-0.000595001,-0.000163642,-0.000572184,0.000104865,-1.17002e-05,0.000180423,0.000154897,-0.000291443,0.000493012,0.000150298,5.21136e-05,0.000251407,-0.000390493,0.000434823,0.00039683,-0.00054992
0.0499992,0.000538903,-0.000130523,4.07963e-05,0.000126109,-0.000216087,-0.000376886,-2.1065e-05,-0.000313252,-0.00112709,-0.000177934,-0.00133817,-0.00192074,-0.00168873,-0.000365179,-0.000166749,-0.000185363,-0.000736543,-0.000100618,-0.00142299,-2.60319e-06,-0.000329487,-0.00126449,8.61876e-05,-0.000710539,-0.000969741,0.000104418,-0.00106117,-0.000324833,-0.00117744,-0.000156368,0.000691011,-0.00010191,-0.00032494,-5.84666e-05,-0.00158819,-0.000638844,-1.6061e-05,-4.2134e-05,-0.00035869,0.00054932,-0.000116918,0.000141363,0.00026592,-0.00035207,4.31916e-05,-4.83416e-05,-0.00014051,-0.000363607,1.42416e-05,0.000102999,0.000178579,-0.000450306,-0.000518468,-0.000111772,-0.000528304,9.50597e-05,-1.94301e-05,0.000195303,0.000120437,-0.00030378,0.000511306,0.000167397,5.48737e-05,0.00024847,-0.000372674,0.000467673,0.000395939,-0.000542036
0.0509992,0.0004438,-0.000126498,-5.2418e-06,0.000102187,-0.00018348,-0.000403516,-1.23667e-05,-0.000293751,-0.0010319,-0.000162051,-0.00121794,-0.00171029,-0.00155809,-0.000335794,-0.000170346,-0.000194383,-0.000670055,-8.63037e-05,-0.00123865,2.39587e-05,-0.000313581,-0.00115198,7.76939e-05,-0.000691543,-0.00089283,0.000107743,-0.000972167,-0.000299478,-0.00108452,-5.58198e-05,0.000628937,-9.84692e-05,-0.000299828,-0.000106444,-0.00144897,-0.000577077,-1.68942e-05,-7.69299e-05,-0.00033021,0.000579168,-9.94706e-05,8.69756e-05,0.000265693,-0.000327573,3.06948e-05,-5.54887e-06,-0.000139461,-0.000340072,1.1505e-05,8.50348e-05,0.000165803,-0.000407453,-0.000437581,-5.86308e-05,-0.000480805,8.42666e-05,-2.72115e-05,0.000209426,8.42597e-05,-0.000315606,0.000527562,0.0001838,5.74015e-05,0.000243459,-0.000352587,0.000497853,0.000395436,-0.00053179
0.0519991,0.000348085,-0.000121825,-5.21218e-05,7.71187e-05,-0.000149087,-0.000428234,-3.24639e-06,-0.000272414,-0.000930194,-0.000144979,-0.00108956,-0.00148758,-0.00141765,-0.000304286,-0.000173087,-0.000202166,-0.000599148,-7.13339e-05,-0.00104227,5.05712e-05,-0.000295521,-0.00103179,6.84148e-05,-0.000668439,-0.000810135,0.00011111,-0.000876972,-0.000271672,-0.000984523,4.71426e-05,0.00056267,-9.44942e-05,-0.000271627,-0.000155063,-0.00130032,-0.00051141,-1.76556e-05,-0.000111765,-0.000299611,0.000606352,-8.12065e-05,3.0007e-05,0.000264203,-0.000300836,1.77828e-05,3.84917e-05,-0.000137466,-0.000314454,8.43707e-06,6.59417e-05,0.000151899,-0.000361809,-0.000353197,-4.74349e-06,-0.000430214,7.26173e-05,-3.49696e-05,0.000222642,4.66937e-05,-0.000326905,0.000541661,0.000199321,5.95718e-05,0.000236463,-0.000330489,0.000525138,0.000395309,-0.000519336
0.0529991,0.000252771,-0.000116557,-9.93005e-05,5.11937e-05,-0.000113332,-0.000450798,6.18658e-06,-0.000249484,-0.000823183,-0.000126909,-0.000954445,-0.00125515,-0.00126905,-0.000271022,-0.000174917,-0.000208638,-0.000524641,-5.58787e-05,-0.00083629,7.69486e-05,-0.000275439,-0.000905329,5.84529e-05,-0.000641477,-0.000722587,0.000114421,-0.000776685,-0.000241701,-0.00087858,0.000151259,0.000492966,-9.00322e-05,-0.000240689,-0.000203805,-0.00114395,-0.0004426,-1.8337e-05,-0.000146342,-0.000267243,0.00063068,-6.23358e-05,-2.9044e-05,0.000261468,-0.000272081,4.58253e-06,8.33556e-05,-0.000134574,-0.000287052,5.0733e-06,4.59539e-05,0.000137194,-0.000313887,-0.000266266,4.93171e-05,-0.000377099,6.02802e-05,-4.26181e-05,0.00023478,8.11956e-06,-0.000337631,0.000553443,0.000213764,6.12416e-05,0.000227597,-0.000306655,0.000549265,0.000395437,-0.000504787
0.0539991,0.000158873,-0.000110741,-0.000146187,2.47307e-05,-7.66758e-05,-0.000470965,1.58081e-05,-0.000225221,-0.000712155,-0.000108046,-0.000814084,-0.0010157,-0.00111398,-0.000236386,-0.000175775,-0.000213732,-0.0004474,-4.01187e-05,-0.000623403,0.000102793,-0.000253488,-0.000774071,4.79187e-05,-0.000610927,-0.000631171,0.00011756,-0.000672462,-0.000209886,-0.000767912,0.000255161,0.00042062,-8.51322e-05,-0.000207426,-0.000252089,-0.000981663,-0.000371448,-1.89286e-05,-0.000180349,-0.000233476,0.000651967,-4.30833e-05,-8.96174e-05,0.000257497,-0.000241537,-8.76558e-06,0.000128584,-0.000130833,-0.000258183,1.45941e-06,2.53196e-05,0.000122005,-0.000264235,-0.000177803,0.000102944,-0.000322053,4.74531e-05,-5.00622e-05,0.000245657,-3.10398e-05,-0.000347706,0.000562726,0.000226925,6.2257e-05,0.000217002,-0.000281369,0.000569952,0.000395602,-0.000488225
0.0549991,6.73844e-05,-0.000104427,-0.000192159,-1.93038e-06,-3.96032e-05,-0.000488489,2.54839e-05,-0.000199894,-0.000598429,-8.86058e-05,-0.000670024,-0.000772041,-0.000954195,-0.000200773,-0.000175602,-0.000217388,-0.000368318,-2.42409e-05,-0.000406452,0.000127803,-0.00022984,-0.000639554,3.69286e-05,-0.000577077,-0.000536904,0.00012039,-0.000565487,-0.000176578,-0.000653782,0.000357419,0.000346458,-7.98437e-05,-0.00017229,-0.000299293,-0.000815307,-0.000298782,-1.94194e-05,-0.000213474,-0.000198694,0.000670032,-2.36827e-05,-0.000151103,0.000252293,-0.000209441,-2.2112e-05,0.000173688,-0.000126299,-0.000228171,-2.35059e-06,4.29336e-06,0.000106636,-0.000213414,-8.88636e-05,0.000155514,-0.000265689,3.43548e-05,-5.72014e-05,0.000255079,-7.0327e-05,-0.000357023,0.000569308,0.000238599,6.24624e-05,0.000204839,-0.000254926,0.000586909,0.000395515,-0.000469708
0.0559991,-2.07448e-05,-9.76639e-05,-0.000236585,-2.84403e-05,-2.60795e-06,-0.000503133,3.50739e-05,-0.000173776,-0.000483334,-6.88067e-05,-0.000523827,-0.000526987,-0.000791447,-0.000164581,-0.000174337,-0.000219563,-0.000288296,-8.43389e-06,-0.000188362,0.000151682,-0.000204677,-0.000503326,2.56045e-05,-0.000540225,-0.000440815,0.00012277,-0.000456955,-0.00014215,-0.000537469,0.000456583,0.000271312,-7.42162e-05,-0.000135766,-0.000344768,-0.000646752,-0.000225435,-1.97983e-05,-0.000245402,-0.00016328,0.000684701,-4.37079e-06,-0.000212856,0.000245859,-0.000176035,-3.53022e-05,0.000218159,-0.000121029,-0.000197346,-6.2966e-06,-1.68706e-05,9.13689e-05,-0.000161996,-5.16252e-07,0.000206401,-0.000208623,2.12164e-05,-6.39331e-05,0.000262853,-0.00010926,-0.00036545,0.000572987,0.000248588,6.17081e-05,0.00019128,-0.000227616,0.00059985,0.000394832,-0.000449275
0.0569991,-0.00010463,-9.05001e-05,-0.00027884,-5.44514e-05,3.38185e-05,-0.000514673,4.44369e-05,-0.000147139,-0.00036818,-4.88673e-05,-0.000377043,-0.000283349,-0.000627481,-0.000128204,-0.000171927,-0.000220225,-0.000208225,7.11595e-06,2.79369e-05,0.000174145,-0.00017819,-0.000366923,1.40719e-05,-0.00050068,-0.000343924,0.000124552,-0.000348047,-0.000106985,-0.000420248,0.000551227,0.000196008,-6.82985e-05,-9.83598e-05,-0.000387864,-0.000477846,-0.000152233,-2.00544e-05,-0.000275831,-0.000127618,0.000695812,1.46176e-05,-0.000274206,0.000238195,-0.000141565,-4.81811e-05,0.000261473,-0.000115083,-0.000166033,-1.03147e-05,-3.79252e-05,7.64614e-05,-0.000110547,8.61826e-05,0.000254995,-0.000151464,8.27299e-06,-7.01562e-05,0.000268787,-0.00014734,-0.000372829,0.000573564,0.000256703,5.98588e-05,0.000176509,-0.000199731,0.000608514,0.000393175,-0.000426957
0.057999,-0.000183472,-8.2985e-05,-0.000318322,-7.96276e-05,6.92002e-05,-0.0005229,5.3435e-05,-0.00012025,-0.000254235,-2.9002e-05,-0.000231183,-4.38469e-05,-0.000463986,-9.20239e-05,-0.000168324,-0.000219365,-0.000128972,2.22292e-05,0.000239583,0.000194925,-0.000150575,-0.000231835,2.45854e-06,-0.000458757,-0.000247228,0.000125593,-0.000239907,-7.14746e-05,-0.000303356,0.00063999,0.00012135,-6.21387e-05,-6.05804e-05,-0.000427946,-0.00031038,-7.99779e-05,-2.01781e-05,-0.00030447,-9.20792e-05,0.000703213,3.30553e-05,-0.000334479,0.000229308,-0.00010628,-6.05975e-05,0.000303098,-0.000108524,-0.000134549,-1.43394e-05,-5.86371e-05,6.21433e-05,-5.96187e-05,0.000170214,0.00030072,-9.48018e-05,-4.24517e-06,-7.57738e-05,0.000272702,-0.000184068,-0.000378983,0.000570858,0.000262774,5.68007e-05,0.000160712,-0.00017155,0.000612674,0.000390154,-0.000402785
0.058999,-0.000256572,-7.51691e-05,-0.000354472,-0.000103654,0.000103087,-0.000527628,6.19371e-05,-9.33648e-05,-0.000142698,-9.41644e-06,-8.76914e-05,0.000188934,-0.000302577,-5.64045e-05,-0.000163491,-0.000216991,-5.13556e-05,3.67368e-05,0.000443855,0.000213784,-0.000122029,-9.94769e-05,-9.10664e-06,-0.000414769,-0.000151676,0.000125758,-0.000133622,-3.60051e-05,-0.000187978,0.000721618,4.81026e-05,-5.57837e-05,-2.29325e-05,-0.000464413,-0.000146059,-9.42825e-06,-2.01613e-05,-0.000331048,-5.70191e-05,0.000706765,5.07278e-05,-0.000393007,0.000219213,-7.04289e-05,-7.24073e-05,0.000342507,-0.00010142,-0.000103195,-1.83057e-05,-7.87934e-05,4.86129e-05,-9.73466e-06,0.000250618,0.000343042,-3.91992e-05,-1.61202e-05,-8.06965e-05,0.000274434,-0.000218946,-0.000383721,0.000564719,0.000266651,5.24481e-05,0.000144072,-0.000143342,0.00061215,0.000385387,-0.000376796
0.059999,-0.000323347,-6.71041e-05,-0.000386788,-0.000126247,0.000135068,-0.000528698,6.98229e-05,-6.67239e-05,-3.46795e-05,9.69605e-06,5.20758e-05,0.000412596,-0.000144762,-2.16863e-05,-0.000157403,-0.000213133,2.38594e-05,5.04841e-05,0.00063823,0.000230515,-9.27504e-05,2.88346e-05,-2.04954e-05,-0.000369033,-5.81638e-05,0.000124926,-3.02057e-05,-9.53363e-07,-7.52208e-05,0.00079499,-2.30199e-05,-4.92785e-05,1.40965e-05,-0.000496715,1.35314e-05,5.87092e-05,-1.99981e-05,-0.000355319,-2.27701e-05,0.000706348,6.74374e-05,-0.000449145,0.000207932,-3.42606e-05,-8.34776e-05,0.000379178,-9.38398e-05,-7.22541e-05,-2.2151e-05,-9.82059e-05,3.60353e-05,3.86148e-05,0.000326518,0.000381484,1.48194e-05,-2.71539e-05,-8.48454e-05,0.000273839,-0.000251498,-0.000386842,0.000555028,0.000268213,4.67489e-05,0.000126769,-0.000115358,0.000606823,0.000378519,-0.000349044
0.060999,-0.000383339,-5.88434e-05,-0.000414836,-0.000147156,0.000164774,-0.000525979,7.69859e-05,-4.05511e-05,6.88146e-05,2.81574e-05,0.000186871,0.000624963,8.07185e-06,1.18193e-05,-0.000150049,-0.00020784,9.59797e-05,6.33331e-05,0.000820444,0.000244947,-6.29314e-05,0.000151903,-3.15816e-05,-0.000321858,3.24891e-05,0.000122997,6.94166e-05,3.3321e-05,3.39018e-05,0.000859154,-9.13655e-05,-4.26669e-05,5.00471e-05,-0.000524371,0.000166946,0.000123793,-1.96853e-05,-0.000377063,1.03627e-05,0.000701858,8.30075e-05,-0.000502288,0.000195502,1.97702e-06,-9.36892e-05,0.000412611,-8.58553e-05,-4.19848e-05,-2.58168e-05,-0.000116717,2.45409e-05,8.49825e-05,0.000397132,0.000415641,6.6775e-05,-3.71737e-05,-8.81538e-05,0.000270802,-0.000281272,-0.000388143,0.000541715,0.000267365,3.96885e-05,0.000108974,-8.78308e-05,0.000596638,0.000369239,-0.000319601
0.061999,-0.000436223,-5.04419e-05,-0.000438261,-0.000166176,0.000191893,-0.00051937,8.33359e-05,-1.50486e-05,0.000166899,4.58077e-05,0.000315572,0.000824123,0.000154682,4.38332e-05,-0.000141433,-0.000201186,0.000164392,7.51652e-05,0.000988529,0.000256948,-3.27617e-05,0.00026867,-4.22426e-05,-0.000273546,0.000119544,0.000119892,0.000164422,6.64816e-05,0.000138485,0.000913344,-0.000156354,-3.59904e-05,8.44966e-05,-0.000546976,0.000312901,0.000185258,-1.92224e-05,-0.000396093,4.21057e-05,0.000693209,9.7285e-05,-0.000551881,0.000181971,3.80387e-05,-0.000102939,0.000442328,-7.75401e-05,-1.26193e-05,-2.92503e-05,-0.000134201,1.42256e-05,0.000128971,0.000461792,0.000445181,0.00011624,-4.60377e-05,-9.05696e-05,0.000265234,-0.000307852,-0.000387422,0.000524756,0.000264051,3.1293e-05,9.08446e-05,-6.09695e-05,0.000581616,0.000357291,-0.000288567
0.062999,-0.000481807,-4.19561e-05,-0.000456796,-0.000183145,0.000216167,-0.000508804,8.88005e-05,9.60396e-06,0.000258821,6.25068e-05,0.000437194,0.00100844,0.000293979,7.41124e-05,-0.000131576,-0.000193261,0.000228569,8.58829e-05,0.00114085,0.000266431,-2.42633e-06,0.000378227,-5.23607e-05,-0.000224394,0.000202352,0.000115558,0.000254098,9.822e-05,0.000237742,0.000957001,-0.000217482,-2.92889e-05,0.000117066,-0.000564217,0.00045029,0.000242617,-1.86122e-05,-0.00041225,7.22201e-05,0.00068034,0.000110143,-0.000597431,0.000167403,7.3683e-05,-0.000111144,0.000467886,-6.89691e-05,1.5639e-05,-3.24055e-05,-0.00015057,5.15076e-06,0.000170235,0.000519953,0.000469856,0.000162843,-5.36388e-05,-9.20564e-05,0.000257083,-0.00033087,-0.00038449,0.000504183,0.000258246,2.16298e-05,7.25273e-05,-3.49596e-05,0.000561852,0.000342492,-0.00025607
0.0639989,-0.000520036,-3.34441e-05,-0.000470264,-0.00019795,0.000237401,-0.000494248,9.3327e-05,3.32515e-05,0.000343963,7.81359e-05,0.000550896,0.0011766,0.000425036,0.000102451,-0.000120519,-0.000184176,0.000288077,9.54106e-05,0.00127613,0.000273349,2.78944e-05,0.000479825,-6.18249e-05,-0.000174684,0.000280362,0.000109974,0.000337849,0.00012826,0.000331013,0.000989777,-0.00027433,-2.26005e-05,0.000147428,-0.000575878,0.000578191,0.000295471,-1.78603e-05,-0.000425411,0.000100503,0.000663209,0.000121484,-0.000638522,0.00015188,0.000108673,-0.000118237,0.000488882,-6.02175e-05,4.26176e-05,-3.52439e-05,-0.00016577,-2.65491e-06,0.000208488,0.000571197,0.000489504,0.000206272,-5.99067e-05,-9.25946e-05,0.000246329,-0.000350008,-0.000379176,0.000480084,0.000249964,1.08078e-05,5.41533e-05,-9.96154e-06,0.000537523,0.000324733,-0.000222271
0.0649989,-0.000550981,-2.49647e-05,-0.000478584,-0.000210523,0.000255465,-0.000475701,9.6882e-05,5.57639e-05,0.000421849,9.25985e-05,0.000655991,0.00132756,0.000547095,0.000128683,-0.000108318,-0.000174057,0.000342576,0.000103696,0.00139345,0.000277701,5.80239e-05,0.000572878,-7.05315e-05,-0.00012469,0.000353119,0.000103144,0.000415198,0.000156362,0.000417767,0.00101154,-0.000326564,-1.59613e-05,0.000175307,-0.000581844,0.000695872,0.00034351,-1.69758e-05,-0.000435485,0.000126791,0.000641802,0.000131236,-0.000674817,0.000135496,0.000142777,-0.000124174,0.00050496,-5.13603e-05,6.81746e-05,-3.77352e-05,-0.000179784,-9.19367e-06,0.000243502,0.00061524,0.000504047,0.000246276,-6.48095e-05,-9.21818e-05,0.000232987,-0.000365007,-0.000371329,0.000452605,0.000239256,-1.02447e-06,3.5839e-05,1.38903e-05,0.000508881,0.000303992,-0.000187364
0.0659989,-0.000574838,-1.65776e-05,-0.000481767,-0.000220847,0.000270287,-0.000453195,9.94522e-05,7.70362e-05,0.000492142,0.00010582,0.00075194,0.00146063,0.000659565,0.00015268,-9.50465e-05,-0.000163042,0.000391818,0.000110707,0.00149226,0.000279526,8.77882e-05,0.000656962,-7.83865e-05,-7.46708e-05,0.000420271,9.51078e-05,0.000485786,0.000182321,0.000497602,0.00102237,-0.000373934,-9.4061e-06,0.000200487,-0.0005821,0.000802793,0.00038651,-1.59704e-05,-0.00044241,0.000150955,0.000616127,0.000139358,-0.00070607,0.000118362,0.00017577,-0.000128929,0.000515817,-4.24716e-05,9.21989e-05,-3.98576e-05,-0.000192628,-1.4496e-05,0.000275109,0.000651927,0.000513494,0.000282665,-6.83533e-05,-9.08324e-05,0.000217112,-0.000375673,-0.000360831,0.000421947,0.000226207,-1.36821e-05,1.76861e-05,3.64874e-05,0.000476253,0.000280327,-0.000151575
0.0669989,-0.000591912,-8.34235e-06,-0.000479912,-0.000228944,0.00028186,-0.000426796,0.000101043,9.69875e-05,0.000554643,0.000117748,0.000838353,0.00157539,0.000762018,0.000174351,-8.07974e-05,-0.000151284,0.000435648,0.000116437,0.00157239,0.000278902,0.000117015,0.000731813,-8.53055e-05,-2.48736e-05,0.000481559,8.59317e-05,0.000549371,0.000205975,0.000570245,0.00102255,-0.000416273,-2.96806e-06,0.000222809,-0.000576736,0.000898596,0.000424334,-1.48585e-05,-0.000446157,0.000172906,0.000586219,0.000145836,-0.000732123,0.000100603,0.000207434,-0.000132496,0.000521208,-3.36233e-05,0.000114609,-4.15975e-05,-0.000204351,-1.86174e-05,0.000303194,0.000681232,0.000517937,0.000315308,-7.05813e-05,-8.85773e-05,0.000198791,-0.000381878,-0.000347598,0.000388364,0.000210942,-2.69483e-05,-2.17048e-07,5.77459e-05,0.000440034,0.000253884,-0.000115161
0.0679989,-0.000602604,-3.17906e-07,-0.000473206,-0.000234878,0.000290231,-0.000396597,0.000101677,0.000115561,0.000609279,0.000128349,0.000914982,0.00167172,0.000854181,0.000193642,-6.56778e-05,-0.000138939,0.000473998,0.000120895,0.00163398,0.000275942,0.00014553,0.000797314,-9.12158e-05,2.44682e-05,0.000536817,7.57125e-05,0.00060582,0.000227196,0.000635538,0.00101255,-0.000453493,3.32092e-06,0.000242171,-0.000565936,0.0009831,0.000456927,-1.36568e-05,-0.000446721,0.000192588,0.000552144,0.000150683,-0.000752912,8.23554e-05,0.000237561,-0.000134888,0.000520953,-2.48846e-05,0.000135351,-4.29494e-05,-0.000215024,-2.16349e-05,0.000327703,0.000703244,0.00051754,0.000344132,-7.15713e-05,-8.54628e-05,0.000178147,-0.000383561,-0.000331587,0.000352159,0.000193615,-4.05794e-05,-1.77947e-05,7.7606e-05,0.000400678,0.000224886,-7.84053e-05
0.0689989,-0.0006074,7.43824e-06,-0.000461911,-0.000238748,0.0002955,-0.000362722,0.000101395,0.000132719,0.000656097,0.000137612,0.000981713,0.00174976,0.000935929,0.000210534,-4.98097e-05,-0.000126169,0.000506879,0.000124114,0.00167749,0.000270791,0.000173158,0.00085349,-9.60566e-05,7.31342e-05,0.000585966,6.45733e-05,0.000655104,0.000245896,0.000693438,0.000993012,-0.00048558,9.43007e-06,0.000258525,-0.000549974,0.00105629,0.000484307,-1.23839e-05,-0.000444124,0.000209978,0.00051399,0.000153935,-0.000768464,6.37674e-05,0.000265949,-0.000136133,0.000514936,-1.63212e-05,0.000154397,-4.39152e-05,-0.000224743,-2.36433e-05,0.000348628,0.000718166,0.000512539,0.000369114,-7.14322e-05,-8.15489e-05,0.000155336,-0.000380735,-0.0003128,0.000313677,0.000174411,-5.43119e-05,-3.49814e-05,9.60302e-05,0.000358689,0.00019363,-4.16141e-05
0.0699988,-0.000606847,1.48709e-05,-0.000446356,-0.000240679,0.000297815,-0.000325324,0.000100249,0.000148447,0.00069525,0.000145541,0.00103855,0.0018099,0.00100727,0.000225037,-3.33278e-05,-0.000113135,0.000534376,0.000126138,0.00170367,0.00026362,0.000199721,0.000900489,-9.97799e-05,0.000120916,0.000629005,5.26615e-05,0.000697285,0.000262022,0.000744002,0.000964715,-0.000512587,1.53296e-05,0.000271877,-0.000529206,0.00111828,0.000506562,-1.10595e-05,-0.000438407,0.000225085,0.000471878,0.000155652,-0.000778887,4.49944e-05,0.000292409,-0.000136274,0.000503114,-7.99422e-06,0.000171741,-4.45036e-05,-0.000233616,-2.47512e-05,0.000366009,0.000726295,0.000503227,0.000390281,-7.02998e-05,-7.69081e-05,0.000130543,-0.000373475,-0.000291281,0.0002733,0.000153542,-6.78691e-05,-5.17204e-05,0.000113001,0.000314614,0.000160477,-5.11172e-06
0.0709988,-0.000601542,2.19279e-05,-0.000426928,-0.000240819,0.00029736,-0.000284579,9.83036e-05,0.000162745,0.000726984,0.000152157,0.00108562,0.00185273,0.00106832,0.000237189,-1.63773e-05,-9.99965e-05,0.000556634,0.00012703,0.0017135,0.00025462,0.000225034,0.000938567,-0.000102351,0.000167619,0.000666001,4.01451e-05,0.000732505,0.000275556,0.000787371,0.000928558,-0.000534624,2.09906e-05,0.000282278,-0.000504057,0.00116935,0.000523841,-9.70458e-06,-0.00042963,0.00023794,0.000425956,0.000155911,-0.000784371,2.61976e-05,0.000316761,-0.000135367,0.000485514,4.00122e-08,0.000187397,-4.47291e-05,-0.000241756,-2.50767e-05,0.000379926,0.00072801,0.000489948,0.000407703,-6.83319e-05,-7.1623e-05,0.000103978,-0.000361927,-0.000267129,0.000231439,0.000131244,-8.09686e-05,-6.7961e-05,0.000128518,0.000269022,0.000125842,3.07661e-05
0.0719988,-0.000592109,2.85613e-05,-0.000404058,-0.000239333,0.000294353,-0.000240689,9.56338e-05,0.000175626,0.000751623,0.000157492,0.00112311,0.00187902,0.00111931,0.000247051,8.87943e-07,-8.69056e-05,0.000573854,0.000126862,0.00170814,0.000243997,0.000248908,0.000968075,-0.00010375,0.000213056,0.00069708,2.72085e-05,0.000760976,0.000286508,0.000823765,0.000885532,-0.000551853,2.6385e-05,0.00028982,-0.00047501,0.00120985,0.000536341,-8.34e-06,-0.000417866,0.000248599,0.0003764,0.000154807,-0.000785171,7.54114e-06,0.000338837,-0.000133479,0.000462237,7.73101e-06,0.000201394,-4.46108e-05,-0.000249277,-2.47438e-05,0.000390495,0.000723758,0.000473085,0.000421484,-6.5703e-05,-6.57841e-05,7.58759e-05,-0.000346294,-0.000240485,0.000188522,0.000107769,-9.33304e-05,-8.36568e-05,0.000142598,0.000222502,9.01796e-05,6.56788e-05
0.0729988,-0.000579182,3.47277e-05,-0.000378213,-0.000236391,0.000289035,-0.000193879,9.23195e-05,0.000187118,0.000769554,0.000161591,0.00115133,0.0018897,0.00116056,0.000254704,1.83082e-05,-7.40055e-05,0.000586279,0.000125716,0.00168894,0.000231968,0.000271145,0.000989434,-0.00010397,0.000257054,0.00072242,1.40489e-05,0.000782968,0.000294918,0.00085346,0.000836686,-0.000564476,3.14856e-05,0.000294633,-0.000442594,0.00124023,0.000544302,-6.98656e-06,-0.000403201,0.000257138,0.000323417,0.000152444,-0.000781597,-1.08115e-05,0.000358482,-0.000130683,0.000433458,1.50344e-05,0.000213774,-4.41718e-05,-0.000256282,-2.38784e-05,0.000397858,0.000714039,0.000453048,0.000431759,-6.25985e-05,-5.94878e-05,4.64899e-05,-0.000326838,-0.000211541,0.00014499,8.33846e-05,-0.000104684,-9.87629e-05,0.000155268,0.000175645,5.39739e-05,9.92876e-05
0.0739988,-0.000563389,4.03895e-05,-0.000349879,-0.000232166,0.000281663,-0.000144395,8.84451e-05,0.000197256,0.00078121,0.000164506,0.00117063,0.00188577,0.00119242,0.000260247,3.57202e-05,-6.1427e-05,0.000594184,0.000123679,0.0016573,0.000218752,0.000291546,0.00100312,-0.000103017,0.000299446,0.000742233,8.71057e-07,0.000798792,0.000300847,0.000876777,0.000783099,-0.000572725,3.6266e-05,0.000296874,-0.000407366,0.00126103,0.000547995,-5.66426e-06,-0.000385727,0.000263646,0.000267239,0.00014894,-0.000774002,-2.86995e-05,0.000375556,-0.000127058,0.000399423,2.19123e-05,0.000224589,-4.34377e-05,-0.000262856,-2.2605e-05,0.000402182,0.000699386,0.000430267,0.000438687,-5.92087e-05,-5.28338e-05,1.60882e-05,-0.000303871,-0.000180533,0.000101287,5.83668e-05,-0.000114775,-0.000113235,0.000166567,0.000129029,1.77225e-05,0.000131262
0.0749988,-0.000545337,4.55152e-05,-0.000319551,-0.000226829,0.000272502,-9.25075e-05,8.40962e-05,0.00020608,0.000787055,0.000166296,0.00118139,0.00186835,0.00121533,0.000263787,5.29597e-05,-4.92868e-05,0.000597866,0.000120844,0.00161474,0.000204565,0.000309903,0.00100966,-0.000100914,0.000340074,0.000756762,-1.2117e-05,0.000808792,0.000304376,0.000894069,0.000725854,-0.000576859,4.07009e-05,0.000296723,-0.000369902,0.0012728,0.000547711,-4.39184e-06,-0.000365545,0.000268221,0.000208129,0.000144416,-0.000762766,-4.59682e-05,0.000389931,-0.000122687,0.000360449,2.83336e-05,0.000233894,-4.24356e-05,-0.00026906,-2.10434e-05,0.000403645,0.000680353,0.000405176,0.000442444,-5.57229e-05,-4.5923e-05,-1.50498e-05,-0.000277748,-0.000147738,5.78498e-05,3.29966e-05,-0.000123375,-0.000127025,0.000176539,8.32143e-05,-1.80758e-05,0.000161289
0.0759988,-0.000525592,5.00803e-05,-0.000287724,-0.000220536,0.000261819,-3.85066e-05,7.93572e-05,0.000213635,0.000787573,0.000167022,0.00118407,0.00183858,0.00122976,0.000265443,6.9864e-05,-3.76854e-05,0.000597636,0.000117303,0.00156274,0.000189619,0.000326009,0.00100957,-9.76948e-05,0.000378787,0.000766269,-2.4709e-05,0.00081333,0.000305601,0.000905707,0.000666009,-0.000577147,4.4766e-05,0.000294375,-0.000330781,0.00127615,0.000543755,-3.18632e-06,-0.000342756,0.000270972,0.000146375,0.000138995,-0.000748277,-6.24713e-05,0.000401498,-0.000117653,0.000316923,3.4274e-05,0.000241751,-4.11933e-05,-0.000274919,-1.93057e-05,0.000402439,0.000657497,0.000378207,0.000443219,-5.23239e-05,-3.88551e-05,-4.66376e-05,-0.000248861,-0.00011347,1.5101e-05,7.55501e-06,-0.000130283,-0.000140085,0.000185237,3.87262e-05,-5.29348e-05,0.000189074
0.0769987,-0.000504674,5.40676e-05,-0.000254876,-0.000213432,0.000249874,1.72949e-05,7.43095e-05,0.000219968,0.000783247,0.000166747,0.0011791,0.0017976,0.00123617,0.000265336,8.62741e-05,-2.67059e-05,0.000593806,0.000113149,0.00150279,0.000174111,0.000339656,0.00100341,-9.34067e-05,0.000415438,0.000771022,-3.67047e-05,0.000812777,0.000304631,0.000912063,0.000604574,-0.000573866,4.84388e-05,0.000290035,-0.000290572,0.00127169,0.000536436,-2.06263e-06,-0.000317467,0.000272007,8.2292e-05,0.000132802,-0.000730919,-7.80737e-05,0.000410162,-0.000112036,0.000269294,3.97161e-05,0.000248216,-3.9738e-05,-0.000280423,-1.74946e-05,0.000398757,0.000631369,0.00034978,0.000441203,-4.91822e-05,-3.17269e-05,-7.83849e-05,-0.000217629,-7.80726e-05,-2.65581e-05,-1.76813e-05,-0.000135334,-0.00015236,0.000192713,-3.95137e-06,-8.63929e-05,0.000214355
0.0779987,-0.000483041,5.74674e-05,-0.000221467,-0.000205644,0.000236916,7.45622e-05,6.90292e-05,0.000225123,0.000774554,0.000165534,0.00116697,0.00174656,0.00123505,0.000263589,0.000102037,-1.64128e-05,0.000586686,0.000108469,0.00143631,0.000158225,0.00035064,0.000991707,-8.81093e-05,0.000449889,0.000771294,-4.79144e-05,0.000807504,0.000301581,0.000913509,0.00054249,-0.000567294,5.16983e-05,0.000283911,-0.000249821,0.00126001,0.000526061,-1.03332e-06,-0.000289785,0.000271439,1.62191e-05,0.000125957,-0.000711051,-9.2653e-05,0.000415847,-0.000105916,0.000218071,4.4649e-05,0.000253348,-3.80961e-05,-0.000285513,-1.57009e-05,0.000392794,0.000602495,0.000320293,0.000436593,-4.64515e-05,-2.46301e-05,-0.000110002,-0.000184492,-4.19135e-05,-6.6755e-05,-4.24441e-05,-0.000138402,-0.000163792,0.000199021,-4.43856e-05,-0.000118024,0.000236898
0.0789987,-0.000461085,6.02779e-05,-0.000187924,-0.000197275,0.000223176,0.000132937,6.35859e-05,0.000229144,0.000761954,0.000163445,0.00114811,0.00168657,0.00122689,0.000260326,0.000117009,-6.85238e-06,0.000576574,0.000103348,0.00136462,0.000142127,0.000358764,0.000974968,-8.18736e-05,0.000482003,0.000767353,-5.81635e-05,0.000797871,0.000296573,0.000910397,0.00048061,-0.000557699,5.45259e-05,0.000276208,-0.000209043,0.00124171,0.000512925,-1.08291e-07,-0.000259819,0.000269375,-5.14803e-05,0.000118577,-0.000688996,-0.000106102,0.000418494,-9.9366e-05,0.000163817,4.9068e-05,0.000257197,-3.62918e-05,-0.000290085,-1.40029e-05,0.000384736,0.000571374,0.000290117,0.000429579,-4.42637e-05,-1.76498e-05,-0.000141201,-0.0001499,-5.37675e-06,-0.000105151,-6.64769e-05,-0.000139402,-0.000174318,0.000204215,-8.22012e-05,-0.000147448,0.000256509
0.0799987,-0.000439126,6.2505e-05,-0.000154638,-0.000188408,0.000208866,0.000192038,5.80416e-05,0.000232068,0.000745877,0.000160536,0.001123,0.00161866,0.00121214,0.000255665,0.000131053,1.9479e-06,0.000563752,9.78629e-05,0.00128894,0.000125961,0.000363847,0.000953677,-7.47807e-05,0.000511648,0.000759453,-6.72956e-05,0.000784223,0.000289729,0.000903058,0.000419685,-0.000545339,5.69057e-05,0.000267126,-0.00016871,0.00121733,0.00049731,7.05332e-07,-0.000227682,0.00026592,-0.000120422,0.00011077,-0.000665023,-0.000118329,0.000418066,-9.24557e-05,0.000107144,5.29747e-05,0.000259811,-3.43473e-05,-0.000293986,-1.24648e-05,0.000374764,0.000538462,0.000259592,0.000420346,-4.2726e-05,-1.08633e-05,-0.000171703,-0.000114309,3.11457e-05,-0.000141446,-8.95386e-05,-0.000138296,-0.000183871,0.000208345,-0.000117086,-0.000174336,0.000273037
0.0809987,-0.000417408,6.41619e-05,-0.000121957,-0.000179104,0.000194173,0.00025146,5.24495e-05,0.000233931,0.000726722,0.000156862,0.00109205,0.00154381,0.00119125,0.000249722,0.000144047,9.97829e-06,0.000548481,9.20852e-05,0.00121035,0.00010985,0.000365724,0.000928281,-6.69204e-05,0.000538695,0.000747839,-7.51758e-05,0.000766884,0.000281169,0.000891796,0.000360357,-0.000530458,5.88246e-05,0.000256851,-0.000129246,0.0011874,0.000479479,1.40327e-06,-0.00019349,0.000261174,-0.0001902,0.000102636,-0.000639335,-0.000129262,0.000414543,-8.52475e-05,4.87027e-05,5.63755e-05,0.000261228,-3.22819e-05,-0.000297011,-1.11367e-05,0.000363047,0.000504171,0.000229018,0.000409071,-4.19169e-05,-4.33917e-06,-0.000201235,-7.81698e-05,6.72618e-05,-0.000175382,-0.000111406,-0.000135086,-0.00019238,0.00021146,-0.000148792,-0.000198422,0.000286369
0.0819987,-0.000396102,6.52693e-05,-9.01847e-05,-0.0001694,0.000179258,0.000310772,4.68542e-05,0.00023476,0.00070485,0.000152472,0.00105569,0.00146293,0.00116464,0.000242604,0.00015588,1.72459e-05,0.000530998,8.60769e-05,0.00112977,9.38929e-05,0.000364256,0.000899181,-5.83907e-05,0.000563019,0.000732733,-8.16939e-05,0.000746152,0.000271013,0.00087688,0.00030315,-0.000513281,6.02734e-05,0.000245556,-9.10181e-05,0.0011524,0.000459674,1.9841e-06,-0.000157363,0.000255227,-0.000260393,9.42656e-05,-0.000612061,-0.000138842,0.000407928,-7.77974e-05,-1.08229e-05,5.92821e-05,0.000261481,-3.01121e-05,-0.000298908,-1.00551e-05,0.000349742,0.000468864,0.00019866,0.000395918,-4.18849e-05,1.86391e-06,-0.000229534,-4.19221e-05,0.000102588,-0.000206744,-0.000131878,-0.000129821,-0.000199775,0.000213602,-0.000177141,-0.0002195,0.00029644
0.0829986,-0.000375308,6.58544e-05,-5.95762e-05,-0.000159315,0.000164256,0.000369518,4.12911e-05,0.00023458,0.000680582,0.000147409,0.0010143,0.00137681,0.00113269,0.000234414,0.000166455,2.37731e-05,0.000511517,7.98926e-05,0.001048,7.81686e-05,0.000359331,0.000866738,-4.92956e-05,0.0005845,0.000714344,-8.67657e-05,0.000722301,0.000259373,0.00085855,0.00024847,-0.000494014,6.12467e-05,0.0002334,-5.43348e-05,0.00111275,0.000438113,2.44912e-06,-0.000119432,0.000248165,-0.000330563,8.5738e-05,-0.000583247,-0.000147034,0.000398244,-7.01548e-05,-7.07252e-05,6.171e-05,0.000260595,-2.78518e-05,-0.000299383,-9.24242e-06,0.00033499,0.00043285,0.000168739,0.00038104,-4.26463e-05,7.69713e-06,-0.000256353,-5.98889e-06,0.000136758,-0.000235365,-0.000150772,-0.000122591,-0.000205982,0.000214811,-0.000202021,-0.00023743,0.00030323
0.0839986,-0.000355055,6.59502e-05,-3.03399e-05,-0.000148849,0.000149275,0.00042722,3.57871e-05,0.000233408,0.0006542,0.000141713,0.000968256,0.00128619,0.00109577,0.000225246,0.000175687,2.95963e-05,0.000490225,7.35783e-05,0.000965662,6.27327e-05,0.000350875,0.000831267,-3.97442e-05,0.000603021,0.000692858,-9.03354e-05,0.000695578,0.00024636,0.000837009,0.000196605,-0.000472842,6.17437e-05,0.000220522,-1.94438e-05,0.00106884,0.000414992,2.80222e-06,-7.98366e-05,0.000240064,-0.00040026,7.71231e-05,-0.000552852,-0.000153816,0.000385536,-6.23629e-05,-0.000130281,6.36782e-05,0.000258588,-2.5512e-05,-0.000298103,-8.70888e-06,0.00031892,0.000396389,0.000139436,0.000364578,-4.41852e-05,1.31219e-05,-0.000281455,2.92298e-05,0.000169428,-0.000261121,-0.000167932,-0.000113526,-0.000210932,0.000215121,-0.000223384,-0.000252137,0.000306762
0.0849986,-0.000335316,6.5595e-05,-2.63719e-06,-0.00013799,0.000134398,0.000483376,3.03611e-05,0.000231258,0.000625947,0.000135418,0.000917892,0.00119169,0.00105421,0.000215187,0.000183509,3.47634e-05,0.000467288,6.71722e-05,0.000883234,4.76216e-05,0.000338853,0.00079304,-2.98486e-05,0.000618468,0.000668447,-9.23755e-05,0.000666204,0.000232074,0.000812431,0.000147734,-0.000449935,6.17685e-05,0.000207042,1.3468e-05,0.00102101,0.000390485,3.04966e-06,-3.8731e-05,0.000230994,-0.000469023,6.84797e-05,-0.000520748,-0.000159185,0.00036987,-5.44591e-05,-0.000188763,6.52082e-05,0.000255475,-2.3101e-05,-0.000294706,-8.45292e-06,0.000301649,0.000359689,0.000110897,0.000346663,-4.64534e-05,1.81096e-05,-0.00030462,6.33618e-05,0.000200287,-0.000283932,-0.000183227,-0.00010279,-0.000214558,0.000214564,-0.000241248,-0.000263612,0.000307101
0.0859986,-0.000316009,6.48314e-05,2.34144e-05,-0.000126713,0.000119684,0.000537461,2.50247e-05,0.000228138,0.000596029,0.000128555,0.000863534,0.00109389,0.00100831,0.000204318,0.000189866,3.93322e-05,0.000442849,6.07054e-05,0.000801061,3.28538e-05,0.000323277,0.000752293,-1.97233e-05,0.000630736,0.000641266,-9.28876e-05,0.000634379,0.000216614,0.00078496,0.000101932,-0.000425442,6.13303e-05,0.000193064,4.42739e-05,0.000969567,0.000364744,3.19976e-06,3.71499e-06,0.000221019,-0.000536386,5.98572e-05,-0.000486722,-0.000163156,0.000351337,-4.64754e-05,-0.000245446,6.63238e-05,0.000251262,-2.06255e-05,-0.000288812,-8.46294e-06,0.000283281,0.000322915,8.32269e-05,0.000327413,-4.93714e-05,2.26414e-05,-0.000325641,9.60663e-05,0.000229061,-0.000303761,-0.000196548,-9.05796e-05,-0.000216801,0.000213166,-0.000255683,-0.000271903,0.000304354
0.0869986,-0.00029701,6.3705e-05,4.77382e-05,-0.000114992,0.000105171,0.000588934,1.97835e-05,0.000224055,0.000564621,0.000121152,0.000805488,0.000993273,0.00095836,0.000192714,0.000194718,4.33679e-05,0.00041703,5.42021e-05,0.000719368,1.84327e-05,0.000304205,0.000709226,-9.48272e-06,0.000639724,0.000611458,-9.19017e-05,0.000600282,0.00020007,0.000754718,5.91804e-05,-0.000399498,6.04438e-05,0.000178675,7.29033e-05,0.000914778,0.000337905,3.26261e-06,4.73121e-05,0.000210196,-0.000601878,5.12957e-05,-0.000450486,-0.000165755,0.000330044,-3.844e-05,-0.000299621,6.70498e-05,0.000245958,-1.80901e-05,-0.000280033,-8.71868e-06,0.000263909,0.000286189,5.6502e-05,0.000306938,-5.28306e-05,2.67072e-05,-0.000344329,0.000127037,0.000255518,-0.000320609,-0.000207813,-7.71158e-05,-0.00021761,0.00021095,-0.000266813,-0.000277114,0.000298664
0.0879986,-0.00027816,6.22637e-05,7.02937e-05,-0.000102797,9.08781e-05,0.00063724,1.46385e-05,0.000219012,0.000531871,0.000113234,0.000744049,0.000890273,0.000904633,0.000180445,0.00019804,4.69413e-05,0.000389941,4.76811e-05,0.000638271,4.34989e-06,0.000281751,0.000664014,7.59589e-07,0.000645342,0.000579158,-8.94751e-05,0.000564078,0.000182529,0.000721807,1.93837e-05,-0.000372229,5.91292e-05,0.000163944,9.93376e-05,0.000856886,0.000310089,3.24966e-06,9.18494e-05,0.000198578,-0.000665027,4.28272e-05,-0.000411683,-0.000167026,0.000306123,-3.03776e-05,-0.000350603,6.74115e-05,0.000239566,-1.54985e-05,-0.000267986,-9.193e-06,0.000243618,0.000249599,3.07681e-05,0.000285343,-5.66955e-05,3.03056e-05,-0.00036051,0.000156004,0.000279472,-0.000334512,-0.000216964,-6.26404e-05,-0.000216944,0.000207939,-0.000274808,-0.000279397,0.000290206
0.0889985,-0.000259282,6.05565e-05,9.10718e-05,-9.01032e-05,7.6812e-05,0.000681814,9.58697e-06,0.000213014,0.000497908,0.000104826,0.000679503,0.00078528,0.00084739,0.000167577,0.000199817,5.01262e-05,0.000361678,4.11567e-05,0.000557804,-9.41196e-06,0.00025608,0.000616813,1.08927e-05,0.000647506,0.000544496,-8.56908e-05,0.00052592,0.000164074,0.000686317,-1.76191e-05,-0.000343748,5.74123e-05,0.00014893,0.000123604,0.000796115,0.000281404,3.17342e-06,0.000137092,0.000186218,-0.000725367,3.4477e-05,-0.000369906,-0.000167022,0.000279726,-2.2311e-05,-0.000397739,6.74346e-05,0.000232093,-1.28538e-05,-0.000252309,-9.8535e-06,0.00022249,0.000213205,6.04786e-06,0.000262724,-6.08073e-05,3.34422e-05,-0.000374025,0.000182733,0.000300788,-0.000345539,-0.000223966,-4.74086e-05,-0.000214778,0.000204151,-0.000279872,-0.000278949,0.000279186
0.0899985,-0.000240185,5.8632e-05,0.000110089,-7.68952e-05,6.29667e-05,0.000722088,4.62421e-06,0.000206064,0.000462842,9.59514e-05,0.000612138,0.000678653,0.000786888,0.000154175,0.000200051,5.29977e-05,0.000332332,3.464e-05,0.000477936,-2.28756e-05,0.000227414,0.000567763,2.08096e-05,0.000646146,0.000507601,-8.06549e-05,0.000485956,0.000144786,0.000648331,-5.20381e-05,-0.000314164,5.53245e-05,0.000133679,0.000145771,0.000732676,0.000251952,3.047e-06,0.000182779,0.000173164,-0.000782437,2.62651e-05,-0.000324712,-0.000165808,0.000251024,-1.4262e-05,-0.000440422,6.71438e-05,0.000223548,-1.01591e-05,-0.000232674,-1.06642e-05,0.000200601,0.000177044,-1.76548e-05,0.000239178,-6.49874e-05,3.61289e-05,-0.000384734,0.000207031,0.000319377,-0.000353784,-0.00022881,-3.16838e-05,-0.000211097,0.000199607,-0.000282241,-0.000275995,0.000265832
0.0909985,-0.000220679,5.65381e-05,0.000127383,-6.31695e-05,4.93298e-05,0.000757497,-2.5517e-07,0.00019817,0.000426778,8.6636e-05,0.000542243,0.00057073,0.000723389,0.0001403,0.000198752,5.56302e-05,0.00030199,2.81398e-05,0.000398596,-3.60661e-05,0.000196028,0.000517002,3.04083e-05,0.000641202,0.000468606,-7.44946e-05,0.000444333,0.000124747,0.000607935,-8.41173e-05,-0.000283585,5.29021e-05,0.000118228,0.000165936,0.000666782,0.000221833,2.88378e-06,0.000228623,0.000159466,-0.000835785,1.82072e-05,-0.000275646,-0.000163457,0.000220205,-6.25239e-06,-0.000478096,6.65631e-05,0.000213944,-7.41795e-06,-0.000208804,-1.15874e-05,0.000178027,0.000141142,-4.03493e-05,0.0002148,-6.90422e-05,3.8383e-05,-0.000392511,0.000228738,0.000335203,-0.000359362,-0.000231505,-1.57306e-05,-0.000205908,0.000194326,-0.00028217,-0.00027079,0.000250393
0.0919985,-0.000200584,5.43202e-05,0.000143004,-4.89394e-05,3.58854e-05,0.000787491,-5.05597e-06,0.000189342,0.000389815,7.69073e-05,0.000470118,0.000461849,0.000657163,0.000126015,0.000195942,5.80959e-05,0.00027074,2.16642e-05,0.000319697,-4.90073e-05,0.000162248,0.000464671,3.95932e-05,0.000632631,0.000427651,-6.73544e-05,0.000401203,0.000104039,0.000565219,-0.000114119,-0.000252118,5.01866e-05,0.000102611,0.000184225,0.000598648,0.000191144,2.69704e-06,0.00027431,0.000145177,-0.000884977,1.03163e-05,-0.00022226,-0.000160048,0.000187476,1.69478e-06,-0.000510266,6.57149e-05,0.000203301,-4.63495e-06,-0.000180485,-1.25847e-05,0.000154847,0.000105517,-6.20537e-05,0.000189689,-7.2768e-05,4.02259e-05,-0.000397246,0.00024773,0.000348275,-0.000362407,-0.000232082,1.90532e-07,-0.000199233,0.000188331,-0.000279929,-0.000263605,0.000233131
0.0929985,-0.000179737,5.20206e-05,0.000157014,-3.42377e-05,2.2618e-05,0.000811539,-9.78119e-06,0.000179594,0.000352058,6.67961e-05,0.00039608,0.000352355,0.000588496,0.000111383,0.000191652,6.04629e-05,0.000238676,1.52213e-05,0.000241149,-6.17192e-05,0.00012645,0.000410919,4.82759e-05,0.000620404,0.00038489,-5.93927e-05,0.000356724,8.27487e-05,0.000520285,-0.000142308,-0.000219875,4.72233e-05,8.68577e-05,0.000200779,0.000528504,0.000159989,2.49958e-06,0.000319499,0.000130352,-0.000929592,2.60405e-06,-0.00016414,-0.000155666,0.000153058,9.55473e-06,-0.000536507,6.46203e-05,0.000191647,-1.8162e-06,-0.000147585,-1.3619e-05,0.000131144,7.01897e-05,-8.27897e-05,0.000163947,-7.59564e-05,4.16817e-05,-0.000398847,0.000263918,0.000358649,-0.000363063,-0.000230594,1.58291e-05,-0.000191112,0.000181646,-0.000275794,-0.000254717,0.000214318
0.0939985,-0.000158005,4.96776e-05,0.000169479,-1.91187e-05,9.51531e-06,0.000829143,-1.4431e-05,0.000168948,0.000313619,5.63371e-05,0.000320461,0.000242612,0.000517692,9.64701e-05,0.000185921,6.27945e-05,0.000205898,8.82036e-06,0.000162888,-7.42153e-05,8.90541e-05,0.000355911,5.63761e-05,0.000604511,0.000340488,-5.07782e-05,0.000311069,6.09663e-05,0.000473254,-0.000168942,-0.000186977,4.40614e-05,7.09973e-05,0.000215747,0.000456598,0.000128475,2.30345e-06,0.000363823,0.000115049,-0.000969232,-4.91798e-06,-0.000100931,-0.000150398,0.000117188,1.73e-05,-0.000556468,6.32982e-05,0.000179019,1.03037e-06,-0.000110059,-1.46551e-05,0.000107007,3.51847e-05,-0.000102578,0.00013768,-7.83995e-05,4.27767e-05,-0.000397236,0.000277243,0.000366421,-0.000361485,-0.000227107,3.09496e-05,-0.000181605,0.000174297,-0.000270038,-0.000244406,0.000194229
0.0949984,-0.000135286,4.7325e-05,0.000180462,-3.65945e-06,-3.42859e-06,0.000839845,-1.90017e-05,0.000157431,0.00027462,4.55698e-05,0.000243616,0.000133015,0.000445077,8.13432e-05,0.000178796,6.51479e-05,0.000172521,2.4727e-06,8.48867e-05,-8.65004e-05,5.0516e-05,0.000299834,6.38223e-05,0.000584959,0.000294629,-4.1686e-05,0.000264422,3.87898e-05,0.000424268,-0.000194254,-0.00015355,4.07527e-05,5.50621e-05,0.000229282,0.000383204,9.6723e-05,2.11967e-06,0.000406894,9.9334e-05,-0.00100352,-1.22374e-05,-3.23605e-05,-0.000144332,8.01107e-05,2.49002e-05,-0.00056988,6.17658e-05,0.000165465,3.89468e-06,-6.79686e-05,-1.56612e-05,8.25311e-05,5.40362e-07,-0.000121435,0.000111005,-7.98964e-05,4.35381e-05,-0.000392354,0.000287675,0.000371723,-0.000357828,-0.000221706,4.53358e-05,-0.00017079,0.000166316,-0.000262927,-0.000232945,0.00017314
0.0959984,-0.00011152,4.49908e-05,0.000190024,1.20398e-05,-1.62112e-05,0.000843239,-2.34856e-05,0.00014508,0.000235201,3.45385e-05,0.000165924,2.39945e-05,0.000371003,6.60733e-05,0.000170328,6.75736e-05,0.00013867,-3.80767e-06,7.16925e-06,-9.8569e-05,1.13232e-05,0.000242898,7.05524e-05,0.000561778,0.000247516,-3.22933e-05,0.000216989,1.63253e-05,0.000373492,-0.000218448,-0.000119734,3.73508e-05,3.90886e-05,0.000241531,0.000308625,6.48612e-05,1.958e-06,0.000448304,8.32769e-05,-0.00103212,-1.93401e-05,4.17343e-05,-0.000137557,4.20846e-05,3.23214e-05,-0.000576561,6.00383e-05,0.000151043,6.76439e-06,-2.14869e-05,-1.66091e-05,5.78233e-05,-3.36888e-05,-0.000139369,8.40446e-05,-8.02592e-05,4.39931e-05,-0.000384157,0.00029521,0.000374713,-0.000352249,-0.00021449,5.8795e-05,-0.000158764,0.000157738,-0.000254713,-0.000220593,0.000151325
0.0969984,-8.66871e-05,4.26979e-05,0.000198221,2.78565e-05,-2.88198e-05,0.000838985,-2.787e-05,0.000131938,0.000195519,2.32935e-05,8.7788e-05,-8.39777e-05,0.00029585,5.07349e-05,0.000160577,7.01147e-05,0.000104488,-1.00036e-05,-7.01763e-05,-0.000110404,-2.80151e-05,0.000185338,7.65139e-05,0.00053502,0.000199371,-2.27754e-05,0.000168991,-6.31165e-06,0.00032112,-0.000241685,-8.56783e-05,3.391e-05,2.31193e-05,0.000252631,0.000233194,3.30323e-05,1.82678e-06,0.000487628,6.69547e-05,-0.00105471,-2.62094e-05,0.000121386,-0.000130161,3.37359e-06,3.95263e-05,-0.000576416,5.81291e-05,0.000135822,9.62478e-06,2.90953e-05,-1.74755e-05,3.29984e-05,-6.74288e-05,-0.00015638,5.69308e-05,-7.93183e-05,4.41683e-05,-0.00037262,0.000299864,0.000375575,-0.000344901,-0.000205572,7.11604e-05,-0.000145639,0.000148603,-0.000245631,-0.00020759,0.000129047
0.0979984,-6.0814e-05,4.04626e-05,0.000205096,4.36473e-05,-4.12303e-05,0.000826812,-3.21373e-05,0.000118058,0.000155749,1.18901e-05,9.63657e-06,-0.000190387,0.000220022,3.54056e-05,0.000149604,7.28071e-05,7.01293e-05,-1.60943e-05,-0.000146992,-0.000121977,-6.69765e-05,0.000127421,8.16643e-05,0.000504759,0.000150436,-1.33018e-05,0.00012067,-2.89951e-05,0.000267375,-0.000264084,-5.15444e-05,3.04844e-05,7.20454e-06,0.0002627,0.000157276,1.39139e-06,1.73279e-06,0.000524433,5.04505e-05,-0.00107099,-3.28259e-05,0.000206475,-0.000122228,-3.57524e-05,4.64746e-05,-0.000569443,5.60499e-05,0.000119884,1.24588e-05,8.33643e-05,-1.82416e-05,8.18157e-06,-0.000100584,-0.000172452,2.98045e-05,-7.69294e-05,4.4089e-05,-0.000357737,0.000301676,0.000374505,-0.000335933,-0.000195076,8.22937e-05,-0.000131542,0.000138955,-0.000235893,-0.000194154,0.00010656
0.0989984,-3.39724e-05,3.82953e-05,0.000210684,5.92507e-05,-5.34068e-05,0.000806535,-3.62653e-05,0.0001035,0.000116083,3.89418e-07,-6.80802e-05,-0.000294676,0.000143949,2.01664e-05,0.000137475,7.56786e-05,3.57671e-05,-2.20555e-05,-0.000223047,-0.000133245,-0.000105035,6.94382e-05,8.59711e-05,0.000471093,0.000100972,-4.03239e-06,7.22846e-05,-5.15879e-05,0.000212506,-0.000285713,-1.75054e-05,2.71265e-05,-8.59748e-06,0.000271839,8.12666e-05,-2.98938e-05,1.68116e-06,0.000558279,3.38538e-05,-0.00108073,-3.91668e-05,0.000296714,-0.000113839,-7.50202e-05,5.31227e-05,-0.000555733,5.38108e-05,0.000103321,1.52472e-05,0.000140784,-1.88939e-05,-1.64927e-05,-0.000133037,-0.00018756,2.81499e-06,-7.29784e-05,4.37784e-05,-0.00033952,0.0003007,0.000371708,-0.000325484,-0.000183135,9.20864e-05,-0.000116616,0.000128843,-0.000225685,-0.000180474,8.41055e-05
0.0999984,-6.2783e-06,3.62006e-05,0.000215008,7.44907e-05,-6.53014e-05,0.00077806,-4.02269e-05,8.83323e-05,7.67344e-05,-1.11427e-05,-0.000144892,-0.000396247,6.80824e-05,5.10132e-06,0.00012426,7.87498e-05,1.58707e-06,-2.78596e-05,-0.000298037,-0.000144157,-0.00014167,1.17086e-05,8.94118e-05,0.000434146,5.12587e-05,4.88593e-06,2.41111e-05,-7.39416e-05,0.000156789,-0.000306591,1.62554e-05,2.38862e-05,-2.42198e-05,0.000280123,5.5918e-06,-6.06438e-05,1.6754e-06,0.000588729,1.72595e-05,-0.00108372,-4.52065e-05,0.000391638,-0.000105073,-0.000114156,5.94249e-05,-0.000535466,5.14207e-05,8.62341e-05,1.79689e-05,0.000200698,-1.94234e-05,-4.0881e-05,-0.000164647,-0.000201666,-2.38812e-05,-6.73871e-05,4.32578e-05,-0.000318001,0.000297005,0.000367388,-0.000313685,-0.000169892,0.00010046,-0.000101009,0.00011832,-0.000215169,-0.000166713,6.19072e-05
0.100998,2.21104e-05,3.4177e-05,0.000218081,8.91806e-05,-7.68551e-05,0.000741394,-4.39912e-05,7.26333e-05,3.79283e-05,-2.26357e-05,-0.000220312,-0.00049447,-7.1062e-06,-9.70367e-06,0.000110031,8.20337e-05,-3.2212e-05,-3.34754e-05,-0.000371585,-0.000154649,-0.000176378,-4.54268e-05,9.19732e-05,0.000394067,1.59004e-06,1.33226e-05,-2.35601e-05,-9.58969e-05,0.000100524,-0.000326688,4.95461e-05,2.08094e-05,-3.95869e-05,0.000287601,-6.92988e-05,-9.06691e-05,1.71737e-06,0.000615354,7.67289e-07,-0.00107976,-5.09162e-05,0.000490591,-9.6001e-05,-0.000152886,6.53341e-05,-0.000508912,4.88874e-05,6.87355e-05,2.0601e-05,0.000262339,-1.98261e-05,-6.48325e-05,-0.000195253,-0.000214717,-5.01211e-05,-6.01183e-05,4.25459e-05,-0.000293235,0.00029067,0.000361742,-0.000300657,-0.000155498,0.000107367,-8.48829e-05,0.000107443,-0.000204478,-0.000153003,4.01736e-05
0.101998,5.09976e-05,3.22177e-05,0.000219905,0.000103128,-8.79991e-05,0.000696649,-4.7524e-05,5.64867e-05,-9.66465e-08,-3.40155e-05,-0.000293842,-0.000588686,-8.11331e-05,-2.4161e-05,9.48635e-05,8.55361e-05,-6.54212e-05,-3.88693e-05,-0.000443253,-0.000164647,-0.00020868,-0.000101608,9.36516e-05,0.000351028,-4.77268e-05,2.1166e-05,-7.04276e-05,-0.000117283,4.40352e-05,-0.000345927,8.2168e-05,1.79371e-05,-5.46155e-05,0.000294298,-0.000142935,-0.000119772,1.80737e-06,0.00063774,-1.55192e-05,-0.00106874,-5.6265e-05,0.000592731,-8.6692e-05,-0.000190942,7.08023e-05,-0.000476426,4.62181e-05,5.09438e-05,2.31198e-05,0.000324832,-2.01022e-05,-8.81907e-05,-0.000224679,-0.000226653,-7.57378e-05,-5.11798e-05,4.16589e-05,-0.000265296,0.000281789,0.000354954,-0.000286512,-0.000140108,0.000112788,-6.83995e-05,9.62707e-05,-0.000193717,-0.000139444,1.90946e-05
0.102998,8.01541e-05,3.0311e-05,0.000220476,0.00011614,-9.86559e-05,0.000644048,-5.07886e-05,3.99833e-05,-3.70935e-05,-4.52051e-05,-0.000364978,-0.000678223,-0.000153506,-3.81826e-05,7.88347e-05,8.92556e-05,-9.7824e-05,-4.40053e-05,-0.000512549,-0.000174073,-0.000238134,-0.00015646,9.44521e-05,0.000305229,-9.6376e-05,2.83254e-05,-0.000116183,-0.000137922,-1.23392e-05,-0.00036419,0.000113918,1.53044e-05,-6.92156e-05,0.000300211,-0.000214833,-0.000147751,1.94424e-06,0.000655496,-3.14941e-05,-0.00105055,-6.12199e-05,0.000697031,-7.72092e-05,-0.000228058,7.57818e-05,-0.000438444,4.34193e-05,3.29841e-05,2.55005e-05,0.000387218,-2.02557e-05,-0.000110795,-0.00025273,-0.000237403,-0.000100562,-4.06285e-05,4.06106e-05,-0.000234283,0.000270461,0.000347188,-0.00027135,-0.000123885,0.00011673,-5.17244e-05,8.48657e-05,-0.000182967,-0.00012611,-1.15819e-06
0.103998,0.000109323,2.8441e-05,0.000219782,0.000128029,-0.000108742,0.000583927,-5.37467e-05,2.32194e-05,-7.28116e-05,-5.61256e-05,-0.000433216,-0.000762399,-0.000223732,-5.1681e-05,6.20255e-05,9.31846e-05,-0.0001292,-4.88461e-05,-0.000578936,-0.000182839,-0.00026434,-0.000209601,9.43879e-05,0.000256893,-0.000144036,3.47331e-05,-0.000160514,-0.000157625,-6.82471e-05,-0.000381326,0.000144593,1.29392e-05,-8.32916e-05,0.00030531,-0.000284502,-0.000174402,2.12551e-06,0.00066826,-4.70503e-05,-0.00102513,-6.57468e-05,0.000802291,-6.7611e-05,-0.000263976,8.02265e-05,-0.000395474,4.04977e-05,1.49858e-05,2.77184e-05,0.00044846,-2.0294e-05,-0.000132484,-0.000279205,-0.000246889,-0.000124423,-2.85728e-05,3.94124e-05,-0.00020032,0.000256794,0.000338581,-0.000255264,-0.000106992,0.000119229,-3.50212e-05,7.32916e-05,-0.000172284,-0.000113048,-2.0432e-05
0.104998,0.000138227,2.65884e-05,0.00021781,0.000138617,-0.000118169,0.000516738,-5.63597e-05,6.29565e-06,-0.000107001,-6.66975e-05,-0.00049806,-0.000840541,-0.000291323,-6.45704e-05,4.45195e-05,9.73085e-05,-0.000159327,-5.33538e-05,-0.000641849,-0.000190858,-0.000286949,-0.000260649,9.34798e-05,0.000206265,-0.000190386,4.03445e-05,-0.000203113,-0.000176198,-0.000123329,-0.000397153,0.00017399,1.0862e-05,-9.67444e-05,0.000309544,-0.000351452,-0.00019952,2.34753e-06,0.00067571,-6.20811e-05,-0.000992487,-6.98115e-05,0.000907154,-5.79513e-05,-0.000298447,8.40927e-05,-0.000348092,3.74596e-05,-2.91944e-06,2.97492e-05,0.00050747,-2.02267e-05,-0.000153096,-0.000303894,-0.000255031,-0.000147154,-1.51744e-05,3.80735e-05,-0.000163555,0.000240906,0.000329247,-0.00023834,-8.95952e-05,0.000120339,-1.8449e-05,6.16126e-05,-0.000161701,-0.000100278,-3.85922e-05
0.105998,0.000166575,2.47315e-05,0.000214544,0.000147743,-0.000126847,0.000443041,-5.85897e-05,-1.0684e-05,-0.000139419,-7.68417e-05,-0.000559029,-0.000911994,-0.000355803,-7.67679e-05,2.64041e-05,0.000101607,-0.000187988,-5.74906e-05,-0.00070071,-0.000198042,-0.000305669,-0.000309225,9.17556e-05,0.000153615,-0.000235108,4.51392e-05,-0.000243675,-0.000193444,-0.000177225,-0.000411472,0.000201912,9.08466e-06,-0.000109473,0.000312841,-0.000415201,-0.000222911,2.60568e-06,0.000677565,-7.64821e-05,-0.00095263,-7.33805e-05,0.00101013,-4.828e-05,-0.000331232,8.73403e-05,-0.00029693,3.43121e-05,-2.05995e-05,3.15693e-05,0.000563129,-2.00657e-05,-0.000172475,-0.00032659,-0.000261747,-0.000168593,-6.49483e-07,3.66014e-05,-0.000124163,0.000222919,0.000319266,-0.000220655,-7.18629e-05,0.000120138,-2.15908e-06,4.98925e-05,-0.000151236,-8.78044e-05,-5.55222e-05
0.106998,0.000194068,2.28465e-05,0.000209974,0.000155266,-0.000134689,0.000363507,-6.04006e-05,-2.76135e-05,-0.000169833,-8.64808e-05,-0.000615659,-0.000976138,-0.000416717,-8.81944e-05,7.77049e-06,0.000106053,-0.000214973,-6.122e-05,-0.00075494,-0.000204302,-0.000320273,-0.000354962,8.92488e-05,9.92326e-05,-0.000277892,4.91202e-05,-0.000281911,-0.000209165,-0.000229578,-0.000424072,0.000228169,7.61021e-06,-0.000121377,0.000315112,-0.000475286,-0.000244384,2.89455e-06,0.000673595,-9.01527e-05,-0.000905632,-7.64219e-05,0.00110963,-3.86431e-05,-0.000362102,8.9934e-05,-0.000242668,3.10624e-05,-3.79244e-05,3.31569e-05,0.000614309,-1.98238e-05,-0.00019047,-0.000347089,-0.00026696,-0.000188585,1.47325e-05,3.5002e-05,-8.23424e-05,0.000202967,0.000308687,-0.000202285,-5.39613e-05,0.000118716,1.37076e-05,3.8194e-05,-0.000140887,-7.56105e-05,-7.11223e-05
0.107998,0.000220408,2.09093e-05,0.000204093,0.000161073,-0.000141609,0.000278904,-6.17596e-05,-4.43862e-05,-0.000198028,-9.55402e-05,-0.00066752,-0.0010324,-0.000473636,-9.87761e-05,-1.12852e-05,0.000110614,-0.00024008,-6.45078e-05,-0.00080398,-0.000209558,-0.000330599,-0.000397516,8.59986e-05,4.34249e-05,-0.000318441,5.23126e-05,-0.000317547,-0.000223164,-0.00028004,-0.000434741,0.000252584,6.43272e-06,-0.000132358,0.000316256,-0.000531266,-0.000263765,3.20816e-06,0.000663624,-0.000102997,-0.000851601,-7.89066e-05,0.00120399,-2.90833e-05,-0.00039084,9.18443e-05,-0.000186023,2.77184e-05,-5.47678e-05,3.44921e-05,0.000659903,-1.95144e-05,-0.000206938,-0.000365199,-0.000270596,-0.000206985,3.06501e-05,3.32801e-05,-3.83227e-05,0.000181191,0.000297528,-0.0001833,-3.60555e-05,0.000116178,2.90229e-05,2.65775e-05,-0.000130643,-6.3669e-05,-8.53086e-05
0.108998,0.000245305,1.88959e-05,0.000196904,0.00016508,-0.000147528,0.000190093,-6.26375e-05,-6.08958e-05,-0.00022381,-0.000103949,-0.000714212,-0.00108025,-0.000526167,-0.000108445,-3.06619e-05,0.000115252,-0.000263126,-6.73223e-05,-0.000847301,-0.000213733,-0.000336553,-0.000436564,8.20486e-05,-1.3483e-05,-0.000356477,5.47622e-05,-0.00035033,-0.000235248,-0.000328281,-0.000443274,0.000274995,5.53717e-06,-0.000142323,0.000316162,-0.000582735,-0.000280894,3.5401e-06,0.000647539,-0.000114928,-0.000790686,-8.0809e-05,0.00129151,-1.96406e-05,-0.000417241,9.30481e-05,-0.000127738,2.42889e-05,-7.10093e-05,3.55575e-05,0.000698845,-1.91509e-05,-0.00022175,-0.000380743,-0.000272591,-0.000223661,4.67336e-05,3.14399e-05,7.64157e-06,0.000157741,0.000285776,-0.000163771,-1.83069e-05,0.000112638,4.36738e-05,1.51002e-05,-0.000120484,-5.19442e-05,-9.80125e-05
0.109998,0.000268482,1.67835e-05,0.000188421,0.000167234,-0.000152377,9.80164e-05,-6.30104e-05,-7.70379e-05,-0.000247012,-0.000111642,-0.000755378,-0.00111925,-0.000573953,-0.000117141,-5.02523e-05,0.000119921,-0.000283944,-6.96361e-05,-0.000884424,-0.000216762,-0.000338112,-0.00047182,7.74461e-05,-7.11521e-05,-0.00039174,5.65328e-05,-0.000380035,-0.000245236,-0.000373988,-0.000449482,0.000295253,4.89971e-06,-0.000151187,0.000314718,-0.000629327,-0.000295631,3.88379e-06,0.000625286,-0.000125863,-0.000723074,-8.21081e-05,0.00137053,-1.03528e-05,-0.000441114,9.35298e-05,-6.85711e-05,2.07834e-05,-8.65362e-05,3.63388e-05,0.000730143,-1.8746e-05,-0.00023479,-0.000393565,-0.000272894,-0.000238495,6.25691e-05,2.94852e-05,5.5268e-05,0.000132779,0.000273392,-0.000143768,-8.72589e-07,0.000108217,5.75638e-05,3.81584e-06,-0.000110387,-4.03961e-05,-0.000109179
0.110998,0.000289682,1.45515e-05,0.000178673,0.000167523,-0.000156096,3.6796e-06,-6.28603e-05,-9.27106e-05,-0.000267496,-0.00011856,-0.000790707,-0.00114903,-0.000616685,-0.00012481,-6.99431e-05,0.00012457,-0.000302388,-7.14261e-05,-0.000914929,-0.000218589,-0.000335322,-0.00050303,7.22417e-05,-0.000129232,-0.000423997,5.77028e-05,-0.000406463,-0.000252956,-0.000416875,-0.000453199,0.000313232,4.48809e-06,-0.000158873,0.000311811,-0.000670719,-0.000307859,4.23263e-06,0.000596882,-0.000135733,-0.000648992,-8.27884e-05,0.00143941,-1.25588e-06,-0.000462282,9.32819e-05,-9.28369e-06,1.72121e-05,-0.000101245,3.6825e-05,0.0007529,-1.83109e-05,-0.000245957,-0.000403534,-0.000271468,-0.000251386,7.77056e-05,2.742e-05,0.000104247,0.00010648,0.000260312,-0.000123367,1.60967e-05,0.000103036,7.06144e-05,-7.2268e-06,-0.000100326,-2.8985e-05,-0.000118767
0.111998,0.000308673,1.2182e-05,0.000167702,0.000165967,-0.000158638,-9.18597e-05,-6.21757e-05,-0.000107816,-0.000285157,-0.00012465,-0.000819938,-0.00116932,-0.000654103,-0.000131409,-8.96135e-05,0.000129142,-0.000318336,-7.26744e-05,-0.000938468,-0.000219171,-0.000328296,-0.000529987,6.64882e-05,-0.000187362,-0.000453042,5.83625e-05,-0.000429453,-0.000258255,-0.000456685,-0.000454289,0.000328827,4.26238e-06,-0.000165314,0.000307335,-0.000706643,-0.000317485,4.58012e-06,0.000562407,-0.000144478,-0.000568705,-8.28402e-05,0.00149664,7.61556e-06,-0.000480578,9.23053e-05,4.93718e-05,1.3586e-05,-0.000115044,3.70087e-05,0.000766343,-1.78556e-05,-0.000255168,-0.000410546,-0.000268291,-0.000262251,9.16619e-05,2.52486e-05,0.000154243,7.90313e-05,0.000246453,-0.000102643,3.24576e-05,9.72177e-05,8.27654e-05,-1.79838e-05,-9.02788e-05,-1.76749e-05,-0.000126745
0.112998,0.000325254,9.66105e-06,0.000155568,0.000162626,-0.00015997,-0.00018751,-6.09522e-05,-0.000122262,-0.000299927,-0.000129867,-0.000842865,-0.00117992,-0.000686002,-0.000136903,-0.000109136,0.000133574,-0.000331694,-7.33689e-05,-0.000954776,-0.00021848,-0.00031721,-0.000552527,6.02404e-05,-0.000245178,-0.000478701,5.86089e-05,-0.000448874,-0.000260997,-0.000493192,-0.00045265,0.000341954,4.17588e-06,-0.000170459,0.000301195,-0.000736885,-0.000324444,4.92008e-06,0.000522011,-0.00015205,-0.000482518,-8.22604e-05,0.00154085,1.62279e-05,-0.000495853,9.06092e-05,0.000106662,9.91683e-06,-0.000127851,3.68864e-05,0.000769839,-1.7388e-05,-0.000262361,-0.000414533,-0.000263361,-0.000271027,0.000103936,2.29763e-05,0.000204895,5.06348e-05,0.00023172,-8.16793e-05,4.80757e-05,9.08808e-05,9.39756e-05,-2.84169e-05,-8.02269e-05,-6.4367e-06,-0.000133094
0.113998,0.000339255,6.97877e-06,0.000142351,0.000157599,-0.000160074,-0.000282166,-5.91931e-05,-0.00013596,-0.000311775,-0.000134174,-0.000859341,-0.00118077,-0.000712229,-0.000141265,-0.000128374,0.000137795,-0.000342393,-7.35036e-05,-0.000963679,-0.000216498,-0.000302298,-0.000570535,5.35541e-05,-0.000302311,-0.000500828,5.85423e-05,-0.000464637,-0.000261072,-0.000526207,-0.000448222,0.000352554,4.17625e-06,-0.000174267,0.000293309,-0.000761289,-0.000328699,5.2467e-06,0.000475911,-0.00015841,-0.000390773,-8.1053e-05,0.00157086,2.45481e-05,-0.000507967,8.82119e-05,0.000161886,6.21702e-06,-0.000139599,3.64584e-05,0.00076292,-1.69137e-05,-0.000267492,-0.000415457,-0.000256695,-0.000277671,0.000114017,2.06091e-05,0.000255816,2.15077e-05,0.000216007,-6.0563e-05,6.28269e-05,8.41384e-05,0.000104222,-3.84935e-05,-7.01602e-05,4.74852e-06,-0.000137807
0.114998,0.000350543,4.13024e-06,0.000128146,0.000151015,-0.00015895,-0.000374724,-5.69091e-05,-0.000148829,-0.000320706,-0.000137542,-0.000869276,-0.00117187,-0.000732693,-0.000144479,-0.000147184,0.000141728,-0.000350393,-7.30789e-05,-0.000965094,-0.000213225,-0.000283848,-0.000583946,4.64862e-05,-0.000358391,-0.000519316,5.82612e-05,-0.000476688,-0.000258398,-0.000555575,-0.000440986,0.000360591,4.20678e-06,-0.000176714,0.000283615,-0.000779762,-0.000330241,5.55467e-06,0.000424387,-0.000163536,-0.000293851,-7.9229e-05,0.00158572,3.25437e-05,-0.000516795,8.51401e-05,0.00021438,2.4994e-06,-0.000150234,3.5729e-05,0.000745299,-1.64362e-05,-0.00027054,-0.000413317,-0.000248332,-0.000282161,0.000121395,1.81545e-05,0.000306597,-8.11725e-06,0.000199209,-3.93879e-05,7.65984e-05,7.70963e-05,0.000113499,-4.81871e-05,-6.00775e-05,1.58879e-05,-0.000140883
0.115998,0.000359021,1.1157e-06,0.000113068,0.000143041,-0.00015661,-0.000464105,-5.41189e-05,-0.000160795,-0.000326766,-0.000139953,-0.000872642,-0.00115337,-0.000747359,-0.00014654,-0.000165417,0.00014529,-0.000355684,-7.21014e-05,-0.000959038,-0.000208674,-0.000262193,-0.000592748,3.90937e-05,-0.000413055,-0.000534088,5.78577e-05,-0.000485014,-0.00025292,-0.00058118,-0.000430966,0.000366055,4.20785e-06,-0.000177791,0.000272069,-0.000792271,-0.00032909,5.83925e-06,0.000367782,-0.000167416,-0.000192171,-7.68065e-05,0.00158476,4.01828e-05,-0.000522225,8.14285e-05,0.000263534,-1.22274e-06,-0.000159714,3.47067e-05,0.000716879,-1.59566e-05,-0.000271504,-0.000408148,-0.000238328,-0.000284497,0.000125574,1.56212e-05,0.000356808,-3.79916e-05,0.000181224,-1.82542e-05,8.92905e-05,6.98513e-05,0.000121818,-5.74768e-05,-4.99884e-05,2.69749e-05,-0.000142334
0.116998,0.000364633,-2.05919e-06,9.72453e-05,0.000133869,-0.000153087,-0.00054927,-5.08485e-05,-0.00017179,-0.000330036,-0.000141393,-0.000869468,-0.00112549,-0.000756249,-0.000147451,-0.000182912,0.000148392,-0.000358284,-7.05844e-05,-0.000945625,-0.000202872,-0.000237704,-0.000596975,3.14338e-05,-0.00046594,-0.000545104,5.74129e-05,-0.000489638,-0.00024462,-0.000602944,-0.000418234,0.000368959,4.11852e-06,-0.000177505,0.000258655,-0.000798842,-0.000325298,6.09628e-06,0.000306497,-0.000170051,-8.61943e-05,-7.38109e-05,0.00156758,4.74337e-05,-0.000524158,7.71195e-05,0.000308793,-4.93585e-06,-0.000168012,3.34034e-05,0.000677764,-1.54739e-05,-0.000270404,-0.00040002,-0.000226763,-0.0002847,0.000126089,1.30193e-05,0.000405999,-6.7852e-05,0.000161963,2.73239e-06,0.000100817,6.24901e-05,0.000129203,-6.63477e-05,-3.99136e-05,3.79887e-05,-0.00014218
0.117998,0.000367357,-5.38325e-06,8.08248e-05,0.000123715,-0.000148424,-0.000629244,-4.71313e-05,-0.000181756,-0.000330631,-0.000141862,-0.000859844,-0.00108857,-0.000759443,-0.000147224,-0.000199506,0.000150941,-0.000358239,-6.85471e-05,-0.000925061,-0.000195856,-0.000210784,-0.000596715,2.35637e-05,-0.000516697,-0.000552355,5.69926e-05,-0.000490621,-0.000233515,-0.000620823,-0.000402899,0.000369339,3.87817e-06,-0.000175878,0.000243377,-0.000799565,-0.000318942,6.32224e-06,0.000240983,-0.000171453,2.35815e-05,-7.02742e-05,0.00153412,5.42654e-05,-0.000522508,7.22626e-05,0.00034967,-8.62617e-06,-0.000175113,3.18345e-05,0.000628262,-1.49847e-05,-0.00026728,-0.000389038,-0.000213733,-0.000282809,0.000122517,1.03606e-05,0.000453705,-9.74212e-05,0.000141351,2.34604e-05,0.000111108,5.50884e-05,0.000135694,-7.479e-05,-2.98853e-05,4.88939e-05,-0.000140448
0.118998,0.000367209,-8.83989e-06,6.39648e-05,0.000112815,-0.000142684,-0.000703129,-4.30071e-05,-0.000190639,-0.000328702,-0.000141365,-0.000843916,-0.00104303,-0.00075707,-0.000145883,-0.000215027,0.000152836,-0.000355621,-6.6015e-05,-0.000897644,-0.000187676,-0.000181857,-0.000592097,1.554e-05,-0.000564984,-0.000555865,5.6643e-05,-0.00048806,-0.000219661,-0.000634811,-0.000385116,0.000367252,3.42817e-06,-0.000172949,0.000226271,-0.000794581,-0.000310125,6.51424e-06,0.000171742,-0.000171647,0.000136616,-6.62346e-05,0.00148464,6.06476e-05,-0.000517199,6.69132e-05,0.000385748,-1.22799e-05,-0.000181016,3.0019e-05,0.000568884,-1.4484e-05,-0.000262193,-0.000375339,-0.000199353,-0.000278885,0.000114493,7.65809e-06,0.000499445,-0.00012641,0.000119336,4.38142e-05,0.000120107,4.77113e-05,0.000141336,-8.27991e-05,-1.99468e-05,5.96412e-05,-0.000137179
0.119998,0.000364239,-1.24073e-05,4.68342e-05,0.000101415,-0.00013594,-0.00077012,-3.85219e-05,-0.000198394,-0.000324424,-0.000139915,-0.000821883,-0.000989401,-0.000749313,-0.000143459,-0.000229302,0.000153976,-0.000350526,-6.30186e-05,-0.000863757,-0.000178392,-0.000151361,-0.000583297,7.4189e-06,-0.000610473,-0.00055569,5.63877e-05,-0.000482083,-0.000203153,-0.000644936,-0.000365072,0.000362775,2.71361e-06,-0.00016877,0.000207394,-0.000784087,-0.000298979,6.66999e-06,9.93136e-05,-0.000170668,0.000252327,-6.17362e-05,0.00141971,6.6551e-05,-0.000508172,6.1132e-05,0.000416684,-1.58831e-05,-0.00018573,2.79782e-05,0.000500336,-1.3965e-05,-0.000255222,-0.00035909,-0.000183755,-0.000273007,0.000101727,4.92615e-06,0.00054273,-0.000154519,9.5891e-05,6.36746e-05,0.000127775,4.04129e-05,0.000146186,-9.03744e-05,-1.01515e-05,7.0168e-05,-0.00013242
0.120998,0.00035853,-1.60587e-05,2.96098e-05,8.97706e-05,-0.000128277,-0.000829523,-3.37269e-05,-0.000204984,-0.000318003,-0.000137534,-0.000793994,-0.000928273,-0.000736399,-0.000139991,-0.000242152,0.000154254,-0.000343075,-5.95936e-05,-0.000823855,-0.000168069,-0.00011974,-0.000570528,-7.4371e-07,-0.000652854,-0.000551914,5.62242e-05,-0.000472848,-0.000184129,-0.000651252,-0.000342987,0.000356005,1.68493e-06,-0.000163406,0.000186833,-0.000768327,-0.000285653,6.78777e-06,2.42737e-05,-0.000168562,0.000370089,-5.68282e-05,0.00134026,7.19477e-05,-0.000495381,5.49836e-05,0.000442218,-1.9422e-05,-0.000189275,2.57363e-05,0.000423512,-1.34197e-05,-0.000246462,-0.000340484,-0.000167082,-0.000265268,8.40142e-05,2.18036e-06,0.000583062,-0.000181444,7.10194e-05,8.29208e-05,0.000134089,3.32367e-05,0.000150304,-9.75193e-05,-5.61844e-07,8.04004e-05,-0.000126229
0.121998,0.000350194,-1.97632e-05,1.2473e-05,7.81325e-05,-0.00011979,-0.000880763,-2.86776e-05,-0.000210378,-0.000309661,-0.00013425,-0.000760543,-0.000860319,-0.000718594,-0.000135528,-0.000253399,0.000153567,-0.000333407,-5.57798e-05,-0.000778459,-0.000156778,-8.74343e-05,-0.000554039,-8.89261e-06,-0.000691831,-0.000544647,5.61225e-05,-0.000460542,-0.000162765,-0.000653845,-0.000319108,0.000347052,2.99476e-07,-0.000156935,0.000164699,-0.000747588,-0.00027032,6.86636e-06,-5.27742e-05,-0.000165381,0.000489234,-5.15637e-05,0.00124749,7.68116e-05,-0.000478795,4.85358e-05,0.000462166,-2.28828e-05,-0.000191682,2.33192e-05,0.000339476,-1.28393e-05,-0.000236023,-0.000319736,-0.000149492,-0.000255778,6.12538e-05,-5.62741e-07,0.000619939,-0.000206875,4.47557e-05,0.000101432,0.000139045,2.6217e-05,0.00015375,-0.00010424,8.75301e-06,9.02554e-05,-0.000118676
0.122998,0.000339368,-2.34857e-05,-4.39373e-06,6.67455e-05,-0.000110584,-0.000923395,-2.3433e-05,-0.000214554,-0.000299639,-0.000130096,-0.000721866,-0.00078627,-0.000696203,-0.000130126,-0.000262867,0.000151807,-0.000321679,-5.16205e-05,-0.000728145,-0.000144595,-5.48769e-05,-0.000534108,-1.6973e-05,-0.000727126,-0.000534022,5.60237e-05,-0.00044537,-0.000139279,-0.000652824,-0.000293702,0.000336041,-1.4771e-06,-0.000149446,0.000141126,-0.000722192,-0.000253167,6.90504e-06,-0.000131205,-0.000161188,0.000609048,-4.59994e-05,0.00114288,8.11186e-05,-0.000458397,4.18581e-05,0.000476429,-2.62517e-05,-0.000192986,2.07544e-05,0.000249441,-1.22141e-05,-0.00022403,-0.000297083,-0.000131148,-0.000244661,3.34584e-05,-3.28582e-06,0.000652863,-0.000230507,1.71682e-05,0.000119088,0.000142653,1.93795e-05,0.000156585,-0.000110545,1.77189e-05,9.96428e-05,-0.000109838
0.123998,0.00032621,-2.71886e-05,-2.08098e-05,5.584e-05,-0.000100768,-0.00095711,-1.80545e-05,-0.000217493,-0.000288191,-0.000125112,-0.000678334,-0.000706905,-0.000669558,-0.000123848,-0.000270381,0.000148875,-0.000308061,-4.7162e-05,-0.000673531,-0.000131593,-2.24827e-05,-0.000511036,-2.49308e-05,-0.000758484,-0.000520193,5.58396e-05,-0.000427561,-0.00011393,-0.000648316,-0.00026705,0.00032311,-3.66956e-06,-0.000141034,0.00011627,-0.000692495,-0.000234395,6.90347e-06,-0.00021038,-0.00015605,0.000728775,-4.01944e-05,0.00102817,8.48476e-05,-0.000434192,3.50209e-05,0.000484985,-2.95149e-05,-0.000193231,1.80703e-05,0.000154751,-1.15346e-05,-0.000210616,-0.000272774,-0.000112223,-0.000232048,7.65664e-07,-5.97103e-06,0.000681339,-0.000252038,-1.16418e-05,0.000135773,0.00014494,1.27424e-05,0.000158867,-0.000116443,2.62591e-05,0.000108468,-9.98063e-05
0.124998,0.000310896,-3.08314e-05,-3.66004e-05,4.56255e-05,-9.04563e-05,-0.000981738,-1.26046e-05,-0.000219184,-0.000275573,-0.000119342,-0.000630349,-0.000623041,-0.000639017,-0.000116762,-0.000275777,0.000144674,-0.000292735,-4.24524e-05,-0.000615265,-0.000117849,9.35502e-06,-0.000485143,-3.2712e-05,-0.000785666,-0.000503331,5.54544e-05,-0.000407354,-8.70101e-05,-0.000640469,-0.000239439,0.000308402,-6.29204e-06,-0.000131805,9.03049e-05,-0.000658875,-0.000214217,6.86163e-06,-0.00028965,-0.00015004,0.000847611,-3.42091e-05,0.000905267,8.79804e-05,-0.000406199,2.8094e-05,0.00048789,-3.26585e-05,-0.000192465,1.52958e-05,5.6848e-05,-1.07915e-05,-0.000195926,-0.000247068,-9.28892e-05,-0.000218083,-3.65523e-05,-8.60024e-06,0.000704883,-0.00027118,-4.15398e-05,0.000151377,0.000145948,6.31809e-06,0.000160646,-0.000121945,3.42969e-05,0.000116636,-8.86815e-05
0.125998,0.000293618,-3.43725e-05,-5.15992e-05,3.62852e-05,-7.9763e-05,-0.000997248,-7.14657e-06,-0.000219623,-0.000262047,-0.000112834,-0.000578339,-0.000535522,-0.000604957,-0.000108944,-0.000278898,0.000139116,-0.000275893,-3.75413e-05,-0.000554011,-0.000103432,4.02702e-05,-0.000456762,-4.02633e-05,-0.000808456,-0.000483622,5.47263e-05,-0.000385001,-5.88484e-05,-0.000629439,-0.000211159,0.000292071,-9.34726e-06,-0.000121868,6.34216e-05,-0.00062173,-0.000192851,6.77977e-06,-0.000368364,-0.000143234,0.00096471,-2.81044e-05,0.000776204,9.05024e-05,-0.000374464,2.11458e-05,0.000485275,-3.56684e-05,-0.000190739,1.246e-05,-4.27506e-05,-9.97603e-06,-0.00018011,-0.00022023,-7.33211e-05,-0.000202914,-7.80831e-05,-1.11553e-05,0.000723029,-0.000287661,-7.23608e-05,0.000165796,0.000145737,1.14152e-07,0.000161965,-0.000127062,4.17585e-05,0.000124051,-7.65753e-05
0.126998,0.000274574,-3.77697e-05,-6.5652e-05,2.79705e-05,-6.88036e-05,-0.00100374,-1.74266e-06,-0.000218809,-0.000247871,-0.000105637,-0.000522749,-0.000445204,-0.000567766,-0.000100474,-0.0002796,0.000132123,-0.000257729,-3.24786e-05,-0.000490442,-8.84098e-05,6.99279e-05,-0.000426235,-4.7532e-05,-0.000826659,-0.000461265,5.34907e-05,-0.000360763,-2.98024e-05,-0.000615396,-0.000182494,0.000274271,-1.2826e-05,-0.000111335,3.58228e-05,-0.000581468,-0.000170522,6.65837e-06,-0.000445872,-0.000135713,0.00107918,-2.1941e-05,0.000643099,9.24029e-05,-0.000339054,1.42422e-05,0.000477339,-3.85304e-05,-0.000188106,9.59135e-06,-0.000142487,-9.08046e-06,-0.000163321,-0.000192527,-5.36903e-05,-0.000186695,-0.00012327,-1.36184e-05,0.000735331,-0.00030123,-0.000103912,0.000178935,0.000144376,-5.8649e-06,0.000162858,-0.000131801,4.8575e-05,0.000130624,-6.36105e-05
0.127998,0.000253973,-4.0981e-05,-7.86192e-05,2.07974e-05,-5.76912e-05,-0.00100146,3.5464e-06,-0.000216747,-0.000233295,-9.78064e-05,-0.000464041,-0.000352948,-0.000527842,-9.14394e-05,-0.000277756,0.000123633,-0.000238441,-2.73137e-05,-0.000425224,-7.28436e-05,9.80276e-05,-0.000393905,-5.44656e-05,-0.000840098,-0.000436466,5.15653e-05,-0.0003349,-2.5538e-07,-0.000598513,-0.000153716,0.000255161,-1.67067e-05,-0.000100319,7.72105e-06,-0.000538503,-0.000147451,6.49803e-06,-0.000521531,-0.000127557,0.0011901,-1.57781e-05,0.000508064,9.36758e-05,-0.000300063,7.44591e-06,0.000464347,-4.12295e-05,-0.000184619,6.71757e-06,-0.000240793,-8.09837e-06,-0.000145718,-0.000164223,-3.41636e-05,-0.000169581,-0.000171413,-1.59721e-05,0.000741371,-0.000311667,-0.000135974,0.00019071,0.000141948,-1.16165e-05,0.000163347,-0.00013617,5.46855e-05,0.000136271,-4.99199e-05
0.128998,0.000232023,-4.39656e-05,-9.03781e-05,1.4843e-05,-4.65345e-05,-0.000990745,8.66247e-06,-0.000213448,-0.000218557,-8.93957e-05,-0.000402687,-0.000259604,-0.000485583,-8.19287e-05,-0.00027326,0.000113597,-0.000218227,-2.20955e-05,-0.000359004,-5.67874e-05,0.000124305,-0.000360112,-6.10127e-05,-0.00084862,-0.000409437,4.87545e-05,-0.000307673,2.93897e-05,-0.000578967,-0.000125081,0.0002349,-2.09558e-05,-8.89357e-05,-2.06652e-05,-0.000493253,-0.000123862,6.29947e-06,-0.000594708,-0.000118847,0.0012965,-9.67288e-06,0.000373144,9.43192e-05,-0.000257615,8.15268e-07,0.000446618,-4.37506e-05,-0.00018033,3.86512e-06,-0.00033612,-7.02488e-06,-0.000127458,-0.000135576,-1.49003e-05,-0.000151729,-0.000221671,-1.81998e-05,0.000740766,-0.000318783,-0.000168311,0.000201049,0.000138547,-1.71388e-05,0.00016344,-0.000140174,6.00393e-05,0.00014092,-3.56462e-05
0.129998,0.000208934,-4.66846e-05,-0.000100825,1.01432e-05,-3.5437e-05,-0.000972065,1.35508e-05,-0.000208927,-0.00020388,-8.04615e-05,-0.000339164,-0.000166006,-0.000441388,-7.20361e-05,-0.000266027,0.000101985,-0.00019728,-1.68708e-05,-0.000292409,-4.02884e-05,0.000148533,-0.00032519,-6.71223e-05,-0.000852089,-0.000380395,4.48567e-05,-0.000279342,5.8716e-05,-0.000556935,-9.6825e-05,0.000213646,-2.55277e-05,-7.72947e-05,-4.91145e-05,-0.000446128,-9.99719e-05,6.06344e-06,-0.000664782,-0.000109664,0.00139738,-3.67953e-06,0.000240248,9.43364e-05,-0.000211866,-5.59608e-06,0.000424524,-4.60779e-05,-0.000175289,1.05887e-06,-0.000426976,-5.85695e-06,-0.000108697,-0.000106833,3.94958e-06,-0.000133295,-0.000273068,-2.0286e-05,0.000733173,-0.000322428,-0.000200669,0.000209893,0.000134275,-2.24294e-05,0.000163135,-0.000143814,6.4598e-05,0.000144507,-2.09408e-05
0.130998,0.000184913,-4.91021e-05,-0.000109878,6.69216e-06,-2.44954e-05,-0.000945973,1.81608e-05,-0.000203201,-0.000189472,-7.10607e-05,-0.000273947,-7.29607e-05,-0.000395647,-6.18582e-05,-0.000256001,8.87895e-05,-0.000175789,-1.16845e-05,-0.000226026,-2.33865e-05,0.000170522,-0.000289461,-7.27448e-05,-0.000850389,-0.000349558,3.96711e-05,-0.000250158,8.72996e-05,-0.000532591,-6.91588e-05,0.000191552,-3.03658e-05,-6.55045e-05,-7.74058e-05,-0.000397529,-7.59903e-05,5.79079e-06,-0.00073115,-0.000100088,0.00149172,2.15113e-06,0.000111076,9.37353e-05,-0.000163006,-1.17398e-05,0.000398479,-4.81948e-05,-0.000169543,-1.67812e-06,-0.000511946,-4.59352e-06,-8.95869e-05,-7.82295e-05,2.22471e-05,-0.00011443,-0.000324507,-2.2216e-05,0.000718299,-0.000322496,-0.000232783,0.000217196,0.00012924,-2.74848e-05,0.000162417,-0.00014709,6.83371e-05,0.000146985,-5.96285e-06
0.131998,0.00016016,-5.11857e-05,-0.000117476,4.44217e-06,-1.37981e-05,-0.000913097,2.24466e-05,-0.000196294,-0.000175514,-6.12503e-05,-0.000207512,1.8762e-05,-0.000348741,-5.14945e-05,-0.000243153,7.40253e-05,-0.000153937,-6.57849e-06,-0.000160406,-6.11447e-06,0.00019012,-0.000253236,-7.7832e-05,-0.000843424,-0.000317145,3.30058e-05,-0.000220364,0.000114717,-0.000506107,-4.2266e-05,0.00016877,-3.54029e-05,-5.36682e-05,-0.000105321,-0.000347845,-5.21185e-05,5.48233e-06,-0.000793223,-9.01939e-05,0.00157848,7.77239e-06,-1.29396e-05,9.25292e-05,-0.000111265,-1.75735e-05,0.000368931,-5.00844e-05,-0.000163137,-4.32486e-06,-0.00058973,-3.23564e-06,-7.02777e-05,-4.9986e-05,3.98658e-05,-9.52851e-05,-0.000374786,-2.3977e-05,0.000695904,-0.000318928,-0.000264385,0.000222928,0.000123556,-3.2299e-05,0.000161258,-0.000149997,7.12479e-05,0.00014832,9.1224e-06
0.132998,0.000134871,-5.2907e-05,-0.00012358,3.30546e-06,-3.42518e-06,-0.000874129,2.63677e-05,-0.000188233,-0.00016217,-5.10875e-05,-0.000140326,0.000108432,-0.000301039,-4.1046e-05,-0.000227489,5.77323e-05,-0.000131898,-1.59184e-06,-9.605e-05,1.15007e-05,0.000207209,-0.000216805,-8.23373e-05,-0.000831115,-0.000283373,2.46859e-05,-0.000190191,0.000140551,-0.000477649,-1.63012e-05,0.000145445,-4.05629e-05,-4.18827e-05,-0.000132648,-0.000297451,-2.85466e-05,5.13894e-06,-0.000850432,-8.00572e-05,0.0016566,1.3142e-05,-0.000130692,9.0736e-05,-5.691e-05,-2.30603e-05,0.000336355,-5.17287e-05,-0.000156108,-6.86258e-06,-0.00065916,-1.78652e-06,-5.09119e-05,-2.23054e-05,5.66927e-05,-7.60022e-05,-0.00042261,-2.55572e-05,0.000665813,-0.000311712,-0.000295206,0.000227074,0.000117336,-3.6864e-05,0.000159619,-0.000152526,7.33381e-05,0.000148495,2.4145e-05
0.133998,0.000109233,-5.42426e-05,-0.000128175,3.15671e-06,6.55303e-06,-0.000829795,2.98894e-05,-0.000179051,-0.000149577,-4.06293e-05,-7.28474e-05,0.000195368,-0.000252891,-3.0615e-05,-0.000209049,3.99765e-05,-0.000109834,3.24001e-06,-3.34111e-05,2.94369e-05,0.000221707,-0.000180441,-8.62167e-05,-0.000813401,-0.000248454,1.45622e-05,-0.000159861,0.000164401,-0.000447375,8.6116e-06,0.000121719,-4.57619e-05,-3.02385e-05,-0.000159181,-0.0002467,-5.45245e-06,4.76152e-06,-0.000902227,-6.97481e-05,0.00172503,1.82224e-05,-0.000241447,8.83787e-05,-2.52508e-07,-2.81699e-05,0.000301246,-5.31097e-05,-0.000148493,-9.27484e-06,-0.000719225,-2.51603e-07,-3.16256e-05,4.62738e-06,7.26291e-05,-5.6719e-05,-0.000466625,-2.69467e-05,0.000627918,-0.000300892,-0.000324981,0.000229634,0.000110697,-4.11685e-05,0.000157453,-0.000154665,7.46325e-05,0.000147508,3.89323e-05
0.134998,8.34222e-05,-5.51739e-05,-0.000131267,3.83687e-06,1.60757e-05,-0.000780843,3.29829e-05,-0.000168782,-0.000137845,-2.99325e-05,-5.52338e-06,0.000278939,-0.000204634,-2.03038e-05,-0.000187911,2.0851e-05,-8.78979e-05,7.88524e-06,2.71106e-05,4.76753e-05,0.000233562,-0.000144397,-8.94286e-05,-0.000790242,-0.000212601,2.51979e-06,-0.000129578,0.00018589,-0.000415439,3.23783e-05,9.77258e-05,-5.091e-05,-1.88183e-05,-0.000184727,-0.000195926,1.69993e-05,4.35101e-06,-0.000948076,-5.93338e-05,0.00178272,2.29812e-05,-0.000344876,8.54848e-05,5.83537e-05,-3.28777e-05,0.000264108,-5.42087e-05,-0.000140323,-1.15476e-05,-0.000769088,1.36154e-06,-1.25476e-05,3.06467e-05,8.75907e-05,-3.75655e-05,-0.000505436,-2.81371e-05,0.00058219,-0.000286563,-0.000353455,0.000230623,0.000103751,-4.51986e-05,0.000154702,-0.000156398,7.51734e-05,0.000145374,5.33109e-05
0.135998,5.76073e-05,-5.56879e-05,-0.000132884,5.15793e-06,2.50916e-05,-0.000728023,3.56258e-05,-0.000157468,-0.000127061,-1.90532e-05,6.12132e-05,0.000358569,-0.000156583,-1.02143e-05,-0.000164192,4.76625e-07,-6.62316e-05,1.23159e-05,8.51686e-05,6.61979e-05,0.00024275,-0.000108903,-9.19351e-05,-0.000761612,-0.000176018,-1.1514e-05,-9.95351e-05,0.000204669,-0.000381986,5.49344e-05,7.35949e-05,-5.5913e-05,-7.69674e-06,-0.000209101,-0.000145443,3.86582e-05,3.90843e-06,-0.000987471,-4.88773e-05,0.00182867,2.7391e-05,-0.00044108,8.20861e-05,0.00011851,-3.71652e-05,0.000225448,-5.50071e-05,-0.000131625,-1.3669e-05,-0.000808103,3.04325e-06,6.20129e-06,5.56063e-05,0.000101508,-1.86642e-05,-0.000537641,-2.91219e-05,0.000528682,-0.000268874,-0.000380386,0.00023007,9.6607e-05,-4.89376e-05,0.000151306,-0.000157706,7.50197e-05,0.000142126,6.7109e-05
0.136998,3.19464e-05,-5.57773e-05,-0.000133073,6.90864e-06,3.35594e-05,-0.000672064,3.78018e-05,-0.000145154,-0.000117286,-8.04745e-06,0.000126945,0.00043374,-0.000109034,-4.46712e-07,-0.000138049,-2.09992e-05,-4.49642e-05,1.65078e-05,0.000140469,8.49859e-05,0.000249273,-7.41673e-05,-9.37021e-05,-0.000727507,-0.000138907,-2.75618e-05,-6.99095e-05,0.000220429,-0.000347157,7.62434e-05,4.94492e-05,-6.06745e-05,3.05954e-06,-0.000232131,-9.55414e-05,5.93882e-05,3.43492e-06,-0.00101992,-3.84378e-05,0.00186188,3.14293e-05,-0.000530589,7.82183e-05,0.000179774,-4.10195e-05,0.000185768,-5.54861e-05,-0.000122424,-1.56298e-05,-0.000835818,4.78193e-06,2.45087e-05,7.93797e-05,0.000114325,-1.29655e-07,-0.000561862,-2.98961e-05,0.000467538,-0.000248025,-0.000405549,0.000228017,8.93673e-05,-5.23662e-05,0.000147198,-0.000158566,7.42467e-05,0.000137809,8.01583e-05
0.137998,6.58819e-06,-5.54402e-05,-0.0001319,8.86087e-06,4.14466e-05,-0.000613658,3.95012e-05,-0.00013189,-0.000108557,3.02897e-06,0.00019127,0.00050399,-6.22632e-05,8.90133e-06,-0.00010968,-4.34026e-05,-2.42131e-05,2.04408e-05,0.000192771,0.000104017,0.000253157,-4.03773e-05,-9.47004e-05,-0.000687943,-0.000101465,-4.55892e-05,-4.08638e-05,0.000232906,-0.000311086,9.62944e-05,2.54059e-05,-6.50975e-05,1.33923e-05,-0.00025366,-4.64892e-05,7.90676e-05,2.93177e-06,-0.00104496,-2.80704e-05,0.00188143,3.50789e-05,-0.000614358,7.39207e-05,0.000241659,-4.44331e-05,0.000145559,-5.5628e-05,-0.000112741,-1.74227e-05,-0.000851987,6.5642e-06,4.22708e-05,0.000101859,0.000126001,1.7932e-05,-0.000576782,-3.04568e-05,0.000398999,-0.000224266,-0.000428738,0.000224521,8.21258e-05,-5.54635e-05,0.000142315,-0.000158953,7.29441e-05,0.000132486,9.2297e-05
0.138998,-1.83279e-05,-5.46807e-05,-0.000129449,1.07767e-05,4.87296e-05,-0.000553446,4.07202e-05,-0.000117733,-0.000100885,1.41205e-05,0.000253805,0.000568915,-1.6526e-05,1.7736e-05,-7.93234e-05,-6.65358e-05,-4.08406e-06,2.40985e-05,0.000241879,0.000123262,0.000254445,-7.69761e-06,-9.49059e-05,-0.000642955,-6.38842e-05,-6.54997e-05,-1.25462e-05,0.000241884,-0.000273902,0.000115099,1.57681e-06,-6.90871e-05,2.32513e-05,-0.000273542,1.46637e-06,9.75895e-05,2.40045e-06,-0.00106214,-1.78263e-05,0.00188646,3.8327e-05,-0.000693732,6.92354e-05,0.000303635,-4.74033e-05,0.000105295,-5.54155e-05,-0.000102596,-1.90427e-05,-0.000856564,8.37514e-06,5.9392e-05,0.000122954,0.000136506,3.54228e-05,-0.000581178,-3.08027e-05,0.000323404,-0.000197897,-0.000449765,0.000219649,7.49669e-05,-5.82074e-05,0.000136591,-0.00015884,7.1215e-05,0.000126231,0.000103371
0.139998,-4.26708e-05,-5.35079e-05,-0.000125816,1.24154e-05,5.53925e-05,-0.000492001,4.14612e-05,-0.000102743,-9.42623e-05,2.51716e-05,0.000314184,0.000628167,2.79418e-05,2.59684e-05,-4.7256e-05,-9.01786e-05,1.53287e-05,2.74678e-05,0.000287645,0.000142686,0.000253199,2.37272e-05,-9.43007e-05,-0.000592604,-2.63514e-05,-8.71303e-05,1.49092e-05,0.000247208,-0.000235732,0.00013269,-2.19313e-05,-7.25521e-05,3.25944e-05,-0.000291645,4.80994e-05,0.000114861,1.84269e-06,-0.00107105,-7.75314e-06,0.0018762,4.11656e-05,-0.000770403,6.42071e-05,0.000365135,-4.9932e-05,6.5423e-05,-5.48333e-05,-9.20059e-05,-2.04864e-05,-0.000849703,1.01985e-05,7.57852e-05,0.000142593,0.000145824,5.22531e-05,-0.00057396,-3.09339e-05,0.000241198,-0.000169255,-0.000468466,0.000213479,6.79634e-05,-6.05751e-05,0.000129969,-0.000158198,6.91734e-05,0.000119127,0.000113239
0.140998,-6.63174e-05,-5.19363e-05,-0.00012111,1.35416e-05,6.14268e-05,-0.000429821,4.17321e-05,-8.69879e-05,-8.86579e-05,3.61264e-05,0.00037206,0.000681453,7.09237e-05,3.35158e-05,-1.37923e-05,-0.000114092,3.39418e-05,3.05396e-05,0.000329963,0.000162238,0.000249494,5.37724e-05,-9.28737e-05,-0.000536977,1.09504e-05,-0.000110249,4.13815e-05,0.000248779,-0.0001967,0.000149113,-4.50164e-05,-7.54071e-05,4.13866e-05,-0.000307849,9.32038e-05,0.000130801,1.26045e-06,-0.0010713,2.10515e-06,0.00184998,4.35908e-05,-0.000846349,5.88823e-05,0.000425556,-5.20249e-05,2.6365e-05,-5.38677e-05,-8.09912e-05,-2.17524e-05,-0.000831751,1.20169e-05,9.13712e-05,0.000160719,0.000153949,6.83414e-05,-0.000554207,-3.08525e-05,0.000152935,-0.000138717,-0.000484698,0.000206098,6.11757e-05,-6.25445e-05,0.000122396,-0.000156997,6.69416e-05,0.00011127,0.00012177
0.141998,-8.91516e-05,-4.9985e-05,-0.000115449,1.39317e-05,6.68302e-05,-0.000367315,4.15463e-05,-7.05416e-05,-8.40243e-05,4.69289e-05,0.000427104,0.000728534,0.000112222,4.03029e-05,2.07185e-05,-0.000138021,5.16824e-05,3.33074e-05,0.000368761,0.000181858,0.000243421,8.23311e-05,-9.06208e-05,-0.000476189,4.78426e-05,-0.000134552,6.67623e-05,0.000246564,-0.00015693,0.000164429,-6.75805e-05,-7.75744e-05,4.95998e-05,-0.000322049,0.000136592,0.000145345,6.56041e-07,-0.00106253,1.17078e-05,0.00180726,4.56024e-05,-0.000923752,5.33087e-05,0.000484264,-5.36911e-05,-1.14919e-05,-5.25078e-05,-6.95715e-05,-2.28408e-05,-0.000803233,1.38122e-05,0.000106078,0.000177288,0.000160884,8.36139e-05,-0.000521201,-3.0562e-05,5.92746e-05,-0.000106689,-0.000498338,0.000197598,5.4651e-05,-6.40944e-05,0.000113832,-0.000155208,6.46479e-05,0.00010276,0.000128849
0.142998,-0.000111064,-4.76775e-05,-0.000108959,1.33821e-05,7.16055e-05,-0.000304803,4.09223e-05,-5.34841e-05,-8.02977e-05,5.75227e-05,0.000479007,0.000769218,0.000151655,4.62632e-05,5.58964e-05,-0.0001617,6.8487e-05,3.57678e-05,0.000403998,0.000201469,0.000235076,0.000109313,-8.75463e-05,-0.000410388,8.41505e-05,-0.000159671,9.09548e-05,0.000240596,-0.000116547,0.000178706,-8.95295e-05,-7.8986e-05,5.72124e-05,-0.00033415,0.000178094,0.000158436,3.20954e-08,-0.00104443,2.10169e-05,0.00174761,4.72038e-05,-0.00100491,4.75348e-05,0.000540601,-5.49427e-05,-4.77961e-05,-5.0746e-05,-5.77691e-05,-2.3753e-05,-0.000764837,1.55658e-05,0.000119843,0.00019227,0.000166641,9.80045e-05,-0.000474458,-3.00674e-05,-3.90128e-05,-7.36021e-05,-0.000509281,0.000188081,4.84224e-05,-6.52063e-05,0.000104247,-0.000152801,6.24234e-05,9.37044e-05,0.000134379
0.143998,-0.00013195,-4.50409e-05,-0.000101767,1.1715e-05,7.57603e-05,-0.000242508,3.98828e-05,-3.59023e-05,-7.74003e-05,6.78508e-05,0.000527478,0.000803362,0.000189061,5.134e-05,9.1335e-05,-0.000184856,8.43015e-05,3.79201e-05,0.000435662,0.000220977,0.000224569,0.000134644,-8.36624e-05,-0.00033976,0.000119703,-0.00018517,0.000113873,0.000230975,-7.56791e-05,0.000192016,-0.000110772,-7.95847e-05,6.42081e-05,-0.000344071,0.000217554,0.000170032,-6.08392e-07,-0.00101673,2.99973e-05,0.00167077,4.84014e-05,-0.00109211,4.16091e-05,0.000593891,-5.57939e-05,-8.22351e-05,-4.85783e-05,-4.561e-05,-2.44913e-05,-0.000717399,1.72588e-05,0.000132606,0.000205646,0.000171239,0.000111454,-0.000413762,-2.93748e-05,-0.000141052,-3.9902e-05,-0.000517441,0.00017765,4.25089e-05,-6.58641e-05,9.36277e-05,-0.000149748,6.03987e-05,8.42111e-05,0.00013828
0.144998,-0.00015171,-4.21057e-05,-9.40039e-05,8.78487e-06,7.93055e-05,-0.000180567,3.84549e-05,-1.78897e-05,-7.52431e-05,7.78558e-05,0.000572247,0.000830867,0.00022429,5.5488e-05,0.000126606,-0.000207213,9.90796e-05,3.97656e-05,0.000463759,0.000240269,0.000212015,0.000158263,-7.89905e-05,-0.000264528,0.000154333,-0.000210552,0.00013544,0.000217866,-3.44558e-05,0.000204432,-0.000131222,-7.93258e-05,7.05758e-05,-0.000351741,0.000254832,0.000180098,-1.26205e-06,-0.000979218,3.86164e-05,0.00157667,4.92042e-05,-0.00118758,3.55798e-05,0.000643453,-5.62609e-05,-0.000114537,-4.60051e-05,-3.31244e-05,-2.50593e-05,-0.000661879,1.88724e-05,0.000144317,0.000217405,0.000174703,0.000123911,-0.000339186,-2.8492e-05,-0.000245865,-6.04269e-06,-0.000522744,0.00016641,3.69155e-05,-6.6056e-05,8.19743e-05,-0.000146024,5.87011e-05,7.43896e-05,0.000140493
0.145998,-0.00017025,-3.89046e-05,-8.58002e-05,4.48334e-06,8.22547e-05,-0.000119027,3.66688e-05,4.53186e-07,-7.37279e-05,8.748e-05,0.000613062,0.000851672,0.00025721,5.86741e-05,0.000161267,-0.0002285,0.000112783,4.13076e-05,0.000488315,0.000259215,0.000197539,0.000180119,-7.35608e-05,-0.000184962,0.000187877,-0.000235271,0.00015559,0.000201497,6.98697e-06,0.000216024,-0.000150792,-7.81779e-05,7.63084e-05,-0.000357099,0.000289802,0.00018861,-1.92513e-06,-0.000931738,4.68435e-05,0.00146538,4.96235e-05,-0.00129327,2.9494e-05,0.000688604,-5.63612e-05,-0.000144472,-4.30318e-05,-2.0348e-05,-2.54612e-05,-0.000599339,2.03883e-05,0.000154931,0.000227545,0.000177061,0.000135328,-0.000251112,-2.74276e-05,-0.000352378,2.75218e-05,-0.000525129,0.000154471,3.16334e-05,-6.57744e-05,6.93057e-05,-0.000141604,5.7451e-05,6.43479e-05,0.00014098
0.146998,-0.000187479,-3.54725e-05,-7.7282e-05,-1.25643e-06,8.46235e-05,-5.78566e-05,3.45582e-05,1.90194e-05,-7.27496e-05,9.66653e-05,0.000649693,0.000865757,0.000287701,6.08786e-05,0.000194864,-0.000248453,0.000125379,4.25509e-05,0.000509366,0.000277664,0.000181273,0.000200176,-6.74129e-05,-0.00010138,0.000220176,-0.000258738,0.000174261,0.000182158,4.85081e-05,0.000226858,-0.0001694,-7.6124e-05,8.14026e-05,-0.000360097,0.000322346,0.000195554,-2.5935e-06,-0.000874211,5.46499e-05,0.0013372,4.96724e-05,-0.00141083,2.33972e-05,0.000728673,-5.6113e-05,-0.00017185,-3.96692e-05,-7.32238e-06,-2.57015e-05,-0.000530924,2.17885e-05,0.000164406,0.000236071,0.000178347,0.000145668,-0.000150245,-2.61915e-05,-0.000459432,6.03456e-05,-0.000524543,0.00014194,2.66409e-05,-6.50169e-05,5.56588e-05,-0.000136471,5.6759e-05,5.41906e-05,0.000139723
0.147998,-0.000203312,-3.18455e-05,-6.85708e-05,-8.45682e-06,8.64285e-05,3.04021e-06,3.21589e-05,3.76956e-05,-7.21982e-05,0.000105354,0.000681927,0.000873136,0.000315656,6.20957e-05,0.000226943,-0.000266819,0.000136844,4.35019e-05,0.000526958,0.000295446,0.000163356,0.000218404,-6.05956e-05,-1.41533e-05,0.000251072,-0.000280332,0.000191403,0.000160194,8.99602e-05,0.00023699,-0.000186967,-7.31621e-05,8.58581e-05,-0.000360696,0.000352361,0.00020092,-3.2627e-06,-0.00080664,6.20088e-05,0.00119261,4.93656e-05,-0.00154142,1.73333e-05,0.000763013,-5.55353e-05,-0.000196526,-3.59335e-05,5.90395e-06,-2.57855e-05,-0.000457828,2.30562e-05,0.000172708,0.000242993,0.000178596,0.000154895,-3.76211e-05,-2.47942e-05,-0.000565788,9.19991e-05,-0.000520939,0.000128922,2.19047e-05,-6.37866e-05,4.10888e-05,-0.000130607,5.67227e-05,4.40173e-05,0.000136727
0.148998,-0.000217665,-2.80602e-05,-5.97813e-05,-1.70939e-05,8.76872e-05,6.3814e-05,2.95089e-05,5.6362e-05,-7.19612e-05,0.000113487,0.000709576,0.000873854,0.000340983,6.23348e-05,0.000257057,-0.000283367,0.000147157,4.41676e-05,0.000541142,0.000312374,0.000143938,0.000234782,-5.31666e-05,7.62901e-05,0.000280416,-0.000299418,0.000206971,0.000135997,0.00013119,0.000246466,-0.000203416,-6.93047e-05,8.96769e-05,-0.000358869,0.000379753,0.000204709,-3.92794e-06,-0.000729122,6.8895e-05,0.00103232,4.87188e-05,-0.00168567,1.13437e-05,0.00079101,-5.46472e-05,-0.000218392,-3.18472e-05,1.92755e-05,-2.57186e-05,-0.00038128,2.41756e-05,0.000179807,0.000248325,0.000177845,0.000162982,8.53969e-05,-2.32476e-05,-0.000670145,0.000122076,-0.000514271,0.000115522,1.73807e-05,-6.20922e-05,2.56694e-05,-0.000124003,5.74244e-05,3.39212e-05,0.000132019
0.149998,-0.000230462,-2.41536e-05,-5.10198e-05,-2.70971e-05,8.84172e-05,0.000124652,2.66476e-05,7.48938e-05,-7.19246e-05,0.000121008,0.000732471,0.000867989,0.000363599,6.16199e-05,0.000284768,-0.000297886,0.000156304,4.45559e-05,0.000551972,0.000328246,0.000123174,0.000249297,-4.51927e-05,0.000169463,0.000308061,-0.000315356,0.000220926,0.000110004,0.000172035,0.000255321,-0.00021867,-6.45798e-05,9.28632e-05,-0.000354598,0.000404435,0.000206928,-4.58414e-06,-0.000641858,7.52851e-05,0.000857244,4.77489e-05,-0.0018435,5.46721e-06,0.000812095,-5.34678e-05,-0.000237381,-2.74389e-05,3.27295e-05,-2.55062e-05,-0.000302512,2.51322e-05,0.000185676,0.000252084,0.000176133,0.000169906,0.000217126,-2.15638e-05,-0.000771155,0.000150202,-0.000504497,0.000101839,1.3016e-05,-5.99487e-05,9.492e-06,-0.000116653,5.8928e-05,2.39878e-05,0.000125648
0.150998,-0.000241631,-2.0162e-05,-4.23831e-05,-3.83493e-05,8.86361e-05,0.000185759,2.36152e-05,9.31609e-05,-7.19753e-05,0.000127862,0.000750469,0.000855644,0.000383437,5.99909e-05,0.000309663,-0.000310192,0.000164277,4.46752e-05,0.000559505,0.000342844,0.000101232,0.000261944,-3.67488e-05,0.000264814,0.000333867,-0.000327522,0.000233237,8.2683e-05,0.000212331,0.000263574,-0.00023266,-5.90293e-05,9.54228e-05,-0.00034788,0.000426334,0.000207588,-5.226e-06,-0.000545166,8.11569e-05,0.000668514,4.64733e-05,-0.0020141,-2.60134e-07,0.000825759,-5.20159e-05,-0.000253461,-2.27433e-05,4.61957e-05,-2.51543e-05,-0.000222742,2.59132e-05,0.000190293,0.000254293,0.000173499,0.00017565,0.000355581,-1.97559e-05,-0.000867438,0.000176037,-0.000491571,8.79693e-05,8.75073e-06,-5.73766e-05,-7.33518e-06,-0.000108558,6.12772e-05,1.42944e-05,0.000117683
0.151998,-0.000251105,-1.61209e-05,-3.39574e-05,-5.06896e-05,8.83609e-05,0.00024734,2.04525e-05,0.000111029,-7.20018e-05,0.000133993,0.000763447,0.000836954,0.000400439,5.75025e-05,0.000331357,-0.00032013,0.00017107,4.45343e-05,0.000563797,0.000355941,7.82877e-05,0.000272722,-2.79172e-05,0.000361728,0.0003577,-0.000335322,0.000243877,5.45262e-05,0.000251904,0.000271235,-0.000245318,-5.27095e-05,9.73628e-05,-0.000338722,0.000445384,0.000206709,-5.84804e-06,-0.00043949,8.64904e-05,0.000467482,4.491e-05,-0.00219584,-5.80537e-06,0.000831563,-5.03099e-05,-0.000266636,-1.7801e-05,5.95972e-05,-2.46683e-05,-0.000143147,2.65074e-05,0.000193643,0.000254976,0.000169982,0.0001802,0.000498502,-1.78374e-05,-0.000957601,0.000199286,-0.000475447,7.40031e-05,4.51976e-06,-5.44022e-05,-2.46886e-05,-9.97231e-05,6.44939e-05,4.90879e-06,0.000108212
0.152997,-0.000258825,-1.20642e-05,-2.58183e-05,-6.39164e-05,8.76084e-05,0.000309582,1.72002e-05,0.000128362,-7.18959e-05,0.00013935,0.00077131,0.000812075,0.000414562,5.42242e-05,0.000349502,-0.000327581,0.000176685,4.41421e-05,0.000564904,0.0003673,5.45299e-05,0.000281637,-1.87872e-05,0.000459526,0.000379434,-0.00033821,0.000252827,2.604e-05,0.000290575,0.000278295,-0.000256578,-4.56893e-05,9.86917e-05,-0.000327146,0.000461528,0.000204315,-6.44469e-06,-0.000325409,9.12671e-05,0.000255708,4.30776e-05,-0.00238624,-1.11387e-05,0.000829147,-4.83681e-05,-0.000276938,-1.26582e-05,7.28502e-05,-2.40542e-05,-6.48486e-05,2.69055e-05,0.000195711,0.000254161,0.000165622,0.00018355,0.000643385,-1.58225e-05,-0.00104026,0.000219699,-0.000456076,6.00259e-05,2.55198e-07,-5.10572e-05,-4.24312e-05,-9.01614e-05,6.85767e-05,-4.11039e-06,9.73433e-05
0.153997,-0.000264739,-8.02439e-06,-1.80296e-05,-7.77912e-05,8.6395e-05,0.000372628,1.38985e-05,0.00014502,-7.15531e-05,0.000143883,0.000773987,0.000781194,0.000425774,5.02395e-05,0.000363793,-0.000332457,0.000181127,4.35073e-05,0.000562883,0.000376681,3.01569e-05,0.000288701,-9.45403e-06,0.000557464,0.000398951,-0.000335704,0.000260074,-2.26571e-06,0.000328162,0.000284735,-0.000266382,-3.80492e-05,9.94189e-05,-0.00031319,0.000474723,0.000200438,-7.01036e-06,-0.000203644,9.54705e-05,3.49516e-05,4.09946e-05,-0.00258194,-1.62337e-05,0.000818245,-4.62079e-05,-0.00028443,-7.36665e-06,8.58652e-05,-2.33176e-05,1.111e-05,2.71001e-05,0.000196491,0.000251877,0.00016046,0.000185698,0.000787528,-1.37255e-05,-0.00111407,0.000237077,-0.00043341,4.61173e-05,-4.11151e-06,-4.73782e-05,-6.04147e-05,-7.98915e-05,7.35002e-05,-1.27142e-05,8.52006e-05
0.154997,-0.000268804,-4.03188e-06,-1.06441e-05,-9.20448e-05,8.47368e-05,0.000436566,1.05867e-05,0.000160863,-7.08738e-05,0.000147548,0.000771436,0.000744521,0.000434058,4.56446e-05,0.000373977,-0.000334707,0.000184405,4.2639e-05,0.000557792,0.000383844,5.37876e-06,0.000293932,-1.73642e-08,0.000654733,0.000416144,-0.000327403,0.000265612,-2.98881e-05,0.000364482,0.000290523,-0.000274675,-2.98801e-05,9.95549e-05,-0.000296905,0.000484933,0.000195113,-7.53949e-06,-7.50652e-05,9.90863e-05,-0.00019284,3.86803e-05,-0.00277875,-2.10669e-05,0.000798693,-4.38465e-05,-0.000289199,-1.9823e-06,9.85476e-05,-2.24643e-05,8.37745e-05,2.7086e-05,0.000195979,0.000248158,0.000154534,0.000186645,0.000928077,-1.15612e-05,-0.00117773,0.000251273,-0.0004074,3.23507e-05,-8.64718e-06,-4.34058e-05,-7.84818e-05,-6.89386e-05,7.92152e-05,-2.08632e-05,7.19228e-05
0.155997,-0.000270988,-1.14895e-07,-3.7033e-06,-0.000106383,8.26497e-05,0.000501406,7.30282e-06,0.000175752,-6.97637e-05,0.000150303,0.000763642,0.000702292,0.000439411,4.05472e-05,0.000379855,-0.000334317,0.000186535,4.15459e-05,0.000549692,0.000388554,-1.9584e-05,0.000297353,9.41962e-06,0.000750467,0.000430914,-0.000313004,0.000269442,-5.6342e-05,0.000399346,0.000295616,-0.000281407,-2.12815e-05,9.91114e-05,-0.000278362,0.000492137,0.000188385,-8.02666e-06,5.93068e-05,0.000102102,-0.00042555,3.61537e-05,-0.00297166,-2.56185e-05,0.000770435,-4.13009e-05,-0.000291353,3.43497e-06,0.000110799,-2.15001e-05,0.000152294,2.68601e-05,0.000194177,0.000243043,0.000147885,0.000186402,0.00106208,-9.34466e-06,-0.00123002,0.000262193,-0.000378002,1.87937e-05,-1.34146e-05,-3.91843e-05,-9.64692e-05,-5.73343e-05,8.56484e-05,-2.85267e-05,5.76616e-05
0.156997,-0.000271268,3.70065e-06,2.76186e-06,-0.000120495,8.01498e-05,0.000567068,4.08321e-06,0.00018955,-6.81344e-05,0.000152113,0.000750621,0.000654769,0.000441843,3.50647e-05,0.000381294,-0.000331305,0.000187536,4.02367e-05,0.000538647,0.000390584,-4.45008e-05,0.000298996,1.87517e-05,0.000843748,0.000443176,-0.000292311,0.000271572,-8.117e-05,0.000432569,0.000299961,-0.000286536,-1.23598e-05,9.81014e-05,-0.000257651,0.000496325,0.000180301,-8.46667e-06,0.000198301,0.000104509,-0.000660911,3.34344e-05,-0.00315491,-2.98713e-05,0.000733532,-3.85875e-05,-0.000291019,8.82245e-06,0.000122519,-2.04309e-05,0.00021593,2.64214e-05,0.000191094,0.000236571,0.000140556,0.000184979,0.00118657,-7.09094e-06,-0.00126984,0.000269798,-0.000345179,5.50823e-06,-1.84702e-05,-3.47606e-05,-0.00011421,-4.51163e-05,9.27036e-05,-3.56827e-05,4.25789e-05
0.157997,-0.000269635,7.3912e-06,8.73055e-06,-0.000134058,7.72538e-05,0.000633366,9.62177e-07,0.000202125,-6.59035e-05,0.000152948,0.000732418,0.000602243,0.000441381,2.93222e-05,0.000378224,-0.000325726,0.000187433,3.872e-05,0.000524727,0.00038972,-6.91323e-05,0.000298897,2.78732e-05,0.000933607,0.000452856,-0.000265252,0.000272019,-0.000103952,0.000463966,0.000303496,-0.000290025,-3.22636e-06,9.65392e-05,-0.000234879,0.000497501,0.000170919,-8.85462e-06,0.000340597,0.000106301,-0.00089653,3.05423e-05,-0.00332215,-3.38115e-05,0.000688168,-3.57228e-05,-0.000288338,1.41156e-05,0.000133604,-1.92626e-05,0.000274063,2.57711e-05,0.000186742,0.00022879,0.000132587,0.000182398,0.00129857,-4.81526e-06,-0.00129619,0.000274099,-0.000308908,-7.4498e-06,-2.38619e-05,-3.01836e-05,-0.000131536,-3.23284e-05,0.000100263,-4.23167e-05,2.68449e-05
0.158997,-0.000266092,1.09356e-05,1.41911e-05,-0.00014675,7.39791e-05,0.000700003,-2.02827e-06,0.000213348,-6.29949e-05,0.000152784,0.000709109,0.00054503,0.000438065,2.34505e-05,0.000370643,-0.000317661,0.000186256,3.70045e-05,0.000508011,0.000385767,-9.3232e-05,0.000297099,3.66792e-05,0.00101904,0.000459896,-0.000231884,0.000270808,-0.000124314,0.000493355,0.000306157,-0.000291846,6.00439e-06,9.44409e-05,-0.000210178,0.000495685,0.000160301,-9.18596e-06,0.000484737,0.000107473,-0.00112991,2.74975e-05,-0.00346655,-3.74281e-05,0.00063465,-3.27231e-05,-0.000283463,1.92493e-05,0.000143953,-1.80014e-05,0.000326196,2.49126e-05,0.000181143,0.000219751,0.000124024,0.000178681,0.00139525,-2.53277e-06,-0.00130825,0.000275159,-0.000269184,-2.00297e-05,-2.96271e-05,-2.5503e-05,-0.000148281,-1.90197e-05,0.00010819,-4.84212e-05,1.06353e-05
0.159997,-0.000260658,1.43149e-05,1.91402e-05,-0.000158251,7.03442e-05,0.00076656,-4.85873e-06,0.000223099,-5.93392e-05,0.000151604,0.000680805,0.000483476,0.000431955,1.75832e-05,0.000358621,-0.000307222,0.000184038,3.50987e-05,0.000488588,0.000378552,-0.000116549,0.000293653,4.50675e-05,0.00109902,0.000464249,-0.000192402,0.000267971,-0.000141935,0.000520562,0.000307873,-0.000291976,1.52169e-05,9.18243e-05,-0.000183696,0.00049091,0.000148519,-9.45659e-06,0.00062913,0.000108025,-0.0013585,2.43205e-05,-0.00358095,-4.07127e-05,0.000573409,-2.96049e-05,-0.000276557,2.41588e-05,0.000153465,-1.66538e-05,0.000371959,2.38515e-05,0.000174323,0.000209511,0.00011491,0.000173858,0.00147392,-2.58542e-07,-0.00130534,0.000273087,-0.000226025,-3.21859e-05,-3.57905e-05,-2.07686e-05,-0.000164285,-5.24516e-06,0.00011633,-5.39944e-05,-5.87109e-06
0.160997,-0.000253364,1.75127e-05,2.35818e-05,-0.000168258,6.6369e-05,0.000832496,-7.50262e-06,0.000231266,-5.48733e-05,0.000149399,0.000647647,0.000417955,0.000423124,1.18545e-05,0.000342296,-0.000294542,0.000180822,3.30117e-05,0.000466558,0.000367929,-0.00013883,0.000288616,5.294e-05,0.00117248,0.000465886,-0.00014714,0.000263552,-0.000156556,0.000545416,0.000308573,-0.000290402,2.42966e-05,8.87095e-05,-0.000155608,0.000483228,0.000135648,-9.66295e-06,0.000772074,0.00010796,-0.00157968,2.10323e-05,-0.00365806,-4.36594e-05,0.000505002,-2.63848e-05,-0.000267787,2.87813e-05,0.000162044,-1.52263e-05,0.0004111,2.25952e-05,0.000166316,0.000198134,0.000105294,0.000167966,0.00153213,1.99257e-06,-0.001287,0.000268037,-0.000179484,-4.38775e-05,-4.2363e-05,-1.60297e-05,-0.000179393,8.93578e-06,0.000124514,-5.90397e-05,-2.24947e-05
0.161997,-0.000244259,2.05143e-05,2.7526e-05,-0.000176489,6.20754e-05,0.000897152,-9.93643e-06,0.000237749,-4.95411e-05,0.000146169,0.000609807,0.00034887,0.000411665,6.39657e-06,0.000321877,-0.000279773,0.000176651,3.07523e-05,0.000442038,0.000353782,-0.000159823,0.000282055,6.02043e-05,0.0012384,0.000464791,-9.65719e-05,0.000257602,-0.00016798,0.000567757,0.000308186,-0.000287119,3.31316e-05,8.51186e-05,-0.000126106,0.000472706,0.000121777,-9.802e-06,0.000911767,0.000107286,-0.00179087,1.76544e-05,-0.0036907,-4.62646e-05,0.000430102,-2.30797e-05,-0.000257326,3.3057e-05,0.000169598,-1.3726e-05,0.000443489,2.11534e-05,0.000157164,0.000185689,9.52257e-05,0.000161045,0.00156773,4.20598e-06,-0.00125296,0.000260198,-0.000129647,-5.50679e-05,-4.93402e-05,-1.13334e-05,-0.000193461,2.34591e-05,0.000132563,-6.3564e-05,-3.90578e-05
0.162997,-0.000233405,2.33073e-05,3.09881e-05,-0.000182691,5.74869e-05,0.000959756,-1.21398e-05,0.000242459,-4.32931e-05,0.000141919,0.000567493,0.000276653,0.000397685,1.33661e-06,0.000297638,-0.000263079,0.000171576,2.83303e-05,0.000415156,0.000336027,-0.000179282,0.000274042,6.67752e-05,0.00129572,0.000460965,-4.13091e-05,0.000250182,-0.000176082,0.000587435,0.000306646,-0.000282132,4.16147e-05,8.10764e-05,-9.54063e-05,0.000459428,0.000106997,-9.87137e-06,0.00104634,0.000106011,-0.00198949,1.42087e-05,-0.00367198,-4.85267e-05,0.000349496,-1.9707e-05,-0.000245345,3.69306e-05,0.000176041,-1.21603e-05,0.000469109,1.95372e-05,0.000146917,0.000172253,8.4757e-05,0.000153143,0.00157895,6.36751e-06,-0.00120318,0.000249795,-7.66499e-05,-6.57245e-05,-5.67012e-05,-6.72495e-06,-0.000206354,3.82568e-05,0.00014029,-6.75775e-05,-5.53867e-05
0.163997,-0.000220881,2.58811e-05,3.39874e-05,-0.000186644,5.26295e-05,0.00101943,-1.40959e-05,0.000245321,-3.60869e-05,0.000136666,0.000520942,0.000201766,0.00038131,-3.20562e-06,0.000269916,-0.000244632,0.000165654,2.57557e-05,0.00038606,0.000314621,-0.000196966,0.000264658,7.25762e-05,0.00134344,0.000454424,1.79091e-05,0.000241361,-0.000180805,0.00060431,0.000303889,-0.000275453,4.96452e-05,7.66103e-05,-6.37421e-05,0.000443496,9.14093e-05,-9.86932e-06,0.00117387,0.000104151,-0.00217303,1.07175e-05,-0.00359559,-5.04463e-05,0.000264073,-1.62844e-05,-0.000232017,4.03519e-05,0.000181296,-1.05369e-05,0.000488047,1.77599e-05,0.000135631,0.00015791,7.39431e-05,0.000144311,0.00156442,8.46341e-06,-0.00113786,0.00023708,-2.06762e-05,-7.5818e-05,-6.4408e-05,-2.24615e-06,-0.000217952,5.32575e-05,0.000147503,-7.10922e-05,-7.13139e-05
0.164997,-0.000206781,2.82266e-05,3.65462e-05,-0.000188171,4.75311e-05,0.00107522,-1.57911e-05,0.000246277,-2.78872e-05,0.000130433,0.000470424,0.0001247,0.00036268,-7.12043e-06,0.000239104,-0.000224607,0.000158943,2.30391e-05,0.000354916,0.000289556,-0.00021265,0.000253989,7.75407e-05,0.00138061,0.000445203,8.02242e-05,0.00023122,-0.000182163,0.000618257,0.000299858,-0.000267103,5.71301e-05,7.17502e-05,-3.13666e-05,0.000425028,7.51238e-05,-9.79481e-06,0.00129242,0.000101722,-0.0023391,7.20402e-06,-0.00345595,-5.20252e-05,0.000174814,-1.28301e-05,-0.000217513,4.32777e-05,0.000185296,-8.86404e-06,0.000500484,1.58362e-05,0.000123374,0.00014275,6.28418e-05,0.000134608,0.00152326,1.04805e-05,-0.00105742,0.000222325,3.80312e-05,-8.53225e-05,-7.24056e-05,2.06477e-06,-0.000228148,6.83869e-05,0.000154013,-7.41215e-05,-8.66801e-05
0.165997,-0.000191216,3.03365e-05,3.8689e-05,-0.000187141,4.22223e-05,0.00112608,-1.72155e-05,0.000245285,-1.86662e-05,0.000123251,0.000416236,4.597e-05,0.000341952,-1.03106e-05,0.000205646,-0.000203176,0.000151508,2.01921e-05,0.000321905,0.000260866,-0.000226125,0.000242132,8.16133e-05,0.00140634,0.000433347,0.000144673,0.000219845,-0.000180237,0.000629162,0.000294506,-0.000257114,6.39861e-05,6.65291e-05,1.45155e-06,0.000404162,5.82561e-05,-9.64752e-06,0.00140008,9.87455e-05,-0.00248545,3.69145e-06,-0.00324855,-5.32671e-05,8.27787e-05,-9.3628e-06,-0.000201997,4.56721e-05,0.000187984,-7.15021e-06,0.00050669,1.37822e-05,0.000110218,0.000126871,5.15137e-05,0.000124098,0.00145506,1.24063e-05,-0.00096254,0.000205819,9.91678e-05,-9.42148e-05,-8.06217e-05,6.17377e-06,-0.000236848,8.35682e-05,0.000159631,-7.66791e-05,-0.000101336
0.166997,-0.000174308,3.2205e-05,4.04413e-05,-0.00018347,3.67357e-05,0.00117094,-1.83626e-05,0.000242321,-8.4036e-06,0.000115161,0.000358707,-3.38797e-05,0.000319298,-1.26935e-05,0.000170027,-0.000180502,0.000143418,1.7227e-05,0.000287229,0.000228629,-0.000237202,0.000229185,8.47507e-05,0.00141981,0.000418921,0.000210206,0.000207333,-0.000175175,0.000636927,0.000287794,-0.000245525,7.014e-05,6.09825e-05,3.443e-05,0.000381049,4.09293e-05,-9.42783e-06,0.00149499,9.52462e-05,-0.00261,2.03543e-07,-0.00297008,-5.41768e-05,-1.09124e-05,-5.90141e-06,-0.000185631,4.75078e-05,0.000189314,-5.40443e-06,0.000507006,1.16153e-05,9.6247e-05,0.000110376,4.00218e-05,0.000112849,0.00135998,1.4229e-05,-0.000854131,0.000187858,0.000162363,-0.000102474,-8.89678e-05,1.00514e-05,-0.000243977,9.87227e-05,0.000164179,-7.87786e-05,-0.000115144
0.167997,-0.000156194,3.38274e-05,4.18291e-05,-0.000177129,3.11062e-05,0.00120869,-1.92295e-05,0.000237381,2.91267e-06,0.000106209,0.000298189,-0.000114283,0.000294903,-1.42029e-05,0.000132767,-0.000156737,0.000134745,1.41574e-05,0.000251105,0.000192964,-0.000245717,0.000215257,8.69226e-05,0.00142033,0.000402003,0.000275703,0.000193787,-0.000167186,0.000641471,0.000279692,-0.000232386,7.55306e-05,5.51484e-05,6.72761e-05,0.000355855,2.3273e-05,-9.13686e-06,0.00157536,9.12519e-05,-0.00271088,-3.23571e-06,-0.00261867,-5.47606e-05,-0.000105093,-2.46535e-06,-0.000168571,4.87664e-05,0.000189255,-3.63604e-06,0.000501834,9.35403e-06,8.15495e-05,9.33747e-05,2.84315e-05,0.000100935,0.00123872,1.59376e-05,-0.000733334,0.000168745,0.000227176,-0.000110082,-9.73397e-05,1.36729e-05,-0.000249471,0.00011377,0.000167489,-8.04328e-05,-0.000127979
0.168997,-0.000137024,3.52007e-05,4.28782e-05,-0.000168137,2.53706e-05,0.00123825,-1.98169e-05,0.000230481,1.52862e-05,9.645e-05,0.000235061,-0.000194654,0.000268963,-1.47908e-05,9.44074e-05,-0.000132016,0.000125564,1.09978e-05,0.000213767,0.000154033,-0.000251535,0.000200459,8.81122e-05,0.00140731,0.000382685,0.000340001,0.000179318,-0.000156533,0.000642725,0.000270184,-0.000217754,8.01088e-05,4.90675e-05,9.969e-05,0.000328764,5.42212e-06,-8.77642e-06,0.00163956,8.67933e-05,-0.00278648,-6.60221e-06,-0.00219405,-5.50255e-05,-0.000198572,9.25839e-07,-0.000150966,4.94391e-05,0.000187787,-1.85471e-06,0.000491627,7.01779e-06,6.62236e-05,7.59804e-05,1.68099e-05,8.84337e-05,0.00109252,1.7522e-05,-0.000601514,0.000148776,0.0002931,-0.000117022,-0.000105619,1.70186e-05,-0.000253283,0.00012863,0.00016941,-8.16539e-05,-0.000139729
0.169997,-0.000116956,3.6323e-05,4.36134e-05,-0.000156571,1.95673e-05,0.00125854,-2.01287e-05,0.000221657,2.87115e-05,8.59449e-05,0.000169722,-0.000274389,0.000241687,-1.44284e-05,5.55054e-05,-0.000106455,0.000115953,7.76365e-06,0.000175463,0.000112041,-0.000254554,0.000184906,8.83166e-05,0.0013803,0.000361072,0.000401912,0.000164042,-0.000143525,0.000640641,0.000259262,-0.000201696,8.38384e-05,4.27827e-05,0.000131369,0.000299969,-1.24836e-05,-8.34902e-06,0.00168611,8.1904e-05,-0.00283545,-9.87195e-06,-0.00169768,-5.49797e-05,-0.000290151,4.25251e-06,-0.000132958,4.95267e-05,0.000184907,-7.04069e-08,0.000476874,4.6267e-06,5.0374e-05,5.83116e-05,5.22569e-06,7.54274e-05,0.00092318,1.89732e-05,-0.000460235,0.000128243,0.000359557,-0.000123281,-0.000113676,2.00736e-05,-0.000255381,0.000143219,0.000169807,-8.24526e-05,-0.0001503
0.170997,-9.61613e-05,3.71938e-05,4.40585e-05,-0.000142555,1.37363e-05,0.00126858,-2.01721e-05,0.000210967,4.31735e-05,7.476e-05,0.000102593,-0.000352871,0.000213293,-1.31067e-05,1.66201e-05,-8.01524e-05,0.00010599,4.47197e-06,0.000136453,6.72338e-05,-0.000254705,0.000168718,8.75469e-05,0.00133903,0.000337282,0.000460252,0.000148079,-0.000128511,0.000635183,0.000246931,-0.000184286,8.66965e-05,3.63386e-05,0.000162011,0.000269677,-3.03008e-05,-7.85779e-06,0.00171372,7.66198e-05,-0.00285673,-1.30211e-05,-0.00113286,-5.46322e-05,-0.000378647,7.49512e-06,-0.000114683,4.90399e-05,0.000180624,1.70673e-06,0.000458089,2.20139e-06,3.41119e-05,4.04897e-05,-6.25145e-06,6.2002e-05,0.000733027,2.0283e-05,-0.000311244,0.000107425,0.000425904,-0.000128845,-0.000121369,2.28281e-05,-0.000255745,0.000157456,0.000168568,-8.28386e-05,-0.00015961
0.171997,-7.4815e-05,3.7814e-05,4.42357e-05,-0.000126263,7.91809e-06,0.00126746,-1.99574e-05,0.000198489,5.86471e-05,6.29666e-05,3.41086e-05,-0.000429474,0.000184002,-1.08371e-05,-2.16968e-05,-5.31813e-05,9.57554e-05,1.14074e-06,9.70095e-05,1.98976e-05,-0.00025196,0.000152016,8.58283e-05,0.00128337,0.000311444,0.000513864,0.000131554,-0.000111869,0.000626335,0.000233209,-0.000165609,8.86735e-05,2.97815e-05,0.000191319,0.000238102,-4.78836e-05,-7.3065e-06,0.00172136,7.09787e-05,-0.00284959,-1.60265e-05,-0.000504773,-5.39929e-05,-0.000462911,1.06344e-05,-9.62685e-05,4.79989e-05,0.000174963,3.4664e-06,0.000435801,-2.37192e-07,1.75544e-05,2.26379e-05,-1.75517e-05,4.82467e-05,0.000524862,2.14446e-05,-0.000156446,8.65833e-05,0.000491441,-0.000133704,-0.000128552,2.52766e-05,-0.000254367,0.000171259,0.000165602,-8.28202e-05,-0.000167593
0.172997,-5.30994e-05,3.81862e-05,4.41654e-05,-0.000107917,2.15407e-06,0.00125439,-1.94979e-05,0.000184323,7.50963e-05,5.064e-05,-3.52813e-05,-0.000503569,0.000154046,-7.65139e-06,-5.89113e-05,-2.55965e-05,8.53293e-05,-2.21087e-06,5.74086e-05,-2.9644e-05,-0.000246328,0.000134923,8.31993e-05,0.00121338,0.000283696,0.000561646,0.000114595,-9.39989e-05,0.000614095,0.000218125,-0.000145754,8.97727e-05,2.31587e-05,0.000219007,0.000205468,-6.50853e-05,-6.69949e-06,0.00170826,6.502e-05,-0.00281363,-1.88654e-05,0.000179514,-5.30723e-05,-0.000541851,1.36516e-05,-7.78358e-05,4.64331e-05,0.000167962,5.19828e-06,0.000410538,-2.66801e-06,8.23412e-07,4.88019e-06,-2.86055e-05,3.4253e-05,0.00030193,2.24521e-05,2.13138e-06,6.59617e-05,0.000555411,-0.00013785,-0.000135072,2.74182e-05,-0.00025125,0.000184545,0.000160844,-8.24049e-05,-0.000174201
0.173997,-3.12e-05,3.83143e-05,4.38663e-05,-8.77748e-05,-3.51459e-06,0.00122874,-1.88094e-05,0.000168587,9.24736e-05,3.78588e-05,-0.000105117,-0.00057453,0.000123655,-3.60069e-06,-9.45179e-05,2.56654e-06,7.47913e-05,-5.56256e-06,1.7933e-05,-8.1032e-05,-0.000237857,0.00011756,7.97115e-05,0.00112931,0.000254189,0.000602572,9.73298e-05,-7.53098e-05,0.000598478,0.000201716,-0.000124821,9.00104e-05,1.65185e-05,0.0002448,0.000172003,-8.17591e-05,-6.04158e-06,0.00167397,5.87845e-05,-0.00274882,-2.15161e-05,0.000911109,-5.1882e-05,-0.000614449,1.65285e-05,-5.9499e-05,4.43804e-05,0.000159673,6.89208e-06,0.000382827,-5.07012e-06,-1.5955e-05,-1.26598e-05,-3.93446e-05,2.01146e-05,6.78562e-05,2.33008e-05,0.000162364,4.57802e-05,0.000617018,-0.000141276,-0.000140775,2.9256e-05,-0.000246407,0.000197234,0.000154255,-8.15993e-05,-0.000179397
0.174997,-9.30409e-06,3.82041e-05,4.33553e-05,-6.61333e-05,-9.04716e-06,0.00119005,-1.79101e-05,0.000151419,0.00011072,2.47036e-05,-0.000174931,-0.000641738,9.30611e-05,1.24505e-06,-0.000128048,3.12886e-05,6.42195e-05,-8.89305e-06,-2.11342e-05,-0.000133874,-0.000226639,0.00010005,7.54282e-05,0.00103161,0.000223079,0.00063572,7.98871e-05,-5.62121e-05,0.000579517,0.000184032,-0.000102916,8.94148e-05,9.90888e-06,0.000268444,0.000137939,-9.77604e-05,-5.33808e-06,0.00161833,5.23136e-05,-0.00265546,-2.39584e-05,0.00167939,-5.04339e-05,-0.000679782,1.9248e-05,-4.13654e-05,4.18863e-05,0.000150164,8.53766e-06,0.000353176,-7.42289e-06,-3.26519e-05,-2.98602e-05,-4.97024e-05,5.92667e-06,-0.00017343,2.39873e-05,0.000322069,2.62344e-05,0.000675429,-0.000143978,-0.000145509,3.07963e-05,-0.00023986,0.000209243,0.000145823,-8.04096e-05,-0.000183164
0.175997,1.24018e-05,3.78633e-05,4.26476e-05,-4.33165e-05,-1.44039e-05,0.00113805,-1.68204e-05,0.000132977,0.000129763,1.12565e-05,-0.000244254,-0.000704588,6.24963e-05,6.79863e-06,-0.00015908,6.05621e-05,5.36898e-05,-1.21802e-05,-5.95121e-05,-0.000187749,-0.000212803,8.25112e-05,7.0424e-05,0.000920924,0.00019053,0.000660291,6.23942e-05,-3.71077e-05,0.000557256,0.000165133,-8.01523e-05,8.80258e-05,3.37789e-06,0.000289705,0.000103509,-0.000112948,-4.59465e-06,0.00154155,4.56489e-05,-0.00253422,-2.6173e-05,0.00247218,-4.87408e-05,-0.000737036,2.17939e-05,-2.35355e-05,3.90033e-05,0.000139513,1.01251e-05,0.000322071,-9.70615e-06,-4.91365e-05,-4.66022e-05,-5.96147e-05,-8.21508e-06,-0.000417769,2.45093e-05,0.000479045,7.49435e-06,0.000729796,-0.000145954,-0.00014913,3.20489e-05,-0.000231636,0.000220495,0.000135561,-7.8842e-05,-0.000185496
0.176997,3.37336e-05,3.73015e-05,4.17568e-05,-1.96706e-05,-1.95468e-05,0.00107269,-1.55624e-05,0.000113431,0.000149518,-2.40004e-06,-0.000312613,-0.000762496,3.21873e-05,1.29574e-05,-0.000187244,9.03864e-05,4.32754e-05,-1.5401e-05,-9.69251e-05,-0.000242209,-0.00019652,6.506e-05,6.47829e-05,0.000798099,0.000156715,0.000675626,4.49758e-05,-1.83809e-05,0.000531761,0.000145086,-5.66496e-05,8.58935e-05,-3.02744e-06,0.000308376,6.89461e-05,-0.000127185,-3.81731e-06,0.00144418,3.88321e-05,-0.00238613,-2.81428e-05,0.00327594,-4.68162e-05,-0.000785525,2.41514e-05,-6.10376e-06,3.5789e-05,0.00012781,1.16448e-05,0.000289971,-1.19005e-05,-6.52772e-05,-6.2771e-05,-6.90211e-05,-2.22148e-05,-0.000660861,2.48659e-05,0.000631104,-1.02963e-05,0.000779266,-0.000147204,-0.000151499,3.30257e-05,-0.000221769,0.000230909,0.00012351,-7.69033e-05,-0.000186401
0.177997,5.45119e-05,3.65302e-05,4.06954e-05,4.44291e-06,-2.44396e-05,0.000994126,-1.41596e-05,9.29691e-05,0.000169888,-1.61838e-05,-0.000379541,-0.000814905,2.3554e-06,1.96051e-05,-0.000212231,0.000120762,3.30457e-05,-1.85322e-05,-0.000133106,-0.00029678,-0.000177995,4.78083e-05,5.85971e-05,0.000664179,0.000121811,0.000681228,2.77528e-05,-3.90655e-07,0.000503106,0.000123967,-3.25346e-05,8.30774e-05,-9.26147e-06,0.000324278,3.44797e-05,-0.000140342,-3.0123e-06,0.00132711,3.19045e-05,-0.00221256,-2.98524e-05,0.00407603,-4.46743e-05,-0.000824697,2.63073e-05,1.08419e-05,3.23058e-05,0.000115157,1.30877e-05,0.000257298,-1.39872e-05,-8.09432e-05,-7.82573e-05,-7.78646e-05,-3.59773e-05,-0.000898354,2.50571e-05,0.000776118,-2.70203e-05,0.000822998,-0.00014773,-0.000152493,3.37409e-05,-0.000210296,0.000240408,0.000109732,-7.46009e-05,-0.0001859
0.178997,7.45637e-05,3.55634e-05,3.94745e-05,2.86553e-05,-2.90487e-05,0.000902764,-1.26366e-05,7.17896e-05,0.000190761,-3.00136e-05,-0.000444573,-0.000861291,-2.67861e-05,2.66148e-05,-0.000233795,0.000151682,2.30659e-05,-2.155e-05,-0.000167801,-0.000350972,-0.000157467,3.08632e-05,5.19654e-05,0.000520396,8.59988e-05,0.000676768,1.08416e-05,1.65371e-05,0.000471386,0.000101858,-7.93982e-06,7.9645e-05,-1.52804e-05,0.000337266,3.34831e-07,-0.000152297,-2.18608e-06,0.00119162,2.49063e-05,-0.00201521,-3.12886e-05,0.00485704,-4.233e-05,-0.000854151,2.82497e-05,2.72195e-05,2.86186e-05,0.000101664,1.44451e-05,0.000224439,-1.59489e-05,-9.60056e-05,-9.29584e-05,-8.6093e-05,-4.94088e-05,-0.00112594,2.50843e-05,0.000912049,-4.25862e-05,0.000860179,-0.000147538,-0.000152002,3.421e-05,-0.000197261,0.000248914,9.43146e-05,-7.19435e-05,-0.000184026
0.179997,9.37246e-05,3.44168e-05,3.81046e-05,5.25977e-05,-3.33434e-05,0.000799232,-1.10188e-05,5.01013e-05,0.000212011,-4.38099e-05,-0.000507257,-0.000901172,-5.50336e-05,3.38507e-05,-0.000251758,0.000183128,1.33963e-05,-2.44306e-05,-0.000200769,-0.000404276,-0.000135207,1.43257e-05,4.49913e-05,0.000368161,4.94665e-05,0.000662098,-5.64751e-06,3.21152e-05,0.000436707,7.88495e-05,1.69964e-05,7.56705e-05,-2.10428e-05,0.000347226,-3.32705e-05,-0.000162938,-1.34522e-06,0.0010393,1.7877e-05,-0.00179612,-3.24406e-05,0.0056031,-3.97987e-05,-0.00087364,2.9969e-05,4.29528e-05,2.47942e-05,8.74492e-05,1.57089e-05,0.000191742,-1.77691e-05,-0.000110339,-0.000106779,-9.36595e-05,-6.24176e-05,-0.00133946,2.49501e-05,0.00103699,-5.69271e-05,0.000890044,-0.000146635,-0.000149939,3.44497e-05,-0.000182708,0.000256354,7.73631e-05,-6.89417e-05,-0.00018082
0.180997,0.00011184,3.31084e-05,3.65954e-05,7.59084e-05,-3.72963e-05,0.000684388,-9.33181e-06,2.81201e-05,0.000233499,-5.74954e-05,-0.00056715,-0.00093411,-8.21953e-05,4.11715e-05,-0.000266011,0.000215062,4.09177e-06,-2.71504e-05,-0.000231786,-0.000456171,-0.000111509,-1.70917e-06,3.77811e-05,0.000209044,1.24043e-05,0.000637257,-2.16109e-05,4.61006e-05,0.00039919,5.50345e-05,4.21303e-05,7.12334e-05,-2.65102e-05,0.000354083,-6.61265e-05,-0.000172164,-4.96316e-07,0.000872085,1.08543e-05,-0.00155757,-3.32999e-05,0.00629823,-3.70966e-05,-0.000883072,3.14571e-05,5.79714e-05,2.08993e-05,7.26378e-05,1.68718e-05,0.000159512,-1.94329e-05,-0.000123821,-0.000119631,-0.000100523,-7.49147e-05,-0.00153497,2.46577e-05,0.00114921,-6.9999e-05,0.000911892,-0.000145032,-0.000146235,3.44769e-05,-0.000166687,0.000262653,5.90015e-05,-6.56079e-05,-0.000176333
0.181997,0.000128767,3.16583e-05,3.49567e-05,9.82396e-05,-4.08835e-05,0.000559312,-7.60136e-06,6.06636e-06,0.000255075,-7.09951e-05,-0.000623825,-0.000959721,-0.000108092,4.84327e-05,-0.000276513,0.000247414,-4.7986e-06,-2.96864e-05,-0.000260651,-0.000506129,-8.66908e-05,-1.71538e-05,3.04424e-05,4.47641e-05,-2.49939e-05,0.000602468,-3.69525e-05,5.82977e-05,0.000358971,3.05121e-05,6.73135e-05,6.64167e-05,-3.16472e-05,0.000357796,-9.80336e-05,-0.000179886,3.54016e-07,0.000692188,3.8746e-06,-0.00130215,-3.38611e-05,0.00692677,-3.42407e-05,-0.000882516,3.2708e-05,7.22104e-05,1.69997e-05,5.73597e-05,1.79272e-05,0.000128013,-2.09268e-05,-0.000136338,-0.000131437,-0.000106647,-8.68144e-05,-0.00170886,2.4212e-05,0.00124717,-8.17791e-05,0.000925103,-0.000142743,-0.000140848,3.43087e-05,-0.00014925,0.00026774,3.93673e-05,-6.19571e-05,-0.000170624
0.182997,0.000144377,3.00881e-05,3.31979e-05,0.000119264,-4.4085e-05,0.000425285,-5.85273e-06,-1.5838e-05,0.000276572,-8.42368e-05,-0.000676872,-0.000977677,-0.000132561,5.54898e-05,-0.000283291,0.000280083,-1.3232e-05,-3.20163e-05,-0.000287181,-0.000553614,-6.10846e-05,-3.19277e-05,2.30818e-05,-0.000122842,-6.25313e-05,0.000558138,-5.15846e-05,6.85607e-05,0.000316199,5.38526e-06,9.2393e-05,6.13057e-05,-3.64221e-05,0.000358363,-0.000128804,-0.000186029,1.19925e-06,0.000502093,-3.02768e-06,-0.00103264,-3.41211e-05,0.00747374,-3.12482e-05,-0.000872194,3.37179e-05,8.56108e-05,1.31582e-05,4.17484e-05,1.8869e-05,9.74689e-05,-2.22388e-05,-0.00014778,-0.000142128,-0.000112004,-9.80356e-05,-0.00185792,2.36181e-05,0.00132953,-9.22631e-05,0.000929158,-0.000139784,-0.000133764,3.39618e-05,-0.000130453,0.000271545,1.86093e-05,-5.80068e-05,-0.000163757
0.183997,0.000158554,2.84214e-05,3.13285e-05,0.000138682,-4.68849e-05,0.000283778,-4.11052e-06,-3.73726e-05,0.000297814,-9.71511e-05,-0.000725901,-0.000987713,-0.000155453,6.22008e-05,-0.000286435,0.000312927,-2.11723e-05,-3.4119e-05,-0.000311218,-0.000598092,-3.50329e-05,-4.59584e-05,1.58032e-05,-0.000291839,-0.000100008,0.000504849,-6.54282e-05,7.6795e-05,0.000271036,-2.02401e-05,0.000117212,5.59861e-05,-4.08069e-05,0.000355817,-0.000158261,-0.000190532,2.03301e-06,0.000304504,-9.81992e-06,-0.000752016,-3.40798e-05,0.00792525,-2.81371e-05,-0.00085248,3.44849e-05,9.81189e-05,9.43429e-06,2.59394e-05,1.96923e-05,6.80653e-05,-2.33587e-05,-0.000158048,-0.000151646,-0.00011657,-0.000108502,-0.00197939,2.28826e-05,0.00139525,-0.000101463,0.00092365,-0.000136174,-0.000124996,3.34524e-05,-0.000110358,0.000274001,-3.11613e-06,-5.37771e-05,-0.000155801
0.184997,0.000171198,2.66828e-05,2.93586e-05,0.000156225,-4.92714e-05,0.00013642,-2.39825e-06,-5.83215e-05,0.000318613,-0.000109671,-0.000770544,-0.000989631,-0.000176636,6.8429e-05,-0.000286097,0.000345753,-2.85898e-05,-3.59746e-05,-0.000332628,-0.000639031,-8.88286e-06,-5.91812e-05,8.70593e-06,-0.00046022,-0.000137224,0.000443349,-7.84136e-05,8.29563e-05,0.000223661,-4.62553e-05,0.000141612,5.05423e-05,-4.4778e-05,0.000350229,-0.000186243,-0.00019335,2.84909e-06,0.000102295,-1.64715e-05,-0.000463418,-3.37399e-05,0.00826884,-2.49259e-05,-0.000823883,3.50093e-05,0.000109687,5.88222e-06,1.00682e-05,2.03929e-05,3.99499e-05,-2.42782e-05,-0.000167051,-0.000159941,-0.000120331,-0.000118141,-0.00207108,2.20125e-05,0.00144351,-0.000109405,0.0009083,-0.000131936,-0.000114586,3.27955e-05,-8.90333e-05,0.000275044,-2.56482e-05,-4.9291e-05,-0.000146828
0.185997,0.000182226,2.48977e-05,2.72985e-05,0.000171658,-5.12369e-05,-1.5027e-05,-7.38149e-07,-7.84761e-05,0.000338771,-0.000121733,-0.000810456,-0.000983302,-0.000195997,7.40454e-05,-0.00028248,0.000378322,-3.5462e-05,-3.75651e-05,-0.000351303,-0.000675906,1.70198e-05,-7.15394e-05,1.88327e-06,-0.000625942,-0.000173974,0.000374537,-9.04805e-05,8.70494e-05,0.000174264,-7.25492e-05,0.000165429,4.50564e-05,-4.8316e-05,0.000341701,-0.000212603,-0.000194453,3.64153e-06,-0.000101541,-2.29538e-05,-0.000170073,-3.3107e-05,0.00849388,-2.16334e-05,-0.000787042,3.52931e-05,0.000120273,2.55055e-06,-5.73042e-06,2.09672e-05,1.32369e-05,-2.49907e-05,-0.000174708,-0.000166977,-0.000123276,-0.000126889,-0.00213136,2.10156e-05,0.00147379,-0.000116126,0.000882969,-0.000127094,-0.00010261,3.20053e-05,-6.65532e-05,0.000274613,-4.88251e-05,-4.45745e-05,-0.000136911
0.186997,0.00019157,2.3092e-05,2.51592e-05,0.00018479,-5.27777e-05,-0.000168699,8.4921e-07,-9.76382e-05,0.000358079,-0.000133275,-0.000845321,-0.000968669,-0.000213439,7.89308e-05,-0.000275836,0.00041034,-4.1773e-05,-3.88746e-05,-0.000367161,-0.000708206,4.23366e-05,-8.29847e-05,-4.57934e-06,-0.000786949,-0.000210054,0.000299442,-0.000101578,8.91255e-05,0.000123049,-9.90087e-05,0.000188502,3.9606e-05,-5.14057e-05,0.000330371,-0.000237208,-0.000193827,4.40468e-06,-0.000303945,-2.92401e-05,0.000124726,-3.21894e-05,0.00859184,-1.82788e-05,-0.000742708,3.53407e-05,0.000129842,-5.18872e-07,-2.13246e-05,2.14129e-05,-1.19902e-05,-2.54916e-05,-0.00018095,-0.000172724,-0.000125404,-0.000134686,-0.00215922,1.99002e-05,0.00148586,-0.000121671,0.000847665,-0.000121675,-8.91692e-05,3.10944e-05,-4.30026e-05,0.000272651,-7.24864e-05,-3.96558e-05,-0.000126126
0.187997,0.000199181,2.12916e-05,2.29521e-05,0.000195469,-5.38945e-05,-0.000322668,2.3451e-06,-0.000115623,0.000376324,-0.000144238,-0.000874848,-0.00094575,-0.000228884,8.29778e-05,-0.000266455,0.000441459,-4.75139e-05,-3.98891e-05,-0.000380144,-0.000735436,6.6742e-05,-9.34764e-05,-1.06055e-05,-0.000941214,-0.00024526,0.000219209,-0.000111665,8.92781e-05,7.0235e-05,-0.000125519,0.000210665,3.42631e-05,-5.40366e-05,0.000316404,-0.000259941,-0.000191474,5.13321e-06,-0.000501856,-3.53056e-05,0.000417672,-3.09978e-05,0.00855659,-1.48814e-05,-0.000691727,3.51579e-05,0.000138362,-3.29144e-06,-3.65863e-05,2.17283e-05,-3.56749e-05,-2.57781e-05,-0.00018572,-0.000177167,-0.000126717,-0.000141482,-0.00215429,1.86751e-05,0.00147978,-0.000126093,0.000802553,-0.000115709,-7.43987e-05,3.00744e-05,-1.84769e-05,0.000269107,-9.64757e-05,-3.45659e-05,-0.000114547
0.188997,0.000205028,1.95215e-05,2.06892e-05,0.000203586,-5.45917e-05,-0.000474974,3.73285e-06,-0.000132261,0.000393286,-0.000154562,-0.000898777,-0.000914637,-0.000242272,8.60926e-05,-0.000254658,0.000471275,-5.26824e-05,-4.05976e-05,-0.000390222,-0.000757123,8.99284e-05,-0.000102982,-1.61292e-05,-0.00108676,-0.000279384,0.000135072,-0.000120711,8.76391e-05,1.60541e-05,-0.000151964,0.000231757,2.90927e-05,-5.62026e-05,0.000299991,-0.000280698,-0.000187414,5.82216e-06,-0.00069227,-4.11274e-05,0.000705492,-2.95459e-05,0.00838461,-1.14607e-05,-0.000635023,3.47524e-05,0.000145811,-5.74027e-06,-5.13928e-05,2.19124e-05,-5.77842e-05,-2.58496e-05,-0.000188973,-0.000180296,-0.000127227,-0.00014723,-0.00211683,1.73496e-05,0.00145587,-0.000129446,0.000747951,-0.000109229,-5.84592e-05,2.89554e-05,6.91535e-06,0.000263933,-0.000120643,-2.93379e-05,-0.000102247
0.189997,0.000209094,1.78054e-05,1.83832e-05,0.000209078,-5.48773e-05,-0.000623665,4.99804e-06,-0.0001474,0.000408741,-0.000164191,-0.000916879,-0.000875495,-0.000253563,8.81959e-05,-0.00024079,0.000499338,-5.72827e-05,-4.09915e-05,-0.000397386,-0.000772823,0.000111612,-0.000111476,-2.10954e-05,-0.00122171,-0.000312221,4.83314e-05,-0.000128691,8.43729e-05,-3.92484e-05,-0.000178225,0.000251616,2.41517e-05,-5.79018e-05,0.000281348,-0.000299395,-0.000181681,6.46697e-06,-0.000872301,-4.66841e-05,0.000984986,-2.78493e-05,0.00807511,-8.03623e-06,-0.000573574,3.41335e-05,0.00015217,-7.84639e-06,-6.56278e-05,2.19653e-05,-7.83047e-05,-2.57073e-05,-0.000190677,-0.000182115,-0.000126948,-0.000151896,-0.00204774,1.59333e-05,0.00141475,-0.00013179,0.000684339,-0.000102269,-4.15379e-05,2.77463e-05,3.30511e-05,0.000257091,-0.000144845,-2.40066e-05,-8.92972e-05
0.190997,0.000211383,1.61653e-05,1.60471e-05,0.000211925,-5.4763e-05,-0.000766832,6.1286e-06,-0.000160911,0.000422464,-0.000173069,-0.000928958,-0.000828565,-0.000262731,8.92245e-05,-0.000225207,0.000525151,-6.1325e-05,-4.10652e-05,-0.000401656,-0.000782125,0.000131535,-0.000118942,-2.54613e-05,-0.0013443,-0.000343567,-3.9673e-05,-0.000135594,7.96709e-05,-9.54139e-05,-0.000204183,0.000270084,1.94875e-05,-5.91365e-05,0.000260707,-0.000315959,-0.000174326,7.06351e-06,-0.00103924,-5.19558e-05,0.00125308,-2.59259e-05,0.00763019,-4.6273e-06,-0.000508396,3.33116e-05,0.000157428,-9.59879e-06,-7.91822e-05,2.18877e-05,-9.72387e-05,-2.53542e-05,-0.000190816,-0.000182634,-0.000125902,-0.000155451,-0.00194854,1.44359e-05,0.00135728,-0.000133182,0.000612347,-9.4865e-05,-2.38451e-05,2.64549e-05,5.97911e-05,0.000248547,-0.000168947,-1.86083e-05,-7.57664e-05
0.191997,0.000211914,1.46202e-05,1.36942e-05,0.000212149,-5.42634e-05,-0.000902646,7.11492e-06,-0.000172683,0.000434232,-0.000181138,-0.00093485,-0.000774156,-0.000269769,8.91312e-05,-0.000208272,0.000548178,-6.48256e-05,-4.0816e-05,-0.000403069,-0.000784656,0.000149472,-0.000125369,-2.91961e-05,-0.00145292,-0.00037322,-0.000127585,-0.000141414,7.3745e-05,-0.000152171,-0.000229717,0.000287009,1.51375e-05,-5.99131e-05,0.00023832,-0.000330335,-0.000165411,7.60811e-06,-0.00119061,-5.69243e-05,0.00150686,-2.37956e-05,0.00705477,-1.253e-06,-0.000440519,3.22987e-05,0.000161582,-1.09943e-05,-9.19557e-05,2.16812e-05,-0.000114601,-2.47953e-05,-0.000189383,-0.000181874,-0.000124114,-0.000157875,-0.00182127,1.28672e-05,0.00128458,-0.00013368,0.000532749,-8.70551e-05,-5.61086e-06,2.50879e-05,8.6978e-05,0.000238277,-0.000192822,-1.31803e-05,-6.17203e-05
0.192997,0.000210722,1.31863e-05,1.13379e-05,0.000209814,-5.33959e-05,-0.00102939,7.94987e-06,-0.000182631,0.000443823,-0.000188343,-0.000934428,-0.000712645,-0.000274688,8.78855e-05,-0.000190343,0.000567857,-6.78057e-05,-4.02446e-05,-0.000401687,-0.00078009,0.000165233,-0.000130753,-3.22819e-05,-0.00154613,-0.00040098,-0.000214058,-0.000146154,6.68216e-05,-0.000209235,-0.000254705,0.000302243,1.11281e-05,-6.02416e-05,0.000214445,-0.000342481,-0.000155017,8.09754e-06,-0.00132421,-6.15722e-05,0.00174361,-2.14798e-05,0.00635659,2.06796e-06,-0.000370966,3.11075e-05,0.000164631,-1.20371e-05,-0.000103857,2.13478e-05,-0.000130415,-2.40375e-05,-0.000186389,-0.000179863,-0.000121614,-0.000159156,-0.00166853,1.12373e-05,0.00119796,-0.000133339,0.000446459,-7.88786e-05,1.2919e-05,2.36513e-05,0.000114436,0.000226266,-0.000216352,-7.76019e-06,-4.72214e-05
0.193997,0.000207859,1.18757e-05,8.99177e-06,0.000205019,-5.21804e-05,-0.00114549,8.62882e-06,-0.000190693,0.000451025,-0.000194627,-0.000927598,-0.000644473,-0.000277513,8.54732e-05,-0.000171767,0.000583607,-7.02916e-05,-3.93546e-05,-0.000397589,-0.000768153,0.000178664,-0.000135098,-3.4713e-05,-0.00162272,-0.000426652,-0.000297781,-0.000149824,5.9135e-05,-0.00026631,-0.000279022,0.000315647,7.47435e-06,-6.01355e-05,0.000189351,-0.000352369,-0.000143232,8.52907e-06,-0.00143818,-6.58834e-05,0.00196085,-1.90014e-05,0.00554606,5.31744e-06,-0.000300735,2.97516e-05,0.000166585,-1.27385e-05,-0.000114804,2.08905e-05,-0.00014471,-2.30892e-05,-0.000181857,-0.000176637,-0.000118437,-0.000159291,-0.00149334,9.55606e-06,0.00109892,-0.00013221,0.000354508,-7.0376e-05,3.14871e-05,2.21503e-05,0.00014197,0.00021251,-0.000239422,-2.38575e-06,-3.23292e-05
0.194997,0.000203389,1.06966e-05,6.66923e-06,0.000197901,-5.06388e-05,-0.00124955,9.1496e-06,-0.000196831,0.00045563,-0.000199931,-0.000914306,-0.00057014,-0.000278282,8.18965e-05,-0.000152872,0.000594845,-7.23138e-05,-3.81527e-05,-0.000390874,-0.000748628,0.000189649,-0.000138413,-3.6496e-05,-0.00168167,-0.000450047,-0.000377501,-0.000152442,5.09213e-05,-0.00032309,-0.000302545,0.000327093,4.17959e-06,-5.96117e-05,0.000163308,-0.000359986,-0.000130158,8.90044e-06,-0.00153102,-6.98428e-05,0.00215638,-1.63844e-05,0.00463606,8.4779e-06,-0.000230778,2.82453e-05,0.000167457,-1.31162e-05,-0.000124726,2.03126e-05,-0.00015752,-2.19606e-05,-0.000175822,-0.00017224,-0.000114619,-0.000158287,-0.0012991,7.83334e-06,0.00098913,-0.000130344,0.000258032,-6.15888e-05,4.98293e-05,2.05899e-05,0.000169364,0.000197015,-0.000261925,2.90596e-06,-1.71003e-05
0.195997,0.000197394,9.65215e-06,4.38328e-06,0.000188624,-4.8795e-05,-0.00134036,9.51242e-06,-0.000201034,0.000457444,-0.000204199,-0.000894534,-0.000490197,-0.000277049,7.71728e-05,-0.000133961,0.000600996,-7.39063e-05,-3.66488e-05,-0.000381654,-0.000721366,0.000198113,-0.000140713,-3.76488e-05,-0.00172225,-0.000470984,-0.000452045,-0.00015403,4.24125e-05,-0.000379259,-0.000325145,0.00033646,1.23543e-06,-5.86895e-05,0.000136588,-0.00036533,-0.000115907,9.20988e-06,-0.00160162,-7.34361e-05,0.00232829,-1.36536e-05,0.00364169,1.15326e-05,-0.000161985,2.66031e-05,0.000167269,-1.31933e-05,-0.000133561,1.96182e-05,-0.000168877,-2.06633e-05,-0.000168335,-0.00016672,-0.000110201,-0.000156156,-0.0010895,6.0789e-06,0.000870348,-0.000127785,0.000158252,-5.2559e-05,6.76799e-05,1.89748e-05,0.000196384,0.000179801,-0.000283754,8.0789e-06,-1.58883e-06
0.196997,0.000189963,8.74061e-06,2.14648e-06,0.00017738,-4.66738e-05,-0.00141692,9.71976e-06,-0.000203316,0.000456287,-0.000207371,-0.000868303,-0.000405243,-0.00027388,7.13342e-05,-0.000115307,0.000601512,-7.51062e-05,-3.48555e-05,-0.000370057,-0.000686287,0.00020402,-0.000142021,-3.82003e-05,-0.00174394,-0.000489289,-0.000520338,-0.000154619,3.38312e-05,-0.000434492,-0.000346696,0.000343642,-1.37804e-06,-5.73909e-05,0.000109456,-0.000368413,-0.000100597,9.45609e-06,-0.00164929,-7.66496e-05,0.00247497,-1.08344e-05,0.00257992,1.44657e-05,-9.51703e-05,2.48402e-05,0.000166046,-1.29977e-05,-0.000141261,1.88118e-05,-0.000178815,-1.92103e-05,-0.000159456,-0.000160134,-0.000105225,-0.000152923,-0.00086844,4.30232e-06,0.000744438,-0.000124575,5.64508e-05,-4.33292e-05,8.47766e-05,1.73098e-05,0.000222778,0.000160901,-0.000304799,1.30986e-05,1.41529e-05
0.197997,0.000181201,7.95502e-06,-2.93092e-08,0.000164383,-4.43015e-05,-0.00147846,9.77626e-06,-0.000203711,0.000451996,-0.000209388,-0.000835673,-0.000315916,-0.000268851,6.44265e-05,-9.71487e-05,0.000595888,-7.59529e-05,-3.27883e-05,-0.000356222,-0.000643392,0.000207372,-0.000142361,-3.81892e-05,-0.00174652,-0.000504802,-0.000581425,-0.000154242,2.53856e-05,-0.000488456,-0.000367067,0.000348548,-3.69177e-06,-5.57401e-05,8.21722e-05,-0.000369257,-8.43552e-05,9.63823e-06,-0.00167378,-7.94706e-05,0.00259517,-7.95253e-06,0.00146924,1.72622e-05,-3.10568e-05,2.29714e-05,0.000163822,-1.25615e-05,-0.000147785,1.78983e-05,-0.000187364,-1.7616e-05,-0.00014926,-0.000152542,-9.97359e-05,-0.000148617,-0.000639926,2.51298e-06,0.000613301,-0.000120752,-4.60476e-05,-3.39422e-05,0.000100866,1.56e-05,0.000248277,0.000140363,-0.000324948,1.79324e-05,3.00739e-05
0.198997,0.000171218,7.28309e-06,-2.13299e-06,0.000149862,-4.17046e-05,-0.00152446,9.68847e-06,-0.000202281,0.000444427,-0.000210193,-0.000796744,-0.000222887,-0.000262049,5.65077e-05,-7.96871e-05,0.000583678,-7.64874e-05,-3.0465e-05,-0.000340298,-0.000592762,0.000208212,-0.000141768,-3.76624e-05,-0.00173002,-0.000517372,-0.000634478,-0.000152937,1.72655e-05,-0.000540815,-0.00038613,0.0003511,-5.74708e-06,-5.37629e-05,5.49849e-05,-0.000367896,-6.73124e-05,9.75595e-06,-0.00167525,-8.18869e-05,0.00268796,-5.03354e-06,0.000329255,1.99086e-05,2.97311e-05,2.10119e-05,0.000160632,-1.19192e-05,-0.000153106,1.68832e-05,-0.000194551,-1.58958e-05,-0.00013783,-0.000144011,-9.37781e-05,-0.000143276,-0.000408001,7.20043e-07,0.000478854,-0.000116354,-0.000147906,-2.44408e-05,0.000115708,1.38508e-05,0.000272598,0.000118248,-0.00034408,2.25503e-05,4.61231e-05
0.199997,0.000160137,6.70737e-06,-4.1544e-06,0.000134059,-3.89104e-05,-0.0015546,9.46477e-06,-0.000199106,0.000433457,-0.000209728,-0.000751656,-0.000126855,-0.000253571,4.76468e-05,-6.30849e-05,0.000564508,-7.67513e-05,-2.79057e-05,-0.000322442,-0.000534572,0.000206614,-0.000140277,-3.66745e-05,-0.00169475,-0.000526867,-0.000678811,-0.000150748,9.63876e-06,-0.000591227,-0.000403753,0.000351239,-7.59462e-06,-5.14864e-05,2.81302e-05,-0.000364373,-4.96032e-05,9.8093e-06,-0.00165427,-8.38873e-05,0.00275277,-2.1029e-06,-0.000819782,2.2392e-05,8.66752e-05,1.89763e-05,0.000156521,-1.11076e-05,-0.000157206,1.57722e-05,-0.0002004,-1.40658e-05,-0.000125263,-0.000134612,-8.73981e-05,-0.000136946,-0.000176641,-1.06756e-06,0.00034299,-0.000111413,-0.000247796,-1.48676e-05,0.000129083,1.20682e-05,0.000295448,9.46367e-05,-0.000362061,2.69248e-05,6.22489e-05
0.200997,0.000148084,6.20542e-06,-6.0844e-06,0.000117223,-3.5946e-05,-0.00156884,9.11503e-06,-0.000194287,0.000418988,-0.000207939,-0.000700589,-2.85324e-05,-0.000243519,3.79229e-05,-4.74648e-05,0.000538101,-7.67865e-05,-2.51323e-05,-0.000302818,-0.000469088,0.00020269,-0.00013793,-3.52855e-05,-0.00164128,-0.000533169,-0.000713891,-0.00014772,2.64879e-06,-0.000639351,-0.000419805,0.000348923,-9.29317e-06,-4.8939e-05,1.82901e-06,-0.000358741,-3.13644e-05,9.79876e-06,-0.00161183,-8.54613e-05,0.00278937,8.14452e-07,-0.00195741,2.47012e-05,0.000139368,1.68791e-05,0.000151535,-1.01645e-05,-0.000160079,1.45715e-05,-0.00020493,-1.21434e-05,-0.000111662,-0.000124419,-8.06426e-05,-0.000129679,5.03207e-05,-2.84117e-06,0.000207544,-0.000105962,-0.000344425,-5.26492e-06,0.000140794,1.0259e-05,0.000316526,6.9622e-05,-0.000378745,3.10315e-05,7.83981e-05
0.201997,0.000135193,5.75029e-06,-7.91496e-06,9.96056e-05,-3.28384e-05,-0.00156733,8.65051e-06,-0.000187941,0.000400951,-0.000204774,-0.000643767,7.13528e-05,-0.000232005,2.74232e-05,-3.29105e-05,0.000504279,-7.66342e-05,-2.21681e-05,-0.000281596,-0.000396673,0.00019658,-0.000134775,-3.35601e-05,-0.00157044,-0.000536178,-0.000739335,-0.000143901,-3.58743e-06,-0.000684847,-0.000434158,0.000344129,-1.09082e-05,-4.61495e-05,-2.37147e-05,-0.000351063,-1.27334e-05,9.72522e-06,-0.00154929,-8.65992e-05,0.0027979,3.69431e-06,-0.00306343,2.6826e-05,0.000187512,1.47344e-05,0.000145726,-9.12772e-06,-0.000161727,1.32875e-05,-0.000208156,-1.01462e-05,-9.71391e-05,-0.000113511,-7.35584e-05,-0.000121534,0.000269277,-4.59236e-06,7.42685e-05,-0.000100034,-0.00043656,4.32561e-06,0.000150671,8.43061e-06,0.000335529,4.33155e-05,-0.000393964,3.48493e-05,9.45143e-05
0.202997,0.0001216,5.31101e-06,-9.63918e-06,8.14557e-05,-2.96142e-05,-0.00155046,8.0835e-06,-0.000180204,0.000379301,-0.000200187,-0.000581451,0.000172071,-0.000219144,1.62424e-05,-1.94684e-05,0.000462988,-7.63341e-05,-1.90378e-05,-0.000258948,-0.000317793,0.00018845,-0.000130862,-3.15652e-05,-0.00148328,-0.000535817,-0.000754922,-0.000139343,-8.98036e-06,-0.000727377,-0.00044668,0.000336853,-1.25101e-05,-4.31473e-05,-4.8315e-05,-0.000341409,6.15308e-06,9.58991e-06,-0.00146833,-8.72928e-05,0.0027788,6.51334e-06,-0.00411835,2.87578e-05,0.00023092,1.25558e-05,0.000139148,-8.03439e-06,-0.000162164,1.19269e-05,-0.00021009,-8.09231e-06,-8.18149e-05,-0.000101969,-6.61919e-05,-0.000112573,0.000476913,-6.31297e-06,-5.51992e-05,-9.36602e-05,-0.00052305,1.38629e-05,0.000158578,6.59144e-06,0.000352156,1.58448e-05,-0.000407535,3.83602e-05,0.000110538
0.203997,0.000107443,4.8534e-06,-1.12513e-05,6.30175e-05,-2.62994e-05,-0.00151881,7.42717e-06,-0.000171219,0.000354027,-0.000194136,-0.000513944,0.000272894,-0.000205056,4.48095e-06,-7.14997e-06,0.0004143,-7.59238e-05,-1.57665e-05,-0.000235047,-0.000233013,0.000178489,-0.000126247,-2.93694e-05,-0.00138108,-0.00053203,-0.000760583,-0.000134097,-1.34682e-05,-0.000766611,-0.000457246,0.000327114,-1.41725e-05,-3.99619e-05,-7.18052e-05,-0.000329858,2.51601e-05,9.39441e-06,-0.00137093,-8.75348e-05,0.00273285,9.2493e-06,-0.00510382,3.04891e-05,0.000269509,1.03563e-05,0.000131859,-6.92014e-06,-0.000161411,1.04967e-05,-0.000210743,-6.00021e-06,-6.58152e-05,-8.98778e-05,-5.85894e-05,-0.000102866,0.000670267,-7.99509e-06,-0.000179357,-8.68748e-05,-0.000602844,2.33067e-05,0.000164412,4.75059e-06,0.000366116,-1.26465e-05,-0.000419247,4.15499e-05,0.000126403
0.204997,9.28607e-05,4.34086e-06,-1.27467e-05,4.45251e-05,-2.29194e-05,-0.00147313,6.6953e-06,-0.000161143,0.000325149,-0.00018659,-0.00044159,0.000373103,-0.000189866,-7.75573e-06,4.06472e-06,0.000358425,-7.54383e-05,-1.23801e-05,-0.00021007,-0.000142999,0.000166906,-0.000120988,-2.70407e-05,-0.0012653,-0.000524783,-0.000756403,-0.000128218,-1.70163e-05,-0.000802226,-0.00046573,0.000314947,-1.59699e-05,-3.66225e-05,-9.40383e-05,-0.000316493,4.41554e-05,9.14063e-06,-0.00125931,-8.73196e-05,0.00266113,1.18812e-05,-0.00600307,3.20139e-05,0.000303294,8.1483e-06,0.00012392,-5.81841e-06,-0.000159498,9.00427e-06,-0.000210122,-3.88838e-06,-4.92714e-05,-7.73246e-05,-5.07961e-05,-9.24851e-05,0.00084678,-9.63103e-06,-0.000296859,-7.97126e-05,-0.000675018,3.26177e-05,0.000168106,2.91798e-06,0.000377131,-4.19989e-05,-0.00042887,4.44076e-05,0.000142039
0.205997,7.79922e-05,3.73543e-06,-1.4122e-05,2.62004e-05,-1.94985e-05,-0.00141436,5.90201e-06,-0.000150138,0.000292719,-0.000177524,-0.000364771,0.000471994,-0.000173701,-2.03583e-05,1.42231e-05,0.000295717,-7.4909e-05,-8.90393e-06,-0.000184193,-4.85167e-05,0.000153921,-0.000115149,-2.46451e-05,-0.00113758,-0.000514069,-0.000742611,-0.000121761,-1.96163e-05,-0.000833914,-0.000472012,0.000300413,-1.79759e-05,-3.3158e-05,-0.000114887,-0.00030141,6.30106e-05,8.83072e-06,-0.00113588,-8.66431e-05,0.00256498,1.43893e-05,-0.00680119,3.33276e-05,0.000332377,5.94365e-06,0.000115394,-4.75989e-06,-0.000156466,7.45696e-06,-0.000208236,-1.77525e-06,-3.23188e-05,-6.43987e-05,-4.28568e-05,-8.1506e-05,0.00100433,-1.12134e-05,-0.000406531,-7.22112e-05,-0.00073878,4.17576e-05,0.000169636,1.10419e-06,0.000384941,-7.20379e-05,-0.000436152,4.69257e-05,0.00015737
0.206997,6.29726e-05,2.99886e-06,-1.53746e-05,8.24973e-06,-1.60601e-05,-0.00134354,5.06157e-06,-0.00013837,0.000256822,-0.000166926,-0.000283908,0.000568878,-0.000156688,-3.32145e-05,2.33953e-05,0.000226672,-7.43631e-05,-5.36332e-06,-0.000157588,4.95746e-05,0.000139768,-0.000108795,-2.22458e-05,-0.000999682,-0.000499907,-0.000719576,-0.000114783,-2.12844e-05,-0.000861379,-0.000475975,0.000283588,-2.02606e-05,-2.95968e-05,-0.000134245,-0.000284704,8.16012e-05,8.4671e-06,-0.00100317,-8.55034e-05,0.00244601,1.67554e-05,-0.00748552,3.44268e-05,0.00035694,3.75355e-06,0.000106345,-3.77201e-06,-0.00015236,5.86247e-06,-0.000205094,3.21039e-07,-1.50957e-05,-5.11912e-05,-3.4815e-05,-7.00071e-05,0.00114128,-1.27349e-05,-0.000507379,-6.44108e-05,-0.000793491,5.0689e-05,0.000169012,-6.7957e-07,0.000389317,-0.000102575,-0.000440819,4.91e-05,0.00017231
0.207997,4.79335e-05,2.09376e-06,-1.6503e-05,-9.13781e-06,-1.26267e-05,-0.00126185,4.18818e-06,-0.000126006,0.000217579,-0.000154798,-0.000199458,0.000663094,-0.000138959,-4.62097e-05,3.16694e-05,0.000151933,-7.38235e-05,-1.78266e-06,-0.000130429,0.000150326,0.000124684,-0.000101995,-1.99011e-05,-0.000853487,-0.00048234,-0.000687791,-0.000107339,-2.2059e-05,-0.000884344,-0.000477508,0.000264571,-2.28885e-05,-2.59664e-05,-0.000152022,-0.000266483,9.98075e-05,8.05241e-06,-0.000863781,-8.39004e-05,0.00230605,1.89628e-05,-0.00804587,3.53096e-05,0.000377226,1.58857e-06,9.68366e-05,-2.87862e-06,-0.000147232,4.22867e-06,-0.000200707,2.38273e-06,2.25767e-06,-3.77946e-05,-2.67135e-05,-5.80682e-05,0.00125643,-1.41886e-05,-0.0005986,-5.6355e-05,-0.000838668,5.93759e-05,0.000166287,-2.4217e-06,0.000390057,-0.00013341,-0.000442578,5.09296e-05,0.000186767
0.208997,3.30014e-05,9.84902e-07,-1.75066e-05,-2.57922e-05,-9.21948e-06,-0.00117053,3.29572e-06,-0.000113211,0.000175144,-0.000141153,-0.000111916,0.000754003,-0.000120645,-5.92275e-05,3.91464e-05,7.22771e-05,-7.33082e-05,1.81464e-06,-0.000102886,0.000252708,0.000108906,-9.48216e-05,-1.76643e-05,-0.000700937,-0.00046144,-0.000647865,-9.94869e-05,-2.19981e-05,-0.000902551,-0.000476509,0.00024348,-2.59162e-05,-2.22934e-05,-0.000168151,-0.000246856,0.000117515,7.58945e-06,-0.000720332,-8.18367e-05,0.0021471,2.09963e-05,-0.00847466,3.59752e-05,0.000393533,-5.41291e-07,8.6936e-05,-2.0997e-06,-0.000141141,2.56362e-06,-0.000195092,4.39266e-06,1.96003e-05,-2.43024e-05,-1.85936e-05,-4.57702e-05,0.00134911,-1.55678e-05,-0.000679579,-4.80904e-05,-0.000873994,6.77836e-05,0.000161551,-4.11035e-06,0.000387001,-0.000164331,-0.000441127,5.24162e-05,0.000200643
0.209997,1.82963e-05,-3.59581e-07,-1.83856e-05,-4.15638e-05,-5.85874e-06,-0.00107089,2.39763e-06,-0.000100148,0.000129705,-0.000126022,-2.18055e-05,0.000840996,-0.000101875,-7.21504e-05,4.59347e-05,-1.13849e-05,-7.28298e-05,5.40653e-06,-7.51261e-05,0.000355618,9.2671e-05,-8.73476e-05,-1.55817e-05,-0.000544018,-0.000437304,-0.000600507,-9.12838e-05,-2.11768e-05,-0.000915767,-0.000472882,0.000220448,-2.93901e-05,-1.86034e-05,-0.000182578,-0.000225938,0.000134613,7.0812e-06,-0.000575387,-7.93173e-05,0.00197135,2.28422e-05,-0.00876713,3.64242e-05,0.000406193,-2.62663e-06,7.67082e-05,-1.45125e-06,-0.000134153,8.75539e-07,-0.00018827,6.33441e-06,3.67914e-05,-1.08087e-05,-1.04957e-05,-3.31942e-05,0.00141908,-1.68658e-05,-0.000749892,-3.96673e-05,-0.000899315,7.58783e-05,0.000154931,-5.73358e-06,0.000380033,-0.000195117,-0.000436151,5.35646e-05,0.000213832
0.210997,3.93105e-06,-1.96695e-06,-1.91407e-05,-5.63233e-05,-2.56351e-06,-0.000964266,1.5067e-06,-8.69692e-05,8.14824e-05,-0.000109452,7.03157e-05,0.000923494,-8.27807e-05,-8.486e-05,5.21456e-05,-9.80261e-05,-7.23951e-05,8.97243e-06,-4.73125e-05,0.000457898,7.62084e-05,-7.96483e-05,-1.36927e-05,-0.00038472,-0.000410055,-0.000546513,-8.27863e-05,-1.96837e-05,-0.000923781,-0.000466541,0.000195627,-3.33444e-05,-1.49208e-05,-0.000195269,-0.000203851,0.000150997,6.53078e-06,-0.000431409,-7.63498e-05,0.00178108,2.44886e-05,-0.00892129,3.66584e-05,0.000415564,-4.65858e-06,6.62183e-05,-9.45241e-07,-0.000126335,-8.27198e-07,-0.00018027,8.19238e-06,5.36914e-05,2.59267e-06,-2.45921e-06,-2.04207e-05,0.00146658,-1.80764e-05,-0.000809298,-3.11389e-05,-0.00091464,8.3628e-05,0.000146585,-7.27964e-06,0.000369082,-0.000225541,-0.00042734,5.43815e-05,0.000226218
0.211997,-9.99032e-06,-3.85865e-06,-1.97731e-05,-6.99629e-05,6.48316e-07,-0.000852014,6.34933e-07,-7.38214e-05,3.07291e-05,-9.15088e-05,0.000163864,0.00100095,-6.34914e-05,-9.72378e-05,5.78883e-05,-0.000186517,-7.20057e-05,1.24934e-05,-1.9605e-05,0.000558341,5.97375e-05,-7.17996e-05,-1.20288e-05,-0.000225004,-0.000379841,-0.000486751,-7.40511e-05,-1.76179e-05,-0.000926414,-0.000457412,0.000169183,-3.77994e-05,-1.12689e-05,-0.000206204,-0.00018072,0.000166566,5.94139e-06,-0.00029071,-7.29448e-05,0.00157869,2.5925e-05,-0.00893795,3.66806e-05,0.000422012,-6.62877e-06,5.55306e-05,-5.89657e-07,-0.000117762,-2.53607e-06,-0.000171129,9.95202e-06,7.01631e-05,1.58081e-05,5.47798e-06,-7.52932e-06,0.00149223,-1.91934e-05,-0.000857728,-2.25612e-05,-0.000920134,9.10017e-05,0.000136704,-8.73715e-06,0.000354135,-0.000255369,-0.000414387,5.48762e-05,0.000237684
0.212996,-2.33728e-05,-6.04928e-06,-2.02845e-05,-8.23951e-05,3.75993e-06,-0.000735463,-2.06571e-07,-6.08383e-05,-2.2272e-05,-7.22746e-05,0.000258231,0.00107283,-4.41353e-05,-0.000109165,6.32656e-05,-0.000275644,-7.16571e-05,1.59523e-05,7.84092e-06,0.000655711,4.34648e-05,-6.38778e-05,-1.06136e-05,-6.67779e-05,-0.000346835,-0.000422143,-6.51345e-05,-1.50861e-05,-0.000923515,-0.000445434,0.000141293,-4.27595e-05,-7.66969e-06,-0.000215377,-0.000156674,0.000181223,5.31634e-06,-0.000155402,-6.91159e-05,0.00136661,2.71425e-05,-0.00882061,3.64947e-05,0.0004259,-8.52928e-06,4.47083e-05,-3.88645e-07,-0.000108508,-4.24244e-06,-0.000160892,1.15998e-05,8.60725e-05,2.87451e-05,1.32789e-05,5.40218e-06,0.00149707,-2.02109e-05,-0.000895279,-1.39928e-05,-0.00091611,9.797e-05,0.000125505,-1.00953e-05,0.000335231,-0.000284366,-0.000397005,5.50595e-05,0.000248104
0.213996,-3.61314e-05,-8.54553e-06,-2.0677e-05,-9.35527e-05,6.75565e-06,-0.000615914,-1.00771e-06,-4.81419e-05,-7.72097e-05,-5.18521e-05,0.000352787,0.00113867,-2.4839e-05,-0.000120523,6.83701e-05,-0.000364131,-7.13394e-05,1.93336e-05,3.48742e-05,0.000748759,2.75816e-05,-5.59588e-05,-9.46229e-06,8.81382e-05,-0.00031123,-0.000353654,-5.60921e-05,-1.21988e-05,-0.000914963,-0.000430558,0.000112149,-4.8212e-05,-4.14391e-06,-0.000222795,-0.000131847,0.000194875,4.65903e-06,-2.73636e-05,-6.48795e-05,0.00114731,2.81337e-05,-0.00857532,3.61057e-05,0.000427577,-1.03526e-05,3.3813e-05,-3.4272e-07,-9.8653e-05,-5.93757e-06,-0.000149616,1.31236e-05,0.00010129,4.13133e-05,2.09079e-05,1.8298e-05,0.00148243,-2.11235e-05,-0.000922191,-5.49397e-06,-0.000903013,0.000104505,0.000113224,-1.13443e-05,0.000312469,-0.000312298,-0.000374936,5.49437e-05,0.000257351
0.214996,-4.81914e-05,-1.13455e-05,-2.09528e-05,-0.000103387,9.62091e-06,-0.000494614,-1.75947e-06,-3.58399e-05,-0.000133747,-3.03616e-05,0.000446888,0.00119799,-5.7272e-06,-0.000131193,7.32814e-05,-0.000450661,-7.10373e-05,2.26236e-05,6.13486e-05,0.000836242,1.22611e-05,-4.81174e-05,-8.58178e-06,0.000238035,-0.000273238,-0.000282272,-4.69786e-05,-9.0676e-06,-0.000900673,-0.000412752,8.19478e-05,-5.41262e-05,-7.10999e-07,-0.000228476,-0.000106375,0.000207433,3.97288e-06,9.1792e-05,-6.0255e-05,0.000923252,2.88926e-05,-0.00821044,3.55195e-05,0.000427365,-1.20918e-05,2.29045e-05,-4.49036e-07,-8.82783e-05,-7.61261e-06,-0.000137366,1.45123e-05,0.00011569,5.34244e-05,2.83305e-05,3.10847e-05,0.00144993,-2.19258e-05,-0.000938839,2.87404e-06,-0.000881409,0.00011058,0.000100115,-1.2475e-05,0.000286009,-0.000338933,-0.000347959,5.45425e-05,0.000265295
0.215996,-5.9489e-05,-1.44378e-05,-2.1114e-05,-0.000111869,1.23422e-05,-0.000372747,-2.45398e-06,-2.40255e-05,-0.000191521,-7.94194e-06,0.000539874,0.00125037,1.30779e-05,-0.00014106,7.80629e-05,-0.000533905,-7.07305e-05,2.58098e-05,8.71227e-05,0.000916941,-2.34239e-06,-4.04265e-05,-7.97115e-06,0.000381335,-0.000233092,-0.000208993,-3.78481e-05,-5.80273e-06,-0.000880594,-0.000391999,5.08963e-05,-6.04529e-05,2.61091e-06,-0.00023245,-8.03985e-05,0.000218808,3.26142e-06,0.00020074,-5.52647e-05,0.00069684,2.94147e-05,-0.00773641,3.47427e-05,0.000425552,-1.37399e-05,1.20408e-05,-7.01695e-07,-7.74661e-05,-9.25869e-06,-0.000124222,1.57564e-05,0.000129154,6.49935e-05,3.55133e-05,4.36915e-05,0.00140143,-2.26127e-05,-0.000945709,1.10496e-05,-0.000851966,0.000116171,8.64396e-05,-1.34799e-05,0.000256068,-0.000364043,-0.000315904,5.38703e-05,0.000271806
0.216996,-6.99711e-05,-1.78015e-05,-2.11631e-05,-0.000118984,1.49072e-05,-0.000251418,-3.08451e-06,-1.27764e-05,-0.000250152,1.52513e-05,0.000631081,0.0012954,3.14568e-05,-0.000150007,8.27606e-05,-0.000612542,-7.03941e-05,2.88814e-05,0.00011206,0.000989682,-1.60954e-05,-3.29564e-05,-7.62185e-06,0.000516615,-0.000191035,-0.000134812,-2.87534e-05,-2.51001e-06,-0.00085471,-0.000368301,1.92045e-05,-6.71237e-05,5.80495e-06,-0.000234755,-5.4059e-05,0.000228916,2.52819e-06,0.000298458,-4.99337e-05,0.000470426,2.9697e-05,-0.00716539,3.3783e-05,0.000422386,-1.52907e-05,1.27778e-06,-1.0921e-06,-6.62998e-05,-1.08669e-05,-0.000110272,1.68478e-05,0.000141569,7.59395e-05,4.24245e-05,5.60507e-05,0.00133893,-2.31797e-05,-0.000943381,1.89719e-05,-0.000815434,0.000121253,7.24669e-05,-1.43527e-05,0.000222924,-0.000387408,-0.000278663,5.29422e-05,0.000276756
0.217996,-7.95958e-05,-2.14058e-05,-2.11026e-05,-0.000124734,1.73045e-05,-0.000131649,-3.64553e-06,-2.15474e-06,-0.00030924,3.90469e-05,0.000719839,0.00133269,4.92928e-05,-0.000157923,8.74018e-05,-0.000685292,-6.99992e-05,3.18285e-05,0.000136031,0.00105336,-2.88854e-05,-2.5774e-05,-7.51837e-06,0.000642618,-0.000147327,-6.0703e-05,-1.97461e-05,7.11096e-07,-0.000823042,-0.000341681,-1.29147e-05,-7.40523e-05,8.85558e-06,-0.000235436,-2.75012e-05,0.000237672,1.77681e-06,0.00038423,-4.42895e-05,0.000246263,2.97375e-05,-0.00651099,3.26486e-05,0.000418067,-1.6738e-05,-9.33114e-06,-1.60931e-06,-5.4863e-05,-1.24283e-05,-9.56162e-05,1.77798e-05,0.000152832,8.6186e-05,4.90332e-05,6.8097e-05,0.00126455,-2.36226e-05,-0.000932511,2.65812e-05,-0.000772624,0.000125805,5.84625e-05,-1.50886e-05,0.000186908,-0.00040882,-0.000236204,5.17737e-05,0.000280022
0.218996,-8.83317e-05,-2.521e-05,-2.09346e-05,-0.000129132,1.9524e-05,-1.43683e-05,-4.1327e-06,7.79287e-06,-0.00036837,6.32594e-05,0.000805482,0.00136189,6.6473e-05,-0.000164698,9.19946e-05,-0.00075094,-6.95139e-05,3.46418e-05,0.000158909,0.00110694,-4.06217e-05,-1.89422e-05,-7.63887e-06,0.000758265,-0.000102233,1.23914e-05,-1.08765e-05,3.76942e-06,-0.000785646,-0.00031218,-4.52478e-05,-8.11344e-05,1.17485e-05,-0.000234546,-8.70655e-07,0.000244993,1.01096e-06,0.000457648,-3.8362e-05,2.64858e-05,2.95359e-05,-0.00578787,3.13485e-05,0.000412748,-1.8076e-05,-1.97347e-05,-2.24044e-06,-4.32391e-05,-1.39341e-05,-8.03656e-05,1.85472e-05,0.000162847,9.56619e-05,5.53103e-05,7.97682e-05,0.00118044,-2.39375e-05,-0.000913811,3.38207e-05,-0.000724392,0.000129806,4.4685e-05,-1.56846e-05,0.000148406,-0.000428082,-0.000188575,5.03804e-05,0.000281489
0.219996,-9.61581e-05,-2.91639e-05,-2.06616e-05,-0.000132205,2.15565e-05,9.95891e-05,-4.54282e-06,1.70348e-05,-0.000427117,8.76922e-05,0.00088735,0.00138266,8.2888e-05,-0.000170227,9.65286e-05,-0.000808359,-6.89035e-05,3.73127e-05,0.000180576,0.00114951,-5.12348e-05,-1.25188e-05,-7.95608e-06,0.000862664,-5.60266e-05,8.35711e-05,-2.1932e-06,6.5836e-06,-0.000742618,-0.000279863,-7.75826e-05,-8.82494e-05,1.44706e-05,-0.000232145,2.56861e-05,0.000250798,2.34356e-07,0.000518595,-3.21829e-05,-0.000186907,2.9093e-05,-0.00501137,2.98922e-05,0.000406532,-1.92994e-05,-2.9884e-05,-2.97099e-06,-3.1511e-05,-1.53755e-05,-6.46407e-05,1.91464e-05,0.000171525,0.000104302,6.12281e-05,9.10046e-05,0.00108876,-2.41211e-05,-0.000888031,4.06366e-05,-0.000671615,0.000133238,3.13797e-05,-1.61394e-05,0.00010785,-0.000445011,-0.000135922,4.8778e-05,0.000281048
0.220996,-0.000103064,-3.32085e-05,-2.02857e-05,-0.00013399,2.3394e-05,0.000209482,-4.8738e-06,2.55536e-05,-0.000485049,0.000112139,0.000964799,0.00139468,9.84328e-05,-0.00017441,0.000100976,-0.00085654,-6.81318e-05,3.98325e-05,0.000200919,0.00118028,-6.06761e-05,-6.55619e-06,-8.43816e-06,0.000955109,-8.98387e-06,0.00015199,6.25705e-06,9.08324e-06,-0.000694086,-0.000244815,-0.000109711,-9.52624e-05,1.70101e-05,-0.000228298,5.20225e-05,0.000255007,-5.49174e-07,0.000567237,-2.5786e-05,-0.000392075,2.84106e-05,-0.00419716,2.82899e-05,0.000399472,-2.0403e-05,-3.97328e-05,-3.78526e-06,-1.97602e-05,-1.67438e-05,-4.8571e-05,1.95755e-05,0.000178791,0.00011205,6.67603e-05,0.000101749,0.000991623,-2.41707e-05,-0.000855941,4.69791e-05,-0.00061517,0.000136084,1.87734e-05,-1.64535e-05,6.571e-05,-0.000459441,-7.84891e-05,4.69818e-05,0.000278604
0.221996,-0.000109049,-3.72767e-05,-1.98094e-05,-0.00013453,2.50296e-05,0.000314662,-5.12463e-06,3.33453e-05,-0.000541727,0.000136388,0.0010372,0.00139767,0.000113007,-0.000177156,0.000105291,-0.000894608,-6.71617e-05,4.2192e-05,0.00021983,0.00119858,-6.89171e-05,-1.10064e-06,-9.0497e-06,0.00103509,3.86182e-05,0.000216866,1.44295e-05,1.12097e-05,-0.000640218,-0.000207147,-0.000141427,-0.000102026,1.93565e-05,-0.000223072,7.79922e-05,0.000257541,-1.33573e-06,0.000603992,-1.92059e-05,-0.000587345,2.74923e-05,-0.00336085,2.65522e-05,0.000391578,-2.1382e-05,-4.9237e-05,-4.66666e-06,-8.06656e-06,-1.80306e-05,-3.22935e-05,1.98337e-05,0.000184576,0.000118852,7.18825e-05,0.000111946,0.000891018,-2.4084e-05,-0.000818315,5.28036e-05,-0.000555919,0.000138328,7.06962e-06,-1.66291e-05,2.24936e-05,-0.000471224,-1.66308e-05,4.50071e-05,0.000274075
0.222996,-0.000114119,-4.12947e-05,-1.9235e-05,-0.000133877,2.64577e-05,0.000414568,-5.29533e-06,4.04178e-05,-0.000596715,0.000160222,0.00110394,0.00139135,0.000126517,-0.00017838,0.000109417,-0.000921846,-6.59566e-05,4.43814e-05,0.000237212,0.00120393,-7.59478e-05,3.80847e-06,-9.75275e-06,0.00110226,8.65043e-05,0.000277489,2.22815e-05,1.29167e-05,-0.000581214,-0.000166994,-0.000172536,-0.000108384,2.15003e-05,-0.000216542,0.00010345,0.000258322,-2.12132e-06,0.000629504,-1.24784e-05,-0.000771228,2.63423e-05,-0.00251765,2.46902e-05,0.000382817,-2.22319e-05,-5.8355e-05,-5.59803e-06,3.49198e-06,-1.92276e-05,-1.59513e-05,1.99221e-05,0.000188827,0.000124669,7.65724e-05,0.000121543,0.000788809,-2.38595e-05,-0.000775919,5.80708e-05,-0.000494689,0.000139955,-3.55604e-06,-1.66703e-05,-2.12684e-05,-0.00048023,4.91874e-05,4.28686e-05,0.000267397
0.223996,-0.00011829,-4.5183e-05,-1.85648e-05,-0.000132088,2.76739e-05,0.000508722,-5.38684e-06,4.67896e-05,-0.000649578,0.000183428,0.00116445,0.00137548,0.000138873,-0.000178009,0.000113282,-0.000937707,-6.44809e-05,4.63898e-05,0.000252971,0.00119598,-8.1776e-05,8.13895e-06,-1.05079e-05,0.00115649,0.000134403,0.000333227,2.97729e-05,1.41701e-05,-0.000517311,-0.000124514,-0.000202845,-0.000114173,2.34335e-05,-0.000208785,0.000128253,0.000257277,-2.90184e-06,0.000644612,-5.63973e-06,-0.000942421,2.49666e-05,-0.00168207,2.27154e-05,0.000373124,-2.29487e-05,-6.70476e-05,-6.56194e-06,1.484e-05,-2.03269e-05,3.0828e-07,1.98431e-05,0.0001915,0.000129464,8.08094e-05,0.000130488,0.000686685,-2.34962e-05,-0.000729495,6.27476e-05,-0.000432261,0.000140954,-1.29592e-05,-1.65828e-05,-6.50281e-05,-0.000486351,0.000118387,4.05805e-05,0.00025852
0.224996,-0.000121584,-4.88581e-05,-1.78015e-05,-0.000129225,2.86749e-05,0.000596725,-5.401e-06,5.24883e-05,-0.000699885,0.000205791,0.00121819,0.00134985,0.000149992,-0.000175982,0.000116809,-0.000941831,-6.2701e-05,4.82047e-05,0.000267022,0.00117459,-8.6425e-05,1.18663e-05,-1.12751e-05,0.00119777,0.00018205,0.000383534,3.68665e-05,1.49483e-05,-0.000448777,-7.9891e-05,-0.000232174,-0.000119228,2.51492e-05,-0.000199881,0.000152261,0.000254335,-3.67305e-06,0.00065031,1.27364e-06,-0.00109982,2.33721e-05,-0.00086762,2.06396e-05,0.000362402,-2.35289e-05,-7.5278e-05,-7.54096e-06,2.59048e-05,-2.13208e-05,1.63355e-05,1.96003e-05,0.000192563,0.000133213,8.45753e-05,0.000138729,0.000586139,-2.2994e-05,-0.000679753,6.68075e-05,-0.000369352,0.000141313,-2.10298e-05,-1.63741e-05,-0.000108231,-0.000489498,0.000190276,3.81567e-05,0.000247419
0.225996,-0.000124031,-5.22344e-05,-1.6948e-05,-0.000125351,2.94588e-05,0.000678244,-5.34042e-06,5.75488e-05,-0.000747219,0.000227106,0.00126464,0.00131427,0.0001598,-0.000172252,0.000119912,-0.00093405,-6.05867e-05,4.98119e-05,0.00027929,0.00113979,-8.99321e-05,1.49738e-05,-1.2015e-05,0.0012263,0.000229187,0.000427953,4.35275e-05,1.52413e-05,-0.000375912,-3.33336e-05,-0.00026035,-0.000123383,2.66417e-05,-0.000189912,0.000175337,0.000249431,-4.43061e-06,0.000647713,8.22562e-06,-0.0012425,2.15672e-05,-8.65545e-05,1.8475e-05,0.000350539,-2.39694e-05,-8.30116e-05,-8.5179e-06,3.66168e-05,-2.22021e-05,3.19803e-05,1.91991e-05,0.000191999,0.0001359,8.78541e-05,0.000146218,0.000488451,-2.23534e-05,-0.000627364,7.02309e-05,-0.00030661,0.000141023,-2.76938e-05,-1.6053e-05,-0.000150324,-0.000489602,0.000264056,3.56106e-05,0.000234086
0.226996,-0.000125663,-5.52258e-05,-1.60073e-05,-0.000120533,3.00249e-05,0.000753009,-5.20845e-06,6.20117e-05,-0.000791171,0.000247176,0.00130334,0.0012686,0.00016823,-0.000166787,0.000122504,-0.000914396,-5.81112e-05,5.11952e-05,0.000289707,0.00109181,-9.23467e-05,1.74532e-05,-1.26897e-05,0.00124237,0.000275565,0.000466119,4.97245e-05,1.50504e-05,-0.000299048,1.4925e-05,-0.000287211,-0.000126479,2.79068e-05,-0.000178967,0.000197348,0.000242507,-5.17004e-06,0.000638017,1.51806e-05,-0.00136977,1.95615e-05,0.000650308,1.62341e-05,0.000337409,-2.42676e-05,-9.02159e-05,-9.47595e-06,4.69101e-05,-2.2964e-05,4.70941e-05,1.86457e-05,0.000189803,0.000137518,9.06323e-05,0.000152906,0.000394677,-2.15757e-05,-0.000572951,7.30051e-05,-0.000244603,0.000140076,-3.29144e-05,-1.56296e-05,-0.000190767,-0.000486616,0.000338827,3.29549e-05,0.000218537
0.227996,-0.000126519,-5.77478e-05,-1.4983e-05,-0.000114841,3.03741e-05,0.000820804,-5.00907e-06,6.59214e-05,-0.000831348,0.000265818,0.00133387,0.00121274,0.000175223,-0.000159574,0.000124499,-0.000883097,-5.52527e-05,5.23362e-05,0.000298213,0.00103106,-9.37284e-05,1.93042e-05,-1.32636e-05,0.00124644,0.000320945,0.000497762,5.54293e-05,1.43873e-05,-0.000218544,6.4628e-05,-0.000312603,-0.000128366,2.89415e-05,-0.000167132,0.000218167,0.000233513,-5.88674e-06,0.000622458,2.2104e-05,-0.00148108,1.7366e-05,0.00133375,1.39295e-05,0.000322885,-2.44217e-05,-9.68611e-05,-1.03989e-05,5.67222e-05,-2.36003e-05,6.15324e-05,1.79477e-05,0.000185984,0.000138069,9.28991e-05,0.000158742,0.000305648,-2.06629e-05,-0.000517085,7.51246e-05,-0.00018382,0.000138466,-3.66921e-05,-1.51155e-05,-0.000229044,-0.000480514,0.000413602,3.02023e-05,0.00020081
0.228996,-0.000126638,-5.97198e-05,-1.3879e-05,-0.000108345,3.05085e-05,0.000881459,-4.74684e-06,6.93248e-05,-0.000867377,0.000282863,0.00135586,0.00114665,0.00018073,-0.000150618,0.000125812,-0.000840577,-5.19945e-05,5.32143e-05,0.000304759,0.00095814,-9.41451e-05,2.05348e-05,-1.37043e-05,0.00123905,0.000365094,0.000522709,6.06173e-05,1.32731e-05,-0.000134786,0.000115495,-0.000336384,-0.000128904,2.97441e-05,-0.0001545,0.000237672,0.00022241,-6.576e-06,0.00060228,2.89621e-05,-0.0015761,1.49933e-05,0.00195626,1.1574e-05,0.000306844,-2.44303e-05,-0.000102919,-1.12714e-05,6.5995e-05,-2.41052e-05,7.51568e-05,1.71139e-05,0.000180565,0.000137564,9.46464e-05,0.00016368,0.000221972,-1.96181e-05,-0.000460287,7.65909e-05,-0.000124665,0.000136188,-3.90644e-05,-1.45227e-05,-0.000264666,-0.000471287,0.000487315,2.73646e-05,0.000180968
0.229996,-0.000126065,-6.10663e-05,-1.27e-05,-0.000101114,3.04314e-05,0.000934844,-4.42679e-06,7.22693e-05,-0.000898903,0.00029816,0.00136898,0.00107033,0.000184712,-0.000139946,0.000126367,-0.000787445,-4.83257e-05,5.38067e-05,0.000309306,0.000873845,-9.36708e-05,2.11611e-05,-1.3983e-05,0.00122085,0.000407793,0.000540879,6.52674e-05,1.17377e-05,-4.81883e-05,0.000167225,-0.000358421,-0.000127975,3.03143e-05,-0.000141163,0.000255747,0.000209173,-7.23301e-06,0.000578696,3.57228e-05,-0.00165468,1.2457e-05,0.00251209,9.18072e-06,0.00028918,-2.4293e-05,-0.000108365,-1.20789e-05,7.46745e-05,-2.44735e-05,8.78368e-05,1.61539e-05,0.000173584,0.000136023,9.5869e-05,0.000167671,0.000144045,-1.8445e-05,-0.000403023,7.74123e-05,-6.74597e-05,0.00013324,-4.01035e-05,-1.38643e-05,-0.000297189,-0.000458947,0.000558842,2.44537e-05,0.000159095
0.230996,-0.000124843,-6.172e-05,-1.1451e-05,-9.32216e-05,3.01478e-05,0.000980865,-4.05436e-06,7.48016e-05,-0.000925591,0.000311577,0.00137298,0.000983874,0.000187143,-0.000127606,0.000126095,-0.000724485,-4.42416e-05,5.40887e-05,0.000311825,0.00077913,-9.23843e-05,2.1207e-05,-1.40755e-05,0.00119258,0.000448827,0.000552284,6.93624e-05,9.81781e-06,4.0813e-05,0.000219495,-0.00037859,-0.000125477,3.06534e-05,-0.000127216,0.000272286,0.00019379,-7.85289e-06,0.000552862,4.23552e-05,-0.00171682,9.77259e-06,0.00299726,6.76265e-06,0.000269807,-2.401e-05,-0.000113174,-1.28076e-05,8.2711e-05,-2.47009e-05,9.94523e-05,1.50782e-05,0.00016509,0.000133475,9.65643e-05,0.000170668,7.20676e-05,-1.71481e-05,-0.000345707,7.76036e-05,-1.24477e-05,0.000129619,-3.99143e-05,-1.31539e-05,-0.000326215,-0.000443522,0.00062702,2.14809e-05,0.000135298
0.231996,-0.000123016,-6.16228e-05,-1.01379e-05,-8.47391e-05,2.9664e-05,0.00101946,-3.63533e-06,7.69661e-05,-0.000947135,0.000323002,0.00136764,0.00088743,0.000188004,-0.000113672,0.000124941,-0.000652638,-3.97439e-05,5.40337e-05,0.000312297,0.000675112,-9.03669e-05,2.07039e-05,-1.39625e-05,0.00115502,0.000487991,0.000557029,7.28891e-05,7.55676e-06,0.000131758,0.000271965,-0.000396776,-0.000121334,3.07641e-05,-0.000112757,0.000287187,0.000176267,-8.43071e-06,0.000525843,4.883e-05,-0.00176269,6.95681e-06,0.00340949,4.33297e-06,0.000248668,-2.35823e-05,-0.000117327,-1.34452e-05,9.006e-05,-2.47836e-05,0.000109895,1.38982e-05,0.000155151,0.000129956,9.6733e-05,0.000172625,6.06218e-06,-1.57328e-05,-0.000288704,7.71853e-05,4.0199e-05,0.000125326,-3.86308e-05,-1.2405e-05,-0.000351401,-0.000425057,0.000690665,1.84575e-05,0.000109707
0.232996,-0.00012063,-6.07278e-05,-8.76685e-06,-7.57394e-05,2.89876e-05,0.00105058,-3.17576e-06,7.88041e-05,-0.000963248,0.000332345,0.00135282,0.000781244,0.000187292,-9.82377e-05,0.000122861,-0.000572987,-3.48405e-05,5.36137e-05,0.000310716,0.000563053,-8.77014e-05,1.96903e-05,-1.36295e-05,0.00110901,0.000525087,0.0005553,7.58382e-05,5.00277e-06,0.000224166,0.000324278,-0.000412873,-0.000115497,3.06505e-05,-9.7883e-05,0.000300361,0.00015663,-8.96155e-06,0.000498597,5.5119e-05,-0.0017926,4.02792e-06,0.0037482,1.9048e-06,0.00022574,-2.30118e-05,-0.000120804,-1.39802e-05,9.66815e-05,-2.47187e-05,0.000119071,1.26258e-05,0.000143845,0.00012551,9.63787e-05,0.000173497,-5.41017e-05,-1.42054e-05,-0.000232335,7.61838e-05,9.03727e-05,0.000120364,-3.64124e-05,-1.16314e-05,-0.000372466,-0.000403611,0.000748601,1.53947e-05,8.24712e-05
0.233996,-0.000117725,-5.90009e-05,-7.34513e-06,-6.62959e-05,2.81274e-05,0.00107421,-2.68191e-06,8.03526e-05,-0.000973675,0.000339536,0.00132841,0.000665652,0.000185015,-8.14229e-05,0.000119825,-0.000486732,-2.95458e-05,5.28e-05,0.000307087,0.000444337,-8.44704e-05,1.8211e-05,-1.30678e-05,0.00105541,0.000559918,0.000547368,7.82046e-05,2.20803e-06,0.000317537,0.000376064,-0.000426784,-0.000107948,3.03185e-05,-8.26935e-05,0.000311726,0.000134926,-9.44057e-06,0.000471952,6.11958e-05,-0.001807,1.00567e-06,0.0040143,-5.08761e-07,0.00020104,-2.23013e-05,-0.000123589,-1.44025e-05,0.000102541,-2.45039e-05,0.0001269,1.12735e-05,0.000131264,0.000120186,9.55076e-05,0.000173242,-0.000108682,-1.25727e-05,-0.000176878,7.46301e-05,0.000138021,0.000114737,-3.34394e-05,-1.08466e-05,-0.000389194,-0.000379257,0.000799684,1.23033e-05,5.37577e-05
0.234996,-0.000114345,-5.64224e-05,-5.88048e-06,-5.64828e-05,2.70935e-05,0.00109037,-2.1602e-06,8.16437e-05,-0.000978187,0.000344529,0.0012944,0.000541093,0.000181195,-6.33701e-05,0.000115821,-0.000395166,-2.388e-05,5.15634e-05,0.000301426,0.000320449,-8.07547e-05,1.6317e-05,-1.22736e-05,0.000995098,0.000592294,0.000533573,7.99873e-05,-7.72385e-07,0.000411352,0.000426941,-0.000438417,-9.86976e-05,2.97753e-05,-6.72881e-05,0.000321209,0.000111227,-9.86299e-06,0.000446597,6.70345e-05,-0.00180645,-2.08879e-06,0.00421009,-2.89473e-06,0.000174623,-2.14546e-05,-0.000125669,-1.47032e-05,0.000107608,-2.41379e-05,0.00013332,9.8543e-06,0.000117515,0.000114041,9.41293e-05,0.00017182,-0.000158037,-1.08425e-05,-0.000122575,7.25596e-05,0.000183135,0.000108451,-2.99075e-05,-1.00635e-05,-0.000401439,-0.000352081,0.000842822,9.19433e-06,2.37523e-05
0.235996,-0.000110527,-5.29873e-05,-4.38134e-06,-4.63753e-05,2.58974e-05,0.00109908,-1.61712e-06,8.27038e-05,-0.000976583,0.000347294,0.00125079,0.000408111,0.000175865,-4.42442e-05,0.000110853,-0.000299654,-1.78686e-05,4.98754e-05,0.000293762,0.000192955,-7.66331e-05,1.40642e-05,-1.1249e-05,0.000928974,0.000622022,0.000514328,8.11896e-05,-3.88154e-06,0.000505077,0.000476519,-0.000447688,-8.7791e-05,2.90299e-05,-5.17665e-05,0.00032875,8.56287e-05,-1.02243e-05,0.000423071,7.26105e-05,-0.00179162,-5.23293e-06,0.00433911,-5.24028e-06,0.00014659,-2.04763e-05,-0.000127032,-1.48748e-05,0.000111859,-2.36203e-05,0.000138285,8.38142e-06,0.000102714,0.000107136,9.22558e-05,0.000169197,-0.000202596,-9.02317e-06,-6.96399e-05,7.0011e-05,0.000225739,0.000101514,-2.60229e-05,-9.29455e-06,-0.000409125,-0.000322177,0.000877011,6.07868e-06,-7.34488e-06
0.236996,-0.000106307,-4.87068e-05,-2.85676e-06,-3.60493e-05,2.45513e-05,0.00110039,-1.05923e-06,8.35536e-05,-0.000968692,0.00034782,0.00119769,0.000267367,0.000169074,-2.42314e-05,0.00010494,-0.000201602,-1.15422e-05,4.77085e-05,0.000284138,6.34724e-05,-7.21806e-05,1.15134e-05,-1.00008e-05,0.000857914,0.000648914,0.000490099,8.18189e-05,-7.06163e-06,0.00059816,0.000524405,-0.000454521,-7.53059e-05,2.80929e-05,-3.62281e-05,0.000334299,5.82533e-05,-1.052e-05,0.000401763,7.78993e-05,-0.00176327,-8.40297e-06,0.00440587,-7.53281e-06,0.000117082,-1.93721e-05,-0.00012767,-1.4911e-05,0.000115275,-2.29513e-05,0.000141768,6.86826e-06,8.69897e-05,9.95333e-05,8.99021e-05,0.000165343,-0.000242835,-7.12383e-06,-1.82585e-05,6.7026e-05,0.000265881,9.39388e-05,-2.19963e-05,-8.55102e-06,-0.000412248,-0.000289653,0.000901354,2.96723e-06,-3.93203e-05
0.237996,-0.000101719,-4.3608e-05,-1.31637e-06,-2.55821e-05,2.30687e-05,0.00109438,-4.93062e-07,8.42077e-05,-0.000954375,0.000346113,0.00113524,0.000119637,0.000160884,-3.53669e-06,9.81197e-05,-0.000102434,-4.93529e-06,4.50375e-05,0.000272607,-6.63541e-05,-6.74683e-05,8.72884e-06,-8.54094e-06,0.000782784,0.000672776,0.000461406,8.18865e-05,-1.02548e-05,0.000690039,0.000570203,-0.000458842,-6.13527e-05,2.69763e-05,-2.07713e-05,0.000337815,2.92508e-05,-1.07463e-05,0.00038291,8.28769e-05,-0.00172222,-1.1574e-05,0.00441574,-9.75999e-06,8.62858e-05,-1.81484e-05,-0.000127578,-1.48073e-05,0.000117844,-2.21325e-05,0.00014376,5.3283e-06,7.04817e-05,9.13025e-05,8.70853e-05,0.000160233,-0.000279248,-5.15412e-06,3.14019e-05,6.36484e-05,0.000303618,8.57387e-05,-1.80376e-05,-7.84325e-06,-0.000410871,-0.000254624,0.000915085,-1.29071e-07,-7.19497e-05
0.238996,-9.67933e-05,-3.77347e-05,2.29695e-07,-1.50518e-05,2.14639e-05,0.00108115,7.49193e-08,8.4675e-05,-0.000933523,0.000342192,0.00106363,-3.41849e-05,0.000151368,1.76182e-05,9.04432e-05,-3.56469e-06,1.91458e-06,4.18402e-05,0.000259237,-0.00019488,-6.25626e-05,5.77775e-06,-6.88598e-06,0.000704423,0.000693415,0.000428808,8.14079e-05,-1.34041e-05,0.000780138,0.00061352,-0.000460588,-4.60736e-05,2.56938e-05,-5.49285e-06,0.000339273,-1.2015e-06,-1.08995e-05,0.000366609,8.75187e-05,-0.00166939,-1.472e-05,0.00437465,-1.19099e-05,5.44232e-05,-1.68128e-05,-0.000126754,-1.45603e-05,0.000119556,-2.11659e-05,0.000144271,3.77494e-06,5.33376e-05,8.25133e-05,8.38254e-05,0.000153851,-0.000312322,-3.1243e-06,7.91894e-05,5.99234e-05,0.000339009,7.6931e-05,-1.43501e-05,-7.18029e-06,-0.000405126,-0.000217213,0.000917599,-3.19931e-06,-0.000105
0.239996,-9.15572e-05,-3.11464e-05,1.77089e-06,-4.5376e-06,1.97517e-05,0.00106085,6.38336e-07,8.49586e-05,-0.000906061,0.000336086,0.000983132,-0.000193086,0.000140615,3.89981e-05,8.19773e-05,9.36269e-05,8.96751e-06,3.80985e-05,0.000244107,-0.000320489,-5.75249e-05,2.72956e-06,-5.05643e-06,0.000623643,0.000710631,0.000392897,8.04023e-05,-1.6454e-05,0.000867872,0.00065397,-0.000459698,-2.96407e-05,2.42605e-05,9.51262e-06,0.000338655,-3.28988e-05,-1.09765e-05,0.000352823,9.17995e-05,-0.0016057,-1.78142e-05,0.00428896,-1.39708e-05,2.17533e-05,-1.53736e-05,-0.000125198,-1.41686e-05,0.000120409,-2.00548e-05,0.000143326,2.22144e-06,3.57127e-05,7.32371e-05,8.01443e-05,0.000146192,-0.000342518,-1.04507e-06,0.000124963,5.58968e-05,0.000372104,6.75359e-05,-1.11248e-05,-6.56979e-06,-0.000395207,-0.000177554,0.000908464,-6.23255e-06,-0.00013823
0.240996,-8.60353e-05,-2.39181e-05,3.29637e-06,5.88049e-06,1.79478e-05,0.00103364,1.19096e-06,8.50565e-05,-0.000871945,0.00032783,0.000894064,-0.00035594,0.000128723,6.03576e-05,7.28019e-05,0.00018782,1.61825e-05,3.37993e-05,0.00022731,-0.000441616,-5.24114e-05,-3.45029e-07,-3.07641e-06,0.000541216,0.000724226,0.000354285,7.88927e-05,-1.93512e-05,0.000952646,0.000691176,-0.00045612,-1.2253e-05,2.26929e-05,2.41534e-05,0.000335959,-6.56096e-05,-1.09748e-05,0.000341394,9.56933e-05,-0.00153215,-2.08292e-05,0.00416519,-1.59318e-05,-1.14349e-05,-1.38401e-05,-0.000122915,-1.3632e-05,0.000120408,-1.88034e-05,0.000140973,6.80767e-07,1.77684e-05,6.35464e-05,7.60657e-05,0.000137259,-0.000370251,1.0724e-06,0.000168589,5.16148e-05,0.000402936,5.75777e-05,-8.53608e-06,-6.01793e-06,-0.000381366,-0.000135787,0.000887441,-9.21789e-06,-0.000171397
0.241996,-8.02497e-05,-1.6139e-05,4.79509e-06,1.61219e-05,1.60682e-05,0.000999726,1.72675e-06,8.49622e-05,-0.000831167,0.000317466,0.000796795,-0.000521511,0.000115804,8.14447e-05,6.30082e-05,0.000277774,2.35182e-05,2.89356e-05,0.000208951,-0.000556776,-4.72729e-05,-3.37483e-06,-9.73059e-07,0.000457877,0.000733995,0.000313595,7.69055e-05,-2.20454e-05,0.00103386,0.000724776,-0.000449806,5.86621e-06,2.10088e-05,3.83414e-05,0.000331193,-9.90771e-05,-1.08925e-05,0.000332064,9.91723e-05,-0.00144973,-2.37374e-05,0.00400988,-1.77823e-05,-4.48277e-05,-1.22222e-05,-0.000119913,-1.29521e-05,0.000119561,-1.74166e-05,0.000137272,-8.34502e-07,-3.29347e-07,5.35139e-05,7.16152e-05,0.000127066,-0.000395876,3.21659e-06,0.000209938,4.71229e-05,0.000431515,4.70843e-05,-6.73625e-06,-5.52928e-06,-0.000363904,-9.20643e-05,0.000854501,-1.21445e-05,-0.00020425
0.242996,-7.42201e-05,-7.91138e-06,6.2559e-06,2.61058e-05,1.41292e-05,0.000959362,2.23989e-06,8.4665e-05,-0.000783752,0.000305033,0.000691753,-0.000688463,0.000101979,0.000102006,5.26971e-05,0.00036235,3.09342e-05,2.35073e-05,0.000189146,-0.000664588,-4.21549e-05,-6.28894e-06,1.22413e-06,0.000374317,0.000739735,0.00027145,7.44704e-05,-2.44893e-05,0.00111092,0.000754425,-0.000440719,2.4474e-05,1.9227e-05,5.19925e-05,0.000324377,-0.000133021,-1.07283e-05,0.000324485,0.000102207,-0.00135948,-2.65109e-05,0.0038294,-1.95123e-05,-7.80932e-05,-1.05307e-05,-0.000116202,-1.21322e-05,0.000117883,-1.59003e-05,0.000132301,-2.31226e-06,-1.84118e-05,4.32119e-05,6.68201e-05,0.000115641,-0.000419677,5.37567e-06,0.000248884,4.24658e-05,0.000457824,3.60879e-05,-5.85213e-06,-5.10679e-06,-0.000343169,-4.65456e-05,0.000809826,-1.50015e-05,-0.000236539
0.243996,-6.79644e-05,6.51254e-07,7.66773e-06,3.57518e-05,1.21472e-05,0.000912836,2.72484e-06,8.41513e-05,-0.000729765,0.000290572,0.000579416,-0.000855373,8.73793e-05,0.000121789,4.19772e-05,0.000440526,3.83917e-05,1.75223e-05,0.000168023,-0.00076379,-3.70978e-05,-9.01757e-06,3.4839e-06,0.00029118,0.000741242,0.000228466,7.162e-05,-2.66399e-05,0.00118321,0.000779798,-0.000428827,4.3312e-05,1.73674e-05,6.50277e-05,0.000315544,-0.000167141,-1.04819e-05,0.000318247,0.000104767,-0.0012624,-2.91219e-05,0.00362978,-2.11125e-05,-0.000110889,-8.77702e-06,-0.000111798,-1.11771e-05,0.000115392,-1.42616e-05,0.00012615,-3.74096e-06,-3.63094e-05,3.27123e-05,6.17084e-05,0.000103026,-0.000441859,7.53758e-06,0.000285302,3.76867e-05,0.000481815,2.46251e-05,-5.9815e-06,-4.75174e-06,-0.000319541,5.96552e-07,0.000753821,-1.77784e-05,-0.000268015
0.244996,-6.14992e-05,9.42598e-06,9.01967e-06,4.49803e-05,1.01387e-05,0.000860483,3.17635e-06,8.34051e-05,-0.000669305,0.000274115,0.000460315,-0.00102074,7.21426e-05,0.000140548,3.09622e-05,0.00051141,4.58545e-05,1.09971e-05,0.000145722,-0.000853267,-3.21372e-05,-1.14928e-05,5.77391e-06,0.000209068,0.000738318,0.00018524,6.83895e-05,-2.84583e-05,0.00125013,0.000800598,-0.00041411,6.21113e-05,1.54506e-05,7.7373e-05,0.000304738,-0.000201118,-1.01536e-05,0.000312892,0.000106817,-0.00115953,-3.15435e-05,0.0034166,-2.25745e-05,-0.000142867,-6.97302e-06,-0.00010672,-1.00935e-05,0.000112115,-1.25081e-05,0.000118924,-5.10973e-06,-5.38533e-05,2.20858e-05,5.63096e-05,8.92772e-05,-0.000462547,9.69006e-06,0.000319067,3.28271e-05,0.00050341,1.27375e-05,-7.19053e-06,-4.46378e-06,-0.00029343,4.91773e-05,0.000687109,-2.04647e-05,-0.000298425
0.245996,-5.48402e-05,1.82827e-05,1.03011e-05,5.3713e-05,8.11985e-06,0.000802686,3.58951e-06,8.24089e-05,-0.000602513,0.000255692,0.00033503,-0.00118302,5.64144e-05,0.00015805,1.97692e-05,0.000574254,5.32893e-05,3.95747e-06,0.000122392,-0.000932061,-2.73038e-05,-1.36491e-05,8.06136e-06,0.000128536,0.000730771,0.000142338,6.48168e-05,-2.99101e-05,0.0013111,0.000816554,-0.000396557,8.0598e-05,1.34977e-05,8.89608e-05,0.000292016,-0.00023462,-9.74481e-06,0.000307937,0.000108324,-0.00105186,-3.37493e-05,0.00319489,-2.38904e-05,-0.000173684,-5.13119e-06,-0.00010099,-8.88953e-06,0.000108081,-1.06483e-05,0.000110737,-6.40842e-06,-7.08776e-05,1.14024e-05,5.06538e-05,7.44657e-05,-0.000481783,1.18208e-05,0.000350058,2.79265e-05,0.000522499,4.71301e-07,-9.51204e-06,-4.24094e-06,-0.00026526,9.89974e-05,0.000610523,-2.30501e-05,-0.000327521
0.246996,-4.80026e-05,2.70864e-05,1.15019e-05,6.18743e-05,6.10657e-06,0.000739873,3.9598e-06,8.11446e-05,-0.000529568,0.000235321,0.000204192,-0.00134061,4.03446e-05,0.000174076,8.51646e-06,0.000628461,6.06666e-05,-3.56083e-06,9.81902e-05,-0.000999383,-2.2624e-05,-1.54246e-05,1.03136e-05,5.0093e-05,0.000718421,0.000100296,6.09413e-05,-3.09664e-05,0.00136552,0.000827426,-0.000376172,9.84984e-05,1.15301e-05,9.97295e-05,0.000277443,-0.000267303,-9.25758e-06,0.00030289,0.000109248,-0.000940388,-3.57143e-05,0.00296903,-2.50534e-05,-0.000203007,-3.26432e-06,-9.4635e-05,-7.57499e-06,0.000103326,-8.69174e-06,0.000101711,-7.62767e-06,-8.7221e-05,7.30639e-07,4.47714e-05,5.86782e-05,-0.000499534,1.39173e-05,0.000378156,2.30221e-05,0.000538946,-1.21219e-05,-1.29446e-05,-4.07971e-06,-0.000235469,0.000149842,0.0005251,-2.55249e-05,-0.000355054
0.247996,-4.10019e-05,3.56999e-05,1.26125e-05,6.93913e-05,4.11428e-06,0.000672517,4.28312e-06,7.95946e-05,-0.000450695,0.000213013,6.84796e-05,-0.00149191,2.40864e-05,0.000188426,-2.67909e-06,0.000673587,6.79607e-05,-1.15118e-05,7.32835e-05,-0.00105463,-1.81202e-05,-1.67608e-05,1.24989e-05,-2.57943e-05,0.000701104,5.96016e-05,5.68044e-05,-3.16035e-05,0.00141283,0.00083301,-0.000352971,0.000115545,9.56944e-06,0.000109625,0.000261099,-0.00029882,-8.69499e-06,0.000297274,0.000109553,-0.000826065,-3.74148e-05,0.00274275,-2.60574e-05,-0.000230521,-1.38548e-06,-8.76857e-05,-6.16119e-06,9.78886e-05,-6.64849e-06,9.1977e-05,-8.75901e-06,-0.000102729,-9.86143e-06,3.86935e-05,4.20168e-05,-0.000515696,1.59671e-05,0.000403246,1.81486e-05,0.00055259,-2.49853e-05,-1.74527e-05,-3.97512e-06,-0.000204494,0.000201477,0.00043206,-2.78793e-05,-0.000380779
0.248996,-3.38543e-05,4.39862e-05,1.3624e-05,7.61953e-05,2.15777e-06,0.000601138,4.55579e-06,7.77421e-05,-0.000366161,0.00018877,-7.13807e-05,-0.00163532,7.79393e-06,0.000200926,-1.37034e-05,0.000709343,7.51498e-05,-1.98389e-05,4.78451e-05,-0.00109738,-1.3811e-05,-1.76042e-05,1.45867e-05,-9.87031e-05,0.000678679,2.06952e-05,5.24487e-05,-3.18035e-05,0.00145247,0.000833135,-0.000326985,0.000131481,7.63677e-06,0.000118598,0.000243072,-0.000328823,-8.06094e-06,0.000290635,0.000109196,-0.000709823,-3.88291e-05,0.00251903,-2.68975e-05,-0.000255931,4.92115e-07,-8.01766e-05,-4.6609e-06,9.18145e-05,-4.52944e-06,8.16686e-05,-9.79485e-06,-0.000117254,-2.03067e-05,3.24512e-05,2.45985e-05,-0.000530105,1.7958e-05,0.00042522,1.33383e-05,0.000563257,-3.8057e-05,-2.29671e-05,-3.92087e-06,-0.000172762,0.00025365,0.000332786,-3.01042e-05,-0.000404453
0.249996,-2.65772e-05,5.18111e-05,1.45282e-05,8.22224e-05,2.5108e-07,0.000526292,4.77463e-06,7.55724e-05,-0.00027628,0.000162586,-0.000214616,-0.00176926,-8.37901e-06,0.000211427,-2.44475e-05,0.000735597,8.22158e-05,-2.84753e-05,2.20538e-05,-0.0011274,-9.71189e-06,-1.79063e-05,1.65483e-05,-0.000168252,0.000651033,-1.60383e-05,4.79175e-05,-3.15545e-05,0.00148392,0.000827671,-0.000298264,0.000146067,5.75277e-06,0.000126611,0.00022346,-0.000356966,-7.3602e-06,0.000282564,0.000108137,-0.000592554,-3.99378e-05,0.00230019,-2.75694e-05,-0.000278976,2.35521e-06,-7.2146e-05,-3.08816e-06,8.51519e-05,-2.34612e-06,7.09227e-05,-1.07286e-05,-0.000130661,-3.05385e-05,2.60754e-05,6.55457e-06,-0.000542548,1.98776e-05,0.000443983,8.62081e-06,0.000570759,-5.12698e-05,-2.93873e-05,-3.90946e-06,-0.000140687,0.000306087,0.000228798,-3.21909e-05,-0.000425836
0.250996,-1.91897e-05,5.90461e-05,1.53179e-05,8.74145e-05,-1.59259e-06,0.000448577,4.93696e-06,7.30732e-05,-0.000181413,0.00013445,-0.000360408,-0.00189223,-2.42812e-05,0.000219808,-3.48086e-05,0.000752364,8.91438e-05,-3.73438e-05,-3.9074e-06,-0.00114465,-5.83516e-06,-1.7624e-05,1.83574e-05,-0.0002341,0.000618086,-5.02732e-05,4.32547e-05,-3.08506e-05,0.00150667,0.000816526,-0.000266877,0.000159085,3.93721e-06,0.00013363,0.000202372,-0.000382916,-6.59833e-06,0.000272705,0.000106337,-0.000475114,-4.07238e-05,0.00208784,-2.80702e-05,-0.000299424,4.19064e-06,-6.36361e-05,-1.45821e-06,7.79536e-05,-1.10657e-07,5.98765e-05,-1.15546e-05,-0.000142823,-4.04903e-05,1.95971e-05,-1.19707e-05,-0.000552775,2.17138e-05,0.00045945,4.02334e-06,0.000574907,-6.45515e-05,-3.65835e-05,-3.93235e-06,-0.000108662,0.000358491,0.000121724,-3.4131e-05,-0.000444691
0.251996,-1.17129e-05,6.55705e-05,1.5987e-05,9.172e-05,-3.36103e-06,0.000368617,5.04066e-06,7.02355e-05,-8.19716e-05,0.00010435,-0.000507894,-0.00200279,-3.97658e-05,0.000225985,-4.46922e-05,0.000759801,9.59216e-05,-4.63574e-05,-2.98529e-05,-0.00114926,-2.19043e-06,-1.67207e-05,1.99905e-05,-0.000295944,0.000579798,-8.17453e-05,3.8504e-05,-2.96926e-05,0.00152027,0.000799648,-0.000232911,0.000170343,2.2087e-06,0.00013963,0.000179924,-0.000406351,-5.78159e-06,0.000260764,0.000103754,-0.000358317,-4.1173e-05,0.00188298,-2.83978e-05,-0.000317084,5.98543e-06,-5.46931e-05,2.12714e-07,7.02758e-05,2.16428e-06,4.86656e-05,-1.22682e-05,-0.000153631,-5.00953e-05,1.3047e-05,-3.08214e-05,-0.000560517,2.34547e-05,0.000471552,-4.29426e-07,0.000575521,-7.78248e-05,-4.44e-05,-3.98012e-06,-7.70484e-05,0.000410544,1.32668e-05,-3.59168e-05,-0.000460784
0.252996,-4.17024e-06,7.12741e-05,1.65302e-05,9.50947e-05,-5.04305e-06,0.000287066,5.08413e-06,6.70536e-05,2.15835e-05,7.22738e-05,-0.000656169,-0.00209962,-5.46919e-05,0.000229902,-5.40126e-05,0.000758198,0.000102538,-5.54198e-05,-5.55961e-05,-0.00114154,1.21508e-06,-1.51665e-05,2.14268e-05,-0.000353519,0.000536176,-0.000110254,3.37089e-05,-2.80876e-05,0.00152429,0.000777029,-0.000196478,0.000179678,5.84352e-07,0.000144594,0.000156242,-0.000426969,-4.91691e-06,0.000246519,0.000100352,-0.000242931,-4.1274e-05,0.00168603,-2.85512e-05,-0.000331805,7.72692e-06,-4.53661e-05,1.90759e-06,6.21783e-05,4.46555e-06,3.74218e-05,-1.28659e-05,-0.000162985,-5.92866e-05,6.4551e-06,-4.98319e-05,-0.000565497,2.50886e-05,0.000480239,-4.71517e-06,0.000572432,-9.10084e-05,-5.26593e-05,-4.04268e-06,-4.61776e-05,0.0004619,-9.48337e-05,-3.75411e-05,-0.000473888
0.253996,3.41211e-06,7.60592e-05,1.69435e-05,9.7503e-05,-6.6286e-06,0.000204595,5.0664e-06,6.35261e-05,0.000128739,3.82162e-05,-0.000804284,-0.00218151,-6.89267e-05,0.000231541,-6.26943e-05,0.000747964,0.000108984,-6.44267e-05,-8.09512e-05,-0.00112198,4.37637e-06,-1.29384e-05,2.26492e-05,-0.000406595,0.000487279,-0.000135661,2.89119e-05,-2.60493e-05,0.00151835,0.000748699,-0.000157711,0.000186961,-9.20476e-07,0.000148512,0.000131458,-0.000444493,-4.01172e-06,0.000229821,9.60976e-05,-0.000129683,-4.10191e-05,0.00149692,-2.85306e-05,-0.000343478,9.40287e-06,-3.57082e-05,3.60879e-06,5.37235e-05,6.77963e-06,2.62721e-05,-1.33451e-05,-0.000170804,-6.79964e-05,-1.48598e-07,-6.88291e-05,-0.000567445,2.6604e-05,0.000485483,-8.81382e-06,0.000565498,-0.000104017,-6.11665e-05,-4.10945e-06,-1.63425e-05,0.000512193,-0.000200834,-3.8997e-05,-0.000483779
0.254996,1.10054e-05,7.98425e-05,1.7224e-05,9.89178e-05,-8.1088e-06,0.000121885,4.98705e-06,5.96557e-05,0.000238931,2.18513e-06,-0.000951254,-0.00224743,-8.23464e-05,0.000230918,-7.06724e-05,0.000729615,0.000115248,-7.32664e-05,-0.000105735,-0.00109119,7.29037e-06,-1.0021e-05,2.36438e-05,-0.00045498,0.000433223,-0.000157892,2.41541e-05,-2.35981e-05,0.00150214,0.000714731,-0.000116768,0.000192098,-2.29249e-06,0.000151381,0.000105711,-0.000458673,-3.07388e-06,0.000210596,9.09609e-05,-1.92502e-05,-4.04035e-05,0.00131517,-2.83369e-05,-0.000352035,1.10016e-05,-2.57752e-05,5.29832e-06,4.49765e-05,9.09265e-06,1.53362e-05,-1.37043e-05,-0.000177023,-7.61562e-05,-6.73481e-06,-8.76346e-05,-0.000566112,2.79899e-05,0.000487281,-1.27075e-05,0.000554607,-0.000116761,-6.97138e-05,-4.16956e-06,1.22033e-05,0.000561034,-0.000303028,-4.02787e-05,-0.000490244
0.255996,1.85781e-05,8.25569e-05,1.737e-05,9.93219e-05,-9.47596e-06,3.9621e-05,4.8463e-06,5.54494e-05,0.000351543,-3.57931e-05,-0.00109606,-0.00229649,-9.48382e-05,0.00022808,-7.78929e-05,0.000703762,0.000121316,-8.18212e-05,-0.000129768,-0.00104992,9.95585e-06,-6.4072e-06,2.44004e-05,-0.000498513,0.000374183,-0.000176931,1.94753e-05,-2.07607e-05,0.00147538,0.000675237,-7.38285e-05,0.000195031,-3.5207e-06,0.000153205,7.91463e-05,-0.000469288,-2.11149e-06,0.000188846,8.49191e-05,8.77364e-05,-3.94264e-05,0.00114001,-2.79724e-05,-0.000357456,1.2512e-05,-1.56258e-05,6.95806e-06,3.60046e-05,1.13905e-05,4.72553e-06,-1.3943e-05,-0.000181592,-8.36967e-05,-1.32747e-05,-0.000106068,-0.000561285,2.92356e-05,0.000485655,-1.63802e-05,0.000539689,-0.000129149,-7.80866e-05,-4.21206e-06,3.92472e-05,0.000608012,-0.000399782,-4.13805e-05,-0.000493078
0.256996,2.60959e-05,8.41526e-05,1.7381e-05,9.87077e-05,-1.07237e-05,-4.15175e-05,4.64497e-06,5.09188e-05,0.000465906,-7.56664e-05,-0.00123763,-0.002328,-0.000106301,0.000223108,-8.43131e-05,0.00067109,0.000127172,-8.99693e-05,-0.000152876,-0.000999053,1.23732e-05,-2.09786e-06,2.49125e-05,-0.00053707,0.000310403,-0.000192816,1.49129e-05,-1.75701e-05,0.00143789,0.00063037,-2.91e-05,0.000195739,-4.59662e-06,0.000153995,5.19144e-05,-0.000476155,-1.13284e-06,0.000164643,7.79569e-05,0.000190694,-3.80902e-05,0.000970413,-2.74404e-05,-0.00035976,1.39237e-05,-5.32134e-06,8.57004e-06,2.68764e-05,1.3659e-05,-5.45784e-06,-1.40619e-05,-0.00018448,-9.05483e-05,-1.97399e-05,-0.00012395,-0.000552792,3.03306e-05,0.000480653,-1.98179e-05,0.000520716,-0.000141088,-8.60681e-05,-4.22614e-06,6.46182e-05,0.000652697,-0.000489573,-4.22977e-05,-0.000492086
0.257996,3.35221e-05,8.45982e-05,1.72576e-05,9.70781e-05,-1.18467e-05,-0.000120865,4.38452e-06,4.60798e-05,0.000581305,-0.00011735,-0.0013749,-0.00234147,-0.000116646,0.000216113,-8.99014e-05,0.000632345,0.000132793,-9.7586e-05,-0.000174896,-0.000939539,1.45444e-05,2.89729e-06,2.51771e-05,-0.000570558,0.00024219,-0.00020564,1.05019e-05,-1.40653e-05,0.00138953,0.000580319,1.71873e-05,0.000194241,-5.5145e-06,0.000153768,2.41699e-05,-0.000479124,-1.46173e-07,0.000138129,7.00679e-05,0.000289087,-3.64011e-05,0.00080527,-2.67451e-05,-0.000359006,1.52272e-05,5.07468e-06,1.01167e-05,1.76618e-05,1.58838e-05,-1.51225e-05,-1.40623e-05,-0.000185674,-9.66411e-05,-2.61027e-05,-0.000141103,-0.00054052,3.12653e-05,0.000472355,-2.30082e-05,0.000497715,-0.000152482,-9.34448e-05,-4.20129e-06,8.8186e-05,0.000694646,-0.000571018,-4.3026e-05,-0.000487093
0.258996,4.08177e-05,8.38815e-05,1.70018e-05,9.44467e-05,-1.2841e-05,-0.00019778,4.06699e-06,4.09526e-05,0.000696975,-0.00016072,-0.00150675,-0.00233659,-0.000125799,0.000207232,-9.46371e-05,0.000588318,0.000138151,-0.000104546,-0.00019567,-0.000872419,1.64727e-05,8.55958e-06,2.51949e-05,-0.000598919,0.000169922,-0.000215537,6.2745e-06,-1.02912e-05,0.00133025,0.00052531,6.47796e-05,0.000190589,-6.27138e-06,0.000152549,-3.92892e-06,-0.000478086,8.40411e-07,0.000109502,6.12562e-05,0.000382429,-3.43687e-05,0.00064342,-2.58917e-05,-0.000355292,1.64138e-05,1.5497e-05,1.1581e-05,8.43138e-06,1.80504e-05,-2.41882e-05,-1.39467e-05,-0.000185178,-0.000101906,-3.23356e-05,-0.000157359,-0.000524414,3.20301e-05,0.000460867,-2.59404e-05,0.000470767,-0.000163238,-0.000100012,-4.12753e-06,0.000109859,0.000733404,-0.000642913,-4.35618e-05,-0.000477939
0.259996,4.79418e-05,8.20091e-05,1.66166e-05,9.08373e-05,-1.3704e-05,-0.000271648,3.69503e-06,3.55614e-05,0.000812107,-0.000205605,-0.00163205,-0.00231328,-0.0001337,0.000196625,-9.85097e-05,0.000539831,0.000143208,-0.000110724,-0.000215053,-0.000798782,1.81629e-05,1.48611e-05,2.497e-05,-0.000622126,9.40432e-05,-0.000222683,2.25975e-06,-6.29754e-06,0.00126009,0.000465604,0.0001134,0.000184872,-6.86725e-06,0.000150364,-3.22209e-05,-0.000472969,1.81911e-06,7.90147e-05,5.15375e-05,0.000470284,-3.20061e-05,0.000483759,-2.48863e-05,-0.000348749,1.74757e-05,2.58788e-05,1.2947e-05,-7.4433e-07,2.01449e-05,-3.25867e-05,-1.37186e-05,-0.000183014,-0.000106274,-3.84118e-05,-0.000172556,-0.000504486,3.26164e-05,0.000446325,-2.86053e-05,0.00044001,-0.00017326,-0.00010558,-3.99558e-06,0.000129583,0.000768512,-0.00070425,-4.39023e-05,-0.000464489
0.260996,5.48521e-05,7.90067e-05,1.61061e-05,8.62843e-05,-1.44339e-05,-0.000341895,3.27186e-06,2.99338e-05,0.000925855,-0.000251782,-0.00174967,-0.00227166,-0.0001403,0.000184471,-0.000101518,0.000487715,0.00014792,-0.000115999,-0.000232913,-0.000719748,1.9621e-05,2.17645e-05,2.45096e-05,-0.000640187,1.50638e-05,-0.000227283,-1.51674e-06,-2.13885e-06,0.00117914,0.000401492,0.000162752,0.000177207,-7.30505e-06,0.000147249,-6.05431e-05,-0.000463739,2.78255e-06,4.69616e-05,4.09407e-05,0.00055226,-2.93296e-05,0.000325307,-2.37361e-05,-0.000339539,1.84064e-05,3.61525e-05,1.41998e-05,-9.7952e-06,2.21529e-05,-4.02617e-05,-1.33822e-05,-0.000179221,-0.000109681,-4.43049e-05,-0.000186548,-0.000480819,3.30159e-05,0.000428892,-3.09951e-05,0.000405643,-0.000182458,-0.000109976,-3.79704e-06,0.000147336,0.000799508,-0.000754243,-4.40451e-05,-0.000446636
0.261996,6.15053e-05,7.49186e-05,1.54755e-05,8.08322e-05,-1.50304e-05,-0.000407992,2.80128e-06,2.41011e-05,0.00103734,-0.000298969,-0.00185845,-0.00221206,-0.000145567,0.000170966,-0.000103672,0.000432806,0.000152229,-0.000120254,-0.000249129,-0.00063645,2.08543e-05,2.92229e-05,2.38242e-05,-0.00065314,-6.64447e-05,-0.000229568,-5.03307e-06,2.12645e-06,0.00108763,0.000333298,0.000212517,0.000167744,-7.59062e-06,0.000143241,-8.87313e-05,-0.000450403,3.72392e-06,1.36717e-05,2.95085e-05,0.000628019,-2.63584e-05,0.000167275,-2.24489e-05,-0.000327849,1.92e-05,4.62497e-05,1.53257e-05,-1.86521e-05,2.40609e-05,-4.71689e-05,-1.29425e-05,-0.000173855,-0.000112064,-4.99888e-05,-0.000199201,-0.000453564,3.32213e-05,0.000408759,-3.31035e-05,0.000367919,-0.000190742,-0.00011305,-3.52452e-06,0.000163124,0.000825941,-0.000792347,-4.39888e-05,-0.000424307
0.262996,6.78578e-05,6.98063e-05,1.4731e-05,7.45351e-05,-1.5494e-05,-0.000469462,2.28757e-06,1.80972e-05,0.00114564,-0.000346822,-0.00195727,-0.00213499,-0.000149481,0.000156312,-0.000104985,0.00037592,0.000156069,-0.000123381,-0.000263597,-0.00055001,2.18711e-05,3.71798e-05,2.29268e-05,-0.000661056,-0.000149854,-0.000229785,-8.27123e-06,6.43679e-06,0.000985833,0.000261372,0.000262362,0.000156654,-7.73265e-06,0.000138383,-0.000116621,-0.000433001,4.63707e-06,-2.05023e-05,1.72985e-05,0.000697266,-2.31147e-05,9.1113e-06,-2.10334e-05,-0.000313887,1.9852e-05,5.61022e-05,1.6313e-05,-2.72476e-05,2.58553e-05,-5.32765e-05,-1.24053e-05,-0.000166985,-0.000113368,-5.54381e-05,-0.000210401,-0.000422938,3.32258e-05,0.000386139,-3.49253e-05,0.000327151,-0.000198026,-0.00011468,-3.17182e-06,0.000176981,0.000847371,-0.000818261,-4.37324e-05,-0.000397467
0.263996,7.38664e-05,6.37476e-05,1.38797e-05,6.74565e-05,-1.58264e-05,-0.000525881,1.73552e-06,1.19586e-05,0.00124983,-0.000394932,-0.00204499,-0.00204114,-0.000152036,0.000140719,-0.000105484,0.00031785,0.000159363,-0.000125279,-0.000276227,-0.000461528,2.26811e-05,4.5569e-05,2.18328e-05,-0.000664037,-0.000234486,-0.000228192,-1.12173e-05,1.07283e-05,0.00087414,0.00018609,0.000311939,0.00014413,-7.74246e-06,0.000132721,-0.000144048,-0.00041161,5.51661e-06,-5.51932e-05,4.38349e-06,0.000759757,-1.96228e-05,-0.00014946,-1.94992e-05,-0.00029788,2.03589e-05,6.56423e-05,1.71512e-05,-3.55162e-05,2.75231e-05,-5.85639e-05,-1.17772e-05,-0.000158697,-0.000113542,-6.06277e-05,-0.000220052,-0.000389225,3.30236e-05,0.000361267,-3.64568e-05,0.000283702,-0.000204233,-0.000114772,-2.734e-06,0.000188958,0.000863381,-0.00083194,-4.32759e-05,-0.000366125
0.264996,7.94885e-05,5.68349e-05,1.29295e-05,5.96681e-05,-1.60302e-05,-0.000576889,1.15037e-06,5.72369e-06,0.00134896,-0.000442822,-0.00212052,-0.00193136,-0.000153237,0.000124396,-0.000105196,0.000259352,0.000162022,-0.00012586,-0.000286946,-0.000372056,2.32948e-05,5.43152e-05,2.05599e-05,-0.000662217,-0.000319623,-0.000225046,-1.38615e-05,1.49359e-05,0.000753029,0.000107852,0.000360889,0.00013038,-7.63386e-06,0.000126304,-0.00017085,-0.000386338,6.35795e-06,-9.00282e-05,-9.14793e-06,0.000815296,-1.59093e-05,-0.000308421,-1.78562e-05,-0.000280064,2.07183e-05,7.48028e-05,1.7832e-05,-4.33955e-05,2.90519e-05,-6.30221e-05,-1.10653e-05,-0.000149091,-0.000112546,-6.55331e-05,-0.000228078,-0.000352762,3.26097e-05,0.000334398,-3.76959e-05,0.000237981,-0.000209288,-0.000113265,-2.20753e-06,0.000199123,0.000873586,-0.000833585,-4.26198e-05,-0.000330339
0.265996,8.46833e-05,4.91733e-05,1.18891e-05,5.12492e-05,-1.61087e-05,-0.00062219,5.37733e-07,-5.67642e-07,0.00144209,-0.000489952,-0.0021828,-0.00180663,-0.000153099,0.00010755,-0.000104157,0.000201134,0.000163949,-0.00012505,-0.000295696,-0.000282594,2.37237e-05,6.33334e-05,1.91276e-05,-0.000655757,-0.000404512,-0.0002206,-1.61982e-05,1.8994e-05,0.000623069,2.70802e-05,0.000408846,0.000115624,-7.42281e-06,0.000119186,-0.000196865,-0.000357323,7.15737e-06,-0.000124638,-2.31917e-05,0.000863734,-1.20024e-05,-0.00046745,-1.61151e-05,-0.000260683,2.09287e-05,8.35186e-05,1.83492e-05,-5.0826e-05,3.04298e-05,-6.66523e-05,-1.02772e-05,-0.000138276,-0.000110352,-7.01303e-05,-0.000234426,-0.000313938,3.19803e-05,0.000305799,-3.86414e-05,0.000190437,-0.000213124,-0.000110129,-1.59032e-06,0.000207553,0.000877635,-0.000823639,-4.17655e-05,-0.000290222
0.266996,8.94123e-05,4.08787e-05,1.07677e-05,4.22859e-05,-1.60662e-05,-0.000661551,-9.64382e-08,-6.87452e-06,0.00152826,-0.000535718,-0.00223082,-0.00166805,-0.000151649,9.03758e-05,-0.000102406,0.000143851,0.000165037,-0.000122788,-0.000302436,-0.00019407,2.39802e-05,7.25302e-05,1.75565e-05,-0.00064485,-0.000488385,-0.000215099,-1.82263e-05,2.28378e-05,0.000484918,-5.57835e-05,0.000455436,0.000100088,-7.12713e-06,0.000111422,-0.000221935,-0.000324727,7.91201e-06,-0.000158664,-3.76288e-05,0.000904968,-7.93163e-06,-0.000625926,-1.42873e-05,-0.000239984,2.09901e-05,9.17261e-05,1.86983e-05,-5.77522e-05,3.16454e-05,-6.94658e-05,-9.42122e-06,-0.000126373,-0.000106942,-7.4396e-05,-0.000239064,-0.000273184,3.11326e-05,0.000275752,-3.92939e-05,0.000141553,-0.000215685,-0.000105369,-8.81795e-07,0.000214334,0.000875226,-0.000802771,-4.07152e-05,-0.000245946
0.267996,9.36395e-05,3.20753e-05,9.57526e-06,3.28698e-05,-1.59077e-05,-0.000694809,-7.45905e-07,-1.31555e-05,0.00160655,-0.000579457,-0.00226363,-0.00151679,-0.00014892,7.30587e-05,-9.99869e-05,8.81005e-05,0.000165174,-0.000119031,-0.000307142,-0.000107333,2.40775e-05,8.18037e-05,1.58686e-05,-0.000629712,-0.00057046,-0.000208769,-1.99485e-05,2.64045e-05,0.000339323,-0.000140278,0.000500288,8.39995e-05,-6.76606e-06,0.000103069,-0.000245905,-0.000288736,8.61986e-06,-0.000191765,-5.23255e-05,0.000938942,-3.72745e-06,-0.000782952,-1.23843e-05,-0.000218212,2.09033e-05,9.93645e-05,1.88773e-05,-6.4123e-05,3.26883e-05,-7.14823e-05,-8.50579e-06,-0.000113512,-0.000102317,-7.83078e-05,-0.000241981,-0.000230959,3.00648e-05,0.000244544,-3.96554e-05,9.18361e-05,-0.00021692,-9.90224e-05,-8.29393e-08,0.000219552,0.00086611,-0.000771855,-3.94717e-05,-0.000197748
0.268996,9.73327e-05,2.28933e-05,8.32198e-06,2.3097e-05,-1.56387e-05,-0.000721866,-1.40421e-06,-1.93692e-05,0.00167605,-0.000620457,-0.00228037,-0.0013541,-0.000144954,5.57669e-05,-9.69442e-05,3.44128e-05,0.000164242,-0.000113754,-0.000309803,-2.31477e-05,2.40292e-05,9.10445e-05,1.40864e-05,-0.000610588,-0.000649962,-0.000201817,-2.13717e-05,2.9634e-05,0.000187114,-0.000225927,0.000543032,6.75822e-05,-6.35991e-06,9.41881e-05,-0.000268625,-0.000249553,9.2797e-06,-0.000223623,-6.71351e-05,0.000965647,5.79187e-07,-0.00093738,-1.04183e-05,-0.000195608,2.06701e-05,0.000106376,1.88862e-05,-6.98921e-05,3.35488e-05,-7.27299e-05,-7.53985e-06,-9.98309e-05,-9.64919e-05,-8.18441e-05,-0.000243189,-0.000187744,2.87768e-05,0.000212466,-3.97292e-05,4.18071e-05,-0.000216789,-9.116e-05,8.03729e-07,0.000223293,0.000850098,-0.000731944,-3.80389e-05,-0.000145929
0.269996,0.000100464,1.34666e-05,7.01848e-06,1.3067e-05,-1.52655e-05,-0.000742689,-2.06475e-06,-2.54744e-05,0.0017359,-0.000657964,-0.00228026,-0.00118123,-0.000139796,3.86503e-05,-9.33252e-05,-1.67463e-05,0.00016212,-0.000106954,-0.000310425,5.78127e-05,2.38496e-05,0.000100136,1.22328e-05,-0.000587743,-0.00072613,-0.000194425,-2.25068e-05,3.24704e-05,2.91996e-05,-0.000312236,0.000583304,5.10533e-05,-5.92952e-06,8.48397e-05,-0.000289948,-0.000207398,9.89104e-06,-0.000253947,-8.18991e-05,0.000985119,4.95714e-06,-0.00108785,-8.40154e-06,-0.000172404,2.02934e-05,0.000112706,1.87269e-05,-7.50186e-05,3.42181e-05,-7.32432e-05,-6.53254e-06,-8.54711e-05,-8.95024e-05,-8.49845e-05,-0.000242717,-0.000144029,2.72696e-05,0.00017981,-3.95205e-05,-8.00575e-06,-0.000215263,-8.18824e-05,1.77416e-06,0.000225637,0.00082707,-0.000684241,-3.64212e-05,-9.08586e-05
0.270996,0.000103008,3.93014e-06,5.67561e-06,2.88173e-06,-1.47946e-05,-0.000757308,-2.72082e-06,-3.14306e-05,0.00178528,-0.000691193,-0.00226263,-0.000999452,-0.000133499,2.18384e-05,-8.91784e-05,-6.49793e-05,0.000158691,-9.8644e-05,-0.000309028,0.000134968,2.3553e-05,0.000108957,1.03307e-05,-0.000561465,-0.000798234,-0.000186751,-2.3368e-05,3.48629e-05,-0.000133442,-0.000398697,0.000620752,3.4619e-05,-5.49583e-06,7.50876e-05,-0.000309733,-0.000162505,1.0454e-05,-0.000282477,-9.64491e-05,0.000997435,9.37547e-06,-0.00123285,-6.34664e-06,-0.00014882,1.97772e-05,0.000118305,1.84037e-05,-7.94673e-05,3.46883e-05,-7.30627e-05,-5.49318e-06,-7.05794e-05,-8.14043e-05,-8.77098e-05,-0.000240614,-0.000100301,2.55456e-05,0.000146863,-3.9036e-05,-5.70778e-05,-0.000212323,-7.13187e-05,2.8228e-06,0.000226659,0.000796977,-0.000630065,-3.46242e-05,-3.29771e-05
0.271996,0.000104947,-5.58234e-06,4.30434e-06,-7.35624e-06,-1.42331e-05,-0.000765813,-3.3657e-06,-3.71987e-05,0.00182342,-0.000719347,-0.00222693,-0.000809994,-0.000126117,5.4388e-06,-8.45526e-05,-0.000109957,0.000153841,-8.88624e-05,-0.000305644,0.000207829,2.31542e-05,0.00011738,8.40273e-06,-0.000532059,-0.000865585,-0.000178925,-2.39731e-05,3.67668e-05,-0.000299764,-0.000484787,0.000655033,1.84709e-05,-5.07933e-06,6.49965e-05,-0.000327846,-0.000115118,1.09693e-05,-0.000308985,-0.000110609,0.00100272,1.38037e-05,-0.00137074,-4.26635e-06,-0.000125064,1.9126e-05,0.000123126,1.79225e-05,-8.32091e-05,3.49524e-05,-7.22337e-05,-4.43116e-06,-5.53045e-05,-7.22754e-05,-9.00022e-05,-0.000236941,-5.70367e-05,2.3609e-05,0.000113904,-3.82841e-05,-0.000104897,-0.000207957,-5.96226e-05,3.94267e-06,0.000226424,0.000759847,-0.000570815,-3.26541e-05,2.72086e-05
0.272996,0.000106267,-1.49407e-05,2.91568e-06,-1.75443e-05,-1.35884e-05,-0.00076835,-3.99273e-06,-4.27408e-05,0.00184963,-0.000741627,-0.00217275,-0.000614044,-0.000117704,-1.04628e-05,-7.94968e-05,-0.000151416,0.000147465,-7.76675e-05,-0.000300315,0.000276001,2.26674e-05,0.000125276,6.47085e-06,-0.000499844,-0.000927545,-0.000171048,-2.43426e-05,3.81445e-05,-0.000468667,-0.00056997,0.000685826,2.78375e-06,-4.6996e-06,5.46326e-05,-0.000344158,-6.5489e-05,1.14377e-05,-0.000333276,-0.000124198,0.00100114,1.82123e-05,-0.00149984,-2.17348e-06,-0.000101328,1.83457e-05,0.00012713,1.72913e-05,-8.62213e-05,3.50046e-05,-7.08053e-05,-3.35591e-06,-3.97953e-05,-6.22158e-05,-9.18458e-05,-0.000231773,-1.46886e-05,2.14655e-05,8.12015e-05,-3.72747e-05,-0.000150973,-0.000202169,-4.69693e-05,5.12545e-06,0.00022499,0.000715789,-0.000507931,-3.0518e-05,8.91262e-05
0.273995,0.000106959,-2.40203e-05,1.52054e-06,-2.75811e-05,-1.28681e-05,-0.000765115,-4.59533e-06,-4.80207e-05,0.00186331,-0.00075725,-0.00209982,-0.000412717,-0.000108319,-2.58026e-05,-7.40596e-05,-0.000189157,0.000139471,-6.51396e-05,-0.000293097,0.00033917,2.21069e-05,0.000132513,4.55614e-06,-0.000465154,-0.000983542,-0.000163197,-2.44998e-05,3.89661e-05,-0.000638999,-0.000653699,0.000712824,-1.22871e-05,-4.3748e-06,4.4063e-05,-0.000358548,-1.38799e-05,1.18606e-05,-0.000355187,-0.000137033,0.000992888,2.25723e-05,-0.00161846,-8.08711e-08,-7.77897e-05,1.74425e-05,0.00013028,1.65194e-05,-8.84879e-05,3.48401e-05,-6.88291e-05,-2.27678e-06,-2.41997e-05,-5.13491e-05,-9.32266e-05,-0.000225192,2.63209e-05,1.91223e-05,4.901e-05,-3.60198e-05,-0.000194844,-0.000194968,-3.35514e-05,6.36156e-06,0.000222401,0.000664992,-0.00044286,-2.82238e-05,0.000152142
0.274995,0.00010702,-3.27044e-05,1.29682e-07,-3.73678e-05,-1.20802e-05,-0.000756349,-5.16714e-06,-5.30042e-05,0.00186392,-0.000765472,-0.00200802,-0.000207042,-9.80189e-05,-4.05373e-05,-6.82889e-05,-0.000223044,0.000129782,-5.13807e-05,-0.000284051,0.000397108,2.14863e-05,0.000138958,2.67858e-06,-0.00042833,-0.00103307,-0.000155422,-2.447e-05,3.92105e-05,-0.00080957,-0.000735414,0.000735745,-2.6607e-05,-4.12117e-06,3.33556e-05,-0.000370903,3.94401e-05,1.2239e-05,-0.000374589,-0.000148929,0.000978216,2.68564e-05,-0.00172497,1.99872e-06,-5.46077e-05,1.64236e-05,0.000132547,1.5618e-05,-8.99999e-05,3.44552e-05,-6.63586e-05,-1.20297e-06,-8.66291e-06,-3.98214e-05,-9.41325e-05,-0.000217286,6.56088e-05,1.65887e-05,1.75676e-05,-3.45327e-05,-0.000236086,-0.000186377,-1.95741e-05,7.6403e-06,0.000218697,0.000607727,-0.000377015,-2.57803e-05,0.000215568
0.275995,0.000106452,-4.08854e-05,-1.24638e-06,-4.68088e-05,-1.12327e-05,-0.000742335,-5.70202e-06,-5.76593e-05,0.00185104,-0.000765603,-0.00189742,2.04775e-06,-8.68612e-05,-5.46424e-05,-6.22318e-05,-0.000252996,0.000118345,-3.65139e-05,-0.000273245,0.000449659,2.08188e-05,0.000144483,8.56743e-07,-0.000389719,-0.00107572,-0.000147752,-2.428e-05,3.88656e-05,-0.000979161,-0.000814545,0.00075433,-4.0063e-05,-3.95267e-06,2.25792e-05,-0.000381119,9.4193e-05,1.25741e-05,-0.000391382,-0.000159709,0.000957399,3.10381e-05,-0.00181786,4.05265e-06,-3.1925e-05,1.5297e-05,0.000133908,1.45992e-05,-9.07551e-05,3.38475e-05,-6.34484e-05,-1.43493e-07,6.67407e-06,-2.78008e-05,-9.45541e-05,-0.000208145,0.000102838,1.38754e-05,-1.29063e-05,-3.28286e-05,-0.000274319,-0.000176427,-5.25104e-06,8.94996e-06,0.000213905,0.000544342,-0.000311743,-2.31971e-05,0.000278668
0.276995,0.000105264,-4.84666e-05,-2.59747e-06,-5.58131e-05,-1.03339e-05,-0.00072339,-6.19413e-06,-6.19564e-05,0.00182435,-0.000757028,-0.00176825,0.000213722,-7.49033e-05,-6.81097e-05,-5.59343e-05,-0.000278985,0.000105127,-2.06822e-05,-0.000260753,0.000496731,2.01165e-05,0.000148961,-8.92302e-07,-0.00034967,-0.00111113,-0.000140196,-2.39578e-05,3.79291e-05,-0.00114653,-0.000890511,0.000768347,-5.25642e-05,-3.88049e-06,1.18028e-05,-0.0003891,0.00015009,1.28663e-05,-0.000405492,-0.000169199,0.000930745,3.50923e-05,-0.00189577,6.06848e-06,-9.86781e-06,1.4071e-05,0.000134346,1.34763e-05,-9.07585e-05,3.30156e-05,-6.01528e-05,8.92937e-07,2.16758e-05,-1.54761e-05,-9.44843e-05,-0.000197855,0.00013772,1.09951e-05,-4.22126e-05,-3.09243e-05,-0.00030921,-0.000165155,9.20045e-06,1.0278e-05,0.000208049,0.000475264,-0.000248289,-2.04845e-05,0.00034067
0.277995,0.000103468,-5.53631e-05,-3.91385e-06,-6.42946e-05,-9.39188e-06,-0.000699857,-6.63801e-06,-6.58684e-05,0.00178363,-0.000739228,-0.00162094,0.000427248,-6.22029e-05,-8.09445e-05,-4.94413e-05,-0.00030103,9.01271e-05,-4.04785e-06,-0.000246654,0.000538293,1.93905e-05,0.000152271,-2.55321e-06,-0.000308532,-0.00113907,-0.000132747,-2.35321e-05,3.64082e-05,-0.00131043,-0.000962727,0.000777589,-6.40415e-05,-3.91283e-06,1.09586e-06,-0.000394761,0.000206831,1.31161e-05,-0.000416873,-0.000177238,0.000898598,3.89951e-05,-0.00195754,8.03403e-06,1.14539e-05,1.27547e-05,0.000133849,1.22634e-05,-9.00219e-05,3.19595e-05,-5.65258e-05,1.89794e-06,3.62136e-05,-3.05425e-06,-9.39189e-05,-0.000186497,0.000170024,7.96212e-06,-7.01738e-05,-2.88378e-05,-0.000340481,-0.000152612,2.35641e-05,1.16112e-05,0.000201146,0.000400986,-0.000187771,-1.76535e-05,0.000400775
0.278995,0.000101083,-6.15028e-05,-5.18625e-06,-7.21733e-05,-8.41499e-06,-0.000672104,-7.02858e-06,-6.93708e-05,0.00172879,-0.000711798,-0.0014561,0.000641988,-4.88183e-05,-9.31616e-05,-4.27965e-05,-0.000319195,7.33742e-05,1.321e-05,-0.000231028,0.00057436,1.86511e-05,0.0001543,-4.11244e-06,-0.000266649,-0.00115937,-0.000125387,-2.30313e-05,3.43203e-05,-0.00146961,-0.0010306,0.000781879,-7.44466e-05,-4.05459e-06,-9.47237e-06,-0.000398026,0.0002641,1.33229e-05,-0.000425499,-0.000183676,0.000861327,4.27239e-05,-0.00200225,9.93747e-06,3.1945e-05,1.13576e-05,0.000132415,1.09752e-05,-8.85639e-05,3.06804e-05,-5.26201e-05,2.86356e-06,5.01667e-05,9.24229e-06,-9.28564e-05,-0.000174144,0.000199573,4.79267e-06,-9.66347e-05,-2.65887e-05,-0.000367909,-0.000138851,3.7629e-05,1.29357e-05,0.000193211,0.000322067,-0.000131153,-1.47158e-05,0.000458174
0.279995,9.81302e-05,-6.68269e-05,-6.40595e-06,-7.93758e-05,-7.41145e-06,-0.000640512,-7.36126e-06,-7.24418e-05,0.00165983,-0.000674464,-0.00127453,0.000857383,-3.48088e-05,-0.000104782,-3.60427e-05,-0.00033358,5.4931e-05,3.08967e-05,-0.000213956,0.000604989,1.79068e-05,0.000154945,-5.55839e-06,-0.000224359,-0.00117195,-0.000118087,-2.24835e-05,3.16924e-05,-0.00162282,-0.00109353,0.000781069,-8.37509e-05,-4.30717e-06,-1.98331e-05,-0.000398831,0.00032156,1.34854e-05,-0.000431362,-0.00018838,0.000819325,4.62567e-05,-0.00202926,1.17673e-05,5.15244e-05,9.88974e-06,0.000130046,9.62683e-06,-8.64101e-05,2.9181e-05,-4.84867e-05,3.7823e-06,6.34233e-05,2.11791e-05,-9.12985e-05,-0.000160855,0.000226245,1.50453e-06,-0.000121463,-2.4198e-05,-0.000391328,-0.000123934,5.11938e-05,1.42375e-05,0.000184259,0.00023912,-7.92265e-05,-1.16836e-05,0.000512055
0.280995,9.46377e-05,-7.12899e-05,-7.56483e-06,-8.58356e-05,-6.38946e-06,-0.000605477,-7.63195e-06,-7.50625e-05,0.00157689,-0.000627102,-0.00107723,0.00107293,-2.02362e-05,-0.000115831,-2.92213e-05,-0.000344315,3.48963e-05,4.88043e-05,-0.000195522,0.000630269,1.71652e-05,0.000154116,-6.88141e-06,-0.000181987,-0.00117682,-0.000110816,-2.19157e-05,2.85609e-05,-0.00176883,-0.00115092,0.000775038,-9.19439e-05,-4.66845e-06,-2.99182e-05,-0.000397125,0.000378854,1.36017e-05,-0.000434474,-0.000191238,0.000773009,4.95728e-05,-0.0020382,1.35126e-05,7.01235e-05,8.36145e-06,0.000126754,8.23339e-06,-8.35921e-05,2.74648e-05,-4.41744e-05,4.64717e-06,7.58813e-05,3.25139e-05,-8.92497e-05,-0.000146677,0.000249975,-1.88289e-06,-0.000144548,-2.16873e-05,-0.000410631,-0.00010793,6.40707e-05,1.55022e-05,0.000174307,0.000152804,-3.25988e-05,-8.56963e-06,0.000561626
0.281995,9.06356e-05,-7.486e-05,-8.65544e-06,-9.14939e-05,-5.35712e-06,-0.000567397,-7.83711e-06,-7.72171e-05,0.00148022,-0.000569748,-0.000865388,0.00128817,-5.16585e-06,-0.000126329,-2.23728e-05,-0.000351561,1.34057e-05,6.67142e-05,-0.000175805,0.000650312,1.64323e-05,0.000151734,-8.07388e-06,-0.00013985,-0.00117405,-0.000103543,-2.13531e-05,2.49715e-05,-0.00190645,-0.00120218,0.000763697,-9.90312e-05,-5.13272e-06,-3.9661e-05,-0.000392868,0.000435596,1.36687e-05,-0.000434857,-0.000192156,0.000722813,5.26518e-05,-0.00202901,1.51627e-05,8.7685e-05,6.78341e-06,0.000122554,6.81003e-06,-8.01474e-05,2.55372e-05,-3.97297e-05,5.45178e-06,8.7449e-05,4.30015e-05,-8.6718e-05,-0.00013164,0.00027075,-5.34865e-06,-0.000165802,-1.90794e-05,-0.000425768,-9.09104e-05,7.60883e-05,1.67155e-05,0.000163379,6.38133e-05,8.31776e-06,-5.38702e-06,0.000606125
0.282995,8.61578e-05,-7.75179e-05,-9.671e-06,-9.62996e-05,-4.3224e-06,-0.000526673,-7.97377e-06,-7.88925e-05,0.0013702,-0.000502614,-0.000640372,0.00150264,1.0332e-05,-0.000136295,-1.55368e-05,-0.000355496,-9.36833e-06,8.43998e-05,-0.000154889,0.000665248,1.57126e-05,0.000147739,-9.13017e-06,-9.82438e-05,-0.00116379,-9.62348e-05,-2.08191e-05,2.0978e-05,-0.0020345,-0.00124672,0.000746984,-0.000105032,-5.69082e-06,-4.89962e-05,-0.000386033,0.000491372,1.36826e-05,-0.000432544,-0.000191068,0.000669186,5.54736e-05,-0.00200191,1.67078e-05,0.000104161,5.16658e-06,0.000117473,5.37152e-06,-7.61195e-05,2.34047e-05,-3.5196e-05,6.19033e-06,9.80458e-05,5.23992e-05,-8.3714e-05,-0.000115758,0.000288606,-8.87044e-06,-0.000185158,-1.63978e-05,-0.000436744,-7.29523e-05,8.70953e-05,1.78632e-05,0.000151506,-2.71356e-05,4.33056e-05,-2.14928e-06,0.00064484
0.283995,8.12404e-05,-7.92571e-05,-1.06055e-05,-0.00010021,-3.29313e-06,-0.000483703,-8.03957e-06,-8.00788e-05,0.00124728,-0.000426091,-0.000403733,0.00171585,2.61808e-05,-0.000145739,-8.75192e-06,-0.00035632,-3.32168e-05,0.000101629,-0.000132853,0.000675222,1.50092e-05,0.000142088,-1.00466e-05,-5.74517e-05,-0.00114624,-8.88679e-05,-2.03343e-05,1.66419e-05,-0.00215186,-0.00128397,0.000724866,-0.000109979,-6.33031e-06,-5.7861e-05,-0.000376607,0.000545732,1.36384e-05,-0.000427581,-0.00018793,0.000612589,5.80183e-05,-0.00195741,1.81384e-05,0.000119512,3.52212e-06,0.00011154,3.9322e-06,-7.15563e-05,2.1075e-05,-3.06143e-05,6.85768e-06,0.000107602,6.0472e-05,-8.02515e-05,-9.903e-05,0.00030362,-1.24247e-05,-0.00020257,-1.36661e-05,-0.000443616,-5.41362e-05,9.69619e-05,1.89316e-05,0.000138726,-0.000119314,7.23383e-05,1.1299e-06,0.000677122
0.284995,7.59221e-05,-8.00824e-05,-1.14535e-05,-0.000103189,-2.27691e-06,-0.000438877,-8.03276e-06,-8.07689e-05,0.00111207,-0.000340758,-0.000157185,0.00192726,4.22961e-05,-0.000154658,-2.05582e-06,-0.000354242,-5.78962e-05,0.000118169,-0.000109778,0.000680381,1.43239e-05,0.000134757,-1.08215e-05,-1.77354e-05,-0.00112163,-8.14235e-05,-1.99165e-05,1.2031e-05,-0.00225745,-0.00131338,0.000697339,-0.00011391,-7.03573e-06,-6.61949e-05,-0.000364594,0.000598188,1.35306e-05,-0.000420017,-0.000182728,0.000553489,6.02659e-05,-0.00189633,1.9446e-05,0.000133706,1.86136e-06,0.000104794,2.5057e-06,-6.65106e-05,1.85574e-05,-2.60222e-05,7.44938e-06,0.000116061,6.69993e-05,-7.63474e-05,-8.14381e-05,0.000315911,-1.59869e-05,-0.000218009,-1.09085e-05,-0.000446491,-3.45456e-05,0.000105582,1.99072e-05,0.000125093,-0.000211992,9.5571e-05,4.43665e-06,0.0007024
0.285995,7.02425e-05,-8.00091e-05,-1.22105e-05,-0.00010521,-1.28115e-06,-0.000392574,-7.95226e-06,-8.09592e-05,0.000965236,-0.000247377,9.7403e-05,0.00213621,5.85839e-05,-0.000163038,4.51468e-06,-0.000349482,-8.31313e-05,0.000133788,-8.57434e-05,0.000680881,1.36571e-05,0.000125743,-1.1455e-05,2.06637e-05,-0.00109024,-7.38919e-05,-1.958e-05,7.21871e-06,-0.00235024,-0.00133441,0.000664426,-0.000116875,-7.78899e-06,-7.39411e-05,-0.000350009,0.000648215,1.33527e-05,-0.000409912,-0.000175475,0.000492358,6.2196e-05,-0.00181969,2.06226e-05,0.000146716,1.95698e-07,9.72791e-05,1.10485e-06,-6.10387e-05,1.58623e-05,-2.14547e-05,7.96169e-06,0.000123377,7.17802e-05,-7.20208e-05,-6.29521e-05,0.000325625,-1.95315e-05,-0.000231465,-8.14873e-06,-0.000445518,-1.42668e-05,0.000112874,2.07774e-05,0.000110671,-0.000304454,0.000113325,7.75704e-06,0.000720198
0.286995,6.42424e-05,-7.90616e-05,-1.28728e-05,-0.000106255,-3.12976e-07,-0.000345161,-7.79761e-06,-8.06489e-05,0.000807564,-0.000146894,0.000358025,0.00234191,7.49398e-05,-0.000170851,1.09237e-05,-0.000342266,-0.000108619,0.000148256,-6.08321e-05,0.000676877,1.30079e-05,0.000115066,-1.19488e-05,5.75258e-05,-0.00105236,-6.62725e-05,-1.93357e-05,2.28276e-06,-0.00242925,-0.00134658,0.000626178,-0.000118925,-8.56979e-06,-8.10464e-05,-0.000332888,0.000695247,1.30978e-05,-0.000397331,-0.000166212,0.000429669,6.37876e-05,-0.00172878,2.16608e-05,0.000158519,-1.4634e-06,8.90455e-05,-2.58458e-07,-5.52e-05,1.30018e-05,-1.69437e-05,8.3916e-06,0.000129516,7.46408e-05,-6.72936e-05,-4.35312e-05,0.000332935,-2.30324e-05,-0.000242942,-5.41055e-06,-0.000440886,6.61175e-06,0.000118782,2.15303e-05,9.5541e-05,-0.000396006,0.00012607,1.10772e-05,0.000730146
0.287995,5.79628e-05,-7.72725e-05,-1.34371e-05,-0.000106312,6.20759e-07,-0.000296992,-7.56903e-06,-7.98406e-05,0.000639915,-4.0428e-05,0.000622556,0.00254341,9.12475e-05,-0.000178051,1.71363e-05,-0.00033282,-0.000134034,0.000161356,-3.51278e-05,0.000668527,1.23743e-05,0.000102767,-1.23066e-05,9.2654e-05,-0.00100828,-5.85743e-05,-1.91907e-05,-2.69636e-06,-0.00249358,-0.00134942,0.000582672,-0.000120116,-9.35614e-06,-8.74621e-05,-0.000313278,0.000738681,1.27585e-05,-0.000382346,-0.000155009,0.000365892,6.5019e-05,-0.00162506,2.25545e-05,0.000169098,-3.1045e-06,8.01493e-05,-1.57341e-06,-4.90565e-05,9.98903e-06,-1.25181e-05,8.73686e-06,0.000134455,7.5439e-05,-6.21898e-05,-2.31284e-05,0.00033803,-2.64631e-05,-0.000252458,-2.71701e-06,-0.000432817,2.79989e-05,0.000123274,2.21547e-05,7.97957e-05,-0.000485987,0.000134399,1.43833e-05,0.00073199
0.288995,5.14446e-05,-7.46812e-05,-1.39012e-05,-0.000105378,1.51355e-06,-0.000248403,-7.2674e-06,-7.85397e-05,0.000463226,7.07404e-05,0.000888769,0.00273956,0.000107378,-0.000184578,2.31186e-05,-0.00032137,-0.000159031,0.000172879,-8.71853e-06,0.000655988,1.17534e-05,8.89128e-05,-1.25333e-05,0.000125874,-0.000958267,-5.08149e-05,-1.91481e-05,-7.63659e-06,-0.00254238,-0.00134253,0.000534013,-0.000120504,-1.01249e-05,-9.31445e-05,-0.000291249,0.000777877,1.23275e-05,-0.000365035,-0.000141964,0.00030149,6.58678e-05,-0.00151015,2.32979e-05,0.000178437,-4.71624e-06,7.0652e-05,-2.83033e-06,-4.26717e-05,6.83851e-06,-8.20431e-06,8.99597e-06,0.000138183,7.40711e-05,-5.67353e-05,-1.69439e-06,0.000341109,-2.97967e-05,-0.000260044,-9.04098e-08,-0.00042156,4.98011e-05,0.000126343,2.26409e-05,6.35442e-05,-0.000573779,0.000139003,1.76617e-05,0.000725602
0.289995,4.47279e-05,-7.13321e-05,-1.42635e-05,-0.000103456,2.35927e-06,-0.000199711,-6.89421e-06,-7.67552e-05,0.000278505,0.000185186,0.00115436,0.00292896,0.000123189,-0.000190356,2.8838e-05,-0.000308143,-0.000183257,0.000182632,1.8302e-05,0.000639421,1.11414e-05,7.35918e-05,-1.26353e-05,0.000157037,-0.000902582,-4.30195e-05,-1.92072e-05,-1.24558e-05,-0.00257487,-0.00132556,0.000480331,-0.000120144,-1.08524e-05,-9.80554e-05,-0.000266883,0.000812164,1.17975e-05,-0.000345486,-0.0001272,0.000236915,6.63109e-05,-0.00138578,2.38864e-05,0.000186524,-6.28742e-06,6.06199e-05,-4.02071e-06,-3.61098e-05,3.56606e-06,-4.02596e-06,9.16822e-06,0.000140702,7.04766e-05,-5.09574e-05,2.08165e-05,0.000342372,-3.30066e-05,-0.000265742,2.44798e-06,-0.000407384,7.19219e-05,0.000128005,2.29798e-05,4.6909e-05,-0.000658812,0.000140643,2.08989e-05,0.000710984
0.290995,3.78517e-05,-6.72741e-05,-1.4523e-05,-0.000100558,3.15218e-06,-0.00015122,-6.45164e-06,-7.44988e-05,8.68174e-05,0.00030136,0.00141696,0.00310998,0.000138525,-0.000195297,3.42632e-05,-0.000293356,-0.000206354,0.00019044,4.58327e-05,0.000618991,1.05342e-05,5.69166e-05,-1.26201e-05,0.000186013,-0.000841441,-3.52194e-05,-1.93631e-05,-1.70731e-05,-0.00259037,-0.00129824,0.000421787,-0.00011909,-1.15151e-05,-0.000102163,-0.000240282,0.000840847,1.11615e-05,-0.000323796,-0.000110865,0.00017261,6.63246e-05,-0.00125375,2.43163e-05,0.000193348,-7.80702e-06,5.01234e-05,-5.1373e-06,-2.94352e-05,1.88764e-07,-4.28554e-09,9.25364e-06,0.000142023,6.46427e-05,-4.48848e-05,4.44406e-05,0.000342019,-3.60662e-05,-0.0002696,4.87812e-06,-0.000390575,9.42617e-05,0.000128296,2.31639e-05,3.00253e-05,-0.000740574,0.00014012,2.40817e-05,0.000688276
0.291995,3.08538e-05,-6.25588e-05,-1.46795e-05,-9.67002e-05,3.887e-06,-0.000103211,-5.94245e-06,-7.17858e-05,-0.000110722,0.000417614,0.00167419,0.00328074,0.00015322,-0.0001993,3.93646e-05,-0.000277224,-0.000227967,0.000196149,7.37633e-05,0.000594869,9.92681e-06,3.90223e-05,-1.24962e-05,0.0002127,-0.00077502,-2.74494e-05,-1.96074e-05,-2.14105e-05,-0.00258823,-0.00126035,0.000358568,-0.000117394,-1.20901e-05,-0.000105442,-0.000211568,0.000863215,1.04134e-05,-0.000300072,-9.31314e-05,0.000108999,6.58846e-05,-0.00111591,2.45849e-05,0.000198904,-9.26434e-06,3.92369e-05,-6.17407e-06,-2.27118e-05,-3.27513e-06,3.84179e-06,9.25302e-06,0.000142166,5.6608e-05,-3.85469e-05,6.91991e-05,0.000340236,-3.89498e-05,-0.000271675,7.18139e-06,-0.000371429,0.000116717,0.000127272,2.31867e-05,1.30394e-05,-0.000818607,0.000138246,2.71971e-05,0.00065775
0.292995,2.37698e-05,-5.72399e-05,-1.47331e-05,-9.19081e-05,4.55896e-06,-5.59498e-05,-5.37001e-06,-6.86341e-05,-0.000312954,0.000532228,0.00192364,0.00343909,0.000167092,-0.000202256,4.41143e-05,-0.000259953,-0.000247754,0.000199631,0.000101972,0.000567236,9.31439e-06,2.00654e-05,-1.22731e-05,0.000237014,-0.000703443,-1.9746e-05,-1.99279e-05,-2.5394e-05,-0.00256792,-0.00121177,0.000290891,-0.000115104,-1.25559e-05,-0.000107873,-0.000180879,0.000878554,9.54822e-06,-0.000274434,-7.41898e-05,4.64901e-05,6.49668e-05,-0.000974086,2.46903e-05,0.000203186,-1.0649e-05,2.80375e-05,-7.12625e-06,-1.60019e-05,-6.8062e-06,7.49549e-06,9.1679e-06,0.000141163,4.64651e-05,-3.19738e-05,9.50909e-05,0.000337195,-4.16323e-05,-0.00027203,9.3408e-06,-0.000350242,0.000139179,0.000125007,2.30432e-05,-3.89331e-06,-0.000892517,0.000135815,3.02325e-05,0.00061981
0.293995,1.66337e-05,-5.1372e-05,-1.46849e-05,-8.62115e-05,5.16381e-06,-9.68488e-06,-4.73829e-06,-6.50649e-05,-0.000518686,0.00064344,0.00216293,0.00358264,0.000179953,-0.000204052,4.84864e-05,-0.00024174,-0.000265391,0.000200781,0.000130325,0.000536286,8.69196e-06,2.22248e-07,-1.19609e-05,0.000258894,-0.000626786,-1.21443e-05,-2.03093e-05,-2.89554e-05,-0.00252897,-0.00115248,0.000219006,-0.000112264,-1.28929e-05,-0.000109446,-0.000148372,0.000886159,8.56225e-06,-0.000247015,-5.42485e-05,-1.45302e-05,6.35473e-05,-0.00083006,2.46318e-05,0.000206193,-1.1951e-05,1.66051e-05,-7.99024e-06,-9.36579e-06,-1.0384e-05,1.0942e-05,9.00054e-06,0.000139052,3.43621e-05,-2.51955e-05,0.000122087,0.00033305,-4.40894e-05,-0.000270734,1.13411e-05,-0.000327314,0.000161534,0.000121588,2.27297e-05,-2.06112e-05,-0.000961965,0.000133578,3.31753e-05,0.000574986
0.294995,9.4774e-06,-4.501e-05,-1.45363e-05,-7.96467e-05,5.69786e-06,3.53528e-05,-4.05176e-06,-6.11023e-05,-0.000726696,0.000749481,0.00238971,0.00370876,0.000191606,-0.000204572,5.24575e-05,-0.000222774,-0.000280585,0.000199528,0.000158674,0.000502228,8.05472e-06,-2.03127e-05,-1.15702e-05,0.0002783,-0.00054507,-4.67579e-06,-2.07331e-05,-3.20329e-05,-0.00247101,-0.00108254,0.000143194,-0.000108915,-1.30842e-05,-0.000110157,-0.00011422,0.000885352,7.45344e-06,-0.000217964,-3.35298e-05,-7.36976e-05,6.1603e-05,-0.000685542,2.44097e-05,0.000207927,-1.3161e-05,5.0213e-06,-8.76359e-06,-2.861e-06,-1.3987e-05,1.41684e-05,8.75391e-06,0.000135882,2.05028e-05,-1.82419e-05,0.000150123,0.000327928,-4.62985e-05,-0.000267856,1.31689e-05,-0.000302936,0.000183661,0.000117112,2.22439e-05,-3.69488e-05,-0.00102667,0.000132214,3.60131e-05,0.000523924
0.295995,2.33041e-06,-3.82086e-05,-1.42892e-05,-7.22553e-05,6.15806e-06,7.89481e-05,-3.31544e-06,-5.67731e-05,-0.000935739,0.000848606,0.00260172,0.00381462,0.000201849,-0.000203704,5.60066e-05,-0.000203236,-0.000293076,0.000195828,0.000186853,0.000465291,7.39823e-06,-4.13293e-05,-1.11119e-05,0.000295211,-0.000458271,2.63414e-06,-2.11785e-05,-3.45726e-05,-0.00239376,-0.00100213,6.37727e-05,-0.000105094,-1.31155e-05,-0.00011001,-7.86157e-05,0.000875495,6.22166e-06,-0.000187443,-1.22662e-05,-0.000130672,5.91123e-05,-0.000542131,2.40253e-05,0.000208395,-1.42701e-05,-6.63119e-06,-9.44497e-06,3.45828e-06,-1.75928e-05,1.71635e-05,8.43163e-06,0.000131709,5.14572e-06,-1.11427e-05,0.000179097,0.000321934,-4.8238e-05,-0.000263471,1.48129e-05,-0.000277392,0.000205433,0.000111688,2.15848e-05,-5.27401e-05,-0.0010864,0.000132313,3.87339e-05,0.000467376
0.296995,-4.7798e-06,-3.1022e-05,-1.3946e-05,-6.40845e-05,6.542e-06,0.000120901,-2.5348e-06,-5.21068e-05,-0.00114455,0.000939129,0.00279675,0.00389726,0.000210479,-0.000201344,5.91156e-05,-0.000183293,-0.000302645,0.000189673,0.000214684,0.000425724,6.71859e-06,-6.26044e-05,-1.05971e-05,0.000309623,-0.000366326,9.7685e-06,-2.16227e-05,-3.65296e-05,-0.00229704,-0.000911535,-1.89038e-05,-0.000100835,-1.29764e-05,-0.000109018,-4.17684e-05,0.000856014,4.86895e-06,-0.000155634,9.303e-06,-0.00018514,5.60561e-05,-0.000401293,2.3481e-05,0.000207607,-1.52701e-05,-1.82692e-05,-1.0034e-05,9.54171e-06,-2.11783e-05,1.99178e-05,8.03796e-06,0.000126594,-1.13987e-05,-3.92657e-06,0.000208859,0.000315144,-4.98881e-05,-0.000257656,1.62638e-05,-0.00025095,0.000226714,0.000105427,2.07529e-05,-6.78217e-05,-0.00114096,0.000134355,4.13256e-05,0.00040618
0.297995,-1.18279e-05,-2.35038e-05,-1.35094e-05,-5.51865e-05,6.84795e-06,0.000161027,-1.71575e-06,-4.71357e-05,-0.00135184,0.00101946,0.00297276,0.00395359,0.000217294,-0.000197398,6.17694e-05,-0.000163107,-0.000309124,0.000181086,0.000241967,0.000383799,6.01259e-06,-8.39051e-05,-1.0037e-05,0.000321549,-0.000269144,1.67204e-05,-2.20411e-05,-3.78684e-05,-0.00218077,-0.000811161,-0.000104441,-9.61712e-05,-1.26597e-05,-0.0001072,-3.90261e-06,0.000826417,3.39963e-06,-0.000122733,3.09352e-05,-0.000236814,5.24181e-05,-0.000264338,2.27803e-05,0.000205579,-1.61536e-05,-2.98099e-05,-1.05314e-05,1.53433e-05,-2.47197e-05,2.24231e-05,7.57778e-06,0.000120604,-2.8772e-05,3.3783e-06,0.000239213,0.000307607,-5.12309e-05,-0.000250488,1.75144e-05,-0.000223865,0.000247358,9.84451e-05,1.97498e-05,-8.2036e-05,-0.0011902,0.0001387,4.3776e-05,0.000341249
0.298995,-1.87904e-05,-1.5707e-05,-1.29826e-05,-4.56183e-05,7.0749e-06,0.000199155,-8.64578e-07,-4.18939e-05,-0.00155632,0.00108814,0.00312778,0.00398051,0.000222102,-0.000191791,6.39562e-05,-0.000142827,-0.000312396,0.000170126,0.00026849,0.000339812,5.2778e-06,-0.000104991,-9.4423e-06,0.000331017,-0.000166625,2.34944e-05,-2.24083e-05,-3.85642e-05,-0.002045,-0.000701528,-0.000192402,-9.11316e-05,-1.21627e-05,-0.000104584,3.47418e-05,0.000786312,1.82048e-06,-8.89565e-05,5.23883e-05,-0.000285436,4.81859e-05,-0.000132411,2.19278e-05,0.000202335,-1.69138e-05,-4.11712e-05,-1.09384e-05,2.08219e-05,-2.81924e-05,2.46731e-05,7.05647e-06,0.000113812,-4.65728e-05,1.07448e-05,0.00026991,0.000299344,-5.22502e-05,-0.000242048,1.85596e-05,-0.000196376,0.000267212,9.08594e-05,1.85787e-05,-9.52341e-05,-0.00123399,0.000145575,4.6073e-05,0.000273546
0.299995,-2.56459e-05,-7.68453e-06,-1.23691e-05,-3.54419e-05,7.22258e-06,0.000235126,1.20726e-08,-3.6418e-05,-0.00175667,0.00114385,0.00326004,0.00397493,0.000224719,-0.000184465,6.56677e-05,-0.000122592,-0.000312402,0.000156888,0.000294023,0.000294083,4.51274e-06,-0.00012562,-8.8238e-06,0.000338071,-5.8673e-05,3.01072e-05,-2.26988e-05,-3.86026e-05,-0.00188987,-0.000583274,-0.000282307,-8.57457e-05,-1.14864e-05,-0.000101205,7.39113e-05,0.000735432,1.40744e-07,-5.45328e-05,7.34244e-05,-0.000330777,4.3352e-05,-6.4779e-06,2.09291e-05,0.000197903,-1.75452e-05,-5.22727e-05,-1.12573e-05,2.59411e-05,-3.15717e-05,2.66626e-05,6.47995e-06,0.000106296,-6.4364e-05,1.81467e-05,0.000300651,0.000290352,-5.2932e-05,-0.000232416,1.93964e-05,-0.0001687,0.00028611,8.27839e-05,1.72438e-05,-0.000107279,-0.0012722,0.000155075,4.82044e-05,0.00020407
0.300995,-3.23743e-05,5.10814e-07,-1.16727e-05,-2.47237e-05,7.29147e-06,0.000268796,9.07281e-07,-3.07464e-05,-0.00195156,0.00118549,0.00336793,0.00393392,0.000224981,-0.000175386,6.68992e-05,-0.000102532,-0.000309142,0.0001415,0.000318322,0.000246955,3.71687e-06,-0.000145549,-8.19165e-06,0.000342767,5.47764e-05,3.65878e-05,-2.28869e-05,-3.79806e-05,-0.00171568,-0.000457154,-0.000373629,-8.00421e-05,-1.06362e-05,-9.71048e-05,0.00011334,0.000673652,-1.6279e-06,-1.97075e-05,9.3813e-05,-0.000372636,3.79146e-05,0.000112675,1.97908e-05,0.000192318,-1.80429e-05,-6.30361e-05,-1.14908e-05,3.06701e-05,-3.48326e-05,2.83881e-05,5.85456e-06,9.81345e-05,-8.16807e-05,2.55588e-05,0.000331084,0.000280606,-5.32643e-05,-0.000221675,2.0024e-05,-0.000141037,0.000303881,7.43293e-05,1.57506e-05,-0.000118048,-0.0013047,0.000167157,5.01577e-05,0.000133829
0.301995,-3.89571e-05,8.82546e-06,-1.08974e-05,-1.35347e-05,7.28283e-06,0.000300032,1.81389e-06,-2.49188e-05,-0.00213964,0.00121216,0.00345002,0.00385473,0.000222744,-0.000164549,6.76496e-05,-8.27663e-05,-0.000302679,0.000124122,0.000341131,0.000198793,2.89072e-06,-0.00016454,-7.55546e-06,0.000345169,0.000173737,4.29768e-05,-2.29481e-05,-3.67064e-05,-0.00152287,-0.000324036,-0.000465796,-7.40503e-05,-9.62117e-06,-9.23315e-05,0.000152752,0.000601009,-3.4714e-06,1.52613e-05,0.000113334,-0.000410843,3.18787e-05,0.000224441,1.85205e-05,0.000185626,-1.84033e-05,-7.33862e-05,-1.16423e-05,3.49832e-05,-3.79499e-05,2.98473e-05,5.18704e-06,8.94111e-05,-9.80394e-05,3.29565e-05,0.000360807,0.00027006,-5.32375e-05,-0.000209908,2.04436e-05,-0.000113568,0.000320339,6.56005e-05,1.41058e-05,-0.000127437,-0.00133137,0.000181651,5.192e-05,6.38187e-05
0.302995,-4.53767e-05,1.72046e-05,-1.00476e-05,-1.94994e-06,7.19867e-06,0.000328713,2.72456e-06,-1.89766e-05,-0.00231954,0.00122318,0.00350509,0.00373492,0.000217891,-0.000151976,6.79219e-05,-6.34058e-05,-0.000293131,0.000104949,0.000362185,0.000149981,2.03586e-06,-0.000182362,-6.92421e-06,0.000345357,0.000298142,4.93254e-05,-2.28591e-05,-3.47992e-05,-0.00131201,-0.000184896,-0.000558184,-6.78007e-05,-8.45456e-06,-8.69396e-05,0.000191863,0.000517719,-5.37357e-06,5.01046e-05,0.000131782,-0.000445258,2.52565e-05,0.000328385,1.7127e-05,0.000177876,-1.86238e-05,-8.32506e-05,-1.17154e-05,3.88602e-05,-4.08986e-05,3.10394e-05,4.48445e-06,8.02099e-05,-0.000112948,4.0316e-05,0.000389372,0.000258652,-5.28438e-05,-0.000197199,2.06582e-05,-8.64539e-05,0.000335294,5.66952e-05,1.23171e-05,-0.000135358,-0.00135204,0.000198265,5.34783e-05,-4.99486e-06
0.303995,-5.16163e-05,2.55917e-05,-9.12795e-06,9.95099e-06,7.04176e-06,0.000354734,3.63183e-06,-1.29617e-05,-0.00248988,0.00121813,0.00353213,0.00357244,0.000210337,-0.00013772,6.77225e-05,-4.45505e-05,-0.000280679,8.42031e-05,0.000381214,0.000100918,1.15491e-06,-0.000198796,-6.30607e-06,0.000343416,0.000427825,5.56932e-05,-2.25987e-05,-3.22892e-05,-0.00108386,-4.08085e-05,-0.000650127,-6.13253e-05,-7.15291e-06,-8.09886e-05,0.000230382,0.00042419,-7.31627e-06,8.45451e-05,0.000148967,-0.000475768,1.80689e-05,0.000424235,1.56198e-05,0.000169128,-1.87028e-05,-9.25614e-05,-1.17143e-05,4.22864e-05,-4.36541e-05,3.19651e-05,3.75411e-06,7.06162e-05,-0.000125919,4.76136e-05,0.000416293,0.000246313,-5.20782e-05,-0.000183637,2.06727e-05,-5.98381e-05,0.000348545,4.77034e-05,1.0393e-05,-0.000141747,-0.0013665,0.000216597,5.48191e-05,-7.17e-05
0.304995,-5.76597e-05,3.39276e-05,-8.14328e-06,2.20847e-05,6.81564e-06,0.000377997,4.52817e-06,-6.91678e-06,-0.00264923,0.00119688,0.00353035,0.00336575,0.000200034,-0.000121865,6.70618e-05,-2.62915e-05,-0.000265552,6.21359e-05,0.000397945,5.20138e-05,2.51477e-07,-0.000213637,-5.7084e-06,0.000339441,0.000562486,6.21458e-05,-2.21481e-05,-2.9217e-05,-0.000839342,0.000107061,-0.00074091,-5.46584e-05,-5.73592e-06,-7.45425e-05,0.000268012,0.000321034,-9.2798e-06,0.000118301,0.000164716,-0.000502293,1.03455e-05,0.000511867,1.40092e-05,0.000159449,-1.86402e-05,-0.000101254,-1.16433e-05,4.52522e-05,-4.61921e-05,3.26265e-05,3.00354e-06,6.07156e-05,-0.000136475,5.48259e-05,0.000441049,0.000232963,-5.09374e-05,-0.000169308,2.04938e-05,-3.38472e-05,0.00035989,3.87056e-05,8.34329e-06,-0.000146559,-0.00137453,0.000236156,5.59285e-05,-0.000135457
0.305995,-6.34908e-05,4.21502e-05,-7.09872e-06,3.43638e-05,6.52452e-06,0.000398423,5.40607e-06,-8.84844e-07,-0.00279615,0.00115955,0.00349921,0.00311385,0.000186975,-0.000104528,6.59536e-05,-8.71034e-06,-0.000248033,3.90219e-05,0.000412108,3.68457e-06,-6.69853e-07,-0.000226701,-5.13765e-06,0.000333532,0.000701673,6.87521e-05,-2.14914e-05,-2.56328e-05,-0.000579555,0.000257468,-0.000829773,-4.78364e-05,-4.22588e-06,-6.76692e-05,0.000304459,0.000209072,-1.12433e-05,0.000151088,0.000178879,-0.000524778,2.12577e-06,0.000591288,1.23066e-05,0.000148912,-1.84369e-05,-0.000109271,-1.15068e-05,4.77532e-05,-4.84892e-05,3.30271e-05,2.24037e-06,5.0593e-05,-0.000144169,6.19291e-05,0.000463097,0.000218524,-4.94207e-05,-0.000154304,2.01299e-05,-8.5922e-06,0.000369119,2.97735e-05,6.17823e-06,-0.000149773,-0.00137581,0.000256374,5.67926e-05,-0.000195515
0.306995,-6.90936e-05,5.01942e-05,-5.9997e-06,4.66974e-05,6.17333e-06,0.000415942,6.25806e-06,5.09139e-06,-0.00292918,0.00110651,0.0034384,0.00281643,0.000171196,-8.58556e-05,6.44155e-05,8.12028e-06,-0.000228442,1.51567e-05,0.000423444,-4.36531e-05,-1.60365e-06,-0.000237824,-4.5993e-06,0.000325797,0.000844757,7.558e-05,-2.06162e-05,-2.15959e-05,-0.000305803,0.000409104,-0.00091592,-4.08984e-05,-2.64714e-06,-6.0439e-05,0.000339425,8.93394e-05,-1.31851e-05,0.000182626,0.000191326,-0.000543197,-6.54103e-06,0.000662618,1.05237e-05,0.000137598,-1.8095e-05,-0.000116556,-1.13093e-05,4.97898e-05,-5.05229e-05,3.3172e-05,1.47231e-06,4.03324e-05,-0.000148591,6.88987e-05,0.000481883,0.000202924,-4.75293e-05,-0.000138716,1.95905e-05,1.58294e-05,0.000376024,2.09693e-05,3.90906e-06,-0.000151391,-0.00137001,0.000276633,5.73969e-05,-0.000251228
0.307995,-7.44518e-05,5.79902e-05,-4.85192e-06,5.89911e-05,5.76757e-06,0.000430502,7.07679e-06,1.09697e-05,-0.00304683,0.00103845,0.00334785,0.00247388,0.000152779,-6.60234e-05,6.24681e-05,2.41367e-05,-0.000207134,-9.14786e-06,0.000431705,-8.95885e-05,-2.54372e-06,-0.000246864,-4.09787e-06,0.000316349,0.000990916,8.26937e-05,-1.95136e-05,-1.71733e-05,-1.95879e-05,0.00056061,-0.000998515,-3.38855e-05,-1.02549e-06,-5.29245e-05,0.000372619,-3.69178e-05,-1.50833e-05,0.000212638,0.000201949,-0.000557552,-1.55953e-05,0.000726068,8.67335e-06,0.000125595,-1.76179e-05,-0.000123062,-1.10555e-05,5.13671e-05,-5.22717e-05,3.30678e-05,7.07038e-07,3.0016e-05,-0.000149379,7.57092e-05,0.000496849,0.000186096,-4.52667e-05,-0.000122638,1.88866e-05,3.93322e-05,0.000380399,1.23459e-05,1.54763e-06,-0.000151435,-0.0013567,0.000296279,5.77267e-05,-0.000302066
0.308995,-7.95486e-05,6.54652e-05,-3.66139e-06,7.11478e-05,5.31337e-06,0.000442061,7.85511e-06,1.67086e-05,-0.0031476,0.000956265,0.00322774,0.0020874,0.000131858,-4.52336e-05,6.01351e-05,3.92841e-05,-0.000184487,-3.35676e-05,0.000436663,-0.000133723,-3.48324e-06,-0.000253709,-3.63687e-06,0.000305305,0.00113912,9.01489e-05,-1.81787e-05,-1.24392e-05,0.000277381,0.000710592,-0.0010767,-2.68412e-05,6.12524e-07,-4.51991e-05,0.000403756,-0.000168253,-1.69164e-05,0.000240861,0.000210663,-0.000567869,-2.49671e-05,0.000781922,6.7685e-06,0.000112997,-1.70103e-05,-0.000128745,-1.07496e-05,5.24941e-05,-5.37155e-05,3.27222e-05,-4.78564e-08,1.97236e-05,-0.000146234,8.23334e-05,0.000507453,0.000167992,-4.26385e-05,-0.000106167,1.80305e-05,6.18409e-05,0.000382042,3.94775e-06,-8.93549e-07,-0.000149951,-0.00133543,0.000314652,5.77677e-05,-0.000347622
0.309995,-8.43668e-05,7.25426e-05,-2.43445e-06,8.30675e-05,4.81729e-06,0.000450599,8.58612e-06,2.22682e-05,-0.00322995,0.000861125,0.00307851,0.00165902,0.000108612,-2.37119e-05,5.7443e-05,5.35161e-05,-0.000160894,-5.7771e-05,0.000438117,-0.000175675,-4.41488e-06,-0.000258273,-3.21882e-06,0.000292785,0.00128811,9.79891e-05,-1.66107e-05,-7.47315e-06,0.00058318,0.00085764,-0.00114958,-1.98104e-05,2.2402e-06,-3.73366e-05,0.000432559,-0.000303029,-1.86635e-05,0.000267043,0.00021741,-0.0005742,-3.45766e-05,0.000830514,4.82275e-06,9.9901e-05,-1.62778e-05,-0.000133568,-1.03962e-05,5.31838e-05,-5.4836e-05,3.21449e-05,-7.84935e-07,9.53206e-06,-0.000138928,8.87426e-05,0.000513179,0.00014858,-3.96523e-05,-8.94015e-05,1.70353e-05,8.32889e-05,0.000380765,-4.18881e-06,-3.40139e-06,-0.000147003,-0.00130567,0.000331101,5.75054e-05,-0.00038762
0.310995,-8.88882e-05,7.91423e-05,-1.17779e-06,9.46484e-05,4.28636e-06,0.000456106,9.26321e-06,2.761e-05,-0.00329237,0.000754409,0.00290085,0.0011916,8.32706e-05,-1.70288e-06,5.44207e-05,6.67944e-05,-0.00013675,-8.14245e-05,0.000435897,-0.000215089,-5.33095e-06,-0.000260499,-2.84524e-06,0.000278914,0.00143642,0.000106242,-1.48127e-05,-2.35905e-06,0.000895673,0.00100034,-0.00121627,-1.28391e-05,3.83141e-06,-2.94095e-05,0.000458764,-0.00043944,-2.03052e-05,0.000290953,0.00022215,-0.00057662,-4.43342e-05,0.000872208,2.85002e-06,8.64091e-05,-1.54273e-05,-0.000137499,-9.99945e-06,5.34524e-05,-5.56163e-05,3.13465e-05,-1.49699e-06,-4.84832e-07,-0.000127313,9.49056e-05,0.000513549,0.000127851,-3.63176e-05,-7.244e-05,1.59149e-05,0.000103616,0.00037639,-1.20345e-05,-5.96231e-06,-0.000142676,-0.00126688,0.000345011,5.69258e-05,-0.000421913
0.311995,-9.30942e-05,8.51815e-05,1.01535e-07,0.000105787,3.72789e-06,0.000458593,9.88017e-06,3.26976e-05,-0.00333334,0.000637691,0.00269568,0.000688903,5.61106e-05,2.05336e-05,5.10991e-05,7.90891e-05,-0.000112444,-0.000104197,0.000429868,-0.000251638,-6.22356e-06,-0.000260363,-2.51671e-06,0.000263817,0.00158235,0.000114916,-1.27923e-05,2.81623e-06,0.00121252,0.00113731,-0.00127588,-5.97406e-06,5.36117e-06,-2.14893e-05,0.000482122,-0.000575537,-2.18239e-05,0.000312379,0.000224868,-0.000575227,-5.41416e-05,0.000907382,8.64416e-07,7.26259e-05,-1.44665e-05,-0.000140514,-9.5633e-06,5.33192e-05,-5.60418e-05,3.03392e-05,-2.17711e-06,-1.02573e-05,-0.000111328,0.000100789,0.000508143,0.000105825,-3.2646e-05,-5.53842e-05,1.46839e-05,0.000122769,0.00036876,-1.95661e-05,-8.5622e-06,-0.000137068,-0.00121847,0.000355816,5.60157e-05,-0.000450484
0.312995,-9.69651e-05,9.05755e-05,1.39608e-06,0.000116379,3.14946e-06,0.000458088,1.04312e-05,3.74966e-05,-0.00335137,0.000512713,0.00246418,0.00015552,2.7452e-05,4.27276e-05,4.75108e-05,9.03776e-05,-8.83433e-05,-0.000125767,0.000419939,-0.000285031,-7.08478e-06,-0.000257867,-2.23289e-06,0.000247624,0.00172401,0.000123997,-1.0561e-05,7.96444e-06,0.00153116,0.00126718,-0.00132751,7.38744e-07,6.80631e-06,-1.36446e-05,0.0005024,-0.000709252,-2.32043e-05,0.000331137,0.000225571,-0.00057014,-6.38923e-05,0.000936412,-1.11983e-06,5.86577e-05,-1.34043e-05,-0.000142593,-9.09159e-06,5.28057e-05,-5.60997e-05,2.91364e-05,-2.81874e-06,-1.97195e-05,-9.10073e-05,0.000106357,0.000496611,8.25488e-05,-2.86511e-05,-3.83361e-05,1.33574e-05,0.000140697,0.000357743,-2.67656e-05,-1.11865e-05,-0.000130295,-0.00115984,0.000363024,5.47626e-05,-0.000473439
0.313995,-0.000100481,9.52389e-05,2.69801e-06,0.000126321,2.55877e-06,0.000454636,1.09109e-05,4.19758e-05,-0.00334501,0.000381348,0.00220779,-0.000403128,-2.34541e-06,6.46045e-05,4.36896e-05,0.000100645,-6.47899e-05,-0.000145825,0.000406066,-0.000315018,-7.90676e-06,-0.000253048,-1.99257e-06,0.000230464,0.00185931,0.000133445,-8.13408e-06,1.29973e-05,0.00184885,0.00138866,-0.00137032,7.25426e-06,8.14596e-06,-5.94097e-06,0.000519386,-0.000838441,-2.44337e-05,0.000347068,0.000224286,-0.000561496,-7.3473e-05,0.000959654,-3.08849e-06,4.4611e-05,-1.22501e-05,-0.000143721,-8.5879e-06,5.19357e-05,-5.57799e-05,2.77528e-05,-3.41577e-06,-2.88102e-05,-6.64837e-05,0.00011157,0.000478682,5.81003e-05,-2.43484e-05,-2.13981e-05,1.1951e-05,0.000157353,0.000343233,-3.36187e-05,-1.38204e-05,-0.000122482,-0.00109041,0.000366223,5.31555e-05,-0.000490996
0.314995,-0.00010362,9.90869e-05,3.99908e-06,0.000135509,1.96354e-06,0.0004483,1.13147e-05,4.61062e-05,-0.00331289,0.00024557,0.00192817,-0.000980857,-3.28873e-05,8.58895e-05,3.96702e-05,0.000109883,-4.2086e-05,-0.000164081,0.000388255,-0.000341392,-8.68191e-06,-0.000245968,-1.79377e-06,0.000212466,0.001986,0.000143194,-5.53074e-06,1.7828e-05,0.00216268,0.00150051,-0.00140346,1.35295e-05,9.36203e-06,1.55981e-06,0.000532892,-0.000960919,-2.55028e-05,0.000360047,0.000221059,-0.000549452,-8.27654e-05,0.000977436,-5.0275e-06,3.05915e-05,-1.10142e-05,-0.000143891,-8.05557e-06,5.07342e-05,-5.50744e-05,2.62039e-05,-3.96254e-06,-3.74728e-05,-3.79895e-05,0.000116387,0.000454181,3.25898e-05,-1.97555e-05,-4.67237e-06,1.04801e-05,0.000172694,0.000325158,-4.01143e-05,-1.64484e-05,-0.000113763,-0.00100962,0.0003651,5.11849e-05,-0.000503474
0.315995,-0.000106362,0.000102037,5.29067e-06,0.000143842,1.37142e-06,0.000439163,1.16381e-05,4.98625e-05,-0.00325373,0.000107412,0.00162721,-0.00157079,-6.37517e-05,0.000106314,3.54878e-05,0.00011809,-2.04873e-05,-0.000180269,0.000366564,-0.000363994,-9.40303e-06,-0.00023672,-1.63375e-06,0.000193761,0.0021017,0.000153149,-2.77336e-06,2.23729e-05,0.00246957,0.00160158,-0.00142618,1.95242e-05,1.04396e-05,8.80047e-06,0.000542752,-0.0010745,-2.6405e-05,0.000369979,0.000215955,-0.00053418,-9.16469e-05,0.000990049,-6.92302e-06,1.67029e-05,-9.70736e-06,-0.000143102,-7.4977e-06,4.92278e-05,-5.39779e-05,2.45063e-05,-4.45395e-06,-4.56558e-05,-5.85734e-06,0.000120763,0.000423038,6.16012e-06,-1.48918e-05,1.17396e-05,8.96053e-06,0.000186678,0.000303483,-4.62428e-05,-1.90549e-05,-0.000104281,-0.000917003,0.000359447,4.88436e-05,-0.000511278
0.316995,-0.000108685,0.000104011,6.56379e-06,0.000151223,7.8989e-07,0.000427325,1.18777e-05,5.32224e-05,-0.00316636,-3.1069e-05,0.00130705,-0.00216548,-9.44966e-05,0.00012562,3.11778e-05,0.00012527,-1.9621e-07,-0.000194152,0.000341108,-0.000382713,-1.00634e-05,-0.000225421,-1.50913e-06,0.000174479,0.00220395,0.000163189,1.12664e-07,2.65525e-05,0.0027663,0.00169083,-0.00143778,2.52018e-05,1.13671e-05,1.57286e-05,0.000548827,-0.00117705,-2.71375e-05,0.000376804,0.000209053,-0.000515869,-9.99936e-05,0.000997741,-8.76161e-06,3.04571e-06,-8.34076e-06,-0.000141357,-6.91717e-06,4.74434e-05,-5.24879e-05,2.26775e-05,-4.88548e-06,-5.33127e-05,2.94822e-05,0.000124654,0.000385297,-2.10149e-05,-9.779e-06,2.77382e-05,7.4079e-06,0.000199266,0.000278215,-5.19956e-05,-2.16237e-05,-9.41801e-05,-0.000812137,0.000349165,4.61264e-05,-0.000514879
0.317995,-0.000110567,0.000104935,7.80912e-06,0.000157556,2.26127e-07,0.000412904,1.20306e-05,5.6167e-05,-0.0030498,-0.000167832,0.000970013,-0.00275697,-0.000124668,0.000143564,2.67752e-05,0.000131434,1.86441e-05,-0.000205525,0.00031206,-0.00039749,-1.0657e-05,-0.000212212,-1.41597e-06,0.000154749,0.00229024,0.000173164,3.09934e-06,3.0293e-05,0.00304957,0.00176733,-0.00143762,3.053e-05,1.21366e-05,2.22973e-05,0.000551007,-0.00126654,-2.77008e-05,0.000380496,0.000200448,-0.00049472,-0.000107681,0.00100072,-1.05303e-05,-1.02837e-05,-6.92582e-06,-0.000138663,-6.31663e-06,4.54084e-05,-5.06045e-05,2.07355e-05,-5.25324e-06,-6.04024e-05,6.75056e-05,0.000128009,0.000341117,-4.87314e-05,-4.44077e-06,4.32261e-05,5.83762e-06,0.000210421,0.000249405,-5.73644e-05,-2.41385e-05,-8.36073e-05,-0.000694739,0.000334266,4.30312e-05,-0.0005148
0.318995,-0.000111986,0.000104746,9.01703e-06,0.000162754,-3.13062e-07,0.000396036,1.20945e-05,5.86814e-05,-0.00290323,-0.000300886,0.000618663,-0.00333697,-0.00015381,0.000159926,2.23143e-05,0.000136596,3.59527e-05,-0.000214221,0.000279643,-0.000408316,-1.11785e-05,-0.000197253,-1.34988e-06,0.000134697,0.00235808,0.0001829,6.15658e-06,3.35277e-05,0.00331599,0.00183025,-0.00142521,3.54815e-05,1.27438e-05,2.8465e-05,0.000549211,-0.00134105,-2.80984e-05,0.000381063,0.000190246,-0.000470946,-0.000114588,0.00099913,-1.22167e-05,-2.31944e-05,-5.47405e-06,-0.000135037,-5.69855e-06,4.31502e-05,-4.83308e-05,1.86987e-05,-5.55402e-06,-6.68891e-05,0.000107603,0.00013078,0.000290784,-7.67579e-05,1.09688e-06,5.81093e-05,4.26477e-06,0.000220109,0.000217154,-6.23399e-05,-2.65824e-05,-7.27077e-05,-0.000564669,0.000314876,3.95588e-05,-0.000511589
0.319995,-0.000112923,0.000103388,1.01777e-05,0.000166734,-8.21351e-07,0.000376873,1.20678e-05,6.07539e-05,-0.00272609,-0.000428328,0.000255743,-0.00389702,-0.000181472,0.000174507,1.78285e-05,0.000140777,5.17123e-05,-0.000220112,0.00024414,-0.00041523,-1.16233e-05,-0.000180724,-1.30604e-06,0.000114449,0.00240505,0.000192199,9.25264e-06,3.61981e-05,0.00356219,0.00187891,-0.00140011,4.00341e-05,1.3188e-05,3.41962e-05,0.000543389,-0.0013989,-2.83371e-05,0.000378549,0.000178566,-0.000444773,-0.000120596,0.000993098,-1.38092e-05,-3.56015e-05,-3.99691e-06,-0.000130496,-5.06523e-06,4.06961e-05,-4.56726e-05,1.6586e-05,-5.78529e-06,-7.27423e-05,0.000149089,0.000132916,0.000234704,-0.000104839,6.80565e-06,7.22978e-05,2.70402e-06,0.000228298,0.000181613,-6.69121e-05,-2.89383e-05,-6.16228e-05,-0.000421958,0.000291225,3.57135e-05,-0.000505803
0.320995,-0.000113356,0.000100818,1.12811e-05,0.000169422,-1.29297e-06,0.000355583,1.19498e-05,6.23768e-05,-0.00251806,-0.000548375,-0.000115822,-0.00442859,-0.000207222,0.000187137,1.335e-05,0.000144,6.59685e-05,-0.000223114,0.000205881,-0.000418321,-1.19878e-05,-0.000162819,-1.27939e-06,9.41278e-05,0.00242888,0.000200846,1.23546e-05,3.82546e-05,0.00378476,0.00191278,-0.00136207,4.41715e-05,1.34718e-05,3.94613e-05,0.000533522,-0.00143859,-2.84261e-05,0.000373031,0.000165533,-0.000416432,-0.000125596,0.0009827,-1.52968e-05,-4.74271e-05,-2.50563e-06,-0.000125065,-4.4188e-06,3.80725e-05,-4.26387e-05,1.44163e-05,-5.94524e-06,-7.79372e-05,0.00019121,0.000134367,0.000173408,-0.000132699,1.26548e-05,8.57066e-05,1.1695e-06,0.000234963,0.000142983,-7.10693e-05,-3.11887e-05,-5.04891e-05,-0.00026684,0.000263641,3.15035e-05,-0.000497983
0.321995,-0.000113266,9.70081e-05,1.23172e-05,0.000170752,-1.72278e-06,0.000332348,1.17405e-05,6.35461e-05,-0.00227913,-0.000659397,-0.000492941,-0.00492327,-0.000230654,0.000197678,8.90945e-06,0.000146293,7.8827e-05,-0.000223186,0.000165244,-0.000417721,-1.22693e-05,-0.000143739,-1.26464e-06,7.38511e-05,0.00242747,0.00020861,1.54289e-05,3.96577e-05,0.00398042,0.00193144,-0.00131092,4.78833e-05,1.36011e-05,4.42365e-05,0.000519624,-0.00145894,-2.83767e-05,0.000364616,0.000151281,-0.000386163,-0.000129483,0.000967979,-1.66696e-05,-5.8601e-05,-1.01113e-06,-0.000118772,-3.7613e-06,3.53054e-05,-3.92405e-05,1.22084e-05,-6.03282e-06,-8.24542e-05,0.000233164,0.000135085,0.000107538,-0.000160045,1.86112e-05,9.82564e-05,-3.2525e-07,0.000240081,0.00010152,-7.47981e-05,-3.3316e-05,-3.94355e-05,-9.97759e-05,0.00023254,2.69409e-05,-0.000488638
0.322995,-0.000112635,9.19437e-05,1.32761e-05,0.00017067,-2.10634e-06,0.000307364,1.14405e-05,6.42614e-05,-0.00200965,-0.000759938,-0.000872379,-0.00537297,-0.000251398,0.000206022,4.53589e-06,0.000147685,9.0448e-05,-0.000220333,0.000122645,-0.000413604,-1.24659e-05,-0.000123697,-1.25642e-06,5.37341e-05,0.00239902,0.000215252,1.84419e-05,4.03787e-05,0.00414597,0.00193462,-0.00124669,5.11648e-05,1.35845e-05,4.85041e-05,0.00050174,-0.00145907,-2.82017e-05,0.000353442,0.000135949,-0.000354214,-0.000132169,0.000948962,-1.79185e-05,-6.90607e-05,4.76172e-07,-0.00011165,-3.09468e-06,3.24195e-05,-3.54925e-05,9.98105e-06,-6.0477e-06,-8.62791e-05,0.000274108,0.000135023,3.7849e-05,-0.000186577,2.46389e-05,0.000109874,-1.7674e-06,0.000243637,5.75293e-05,-7.80837e-05,-3.5302e-05,-2.85825e-05,7.85299e-05,0.000198417,2.2042e-05,-0.000478223
0.323995,-0.000111449,8.5629e-05,1.4148e-05,0.00016913,-2.43994e-06,0.000280836,1.10512e-05,6.45259e-05,-0.00171033,-0.000848744,-0.00125078,-0.00577004,-0.000269128,0.000212097,2.56388e-07,0.000148209,0.00010104,-0.000214607,7.85382e-05,-0.000406183,-1.25769e-05,-0.000102905,-1.24934e-06,3.38871e-05,0.00234201,0.000220528,2.13601e-05,4.03998e-05,0.0042784,0.00192221,-0.00116953,5.40172e-05,1.34328e-05,5.22517e-05,0.000479948,-0.00143843,-2.79148e-05,0.000339673,0.000119678,-0.000320835,-0.000133574,0.000925659,-1.90354e-05,-7.87526e-05,1.94645e-06,-0.000103736,-2.42085e-06,2.94386e-05,-3.14117e-05,7.75244e-06,-5.99032e-06,-8.94029e-05,0.000313181,0.000134136,-3.48109e-05,-0.000211986,3.06994e-05,0.000120495,-3.14485e-06,0.000245622,1.13693e-05,-8.09096e-05,-3.71287e-05,-1.80408e-05,0.000267109,0.000161825,1.68275e-05,-0.000467125
0.324995,-0.000109692,7.80862e-05,1.49234e-05,0.000166103,-2.72067e-06,0.00025298,1.05747e-05,6.43462e-05,-0.00138228,-0.000924776,-0.00162469,-0.00610746,-0.000283573,0.000215867,-3.90396e-06,0.000147901,0.000110848,-0.000206104,3.34e-05,-0.000395699,-1.26023e-05,-8.1577e-05,-1.23808e-06,1.44153e-05,0.00225533,0.000224197,2.41507e-05,3.97153e-05,0.00437493,0.00189423,-0.00107977,5.64471e-05,1.31587e-05,5.54729e-05,0.000454358,-0.00139685,-2.75296e-05,0.000323498,0.000102612,-0.000286277,-0.000133635,0.000898078,-2.00134e-05,-8.76316e-05,3.39054e-06,-9.50715e-05,-1.74171e-06,2.63855e-05,-2.70179e-05,5.54023e-06,-5.86184e-06,-9.18218e-05,0.000349517,0.000132386,-0.000109509,-0.000235966,3.67517e-05,0.000130061,-4.44633e-06,0.000246034,-3.65555e-05,-8.32584e-05,-3.87774e-05,-7.9105e-06,0.000464719,0.000123367,1.13225e-05,-0.000455646
0.325995,-0.000107353,6.9357e-05,1.55932e-05,0.000161569,-2.94638e-06,0.000224018,1.0014e-05,6.37323e-05,-0.00102704,-0.000987228,-0.00199057,-0.00637898,-0.00029452,0.000217327,-7.92213e-06,0.000146796,0.000120148,-0.000194965,-1.22742e-05,-0.000382423,-1.25432e-05,-5.99209e-05,-1.21747e-06,-4.58183e-06,0.00213831,0.000226028,2.67822e-05,3.83307e-05,0.00443309,0.00185082,-0.0009779,5.84659e-05,1.27763e-05,5.81659e-05,0.000425111,-0.00133454,-2.70587e-05,0.000305124,8.48975e-05,-0.000250795,-0.000132306,0.000866234,-2.08464e-05,-9.5661e-05,4.80005e-06,-8.57023e-05,-1.05916e-06,2.32814e-05,-2.23332e-05,3.36137e-06,-5.66416e-06,-9.35369e-05,0.000382263,0.000129739,-0.000185244,-0.000258217,4.27518e-05,0.000138522,-5.66145e-06,0.000244882,-8.57962e-05,-8.51117e-05,-4.02298e-05,1.71934e-06,0.000669838,8.36759e-05,5.55633e-06,-0.000443995
0.326995,-0.000104423,5.95029e-05,1.61491e-05,0.000155523,-3.11574e-06,0.000194178,9.37248e-06,6.26974e-05,-0.000646606,-0.00103553,-0.00234488,-0.00657927,-0.000301825,0.000216509,-1.17773e-05,0.000144932,0.000129231,-0.000181371,-5.7981e-05,-0.000366645,-1.24016e-05,-3.81391e-05,-1.18258e-06,-2.30107e-05,0.00199074,0.000225805,2.92244e-05,3.62637e-05,0.00445071,0.00179228,-0.000864587,6.00897e-05,1.23002e-05,6.03342e-05,0.000392377,-0.00125212,-2.65134e-05,0.000284778,6.66769e-05,-0.000214642,-0.000129558,0.000830159,-2.15298e-05,-0.000102813,6.16738e-06,-7.56775e-05,-3.7518e-07,2.01466e-05,-1.73822e-05,1.23196e-06,-5.39988e-06,-9.45541e-05,0.000410601,0.000126167,-0.000260966,-0.000278452,4.86533e-05,0.000145838,-6.78069e-06,0.000242183,-0.000135865,-8.64511e-05,-4.14674e-05,1.0771e-05,0.00088067,4.33975e-05,-4.37188e-07,-0.00043228
0.327995,-0.000100896,4.86057e-05,1.65835e-05,0.000147975,-3.22819e-06,0.000163692,8.65435e-06,6.12574e-05,-0.000243439,-0.00106936,-0.00268404,-0.00670405,-0.000305411,0.000213477,-1.54506e-05,0.000142348,0.000138389,-0.000165542,-0.000103219,-0.000348672,-1.21801e-05,-1.6423e-05,-1.12877e-06,-4.07845e-05,0.00181296,0.000223336,3.14491e-05,3.35432e-05,0.00442605,0.00171902,-0.000740655,6.13381e-05,1.17452e-05,6.19854e-05,0.000356357,-0.00115057,-2.59022e-05,0.000262699,4.80923e-05,-0.000178069,-0.000125381,0.000789912,-2.20598e-05,-0.000109069,7.48577e-06,-6.505e-05,3.08158e-07,1.69999e-05,-1.21919e-05,-8.32917e-07,-5.07225e-06,-9.48838e-05,0.000433762,0.00012165,-0.000335597,-0.000296401,5.44073e-05,0.000151978,-7.79551e-06,0.000237965,-0.000186239,-8.72585e-05,-4.24718e-05,1.91779e-05,0.00109515,3.17727e-06,-6.62035e-06,-0.000420502
0.328995,-9.67686e-05,3.67673e-05,1.68897e-05,0.000138949,-3.28395e-06,0.000132792,7.86433e-06,5.9431e-05,0.00017954,-0.00108864,-0.00300451,-0.00675019,-0.000305275,0.000208324,-1.89256e-05,0.000139081,0.000147907,-0.000147734,-0.000147497,-0.000328818,-1.18823e-05,5.04833e-06,-1.05175e-06,-5.7823e-05,0.00160584,0.000218454,3.34301e-05,3.02092e-05,0.00435779,0.00163156,-0.00060709,6.22338e-05,1.11256e-05,6.31312e-05,0.000317278,-0.00103128,-2.52304e-05,0.000239136,2.92818e-05,-0.000141324,-0.000119785,0.000745587,-2.24339e-05,-0.000114417,8.74927e-06,-5.38768e-05,9.88675e-07,1.38589e-05,-6.79112e-06,-2.81927e-06,-4.68518e-06,-9.4541e-05,0.000451048,0.000116178,-0.000408048,-0.00031182,5.99625e-05,0.00015692,-8.69833e-06,0.000232267,-0.000236372,-8.75172e-05,-4.32249e-05,2.68846e-05,0.00131095,-3.63569e-05,-1.29516e-05,-0.000408558
0.329995,-9.20417e-05,2.41085e-05,1.70619e-05,0.000128486,-3.28394e-06,0.000101709,7.00772e-06,5.72396e-05,0.000618942,-0.00109351,-0.00330284,-0.00671578,-0.000301486,0.00020117,-2.21877e-05,0.000135173,0.000158045,-0.00012823,-0.000190348,-0.000307401,-1.15124e-05,2.6111e-05,-9.47647e-07,-7.40533e-05,0.00137081,0.000211028,3.51432e-05,2.63123e-05,0.00424513,0.00153054,-0.000465027,6.28015e-05,1.04548e-05,6.37869e-05,0.000275394,-0.000895985,-2.44993e-05,0.000214344,1.0379e-05,-0.00010465,-0.0001128,0.000697317,-2.26505e-05,-0.000118855,9.95275e-06,-4.22184e-05,1.66404e-06,1.07403e-05,-1.21067e-06,-4.7143e-06,-4.24316e-06,-9.35444e-05,0.000461842,0.000109749,-0.00047724,-0.000324491,6.52656e-05,0.000160652,-9.48258e-06,0.000225137,-0.000285694,-8.7212e-05,-4.37091e-05,3.3846e-05,0.00152554,-7.46087e-05,-1.93861e-05,-0.000396244
0.330995,-8.67187e-05,1.07685e-05,1.70958e-05,0.000116637,-3.22974e-06,7.06695e-05,6.0903e-06,5.47063e-05,0.00107093,-0.00108436,-0.00357566,-0.00660018,-0.000294187,0.000192161,-2.52244e-05,0.000130661,0.000169028,-0.00010734,-0.000231331,-0.000284737,-1.10753e-05,4.66175e-05,-8.13056e-07,-8.94099e-05,0.00110988,0.000200966,3.6567e-05,2.19127e-05,0.00408776,0.00141671,-0.000315739,6.30674e-05,9.74479e-06,6.39709e-05,0.000230984,-0.000746762,-2.37058e-05,0.000188581,-8.48784e-06,-6.82831e-05,-0.000104476,0.000645285,-2.27093e-05,-0.000122385,1.10918e-05,-3.0139e-05,2.33176e-06,7.65925e-06,4.51687e-06,-6.50648e-06,-3.75122e-06,-9.19171e-05,0.000465632,0.00010237,-0.000542132,-0.000334233,7.02615e-05,0.00016317,-1.01427e-05,0.000216637,-0.000333629,-8.63305e-05,-4.39075e-05,4.00271e-05,0.00173616,-0.000111026,-2.58759e-05,-0.000383264
0.331995,-8.08071e-05,-3.09721e-06,1.69883e-05,0.000103473,-3.12354e-06,3.98964e-05,5.11832e-06,5.18566e-05,0.00153123,-0.00106176,-0.00381978,-0.00640411,-0.00028359,0.000181465,-2.8025e-05,0.000125586,0.000181031,-8.53938e-05,-0.000270048,-0.000261135,-1.05763e-05,6.64382e-05,-6.45064e-07,-0.000103835,0.000825614,0.000188219,3.76823e-05,1.70795e-05,0.00388595,0.00129088,-0.000160624,6.3058e-05,9.00555e-06,6.37043e-05,0.000184346,-0.000585978,-2.28414e-05,0.000162104,-2.71972e-05,-3.24518e-05,-9.48843e-05,0.000589725,-2.2611e-05,-0.00012502,1.21627e-05,-1.77064e-05,2.98915e-06,4.63014e-06,1.03574e-05,-8.18561e-06,-3.21487e-06,-8.96854e-05,0.000462017,9.40597e-05,-0.000601732,-0.0003409,7.48939e-05,0.000164483,-1.06742e-05,0.000206839,-0.000379596,-8.48633e-05,-4.38039e-05,4.5402e-05,0.00193991,-0.000145112,-3.23707e-05,-0.000369241
0.332995,-7.43178e-05,-1.73185e-05,1.67376e-05,8.90754e-05,-2.96804e-06,9.60433e-06,4.09837e-06,4.87173e-05,0.00199518,-0.00102651,-0.00403221,-0.00612956,-0.00026997,0.000169264,-3.05809e-05,0.000119987,0.000194172,-6.27317e-05,-0.000306146,-0.000236891,-1.00214e-05,8.54618e-05,-4.41293e-07,-0.000117277,0.000521107,0.000172785,3.84729e-05,1.18893e-05,0.00364056,0.00115398,-1.18218e-06,6.27996e-05,8.24509e-06,6.30104e-05,0.000135804,-0.000416249,-2.18927e-05,0.000135164,-4.56346e-05,2.62419e-06,-8.41127e-05,0.000530921,-2.23571e-05,-0.000126776,1.31624e-05,-4.99186e-06,3.63333e-06,1.66627e-06,1.62754e-05,-9.74285e-06,-2.64006e-06,-8.68792e-05,0.000450725,8.48484e-05,-0.000655127,-0.000344387,7.91057e-05,0.000164606,-1.10735e-05,0.000195824,-0.000423021,-8.28052e-05,-4.33834e-05,4.99533e-05,0.00213377,-0.000176435,-3.88183e-05,-0.000353736
0.333995,-6.72659e-05,-3.17132e-05,1.63436e-05,7.35396e-05,-2.76639e-06,-2.00009e-05,3.0374e-06,4.53168e-05,0.00245777,-0.000979546,-0.00421019,-0.00577984,-0.00025366,0.000155756,-3.28847e-05,0.000113903,0.000208499,-3.97025e-05,-0.000339327,-0.000212285,-9.41657e-06,0.000103596,-1.99925e-07,-0.000129695,0.000199956,0.000154709,3.89248e-05,6.42528e-06,0.003353,0.00100701,0.000160999,6.23174e-05,7.46905e-06,6.19143e-05,8.56944e-05,-0.000240393,-2.08407e-05,0.000108007,-6.36937e-05,3.67354e-05,-7.22688e-05,0.000469213,-2.19502e-05,-0.000127675,1.40881e-05,7.92964e-06,4.26122e-06,-1.21994e-06,2.22342e-05,-1.11708e-05,-2.03308e-06,-8.35313e-05,0.000431616,7.47759e-05,-0.000701492,-0.000344633,8.28396e-05,0.000163564,-1.13383e-05,0.000183685,-0.000463347,-8.01552e-05,-4.26322e-05,5.36714e-05,0.00231465,-0.000204636,-4.51654e-05,-0.000336262
0.334994,-5.96701e-05,-4.60899e-05,1.58077e-05,5.69734e-05,-2.5221e-06,-4.87245e-05,1.9426e-06,4.16845e-05,0.00291369,-0.000921973,-0.00435125,-0.00535948,-0.000235042,0.00014115,-3.49311e-05,0.000107374,0.000223986,-1.6655e-05,-0.000369349,-0.000187576,-8.76838e-06,0.000120765,8.02786e-08,-0.000141053,-0.000133796,0.000134089,3.9027e-05,7.7556e-07,0.00302534,0.000851016,0.000324272,6.16346e-05,6.68064e-06,6.04424e-05,3.43741e-05,-6.13632e-05,-1.96612e-05,8.0868e-05,-8.12764e-05,6.96839e-05,-5.94758e-05,0.00040499,-2.1394e-05,-0.000127746,1.49375e-05,2.09799e-05,4.86954e-06,-4.01693e-06,2.81963e-05,-1.24633e-05,-1.40054e-06,-7.96772e-05,0.000404696,6.38931e-05,-0.000740112,-0.000341621,8.60389e-05,0.000161392,-1.14671e-05,0.000170523,-0.000500045,-7.69172e-05,-4.15384e-05,5.65534e-05,0.00247945,-0.000229429,-5.13579e-05,-0.000316308
0.335994,-5.15531e-05,-6.02509e-05,1.51329e-05,3.94955e-05,-2.23895e-06,-7.63837e-05,8.21371e-07,3.78506e-05,0.00335739,-0.000855014,-0.00445326,-0.00487417,-0.000214539,0.000125657,-3.67158e-05,0.000100439,0.000240529,6.06821e-06,-0.000396034,-0.000163002,-8.08343e-06,0.000136913,3.99962e-07,-0.000151321,-0.000475721,0.000111071,3.87709e-05,-4.96799e-06,0.0026602,0.000687135,0.000486952,6.07723e-05,5.88071e-06,5.86224e-05,-1.77884e-05,0.000117805,-1.83251e-05,5.39712e-05,-9.82938e-05,0.000101284,-4.58718e-05,0.00033869,-2.06925e-05,-0.000127021,1.57087e-05,3.40775e-05,5.45481e-06,-6.71388e-06,3.41229e-05,-1.36158e-05,-7.49255e-07,-7.53551e-05,0.000370112,5.2261e-05,-0.000770393,-0.000335381,8.86481e-05,0.000158132,-1.14596e-05,0.00015645,-0.000532617,-7.31007e-05,-4.0092e-05,5.86029e-05,0.00262513,-0.000250611,-5.73421e-05,-0.000293361
0.336994,-4.29415e-05,-7.39952e-05,1.43238e-05,2.1234e-05,-1.92091e-06,-0.00010281,-3.18761e-07,3.38458e-05,0.00378316,-0.000779985,-0.00451444,-0.00433066,-0.0001926,0.000109495,-3.82363e-05,9.31374e-05,0.000257942,2.81365e-05,-0.00041927,-0.000138774,-7.36844e-06,0.000151999,7.59168e-07,-0.00016048,-0.000821084,8.58486e-05,3.81507e-05,-1.07114e-05,0.00226078,0.000516548,0.00064734,5.97487e-05,5.06791e-06,5.64826e-05,-7.04131e-05,0.000294066,-1.67994e-05,2.75257e-05,-0.000114666,0.000131363,-3.16071e-05,0.000270793,-1.98511e-05,-0.000125534,1.63995e-05,4.71379e-05,6.01336e-06,-9.30069e-06,3.99751e-05,-1.4625e-05,-8.62051e-08,-7.06051e-05,0.000328161,3.99501e-05,-0.000791875,-0.000325986,9.0614e-05,0.000153835,-1.13165e-05,0.000141582,-0.00056061,-6.87207e-05,-3.82853e-05,5.98291e-05,0.00274874,-0.000268055,-6.30649e-05,-0.000266933
0.337994,-3.38659e-05,-8.71228e-05,1.33866e-05,2.32541e-06,-1.57203e-06,-0.000127848,-1.47018e-06,2.97014e-05,0.00418522,-0.000698275,-0.00453345,-0.00373661,-0.000169694,9.2876e-05,-3.94909e-05,8.55095e-05,0.000275959,4.92375e-05,-0.000439005,-0.000115078,-6.63016e-06,0.000165995,1.15734e-06,-0.000168516,-0.00116492,5.86649e-05,3.7163e-05,-1.63602e-05,0.00183085,0.000340491,0.000803754,5.85787e-05,4.23889e-06,5.40516e-05,-0.000123111,0.000464423,-1.50474e-05,1.72566e-06,-0.000130323,0.000159764,-1.68424e-05,0.000201816,-1.88754e-05,-0.000123325,1.70079e-05,6.00735e-05,6.54138e-06,-1.17679e-05,4.57131e-05,-1.54888e-05,5.81549e-07,-6.54693e-05,0.000279282,2.70394e-05,-0.000804238,-0.000313554,9.18861e-05,0.000148557,-1.10396e-05,0.000126041,-0.000583624,-6.3798e-05,-3.61131e-05,6.02466e-05,0.00284749,-0.000281713,-6.84748e-05,-0.000236581
0.338994,-2.43606e-05,-9.94373e-05,1.23289e-05,-1.70874e-05,-1.19642e-06,-0.000151359,-2.62525e-06,2.54485e-05,0.00455779,-0.000611309,-0.00450936,-0.00310046,-0.000146291,7.60116e-05,-4.04794e-05,7.7595e-05,0.000294239,6.90826e-05,-0.000455252,-9.20716e-05,-5.87527e-06,0.000178889,1.5933e-06,-0.000175419,-0.00150213,2.98039e-05,3.58072e-05,-2.18208e-05,0.00137466,0.000160247,0.000954553,5.7274e-05,3.38877e-06,5.13584e-05,-0.000175487,0.000625999,-1.30304e-05,-2.32516e-05,-0.000145202,0.000186344,-1.7456e-06,0.000132303,-1.7772e-05,-0.000120435,1.75319e-05,7.27945e-05,7.03492e-06,-1.41069e-05,5.1297e-05,-1.62066e-05,1.24693e-06,-5.99913e-05,0.000224057,1.36154e-05,-0.000807306,-0.000298245,9.24182e-05,0.000142362,-1.06316e-05,0.000109956,-0.000601316,-5.83593e-05,-3.35732e-05,5.98746e-05,0.00291886,-0.000291612,-7.35222e-05,-0.000201937
0.339994,-1.44639e-05,-0.00011075,1.11598e-05,-3.68566e-05,-7.98126e-07,-0.00017322,-3.77636e-06,2.11181e-05,0.0048952,-0.000520531,-0.00444173,-0.00243127,-0.000122856,5.91043e-05,-4.12027e-05,6.94345e-05,0.000312372,8.74118e-05,-0.000468083,-6.98868e-05,-5.11031e-06,0.000190675,2.0653e-06,-0.000181188,-0.00182758,-4.11246e-07,3.40851e-05,-2.70024e-05,0.000896919,-2.28585e-05,0.00109816,5.58427e-05,2.51153e-06,4.84318e-05,-0.000227143,0.000776093,-1.07087e-05,-4.72459e-05,-0.000159254,0.000210974,1.35106e-05,6.28189e-05,-1.6548e-05,-0.000116908,1.79688e-05,8.52088e-05,7.48994e-06,-1.63092e-05,5.66867e-05,-1.67787e-05,1.90292e-06,-5.42159e-05,0.000163193,-2.29251e-07,-0.000801052,-0.000280258,9.21689e-05,0.000135321,-1.00962e-05,9.34563e-05,-0.000613408,-5.24373e-05,-3.06666e-05,5.87373e-05,0.00296057,-0.000297844,-7.81603e-05,-0.000162726
0.340994,-4.21765e-06,-0.000120883,9.88961e-06,-5.68311e-05,-3.81117e-07,-0.000193325,-4.91597e-06,1.67409e-05,0.00519196,-0.000427369,-0.00433061,-0.00173853,-9.98301e-05,4.23471e-05,-4.16625e-05,6.10689e-05,0.000329887,0.000103998,-0.000477623,-4.86279e-05,-4.34166e-06,0.000201358,2.57097e-06,-0.000185827,-0.00213621,-3.16242e-05,3.20009e-05,-3.18182e-05,0.000402752,-0.000207462,0.00123311,5.42896e-05,1.60062e-06,4.53004e-05,-0.000277679,0.000912244,-8.04317e-06,-7.01151e-05,-0.000172433,0.000233545,2.87515e-05,-6.06222e-06,-1.5211e-05,-0.000112788,1.83161e-05,9.72226e-05,7.90236e-06,-1.83675e-05,6.18421e-05,-1.72069e-05,2.54262e-06,-4.81889e-05,9.75214e-05,-1.43974e-05,-0.000785592,-0.000259829,9.1103e-05,0.000127507,-9.43836e-06,7.6675e-05,-0.000619693,-4.60702e-05,-2.73979e-05,5.68632e-05,0.00297071,-0.000300565,-8.23456e-05,-0.00011879
0.341994,6.33238e-06,-0.000129673,8.52979e-06,-7.68583e-05,5.07876e-08,-0.000211585,-6.03668e-06,1.2347e-05,0.0054429,-0.000333215,-0.00417655,-0.00103201,-7.76238e-05,2.59209e-05,-4.18616e-05,5.25399e-05,0.000346267,0.00011865,-0.000484044,-2.83742e-05,-3.57541e-06,0.000210946,3.10741e-06,-0.000189344,-0.00242311,-6.34516e-05,2.95617e-05,-3.6187e-05,-0.000102402,-0.000392165,0.00135801,5.26163e-05,6.4953e-07,4.19922e-05,-0.000326697,0.00103228,-4.99699e-06,-9.17349e-05,-0.000184704,0.000253961,4.38034e-05,-7.37645e-05,-1.37692e-05,-0.000108122,1.85704e-05,0.000108741,8.26809e-06,-2.02746e-05,6.67232e-05,-1.74937e-05,3.15932e-06,-4.19567e-05,2.79774e-05,-2.87888e-05,-0.000761181,-0.000237223,8.91918e-05,0.000119002,-8.66368e-06,5.97439e-05,-0.000620036,-3.93017e-05,-2.37754e-05,5.42857e-05,0.00294777,-0.000299984,-8.60379e-05,-7.0105e-05
0.342994,1.7137e-05,-0.000136975,7.09269e-06,-9.67859e-05,4.93934e-07,-0.000227927,-7.13122e-06,7.96564e-06,0.00564325,-0.000239405,-0.00398062,-0.000321548,-5.66024e-05,9.99315e-06,-4.18041e-05,4.38898e-05,0.00036096,0.000131216,-0.000487556,-9.1814e-06,-2.8174e-06,0.000219452,3.6711e-06,-0.000191752,-0.00268367,-9.549e-05,2.67771e-05,-4.00349e-05,-0.000612847,-0.000575541,0.00147167,5.08214e-05,-3.47527e-07,3.85349e-05,-0.000373806,0.00113435,-1.5374e-06,-0.000111999,-0.00019604,0.000272144,5.84963e-05,-0.000139721,-1.22314e-05,-0.000102956,1.87282e-05,0.000119668,8.5831e-06,-2.20243e-05,7.12905e-05,-1.76429e-05,3.74654e-06,-3.55659e-05,-4.4414e-05,-4.33017e-05,-0.000728206,-0.000212733,8.64149e-05,0.000109886,-7.7789e-06,4.27936e-05,-0.00061438,-3.21805e-05,-1.98114e-05,5.10429e-05,0.00289068,-0.000296353,-8.92013e-05,-1.67958e-05
0.343994,2.81436e-05,-0.000142663,5.59136e-06,-0.000116463,9.44851e-07,-0.000242296,-8.19253e-06,3.6254e-06,0.00578873,-0.000147191,-0.00374444,0.000383108,-3.70773e-05,-5.28395e-06,-4.14948e-05,3.51615e-05,0.000373397,0.000141584,-0.000488397,8.9161e-06,-2.07309e-06,0.000226887,4.25803e-06,-0.000193069,-0.0029136,-0.000127323,2.36595e-05,-4.3296e-05,-0.00112272,-0.000756138,0.00157299,4.89012e-05,-1.39497e-06,3.49555e-05,-0.000418621,0.00121701,2.36251e-06,-0.000130817,-0.000206419,0.000288034,7.26666e-05,-0.000203385,-1.06065e-05,-9.73377e-05,1.87855e-05,0.000129909,8.8435e-06,-2.36107e-05,7.5505e-05,-1.7659e-05,4.29815e-06,-2.90634e-05,-0.000118556,-5.78348e-05,-0.000687176,-0.000186674,8.27604e-05,0.000100247,-6.79164e-06,2.59519e-05,-0.000602743,-2.47602e-05,-1.55226e-05,4.71781e-05,0.00279884,-0.000289959,-9.1804e-05,4.08538e-05
0.344994,3.92961e-05,-0.000146636,4.03936e-06,-0.000135741,1.40025e-06,-0.00025465,-9.21378e-06,-6.46376e-07,0.00587563,-5.77319e-05,-0.00347011,0.0010725,-1.9297e-05,-1.97743e-05,-4.09395e-05,2.63986e-05,0.000383007,0.000149686,-0.000486825,2.59029e-05,-1.34759e-06,0.00023326,4.86365e-06,-0.000193316,-0.00310913,-0.000158528,2.02241e-05,-4.59141e-05,-0.00162607,-0.000932487,0.00166109,4.685e-05,-2.49517e-06,3.12804e-05,-0.000460769,0.00127917,6.7219e-06,-0.000148118,-0.000215823,0.000301587,8.61597e-05,-0.000264234,-8.90429e-06,-9.13146e-05,1.87378e-05,0.000139369,9.04556e-06,-2.50289e-05,7.93284e-05,-1.75472e-05,4.80832e-06,-2.24955e-05,-0.000193302,-7.22885e-05,-0.000638704,-0.000159375,7.82261e-05,9.01729e-05,-5.71042e-06,9.34254e-06,-0.000585223,-1.70983e-05,-1.093e-05,4.27398e-05,0.00267217,-0.000281117,-9.38186e-05,0.000102395
0.345994,5.05354e-05,-0.000148815,2.45051e-06,-0.000154478,1.85702e-06,-0.000264968,-1.01884e-05,-4.82349e-06,0.00590095,2.79263e-05,-0.00316026,0.0017376,-3.44076e-06,-3.33585e-05,-4.01453e-05,1.76454e-05,0.000389238,0.000155494,-0.000483106,4.17798e-05,-6.45588e-07,0.000238578,5.48292e-06,-0.000192518,-0.00326697,-0.000188686,1.64891e-05,-4.78433e-05,-0.00211696,-0.00110311,0.00173526,4.46606e-05,-3.64789e-06,2.7535e-05,-0.000499891,0.0013202,1.15504e-05,-0.000163843,-0.000224239,0.000312775,9.88323e-05,-0.000321784,-7.13459e-06,-8.49338e-05,1.85805e-05,0.000147957,9.18584e-06,-2.62744e-05,8.27233e-05,-1.73138e-05,5.27167e-06,-1.59081e-05,-0.000267473,-8.65666e-05,-0.000583498,-0.000131175,7.28202e-05,7.97525e-05,-4.54462e-06,-6.91641e-06,-0.000561991,-9.25598e-06,-6.05906e-06,3.77822e-05,0.00251111,-0.000270155,-9.52219e-05,0.000167215
0.346994,6.17995e-05,-0.000149151,8.38622e-07,-0.000172534,2.31218e-06,-0.000273241,-1.11099e-05,-8.88107e-06,0.00586243,0.00010886,-0.00281799,0.00236999,1.03868e-05,-4.59345e-05,-3.91201e-05,8.94641e-06,0.000391571,0.00015902,-0.000477499,5.65608e-05,2.86361e-08,0.000242838,6.11034e-06,-0.000190702,-0.00338449,-0.000217387,1.2476e-05,-4.90491e-05,-0.00258956,-0.00126652,0.00179497,4.23252e-05,-4.84965e-06,2.37441e-05,-0.000535649,0.00133985,1.68464e-05,-0.000177952,-0.000231655,0.000321589,0.000110555,-0.000375594,-5.30779e-06,-7.82424e-05,1.83086e-05,0.000155583,9.26121e-06,-2.73437e-05,8.56535e-05,-1.69652e-05,5.68324e-06,-9.34642e-06,-0.000339885,-0.000100578,-0.000522343,-0.000102418,6.65615e-05,6.90761e-05,-3.30445e-06,-2.27132e-05,-0.000533289,-1.2974e-06,-9.39967e-07,3.23653e-05,0.00231666,-0.000257408,-9.59953e-05,0.000234539
0.347994,7.30234e-05,-0.00014762,-7.82687e-07,-0.000189777,2.76286e-06,-0.000279476,-1.19724e-05,-1.27956e-05,0.00575863,0.000184277,-0.00244684,0.00296197,2.21578e-05,-5.74172e-05,-3.78733e-05,3.46769e-07,0.000389538,0.000160317,-0.000470251,7.02705e-05,6.71261e-07,0.000246034,6.73996e-06,-0.0001879,-0.00345971,-0.000244238,8.20951e-06,-4.95088e-05,-0.00303821,-0.00142125,0.00183991,3.98357e-05,-6.09337e-06,1.99317e-05,-0.000567722,0.00133834,2.25957e-05,-0.000190416,-0.000238061,0.000328035,0.000121212,-0.000425272,-3.43464e-06,-7.12872e-05,1.7917e-05,0.000162161,9.26896e-06,-2.82339e-05,8.80841e-05,-1.65089e-05,6.03856e-06,-2.85434e-06,-0.000409365,-0.000114236,-0.000456082,-7.3446e-05,5.94803e-05,5.82336e-05,-2.00088e-06,-3.79436e-05,-0.000499427,6.71098e-06,4.39272e-06,2.65554e-05,0.00209035,-0.000243209,-9.61244e-05,0.000303446
0.348994,8.41399e-05,-0.000144229,-2.40025e-06,-0.000206081,3.20624e-06,-0.000283693,-1.27702e-05,-1.65452e-05,0.00558899,0.000253522,-0.00205077,0.0035067,3.1922e-05,-6.77387e-05,-3.64151e-05,-8.10842e-06,0.000382742,0.000159471,-0.000461585,8.2941e-05,1.27892e-06,0.000248148,7.36547e-06,-0.000184143,-0.00349135,-0.000268872,3.71796e-06,-4.92122e-05,-0.00345756,-0.00156585,0.00186995,3.71847e-05,-7.36793e-06,1.61207e-05,-0.000595818,0.00131627,2.87699e-05,-0.000201219,-0.000243442,0.000332135,0.000130707,-0.000470481,-1.52624e-06,-6.4114e-05,1.74011e-05,0.000167611,9.20683e-06,-2.8943e-05,8.99822e-05,-1.59523e-05,6.3337e-06,3.52552e-06,-0.000474781,-0.000127463,-0.000385599,-4.45925e-05,5.16184e-05,4.73141e-05,-6.45592e-07,-5.25116e-05,-0.000460777,1.4701e-05,9.89998e-06,2.04248e-05,0.00183424,-0.000227879,-9.55987e-05,0.000372876
0.349994,9.50794e-05,-0.000139012,-4.00155e-06,-0.000221327,3.6395e-06,-0.000285925,-1.34976e-05,-2.01093e-05,0.0053539,0.000316079,-0.0016341,0.00399828,3.98043e-05,-7.68477e-05,-3.47572e-05,-1.63741e-05,0.000370867,0.000156604,-0.000451685,9.46093e-05,1.84871e-06,0.000249154,7.98018e-06,-0.000179467,-0.00347889,-0.00029095,-9.66653e-07,-4.81614e-05,-0.00384261,-0.00169889,0.00188517,3.43659e-05,-8.65803e-06,1.23335e-05,-0.000619671,0.00127463,3.53259e-05,-0.000210357,-0.000247783,0.000333926,0.000138958,-0.000510942,4.05957e-07,-5.67683e-05,1.67561e-05,0.00017186,9.07312e-06,-2.94698e-05,9.13164e-05,-1.53037e-05,6.56524e-06,9.75214e-06,-0.000535057,-0.000140187,-0.000311805,-1.61791e-05,4.30293e-05,3.6405e-05,7.49062e-07,-6.63301e-05,-0.000417766,2.26036e-05,1.55386e-05,1.40521e-05,0.00155091,-0.000211723,-9.44113e-05,0.00044166
0.350994,0.00010577,-0.000132031,-5.57489e-06,-0.000235404,4.05975e-06,-0.000286219,-1.41497e-05,-2.34694e-05,0.00505465,0.000371567,-0.00120145,0.00443184,4.6001e-05,-8.47091e-05,-3.29122e-05,-2.44057e-05,0.000353694,0.000151866,-0.000440697,0.000105315,2.3782e-06,0.000249019,8.57712e-06,-0.00017391,-0.00342255,-0.000310172,-5.80848e-06,-4.63711e-05,-0.00418879,-0.00181902,0.0018858,3.13748e-05,-9.9441e-06,8.59123e-06,-0.000639049,0.00121478,4.22049e-05,-0.000217836,-0.000251062,0.00033346,0.000145903,-0.000546439,2.35013e-06,-4.92947e-05,1.59782e-05,0.00017484,8.86675e-06,-2.98141e-05,9.20579e-05,-1.45712e-05,6.73033e-06,1.57863e-05,-0.000589198,-0.000152344,-0.000235615,1.14905e-05,3.37778e-05,2.55913e-05,2.17014e-06,-7.93213e-05,-0.000370866,3.03494e-05,2.12612e-05,7.5217e-06,0.00124344,-0.000195024,-9.25587e-05,0.000508539
0.351994,0.00011614,-0.000123376,-7.10958e-06,-0.000248206,4.46397e-06,-0.000284631,-1.47216e-05,-2.66083e-05,0.00469352,0.000419743,-0.000757677,0.00480355,5.0773e-05,-9.13031e-05,-3.08943e-05,-3.21592e-05,0.000331111,0.000145432,-0.000428714,0.000115097,2.86541e-06,0.000247699,9.14906e-06,-0.000167511,-0.00332331,-0.000326277,-1.07677e-05,-4.38681e-05,-0.00449207,-0.00192492,0.00187228,2.82093e-05,-1.12024e-05,4.91442e-06,-0.000653755,0.00113838,4.93325e-05,-0.000223673,-0.00025325,0.000330804,0.000151499,-0.000576815,4.29414e-06,-4.17369e-05,1.5064e-05,0.000176493,8.58729e-06,-2.99765e-05,9.21804e-05,-1.37635e-05,6.82673e-06,2.1591e-05,-0.000636305,-0.000163878,-0.000157938,3.81348e-05,2.394e-05,1.49553e-05,3.60419e-06,-9.14169e-05,-0.00032059,3.78694e-05,2.70171e-05,9.23605e-07,0.000915328,-0.000178034,-9.00405e-05,0.000572195
0.352994,0.000126114,-0.000113163,-8.59602e-06,-0.000259634,4.84896e-06,-0.000281229,-1.52089e-05,-2.95108e-05,0.00427375,0.000460492,-0.000307832,0.0051107,5.44374e-05,-9.66249e-05,-2.87187e-05,-3.95917e-05,0.000303118,0.000137495,-0.000415776,0.000123994,3.30885e-06,0.000245142,9.68856e-06,-0.000160312,-0.00318286,-0.000339052,-1.58005e-05,-4.0691e-05,-0.00474898,-0.00201538,0.00184519,2.48699e-05,-1.24054e-05,1.32251e-06,-0.000663634,0.00104738,5.66187e-05,-0.000227891,-0.000254311,0.000326035,0.00015572,-0.000601979,6.22555e-06,-3.41377e-05,1.40114e-05,0.000176771,8.23504e-06,-2.99587e-05,9.16606e-05,-1.28892e-05,6.85276e-06,2.71313e-05,-0.000675597,-0.00017474,-7.96597e-05,6.34977e-05,1.36026e-05,4.5754e-06,5.03733e-06,-0.000102558,-0.000267479,4.50957e-05,3.27522e-05,-5.64737e-06,0.000570473,-0.000160977,-8.68585e-05,0.000631283
0.353994,0.000135617,-0.000101529,-1.00258e-05,-0.000269597,5.21128e-06,-0.000276089,-1.56074e-05,-3.21634e-05,0.00379947,0.000493819,0.000142945,0.00535166,5.73573e-05,-0.000100683,-2.6402e-05,-4.66618e-05,0.000269835,0.000128265,-0.000401866,0.00013204,3.70747e-06,0.000241293,1.01881e-05,-0.000152356,-0.00300359,-0.00034833,-2.08592e-05,-3.68896e-05,-0.00495668,-0.00208929,0.00180523,2.13605e-05,-1.35221e-05,-2.16598e-06,-0.000668569,0.000943934,6.39589e-05,-0.000230523,-0.000254197,0.000319247,0.000158559,-0.000621897,8.13164e-06,-2.65388e-05,1.28196e-05,0.000175637,7.81107e-06,-2.97631e-05,9.04784e-05,-1.19571e-05,6.80736e-06,3.23749e-05,-0.000706421,-0.000184887,-1.6295e-06,8.73525e-05,2.86196e-06,-5.47409e-06,6.45534e-06,-0.000112697,-0.000212097,5.19621e-05,3.84097e-05,-1.20925e-05,0.000213114,-0.000144042,-8.30169e-05,0.000684467
0.354994,0.000144575,-8.86366e-05,-1.13917e-05,-0.000278006,5.54719e-06,-0.000269295,-1.59134e-05,-3.45545e-05,0.00327572,0.000519839,0.000589484,0.0055259,5.99294e-05,-0.0001035,-2.39617e-05,-5.33298e-05,0.0002315,0.00011796,-0.000386906,0.000139265,4.06065e-06,0.00023609,1.064e-05,-0.00014369,-0.0027885,-0.000353996,-2.58918e-05,-3.25237e-05,-0.00511298,-0.00214565,0.00175325,1.76882e-05,-1.45188e-05,-5.53356e-06,-0.000668494,0.000830366,7.12349e-05,-0.000231606,-0.000252851,0.00031054,0.000160027,-0.000636595,9.99948e-06,-1.89811e-05,1.1489e-05,0.000173064,7.31722e-06,-2.93934e-05,8.86176e-05,-1.09759e-05,6.69006e-06,3.72919e-05,-0.000728269,-0.000194283,7.53493e-05,0.000109503,-8.17658e-06,-1.51237e-05,7.84377e-06,-0.000121794,-0.000155016,5.8405e-05,4.39307e-05,-1.831e-05,-0.000152241,-0.000127384,-7.85218e-05,0.000730454
0.355994,0.000152912,-7.46632e-05,-1.26877e-05,-0.000284779,5.85266e-06,-0.000260941,-1.61236e-05,-3.66741e-05,0.00270835,0.000538768,0.00102667,0.00563388,6.25715e-05,-0.00010511,-2.14165e-05,-5.95581e-05,0.000188468,0.000106804,-0.000370767,0.000145694,4.36821e-06,0.00022947,1.10368e-05,-0.000134361,-0.00254118,-0.000355988,-3.0843e-05,-2.76622e-05,-0.00521639,-0.00218363,0.00169016,1.38639e-05,-1.53596e-05,-8.76377e-06,-0.000663387,0.000709112,7.83165e-05,-0.000231186,-0.000250205,0.000300029,0.000160148,-0.000646153,1.18159e-05,-1.1504e-05,1.00222e-05,0.000169039,6.75619e-06,-2.8854e-05,8.60661e-05,-9.95437e-06,6.501e-06,4.18553e-05,-0.000740781,-0.000202892,0.000150529,0.000129787,-1.94002e-05,-2.43094e-05,9.18804e-06,-0.000129819,-9.68148e-05,6.43636e-05,4.92552e-05,-2.41969e-05,-0.000520885,-0.000111125,-7.33809e-05,0.00076803
0.356994,0.000160556,-5.98032e-05,-1.39091e-05,-0.000289837,6.12331e-06,-0.000251124,-1.62349e-05,-3.85145e-05,0.00210397,0.000550908,0.0014495,0.00567706,6.5708e-05,-0.000105557,-1.87861e-05,-6.53118e-05,0.000141205,9.50191e-05,-0.000353263,0.000151348,4.63038e-06,0.000221372,1.1371e-05,-0.00012442,-0.0022657,-0.000354292,-3.5654e-05,-2.23821e-05,-0.00526613,-0.00220253,0.00161694,9.90225e-06,-1.60078e-05,-1.18412e-05,-0.000653279,0.000582657,8.50642e-05,-0.000229312,-0.000246177,0.000287835,0.000158964,-0.000650701,1.35678e-05,-4.14582e-06,8.42332e-06,0.000163563,6.13148e-06,-2.81503e-05,8.28164e-05,-8.90097e-06,6.24093e-06,4.60412e-05,-0.000743755,-0.000210685,0.000223223,0.000148076,-3.06897e-05,-3.29728e-05,1.04736e-05,-0.000136752,-3.80627e-05,6.97808e-05,5.4322e-05,-2.96502e-05,-0.000887989,-9.53542e-05,-6.7603e-05,0.000796098
0.357994,0.000167433,-4.42627e-05,-1.5052e-05,-0.000293104,6.35445e-06,-0.00023995,-1.62449e-05,-4.00695e-05,0.00146982,0.000556635,0.00185321,0.0056578,6.97554e-05,-0.000104898,-1.60911e-05,-7.05587e-05,9.0278e-05,8.28238e-05,-0.000334165,0.000156239,4.8478e-06,0.000211736,1.16353e-05,-0.000113919,-0.00196653,-0.00034895,-4.02628e-05,-1.67666e-05,-0.0052621,-0.00220186,0.00153462,5.82139e-06,-1.64267e-05,-1.47518e-05,-0.000638253,0.000453478,9.13311e-05,-0.000226039,-0.000240676,0.000274087,0.000156527,-0.000650414,1.52417e-05,3.05664e-06,6.6988e-06,0.00015665,5.44742e-06,-2.72886e-05,7.8866e-05,-7.82417e-06,5.91116e-06,4.98283e-05,-0.000737149,-0.000217631,0.000292812,0.000164274,-4.19214e-05,-4.10619e-05,1.1686e-05,-0.000142579,2.06838e-05,7.46039e-05,5.90704e-05,-3.45687e-05,-0.00124868,-8.01304e-05,-6.11988e-05,0.000813708
0.358994,0.000173475,-2.82562e-05,-1.61136e-05,-0.000294507,6.54108e-06,-0.000227528,-1.61515e-05,-4.13348e-05,0.000813701,0.000556384,0.00223328,0.00557925,7.51081e-05,-0.000103199,-1.33523e-05,-7.52702e-05,3.63471e-05,7.04262e-05,-0.000313207,0.000160376,5.02143e-06,0.000200513,1.18227e-05,-0.000102914,-0.00164845,-0.000340051,-4.46051e-05,-1.09041e-05,-0.0052049,-0.00218132,0.00144424,1.64308e-06,-1.65807e-05,-1.74824e-05,-0.000618442,0.000323992,9.69664e-05,-0.000221427,-0.000233601,0.000258923,0.000152901,-0.000645507,1.68246e-05,1.00679e-05,4.85719e-06,0.000148329,4.70914e-06,-2.6276e-05,7.42175e-05,-6.73214e-06,5.51362e-06,5.31988e-05,-0.00072108,-0.000223697,0.000358745,0.000178319,-5.29686e-05,-4.85315e-05,1.2811e-05,-0.000147298,7.88903e-05,7.87846e-05,6.34403e-05,-3.88552e-05,-0.00159812,-6.54856e-05,-5.41799e-05,0.000820089
0.359994,0.000178613,-1.20031e-05,-1.70918e-05,-0.000293973,6.67798e-06,-0.00021397,-1.59531e-05,-4.23081e-05,0.00014383,0.000550639,0.00258556,0.00544524,8.21237e-05,-0.000100532,-1.05915e-05,-7.94211e-05,-1.98524e-05,5.80212e-05,-0.000290093,0.000163764,5.15264e-06,0.00018766,1.19268e-05,-9.14629e-05,-0.00131645,-0.000327729,-4.86147e-05,-4.88615e-06,-0.00509582,-0.00214081,0.00134681,-2.60765e-06,-1.64368e-05,-2.00213e-05,-0.000594036,0.000196504,0.000101819,-0.00021554,-0.000224842,0.000242484,0.00014816,-0.000636226,1.83033e-05,1.68543e-05,2.90931e-06,0.000138644,3.92256e-06,-2.51205e-05,6.88795e-05,-5.63281e-06,5.05078e-06,5.61379e-05,-0.00069582,-0.000228847,0.000420542,0.000190184,-6.37034e-05,-5.53432e-05,1.38349e-05,-0.00015091,0.000136051,8.22804e-05,6.73736e-05,-4.2418e-05,-0.00193159,-5.14285e-05,-4.65599e-05,0.000814677
0.360994,0.000182784,4.27624e-06,-1.79851e-05,-0.000291434,6.75973e-06,-0.000199393,-1.56486e-05,-4.29889e-05,-0.000531276,0.000539914,0.00290631,0.00526023,9.111e-05,-9.6981e-05,-7.83026e-06,-8.29899e-05,-7.75245e-05,4.57874e-05,-0.000264514,0.000166402,5.24306e-06,0.000173151,1.19414e-05,-7.96258e-05,-0.000975624,-0.000312164,-5.22244e-05,1.19369e-06,-0.00493676,-0.00208047,0.00124332,-6.90285e-06,-1.59655e-05,-2.23582e-05,-0.000565276,7.31602e-05,0.000105739,-0.000208447,-0.000214285,0.000224919,0.000142383,-0.000622846,1.96651e-05,2.33838e-05,8.68217e-07,0.000127655,3.0943e-06,-2.38309e-05,6.28666e-05,-4.53379e-06,4.52568e-06,5.8634e-05,-0.000661788,-0.000233042,0.000477789,0.000199868,-7.39987e-05,-6.14657e-05,1.47444e-05,-0.000153427,0.000191692,8.50543e-05,7.08147e-05,-4.51736e-05,-0.00224458,-3.79485e-05,-3.83544e-05,0.000797134
0.361994,0.00018593,2.0364e-05,-1.87921e-05,-0.000286821,6.78084e-06,-0.000183917,-1.52376e-05,-4.33785e-05,-0.00120294,0.000524746,0.00319225,0.0050291,0.000102313,-9.26332e-05,-5.0903e-06,-8.59597e-05,-0.00013583,3.38842e-05,-0.00023616,0.000168287,5.29464e-06,0.000156974,1.18611e-05,-6.7466e-05,-0.000631064,-0.000293574,-5.53669e-05,7.24186e-06,-0.00473021,-0.00200067,0.00113469,-1.1212e-05,-1.51424e-05,-2.44839e-05,-0.000532453,-4.40921e-05,0.000108586,-0.000200218,-0.000201811,0.000206376,0.000135657,-0.000605662,2.08978e-05,2.96261e-05,-1.25084e-06,0.000115436,2.23167e-06,-2.24166e-05,5.61996e-05,-3.44236e-06,3.94189e-06,6.06787e-05,-0.00061954,-0.000236232,0.00053014,0.000207402,-8.37301e-05,-6.68755e-05,1.5527e-05,-0.000154864,0.000245381,8.70756e-05,7.37117e-05,-4.70486e-05,-0.00253285,-2.50203e-05,-2.95814e-05,0.000767368
0.362994,0.000187996,3.60486e-05,-1.95118e-05,-0.000280067,6.73589e-06,-0.000167662,-1.47202e-05,-4.34798e-05,-0.00186248,0.000505678,0.00344062,0.00475713,0.000115904,-8.75836e-05,-2.39297e-06,-8.83175e-05,-0.000193907,2.24497e-05,-0.000204732,0.000169414,5.3096e-06,0.000139138,1.16813e-05,-5.50492e-05,-0.000287777,-0.000272214,-5.79759e-05,1.31663e-05,-0.0044792,-0.00190203,0.00102176,-1.55027e-05,-1.39494e-05,-2.63909e-05,-0.000495908,-0.000153536,0.000110229,-0.000190929,-0.000187303,0.00018701,0.000128067,-0.000584986,2.19896e-05,3.55531e-05,-3.43057e-06,0.000102075,1.34255e-06,-2.08877e-05,4.89061e-05,-2.36541e-06,3.30351e-06,6.22671e-05,-0.000569759,-0.00023836,0.000577308,0.000212841,-9.27781e-05,-7.15564e-05,1.61711e-05,-0.000155245,0.000296726,8.83204e-05,7.60169e-05,-4.79814e-05,-0.0027925,-1.26084e-05,-2.02621e-05,0.000725539
0.363994,0.000188933,5.11281e-05,-2.01429e-05,-0.000271108,6.61961e-06,-0.000150749,-1.40972e-05,-4.32978e-05,-0.00250132,0.000483252,0.0036492,0.0044498,0.000131976,-8.1932e-05,2.40989e-07,-9.00551e-05,-0.000250887,1.15996e-05,-0.000169958,0.000169777,5.29035e-06,0.000119674,1.13979e-05,-4.24435e-05,4.94208e-05,-0.000248366,-5.9987e-05,1.88782e-05,-0.00418726,-0.00178539,0.000905283,-1.97409e-05,-1.23755e-05,-2.80731e-05,-0.000456025,-0.000253714,0.000110551,-0.00018066,-0.000170649,0.000166972,0.000119705,-0.000561136,2.29295e-05,4.11387e-05,-5.65183e-06,8.76764e-05,4.35332e-07,-1.92549e-05,4.10203e-05,-1.30943e-06,2.61513e-06,6.33972e-05,-0.000513235,-0.000239359,0.000619066,0.000216262,-0.00010103,-7.54995e-05,1.66659e-05,-0.000154597,0.000345377,8.8772e-05,7.76881e-05,-4.79246e-05,-0.00302007,-6.71427e-07,-1.04219e-05,0.000672066
0.364994,0.000188701,6.5413e-05,-2.06835e-05,-0.000259886,6.42709e-06,-0.000133302,-1.337e-05,-4.2839e-05,-0.00311118,0.000457998,0.00381637,0.00411273,0.00015053,-7.57819e-05,2.79171e-06,-9.11686e-05,-0.000305917,1.42626e-06,-0.000131609,0.000169371,5.23954e-06,9.86375e-05,1.10081e-05,-2.97195e-05,0.000375985,-0.000222339,-6.13394e-05,2.42932e-05,-0.0038583,-0.00165184,0.000785893,-2.38917e-05,-1.04182e-05,-2.95257e-05,-0.000413228,-0.000343444,0.000109453,-0.000169493,-0.000151748,0.000146418,0.000110657,-0.000534438,2.37073e-05,4.63593e-05,-7.89384e-06,7.23549e-05,-4.81181e-07,-1.75293e-05,3.25833e-05,-2.80501e-07,1.88182e-06,6.40703e-05,-0.000450854,-0.000239151,0.000655237,0.000217762,-0.00010838,-7.87037e-05,1.70021e-05,-0.000152954,0.000391032,8.84209e-05,7.86887e-05,-4.68465e-05,-0.00321254,1.08337e-05,-9.11143e-08,0.000607625
0.365994,0.000187263,7.87295e-05,-2.11313e-05,-0.000246344,6.15394e-06,-0.000115443,-1.25409e-05,-4.21114e-05,-0.00368416,0.000430426,0.00394108,0.00375153,0.000171477,-6.92398e-05,5.24052e-06,-9.16591e-05,-0.000358176,-8.00105e-06,-8.95111e-05,0.000168192,5.15993e-06,7.6111e-05,1.05098e-05,-1.69495e-05,0.000687722,-0.000194461,-6.19765e-05,2.93333e-05,-0.0034966,-0.00150269,0.000664114,-2.79199e-05,-8.08432e-06,-3.07457e-05,-0.000367978,-0.000421831,0.000106859,-0.000157515,-0.000130514,0.000125498,0.00010101,-0.000505215,2.4314e-05,5.11935e-05,-1.01346e-05,5.62397e-05,-1.39789e-06,-1.57225e-05,2.36432e-05,7.15766e-07,1.10909e-06,6.42909e-05,-0.000383573,-0.000237648,0.00068569,0.000217454,-0.000114736,-8.11752e-05,1.71713e-05,-0.000150351,0.000433432,8.72656e-05,7.89893e-05,-4.47327e-05,-0.00336743,2.19477e-05,1.06941e-05,0.000533137
0.366994,0.000184593,9.09219e-05,-2.14832e-05,-0.000230434,5.79646e-06,-9.72938e-05,-1.16129e-05,-4.11249e-05,-0.00421293,0.000401019,0.00402288,0.00337174,0.000194633,-6.24143e-05,7.57016e-06,-9.1532e-05,-0.000406893,-1.66357e-05,-4.35604e-05,0.000166238,5.05444e-06,5.22042e-05,9.90233e-06,-4.20781e-06,0.000980856,-0.000165071,-6.18479e-05,3.39276e-05,-0.00310671,-0.00133948,0.000540349,-3.17905e-05,-5.39024e-06,-3.17314e-05,-0.000320761,-0.000488271,0.000102719,-0.000144814,-0.000106882,0.000104365,9.08459e-05,-0.000473787,2.47418e-05,5.56224e-05,-1.23511e-05,3.94703e-05,-2.30551e-06,-1.38466e-05,1.42546e-05,1.67421e-06,3.02872e-07,6.40663e-05,-0.000312404,-0.000234751,0.000710336,0.000215463,-0.000120014,-8.29269e-05,1.71668e-05,-0.00014683,0.000472364,8.53125e-05,7.85676e-05,-4.15869e-05,-0.00348285,3.27058e-05,2.18905e-05,0.000449751
0.367994,0.000180673,0.000101855,-2.1735e-05,-0.000212119,5.3518e-06,-7.89742e-05,-1.05897e-05,-3.98905e-05,-0.0046908,0.000370225,0.00406193,0.00297873,0.00021972,-5.54142e-05,9.76511e-06,-9.07976e-05,-0.000451362,-2.44526e-05,6.2653e-06,0.000163512,4.92607e-06,2.70556e-05,9.18594e-06,8.43024e-06,0.00125208,-0.000134522,-6.09104e-05,3.8014e-05,-0.00269336,-0.00116393,0.000414882,-3.54695e-05,-2.36278e-06,-3.24829e-05,-0.000272084,-0.000542443,9.70063e-05,-0.000131482,-8.08166e-05,8.31635e-05,8.02431e-05,-0.000440464,2.49841e-05,5.96297e-05,-1.45198e-05,2.2196e-05,-3.19468e-06,-1.19135e-05,4.479e-06,2.59017e-06,-5.30498e-07,6.34068e-05,-0.000238391,-0.000230348,0.000729121,0.000211922,-0.000124147,-8.39788e-05,1.69833e-05,-0.000142435,0.000507654,8.2576e-05,7.74095e-05,-3.74323e-05,-0.00355745,4.31347e-05,3.34465e-05,0.000358828
0.368994,0.000175492,0.000111413,-2.18815e-05,-0.000191371,4.8182e-06,-6.06032e-05,-9.476e-06,-3.8421e-05,-0.00511186,0.000338459,0.00405895,0.00257759,0.000246369,-4.83479e-05,1.18118e-05,-8.94705e-05,-0.000490957,-3.14462e-05,5.98962e-05,0.000160019,4.77786e-06,8.32126e-07,8.36222e-06,2.08883e-05,0.0014986,-0.000103164,-5.91291e-05,4.15397e-05,-0.00226144,-0.000977938,0.000287884,-3.89243e-05,9.60913e-07,-3.30016e-05,-0.000222466,-0.000584303,8.97288e-05,-0.000117614,-5.23132e-05,6.20383e-05,6.92736e-05,-0.000405549,2.50359e-05,6.32018e-05,-1.66174e-05,4.57424e-06,-4.05612e-06,-9.93576e-06,-5.61601e-06,3.45943e-06,-1.38434e-06,6.23255e-05,-0.000162594,-0.000224325,0.000742022,0.00020697,-0.000127079,-8.43571e-05,1.66174e-05,-0.000137216,0.00053917,7.90786e-05,7.55088e-05,-3.23117e-05,-0.00359055,5.32505e-05,4.53014e-05,0.000261904
0.369994,0.000169048,0.000119508,-2.19164e-05,-0.000168178,4.19511e-06,-4.2297e-05,-8.27724e-06,-3.67302e-05,-0.0054711,0.000306094,0.00401519,0.0021731,0.00027413,-4.13219e-05,1.36987e-05,-8.75695e-05,-0.000525141,-3.76287e-05,0.000117162,0.000155771,4.61287e-06,-2.62713e-05,7.43405e-06,3.309e-05,0.00171817,-7.1349e-05,-5.64795e-05,4.4462e-05,-0.00181589,-0.000783566,0.000159424,-4.21242e-05,4.53338e-06,-3.32904e-05,-0.000172428,-0.000614061,8.09231e-05,-0.000103306,-2.14083e-05,4.11273e-05,5.80037e-05,-0.000369329,2.48939e-05,6.6328e-05,-1.86206e-05,-1.32313e-05,-4.8807e-06,-7.92582e-06,-1.59569e-05,4.2783e-06,-2.25166e-06,6.0838e-05,-8.60641e-05,-0.000216556,0.000749043,0.00020075,-0.000128772,-8.40937e-05,1.60672e-05,-0.000131222,0.000566813,7.48514e-05,7.28686e-05,-2.62871e-05,-0.00358204,6.30572e-05,5.73842e-05,0.000160666
0.370994,0.000161351,0.00012607,-2.1832e-05,-0.000142548,3.48336e-06,-2.4169e-05,-6.99974e-06,-3.48332e-05,-0.00576441,0.000273466,0.00393242,0.00176969,0.000302476,-3.44394e-05,1.54168e-05,-8.51178e-05,-0.000553474,-4.30278e-05,0.000177787,0.000150785,4.43415e-06,-5.4033e-05,6.40561e-06,4.4959e-05,0.0019091,-3.94211e-05,-5.29476e-05,4.67491e-05,-0.00136165,-0.000582986,2.94838e-05,-4.50412e-05,8.29734e-06,-3.33538e-05,-0.000122485,-0.000632163,7.06584e-05,-8.86568e-05,1.1817e-05,2.05631e-05,4.64937e-05,-0.000332078,2.45565e-05,6.90001e-05,-2.05071e-05,-3.10522e-05,-5.65962e-06,-5.89617e-06,-2.64647e-05,5.04356e-06,-3.12517e-06,5.89626e-05,-9.82443e-06,-0.000206917,0.000750212,0.000193403,-0.000129204,-8.32257e-05,1.53328e-05,-0.000124509,0.000590518,6.9933e-05,6.95005e-05,-1.94399e-05,-0.00353245,7.25459e-05,6.96125e-05,5.69078e-05
0.371994,0.000152417,0.000131058,-2.162e-05,-0.000114507,2.68531e-06,-6.32894e-06,-5.65069e-06,-3.27465e-05,-0.00598872,0.000240869,0.00381289,0.00137134,0.000330815,-2.77992e-05,1.69592e-05,-8.2142e-05,-0.000575623,-4.76832e-05,0.000241384,0.00014508,4.24466e-06,-8.22068e-05,5.2824e-06,5.64201e-05,0.00207025,-7.7131e-06,-4.85319e-05,4.83803e-05,-0.000903578,-0.000378459,-0.000102025,-4.76498e-05,1.21864e-05,-3.31976e-05,-7.31337e-05,-0.000639259,5.90362e-05,-7.37666e-05,4.72315e-05,4.71691e-07,3.47976e-05,-0.000294055,2.40238e-05,7.12129e-05,-2.22561e-05,-4.87178e-05,-6.3845e-06,-3.85929e-06,-3.70557e-05,5.75247e-06,-3.99738e-06,5.67195e-05,6.51455e-05,-0.000195282,0.000745578,0.000185068,-0.000128368,-8.1795e-05,1.44161e-05,-0.000117131,0.000610245,6.43702e-05,6.5425e-05,-1.18695e-05,-0.00344291,8.16943e-05,8.18923e-05,-4.75062e-05
0.372994,0.000142275,0.000134452,-2.12708e-05,-8.41088e-05,1.80494e-06,1.11172e-05,-4.23808e-06,-3.04871e-05,-0.00614201,0.000208556,0.00365922,0.000981624,0.000358502,-2.14939e-05,1.83219e-05,-7.86727e-05,-0.00059136,-5.16449e-05,0.000307458,0.000138686,4.04732e-06,-0.000110524,4.07122e-06,6.74e-05,0.00220103,2.3457e-05,-4.32438e-05,4.93459e-05,-0.000446426,-0.000172303,-0.000235235,-4.9928e-05,1.6126e-05,-3.28288e-05,-2.48447e-05,-0.000636176,4.61887e-05,-5.87355e-05,8.46496e-05,-1.90277e-05,2.29639e-05,-0.000255506,2.3298e-05,7.2964e-05,-2.38485e-05,-6.60569e-05,-7.0475e-06,-1.82752e-06,-4.76423e-05,6.40277e-06,-4.86061e-06,5.41313e-05,0.000137928,-0.000181532,0.000735213,0.000175879,-0.000126277,-7.9847e-05,1.33209e-05,-0.00010915,0.000625979,5.82171e-05,6.06717e-05,-3.69193e-06,-0.0033151,9.04676e-05,9.41169e-05,-0.000150684
0.373994,0.000130961,0.000136256,-2.07742e-05,-5.14355e-05,8.47896e-07,2.8068e-05,-2.77071e-06,-2.80731e-05,-0.00622333,0.000176746,0.00347441,0.000603643,0.000384858,-1.5609e-05,1.95031e-05,-7.47434e-05,-0.000600564,-5.49692e-05,0.000375406,0.000131635,3.8449e-06,-0.000138698,2.78016e-06,7.78276e-05,0.00230139,5.37896e-05,-3.71084e-05,4.96473e-05,5.2404e-06,3.31483e-05,-0.000370302,-5.18572e-05,2.00348e-05,-3.22559e-05,2.19485e-05,-0.000623881,3.2278e-05,-4.36643e-05,0.000123828,-3.78237e-05,1.10358e-05,-0.00021666,2.23831e-05,7.42538e-05,-2.52673e-05,-8.28999e-05,-7.6414e-06,1.86979e-07,-5.81335e-05,6.99269e-06,-5.70704e-06,5.12223e-05,0.000207682,-0.000165559,0.000719207,0.000165962,-0.000122957,-7.74306e-05,1.20532e-05,-0.000100624,0.00063772,5.1535e-05,5.52786e-05,4.96217e-06,-0.00315127,9.88192e-05,0.000106167,-0.000250749
0.374994,0.000118521,0.000136497,-2.01198e-05,-1.66008e-05,-1.78418e-07,4.44271e-05,-1.25812e-06,-2.55234e-05,-0.00623279,0.000145622,0.00326175,0.000240057,0.000409179,-1.02214e-05,2.05035e-05,-7.03904e-05,-0.00060322,-5.77167e-05,0.000444524,0.000123966,3.64004e-06,-0.000166427,1.41849e-06,8.76351e-05,0.00237177,8.30065e-05,-3.01653e-05,4.92967e-05,0.000447078,0.000235579,-0.000507373,-5.34226e-05,2.38263e-05,-3.14884e-05,6.68592e-05,-0.00060345,1.74928e-05,-2.86528e-05,0.000164462,-5.5813e-05,-9.47963e-07,-0.000177732,2.12851e-05,7.50852e-05,-2.64982e-05,-9.90807e-05,-8.15976e-06,2.17231e-06,-6.84362e-05,7.52088e-06,-6.5288e-06,4.80185e-05,0.000273654,-0.000147267,0.000697675,0.000155437,-0.000118453,-7.45967e-05,1.06204e-05,-9.16196e-05,0.000645484,4.43914e-05,4.92918e-05,1.39496e-05,-0.00295412,0.000106693,0.000117911,-0.000345886
0.375994,0.000105011,0.000135223,-1.92969e-05,2.02465e-05,-1.26491e-06,6.01036e-05,2.89478e-07,-2.28574e-05,-0.00617159,0.000115334,0.00302473,-0.000106917,0.000430757,-5.39839e-06,2.13264e-05,-6.56528e-05,-0.00059941,-5.9949e-05,0.000514015,0.000115721,3.4352e-06,-0.000193399,-3.36463e-09,9.67585e-05,0.00241306,0.000110853,-2.24687e-05,4.83164e-05,0.000875008,0.000432729,-0.000646562,-5.46132e-05,2.74104e-05,-3.0537e-05,0.000109555,-0.000576033,2.04597e-06,-1.38001e-05,0.000206188,-7.29008e-05,-1.29519e-05,-0.000138925,2.00116e-05,7.54642e-05,-2.75294e-05,-0.000114439,-8.59694e-06,4.11689e-06,-7.84558e-05,7.98645e-06,-7.31804e-06,4.45474e-05,0.000335189,-0.000126586,0.000670752,0.000144415,-0.000112824,-7.13976e-05,9.03226e-06,-8.22002e-05,0.000649294,3.68599e-05,4.27654e-05,2.31175e-05,-0.00272679,0.000114023,0.000129206,-0.000434377
0.376994,9.04946e-05,0.000132501,-1.82953e-05,5.89198e-05,-2.40083e-06,7.50125e-05,1.86127e-06,-2.00948e-05,-0.0060419,8.60069e-05,0.00276702,-0.000435489,0.000448895,-1.1962e-06,2.19772e-05,-6.05715e-05,-0.000589311,-6.17265e-05,0.000582997,0.000106949,3.23267e-06,-0.000219295,-1.47398e-06,0.000105138,0.00242656,0.000137101,-1.40873e-05,4.67383e-05,0.00128525,0.00062243,-0.000787914,-5.54218e-05,3.06956e-05,-2.94132e-05,0.000149769,-0.000542817,-1.38304e-05,7.97213e-07,0.000248582,-8.90013e-05,-2.49429e-05,-0.000100428,1.85724e-05,7.5399e-05,-2.83526e-05,-0.000128823,-8.94822e-06,6.00954e-06,-8.80977e-05,8.38893e-06,-8.06693e-06,4.08376e-05,0.00039174,-0.000103468,0.000638601,0.000132995,-0.000106143,-6.78867e-05,7.30005e-06,-7.24334e-05,0.000649179,2.9019e-05,3.57601e-05,3.23064e-05,-0.00247281,0.000120739,0.000139896,-0.000514645
0.377994,7.50447e-05,0.000128415,-1.71054e-05,9.9192e-05,-3.57388e-06,8.90754e-05,3.44592e-06,-1.7256e-05,-0.00584689,5.77392e-05,0.00249237,-0.000744264,0.000462927,2.34056e-06,2.24633e-05,-5.51891e-05,-0.000573182,-6.31058e-05,0.000650525,9.77016e-05,3.03451e-06,-0.000243796,-2.98103e-06,0.000112721,0.0024139,0.000161548,-5.10428e-06,4.46029e-05,0.00167435,0.000802637,-0.000931381,-5.58453e-05,3.35912e-05,-2.81296e-05,0.0001873,-0.000504995,-2.98891e-05,1.50451e-05,0.000291158,-0.000104038,-3.68889e-05,-6.24229e-05,1.69787e-05,7.49007e-05,-2.89623e-05,-0.000142089,-9.20981e-06,7.83952e-06,-9.72678e-05,8.72823e-06,-8.76782e-06,3.6919e-05,0.000442867,-7.79012e-05,0.000601413,0.000121269,-9.84957e-05,-6.41168e-05,5.43683e-06,-6.23877e-05,0.000645172,2.09511e-05,2.8343e-05,4.1353e-05,-0.00219599,0.000126768,0.000149817,-0.00058529
0.378994,5.87411e-05,0.000123065,-1.57189e-05,0.000140795,-4.77038e-06,0.00010222,5.03172e-06,-1.43611e-05,-0.00559058,3.06107e-05,0.00220455,-0.00103221,0.000472229,5.17991e-06,2.27939e-05,-4.95494e-05,-0.000551356,-6.4138e-05,0.000715599,8.80356e-05,2.84257e-06,-0.000266589,-4.51144e-06,0.000119459,0.00237704,0.000184019,4.3834e-06,4.19581e-05,0.0020392,0.000971463,-0.00107679,-5.5884e-05,3.60092e-05,-2.66995e-05,0.000222026,-0.000463738,-4.58733e-05,2.8853e-05,0.000333382,-0.000117943,-4.8758e-05,-2.50785e-05,1.52435e-05,7.39823e-05,-2.93562e-05,-0.000154107,-9.37892e-06,9.59662e-06,-0.000105874,9.00468e-06,-9.41327e-06,3.2822e-05,0.000488244,-4.99104e-05,0.000559411,0.00010932,-8.99807e-05,-6.01399e-05,3.45717e-06,-5.21328e-05,0.000637304,1.27421e-05,2.05867e-05,5.00945e-05,-0.00190038,0.000132035,0.000158796,-0.000645117
0.379994,4.1671e-05,0.000116565,-1.41294e-05,0.000183417,-5.97547e-06,0.000114383,6.60667e-06,-1.14305e-05,-0.00527781,4.68409e-06,0.00190731,-0.00129863,0.000476243,7.30305e-06,2.29798e-05,-4.36973e-05,-0.000524229,-6.48671e-05,0.000777184,7.80103e-05,2.65847e-06,-0.00028737,-6.05154e-06,0.00012531,0.00231813,0.000204371,1.42657e-05,3.88585e-05,0.00237706,0.00112721,-0.00122382,-5.55422e-05,3.7867e-05,-2.51366e-05,0.000253898,-0.000420164,-6.15222e-05,4.21348e-05,0.000374665,-0.000130659,-6.05168e-05,1.14423e-05,1.33809e-05,7.26595e-05,-2.95353e-05,-0.000164757,-9.45381e-06,1.12712e-05,-0.000113829,9.21893e-06,-9.99613e-06,2.85776e-05,0.000527654,-1.95638e-05,0.000512851,9.72201e-05,-8.07047e-05,-5.60063e-05,1.37707e-06,-4.17394e-05,0.000625604,4.47961e-06,1.25677e-05,5.8371e-05,-0.00159019,0.000136468,0.000166656,-0.000693164
0.380994,2.39278e-05,0.000109037,-1.23326e-05,0.000226706,-7.17335e-06,0.000125507,8.15864e-06,-8.48438e-06,-0.00491409,-1.99904e-05,0.0016043,-0.00154311,0.000474485,8.70473e-06,2.30329e-05,-3.76779e-05,-0.000492246,-6.53286e-05,0.000834235,6.76877e-05,2.48358e-06,-0.00030585,-7.58725e-06,0.00013024,0.00223951,0.000222484,2.44209e-05,3.53638e-05,0.00268557,0.00126838,-0.00137198,-5.48275e-05,3.90894e-05,-2.34556e-05,0.000282951,-0.000375319,-7.65769e-05,5.48094e-05,0.000414382,-0.000142138,-7.21294e-05,4.6984e-05,1.14064e-05,7.09499e-05,-2.95032e-05,-0.000173935,-9.43373e-06,1.28542e-05,-0.000121046,9.37199e-06,-1.05096e-05,2.42172e-05,0.00056099,1.30228e-05,0.00046203,8.50344e-05,-7.07822e-05,-5.17639e-05,-7.86203e-07,-3.12786e-05,0.000610099,-3.74768e-06,4.36604e-06,6.60299e-05,-0.00126971,0.00014,0.000173215,-0.000728721
0.381994,5.61066e-06,0.000100612,-1.0327e-05,0.000270265,-8.34758e-06,0.000135542,9.67548e-06,-5.54267e-06,-0.00450552,-4.33721e-05,0.00129902,-0.00176547,0.000466563,9.39343e-06,2.2966e-05,-3.15364e-05,-0.00045589,-6.5549e-05,0.000885708,5.71322e-05,2.31905e-06,-0.000321762,-9.10429e-06,0.000134224,0.00214362,0.00023827,3.47166e-05,3.15379e-05,0.00296274,0.00139371,-0.00152059,-5.37506e-05,3.96112e-05,-2.16714e-05,0.000309295,-0.000330155,-9.07869e-05,6.68011e-05,0.000451873,-0.00015234,-8.35566e-05,8.1397e-05,9.3365e-06,6.88731e-05,-2.92663e-05,-0.000181554,-9.31901e-06,1.43372e-05,-0.000127447,9.46517e-06,-1.09474e-05,1.97723e-05,0.000588246,4.76817e-05,0.000407282,7.28207e-05,-6.03333e-05,-4.74577e-05,-3.01437e-06,-2.08219e-05,0.000590812,-1.18514e-05,-3.93618e-06,7.29287e-05,-0.000943239,0.00014257,0.000178292,-0.000751346
0.382994,-1.31765e-05,9.14263e-05,-8.11415e-06,0.000313662,-9.48139e-06,0.000144448,1.11452e-05,-2.62484e-06,-0.00405866,-6.54274e-05,0.000994806,-0.00196575,0.000452185,9.39123e-06,2.27921e-05,-2.53178e-05,-0.000415672,-6.55452e-05,0.000930591,4.64101e-05,2.16578e-06,-0.000334864,-1.05883e-05,0.000137241,0.00203295,0.000251667,4.5012e-05,2.74471e-05,0.00320699,0.00150219,-0.00166874,-5.23254e-05,3.93785e-05,-1.97992e-05,0.000333117,-0.000285516,-0.000103916,7.8041e-05,0.000486458,-0.000161236,-9.47547e-05,0.000114537,7.18819e-06,6.64504e-05,-2.88332e-05,-0.000187542,-9.11093e-06,1.57127e-05,-0.000132958,9.50008e-06,-1.13038e-05,1.52743e-05,0.000609509,8.41911e-05,0.000348987,6.06308e-05,-4.94813e-05,-4.3129e-05,-5.28829e-06,-1.04403e-05,0.000567765,-1.97448e-05,-1.22559e-05,7.89386e-05,-0.00061501,0.000144128,0.00018171,-0.000760868
0.383994,-3.23256e-05,8.162e-05,-5.69928e-06,0.000356424,-1.0558e-05,0.000152193,1.2556e-05,2.50154e-07,-0.0035804,-8.61267e-05,0.000694736,-0.00214414,0.00043117,8.7335e-06,2.25246e-05,-1.90663e-05,-0.000372115,-6.53247e-05,0.000967918,3.55893e-05,2.02445e-06,-0.000344946,-1.20252e-05,0.000139281,0.00190997,0.000262637,5.51592e-05,2.31593e-05,0.00341708,0.00159305,-0.00181533,-5.05681e-05,3.83514e-05,-1.78546e-05,0.000354673,-0.000242129,-0.000115747,8.84665e-05,0.000517449,-0.000168807,-0.000105675,0.000146264,4.97911e-06,6.37048e-05,-2.82142e-05,-0.000191843,-8.8118e-06,1.69738e-05,-0.000137514,9.47861e-06,-1.15735e-05,1.07543e-05,0.000624952,0.000122273,0.000287564,4.85113e-05,-3.83509e-05,-3.88151e-05,-7.58819e-06,-2.04041e-07,0.000540979,-2.73438e-05,-2.05105e-05,8.3947e-05,-0.000289136,0.000144636,0.0001833,-0.000757391
0.384994,-5.17254e-05,7.13326e-05,-3.09145e-06,0.000398049,-1.15611e-05,0.000158751,1.38967e-05,3.06404e-06,-0.00307782,-0.000105443,0.000401649,-0.00230096,0.000403458,7.46825e-06,2.21765e-05,-1.2825e-05,-0.000325752,-6.48862e-05,0.000996793,2.47385e-05,1.89548e-06,-0.000351831,-1.34011e-05,0.000140343,0.00177713,0.00027117,6.50059e-05,1.87425e-05,0.00359219,0.00166579,-0.00195903,-4.84973e-05,3.65054e-05,-1.58532e-05,0.000374282,-0.000200592,-0.000126091,9.80229e-05,0.000544162,-0.00017504,-0.000116263,0.000176442,2.72702e-06,6.06609e-05,-2.74211e-05,-0.000194423,-8.42482e-06,1.81143e-05,-0.000141058,9.40286e-06,-1.17521e-05,6.2429e-06,0.000634822,0.000161594,0.000223479,3.6505e-05,-2.70655e-05,-3.45489e-05,-9.89389e-06,9.81795e-06,0.000510477,-3.4568e-05,-2.86183e-05,8.78601e-05,3.04636e-05,0.000144068,0.000182903,-0.000741284
0.385994,-7.12621e-05,6.07019e-05,-3.03873e-07,0.000438008,-1.2475e-05,0.000164107,1.51566e-05,5.79934e-06,-0.0025581,-0.00012335,0.000118094,-0.00243662,0.000369106,5.65533e-06,2.176e-05,-6.63608e-06,-0.000277107,-6.422e-05,0.00101641,1.39273e-05,1.77912e-06,-0.00035538,-1.47027e-05,0.000140433,0.00163673,0.000277278,7.43977e-05,1.42635e-05,0.00373181,0.00172017,-0.00209832,-4.61336e-05,3.38323e-05,-1.38109e-05,0.000392313,-0.000161382,-0.000134788,0.000106663,0.000565931,-0.000179935,-0.000126457,0.000204942,4.49661e-07,5.73443e-05,-2.6466e-05,-0.000195262,-7.95408e-06,1.91292e-05,-0.00014354,9.2752e-06,-1.1836e-05,1.77012e-06,0.000639427,0.000201764,0.000157238,2.46523e-05,-1.57458e-05,-3.0359e-05,-1.2185e-05,1.95586e-05,0.000476286,-4.13424e-05,-3.65005e-05,9.06054e-05,0.000340116,0.000142412,0.000180379,-0.00071317
0.386994,-9.082e-05,4.9862e-05,2.646e-06,0.000475748,-1.32853e-05,0.000168253,1.63256e-05,8.4395e-06,-0.00202835,-0.000139824,-0.000153677,-0.00255158,0.0003283,3.36528e-06,2.12865e-05,-5.39733e-07,-0.000226695,-6.33098e-05,0.00102608,3.22561e-06,1.67539e-06,-0.000355498,-1.59176e-05,0.000139563,0.00149096,0.000280994,8.31802e-05,9.78707e-06,0.00383584,0.00175622,-0.00223144,-4.34994e-05,3.03417e-05,-1.17432e-05,0.000409177,-0.000124849,-0.000141712,0.000114347,0.000582128,-0.000183496,-0.000136193,0.000231636,-1.83557e-06,5.37818e-05,-2.53614e-05,-0.00019436,-7.40446e-06,2.0014e-05,-0.00014492,9.09818e-06,-1.18222e-05,-2.63496e-06,0.000639122,0.00024234,8.93888e-05,1.29919e-05,-4.50732e-06,-2.6269e-05,-1.44413e-05,2.89532e-05,0.000438444,-4.75982e-05,-4.40817e-05,9.21327e-05,0.000636444,0.000139672,0.000175606,-0.000673907
0.387994,-0.000110282,3.89412e-05,5.73639e-06,0.000510706,-1.3979e-05,0.000171192,1.73946e-05,1.09689e-05,-0.00149554,-0.000154837,-0.000411722,-0.00264634,0.000281346,6.7804e-07,2.07662e-05,5.42547e-06,-0.000175013,-6.21332e-05,0.00102521,-7.29649e-06,1.58413e-06,-0.000352131,-1.70341e-05,0.000137758,0.00134185,0.000282372,9.12022e-05,5.37448e-06,0.00390445,0.00177418,-0.00235646,-4.0618e-05,2.60613e-05,-9.66578e-06,0.000425309,-9.12219e-05,-0.000146778,0.000121045,0.000592171,-0.000185739,-0.000145397,0.000256407,-4.11181e-06,5.00011e-05,-2.4119e-05,-0.000191737,-6.78157e-06,2.07653e-05,-0.00014517,8.87452e-06,-1.17087e-05,-6.94427e-06,0.0006343,0.000282832,2.05142e-05,1.56189e-06,6.54113e-06,-2.22979e-05,-1.66427e-05,3.79403e-05,0.000397001,-5.32734e-05,-5.12911e-05,9.24154e-05,0.000916405,0.000135868,0.000168487,-0.000624562
0.388994,-0.000129532,2.80603e-05,8.94136e-06,0.000542312,-1.45448e-05,0.000172932,1.83553e-05,1.33732e-05,-0.000966347,-0.000168365,-0.000654411,-0.00272144,0.000228673,-2.3186e-06,2.02076e-05,1.1223e-05,-0.000122533,-6.06644e-05,0.00101339,-1.75692e-05,1.50499e-06,-0.000345271,-1.80416e-05,0.000135047,0.00119121,0.000281484,9.83181e-05,1.08298e-06,0.00393819,0.00177457,-0.00247131,-3.75142e-05,2.10374e-05,-7.59385e-06,0.000441154,-6.06234e-05,-0.000149941,0.000126733,0.000595547,-0.000186685,-0.000153992,0.000279139,-6.36298e-06,4.60307e-05,-2.27494e-05,-0.000187427,-6.09169e-06,2.13805e-05,-0.00014427,8.60712e-06,-1.14945e-05,-1.11309e-05,0.000625375,0.000322706,-4.87712e-05,-9.59939e-06,1.7299e-05,-1.84602e-05,-1.87696e-05,4.64618e-05,0.000352025,-5.83142e-05,-5.80633e-05,9.14508e-05,0.00117733,0.000131035,0.000158957,-0.000566381
0.389994,-0.000148451,1.73313e-05,1.22309e-05,0.00057,-1.49737e-05,0.00017349,1.92005e-05,1.5639e-05,-0.000447087,-0.000180383,-0.00088042,-0.00277737,0.00017082,-5.53065e-06,1.96177e-05,1.68186e-05,-6.97033e-05,-5.8875e-05,0.000990334,-2.75231e-05,1.43747e-06,-0.000334955,-1.89307e-05,0.000131467,0.00104067,0.000278419,0.00010439,-3.03521e-06,0.00393785,0.0017581,-0.00257377,-3.42133e-05,1.53341e-05,-5.54241e-06,0.000457152,-3.3075e-05,-0.000151197,0.000131399,0.000591822,-0.000186365,-0.000161896,0.000299728,-8.57394e-06,4.18992e-05,-2.12614e-05,-0.000181484,-5.34164e-06,2.18581e-05,-0.000142211,8.29903e-06,-1.11795e-05,-1.51692e-05,0.00061277,0.000361392,-0.000117827,-2.04527e-05,2.76753e-05,-1.47658e-05,-2.08031e-05,5.44641e-05,0.000303608,-6.26758e-05,-6.43392e-05,8.92603e-05,0.00141693,0.000125221,0.000146981,-0.000500758
0.390994,-0.000166922,6.85648e-06,1.55716e-05,0.000593216,-1.52588e-05,0.000172892,1.99242e-05,1.77543e-05,5.63912e-05,-0.000190868,-0.00108872,-0.00281466,0.000108436,-8.85983e-06,1.90016e-05,2.21804e-05,-1.6945e-05,-5.67365e-05,0.000955919,-3.70899e-05,1.38094e-06,-0.000321269,-1.9693e-05,0.000127063,0.000891628,0.000273279,0.000109293,-6.93345e-06,0.00390453,0.00172566,-0.00266153,-3.07411e-05,9.03311e-06,-3.52601e-06,0.000473717,-8.5127e-06,-0.000150588,0.000135035,0.000580658,-0.000184816,-0.000169023,0.000318078,-1.07307e-05,3.7636e-05,-1.96618e-05,-0.000173977,-4.53873e-06,2.21971e-05,-0.000138996,7.9534e-06,-1.07645e-05,-1.90349e-05,0.000596908,0.000398292,-0.000185996,-3.09577e-05,3.75898e-05,-1.12208e-05,-2.27252e-05,6.18979e-05,0.000251868,-6.63225e-05,-7.00662e-05,8.5888e-05,0.00163333,0.00011849,0.000132562,-0.0004292
0.391994,-0.00018483,-3.27289e-06,1.89264e-05,0.000611431,-1.5396e-05,0.000171171,2.05213e-05,1.97083e-05,0.00053877,-0.000199799,-0.00127858,-0.0028338,4.22595e-05,-1.22054e-05,1.83627e-05,2.72789e-05,3.53489e-05,-5.42218e-05,0.000910198,-4.62025e-05,1.3346e-06,-0.000304339,-2.03217e-05,0.000121885,0.000745287,0.000266179,0.000112912,-1.05712e-05,0.00383958,0.00167833,-0.00273227,-2.71238e-05,2.23237e-06,-1.55869e-06,0.000491219,1.31989e-05,-0.000148194,0.000137643,0.000561823,-0.000182081,-0.000175286,0.000334102,-1.28204e-05,3.32703e-05,-1.79544e-05,-0.00016499,-3.69066e-06,2.2398e-05,-0.000134635,7.57351e-06,-1.02516e-05,-2.27056e-05,0.000578195,0.000432791,-0.000252611,-4.10722e-05,4.69735e-05,-7.82746e-06,-2.45187e-05,6.87196e-05,0.000196958,-6.92283e-05,-7.51994e-05,8.14e-05,0.00182508,0.000110919,0.000115746,-0.000353286
0.392994,-0.000202058,-1.29766e-05,2.22562e-05,0.000624148,-1.53834e-05,0.000168367,2.09881e-05,2.14916e-05,0.000995325,-0.000207159,-0.00144951,-0.00283528,-2.68844e-05,-1.54663e-05,1.77024e-05,3.20873e-05,8.68111e-05,-5.1307e-05,0.000853389,-5.47958e-05,1.29757e-06,-0.000284338,-2.08113e-05,0.000115989,0.000602623,0.000257246,0.000115152,-1.39145e-05,0.00374457,0.00161734,-0.00278364,-2.33876e-05,-4.95552e-06,3.46118e-07,0.00050997,3.22511e-05,-0.000144137,0.000139235,0.000535207,-0.000178209,-0.000180595,0.000347727,-1.48315e-05,2.88311e-05,-1.61404e-05,-0.000154621,-2.80545e-06,2.24615e-05,-0.000129152,7.16268e-06,-9.64362e-06,-2.61602e-05,0.000557016,0.000464268,-0.000317002,-5.07527e-05,5.57694e-05,-4.5848e-06,-2.61677e-05,7.48909e-05,0.000139067,-7.13776e-05,-7.97014e-05,7.58818e-05,0.00199113,0.000102593,9.6617e-05,-0.00027463
0.393994,-0.000218494,-2.21862e-05,2.55196e-05,0.000630913,-1.52223e-05,0.000164525,2.1322e-05,2.30962e-05,0.00142197,-0.000212937,-0.00160128,-0.00281956,-9.81053e-05,-1.85431e-05,1.70206e-05,3.65812e-05,0.000137099,-4.79735e-05,0.000785884,-6.28067e-05,1.26885e-06,-0.000261479,-2.11575e-05,0.000109436,0.000464417,0.000246614,0.000115933,-1.69358e-05,0.00362128,0.00154401,-0.00281336,-1.95585e-05,-1.24052e-05,2.1757e-06,0.000530203,4.88759e-05,-0.000138577,0.000139827,0.000500826,-0.000173257,-0.000184862,0.000358891,-1.67539e-05,2.43473e-05,-1.42175e-05,-0.000142981,-1.89133e-06,2.23898e-05,-0.000122577,6.72433e-06,-8.94441e-06,-2.93794e-05,0.000533724,0.000492108,-0.000378514,-5.99545e-05,6.39323e-05,-1.48921e-06,-2.76574e-05,8.03797e-05,7.84258e-05,-7.27645e-05,-8.35424e-05,6.94368e-05,0.00213084,9.36102e-05,7.53077e-05,-0.000194845
0.394994,-0.000234024,-3.08445e-05,2.86742e-05,0.000631324,-1.49161e-05,0.000159698,2.15216e-05,2.45155e-05,0.0018153,-0.000217128,-0.00173386,-0.00278714,-0.00017046,-2.13399e-05,1.63154e-05,4.07393e-05,0.00018589,-4.42092e-05,0.000708241,-7.01754e-05,1.24733e-06,-0.00023601,-2.13574e-05,0.00010229,0.000331265,0.000234426,0.000115195,-1.96144e-05,0.00347166,0.00145976,-0.00281929,-1.56626e-05,-1.9981e-05,3.91812e-06,0.000552057,6.33303e-05,-0.000131704,0.000139443,0.000458832,-0.000167285,-0.000188001,0.00036755,-1.85785e-05,1.98471e-05,-1.21806e-05,-0.000130192,-9.56722e-07,2.21854e-05,-0.000114953,6.2619e-06,-8.15883e-06,-3.2346e-05,0.000508631,0.000515714,-0.000436506,-6.86317e-05,7.14288e-05,1.46501e-06,-2.89744e-05,8.51603e-05,1.5312e-05,-7.33933e-05,-8.67006e-05,6.21826e-05,0.00224394,8.40727e-05,5.19945e-05,-0.000115502
0.395993,-0.000248537,-3.8906e-05,3.16774e-05,0.000625046,-1.44712e-05,0.000153944,2.15864e-05,2.57442e-05,0.00217256,-0.000219735,-0.00184744,-0.00273849,-0.00024297,-2.37665e-05,1.55837e-05,4.45425e-05,0.000232882,-4.00097e-05,0.000621179,-7.68459e-05,1.23183e-06,-0.000208218,-2.14094e-05,9.46192e-05,0.000203597,0.00022083,0.000112902,-2.19363e-05,0.00329784,0.00136608,-0.00279945,-1.17253e-05,-2.75393e-05,5.56238e-06,0.000575565,7.58829e-05,-0.000123736,0.000138116,0.000409517,-0.000160359,-0.00018993,0.000373673,-2.02979e-05,1.53581e-05,-1.00216e-05,-0.000116387,-1.00971e-08,2.18518e-05,-0.000106329,5.77882e-06,-7.29263e-06,-3.50445e-05,0.000482009,0.000534519,-0.000490371,-7.67381e-05,7.82367e-05,4.28511e-06,-3.01065e-05,8.92135e-05,-4.99499e-05,-7.3278e-05,-8.9162e-05,5.42485e-05,0.00233055,7.40895e-05,2.69002e-05,-3.80987e-05
0.396993,-0.000261924,-4.63358e-05,3.4487e-05,0.000611813,-1.3896e-05,0.000147326,2.15173e-05,2.67784e-05,0.00249171,-0.000220771,-0.00194234,-0.00267412,-0.000314638,-2.574e-05,1.48214e-05,4.79748e-05,0.000277784,-3.53797e-05,0.000525567,-8.27664e-05,1.22108e-06,-0.000178414,-2.13131e-05,8.64942e-05,8.1698e-05,0.000205978,0.000109039,-2.38938e-05,0.00310207,0.00126446,-0.00275211,-7.77186e-06,-3.4932e-05,7.09842e-06,0.00060064,8.67997e-05,-0.000114912,0.000135882,0.000353312,-0.000152549,-0.000190572,0.000377248,-2.19053e-05,1.09068e-05,-7.72965e-06,-0.000101705,9.40035e-07,2.13932e-05,-9.67619e-05,5.27856e-06,-6.35239e-06,-3.74613e-05,0.000454079,0.000548004,-0.000539541,-8.42279e-05,8.43444e-05,6.97926e-06,-3.10429e-05,9.25267e-05,-0.000116984,-7.24417e-05,-9.09199e-05,4.57718e-05,0.00239111,6.37723e-05,2.92559e-07,3.59734e-05
0.397993,-0.000274078,-5.31095e-05,3.70625e-05,0.000591438,-1.32011e-05,0.000139911,2.13159e-05,2.76157e-05,0.00277135,-0.000220259,-0.00201904,-0.00259458,-0.000384467,-2.71867e-05,1.40234e-05,5.10225e-05,0.000320319,-3.03338e-05,0.000422414,-8.78906e-05,1.21374e-06,-0.000146937,-2.10691e-05,7.79866e-05,-3.42682e-05,0.000190026,0.000103615,-2.54852e-05,0.0028867,0.00115643,-0.00267581,-3.82686e-06,-4.20088e-05,8.51732e-06,0.000627067,9.63334e-05,-0.000105486,0.000132783,0.000290788,-0.00014393,-0.000189859,0.000378279,-2.33951e-05,6.51861e-06,-5.2918e-06,-8.62931e-05,1.8852e-06,2.08144e-05,-8.63182e-05,4.7645e-06,-5.34544e-06,-3.9585e-05,0.000425015,0.000555706,-0.0005835,-9.10563e-05,8.97497e-05,9.55594e-06,-3.17743e-05,9.5094e-05,-0.000185365,-7.09163e-05,-9.19744e-05,3.68946e-05,0.00242638,5.32336e-05,-2.75176e-05,0.000105456
0.398993,-0.000284892,-5.92121e-05,3.93658e-05,0.000563823,-1.23989e-05,0.000131769,2.09848e-05,2.82549e-05,0.00301076,-0.000218232,-0.00207812,-0.00250046,-0.000451478,-2.80435e-05,1.31846e-05,5.36747e-05,0.000360218,-2.48966e-05,0.000312851,-9.21785e-05,1.20841e-06,-0.000114145,-2.06793e-05,6.91688e-05,-0.000144235,0.000173129,9.66634e-05,-2.67148e-05,0.00265416,0.00104346,-0.00256948,8.55581e-08,-4.86214e-05,9.81131e-06,0.0006545,0.000104713,-9.57167e-05,0.000128868,0.000222647,-0.000134579,-0.00018773,0.00037679,-2.47625e-05,2.21764e-06,-2.69371e-06,-7.0303e-05,2.81703e-06,2.01208e-05,-7.50689e-05,4.24e-06,-4.27982e-06,-4.1406e-05,0.000394941,0.000557231,-0.000621789,-9.71808e-05,9.44589e-05,1.20234e-05,-3.22923e-05,9.69162e-05,-0.000254612,-6.87414e-05,-9.23323e-05,2.77598e-05,0.00243737,4.25846e-05,-5.61794e-05,0.00016925
0.399993,-0.000294264,-6.46371e-05,4.13619e-05,0.000528963,-1.1503e-05,0.000122975,2.05272e-05,2.86962e-05,0.00320979,-0.000214737,-0.00212025,-0.00239241,-0.000514724,-2.82592e-05,1.22996e-05,5.5923e-05,0.000397215,-1.91032e-05,0.000198117,-9.55974e-05,1.20361e-06,-8.04116e-05,-2.0146e-05,6.01132e-05,-0.000248209,0.000155445,8.82411e-05,-2.75916e-05,0.00240697,0.000926994,-0.00243241,3.94187e-06,-5.46259e-05,1.09739e-05,0.000682457,0.000112138,-8.58635e-05,0.00012419,0.000149717,-0.000124577,-0.000184138,0.000372823,-2.60033e-05,-1.9736e-06,7.96321e-08,-5.38892e-05,3.72725e-06,1.93183e-05,-6.30915e-05,3.70831e-06,-3.16411e-06,-4.29171e-05,0.000363934,0.000552269,-0.000654021,-0.000102562,9.84849e-05,1.43892e-05,-3.25903e-05,9.80005e-05,-0.000324198,-6.59636e-05,-9.20062e-05,1.8508e-05,0.00242533,3.19335e-05,-8.53058e-05,0.000226428
0.400993,-0.00030209,-6.93856e-05,4.30202e-05,0.000486949,-1.05279e-05,0.000113605,1.9947e-05,2.89412e-05,0.00336887,-0.00020983,-0.00214618,-0.00227115,-0.000573309,-2.77955e-05,1.13637e-05,5.77615e-05,0.000431051,-1.29988e-05,7.95375e-05,-9.81225e-05,1.1978e-06,-4.61165e-05,-1.94725e-05,5.08909e-05,-0.000346246,0.000137128,7.84296e-05,-2.81296e-05,0.00214764,0.000808414,-0.00226438,7.71917e-06,-5.98866e-05,1.19999e-05,0.000710326,0.000118771,-7.61766e-05,0.000118802,7.29385e-05,-0.000114007,-0.000179047,0.00036644,-2.71134e-05,-6.03427e-06,3.04286e-06,-3.7208e-05,4.60781e-06,1.8413e-05,-5.04683e-05,3.17256e-06,-2.00737e-06,-4.41129e-05,0.000332026,0.000540602,-0.00067988,-0.000107164,0.000101846,1.66598e-05,-3.26624e-05,9.83603e-05,-0.000393547,-6.26354e-05,-9.1014e-05,9.27403e-06,0.00239172,2.13836e-05,-0.000114479,0.000276255
0.401993,-0.000308274,-7.34649e-05,4.43145e-05,0.000437972,-9.48881e-06,0.000103737,1.92487e-05,2.89924e-05,0.00348891,-0.00020358,-0.00215667,-0.00213751,-0.000626403,-2.66279e-05,1.03728e-05,5.91865e-05,0.00046147,-6.6383e-06,-4.14955e-05,-9.97382e-05,1.18941e-06,-1.16446e-05,-1.86625e-05,4.15716e-05,-0.000438432,0.000118332,6.73336e-05,-2.83467e-05,0.00187872,0.000689012,-0.00206562,1.13952e-05,-6.42791e-05,1.28856e-05,0.000737368,0.000124733,-6.68896e-05,0.000112766,-6.64979e-06,-0.000102955,-0.000172434,0.00035772,-2.80892e-05,-9.94537e-06,6.20917e-06,-2.04157e-05,5.45083e-06,1.74118e-05,-3.7286e-05,2.63576e-06,-8.19024e-07,-4.49902e-05,0.000299211,0.000522111,-0.000699134,-0.000110956,0.000104566,1.88398e-05,-3.25042e-05,9.80149e-05,-0.000462037,-5.88145e-05,-8.93777e-05,1.83931e-07,0.00233812,1.10318e-05,-0.000143256,0.000318191
0.402993,-0.000312719,-7.6888e-05,4.52243e-05,0.000382326,-8.4005e-06,9.34496e-05,1.84369e-05,2.88538e-05,0.00357129,-0.00019607,-0.00215255,-0.00199236,-0.000673254,-2.47463e-05,9.32408e-06,6.01969e-05,0.000488218,-8.56398e-08,-0.000163544,-0.000100439,1.17678e-06,2.26222e-05,-1.77204e-05,3.22226e-05,-0.000524859,9.92065e-05,5.50792e-05,-2.82641e-05,0.00160275,0.000569984,-0.0018369,1.49484e-05,-6.76929e-05,1.36286e-05,0.000762734,0.000130107,-5.82125e-05,0.000106141,-8.7928e-05,-9.15089e-05,-0.000164293,0.00034676,-2.89266e-05,-1.36899e-05,9.58913e-06,-3.66693e-06,6.2487e-06,1.63215e-05,-2.36349e-05,2.10071e-06,3.91293e-07,-4.55477e-05,0.000265443,0.000496786,-0.000711634,-0.000113913,0.000106667,2.09322e-05,-3.2112e-05,9.69887e-05,-0.000529008,-5.45621e-05,-8.71232e-05,-8.64764e-06,0.00226627,9.67118e-07,-0.000171177,0.000351896
0.403993,-0.000315332,-7.96718e-05,4.57346e-05,0.000320404,-7.2774e-06,8.28219e-05,1.75167e-05,2.85303e-05,0.00361776,-0.000187389,-0.00213462,-0.0018367,-0.000713204,-2.21551e-05,8.21622e-06,6.07938e-05,0.000511048,6.58759e-06,-0.000285149,-0.000100229,1.15822e-06,5.63092e-05,-1.66506e-05,2.29083e-05,-0.000605614,7.98975e-05,4.18128e-05,-2.79057e-05,0.00132222,0.000452418,-0.0015795,1.83578e-05,-7.00346e-05,1.42283e-05,0.000785472,0.000134935,-5.03249e-05,9.89932e-05,-0.000169715,-7.97561e-05,-0.000154633,0.000333676,-2.96214e-05,-1.7253e-05,1.31895e-05,1.28869e-05,6.99406e-06,1.51493e-05,-9.60832e-06,1.57006e-06,1.61383e-06,-4.57864e-05,0.000230653,0.000464732,-0.000717321,-0.000116018,0.000108177,2.29379e-05,-3.14835e-05,9.53112e-05,-0.000593766,-4.99423e-05,-8.42793e-05,-1.71197e-05,0.00217794,-8.73006e-06,-0.000197772,0.000377224
0.404993,-0.000316026,-8.18365e-05,4.58366e-05,0.000252699,-6.13281e-06,7.19333e-05,1.64931e-05,2.80279e-05,0.00363038,-0.000177639,-0.00210372,-0.00167161,-0.000745694,-1.88731e-05,7.04962e-06,6.09802e-05,0.000529721,1.33033e-05,-0.000404848,-9.91244e-05,1.13202e-06,8.90548e-05,-1.54578e-05,1.36894e-05,-0.000680763,6.05459e-05,2.76989e-05,-2.72975e-05,0.00103957,0.000337286,-0.00129525,2.16035e-05,-7.12301e-05,1.46854e-05,0.000804555,0.000139221,-4.33699e-05,9.13859e-05,-0.000250791,-6.7786e-05,-0.000143479,0.000318598,-3.01688e-05,-2.0622e-05,1.70118e-05,2.90988e-05,7.67989e-06,1.39022e-05,4.69816e-06,1.04623e-06,2.83884e-06,-4.57091e-05,0.000194747,0.000426165,-0.000716222,-0.00011726,0.000109119,2.48556e-05,-3.06168e-05,9.30162e-05,-0.000655592,-4.50206e-05,-8.08768e-05,-2.51467e-05,0.00207499,-1.7989e-05,-0.000222567,0.000394223
0.405993,-0.000314718,-8.34046e-05,4.55277e-05,0.000179798,-4.97858e-06,6.08623e-05,1.53714e-05,2.73537e-05,0.00361146,-0.000166931,-0.00206065,-0.00149828,-0.000770274,-1.49333e-05,5.82669e-06,6.07615e-05,0.000544009,1.99784e-05,-0.000521203,-9.71535e-05,1.09643e-06,0.000120515,-1.41469e-05,4.62314e-06,-0.00075034,4.12866e-05,1.29177e-05,-2.6467e-05,0.000757187,0.000225443,-0.000986523,2.46662e-05,-7.12266e-05,1.50021e-05,0.000818899,0.000142936,-3.74493e-05,8.33856e-05,-0.000329918,-5.5688e-05,-0.000130876,0.000301672,-3.05633e-05,-2.37863e-05,2.10514e-05,4.48276e-05,8.29947e-06,1.25877e-05,1.91868e-05,5.31387e-07,4.05673e-06,-4.53207e-05,0.000157619,0.000381419,-0.000708454,-0.000117635,0.000109517,2.66818e-05,-2.95113e-05,9.0141e-05,-0.000713749,-3.9863e-05,-7.69482e-05,-3.26596e-05,0.00195926,-2.67489e-05,-0.0002451,0.000403114
0.406993,-0.000311332,-8.43995e-05,4.48111e-05,0.00010238,-3.82462e-06,4.9686e-05,1.41565e-05,2.65155e-05,0.00356349,-0.000155381,-0.00200622,-0.00131796,-0.000786614,-1.03822e-05,4.55193e-06,6.01449e-05,0.000553701,2.65266e-05,-0.000632816,-9.43553e-05,1.04968e-06,0.000150366,-1.27226e-05,-4.23788e-06,-0.000814341,2.22485e-05,-2.33743e-06,-2.54425e-05,0.000477349,0.000117619,-0.000656196,2.75275e-05,-6.99939e-05,1.51823e-05,0.000827388,0.000146023,-3.262e-05,7.50587e-05,-0.000405867,-4.35508e-05,-0.000116882,0.000283054,-3.07985e-05,-2.67378e-05,2.52961e-05,5.99394e-05,8.84649e-06,1.12131e-05,3.37584e-05,2.74642e-08,5.25813e-06,-4.46278e-05,0.000119154,0.000330943,-0.000694215,-0.00011715,0.00010939,2.8411e-05,-2.8167e-05,8.67262e-05,-0.00076749,-3.45349e-05,-7.25266e-05,-3.96067e-05,0.0018326,-3.49593e-05,-0.000264922,0.000404281
0.407993,-0.000305798,-8.48453e-05,4.36959e-05,2.12024e-05,-2.67865e-06,3.84798e-05,1.28535e-05,2.5522e-05,0.00348907,-0.000143112,-0.00194122,-0.00113199,-0.0007945,-5.2791e-06,3.23199e-06,5.91396e-05,0.00055861,3.28602e-05,-0.000738357,-9.07813e-05,9.90019e-07,0.000178313,-1.11899e-05,-1.28453e-05,-0.000872723,3.55309e-06,-1.78633e-05,-2.42525e-05,0.000202236,1.44286e-05,-0.000307649,3.01703e-05,-6.75263e-05,1.52311e-05,0.00082891,0.000148402,-2.88913e-05,6.64715e-05,-0.000477443,-3.14627e-05,-0.000101577,0.000262915,-3.08674e-05,-2.94704e-05,2.97255e-05,7.43085e-05,9.31503e-06,9.78554e-06,4.83124e-05,-4.63875e-07,6.43404e-06,-4.36391e-05,7.9242e-05,0.000275291,-0.000673787,-0.000115818,0.000108755,3.00357e-05,-2.65846e-05,8.28147e-05,-0.000816071,-2.91e-05,-6.76457e-05,-4.59533e-05,0.00169679,-4.258e-05,-0.000281614,0.000398252
0.408993,-0.000298057,-8.47658e-05,4.21965e-05,-6.28998e-05,-1.5459e-06,2.73166e-05,1.14671e-05,2.43827e-05,0.00339087,-0.00013025,-0.00186642,-0.000941797,-0.000793841,3.05329e-07,1.87559e-06,5.77568e-05,0.000558574,3.8892e-05,-0.000836576,-8.64945e-05,9.15735e-07,0.000204087,-9.55363e-06,-2.11555e-05,-0.0009254,-1.46853e-05,-3.34499e-05,-2.29253e-05,-6.60949e-05,-8.36324e-05,5.52898e-05,3.25781e-05,-6.38422e-05,1.51554e-05,0.000822379,0.00014998,-2.6224e-05,5.769e-05,-0.000543505,-1.951e-05,-8.5055e-05,0.000241434,-3.0762e-05,-3.19804e-05,3.43096e-05,8.78185e-05,9.69962e-06,8.31232e-06,6.27475e-05,-9.41235e-07,7.57589e-06,-4.23649e-05,3.7781e-05,0.00021512,-0.000647524,-0.000113663,0.000107622,3.15464e-05,-2.47658e-05,7.84511e-05,-0.000858763,-2.36196e-05,-6.23392e-05,-5.16817e-05,0.00155357,-4.95807e-05,-0.00029479,0.000385673
0.409993,-0.000288058,-8.41838e-05,4.03316e-05,-0.000149029,-4.28993e-07,1.62671e-05,1.00021e-05,2.31077e-05,0.00327155,-0.000116924,-0.00178257,-0.000748838,-0.000784666,6.29014e-06,4.93374e-07,5.60093e-05,0.000553469,4.45369e-05,-0.000926323,-8.15689e-05,8.25158e-07,0.000227452,-7.81864e-06,-2.91294e-05,-0.000972251,-3.23604e-05,-4.88835e-05,-2.14885e-05,-0.00032572,-0.000176175,0.000428393,3.47362e-05,-5.89851e-05,1.4963e-05,0.000806773,0.000150654,-2.45309e-05,4.8779e-05,-0.000602994,-7.77748e-06,-6.74264e-05,0.000218795,-3.04733e-05,-3.4266e-05,3.90088e-05,0.000100363,9.99531e-06,6.80052e-06,7.69612e-05,-1.40349e-06,8.67564e-06,-4.08171e-05,-5.31341e-06,0.000151177,-0.000615848,-0.000110714,0.000106,3.29327e-05,-2.27131e-05,7.36812e-05,-0.000894859,-1.81517e-05,-5.66404e-05,-5.67895e-05,0.0014046,-5.59403e-05,-0.000304112,0.00036729
0.410993,-0.000275764,-8.31213e-05,3.81238e-05,-0.000236233,6.72117e-07,5.39863e-06,8.46297e-06,2.17078e-05,0.00313375,-0.000103263,-0.00169042,-0.00055462,-0.000767124,1.25857e-05,-9.02342e-07,5.39119e-05,0.000543212,4.97144e-05,-0.00100657,-7.60887e-05,7.16709e-07,0.000248206,-5.98997e-06,-3.67328e-05,-0.00101312,-4.93742e-05,-6.39506e-05,-1.99688e-05,-0.000574861,-0.000262911,0.000807098,3.66309e-05,-5.30224e-05,1.46631e-05,0.000781167,0.000150324,-2.36786e-05,3.98022e-05,-0.000654952,3.6531e-06,-4.88174e-05,0.00019519,-2.99921e-05,-3.63274e-05,4.37731e-05,0.000111847,1.01977e-05,5.25717e-06,9.08508e-05,-1.84978e-06,9.72583e-06,-3.90094e-05,-5.01008e-05,8.42886e-05,-0.00057924,-0.000107012,0.000103889,3.41827e-05,-2.04298e-05,6.85512e-05,-0.00092369,-1.27503e-05,-5.0582e-05,-6.12889e-05,0.00125143,-6.16467e-05,-0.000309292,0.00034392
0.411993,-0.000261151,-8.15986e-05,3.55985e-05,-0.000323518,1.76005e-06,-5.22464e-06,6.85415e-06,2.01943e-05,0.00298,-8.93943e-05,-0.0015907,-0.000360671,-0.000741475,1.90955e-05,-2.29791e-06,5.14809e-05,0.00052777,5.43495e-05,-0.0010764,-7.01472e-05,5.88929e-07,0.000266184,-4.07284e-06,-4.39357e-05,-0.00104783,-6.5637e-05,-7.84408e-05,-1.83911e-05,-0.000811894,-0.000343643,0.00118658,3.82501e-05,-4.60449e-05,1.4266e-05,0.000744761,0.000148892,-2.3491e-05,3.08219e-05,-0.000698545,1.4703e-05,-2.93685e-05,0.000170812,-2.93085e-05,-3.81666e-05,4.85425e-05,0.000122187,1.0303e-05,3.68917e-06,0.000104313,-2.2795e-06,1.07197e-05,-3.69567e-05,-9.66091e-05,1.53474e-05,-0.000538228,-0.000102603,0.000101287,3.52839e-05,-1.79205e-05,6.31076e-05,-0.000944635,-7.46482e-06,-4.41967e-05,-6.52038e-05,0.00109553,-6.66958e-05,-0.000310108,0.000316428
0.412993,-0.000244209,-7.96344e-05,3.27826e-05,-0.000409861,2.83979e-06,-1.55422e-05,5.18011e-06,1.85788e-05,0.00281274,-7.54417e-05,-0.00148416,-0.00016852,-0.000708089,2.57176e-05,-3.67876e-06,4.87344e-05,0.000507163,5.8375e-05,-0.00113506,-6.38456e-05,4.40514e-07,0.000281255,-2.07286e-06,-5.07129e-05,-0.0010762,-8.10679e-05,-9.2151e-05,-1.67789e-05,-0.00103536,-0.000418255,0.00156182,3.95833e-05,-3.81649e-05,1.37826e-05,0.000696914,0.000146278,-2.37544e-05,2.18982e-05,-0.000733077,2.52973e-05,-9.23247e-06,0.000145857,-2.84124e-05,-3.97873e-05,5.32468e-05,0.000131312,1.0308e-05,2.10337e-06,0.000117244,-2.69227e-06,1.1651e-05,-3.46755e-05,-0.000144829,-5.47052e-05,-0.000493379,-9.75411e-05,9.8187e-05,3.62238e-05,-1.51907e-05,5.7396e-05,-0.000957135,-2.33992e-06,-3.75165e-05,-6.85685e-05,0.000938246,-7.10902e-05,-0.000306404,0.000285702
0.413993,-0.000224947,-7.7246e-05,2.9704e-05,-0.000494221,3.91843e-06,-2.54972e-05,3.44545e-06,1.68734e-05,0.00263424,-6.15247e-05,-0.0013715,2.03182e-05,-0.000667432,3.2347e-05,-5.02992e-06,4.56923e-05,0.000481472,6.17328e-05,-0.00118193,-5.7291e-05,2.70362e-07,0.000293327,3.86227e-09,-5.70428e-05,-0.00109802,-9.55947e-05,-0.000104888,-1.51536e-05,-0.00124396,-0.000486698,0.00192773,4.0622e-05,-2.95145e-05,1.32248e-05,0.000637172,0.000142418,-2.42231e-05,1.30892e-05,-0.000758008,3.53655e-05,1.14265e-05,0.000120519,-2.7294e-05,-4.11943e-05,5.78064e-05,0.000139162,1.02105e-05,5.06559e-07,0.000129539,-3.08791e-06,1.25144e-05,-3.21832e-05,-0.000194707,-0.000124895,-0.00044529,-9.18856e-05,9.45798e-05,3.69897e-05,-1.22473e-05,5.14613e-05,-0.000960705,2.58507e-06,-3.05734e-05,-7.14242e-05,0.000780828,-7.48389e-05,-0.0002981,0.000252632
0.414993,-0.000203393,-7.44495e-05,2.63897e-05,-0.000575554,5.00467e-06,-3.50369e-05,1.65496e-06,1.50906e-05,0.00244663,-4.77564e-05,-0.00125349,0.000204368,-0.000620062,3.88772e-05,-6.33656e-06,4.23758e-05,0.000450845,6.43748e-05,-0.00121655,-5.05949e-05,7.76042e-08,0.000302344,2.1505e-06,-6.2908e-05,-0.00111311,-0.000109154,-0.000116471,-1.35347e-05,-0.00143659,-0.000548981,0.00227919,4.13595e-05,-2.02431e-05,1.26048e-05,0.000565292,0.000137271,-2.4627e-05,4.45024e-06,-0.000772963,4.48421e-05,3.2435e-05,9.49883e-05,-2.59443e-05,-4.23937e-05,6.21336e-05,0.000145693,1.00088e-05,-1.0945e-06,0.000141097,-3.46642e-06,1.3305e-05,-2.94987e-05,-0.000246141,-0.000194234,-0.000394573,-8.57018e-05,9.04534e-05,3.75697e-05,-9.09898e-06,4.53472e-05,-0.000954942,7.27613e-06,-2.33998e-05,-7.38174e-05,0.000624408,-7.79556e-05,-0.000285191,0.000218081
0.415993,-0.000179595,-7.12597e-05,2.28651e-05,-0.000652825,6.10832e-06,-4.41127e-05,-1.86154e-07,1.3243e-05,0.00225185,-3.42426e-05,-0.00113085,0.00038221,-0.000566614,4.52024e-05,-7.58456e-06,3.88079e-05,0.000415495,6.62644e-05,-0.00123863,-4.3871e-05,-1.38343e-07,0.000308288,4.35931e-06,-6.82945e-05,-0.0011213,-0.000121689,-0.000126738,-1.19394e-05,-0.00161229,-0.000605159,0.00261119,4.17912e-05,-1.05143e-05,1.1935e-05,0.000481263,0.000130826,-2.46801e-05,-3.96568e-06,-0.000777739,5.36672e-05,5.36122e-05,6.94531e-05,-2.43551e-05,-4.33923e-05,6.61335e-05,0.000150872,9.70223e-06,-2.693e-06,0.000151812,-3.82794e-06,1.40189e-05,-2.66416e-05,-0.000298979,-0.000261736,-0.000341845,-7.90592e-05,8.57953e-05,3.79526e-05,-5.75581e-06,3.90957e-05,-0.000939543,1.17046e-05,-1.60284e-05,-7.57961e-05,0.000470014,-8.04581e-05,-0.00026776,0.000182874
0.416993,-0.000153623,-6.76907e-05,1.91529e-05,-0.000725021,7.23969e-06,-5.268e-05,-2.07218e-06,1.13434e-05,0.00205169,-2.10804e-05,-0.00100436,0.000552497,-0.000507789,5.1219e-05,-8.7611e-06,3.50131e-05,0.00037571,6.73767e-05,-0.001248,-3.72328e-05,-3.77741e-07,0.000311174,6.62145e-06,-7.31912e-05,-0.00112247,-0.000133156,-0.000135543,-1.03825e-05,-0.0017703,-0.000655322,0.0029189,4.19148e-05,-5.03116e-07,1.12281e-05,0.000385325,0.000123099,-2.40892e-05,-1.21087e-05,-0.000772311,6.17871e-05,7.47716e-05,4.40938e-05,-2.25198e-05,-4.41974e-05,6.97057e-05,0.000154678,9.29108e-06,-4.2821e-06,0.000161583,-4.17267e-06,1.46526e-05,-2.36325e-05,-0.000353011,-0.000326439,-0.000287722,-7.20302e-05,8.05935e-05,3.81286e-05,-2.23002e-06,3.27471e-05,-0.000914309,1.58472e-05,-8.49348e-06,-7.74082e-05,0.00031857,-8.2367e-05,-0.000245966,0.000147772
0.417993,-0.000125571,-6.37566e-05,1.52724e-05,-0.000791164,8.40886e-06,-6.06989e-05,-3.99669e-06,9.40468e-06,0.00184774,-8.35753e-06,-0.000874783,0.000713976,-0.000444344,5.68281e-05,-9.85526e-06,3.10172e-05,0.000331845,6.76996e-05,-0.0012447,-3.07917e-05,-6.40489e-07,0.000311053,8.92674e-06,-7.75898e-05,-0.00111653,-0.000143514,-0.000142762,-8.87705e-06,-0.00191001,-0.000699587,0.00319777,4.17302e-05,9.60795e-06,1.04962e-05,0.000277975,0.000114138,-2.25631e-05,-1.99321e-05,-0.000756829,6.91545e-05,9.57238e-05,1.9084e-05,-2.04341e-05,-4.48165e-05,7.27468e-05,0.000157107,8.77663e-06,-5.8548e-06,0.00017031,-4.50087e-06,1.52031e-05,-2.04924e-05,-0.00040797,-0.000387422,-0.000232803,-6.46895e-05,7.48386e-05,3.80896e-05,1.46405e-06,2.63398e-05,-0.000879156,1.96857e-05,-8.30721e-07,-7.86982e-05,0.00017091,-8.37052e-05,-0.000220056,0.000113466
0.418993,-9.55579e-05,-5.94717e-05,1.12383e-05,-0.000850321,9.62496e-06,-6.81333e-05,-5.95243e-06,7.43974e-06,0.00164141,3.84806e-06,-0.000742919,0.0008655,-0.000377075,6.19366e-05,-1.08586e-05,2.68476e-05,0.000284326,6.72333e-05,-0.00122889,-2.46541e-05,-9.26084e-07,0.000308005,1.12635e-05,-8.14843e-05,-0.00110343,-0.000152732,-0.000148295,-7.4334e-06,-0.00203101,-0.000738085,0.00344361,4.124e-05,1.96322e-05,9.75123e-06,0.000159978,0.000104022,-1.98233e-05,-2.73924e-05,-0.000731617,7.57295e-05,0.000116278,-5.41117e-06,-1.8096e-05,-4.52572e-05,7.51521e-05,0.000158163,8.16122e-06,-7.40397e-06,0.000177895,-4.81278e-06,1.56682e-05,-1.72433e-05,-0.00046353,-0.000443821,-0.000177664,-5.71125e-05,6.85247e-05,3.78291e-05,5.30963e-06,1.99106e-05,-0.000834123,2.32067e-05,6.92192e-06,-7.97056e-05,2.77752e-05,-8.44966e-05,-0.000190353,8.05579e-05
0.419993,-6.37265e-05,-5.48509e-05,7.06057e-06,-0.000901619,1.08954e-05,-7.49519e-05,-7.93112e-06,5.46149e-06,0.00143399,1.54688e-05,-0.000609576,0.00100604,-0.000306807,6.64591e-05,-1.17655e-05,2.25329e-05,0.000233647,6.59907e-05,-0.00120088,-1.89196e-05,-1.23359e-06,0.000302142,1.36184e-05,-8.48708e-05,-0.00108322,-0.000160789,-0.000152067,-6.06004e-06,-0.00213302,-0.000770956,0.0036527,4.04491e-05,2.93827e-05,9.00445e-06,3.23595e-05,9.28614e-05,-1.56128e-05,-3.44496e-05,-0.000697162,8.14794e-05,0.000136244,-2.92362e-05,-1.55068e-05,-4.55265e-05,7.68185e-05,0.000157868,7.44832e-06,-8.92223e-06,0.000184242,-5.10855e-06,1.6046e-05,-1.39072e-05,-0.000519306,-0.000494847,-0.000122851,-4.93744e-05,6.16515e-05,3.73428e-05,9.28738e-06,1.34942e-05,-0.000779378,2.64011e-05,1.47239e-05,-8.04626e-05,-0.000110169,-8.47658e-05,-0.00015726,4.95589e-05
0.420993,-3.02469e-05,-4.99108e-05,2.74393e-06,-0.000944253,1.22251e-05,-8.11274e-05,-9.92337e-06,3.48271e-06,0.0012266,2.64474e-05,-0.000475576,0.00113472,-0.000234381,7.03193e-05,-1.25738e-05,1.8103e-05,0.000180361,6.39968e-05,-0.00116113,-1.36786e-05,-1.56161e-06,0.000293602,1.59762e-05,-8.77468e-05,-0.00105597,-0.000167667,-0.000154026,-4.76334e-06,-0.00221596,-0.000798345,0.00382182,3.93651e-05,3.86761e-05,8.26613e-06,-0.000103598,8.07919e-05,-9.70585e-06,-4.10676e-05,-0.000654102,8.63796e-05,0.000155435,-5.22459e-05,-1.26713e-05,-4.56309e-05,7.76471e-05,0.00015625,6.64258e-06,-1.0402e-05,0.00018926,-5.38824e-06,1.63351e-05,-1.05066e-05,-0.000574853,-0.0005398,-6.88683e-05,-4.15492e-05,5.42258e-05,3.66283e-05,1.33752e-05,7.12369e-06,-0.000715222,2.92642e-05,2.25314e-05,-8.09926e-05,-0.000242329,-8.4537e-05,-0.000121246,2.08804e-05
0.421993,4.68548e-06,-4.46696e-05,-1.71193e-06,-0.000977498,1.36157e-05,-8.6637e-05,-1.19186e-05,1.51602e-06,0.00102023,3.6737e-05,-0.000341757,0.00125076,-0.000160638,7.34513e-05,-1.32848e-05,1.35888e-05,0.000125077,6.12883e-05,-0.00111024,-9.00992e-06,-1.90828e-06,0.000282548,1.83199e-05,-9.0111e-05,-0.00102187,-0.000173357,-0.00015415,-3.54777e-06,-0.00227988,-0.000820391,0.00394838,3.7998e-05,4.73366e-05,7.54553e-06,-0.000246371,6.79751e-05,-1.91686e-06,-4.72137e-05,-0.000603216,9.04136e-05,0.000173669,-7.43059e-05,-9.59829e-06,-4.55761e-05,7.7546e-05,0.000153354,5.74981e-06,-1.18354e-05,0.000192866,-5.6517e-06,1.65344e-05,-7.06429e-06,-0.000629669,-0.000578083,-1.61786e-05,-3.37087e-05,4.62624e-05,3.56856e-05,1.7548e-05,8.30536e-07,-0.000642092,3.17947e-05,3.02975e-05,-8.13094e-05,-0.000368176,-8.38341e-05,-8.28463e-05,-5.16628e-06
0.422993,4.08498e-05,-3.91481e-05,-6.3121e-06,-0.00100071,1.50651e-05,-9.14621e-05,-1.39047e-05,-4.26199e-07,0.000815777,4.63007e-05,-0.000208962,0.00135359,-8.6411e-05,7.58006e-05,-1.39037e-05,9.02224e-06,6.84518e-05,5.79122e-05,-0.0010489,-4.97921e-06,-2.27123e-06,0.000269161,2.06306e-05,-9.19633e-05,-0.000981147,-0.000177857,-0.00015244,-2.41604e-06,-0.00232496,-0.000837231,0.00403038,3.63606e-05,5.51992e-05,6.85069e-06,-0.000394215,5.45929e-05,7.89175e-06,-5.28594e-05,-0.000545399,9.35729e-05,0.000190773,-9.52932e-05,-6.30096e-06,-4.53667e-05,7.64333e-05,0.000149233,4.777e-06,-1.32143e-05,0.00019498,-5.89858e-06,1.66429e-05,-3.60275e-06,-0.000683196,-0.000609209,3.48062e-05,-2.59212e-05,3.77857e-05,3.45168e-05,2.17778e-05,-5.35519e-06,-0.000560558,3.39943e-05,3.79713e-05,-8.14165e-05,-0.000487236,-8.268e-05,-4.26477e-05,-2.83684e-05
0.423993,7.80005e-05,-3.33698e-05,-1.10658e-05,-0.00101336,1.65665e-05,-9.55885e-05,-1.58686e-05,-2.33185e-06,0.000614044,5.5111e-05,-7.80354e-05,0.00144273,-1.25112e-05,7.73247e-05,-1.44394e-05,4.43606e-06,1.11766e-05,5.39253e-05,-0.000977947,-1.63719e-06,-2.64762e-06,0.000253645,2.28875e-05,-9.33043e-05,-0.00093413,-0.000181168,-0.000148925,-1.36921e-06,-0.00235156,-0.000848993,0.00406656,3.44678e-05,6.21138e-05,6.18828e-06,-0.000545194,4.08427e-05,1.98027e-05,-5.79803e-05,-0.000481651,9.58578e-05,0.000206581,-0.000115097,-2.79703e-06,-4.50061e-05,7.42399e-05,0.00014395,3.73233e-06,-1.45302e-05,0.000195533,-6.12825e-06,1.66602e-05,-1.44574e-07,-0.000734827,-0.000632816,8.37256e-05,-1.82512e-05,2.88304e-05,3.3126e-05,2.60337e-05,-1.14046e-05,-0.000471327,3.58674e-05,4.54987e-05,-8.13069e-05,-0.000599082,-8.10966e-05,-1.28091e-06,-4.8608e-05
0.424993,0.000115869,-2.73614e-05,-1.59854e-05,-0.001015,1.81084e-05,-9.9006e-05,-1.77956e-05,-4.1892e-06,0.000415765,6.31496e-05,5.01817e-05,0.00151788,6.0282e-05,7.79941e-05,-1.49043e-05,-1.36483e-07,-4.60301e-05,4.93929e-05,-0.000898282,9.81634e-07,-3.03413e-06,0.000236215,2.50678e-05,-9.41352e-05,-0.000881208,-0.0001833,-0.000143661,-4.06908e-07,-0.00236012,-0.000855796,0.00405631,3.23374e-05,6.79478e-05,5.56352e-06,-0.000697209,2.69327e-05,3.38382e-05,-6.25557e-05,-0.000413045,9.72766e-05,0.000220938,-0.000133616,8.91e-07,-4.44966e-05,7.09121e-05,0.000137579,2.62511e-06,-1.57744e-05,0.000194466,-6.33978e-06,1.65855e-05,3.28791e-06,-0.000783906,-0.000648662,0.000130273,-1.07583e-05,1.94421e-05,3.15194e-05,3.02815e-05,-1.72899e-05,-0.000375232,3.74208e-05,5.28217e-05,-8.09635e-05,-0.000703333,-7.91046e-05,4.05916e-05,-6.58555e-05
0.425993,0.000154165,-2.11529e-05,-2.10851e-05,-0.0010053,1.96739e-05,-0.000101709,-1.96698e-05,-5.98695e-06,0.000221623,7.04062e-05,0.000174862,0.00157891,0.00013123,7.77926e-05,-1.53143e-05,-4.66175e-06,-0.000102437,4.43869e-05,-0.0008109,2.85993e-06,-3.42698e-06,0.0002171,2.71475e-05,-9.4458e-05,-0.000822845,-0.000184266,-0.000136724,4.72532e-07,-0.00235123,-0.000857755,0.00399979,2.99889e-05,7.25895e-05,4.98011e-06,-0.000848036,1.30763e-05,4.99559e-05,-6.65696e-05,-0.000340714,9.78458e-05,0.000233703,-0.000150765,4.73585e-06,-4.38391e-05,6.64143e-05,0.0001302,1.46571e-06,-1.69381e-05,0.000191731,-6.53193e-06,1.64186e-05,6.67269e-06,-0.000829738,-0.000656638,0.000174197,-3.49707e-06,9.6776e-06,2.97052e-05,3.44845e-05,-2.29839e-05,-0.000273231,3.86627e-05,5.98794e-05,-8.03599e-05,-0.000799645,-7.67236e-05,8.22886e-05,-8.0161e-05
0.426993,0.00019258,-1.47781e-05,-2.63794e-05,-0.00098406,2.1241e-05,-0.000103695,-2.14743e-05,-7.71426e-06,3.22696e-05,7.6878e-05,0.0002952,0.00162579,0.000199644,7.67167e-05,-1.56879e-05,-9.10597e-06,-0.000157311,3.8985e-05,-0.00071686,3.99809e-06,-3.82198e-06,0.000196537,2.91009e-05,-9.4275e-05,-0.000759567,-0.000184084,-0.000128218,1.27187e-06,-0.00232557,-0.000854977,0.00389784,2.74443e-05,7.59502e-05,4.44026e-06,-0.000995372,-5.13605e-07,6.80467e-05,-7.00097e-05,-0.00026582,9.759e-05,0.000244747,-0.000166466,8.70553e-06,-4.30332e-05,6.07312e-05,0.000121902,2.65493e-07,-1.80123e-05,0.000187295,-6.70311e-06,1.6159e-05,9.98819e-06,-0.000871596,-0.000656763,0.000215299,3.48402e-06,-3.95452e-07,2.76931e-05,3.86032e-05,-2.84601e-05,-0.000166391,3.96025e-05,6.66081e-05,-7.94617e-05,-0.000887713,-7.39724e-05,0.000123123,-9.16445e-05
0.427993,0.000230787,-8.27402e-06,-3.18811e-05,-0.000951178,2.27822e-05,-0.000104966,-2.31909e-05,-9.36084e-06,-0.000151664,8.25685e-05,0.00041042,0.00165867,0.000264891,7.47766e-05,-1.60458e-05,-1.34356e-05,-0.000209934,3.32686e-05,-0.000617275,4.41436e-06,-4.21458e-06,0.00017477,3.09015e-05,-9.35893e-05,-0.00069196,-0.000182778,-0.000118263,1.99481e-06,-0.00228391,-0.00084757,0.00375201,2.47273e-05,7.79664e-05,3.94467e-06,-0.00113687,-1.363e-05,8.79338e-05,-7.28683e-05,-0.000189536,9.65413e-05,0.000253959,-0.000180656,1.27636e-05,-4.20774e-05,5.38693e-05,0.000112781,-9.63298e-07,-1.89877e-05,0.000181136,-6.85138e-06,1.58064e-05,1.32133e-05,-0.000908724,-0.000649178,0.000253431,1.01423e-05,-1.06989e-05,2.54944e-05,4.25958e-05,-3.36926e-05,-5.58838e-05,4.02509e-05,7.29423e-05,-7.82283e-05,-0.000967263,-7.08692e-05,0.000162415,-0.000100484
0.428993,0.000268449,-1.68143e-06,-3.75994e-05,-0.000906694,2.42651e-05,-0.000105529,-2.48011e-05,-1.0917e-05,-0.000329554,8.74869e-05,0.000519783,0.0016778,0.0003264,7.19947e-05,-1.64099e-05,-1.76174e-05,-0.000259612,2.73213e-05,-0.000513291,4.1445e-06,-4.59991e-06,0.000152044,3.25221e-05,-9.24047e-05,-0.000620654,-0.000180375,-0.000107002,2.64577e-06,-0.00222712,-0.00083564,0.00356453,2.1863e-05,7.86012e-05,3.49262e-06,-0.0012702,-2.6077e-05,0.000109374,-7.51417e-05,-0.000113018,9.47389e-05,0.000261241,-0.00019328,1.68695e-05,-4.09693e-05,4.58589e-05,0.000102936,-2.20769e-06,-1.98554e-05,0.000173255,-6.97451e-06,1.53605e-05,1.63277e-05,-0.000940355,-0.000634147,0.000288495,1.64414e-05,-2.1145e-05,2.31217e-05,4.64185e-05,-3.86557e-05,5.70328e-05,4.06187e-05,7.88154e-05,-7.66143e-05,-0.00103806,-6.74317e-05,0.000199507,-0.000106905
0.429993,0.000305215,4.95586e-06,-4.35376e-05,-0.000850774,2.56529e-05,-0.000105393,-2.62854e-05,-1.23738e-05,-0.000500776,9.16471e-05,0.000622601,0.00168357,0.000383664,6.84059e-05,-1.68026e-05,-2.16191e-05,-0.000305692,2.12278e-05,-0.00040608,3.24104e-06,-4.97287e-06,0.000128606,3.39354e-05,-9.07261e-05,-0.000546322,-0.000176907,-9.45894e-05,3.22975e-06,-0.00215614,-0.000819299,0.00333821,1.88782e-05,7.78452e-05,3.08212e-06,-0.00139307,-3.76745e-05,0.00013206,-7.68306e-05,-3.73874e-05,9.22285e-05,0.000266514,-0.000204297,2.09792e-05,-3.97056e-05,3.67544e-05,9.24711e-05,-3.45411e-06,-2.06065e-05,0.000163666,-7.06994e-06,1.48212e-05,1.93114e-05,-0.000965713,-0.000612047,0.000320436,2.23511e-05,-3.16381e-05,2.05889e-05,5.00259e-05,-4.3324e-05,0.00017103,4.07174e-05,8.41611e-05,-7.45721e-05,-0.00109989,-6.36779e-05,0.000233776,-0.000111165
0.430993,0.000340732,1.15912e-05,-4.9691e-05,-0.000783715,2.6905e-05,-0.000104574,-2.76244e-05,-1.37228e-05,-0.000664696,9.50669e-05,0.000718242,0.00167647,0.000436246,6.40561e-05,-1.72452e-05,-2.54095e-05,-0.000347571,1.50717e-05,-0.00029682,1.77208e-06,-5.32821e-06,0.000104698,3.51146e-05,-8.85594e-05,-0.000469661,-0.000172409,-8.11966e-05,3.75211e-06,-0.00207196,-0.000798671,0.00307645,1.58006e-05,7.5717e-05,2.71003e-06,-0.00150331,-4.82626e-05,0.000155626,-7.79395e-05,3.62932e-05,8.90615e-05,0.000269718,-0.000213675,2.50455e-05,-3.82827e-05,2.66352e-05,8.1493e-05,-4.68861e-06,-2.12324e-05,0.000152404,-7.13489e-06,1.41883e-05,2.21456e-05,-0.000984034,-0.000583353,0.00034924,2.78471e-05,-4.20757e-05,1.7911e-05,5.33717e-05,-4.76725e-05,0.000284726,4.05583e-05,8.89146e-05,-7.20538e-05,-0.00115259,-5.96262e-05,0.000264646,-0.000113545
0.431993,0.000374643,1.81754e-05,-5.60446e-05,-0.00070595,2.79778e-05,-0.000103087,-2.87991e-05,-1.49566e-05,-0.000820674,9.77668e-05,0.000806135,0.00165709,0.000483781,5.90018e-05,-1.77576e-05,-2.89589e-05,-0.000384711,8.9345e-06,-0.000186686,-1.80336e-07,-5.66059e-06,8.05604e-05,3.60338e-05,-8.59124e-05,-0.000391387,-0.000166923,-6.7004e-05,4.21844e-06,-0.00197563,-0.00077389,0.00278314,1.26585e-05,7.22628e-05,2.37228e-06,-0.0015989,-5.77049e-05,0.000179655,-7.8477e-05,0.000107035,8.52945e-05,0.00027081,-0.000221395,2.90194e-05,-3.66965e-05,1.56048e-05,7.01104e-05,-5.89701e-06,-2.17252e-05,0.000139524,-7.16637e-06,1.34619e-05,2.4812e-05,-0.00099457,-0.000548633,0.000374926,3.29112e-05,-5.23512e-05,1.51038e-05,5.64092e-05,-5.16768e-05,0.000396704,4.01528e-05,9.30136e-05,-6.90139e-05,-0.00119603,-5.52958e-05,0.0002916,-0.000114335
0.432993,0.000406595,2.46579e-05,-6.25708e-05,-0.000618048,2.88262e-05,-0.000100956,-2.97906e-05,-1.60684e-05,-0.000968063,9.97699e-05,0.000885785,0.0016261,0.000525972,5.33086e-05,-1.83563e-05,-3.22394e-05,-0.00041665,2.89406e-06,-7.68293e-05,-2.52216e-06,-5.96472e-06,5.6423e-05,3.66686e-05,-8.27944e-05,-0.00031222,-0.000160491,-5.21994e-05,4.63435e-06,-0.00186825,-0.000745109,0.00246258,9.4807e-06,6.75559e-05,2.06409e-06,-0.00167798,-6.58916e-05,0.000203685,-7.84556e-05,0.000173939,8.09883e-05,0.000269766,-0.000227445,3.28503e-05,-3.49435e-05,3.79034e-06,5.84321e-05,-7.06515e-06,-2.20774e-05,0.000125104,-7.16128e-06,1.26423e-05,2.72932e-05,-0.00099661,-0.000508531,0.000397543,3.75306e-05,-6.23555e-05,1.2184e-05,5.90923e-05,-5.53126e-05,0.000505536,3.95122e-05,9.64007e-05,-6.5411e-05,-0.00123013,-5.07073e-05,0.000314193,-0.000113824
0.433993,0.000436241,3.09866e-05,-6.92275e-05,-0.000520715,2.94046e-05,-9.82047e-05,-3.05815e-05,-1.70525e-05,-0.00110621,0.000101101,0.00095677,0.00158425,0.000562593,4.705e-05,-1.90536e-05,-3.52252e-05,-0.000443006,-2.97647e-06,3.16255e-05,-5.14968e-06,-6.23546e-06,3.2508e-05,3.69971e-05,-7.92172e-05,-0.000232877,-0.000153163,-3.69752e-05,5.00532e-06,-0.00175095,-0.000712501,0.00211939,6.29604e-06,6.16949e-05,1.78019e-06,-0.00173896,-7.27411e-05,0.000227216,-7.78915e-05,0.000236214,7.6207e-05,0.000266579,-0.000231826,3.64874e-05,-3.30206e-05,-8.65912e-06,4.65664e-05,-8.17907e-06,-2.22824e-05,0.000109239,-7.1165e-06,1.17303e-05,2.95729e-05,-0.000989489,-0.000463751,0.000417163,4.16976e-05,-7.19797e-05,9.16917e-06,6.13757e-05,-5.85569e-05,0.000609806,3.86474e-05,9.9024e-05,-6.12105e-05,-0.00125483,-4.58827e-05,0.000332057,-0.00011229
0.434993,0.000463245,3.71094e-05,-7.59568e-05,-0.000414794,2.96681e-05,-9.48622e-05,-3.11554e-05,-1.79037e-05,-0.00123446,0.000101784,0.00101875,0.00153234,0.000593485,4.03062e-05,-1.98562e-05,-3.78932e-05,-0.00046349,-8.60982e-06,0.000137599,-7.95207e-06,-6.46786e-06,9.02576e-06,3.70003e-05,-7.5195e-05,-0.000154055,-0.00014499,-2.15251e-05,5.33656e-06,-0.00162488,-0.000676266,0.00175844,3.13302e-06,5.4802e-05,1.51514e-06,-0.00178051,-7.82015e-05,0.000249729,-7.68042e-05,0.00029318,7.10168e-05,0.000261264,-0.000234546,3.98807e-05,-3.09258e-05,-2.15748e-05,3.46197e-05,-9.22528e-06,-2.23347e-05,9.20499e-05,-7.02895e-06,1.07268e-05,3.16357e-05,-0.000972609,-0.000415044,0.000433873,4.54091e-05,-8.1118e-05,6.07788e-06,6.32162e-05,-6.13876e-05,0.000708125,3.75696e-05,0.000100839,-5.63863e-05,-0.00127016,-4.08462e-05,0.000344913,-0.000109993
0.435993,0.000487288,4.29745e-05,-8.26833e-05,-0.00030126,2.95748e-05,-9.09607e-05,-3.14982e-05,-1.86183e-05,-0.00135219,0.000101847,0.00107148,0.0014712,0.000618554,3.31624e-05,-2.07647e-05,-4.02231e-05,-0.000477908,-1.39454e-05,0.000240064,-1.08142e-05,-6.65735e-06,-1.3826e-05,3.66625e-05,-7.07452e-05,-7.64287e-05,-0.000136028,-6.04128e-06,5.63285e-06,-0.00149122,-0.000636627,0.00138476,1.95183e-08,4.70207e-05,1.26354e-06,-0.00180158,-8.22507e-05,0.000270689,-7.52167e-05,0.000344279,6.54855e-05,0.000253852,-0.000235625,4.29819e-05,-2.86585e-05,-3.47708e-05,2.26959e-05,-1.0191e-05,-2.223e-05,7.36743e-05,-6.89574e-06,9.63356e-06,3.34672e-05,-0.00094545,-0.000363192,0.000447774,4.86661e-05,-8.96698e-05,2.92952e-06,6.45731e-05,-6.37838e-05,0.000799165,3.62895e-05,0.000101811,-5.09226e-05,-0.00127617,-3.56238e-05,0.000352572,-0.000107164
0.436993,0.000508069,4.85317e-05,-8.93136e-05,-0.000181222,2.90866e-05,-8.65354e-05,-3.15978e-05,-1.91931e-05,-0.00145878,0.000101316,0.00111479,0.00140171,0.00063777,2.57077e-05,-2.17719e-05,-4.21976e-05,-0.000486166,-1.89299e-05,0.000338059,-1.36195e-05,-6.79978e-06,-3.5864e-05,3.59724e-05,-6.5888e-05,-6.34667e-07,-0.00012634,9.28861e-06,5.89844e-06,-0.00135113,-0.000593835,0.00100341,-3.01759e-06,3.85124e-05,1.02033e-06,-0.00180146,-8.48958e-05,0.00028956,-7.31547e-05,0.000389081,5.96813e-05,0.000244391,-0.000235091,4.57456e-05,-2.62198e-05,-4.80476e-05,1.08949e-05,-1.10642e-05,-2.19654e-05,5.42711e-05,-6.71428e-06,8.45289e-06,3.50543e-05,-0.000907589,-0.000308991,0.00045897,5.14732e-05,-9.75426e-05,-2.5544e-07,6.54095e-05,-6.57269e-05,0.000881674,3.4818e-05,0.000101914,-4.48152e-05,-0.00127297,-3.0244e-05,0.000354945,-0.000104004
0.437993,0.000525313,5.37325e-05,-9.57357e-05,-5.59132e-05,2.8171e-05,-8.16251e-05,-3.14448e-05,-1.96261e-05,-0.00155364,0.000100216,0.0011486,0.00132476,0.000651158,1.8033e-05,-2.28628e-05,-4.3803e-05,-0.00048827,-2.35182e-05,0.000430691,-1.6253e-05,-6.89152e-06,-5.69203e-05,3.49232e-05,-6.06477e-05,7.27319e-05,-0.000115989,2.42839e-05,6.13688e-06,-0.00120579,-0.000548172,0.000619444,-5.9527e-06,2.94537e-05,7.81046e-07,-0.00177977,-8.61717e-05,0.000305818,-7.06469e-05,0.000427281,5.36716e-05,0.000232949,-0.000232983,4.81303e-05,-2.36131e-05,-6.11958e-05,-6.88085e-07,-1.18342e-05,-2.15393e-05,3.40172e-05,-6.48235e-06,7.1879e-06,3.63848e-05,-0.000858716,-0.000253233,0.000467567,5.38378e-05,-0.000104654,-3.45538e-06,6.56926e-05,-6.72001e-05,0.000954501,3.31664e-05,0.000101136,-3.80725e-05,-0.00126075,-2.47376e-05,0.000352036,-0.000100678
0.438993,0.00053877,5.85318e-05,-0.00010182,7.33121e-05,2.68032e-05,-7.6271e-05,-3.10328e-05,-1.99163e-05,-0.00163626,9.85754e-05,0.00117292,0.00124126,0.000658797,1.02303e-05,-2.40134e-05,-4.50291e-05,-0.000484327,-2.7673e-05,0.000517148,-1.8604e-05,-6.92957e-06,-7.68434e-05,3.35134e-05,-5.50519e-05,0.000143126,-0.000105045,3.87733e-05,6.351e-06,-0.00105639,-0.000499944,0.000237784,-8.76179e-06,2.00322e-05,5.42023e-07,-0.00173649,-8.61394e-05,0.000318967,-6.77241e-05,0.000458702,4.75225e-05,0.000219607,-0.000229346,5.00995e-05,-2.08445e-05,-7.39999e-05,-1.19632e-05,-1.24915e-05,-2.0952e-05,1.31059e-05,-6.19827e-06,5.8426e-06,3.7448e-05,-0.000798646,-0.000196699,0.000473667,5.57698e-05,-0.000110935,-6.64738e-06,6.53949e-05,-6.81896e-05,0.00101661,3.13459e-05,9.94753e-05,-3.07165e-05,-0.00123975,-1.91375e-05,0.000343949,-9.73156e-05
0.439993,0.000548223,6.28882e-05,-0.00010742,0.000204991,2.49667e-05,-7.05173e-05,-3.0359e-05,-2.00637e-05,-0.00170617,9.64187e-05,0.00118786,0.0011521,0.000660814,2.39071e-06,-2.51912e-05,-4.58697e-05,-0.000474539,-3.13655e-05,0.000596705,-2.05694e-05,-6.91161e-06,-9.54989e-05,3.1747e-05,-4.91321e-05,0.000210057,-9.35813e-05,5.25974e-05,6.54282e-06,-0.000904072,-0.000449487,-0.000136849,-1.14227e-05,1.0443e-05,3.00613e-07,-0.00167194,-8.48831e-05,0.000328542,-6.44196e-05,0.000483286,4.12977e-05,0.000204463,-0.000224237,5.16225e-05,-1.79225e-05,-8.62434e-05,-2.28467e-05,-1.30279e-05,-2.02053e-05,-8.25572e-06,-5.86098e-06,4.42198e-06,3.82342e-05,-0.000727339,-0.000140136,0.000477365,5.7281e-05,-0.000116329,-9.80711e-06,6.44948e-05,-6.86844e-05,0.00106712,2.93684e-05,9.69442e-05,-2.27827e-05,-0.00121026,-1.34791e-05,0.000330881,-9.40056e-05
0.440993,0.000553488,6.67645e-05,-0.000112375,0.00033756,2.26553e-05,-6.44106e-05,-2.94237e-05,-2.00694e-05,-0.00176296,9.37726e-05,0.00119358,0.00105816,0.000657379,-5.39673e-06,-2.63546e-05,-4.63224e-05,-0.0004592,-3.45753e-05,0.000668724,-2.20557e-05,-6.83607e-06,-0.00011277,2.96336e-05,-4.29239e-05,0.000273093,-8.16756e-05,6.56101e-05,6.71347e-06,-0.000749986,-0.00039716,-0.000500009,-1.39154e-05,8.84198e-07,5.53336e-08,-0.0015868,-8.2507e-05,0.000334133,-6.07681e-05,0.00050109,3.50576e-05,0.000187629,-0.00021772,5.26751e-05,-1.48588e-05,-9.77127e-05,-3.32616e-05,-1.3437e-05,-1.93031e-05,-2.98487e-05,-5.47013e-06,2.93214e-06,3.87354e-05,-0.000644906,-8.42532e-05,0.000478744,5.83845e-05,-0.000120799,-1.29087e-05,6.2977e-05,-6.86773e-05,0.0011053,2.72463e-05,9.3569e-05,-1.43202e-05,-0.00117265,-7.79945e-06,0.00031312,-9.0802e-05
0.441993,0.000554414,7.01287e-05,-0.00011651,0.000469373,1.98739e-05,-5.79995e-05,-2.82312e-05,-1.99354e-05,-0.00180635,9.06632e-05,0.00119035,0.00096031,0.000648701,-1.30462e-05,-2.7454e-05,-4.63887e-05,-0.000438688,-3.72898e-05,0.000732667,-2.29817e-05,-6.70216e-06,-0.000128557,2.71888e-05,-3.64666e-05,0.000331865,-6.94089e-05,7.76807e-05,6.86323e-06,-0.000595244,-0.000343341,-0.000847587,-1.62219e-05,-8.44704e-06,-1.94028e-07,-0.0014821,-7.91321e-05,0.000335387,-5.68059e-05,0.000512279,2.88591e-05,0.000169229,-0.000209866,5.32406e-05,-1.16681e-05,-0.000108202,-4.31381e-05,-1.37141e-05,-1.82509e-05,-5.14456e-05,-5.02621e-06,1.38032e-06,3.89449e-05,-0.000551629,-2.97043e-05,0.000477873,5.90943e-05,-0.000124321,-1.59246e-05,6.08335e-05,-6.81649e-05,0.00113058,2.49927e-05,8.93894e-05,-5.39087e-06,-0.00112735,-2.13728e-06,0.000291033,-8.77241e-05
0.442993,0.000550891,7.29545e-05,-0.000119643,0.000598713,1.66394e-05,-5.13343e-05,-2.67893e-05,-1.96646e-05,-0.00183613,8.71168e-05,0.00117849,0.000859403,0.000635021,-2.04762e-05,-2.84319e-05,-4.60742e-05,-0.000413459,-3.95044e-05,0.000788091,-2.32808e-05,-6.5099e-06,-0.00014278,2.44339e-05,-2.98031e-05,0.000386066,-5.68655e-05,8.86947e-05,6.99155e-06,-0.000440934,-0.000288429,-0.00117587,-1.8327e-05,-1.73588e-05,-4.4636e-07,-0.00135914,-7.48916e-05,0.00033202,-5.25704e-05,0.00051711,2.27546e-05,0.0001494,-0.000200755,5.33098e-05,-8.3682e-06,-0.00011752,-5.2414e-05,-1.38562e-05,-1.70561e-05,-7.28135e-05,-4.5306e-06,-2.25064e-07,3.88577e-05,-0.000447961,2.29162e-05,0.00047481,5.94251e-05,-0.00012689,-1.88258e-05,5.80637e-05,-6.71481e-05,0.00114258,2.26215e-05,8.44586e-05,3.93088e-06,-0.00107486,3.46741e-06,0.000265063,-8.47607e-05
0.443993,0.000542845,7.52212e-05,-0.000121585,0.000723815,1.29813e-05,-4.4467e-05,-2.51097e-05,-1.92611e-05,-0.00185219,8.31605e-05,0.00115841,0.000756247,0.000616608,-2.76106e-05,-2.92245e-05,-4.53883e-05,-0.000384031,-4.12213e-05,0.000834655,-2.29018e-05,-6.26012e-06,-0.000155375,2.13961e-05,-2.29797e-05,0.00043545,-4.41329e-05,9.8555e-05,7.09708e-06,-0.000288104,-0.000232833,-0.0014816,-2.02176e-05,-2.56684e-05,-6.99242e-07,-0.00121958,-6.99281e-05,0.00032383,-4.80999e-05,0.000515925,1.67916e-05,0.000128288,-0.000190476,5.28817e-05,-4.97976e-06,-0.000125488,-6.10347e-05,-1.38622e-05,-1.57279e-05,-9.37175e-05,-3.98561e-06,-1.8744e-06,3.84702e-05,-0.000334544,7.30823e-05,0.000469593,5.93917e-05,-0.000128519,-2.15817e-05,5.46747e-05,-6.56324e-05,0.00114112,2.01474e-05,7.88423e-05,1.35599e-05,-0.0010157,8.97389e-06,0.000235717,-8.18742e-05
0.444993,0.000530242,7.69143e-05,-0.000122148,0.000842888,8.94179e-06,-3.74501e-05,-2.32075e-05,-1.87297e-05,-0.00185457,7.88216e-05,0.00113054,0.000651626,0.000593756,-3.43795e-05,-2.9763e-05,-4.43443e-05,-0.000350978,-4.24498e-05,0.000872121,-2.18111e-05,-5.95447e-06,-0.000166296,1.81079e-05,-1.60458e-05,0.000479835,-3.13006e-05,0.000107182,7.17774e-06,-0.000137764,-0.000176971,-0.00176196,-2.18836e-05,-3.32065e-05,-9.49011e-07,-0.00106528,-6.43883e-05,0.000310698,-4.3433e-05,0.000509137,1.10127e-05,0.000106048,-0.000179123,5.1963e-05,-1.52627e-06,-0.000131952,-6.89534e-05,-1.37328e-05,-1.42774e-05,-0.000113924,-3.39456e-06,-3.55691e-06,3.7781e-05,-0.000212201,0.000120341,0.000462247,5.9009e-05,-0.000129235,-2.416e-05,5.06818e-05,-6.36279e-05,0.00112621,1.75863e-05,7.26181e-05,2.34014e-05,-0.000950484,1.43412e-05,0.000203553,-7.9006e-05
0.445993,0.000513088,7.80256e-05,-0.000121148,0.000954139,4.57571e-06,-3.03371e-05,-2.11013e-05,-1.80762e-05,-0.00184339,7.41288e-05,0.0010954,0.000546285,0.000566777,-4.07198e-05,-2.99753e-05,-4.29588e-05,-0.000314916,-4.32046e-05,0.000900349,-1.99926e-05,-5.59532e-06,-0.000175514,1.46064e-05,-9.05289e-06,0.000519096,-1.84595e-05,0.000114516,7.23093e-06,9.122e-06,-0.000121261,-0.00201467,-2.33173e-05,-3.98209e-05,-1.1909e-06,-0.000898373,-5.84199e-05,0.000292597,-3.86085e-05,0.000497214,5.4551e-06,8.28446e-05,-0.000166795,5.05686e-05,1.96635e-06,-0.000136782,-7.61313e-05,-1.34703e-05,-1.27168e-05,-0.000133203,-2.76171e-06,-5.2607e-06,3.67902e-05,-8.19465e-05,0.000164314,0.000452784,5.82921e-05,-0.000129084,-2.65276e-05,4.61084e-05,-6.11497e-05,0.00109805,1.49546e-05,6.58732e-05,3.33528e-05,-0.000879853,1.95286e-05,0.000169169,-7.60819e-05
0.446993,0.000491427,7.85528e-05,-0.000118413,0.0010558,-5.01247e-08,-2.31815e-05,-1.88125e-05,-1.73072e-05,-0.00181893,6.91115e-05,0.00105354,0.000440932,0.000536,-4.65754e-05,-2.97885e-05,-4.12517e-05,-0.000276488,-4.35061e-05,0.000919303,-1.74484e-05,-5.18578e-06,-0.000183014,1.09333e-05,-2.05462e-06,0.000553167,-5.70125e-06,0.000120513,7.25358e-06,0.00015164,-6.61199e-05,-0.00223793,-2.45135e-05,-4.53794e-05,-1.41925e-06,-0.000721151,-5.21677e-05,0.000269595,-3.36653e-05,0.000480668,1.51007e-07,5.88456e-05,-0.0001536,4.87206e-05,5.47014e-06,-0.000139874,-8.2537e-05,-1.30787e-05,-1.106e-05,-0.000151335,-2.09233e-06,-6.97288e-06,3.55003e-05,5.50214e-05,0.000204701,0.000441201,5.72555e-05,-0.000128121,-2.86503e-05,4.09855e-05,-5.82177e-05,0.00105704,1.22696e-05,5.87033e-05,4.33055e-05,-0.000804493,2.44964e-05,0.000133189,-7.30179e-05
0.447993,0.000465342,7.84994e-05,-0.000113784,0.00114615,-4.85785e-06,-1.60361e-05,-1.63653e-05,-1.64299e-05,-0.00178157,6.38009e-05,0.00100553,0.000336238,0.000501767,-5.18981e-05,-2.91308e-05,-3.92459e-05,-0.000236353,-4.33785e-05,0.000929044,-1.41984e-05,-4.72958e-06,-0.0001888,7.13356e-06,4.89448e-06,0.000582031,6.88291e-06,0.000125149,7.24243e-06,0.000288932,-1.19538e-05,-0.00243045,-2.54697e-05,-4.97731e-05,-1.62773e-06,-0.000536059,-4.57699e-05,0.000241854,-2.86416e-05,0.00046004,-4.87263e-06,3.42256e-05,-0.000139647,4.6448e-05,8.95563e-06,-0.000141155,-8.81469e-05,-1.25638e-05,-9.32196e-06,-0.00016811,-1.39257e-06,-8.67968e-06,3.39158e-05,0.000197326,0.000241277,0.000427484,5.5914e-05,-0.000126414,-3.0494e-05,3.53519e-05,-5.48564e-05,0.00100378,9.54967e-06,5.121e-05,5.31467e-05,-0.000725121,2.92062e-05,9.62504e-05,-6.97259e-05
0.448993,0.000434952,7.78744e-05,-0.000107127,0.00122357,-9.75995e-06,-8.95324e-06,-1.37857e-05,-1.54523e-05,-0.00173183,5.82294e-05,0.000951989,0.000232836,0.000464428,-5.66472e-05,-2.79341e-05,-3.69667e-05,-0.000195173,-4.285e-05,0.00092973,-1.02797e-05,-4.231e-06,-0.000192888,3.25476e-06,1.17396e-05,0.000605722,1.92032e-05,0.000128415,7.19421e-06,0.000420196,4.08461e-05,-0.00259145,-2.61857e-05,-5.29187e-05,-1.80968e-06,-0.000345637,-3.9355e-05,0.000209632,-2.35752e-05,0.000435888,-9.59364e-06,9.16184e-06,-0.000125053,4.37857e-05,1.23924e-05,-0.000140584,-9.29441e-05,-1.19325e-05,-7.51857e-06,-0.000183333,-6.69425e-07,-1.03666e-05,3.20434e-05,0.000343425,0.000273892,0.000411615,5.42821e-05,-0.00012404,-3.20244e-05,2.92538e-05,-5.10949e-05,0.000939014,6.81337e-06,4.34988e-05,6.27619e-05,-0.000642481,3.36218e-05,5.89894e-05,-6.61191e-05
0.449993,0.000400411,7.66918e-05,-9.83377e-05,0.00128654,-1.4661e-05,-1.98358e-06,-1.11016e-05,-1.43832e-05,-0.00167032,5.24311e-05,0.000893543,0.000131319,0.000424342,-6.07897e-05,-2.61372e-05,-3.44412e-05,-0.000153597,-4.19514e-05,0.000921608,-5.74498e-06,-3.69474e-06,-0.000195305,-6.53935e-07,1.84264e-05,0.000624316,3.11724e-05,0.000130321,7.10584e-06,0.000544693,9.1909e-05,-0.00272061,-2.66636e-05,-5.47606e-05,-1.95843e-06,-0.000152475,-3.30394e-05,0.000173279,-1.85029e-05,0.000408773,-1.39943e-05,-1.61659e-05,-0.000109934,4.07738e-05,1.57498e-05,-0.000138154,-9.69188e-05,-1.11928e-05,-5.66627e-06,-0.000196826,6.93647e-08,-1.20187e-05,2.98924e-05,0.00049162,0.000302461,0.00039357,5.23747e-05,-0.000121078,-3.32086e-05,2.27435e-05,-4.69666e-05,0.000863688,4.0799e-06,3.5676e-05,7.20361e-05,-0.000557332,3.77097e-05,2.20286e-05,-6.2117e-05
0.450993,0.000361908,7.49695e-05,-8.73437e-05,0.0013337,-1.94597e-05,4.82398e-06,-8.34133e-06,-1.32315e-05,-0.00159779,4.64418e-05,0.000830835,3.22474e-05,0.000381872,-6.43002e-05,-2.3688e-05,-3.16983e-05,-0.000112255,-4.07153e-05,0.000905016,-6.61484e-07,-3.12584e-06,-0.000196093,-4.54288e-06,2.49022e-05,0.000637928,4.27069e-05,0.00013089,6.97476e-06,0.000661753,0.00014089,-0.00281807,-2.69076e-05,-5.52716e-05,-2.06769e-06,4.0833e-05,-2.6925e-05,0.000133231,-1.34605e-05,0.00037925,-1.80608e-05,-4.15771e-05,-9.44109e-05,3.74557e-05,1.89976e-05,-0.000133887,-0.000100067,-1.03538e-05,-3.78183e-06,-0.000208431,8.15477e-07,-1.36206e-05,2.74745e-05,0.000640084,0.000326969,0.000373324,5.02067e-05,-0.000117611,-3.40155e-05,1.58795e-05,-4.25084e-05,0.000778879,1.36859e-06,2.78463e-05,8.08565e-05,-0.000470442,4.14394e-05,-1.40359e-05,-5.76496e-05
0.451993,0.000319663,7.27293e-05,-7.41146e-05,0.00136388,-2.40516e-05,1.14229e-05,-5.5338e-06,-1.20069e-05,-0.00151507,4.02988e-05,0.00076451,-6.3857e-05,0.000337386,-6.71603e-05,-2.05465e-05,-2.87679e-05,-7.17373e-05,-3.91758e-05,0.000880372,4.89145e-06,-2.52954e-06,-0.000195303,-8.36306e-06,3.11166e-05,0.000646706,5.37284e-05,0.000130161,6.79915e-06,0.000770771,0.000187473,-0.0028844,-2.69239e-05,-5.44544e-05,-2.13195e-06,0.000231737,-2.10977e-05,9.00058e-05,-8.4828e-06,0.000347855,-2.17828e-05,-6.68912e-05,-7.86028e-05,3.38777e-05,2.21066e-05,-0.000127841,-0.000102392,-9.4254e-06,-1.88201e-06,-0.000218011,1.56015e-06,-1.51572e-05,2.4804e-05,0.000786875,0.000347453,0.000350858,4.7794e-05,-0.000113717,-3.44167e-05,8.72534e-06,-3.77608e-05,0.000685795,-1.30121e-06,2.011e-05,8.91139e-05,-0.000382576,4.4784e-05,-4.86465e-05,-5.26615e-05
0.452993,0.000273925,6.99958e-05,-5.8665e-05,0.0013761,-2.83314e-05,1.77695e-05,-2.70728e-06,-1.07193e-05,-0.00142308,3.4041e-05,0.000695216,-0.000156505,0.000291254,-6.93586e-05,-1.66873e-05,-2.56803e-05,-3.25943e-05,-3.73672e-05,0.00084817,1.08245e-05,-1.91116e-06,-0.000192995,-1.20672e-05,3.70226e-05,0.00065083,6.41644e-05,0.000128184,6.57817e-06,0.000871217,0.000231378,-0.0029205,-2.67203e-05,-5.23409e-05,-2.14686e-06,0.000417771,-1.56262e-05,4.41909e-05,-3.60289e-06,0.0003151,-2.51527e-05,-9.19291e-05,-6.26301e-05,3.00869e-05,2.50497e-05,-0.000120103,-0.000103899,-8.41768e-06,1.67424e-08,-0.000225453,2.29435e-06,-1.66134e-05,2.18981e-05,0.000929969,0.000364004,0.000326162,4.51529e-05,-0.00010947,-3.43879e-05,1.34853e-06,-3.27666e-05,0.000585755,-3.91048e-06,1.25602e-05,9.67047e-05,-0.000294489,4.77207e-05,-8.1294e-05,-4.71141e-05
0.453993,0.00022497,6.67952e-05,-4.10589e-05,0.00136964,-3.2196e-05,2.38232e-05,1.11042e-07,-9.37884e-06,-0.00132281,2.77088e-05,0.000623589,-0.00024524,0.000243848,-7.08899e-05,-1.2102e-05,-2.24659e-05,4.67913e-06,-3.53239e-05,0.000808973,1.70409e-05,-1.27595e-06,-0.000189237,-1.56111e-05,4.25774e-05,0.000650499,7.39497e-05,0.000125023,6.31224e-06,0.000962635,0.00027236,-0.00292764,-2.63059e-05,-4.8992e-05,-2.10962e-06,0.000596599,-1.05614e-05,-3.56414e-06,1.14742e-06,0.000281464,-2.81649e-05,-0.000116514,-4.6611e-05,2.613e-05,2.78024e-05,-0.000110789,-0.000104602,-7.34111e-06,1.89864e-06,-0.000230667,3.00899e-06,-1.79746e-05,1.87764e-05,0.00106729,0.000376755,0.000299236,4.2301e-05,-0.000104932,-3.39093e-05,-6.18031e-06,-2.75709e-05,0.000480163,-6.44075e-06,5.28021e-06,0.000103532,-0.000206916,5.02309e-05,-0.000111527,-4.09882e-05
0.454993,0.000173102,6.31553e-05,-2.14133e-05,0.00134405,-3.55477e-05,2.95472e-05,2.89576e-06,-7.99595e-06,-0.00121533,2.13436e-05,0.000550255,-0.000329637,0.000195539,-7.17548e-05,-6.80139e-06,-1.91544e-05,3.9648e-05,-3.30796e-05,0.000763403,2.34391e-05,-6.29016e-07,-0.000184104,-1.89542e-05,4.7743e-05,0.000645937,8.30276e-05,0.000120749,6.00325e-06,0.00104465,0.000310213,-0.00290735,-2.56915e-05,-4.44963e-05,-2.01933e-06,0.000766047,-5.93631e-06,-5.25605e-05,5.73797e-06,0.000247386,-3.08155e-05,-0.000140471,-3.06613e-05,2.2052e-05,3.03435e-05,-0.00010004,-0.000104517,-6.20607e-06,3.74882e-06,-0.000233591,3.69512e-06,-1.92273e-05,1.54616e-05,0.00119674,0.000385873,0.000270101,3.92571e-05,-0.000100154,-3.29673e-05,-1.37886e-05,-2.22197e-05,0.000370485,-8.87437e-06,-1.65843e-06,0.000109508,-0.000120567,5.23009e-05,-0.000138959,-3.42844e-05
0.455993,0.000118646,5.91039e-05,9.9569e-08,0.00129918,-3.82968e-05,3.49086e-05,5.62385e-06,-6.58106e-06,-0.00110174,1.49875e-05,0.000475822,-0.000409302,0.0001467,-7.1959e-05,-8.17042e-07,-1.57747e-05,7.19433e-05,-3.06667e-05,0.000712138,2.99156e-05,2.48105e-08,-0.000177673,-2.20614e-05,5.24874e-05,0.000637379,9.13504e-05,0.000115443,5.65473e-06,0.00111695,0.000344774,-0.00286139,-2.48884e-05,-3.89683e-05,-1.87732e-06,0.000924139,-1.76691e-06,-0.000102063,1.01403e-05,0.000213266,-3.31013e-05,-0.000163631,-1.48927e-05,1.78945e-05,3.26556e-05,-8.80188e-05,-0.000103663,-5.02268e-06,5.55364e-06,-0.000234185,4.34416e-06,-2.03588e-05,1.19789e-05,0.00131624,0.000391552,0.000238799,3.60418e-05,-9.51684e-05,-3.15553e-05,-2.14027e-05,-1.676e-05,0.000258225,-1.11948e-05,-8.19837e-06,0.000114553,-3.61141e-05,5.39214e-05,-0.000163276,-2.70238e-05
0.456992,6.19522e-05,5.46689e-05,2.32518e-05,0.00123516,-4.03649e-05,3.98786e-05,8.27518e-06,-5.14465e-06,-0.000983159,8.68349e-06,0.00040088,-0.00048387,9.77002e-05,-7.15128e-05,5.79754e-06,-1.23541e-05,0.000101266,-2.81163e-05,0.000655897,3.63675e-05,6.81077e-07,-0.00017003,-2.49031e-05,5.67848e-05,0.000625076,9.88805e-05,0.000109192,5.27204e-06,0.00117932,0.000375918,-0.0027917,-2.3909e-05,-3.25456e-05,-1.68738e-06,0.00106912,1.94733e-06,-0.000151314,1.43277e-05,0.000179456,-3.50195e-05,-0.000185828,5.87782e-07,1.36948e-05,3.47259e-05,-7.49082e-05,-0.000102064,-3.80058e-06,7.30086e-06,-0.000232438,4.94807e-06,-2.1358e-05,8.35642e-06,0.00142377,0.000394006,0.000205396,3.26769e-05,-8.99918e-05,-2.96744e-05,-2.89494e-05,-1.12383e-05,0.000144899,-1.33868e-05,-1.42978e-05,0.000118598,4.58112e-05,5.50881e-05,-0.000184235,-1.92471e-05
0.457992,3.38985e-06,4.9877e-05,4.77597e-05,0.00115248,-4.16874e-05,4.44331e-05,1.08329e-05,-3.69711e-06,-0.000860747,2.4744e-06,0.000325992,-0.000553005,4.89102e-05,-7.04307e-05,1.29662e-05,-8.91842e-06,0.000127389,-2.54577e-05,0.000595436,4.26953e-05,1.33577e-06,-0.000161259,-2.74565e-05,6.06158e-05,0.000609286,0.00010559,0.000102088,4.86239e-06,0.00123162,0.000403564,-0.00270037,-2.27662e-05,-2.53866e-05,-1.4559e-06,0.00119949,5.22181e-06,-0.000199546,1.82752e-05,0.000146266,-3.65671e-05,-0.000206902,1.5679e-05,9.48454e-06,3.65462e-05,-6.09032e-05,-9.97465e-05,-2.54876e-06,8.97992e-06,-0.000228361,5.4996e-06,-2.22152e-05,4.62468e-06,0.00151738,0.00039346,0.00016999,2.91866e-05,-8.4619e-05,-2.73346e-05,-3.63565e-05,-5.70018e-06,3.20098e-05,-1.54367e-05,-1.99315e-05,0.000121587,0.000124625,5.58013e-05,-0.000201673,-1.10134e-05
0.458992,-5.6651e-05,4.47537e-05,7.32863e-05,0.00105194,-4.22162e-05,4.85521e-05,1.32839e-05,-2.24871e-06,-0.000735646,-3.59717e-06,0.000251696,-0.000616402,6.95874e-07,-6.87304e-05,2.05902e-05,-5.49109e-06,0.000150156,-2.27179e-05,0.000531536,4.88051e-05,1.98539e-06,-0.000151448,-2.9706e-05,6.39683e-05,0.000590273,0.000111464,9.42294e-05,4.43491e-06,0.00127378,0.000427668,-0.00258954,-2.14733e-05,-1.76666e-05,-1.19202e-06,0.001314,8.08517e-06,-0.000246002,2.196e-05,0.000113959,-3.77406e-05,-0.000226697,3.02865e-05,5.28909e-06,3.81134e-05,-4.62088e-05,-9.67384e-05,-1.27545e-06,1.0582e-05,-0.000221991,5.99248e-06,-2.29227e-05,8.16726e-07,0.00159528,0.000390144,0.000132711,2.55965e-05,-7.90242e-05,-2.45555e-05,-4.35542e-05,-1.89915e-07,-7.8974e-05,-1.73327e-05,-2.50918e-05,0.000123473,0.000199797,5.60663e-05,-0.000215502,-2.39793e-06
0.459992,-0.000117761,3.93228e-05,9.94447e-05,0.000934678,-4.19219e-05,5.22206e-05,1.56188e-05,-8.09498e-07,-0.000608982,-9.48937e-06,0.000178501,-0.000673785,-4.65802e-05,-6.64327e-05,2.85488e-05,-2.09345e-06,0.000169485,-1.99222e-05,0.000464993,5.46109e-05,2.62695e-06,-0.000140687,-3.16432e-05,6.68373e-05,0.000568306,0.000116495,8.57138e-05,4.0006e-06,0.00130582,0.000448224,-0.00246142,-2.00439e-05,-9.57398e-06,-9.07558e-07,0.00141169,1.05772e-05,-0.000289941,2.5361e-05,8.27536e-05,-3.85357e-05,-0.000245066,4.43234e-05,1.12662e-06,3.94296e-05,-3.10346e-05,-9.30708e-05,1.20251e-08,1.21e-05,-0.00021339,6.42156e-06,-2.34746e-05,-3.03218e-06,0.00165584,0.000384289,9.37229e-05,2.19342e-05,-7.31605e-05,-2.13666e-05,-5.04759e-05,5.25054e-06,-0.000186643,-1.90648e-05,-2.97879e-05,0.000124222,0.000270852,5.58926e-05,-0.00022571,6.51019e-06
0.460992,-0.000179513,3.36063e-05,0.000125803,0.00080216,-4.07956e-05,5.54281e-05,1.7832e-05,6.10731e-07,-0.000481857,-1.51616e-05,0.000106888,-0.000724907,-9.25609e-05,-6.35611e-05,3.67007e-05,1.25561e-06,0.000185358,-1.70934e-05,0.00039661,6.00363e-05,3.25803e-06,-0.000129064,-3.32676e-05,6.92244e-05,0.000543653,0.000120689,7.6642e-05,3.57217e-06,0.00132781,0.000465262,-0.00231822,-1.84914e-05,-1.30633e-06,-6.16887e-07,0.00149186,1.27465e-05,-0.000330661,2.84593e-05,5.28302e-05,-3.89475e-05,-0.000261866,5.77104e-05,-2.99204e-06,4.05018e-05,-1.55906e-05,-8.87767e-05,1.30721e-06,1.35289e-05,-0.00020264,6.78297e-06,-2.38672e-05,-6.8848e-06,0.00169763,0.000376116,5.32281e-05,1.82292e-05,-6.6961e-05,-1.78078e-05,-5.70586e-05,1.05819e-05,-0.000289668,-2.06249e-05,-3.40459e-05,0.000123812,0.000337374,5.5294e-05,-0.000232355,1.5611e-05
0.461992,-0.000241459,2.76244e-05,0.000151891,0.000656159,-3.88497e-05,5.81685e-05,1.99219e-05,2.00252e-06,-0.000355326,-2.05749e-05,3.73033e-05,-0.000769557,-0.000136896,-6.01412e-05,4.48862e-05,4.5396e-06,0.000197824,-1.42523e-05,0.000327185,6.50162e-05,3.8767e-06,-0.000116669,-3.4586e-05,7.11382e-05,0.000516586,0.00012406,6.71146e-05,3.16383e-06,0.00133991,0.000478842,-0.0021621,-1.68296e-05,6.93409e-06,-3.36721e-07,0.00155411,1.46482e-05,-0.000367505,3.12381e-05,2.43299e-05,-3.89702e-05,-0.000276962,7.03769e-05,-7.06345e-06,4.13418e-05,-8.27498e-08,-8.38908e-05,2.60458e-06,1.48654e-05,-0.000189846,7.07425e-06,-2.40988e-05,-1.07023e-05,0.00171948,0.00036584,1.14666e-05,1.45123e-05,-6.03406e-05,-1.3929e-05,-6.32444e-05,1.57678e-05,-0.000386817,-2.20072e-05,-3.79072e-05,0.000122233,0.000399009,5.42881e-05,-0.00023556,2.47969e-05
0.462992,-0.000303137,2.13961e-05,0.00017721,0.000498737,-3.61191e-05,6.04401e-05,2.18903e-05,3.35677e-06,-0.000230395,-2.56925e-05,-2.98356e-05,-0.000807555,-0.000179244,-5.62008e-05,5.29296e-05,7.74443e-06,0.000206987,-1.14176e-05,0.000257503,6.94972e-05,4.48151e-06,-0.000103591,-3.56125e-05,7.25932e-05,0.000487371,0.000126632,5.72318e-05,2.79101e-06,0.00134236,0.000489052,-0.00199519,-1.50719e-05,1.49449e-05,-8.57439e-08,0.00159827,1.63414e-05,-0.000399882,3.36828e-05,-2.6396e-06,-3.85977e-05,-0.000290228,8.22609e-05,-1.10913e-05,4.19655e-05,1.5291e-05,-7.845e-05,3.89942e-06,1.61076e-05,-0.000175133,7.29441e-06,-2.41701e-05,-1.44444e-05,0.00172048,0.000353662,-3.12833e-05,1.08155e-05,-5.31989e-05,-9.79038e-06,-6.89802e-05,2.07755e-05,-0.000476972,-2.32078e-05,-4.14266e-05,0.000119488,0.000455462,5.28962e-05,-0.000235512,3.39556e-05
0.463992,-0.000364065,1.4939e-05,0.000201238,0.000332217,-3.2661e-05,6.2245e-05,2.37419e-05,4.6648e-06,-0.000108006,-3.04802e-05,-9.41456e-05,-0.000838757,-0.000219277,-5.177e-05,6.06435e-05,1.08582e-05,0.000213005,-8.60629e-06,0.000188326,7.34387e-05,5.07142e-06,-8.99188e-05,-3.63673e-05,7.36095e-05,0.000456274,0.000128439,4.70919e-05,2.46998e-06,0.00133543,0.000496003,-0.00181951,-1.32318e-05,2.2528e-05,1.15852e-07,0.00162448,1.78866e-05,-0.000427269,3.57811e-05,-2.79999e-05,-3.78239e-05,-0.000301544,9.33088e-05,-1.50855e-05,4.23927e-05,3.03442e-05,-7.2493e-05,5.18774e-06,1.72554e-05,-0.000158643,7.44395e-06,-2.40837e-05,-1.80703e-05,0.00170003,0.000339765,-7.47059e-05,7.17179e-06,-4.54241e-05,-5.46148e-06,-7.42185e-05,2.55755e-05,-0.000559146,-2.42249e-05,-4.46704e-05,0.00011559,0.000506499,5.11424e-05,-0.000232445,4.29736e-05
0.464992,-0.000423742,8.2706e-06,0.000223446,0.000159146,-2.85541e-05,6.35894e-05,2.54842e-05,5.91837e-06,1.09664e-05,-3.49068e-05,-0.000155276,-0.000863057,-0.000256678,-4.68806e-05,6.78319e-05,1.38709e-05,0.000216079,-5.83345e-06,0.000120384,7.68125e-05,5.64565e-06,-7.57404e-05,-3.68766e-05,7.42115e-05,0.000423556,0.000129519,3.6791e-05,2.21733e-06,0.00131948,0.000499823,-0.00163698,-1.13225e-05,2.94944e-05,2.46929e-07,0.00163309,1.93431e-05,-0.000449228,3.75231e-05,-5.16976e-05,-3.66432e-05,-0.0003108,0.000103476,-1.90617e-05,4.2646e-05,4.49046e-05,-6.60605e-05,6.46609e-06,1.83097e-05,-0.000140537,7.52487e-06,-2.38441e-05,-2.15386e-05,0.00165787,0.000324319,-0.000118449,3.61457e-06,-3.68979e-05,-1.02028e-06,-7.89176e-05,3.01421e-05,-0.000632489,-2.50585e-05,-4.7713e-05,0.000110565,0.000551946,4.90535e-05,-0.000226641,5.17392e-05
0.465992,-0.000481655,1.40874e-06,0.000243305,-1.77498e-05,-2.38974e-05,6.44826e-05,2.71265e-05,7.1097e-06,0.000125725,-3.89445e-05,-0.000212911,-0.00088039,-0.00029115,-4.15667e-05,7.42955e-05,1.67744e-05,0.000216447,-3.11274e-06,5.43654e-05,7.96029e-05,6.20363e-06,-6.11449e-05,-3.71709e-05,7.44273e-05,0.000389474,0.000129916,2.64224e-05,2.04955e-06,0.00129491,0.000500656,-0.00144943,-9.35704e-06,3.5668e-05,2.86066e-07,0.00162467,2.0767e-05,-0.000465411,3.89015e-05,-7.36999e-05,-3.50515e-05,-0.000317895,0.000112725,-2.30393e-05,4.27498e-05,5.88169e-05,-5.91957e-05,7.73137e-06,1.92727e-05,-0.000120991,7.54061e-06,-2.34577e-05,-2.48082e-05,0.00159405,0.000307476,-0.000162129,1.77043e-07,-2.75007e-05,3.448e-06,-8.30416e-05,3.44529e-05,-0.000696301,-2.57104e-05,-5.06337e-05,0.00010445,0.000591684,4.66583e-05,-0.000218413,6.01449e-05
0.466992,-0.000537271,-5.6274e-06,0.000260302,-0.000195608,-1.88082e-05,6.49369e-05,2.86791e-05,8.23149e-06,0.00023555,-4.25691e-05,-0.000266766,-0.00089073,-0.000322415,-3.58649e-05,7.98367e-05,1.95614e-05,0.000214374,-4.56571e-07,-9.08899e-06,8.18051e-05,6.7448e-06,-4.62214e-05,-3.72841e-05,7.42874e-05,0.000354279,0.000129679,1.60763e-05,1.98233e-06,0.00126216,0.000498653,-0.00125854,-7.34865e-06,4.08906e-05,2.1229e-07,0.00160001,2.22086e-05,-0.000475564,3.99114e-05,-9.39903e-05,-3.30469e-05,-0.000322737,0.000121027,-2.70404e-05,4.27294e-05,7.19438e-05,-5.1944e-05,8.98056e-06,2.01467e-05,-0.000100196,7.49591e-06,-2.29324e-05,-2.78385e-05,0.001509,0.000289371,-0.00020533,-3.10828e-06,-1.71179e-05,7.85248e-06,-8.65602e-05,3.84889e-05,-0.000750037,-2.61839e-05,-5.35136e-05,9.72926e-05,0.000625646,4.39872e-05,-0.000208102,6.80903e-05
0.467992,-0.000590046,-1.28162e-05,0.00027395,-0.000371489,-1.34195e-05,6.49672e-05,3.01526e-05,9.27698e-06,0.000339801,-4.57603e-05,-0.000316594,-0.000894099,-0.000350221,-2.98144e-05,8.42646e-05,2.22257e-05,0.000210145,2.12371e-06,-6.93949e-05,8.34247e-05,7.26849e-06,-3.10606e-05,-3.72521e-05,7.38231e-05,0.000318216,0.000128857,5.83891e-06,2.03002e-06,0.00122171,0.00049397,-0.00106587,-5.31034e-06,4.50245e-05,5.87439e-09,0.00156006,2.3711e-05,-0.000479537,4.05511e-05,-0.000112564,-3.06307e-05,-0.000325245,0.000128361,-3.10878e-05,4.261e-05,8.41677e-05,-4.43536e-05,1.02105e-05,2.09345e-05,-7.83558e-05,7.39671e-06,-2.22774e-05,-3.05907e-05,0.0014035,0.000270127,-0.000247614,-6.21023e-06,-5.64672e-06,1.20985e-05,-8.94485e-05,4.22338e-05,-0.000793308,-2.64838e-05,-5.64308e-05,8.91505e-05,0.000653818,4.10717e-05,-0.00019606,7.54835e-05
0.468992,-0.000639425,-2.01325e-05,0.000283802,-0.000542431,-7.87667e-06,6.45901e-05,3.15569e-05,1.02399e-05,0.000437919,-4.85021e-05,-0.00036218,-0.000890563,-0.000374343,-2.34575e-05,8.74011e-05,2.47614e-05,0.000204056,4.61753e-06,-0.00012603,8.44755e-05,7.77378e-06,-1.57547e-05,-3.71109e-05,7.30658e-05,0.000281521,0.000127501,-4.2072e-06,2.20492e-06,0.0011741,0.000486763,-0.000872858,-3.25528e-06,4.7957e-05,-3.50842e-07,0.00150593,2.53078e-05,-0.000477282,4.08215e-05,-0.000129427,-2.78083e-05,-0.00032535,0.00013471,-3.52028e-05,4.24152e-05,9.53902e-05,-3.64753e-05,1.14175e-05,2.16386e-05,-5.56858e-05,7.24993e-06,-2.15027e-05,-3.30277e-05,0.00127868,0.000249851,-0.000288522,-9.09959e-06,6.99745e-06,1.60897e-05,-9.16867e-05,4.5674e-05,-0.000825882,-2.66158e-05,-5.94573e-05,8.00926e-05,0.000676228,3.79439e-05,-0.000182648,8.22431e-05
0.469992,-0.000684841,-2.75465e-05,0.000289464,-0.000705506,-2.33363e-06,6.38239e-05,3.29e-05,1.11145e-05,0.000529425,-5.07827e-05,-0.000403346,-0.000880237,-0.000394586,-1.684e-05,8.90862e-05,2.71623e-05,0.000196406,7.01489e-06,-0.00017854,8.4978e-05,8.25929e-06,-3.98785e-07,-3.68954e-05,7.20453e-05,0.000244423,0.000125658,-1.39836e-05,2.51664e-06,0.00111986,0.000477183,-0.000680828,-1.1968e-06,4.96024e-05,-8.72612e-07,0.00143883,2.70222e-05,-0.000468854,4.07266e-05,-0.000144588,-2.45905e-05,-0.000322996,0.000140066,-3.94031e-05,4.21658e-05,0.000105532,-2.83634e-05,1.25972e-05,2.2261e-05,-3.24121e-05,7.06323e-06,-2.06189e-05,-3.51151e-05,0.00113601,0.000228643,-0.000327583,-1.17498e-05,2.08737e-05,1.97303e-05,-9.32598e-05,4.87978e-05,-0.000847683,-2.65864e-05,-6.26549e-05,7.01971e-05,0.000692946,3.46359e-05,-0.000168221,8.82984e-05
0.470992,-0.000725725,-3.50225e-05,0.000290607,-0.000857887,3.05119e-06,6.2688e-05,3.41876e-05,1.18956e-05,0.000613916,-5.25946e-05,-0.000439948,-0.000863287,-0.000410792,-1.00115e-05,8.91832e-05,2.94215e-05,0.000187491,9.30618e-06,-0.000226542,8.49571e-05,8.72309e-06,1.49092e-05,-3.66377e-05,7.07884e-05,0.000207142,0.00012337,-2.34161e-05,2.97149e-06,0.00105958,0.000465374,-0.000490979,8.51493e-07,4.99045e-05,-1.57047e-06,0.00136007,2.8866e-05,-0.000454407,4.02736e-05,-0.000158063,-2.09944e-05,-0.000318138,0.000144422,-4.37009e-05,4.18791e-05,0.000114533,-2.00751e-05,1.37441e-05,2.28027e-05,-8.76956e-06,6.84476e-06,-1.96367e-05,-3.68217e-05,0.0009773,0.000206594,-0.000364319,-1.41377e-05,3.60094e-05,2.29281e-05,-9.41567e-05,5.15948e-05,-0.000858785,-2.64026e-05,-6.60712e-05,5.95518e-05,0.000704076,3.11797e-05,-0.000153122,9.35908e-05
0.471992,-0.000761511,-4.25182e-05,0.000286979,-0.000996902,8.1195e-06,6.12021e-05,3.54217e-05,1.25785e-05,0.000691063,-5.39348e-05,-0.00047188,-0.000839927,-0.000422841,-3.02542e-06,8.75847e-05,3.15308e-05,0.000177594,1.1482e-05,-0.000269729,8.44401e-05,9.16252e-06,3.00672e-05,-3.63655e-05,6.93181e-05,0.000169887,0.000120676,-3.24348e-05,3.57181e-06,0.000993814,0.000451471,-0.000304412,2.87565e-06,4.88383e-05,-2.45095e-06,0.00127103,3.08387e-05,-0.000434196,3.94728e-05,-0.000169865,-1.70443e-05,-0.000310749,0.000147778,-4.81006e-05,4.1567e-05,0.000122347,-1.16712e-05,1.48515e-05,2.32632e-05,1.49993e-05,6.60288e-06,-1.85668e-05,-3.81203e-05,0.000804645,0.000183792,-0.000398256,-1.62439e-05,5.23934e-05,2.55962e-05,-9.43699e-05,5.40558e-05,-0.000859405,-2.60717e-05,-6.97368e-05,4.82535e-05,0.000709756,2.76066e-05,-0.000137675,9.80728e-05
0.472992,-0.000791634,-4.99835e-05,0.000278415,-0.00112009,1.27178e-05,5.93861e-05,3.65999e-05,1.31591e-05,0.000760604,-5.48047e-05,-0.00049907,-0.000810424,-0.000430656,4.05996e-06,8.42163e-05,3.34808e-05,0.000166982,1.3533e-05,-0.000307869,8.34541e-05,9.5741e-06,4.4969e-05,-3.61007e-05,6.76522e-05,0.000132856,0.000117607,-4.0974e-05,4.31554e-06,0.000923173,0.000435595,-0.000122133,4.8613e-06,4.64107e-05,-3.51542e-06,0.00117311,3.29275e-05,-0.000408564,3.8338e-05,-0.000180012,-1.27726e-05,-0.000300816,0.000150135,-5.25965e-05,4.12359e-05,0.000128946,-3.21566e-06,1.59113e-05,2.36405e-05,3.86461e-05,6.34584e-06,-1.74188e-05,-3.89884e-05,0.000620412,0.00016032,-0.00042893,-1.80536e-05,6.99715e-05,2.76565e-05,-9.3895e-05,5.61714e-05,-0.000849897,-2.56009e-05,-7.36618e-05,3.64074e-05,0.00071015,2.3947e-05,-0.000122173,0.000101708
0.473992,-0.000815549,-5.73599e-05,0.000264841,-0.00122528,1.67023e-05,5.726e-05,3.77149e-05,1.36339e-05,0.000822342,-5.52097e-05,-0.000521484,-0.000775096,-0.000434202,1.1182e-05,7.90415e-05,3.52598e-05,0.000155902,1.545e-05,-0.000340809,8.20244e-05,9.95343e-06,5.95036e-05,-3.58578e-05,6.58026e-05,9.6238e-05,0.000114182,-4.89726e-05,5.19567e-06,0.000848244,0.000417854,5.49342e-05,6.79357e-06,4.26608e-05,-4.75945e-06,0.00106774,3.51072e-05,-0.00037794,3.68861e-05,-0.00018852,-8.2202e-06,-0.000288344,0.000151498,-5.71714e-05,4.08852e-05,0.000134312,5.22415e-06,1.69134e-05,2.39308e-05,6.19185e-05,6.08149e-06,-1.62019e-05,-3.94083e-05,0.000427197,0.000136267,-0.000455895,-1.95567e-05,8.86413e-05,2.90416e-05,-9.27299e-05,5.79323e-05,-0.000830735,-2.4997e-05,-7.7834e-05,2.41268e-05,0.000705443,2.023e-05,-0.00010688,0.00010447
0.474992,-0.000832729,-6.45802e-05,0.000246289,-0.00131058,1.99433e-05,5.48426e-05,3.8754e-05,1.4e-05,0.000876139,-5.51597e-05,-0.000539127,-0.000734309,-0.000433495,1.82735e-05,7.20644e-05,3.6854e-05,0.000144573,1.72234e-05,-0.000368475,8.01721e-05,1.02952e-05,7.35553e-05,-3.56433e-05,6.37744e-05,6.02055e-05,0.000110415,-5.6374e-05,6.19999e-06,0.000769621,0.000398342,0.000225934,8.65713e-06,3.76593e-05,-6.17244e-06,0.000956324,3.73409e-05,-0.000342827,3.51377e-05,-0.000195406,-3.43746e-06,-0.000273355,0.000151874,-6.1795e-05,4.0507e-05,0.000138439,1.35779e-05,1.78462e-05,2.41278e-05,8.45618e-05,5.81696e-06,-1.49234e-05,-3.9368e-05,0.00022778,0.000111725,-0.000478737,-2.07487e-05,0.000108249,2.96977e-05,-9.08748e-05,5.93283e-05,-0.000802508,-2.42663e-05,-8.22169e-05,1.15321e-05,0.000695841,1.64834e-05,-9.20205e-05,0.000106343
0.475992,-0.000842682,-7.15686e-05,0.000222894,-0.00137451,2.233e-05,5.21526e-05,3.96984e-05,1.42551e-05,0.000921907,-5.46682e-05,-0.000552038,-0.000688481,-0.000428595,2.52627e-05,6.33324e-05,3.82473e-05,0.000133185,1.8844e-05,-0.000390866,7.79128e-05,1.05929e-05,8.70037e-05,-3.54547e-05,6.1566e-05,2.49202e-05,0.000106306,-6.31259e-05,7.31088e-06,0.000687888,0.000377141,0.000390071,1.04361e-05,3.15073e-05,-7.73724e-06,0.000840236,3.95807e-05,-0.000303794,3.31161e-05,-0.000200686,1.5161e-06,-0.000255895,0.000151269,-6.64227e-05,4.00858e-05,0.000141326,2.17723e-05,1.86961e-05,2.42234e-05,0.000106322,5.55837e-06,-1.35894e-05,-3.88616e-05,2.50766e-05,8.67898e-05,-0.000497075,-2.16306e-05,0.000128589,2.95866e-05,-8.83312e-05,6.03481e-05,-0.000765904,-2.34147e-05,-8.67493e-05,-1.24939e-06,0.000681564,1.27333e-05,-7.77794e-05,0.000107316
0.476992,-0.000844957,-7.82402e-05,0.0001949,-0.00141594,2.37744e-05,4.92072e-05,4.05235e-05,1.43973e-05,0.000959607,-5.37524e-05,-0.000560296,-0.000638073,-0.000419614,3.20735e-05,5.29374e-05,3.94211e-05,0.000121901,2.03023e-05,-0.000408053,7.52551e-05,1.08395e-05,9.97242e-05,-3.52796e-05,5.9168e-05,-9.47047e-06,0.000101846,-6.9181e-05,8.50526e-06,0.000603621,0.000354318,0.000546601,1.21143e-05,2.43342e-05,-9.4301e-06,0.000720806,4.1769e-05,-0.000261461,3.08484e-05,-0.000204378,6.57175e-06,-0.000236028,0.000149691,-7.0995e-05,3.95981e-05,0.00014298,2.97323e-05,1.9448e-05,2.42073e-05,0.000126946,5.3106e-06,-1.2204e-05,-3.78895e-05,-0.000177914,6.15696e-05,-0.000510576,-2.22091e-05,0.000149402,2.86875e-05,-8.51022e-05,6.09792e-05,-0.000721694,-2.2447e-05,-9.13449e-05,-1.40849e-05,0.000662846,9.00446e-06,-6.42985e-05,0.000107387
0.477992,-0.000839154,-8.45025e-05,0.000162656,-0.00143421,2.42147e-05,4.6023e-05,4.11988e-05,1.44258e-05,0.000989244,-5.24332e-05,-0.000564015,-0.000583593,-0.000406715,3.86262e-05,4.10161e-05,4.03547e-05,0.00011085,2.15889e-05,-0.000420179,7.21993e-05,1.10267e-05,0.000111589,-3.50961e-05,5.65646e-05,-4.28326e-05,9.70166e-05,-7.4497e-05,9.75476e-06,0.000517386,0.00032993,0.000694817,1.36751e-05,1.62949e-05,-1.12208e-05,0.000599299,4.38398e-05,-0.00021649,2.83641e-05,-0.000206505,1.16519e-05,-0.000213842,0.00014715,-7.54373e-05,3.90133e-05,0.000143412,3.73808e-05,2.00849e-05,2.40669e-05,0.000146187,5.07702e-06,-1.07695e-05,-3.64589e-05,-0.000378166,3.61811e-05,-0.000518964,-2.24965e-05,0.000170376,2.69988e-05,-8.11924e-05,6.12073e-05,-0.000670722,-2.13673e-05,-9.58938e-05,-2.6837e-05,0.000639931,5.3197e-06,-5.16774e-05,0.000106558
0.478992,-0.000824942,-9.02558e-05,0.000126617,-0.00142908,2.36185e-05,4.26155e-05,4.16884e-05,1.43401e-05,0.00101086,-5.07342e-05,-0.000563344,-0.000525587,-0.000390107,4.48384e-05,2.77486e-05,4.10253e-05,0.000100131,2.26948e-05,-0.000427446,6.8738e-05,1.11457e-05,0.000122467,-3.48727e-05,5.3733e-05,-7.50464e-05,9.17877e-05,-7.90364e-05,1.1026e-05,0.000429731,0.000304029,0.000834052,1.51017e-05,7.56667e-06,-1.30727e-05,0.000476905,4.57209e-05,-0.000169574,2.56959e-05,-0.000207092,1.66711e-05,-0.000189449,0.000143655,-7.96605e-05,3.82933e-05,0.000142632,4.46401e-05,2.05885e-05,2.3788e-05,0.000163808,4.85933e-06,-9.28601e-06,-3.45838e-05,-0.00057268,1.07523e-05,-0.00052202,-2.25108e-05,0.000191154,2.4539e-05,-7.66075e-05,6.1017e-05,-0.000613884,-2.01787e-05,-0.000100264,-3.93646e-05,0.000613071,1.70037e-06,-3.99735e-05,0.000104834
0.479992,-0.000802065,-9.53947e-05,8.7335e-05,-0.00140075,2.19845e-05,3.89992e-05,4.19516e-05,1.41407e-05,0.00102453,-4.86819e-05,-0.00055847,-0.000464636,-0.000370049,5.06253e-05,1.33566e-05,4.14086e-05,8.9813e-05,2.36112e-05,-0.000430117,6.4855e-05,1.11871e-05,0.000132229,-3.45688e-05,5.0645e-05,-0.000106005,8.61225e-05,-8.27676e-05,1.2281e-05,0.000341194,0.000276658,0.000963665,1.63774e-05,-1.65475e-06,-1.49438e-05,0.000354735,4.73352e-05,-0.000121419,2.28787e-05,-0.00020617,2.15369e-05,-0.000162989,0.000139217,-8.35619e-05,3.73941e-05,0.000140652,5.14327e-05,2.09396e-05,2.33549e-05,0.000179581,4.65746e-06,-7.75195e-06,-3.22848e-05,-0.000758543,-1.45771e-05,-0.000519599,-2.22753e-05,0.000211333,2.13469e-05,-7.13554e-05,6.03918e-05,-0.00055212,-1.88839e-05,-0.000104304,-5.15248e-05,0.000582529,-1.83376e-06,-2.92046e-05,0.000102223
0.480992,-0.000770355,-9.98104e-05,4.54509e-05,-0.0013499,1.93441e-05,3.51883e-05,4.1944e-05,1.38286e-05,0.00103036,-4.63055e-05,-0.000549608,-0.000401352,-0.000346844,5.59015e-05,-1.90028e-06,4.14793e-05,7.99385e-05,2.433e-05,-0.000428501,6.05267e-05,1.11411e-05,0.000140744,-3.41361e-05,4.72677e-05,-0.000135616,7.99772e-05,-8.56645e-05,1.34783e-05,0.000252296,0.000247864,0.00108305,1.74857e-05,-1.11597e-05,-1.67869e-05,0.000233812,4.86038e-05,-7.27348e-05,1.99495e-05,-0.000203778,2.61516e-05,-0.000134623,0.000133848,-8.70271e-05,3.62668e-05,0.000137484,5.76823e-05,2.11183e-05,2.27509e-05,0.000193293,4.46946e-06,-6.16382e-06,-2.95897e-05,-0.000932982,-3.9656e-05,-0.000511627,-2.1818e-05,0.000230477,1.74822e-05,-6.54457e-05,5.93142e-05,-0.000486393,-1.74847e-05,-0.000107848,-6.31741e-05,0.000548572,-5.26438e-06,-1.9352e-05,9.87343e-05
0.481992,-0.000729745,-0.000103392,1.68424e-06,-0.00127762,1.57611e-05,3.11965e-05,4.16183e-05,1.3406e-05,0.00102849,-4.36359e-05,-0.000537006,-0.000336372,-0.000320836,6.05822e-05,-1.77293e-05,4.12118e-05,7.05244e-05,2.48439e-05,-0.000422953,5.57233e-05,1.0998e-05,0.000147885,-3.35193e-05,4.35652e-05,-0.000163797,7.33038e-05,-8.77073e-05,1.45731e-05,0.000163543,0.000217694,0.00119162,1.84106e-05,-2.0729e-05,-1.85509e-05,0.000115071,4.94476e-05,-2.42236e-05,1.69469e-05,-0.000199965,3.04138e-05,-0.000104542,0.000127563,-8.9932e-05,3.4859e-05,0.00013314,6.33151e-05,2.11046e-05,2.19588e-05,0.000204751,4.29156e-06,-4.51664e-06,-2.65325e-05,-0.00109342,-6.43225e-05,-0.000498112,-2.1171e-05,0.000248124,1.30244e-05,-5.88912e-05,5.77669e-05,-0.00041768,-1.59825e-05,-0.000110717,-7.41702e-05,0.000511479,-8.57447e-06,-1.03646e-05,9.43792e-05
0.482992,-0.000680282,-0.00010603,-4.31809e-05,-0.00118542,1.13314e-05,2.70375e-05,4.09261e-05,1.28756e-05,0.0010191,-4.0706e-05,-0.000520941,-0.000270348,-0.000292405,6.45848e-05,-3.38105e-05,4.05811e-05,6.15663e-05,2.51466e-05,-0.000413859,5.041e-05,1.07482e-05,0.000153533,-3.26584e-05,3.95003e-05,-0.000190477,6.60523e-05,-8.88828e-05,1.55189e-05,7.54318e-05,0.000186206,0.00128883,1.91372e-05,-3.01396e-05,-2.01816e-05,-6.38912e-07,4.97901e-05,2.34352e-05,1.39107e-05,-0.000194787,3.42208e-05,-7.29645e-05,0.000120379,-9.21458e-05,3.31163e-05,0.00012763,6.82608e-05,2.0879e-05,2.09617e-05,0.000213783,4.11822e-06,-2.80428e-06,-2.31535e-05,-0.00123751,-8.84054e-05,-0.000479142,-2.037e-05,0.000263793,8.07189e-06,-5.17082e-05,5.57332e-05,-0.000346953,-1.43785e-05,-0.00011273,-8.43742e-05,0.000471534,-1.17482e-05,-2.16407e-06,8.91691e-05
0.483992,-0.00062213,-0.000107619,-8.83113e-05,-0.0010752,6.18102e-06,2.27256e-05,3.98194e-05,1.22412e-05,0.00100237,-3.75498e-05,-0.000501711,-0.000203947,-0.000261965,6.78305e-05,-4.98031e-05,3.95635e-05,5.3042e-05,2.52331e-05,-0.000401632,4.45495e-05,1.03829e-05,0.000157575,-3.14905e-05,3.50361e-05,-0.000215595,5.81741e-05,-8.91848e-05,1.62686e-05,-1.15549e-05,0.000153469,0.00137417,1.96516e-05,-3.91691e-05,-2.16237e-05,-0.000112553,4.95595e-05,6.95933e-05,1.08811e-05,-0.000188312,3.74708e-05,-4.01326e-05,0.000112319,-9.35345e-05,3.09849e-05,0.000120966,7.24546e-05,2.04231e-05,1.97435e-05,0.000220243,3.94226e-06,-1.0199e-06,-1.94986e-05,-0.00136321,-0.000111726,-0.000454892,-1.94532e-05,0.000277001,2.73968e-06,-4.39177e-05,5.31979e-05,-0.000275169,-1.26742e-05,-0.000113702,-9.36525e-05,0.000429032,-1.47707e-05,5.34939e-06,8.31171e-05
0.484992,-0.000555587,-0.000108059,-0.000132843,-0.000949187,4.63204e-07,1.82759e-05,3.82523e-05,1.15075e-05,0.000978535,-3.42026e-05,-0.000479639,-0.000137834,-0.000229954,7.02464e-05,-6.53537e-05,3.81381e-05,4.49156e-05,2.51e-05,-0.000386702,3.81048e-05,9.8941e-06,0.000159911,-2.99522e-05,3.01387e-05,-0.000239097,4.96247e-05,-8.86144e-05,1.67755e-05,-9.69419e-05,0.00011957,0.00144718,1.99417e-05,-4.76012e-05,-2.28213e-05,-0.000219987,4.86917e-05,0.000113645,7.89823e-06,-0.000180622,4.00655e-05,-6.31685e-06,0.000103409,-9.39649e-05,2.84132e-05,0.000113163,7.58378e-05,1.97204e-05,1.82899e-05,0.000224014,3.75516e-06,8.43512e-07,-1.56191e-05,-0.00146879,-0.000134098,-0.000425619,-1.84605e-05,0.000287275,-2.84261e-06,-3.55463e-05,5.01488e-05,-0.000203259,-1.08714e-05,-0.000113456,-0.000101879,0.00038428,-1.76281e-05,1.22911e-05,7.62377e-05
0.485992,-0.000481084,-0.000107262,-0.000175897,-0.0008099,-5.64525e-06,1.37051e-05,3.61829e-05,1.068e-05,0.000947857,-3.07001e-05,-0.000455061,-7.26757e-05,-0.000196827,7.17673e-05,-8.01047e-05,3.62876e-05,3.71414e-05,2.47458e-05,-0.000369504,3.10415e-05,9.27528e-06,0.000160456,-2.79817e-05,2.47789e-05,-0.000260935,4.03673e-05,-8.71809e-05,1.6995e-05,-0.000180261,8.46188e-05,0.00150744,1.99973e-05,-5.52313e-05,-2.37203e-05,-0.000322329,4.7132e-05,0.000155035,5.00168e-06,-0.000171808,4.19132e-05,2.81881e-05,9.36835e-05,-9.33083e-05,2.53544e-05,0.00010424,7.836e-05,1.87571e-05,1.65892e-05,0.000225013,3.54726e-06,2.79252e-06,-1.15702e-05,-0.00155288,-0.000155337,-0.000391661,-1.74322e-05,0.000294162,-8.53395e-06,-2.66273e-05,4.65775e-05,-0.000132112,-8.97284e-06,-0.000111829,-0.000108937,0.000337593,-2.0307e-05,1.87854e-05,6.85489e-05
0.486992,-0.000399195,-0.000105153,-0.000216604,-0.000660091,-1.19487e-05,9.03161e-06,3.35753e-05,9.7655e-06,0.000910625,-2.70785e-05,-0.000428326,-9.12084e-06,-0.000163054,7.23379e-05,-9.37026e-05,3.39992e-05,2.96684e-05,2.41708e-05,-0.000350474,2.33317e-05,8.52161e-06,0.000159143,-2.55222e-05,1.89346e-05,-0.000281063,3.03762e-05,-8.49016e-05,1.68861e-05,-0.00026105,4.87488e-05,0.0015546,1.98108e-05,-6.18706e-05,-2.42697e-05,-0.000419033,4.48377e-05,0.000193266,2.2295e-06,-0.000161973,4.2931e-05,6.30644e-05,8.31841e-05,-9.14457e-05,2.17688e-05,9.42222e-05,7.99799e-05,1.75226e-05,1.4633e-05,0.000223191,3.30819e-06,4.83259e-06,-7.41096e-06,-0.00161448,-0.000175252,-0.000353437,-1.64084e-05,0.000297249,-1.41852e-05,-1.7202e-05,4.24805e-05,-6.25699e-05,-6.98234e-06,-0.000108675,-0.000114722,0.000289303,-2.27949e-05,2.49591e-05,6.00726e-05
0.487992,-0.000310633,-0.000101672,-0.000254121,-0.000502685,-1.8238e-05,4.27637e-06,3.04016e-05,8.7715e-06,0.00086717,-2.33738e-05,-0.000399792,5.21999e-05,-0.000129105,7.19147e-05,-0.000105808,3.12662e-05,2.24439e-05,2.33777e-05,-0.000330036,1.49565e-05,7.63038e-06,0.000155925,-2.25241e-05,1.25934e-05,-0.00029944,1.96401e-05,-8.18023e-05,1.64124e-05,-0.000338847,1.2124e-05,0.00158839,1.93775e-05,-6.73516e-05,-2.44232e-05,-0.000509612,4.17797e-05,0.000227907,-3.82333e-07,-0.000151231,4.30482e-05,9.79728e-05,7.19617e-05,-8.82721e-05,1.76259e-05,8.3144e-05,8.06669e-05,1.60102e-05,1.24172e-05,0.000218541,3.02722e-06,6.96743e-06,-3.20277e-06,-0.00165301,-0.000193661,-0.000311437,-1.54271e-05,0.000296171,-1.96432e-05,-7.32077e-06,3.78612e-05,4.58304e-06,-4.90535e-06,-0.000103874,-0.000119145,0.000239754,-2.50795e-05,3.09355e-05,5.08367e-05
0.488992,-0.000216253,-9.67815e-05,-0.000287651,-0.000340713,-2.42969e-05,-5.36978e-07,2.66436e-05,7.70664e-06,0.000817859,-1.9622e-05,-0.000369818,0.000110685,-9.5447e-05,7.04677e-05,-0.000116103,2.80885e-05,1.54175e-05,2.23717e-05,-0.0003086,5.91002e-06,6.60133e-06,0.000150781,-1.89476e-05,5.75407e-06,-0.000316021,8.16499e-06,-7.79176e-05,1.55443e-05,-0.000413196,-2.50606e-05,0.0016086,1.86955e-05,-7.15316e-05,-2.41409e-05,-0.000593634,3.79447e-05,0.000258595,-2.8006e-06,-0.000139707,4.22089e-05,0.000132556,6.00773e-05,-8.37013e-05,1.29067e-05,7.10521e-05,8.04022e-05,1.42183e-05,9.94242e-06,0.000211094,2.69374e-06,9.19825e-06,9.91413e-07,-0.00166825,-0.000210385,-0.000266218,-1.4524e-05,0.000290631,-2.47545e-05,2.95622e-06,3.273e-05,6.86284e-05,-2.7492e-06,-9.73357e-05,-0.000122132,0.000189303,-2.71491e-05,3.68283e-05,4.0877e-05
0.489992,-0.000117048,-9.04647e-05,-0.000316466,-0.000177244,-2.99078e-05,-5.38162e-06,2.22947e-05,6.58048e-06,0.0007631,-1.58581e-05,-0.00033876,0.000165772,-6.25327e-05,6.79824e-05,-0.000124304,2.4474e-05,8.5441e-06,2.11604e-05,-0.000286547,-3.79819e-06,5.43693e-06,0.000143716,-1.47657e-05,-1.5711e-06,-0.000330761,-4.02256e-06,-7.3291e-05,1.42596e-05,-0.000483639,-6.25765e-05,0.00161514,1.7767e-05,-7.42965e-05,-2.33909e-05,-0.000670706,3.33361e-05,0.000285039,-4.99551e-06,-0.000127531,4.03744e-05,0.000166443,4.76033e-05,-7.76702e-05,7.60612e-06,5.80076e-05,7.91799e-05,1.21502e-05,7.21509e-06,0.000200925,2.29773e-06,1.15231e-05,5.10825e-06,-0.00166043,-0.000225255,-0.000218394,-1.37308e-05,0.000280409,-2.93699e-05,1.35579e-05,2.71066e-05,0.000128919,-5.23467e-07,-8.90083e-05,-0.000123628,0.000138325,-2.89925e-05,4.27361e-05,3.02389e-05
0.490992,-1.41365e-05,-8.27309e-05,-0.000339923,-1.53238e-05,-3.48595e-05,-1.02274e-05,1.73615e-05,5.4035e-06,0.000703345,-1.21165e-05,-0.000306966,0.000216939,-3.07945e-05,6.44611e-05,-0.000130165,2.04391e-05,1.78702e-06,1.9754e-05,-0.000264229,-1.41399e-05,4.14269e-06,0.000134764,-9.96601e-06,-9.35485e-06,-0.00034361,-1.68733e-05,-6.79746e-05,1.25452e-05,-0.000549721,-0.000100161,0.00160802,1.65976e-05,-7.55639e-05,-2.21506e-05,-0.000740479,2.7975e-05,0.000307025,-6.94134e-06,-0.000114844,3.75256e-05,0.000199251,3.4624e-05,-7.01432e-05,1.73413e-06,4.40884e-05,7.70076e-05,9.81521e-06,4.24774e-06,0.000188151,1.83022e-06,1.39362e-05,9.08516e-06,-0.00163014,-0.000238115,-0.000168628,-1.30745e-05,0.000265373,-3.3349e-05,2.44017e-05,2.10201e-05,0.000184885,1.75984e-06,-7.88792e-05,-0.0001236,8.72067e-05,-3.05989e-05,4.87381e-05,1.89793e-05
0.491992,9.12446e-05,-7.36167e-05,-0.000357482,0.000142098,-3.89533e-05,-1.50405e-05,1.18648e-05,4.18705e-06,0.00063909,-8.43012e-06,-0.000274773,0.00026372,-6.35678e-07,5.99242e-05,-0.000133489,1.60096e-05,-4.87993e-06,1.81656e-05,-0.000241962,-2.5066e-05,2.72728e-06,0.000123989,-4.5531e-06,-1.75536e-05,-0.000354515,-3.03135e-05,-6.20295e-05,1.03982e-05,-0.00061099,-0.00013752,0.00158735,1.5197e-05,-7.52851e-05,-2.04082e-05,-0.000802635,2.19012e-05,0.00032441,-8.61695e-06,-0.000101788,3.36648e-05,0.00023059,2.12364e-05,-6.11157e-05,-4.68236e-06,2.93919e-05,7.39074e-05,7.22887e-06,1.05953e-06,0.000172934,1.28382e-06,1.64275e-05,1.28615e-05,-0.00157836,-0.000248825,-0.000117615,-1.25763e-05,0.000245491,-3.65639e-05,3.53936e-05,1.45102e-05,0.000236035,4.08603e-06,-6.69803e-05,-0.000122036,3.6349e-05,-3.1958e-05,5.48896e-05,7.16871e-06
0.492992,0.000197756,-6.31875e-05,-0.00036872,0.000292224,-4.20099e-05,-1.97837e-05,5.84097e-06,2.94327e-06,0.000570878,-4.83075e-06,-0.000242498,0.000305706,2.75768e-05,5.44112e-05,-0.000134132,1.12207e-05,-1.14707e-05,1.64109e-05,-0.000220021,-3.65045e-05,1.20271e-06,0.000111489,1.45e-06,-2.61068e-05,-0.000363415,-4.42434e-05,-5.55248e-05,7.82646e-06,-0.000666997,-0.000174324,0.00155338,1.35794e-05,-7.34465e-05,-1.81633e-05,-0.000856889,1.51731e-05,0.000337128,-1.00063e-05,-8.85078e-05,2.88174e-05,0.000260073,7.54999e-06,-5.06174e-05,-1.15987e-05,1.40358e-05,6.99158e-05,4.41307e-06,-2.32352e-06,0.000155478,6.53146e-07,1.89821e-05,1.63796e-05,-0.0015064,-0.000257263,-6.60777e-05,-1.22511e-05,0.00022084,-3.89038e-05,4.64275e-05,7.62771e-06,0.000281963,6.43765e-06,-5.33901e-05,-0.000118946,-1.38355e-05,-3.30603e-05,6.12198e-05,-5.10779e-06
0.493992,0.000303976,-5.15386e-05,-0.000373344,0.000432473,-4.38758e-05,-2.44163e-05,-6.57968e-07,1.68493e-06,0.000499296,-1.3483e-06,-0.000210439,0.000342552,5.35193e-05,4.79811e-05,-0.000132011,6.11773e-06,-1.7986e-05,1.45081e-05,-0.000198634,-4.83595e-05,-4.15711e-07,9.73944e-05,8.0007e-06,-3.49363e-05,-0.000370245,-5.85372e-05,-4.85375e-05,4.84935e-06,-0.000717304,-0.000210217,0.00150647,1.17627e-05,-7.00705e-05,-1.54283e-05,-0.000902982,7.86756e-06,0.000345182,-1.10989e-05,-7.51481e-05,2.30328e-05,0.000287313,-6.31313e-06,-3.87144e-05,-1.89518e-05,-1.84023e-06,6.5084e-05,1.39628e-06,-5.86843e-06,0.000136026,-6.47554e-08,2.158e-05,1.95862e-05,-0.0014159,-0.000263331,-1.47477e-05,-1.2107e-05,0.000191606,-4.02784e-05,5.73863e-05,4.3476e-07,0.000322345,8.79446e-06,-3.82343e-05,-0.000114366,-6.29254e-05,-3.3897e-05,6.77297e-05,-1.7749e-05
0.494992,0.000408417,-3.87949e-05,-0.0003712,0.000560525,-4.44287e-05,-2.88944e-05,-7.56385e-06,4.25391e-07,0.000424976,1.98915e-06,-0.000178867,0.000373983,7.69167e-05,4.07122e-05,-0.000127106,7.55534e-07,-2.44127e-05,1.24778e-05,-0.000177988,-6.05107e-05,-2.10939e-06,8.18679e-05,1.50363e-05,-4.3947e-05,-0.000374935,-7.30432e-05,-4.11518e-05,1.49812e-06,-0.000761484,-0.000244819,0.00144713,9.76933e-06,-6.52148e-05,-1.22279e-05,-0.000940688,7.87538e-08,0.000348646,-1.18899e-05,-6.18505e-05,1.63844e-05,0.000311938,-2.02191e-05,-2.55107e-05,-2.66604e-05,-1.80747e-05,5.94776e-05,-1.78666e-06,-9.53539e-06,0.00011486,-8.70021e-07,2.41957e-05,2.2433e-05,-0.00130879,-0.000266952,3.56461e-05,-1.21447e-05,0.00015809,-4.06214e-05,6.81423e-05,-6.99518e-06,0.000356941,1.11335e-05,-2.1686e-05,-0.000108356,-0.000110494,-3.44605e-05,7.43909e-05,-3.06369e-05
0.495992,0.000509556,-2.51107e-05,-0.000362281,0.000674373,-4.35829e-05,-3.31715e-05,-1.47929e-05,-8.21623e-07,0.000348592,5.15568e-06,-0.000148025,0.000399799,9.75479e-05,3.27021e-05,-0.000119464,-4.80155e-06,-3.07243e-05,1.03432e-05,-0.000158221,-7.28136e-05,-3.85664e-06,6.51039e-05,2.24738e-05,-5.3027e-05,-0.000377409,-8.7585e-05,-3.34582e-05,-2.1842e-06,-0.000799132,-0.000277728,0.00137599,7.62549e-06,-5.89715e-05,-8.60022e-06,-0.000969809,-8.08262e-06,0.000347656,-1.23805e-05,-4.87508e-05,8.96986e-06,0.000333591,-3.40232e-05,-1.11487e-05,-3.46252e-05,-3.44846e-05,5.31757e-05,-5.09474e-06,-1.32781e-05,9.22969e-05,-1.75969e-06,2.67986e-05,2.48784e-05,-0.00118722,-0.000268077,8.43914e-05,-1.23571e-05,0.000120707,-3.98926e-05,7.85586e-05,-1.45778e-05,0.000385597,1.34294e-05,-3.96403e-06,-0.000100998,-0.000156112,-3.47445e-05,8.11464e-05,-4.36368e-05
0.496992,0.000605854,-1.06681e-05,-0.000346727,0.000772352,-4.12927e-05,-3.71989e-05,-2.22465e-05,-2.04215e-06,0.000270856,8.12763e-06,-0.000118126,0.000419873,0.000115249,2.40663e-05,-0.000109198,-1.04805e-05,-3.68818e-05,8.12909e-06,-0.000139425,-8.5101e-05,-5.63293e-06,4.73268e-05,3.02111e-05,-6.20497e-05,-0.00037759,-0.000101964,-2.55522e-05,-6.14312e-06,-0.000829865,-0.000308531,0.00129382,5.36118e-06,-5.1465e-05,-4.59572e-06,-0.000990182,-1.64913e-05,0.000342407,-1.25779e-05,-3.59773e-05,9.09646e-07,0.000351938,-4.75717e-05,4.19174e-06,-4.27305e-05,-5.08674e-05,4.62703e-05,-8.4813e-06,-1.70443e-05,6.8681e-05,-2.72749e-06,2.93528e-05,2.68876e-05,-0.00105353,-0.000266685,0.000130805,-1.27302e-05,7.99823e-05,-3.80804e-05,8.84907e-05,-2.22186e-05,0.000408237,1.56543e-05,1.46708e-05,-9.24008e-05,-0.000199355,-3.47441e-05,8.7912e-05,-5.65979e-05
0.497992,0.000695792,4.32551e-06,-0.000324825,0.000853173,-3.75553e-05,-4.09266e-05,-2.98124e-05,-3.22221e-06,0.00019251,1.08839e-05,-8.93491e-05,0.000434161,0.000129917,1.49372e-05,-9.64863e-05,-1.62006e-05,-4.28345e-05,5.86227e-06,-0.000121649,-9.71853e-05,-7.41128e-06,2.87883e-05,3.81276e-05,-7.08751e-05,-0.000375401,-0.000115962,-1.75335e-05,-1.03134e-05,-0.000853337,-0.00033681,0.00120151,3.00969e-06,-4.28493e-05,-2.77057e-07,-0.00100168,-2.50096e-05,0.000333147,-1.2495e-05,-2.36479e-05,-7.6543e-06,0.000366678,-6.07033e-05,2.02948e-05,-5.08453e-05,-6.7003e-05,3.88649e-05,-1.18947e-05,-2.07767e-05,4.43812e-05,-3.76375e-06,3.18177e-05,2.84337e-05,-0.000910205,-0.000262781,0.000174249,-1.32425e-05,3.65408e-05,-3.52025e-05,9.7789e-05,-2.98141e-05,0.000424867,1.7779e-05,3.39195e-05,-8.26929e-05,-0.000239807,-3.44566e-05,9.45782e-05,-6.9354e-05
0.498992,0.000777895,1.96403e-05,-0.000297005,0.000915937,-3.24125e-05,-4.43041e-05,-3.73669e-05,-4.34796e-06,0.000114323,1.34059e-05,-6.18421e-05,0.000442695,0.000141508,5.46165e-06,-8.157e-05,-2.18746e-05,-4.85226e-05,3.57069e-06,-0.0001049,-0.000108861,-9.16269e-06,9.76354e-06,4.60869e-05,-7.93528e-05,-0.000370768,-0.000129344,-9.50454e-06,-1.46201e-05,-0.000869243,-0.000362149,0.00110008,6.07153e-07,-3.33043e-05,4.28215e-06,-0.00100424,-3.34899e-05,0.000320171,-1.21505e-05,-1.18686e-05,-1.6561e-05,0.000377545,-7.3252e-05,3.69117e-05,-5.88265e-05,-8.26571e-05,3.10728e-05,-1.52792e-05,-2.44136e-05,1.97834e-05,-4.85536e-06,3.41485e-05,2.94985e-05,-0.000759817,-0.000256403,0.000214136,-1.38659e-05,-8.89879e-06,-3.13065e-05,0.000106301,-3.72537e-05,0.000435564,1.97725e-05,5.34513e-05,-7.20243e-05,-0.000277066,-3.38811e-05,0.000101014,-8.17261e-05
0.499992,0.000850767,3.50279e-05,-0.000263831,0.000960145,-2.59504e-05,-4.72817e-05,-4.47768e-05,-5.40599e-06,3.70828e-05,1.56781e-05,-3.57184e-05,0.000445587,0.000150039,-4.20108e-06,-6.47487e-05,-2.74105e-05,-5.38785e-05,1.28326e-06,-8.91492e-05,-0.000119909,-1.08567e-05,-9.45304e-06,5.3939e-05,-8.73247e-05,-0.000363623,-0.000141868,-1.56864e-06,-1.89801e-05,-0.000877331,-0.000384145,0.000990654,-1.80807e-06,-2.30318e-05,8.99857e-06,-0.000997819,-4.17779e-05,0.000303813,-1.15682e-05,-7.31474e-07,-2.56335e-05,0.000384317,-8.50498e-05,5.37653e-05,-6.65207e-05,-9.75859e-05,2.30153e-05,-1.8576e-05,-2.78907e-05,-4.71621e-06,-5.98594e-06,3.6297e-05,3.00725e-05,-0.000604975,-0.000247618,0.00024995,-1.45665e-05,-5.55403e-05,-2.64692e-05,0.000113874,-4.44209e-05,0.000440479,2.16034e-05,7.29104e-05,-6.05629e-05,-0.000310754,-3.30194e-05,0.000107072,-9.35245e-05
0.500992,0.000913117,5.02266e-05,-0.00022599,0.000985694,-1.82985e-05,-4.9811e-05,-5.19021e-05,-6.38348e-06,-3.84175e-05,1.76875e-05,-1.10599e-05,0.000443022,0.000155589,-1.38825e-05,-4.63731e-05,-3.27131e-05,-5.88301e-05,-9.70657e-07,-7.43346e-05,-0.000130102,-1.2462e-05,-2.85528e-05,6.15235e-05,-9.46287e-05,-0.000353911,-0.000153282,6.1711e-06,-2.33034e-05,-0.00087741,-0.000402417,0.000874475,-4.19607e-06,-1.22507e-05,1.3781e-05,-0.000982464,-4.97153e-05,0.000284441,-1.07767e-05,9.68592e-06,-3.46822e-05,0.000386822,-9.59295e-05,7.05544e-05,-7.37683e-05,-0.00011154,1.48196e-05,-2.17244e-05,-3.11417e-05,-2.87189e-05,-7.13603e-06,3.82124e-05,3.01555e-05,-0.000448274,-0.000236522,0.000281247,-1.53055e-05,-0.000102526,-2.07948e-05,0.000120361,-5.11961e-05,0.000439829,2.32404e-05,9.19239e-05,-4.84917e-05,-0.00034052,-3.1876e-05,0.00011259,-0.000104553
0.501992,0.000963796,6.49658e-05,-0.000184272,0.00099287,-9.62685e-06,-5.1847e-05,-5.85996e-05,-7.26844e-06,-0.000111387,1.94245e-05,1.20823e-05,0.000435262,0.00015829,-2.34081e-05,-2.6838e-05,-3.76861e-05,-6.33032e-05,-3.16174e-06,-6.03687e-05,-0.000139209,-1.39472e-05,-4.7219e-05,6.86736e-05,-0.000101103,-0.000341592,-0.000163339,1.36138e-05,-2.74957e-05,-0.000869359,-0.000416616,0.000752861,-6.51618e-06,-1.19166e-06,1.85321e-05,-0.000958279,-5.7144e-05,0.000262448,-9.80858e-06,1.93219e-05,-4.35095e-05,0.000384941,-0.000105729,8.69607e-05,-8.04072e-05,-0.000124272,6.61645e-06,-2.4663e-05,-3.41004e-05,-5.18314e-05,-8.2835e-06,3.98429e-05,2.97564e-05,-0.000292247,-0.00022324,0.000307668,-1.604e-05,-0.000148953,-1.44131e-05,0.000125618,-5.7459e-05,0.000433887,2.46526e-05,0.000110111,-3.60059e-05,-0.000366051,-3.04583e-05,0.000117402,-0.000114611
0.502992,0.00100182,7.89726e-05,-0.000139562,0.000982325,-1.41806e-07,-5.33484e-05,-6.47254e-05,-8.04999e-06,-0.000181049,2.08822e-05,3.3685e-05,0.000422634,0.000158325,-3.26009e-05,-6.57223e-06,-4.22342e-05,-6.7224e-05,-5.2612e-06,-4.71435e-05,-0.000147002,-1.52814e-05,-6.51324e-05,7.52201e-05,-0.000106589,-0.000326645,-0.000171795,2.06623e-05,-3.14602e-05,-0.000853139,-0.000426435,0.000627203,-8.72774e-06,9.90816e-06,2.3151e-05,-0.00092545,-6.39094e-05,0.000238245,-8.69978e-06,2.81308e-05,-5.19138e-05,0.000378617,-0.000114293,0.000102655,-8.62763e-05,-0.000135541,-1.46259e-06,-2.73316e-05,-3.67022e-05,-7.36734e-05,-9.40397e-06,4.11365e-05,2.88929e-05,-0.000139319,-0.000207927,0.000328944,-1.67248e-05,-0.0001939,-7.4758e-06,0.000129516,-6.30912e-05,0.000422985,2.58109e-05,0.000127093,-2.33088e-05,-0.000387073,-2.87769e-05,0.000121339,-0.000123501
0.503992,0.00102639,9.19775e-05,-9.28078e-05,0.000955051,9.91918e-06,-5.42797e-05,-7.01395e-05,-8.7185e-06,-0.000246656,2.20572e-05,5.37498e-05,0.000405528,0.000155924,-4.12854e-05,1.39714e-05,-4.62657e-05,-7.05225e-05,-7.24133e-06,-3.45376e-05,-0.000153259,-1.64353e-05,-8.19791e-05,8.0996e-05,-0.000110937,-0.000309075,-0.000178424,2.7225e-05,-3.51002e-05,-0.0008288,-0.000431618,0.000498946,-1.07911e-05,2.08109e-05,2.75355e-05,-0.000884245,-6.9864e-05,0.000212256,-7.48865e-06,3.6083e-05,-5.96948e-05,0.000367856,-0.000121479,0.000117307,-9.12206e-05,-0.000145118,-9.28745e-06,-2.96719e-05,-3.88856e-05,-9.38865e-05,-1.04714e-05,4.20429e-05,2.75918e-05,8.23695e-06,-0.000190763,0.0003449,-1.73136e-05,-0.000236442,-1.53018e-07,0.000131939,-6.7979e-05,0.0004075,2.66885e-05,0.000142501,-1.06081e-05,-0.000403365,-2.68458e-05,0.000124237,-0.000131032
0.504992,0.00103693,0.000103721,-4.50055e-05,0.000912346,2.02941e-05,-5.46119e-05,-7.4709e-05,-9.26586e-06,-0.000307497,2.29488e-05,7.22996e-05,0.00038439,0.000151358,-4.92919e-05,3.43274e-05,-4.96944e-05,-7.31347e-05,-9.07598e-06,-2.24231e-05,-0.000157778,-1.73816e-05,-9.74565e-05,8.5841e-05,-0.000114011,-0.000288917,-0.000183017,3.32178e-05,-3.83215e-05,-0.000796488,-0.00043197,0.00036957,-1.26683e-05,3.12836e-05,3.15849e-05,-0.000835027,-7.48718e-05,0.000184911,-6.21506e-06,4.31643e-05,-6.66584e-05,0.00035273,-0.000127161,0.000130591,-9.50951e-05,-0.000152796,-1.67324e-05,-3.163e-05,-4.05941e-05,-0.000112141,-1.14589e-05,4.25147e-05,2.58875e-05,0.000148334,-0.000171952,0.000355456,-1.77602e-05,-0.000275679,7.3716e-06,0.000132789,-7.20168e-05,0.00038785,2.72618e-05,0.00015599,1.88802e-06,-0.000414761,-2.46824e-05,0.000125944,-0.000137023
0.505992,0.0010331,0.000113961,2.82798e-06,0.000855769,3.0704e-05,-5.43237e-05,-7.83117e-05,-9.68564e-06,-0.000362916,2.35598e-05,8.93743e-05,0.000359711,0.000144926,-5.64599e-05,5.40298e-05,-5.24425e-05,-7.50055e-05,-1.07411e-05,-1.06724e-05,-0.000160377,-1.80959e-05,-0.000111281,8.96064e-05,-0.000115692,-0.000266241,-0.000185395,3.85651e-05,-4.10354e-05,-0.000756452,-0.000427365,0.000240568,-1.43242e-05,4.11039e-05,3.52024e-05,-0.000778254,-7.8811e-05,0.000156636,-4.91934e-06,4.9375e-05,-7.26222e-05,0.000333378,-0.00013123,0.000142195,-9.77693e-05,-0.000158393,-2.36786e-05,-3.31569e-05,-4.17776e-05,-0.000128144,-1.23392e-05,4.25091e-05,2.38221e-05,0.000279105,-0.000151721,0.000360631,-1.80206e-05,-0.000310757,1.49058e-05,0.00013199,-7.51098e-05,0.000364491,2.75112e-05,0.000167242,1.39758e-05,-0.000421156,-2.23075e-05,0.000126325,-0.000141311
0.506992,0.00101482,0.000122476,4.96791e-05,0.000787102,4.08609e-05,-5.34029e-05,-8.08404e-05,-9.97328e-06,-0.000412322,2.38958e-05,0.000105026,0.000332021,0.000136953,-6.26428e-05,7.2624e-05,-5.44421e-05,-7.60906e-05,-1.22152e-05,8.34999e-07,-0.000160901,-1.85577e-05,-0.000123194,9.21601e-05,-0.000115881,-0.000241154,-0.000185412,4.32018e-05,-4.31607e-05,-0.000709049,-0.000417752,0.00011342,-1.57273e-05,5.00653e-05,3.82979e-05,-0.000714484,-8.15783e-05,0.000127852,-3.64132e-06,5.47289e-05,-7.74202e-05,0.000310012,-0.000133602,0.00015183,-9.91315e-05,-0.00016176,-3.00167e-05,-3.42107e-05,-4.23944e-05,-0.000141646,-1.30855e-05,4.19896e-05,2.1444e-05,0.000398931,-0.000130317,0.000360537,-1.80538e-05,-0.000340893,2.2254e-05,0.000129493,-7.71768e-05,0.000337901,2.7422e-05,0.000175984,2.54596e-05,-0.00042251,-1.97452e-05,0.000125266,-0.000143757
0.507992,0.000982235,0.000129077,9.45623e-05,0.000708291,5.04767e-05,-5.1847e-05,-8.22058e-05,-1.01262e-05,-0.000455202,2.39654e-05,0.000119316,0.00030188,0.000127777,-6.77112e-05,8.9679e-05,-5.56381e-05,-7.63588e-05,-1.34798e-05,1.22067e-05,-0.000159232,-1.87507e-05,-0.000132971,9.33902e-05,-0.000114506,-0.000213805,-0.000182963,4.70744e-05,-4.46266e-05,-0.000654744,-0.000403162,-1.04196e-05,-1.68505e-05,5.79819e-05,4.07908e-05,-0.000644379,-8.30914e-05,9.89676e-05,-2.41928e-06,5.92514e-05,-8.09081e-05,0.000282908,-0.000134216,0.00015924,-9.9093e-05,-0.000162787,-3.56494e-05,-3.47576e-05,-4.24124e-05,-0.000152446,-1.36728e-05,4.09272e-05,1.88068e-05,0.000506457,-0.000108,0.000355375,-1.7824e-05,-0.000365395,2.92233e-05,0.000125275,-7.81531e-05,0.000308584,2.69845e-05,0.000181987,3.61564e-05,-0.000418855,-1.7023e-05,0.000122682,-0.000144249
0.508992,0.000935788,0.000133607,0.000136545,0.000621405,5.92722e-05,-4.96639e-05,-8.23398e-05,-1.01438e-05,-0.000491131,2.37799e-05,0.000132308,0.000269864,0.000117743,-7.15571e-05,0.000104799,-5.59895e-05,-7.57933e-05,-1.45198e-05,2.35315e-05,-0.000155292,-1.86635e-05,-0.000140424,9.32103e-05,-0.000111525,-0.000184384,-0.000177984,5.01421e-05,-4.5375e-05,-0.000594115,-0.00038371,-0.000129554,-1.76716e-05,6.46933e-05,4.26119e-05,-0.000568697,-8.32919e-05,7.03728e-05,-1.28897e-06,6.29778e-05,-8.29676e-05,0.000252409,-0.000133041,0.000164206,-9.7591e-05,-0.000161406,-4.04932e-05,-3.47732e-05,-4.18107e-05,-0.000160397,-1.40778e-05,3.93023e-05,1.59684e-05,0.00060061,-8.50459e-05,0.000345432,-1.73016e-05,-0.000383682,3.56286e-05,0.000119345,-7.79929e-05,0.000277053,2.61954e-05,0.000185081,4.58996e-05,-0.000410292,-1.41713e-05,0.000118521,-0.000142705
0.509992,0.000876171,0.000135949,0.00017477,0.000528578,6.69854e-05,-4.68726e-05,-8.11985e-05,-1.00278e-05,-0.000519781,2.33535e-05,0.000144066,0.000236556,0.000107191,-7.40962e-05,0.000117634,-5.54716e-05,-7.43928e-05,-1.53239e-05,3.48747e-05,-0.000149045,-1.82902e-05,-0.00014541,9.1562e-05,-0.000106923,-0.00015313,-0.000170465,5.23779e-05,-4.53623e-05,-0.000527844,-0.0003596,-0.000242659,-1.81747e-05,7.00679e-05,4.37061e-05,-0.000488294,-8.21478e-05,4.2436e-05,-2.82625e-07,6.59515e-05,-8.35104e-05,0.000218922,-0.000130077,0.000166557,-9.45923e-05,-0.000157594,-4.44805e-05,-3.42434e-05,-4.058e-05,-0.000165409,-1.42807e-05,3.71057e-05,1.29896e-05,0.000680604,-6.17382e-05,0.000331072,-1.64644e-05,-0.000395303,4.12984e-05,0.000111744,-7.66712e-05,0.00024383,2.50577e-05,0.000185154,5.45426e-05,-0.000396997,-1.12229e-05,0.000112762,-0.000139083
0.510992,0.000804328,0.000136032,0.000208476,0.000431959,7.33806e-05,-4.35033e-05,-7.8764e-05,-9.78203e-06,-0.000540932,2.27026e-05,0.000154647,0.000202538,9.64485e-05,-7.52714e-05,0.000127889,-5.40766e-05,-7.21721e-05,-1.58847e-05,4.62741e-05,-0.000140505,-1.76308e-05,-0.000147834,8.84185e-05,-0.000100723,-0.000120323,-0.000160445,5.3769e-05,-4.45615e-05,-0.000456716,-0.000331122,-0.000348506,-1.83498e-05,7.4006e-05,4.4034e-05,-0.000404113,-7.96544e-05,1.54994e-05,5.7183e-07,6.82215e-05,-8.24815e-05,0.000182908,-0.000125355,0.000166173,-9.0095e-05,-0.000151381,-4.75614e-05,-3.31651e-05,-3.87242e-05,-0.000167453,-1.42654e-05,3.43396e-05,9.93246e-06,0.000745942,-3.83654e-05,0.000312724,-1.52985e-05,-0.000399953,4.60797e-05,0.000102547,-7.41858e-05,0.000209437,2.3581e-05,0.000182164,6.19622e-05,-0.000379216,-8.21318e-06,0.000105425,-0.000133381
0.511992,0.000721447,0.000133828,0.00023702,0.000333664,7.82558e-05,-3.95975e-05,-7.50461e-05,-9.41233e-06,-0.000554478,2.18458e-05,0.000164102,0.000168378,8.58236e-05,-7.50542e-05,0.000135334,-5.18148e-05,-6.91623e-05,-1.61991e-05,5.77376e-05,-0.000129736,-1.66913e-05,-0.000147651,8.37864e-05,-9.2981e-05,-8.62882e-05,-0.000148017,5.43172e-05,-4.29631e-05,-0.000381611,-0.000298651,-0.000445981,-1.81939e-05,7.64422e-05,4.35733e-05,-0.000317176,-7.58359e-05,-1.01244e-05,1.25156e-06,6.98407e-05,-7.98617e-05,0.00014488,-0.000118937,0.000162995,-8.41305e-05,-0.000142845,-4.97042e-05,-3.1547e-05,-3.62603e-05,-0.000166556,-1.402e-05,3.10186e-05,6.8592e-06,0.000796413,-1.52169e-05,0.000290875,-1.37996e-05,-0.000397481,4.9843e-05,9.18614e-05,-7.05578e-05,0.000174387,2.17819e-05,0.000176135,6.80611e-05,-0.000357268,-5.1791e-06,9.65662e-05,-0.000125637
0.512992,0.000628935,0.000129362,0.000259887,0.000235731,8.14494e-05,-3.52074e-05,-7.00833e-05,-8.92674e-06,-0.000560426,2.08038e-05,0.000172471,0.00013462,7.55954e-05,-7.34463e-05,0.000139809,-4.87152e-05,-6.54103e-05,-1.62682e-05,6.92413e-05,-0.000116854,-1.54839e-05,-0.000144874,7.77071e-05,-8.3787e-05,-5.13898e-05,-0.000133327,5.40391e-05,-4.05764e-05,-0.000303492,-0.000262645,-0.000534101,-1.77109e-05,7.73467e-05,4.232e-05,-0.000228571,-7.07457e-05,-3.41553e-05,1.73943e-06,7.08635e-05,-7.56696e-05,0.000105394,-0.000110921,0.000157023,-7.6764e-05,-0.000132115,-5.08966e-05,-2.94094e-05,-3.32189e-05,-0.000162811,-1.35382e-05,2.71703e-05,3.83071e-06,0.000832077,7.42123e-06,0.000266057,-1.19729e-05,-0.000387898,5.24857e-05,7.98279e-05,-6.58327e-05,0.000139184,1.96837e-05,0.000167161,7.27698e-05,-0.000331535,-2.15878e-06,8.62821e-05,-0.000115935
0.513992,0.000528394,0.000122704,0.000276708,0.000140073,8.28462e-05,-3.03957e-05,-6.3943e-05,-8.33516e-06,-0.000558906,1.95987e-05,0.000179778,0.000101774,6.60084e-05,-7.04802e-05,0.000141227,-4.48252e-05,-6.09781e-05,-1.60974e-05,8.07294e-05,-0.000102025,-1.40266e-05,-0.000139567,7.02573e-05,-7.32666e-05,-1.60293e-05,-0.000116578,5.29653e-05,-3.74298e-05,-0.000223392,-0.000223634,-0.000612031,-1.69114e-05,7.67257e-05,4.02887e-05,-0.000139434,-6.44652e-05,-5.63479e-05,2.02442e-06,7.13443e-05,-6.99614e-05,6.50362e-05,-0.000101434,0.00014832,-6.80942e-05,-0.00011937,-5.1146e-05,-2.67847e-05,-2.96438e-05,-0.000156363,-1.28189e-05,2.28352e-05,9.05131e-07,0.000853258,2.92704e-05,0.000238837,-9.83389e-06,-0.000371382,5.39357e-05,6.66188e-05,-6.00799e-05,0.000104309,1.73164e-05,0.000155404,7.60483e-05,-0.00030246,8.09096e-07,7.47059e-05,-0.000104402
0.514992,0.000421592,0.000113978,0.000287265,4.84469e-05,8.23811e-05,-2.52343e-05,-5.67203e-05,-7.64929e-06,-0.000550162,1.82539e-05,0.000186037,7.03104e-05,5.7267e-05,-6.6219e-05,0.000139582,-4.021e-05,-5.59413e-05,-1.56964e-05,9.2115e-05,-8.54656e-05,-1.23435e-05,-0.00013185,6.15481e-05,-6.15776e-05,1.93616e-05,-9.80188e-05,5.11406e-05,-3.35704e-05,-0.000142398,-0.000182215,-0.000679093,-1.58134e-05,7.46208e-05,3.75133e-05,-5.0935e-05,-5.71035e-05,-7.64938e-05,2.10196e-06,7.13352e-05,-6.28313e-05,2.44191e-05,-9.06329e-05,0.000137015,-5.82523e-05,-0.000104835,-5.04787e-05,-2.37162e-05,-2.55915e-05,-0.000147415,-1.1867e-05,1.80668e-05,-1.86337e-06,0.000860514,5.00641e-05,0.000209797,-7.40786e-06,-0.000348271,5.41537e-05,5.24351e-05,-5.33922e-05,7.02205e-05,1.47162e-05,0.000141092,7.78864e-05,-0.000270543,3.686e-06,6.20062e-05,-9.1209e-05
0.515992,0.000310422,0.000103351,0.000291493,-3.75811e-05,8.00424e-05,-1.98035e-05,-4.85372e-05,-6.8824e-06,-0.000534556,1.67939e-05,0.000191242,4.06487e-05,4.95313e-05,-6.07554e-05,0.000134941,-3.49517e-05,-5.03876e-05,-1.50788e-05,0.000103282,-6.74366e-05,-1.04639e-05,-0.000121895,5.17233e-05,-4.89081e-05,5.43273e-05,-7.79472e-05,4.86222e-05,-2.90636e-05,-6.16314e-05,-0.00013904,-0.000734781,-1.4441e-05,7.1108e-05,3.40454e-05,3.57435e-05,-4.87949e-05,-9.44227e-05,1.97396e-06,7.08853e-05,-5.44095e-05,-1.5835e-05,-7.8704e-05,0.000123299,-4.73996e-05,-8.87773e-05,-4.89398e-05,-2.0258e-05,-2.11301e-05,-0.000136217,-1.06933e-05,1.29309e-05,-4.42583e-06,0.000854624,6.95515e-05,0.000179532,-4.72976e-06,-0.000319062,5.3134e-05,3.75032e-05,-4.58839e-05,3.73466e-05,1.19247e-05,0.000124512,7.83041e-05,-0.000236324,6.43425e-06,4.83836e-05,-7.65677e-05
0.516992,0.000196871,9.10355e-05,0.000289487,-0.000116661,7.58721e-05,-1.419e-05,-3.954e-05,-6.04905e-06,-0.000512555,1.52434e-05,0.000195376,1.31526e-05,4.29145e-05,-5.42097e-05,0.000127452,-2.91478e-05,-4.44145e-05,-1.4262e-05,0.00011409,-4.82413e-05,-8.42214e-06,-0.000109925,4.09568e-05,-3.54726e-05,8.83969e-05,-5.67009e-05,4.54792e-05,-2.3992e-05,1.7768e-05,-9.4804e-05,-0.000778764,-1.28247e-05,6.62948e-05,2.99544e-05,0.000119429,-3.96963e-05,-0.000110003,1.64877e-06,7.00388e-05,-4.486e-05,-5.51038e-05,-6.58561e-05,0.000107423,-3.57249e-05,-7.15002e-05,-4.65917e-05,-1.64739e-05,-1.63383e-05,-0.000123062,-9.31464e-06,7.50473e-06,-6.73953e-06,0.000836551,8.75022e-05,0.000148629,-1.84341e-06,-0.000284398,5.09054e-05,2.20706e-05,-3.76895e-05,6.08067e-06,8.98835e-06,0.000106008,7.73502e-05,-0.000200383,9.01775e-06,3.40663e-05,-6.07267e-05
0.517991,8.29693e-05,7.72844e-05,0.00028149,-0.000187676,6.99655e-05,-8.48594e-06,-2.98963e-05,-5.16482e-06,-0.000484728,1.36277e-05,0.000198408,-1.18753e-05,3.74815e-05,-4.67275e-05,0.000117332,-2.29091e-05,-3.81274e-05,-1.32668e-05,0.000124375,-2.82177e-05,-6.25645e-06,-9.62044e-05,2.9449e-05,-2.15078e-05,0.000121093,-3.46516e-05,4.17908e-05,-1.84534e-05,9.4668e-05,-5.02307e-05,-0.00081089,-1.10004e-05,6.03177e-05,2.53253e-05,0.000198981,-2.9984e-05,-0.000123143,1.14086e-06,6.88347e-05,-3.43767e-05,-9.27775e-05,-5.23188e-05,8.96918e-05,-2.34401e-05,-5.33369e-05,-4.35126e-05,-1.24357e-05,-1.13036e-05,-0.00010828,-7.75363e-06,1.87555e-06,-8.76888e-06,0.00080742,0.000103709,0.000117658,1.19946e-06,-0.000245052,4.75299e-05,6.40114e-06,-2.89603e-05,-2.3223e-05,5.95761e-06,8.59662e-05,7.51013e-05,-0.000163324,1.14027e-05,1.93046e-05,-4.39673e-05
0.518991,-2.92471e-05,6.23832e-05,0.000267889,-0.000249756,6.24684e-05,-2.78623e-06,-1.97915e-05,-4.24605e-06,-0.000451733,1.19716e-05,0.000200297,-3.41973e-05,3.32495e-05,-3.84761e-05,0.000104863,-1.63571e-05,-3.16367e-05,-1.2117e-05,0.000133959,-7.73128e-06,-4.00843e-06,-8.10394e-05,1.74222e-05,-7.26749e-06,0.000151942,-1.21965e-05,3.76444e-05,-1.25587e-05,0.000167964,-6.05806e-06,-0.00083119,-9.00844e-06,5.33382e-05,2.02568e-05,0.000273311,-1.98497e-05,-0.000133789,4.70355e-07,6.73062e-05,-2.31793e-05,-0.000128271,-3.83367e-05,7.04583e-05,-1.07758e-05,-3.46423e-05,-3.97943e-05,-8.22174e-06,-6.1202e-06,-9.22272e-05,-6.03816e-06,-3.86095e-06,-1.04861e-05,0.000768484,0.000117993,8.71617e-05,4.34049e-06,-0.000201908,4.31009e-05,-9.23086e-06,-1.98615e-05,-5.02529e-05,2.88561e-06,6.48096e-05,7.16591e-05,-0.000125763,1.35583e-05,4.36503e-06,-2.65974e-05
0.519991,-0.000137785,4.66451e-05,0.0002492,-0.000302283,5.35731e-05,2.81292e-06,-9.42404e-06,-3.3094e-06,-0.000414303,1.02994e-05,0.000200992,-5.36426e-05,3.01896e-05,-2.96406e-05,9.03859e-05,-9.62175e-06,-2.50553e-05,-1.08388e-05,0.000142654,1.28333e-05,-1.72197e-06,-6.47658e-05,5.11518e-06,6.98347e-06,0.000180486,1.02501e-05,3.31341e-05,-6.42935e-06,0.000236602,3.69778e-05,-0.00083987,-6.89299e-06,4.55382e-05,1.4859e-05,0.000341413,-9.49596e-06,-0.000141927,-3.37618e-07,6.54804e-05,-1.15077e-05,-0.000161037,-2.41645e-05,5.01157e-05,2.02432e-06,-1.57847e-05,-3.55401e-05,-3.91544e-06,-8.87183e-07,-7.52797e-05,-4.20091e-06,-9.60278e-06,-1.18716e-05,0.000721092,0.000130204,5.76439e-05,7.5162e-06,-0.000155938,3.77409e-05,-2.45466e-05,-1.05684e-05,-7.47435e-05,-1.72854e-07,4.29868e-05,6.71479e-05,-8.83174e-05,1.54574e-05,-1.04764e-05,-8.94437e-06
0.520991,-0.000240738,3.04028e-05,0.000226053,-0.00034489,4.35123e-05,8.21642e-06,9.98733e-07,-2.37161e-06,-0.000373234,8.63441e-06,0.000200442,-7.01081e-05,2.82304e-05,-2.04194e-05,7.42903e-05,-2.8378e-06,-1.84959e-05,-9.4602e-06,0.00015027,3.30814e-05,5.57818e-07,-4.77434e-05,-7.22251e-06,2.09754e-05,0.000206289,3.22675e-05,2.83582e-05,-1.94014e-07,0.000299602,7.81593e-05,-0.00083731,-4.70079e-06,3.71154e-05,9.25047e-06,0.000402375,8.68488e-07,-0.000147581,-1.25372e-06,6.3379e-05,3.84333e-07,-0.000190576,-1.00615e-05,2.90875e-05,1.47092e-05,2.86355e-06,-3.08622e-05,3.97161e-07,4.29409e-06,-5.78226e-05,-2.27854e-06,-1.52439e-05,-1.29145e-05,0.000666658,0.000140226,2.95616e-05,1.06597e-05,-0.000108179,3.15969e-05,-3.92692e-05,-1.26229e-06,-9.64776e-05,-3.16264e-06,2.09597e-05,6.17108e-05,-5.15952e-05,1.70772e-05,-2.49414e-05,8.65227e-06
0.521991,-0.000336328,1.40004e-05,0.000199173,-0.000377453,3.25521e-05,1.33324e-05,1.12663e-05,-1.44908e-06,-0.000329363,6.99873e-06,0.000198591,-8.35574e-05,2.72621e-05,-1.1019e-05,5.70011e-05,3.85822e-06,-1.20684e-05,-8.01055e-06,0.000156618,5.26185e-05,2.78569e-06,-3.03465e-05,-1.93372e-05,3.44405e-05,0.000228957,5.34382e-05,2.34174e-05,6.01436e-06,0.00035608,0.000116803,-0.000824049,-2.48003e-06,2.82777e-05,3.55512e-06,0.000455409,1.1034e-05,-0.000150809,-2.24535e-06,6.10185e-05,1.2235e-05,-0.00021645,3.71462e-06,7.81681e-06,2.70267e-05,2.09354e-05,-2.58784e-05,4.62931e-06,9.32241e-06,-4.02408e-05,-3.10799e-07,-2.06767e-05,-1.36124e-05,0.000606629,0.000147979,3.31672e-06,1.37026e-05,-5.97013e-05,2.48367e-05,-5.31308e-05,7.87397e-06,-0.000115289,-6.02957e-06,-8.07943e-07,5.55062e-05,-1.6179e-05,1.83996e-05,-3.87565e-05,2.58495e-05
0.522991,-0.00042295,-2.21538e-06,0.000169358,-0.000400079,2.09837e-05,1.80745e-05,2.11699e-05,-5.57544e-07,-0.000283558,5.41285e-06,0.000195393,-9.4018e-05,2.71426e-05,-1.64898e-06,3.89683e-05,1.03314e-05,-5.87698e-06,-6.51973e-06,0.000161524,7.10602e-05,4.9174e-06,-1.29545e-05,-3.09777e-05,4.71196e-05,0.000248137,7.3359e-05,1.84121e-05,1.20623e-05,0.000405267,0.000152277,-0.00080078,-2.79117e-07,1.92377e-05,-2.10098e-06,0.000499863,2.0795e-05,-0.000151705,-3.27768e-06,5.84112e-05,2.37821e-05,-0.000238289,1.69139e-05,-1.32448e-05,3.87305e-05,3.80783e-05,-2.07097e-05,8.69577e-06,1.40993e-05,-2.29099e-05,1.66052e-06,-2.57951e-05,-1.39712e-05,0.000542455,0.000153416,-2.07488e-05,1.65769e-05,-1.15847e-05,1.76434e-05,-6.58788e-05,1.66606e-05,-0.000131061,-8.72177e-06,-2.18633e-05,4.87035e-05,1.73836e-05,1.94118e-05,-5.16604e-05,4.23094e-05
0.523991,-0.000499203,-1.79041e-05,0.000137455,-0.00041309,9.11412e-06,2.23639e-05,3.05086e-05,2.88272e-07,-0.000236692,3.89538e-06,0.000190807,-0.000101578,2.77042e-05,7.48376e-06,2.06533e-05,1.64522e-05,-1.82947e-08,-5.01755e-06,0.00016483,8.80426e-05,6.91086e-06,4.05754e-06,-4.19021e-05,5.8769e-05,0.000263537,9.16512e-05,1.34405e-05,1.78192e-05,0.000446527,0.000184015,-0.000768331,1.85451e-06,1.02074e-05,-7.5931e-06,0.000535243,2.99557e-05,-0.000150391,-4.31476e-06,5.55664e-05,3.47698e-05,-0.000255803,2.92998e-05,-3.36494e-05,4.9586e-05,5.39637e-05,-1.54766e-05,1.2515e-05,1.85314e-05,-6.18702e-06,3.59269e-06,-3.04968e-05,-1.40048e-05,0.000475559,0.000156531,-4.2358e-05,1.92171e-05,3.51147e-05,1.02096e-05,-7.72824e-05,2.49252e-05,-0.000143732,-1.11909e-05,-4.17759e-05,4.14783e-05,4.85924e-05,2.01065e-05,-6.34113e-05,5.7708e-05
0.524991,-0.000563926,-3.27404e-05,0.000104337,-0.000416999,-2.74339e-06,2.61312e-05,3.90938e-05,1.07495e-06,-0.000189631,2.46282e-06,0.000184809,-0.000106379,2.87606e-05,1.61802e-05,2.51568e-06,2.20992e-05,5.42109e-06,-3.53309e-06,0.000166404,0.000103232,8.72723e-06,2.03286e-05,-5.18843e-05,6.91668e-05,0.000274928,0.00010797,8.59661e-06,2.31614e-05,0.000479376,0.000211527,-0.000727645,3.87563e-06,1.39232e-06,-1.28012e-05,0.000561219,3.83345e-05,-0.000147023,-5.3207e-06,5.24915e-05,4.49558e-05,-0.000268787,4.06551e-05,-5.29645e-05,5.93773e-05,6.8295e-05,-1.02968e-05,1.60114e-05,2.25332e-05,9.59773e-06,5.44329e-06,-3.46865e-05,-1.37345e-05,0.000407311,0.000157355,-6.13007e-05,2.15621e-05,7.93909e-05,2.73202e-06,-8.71389e-05,3.25078e-05,-0.00015329,-1.33935e-05,-6.01488e-05,3.40084e-05,7.70045e-05,2.04822e-05,-7.37926e-05,7.17439e-05
0.525991,-0.000616223,-4.64226e-05,7.08753e-05,-0.000412484,-1.42794e-05,2.93181e-05,4.67553e-05,1.79069e-06,-0.000143211,1.12937e-06,0.000177392,-0.000108613,3.01152e-05,2.42546e-05,-1.49995e-05,2.7163e-05,1.03664e-05,-2.09403e-06,0.000166145,0.000116334,1.03319e-05,3.55213e-05,-6.07206e-05,7.81192e-05,0.000282157,0.000122017,3.96762e-06,2.79748e-05,0.000503488,0.000234419,-0.000679768,5.74244e-06,-7.01357e-06,-1.76134e-05,0.000577638,4.57694e-05,-0.000141776,-6.2608e-06,4.91934e-05,5.41178e-05,-0.000277125,5.07874e-05,-7.0785e-05,6.79124e-05,8.08157e-05,-5.2818e-06,1.9117e-05,2.60292e-05,2.41489e-05,7.17138e-06,-3.82785e-05,-1.31878e-05,0.000339005,0.000155956,-7.74348e-05,2.3557e-05,0.000120316,-4.59489e-06,-9.5279e-05,3.92643e-05,-0.000159772,-1.52921e-05,-7.66294e-05,2.64688e-05,0.000102243,2.0543e-05,-8.26199e-05,8.41464e-05
0.526991,-0.000655482,-5.8681e-05,3.79174e-05,-0.000400364,-2.5198e-05,3.18794e-05,5.33449e-05,2.4255e-06,-9.82214e-05,-9.32195e-08,0.000168571,-0.00010851,3.15689e-05,3.15395e-05,-3.14747e-05,3.15487e-05,1.4756e-05,-7.2605e-07,0.000163987,0.000127103,1.16956e-05,4.93302e-05,-6.82352e-05,8.54653e-05,0.000285148,0.000133541,-3.67424e-07,3.21588e-05,0.00051871,0.000252393,-0.000625821,7.41756e-06,-1.48327e-05,-2.19288e-05,0.000584527,5.21215e-05,-0.000134851,-7.10269e-06,4.56801e-05,6.20603e-05,-0.000280795,5.95335e-05,-8.67442e-05,7.50292e-05,9.13156e-05,-5.34358e-07,2.17738e-05,2.89558e-05,3.72122e-05,8.73873e-06,-4.11995e-05,-1.23978e-05,0.000271839,0.000152436,-9.06852e-05,2.5155e-05,0.000157064,-1.15847e-05,-0.000101571,4.5071e-05,-0.000163266,-1.6856e-05,-9.09179e-05,1.90278e-05,0.000124007,2.0299e-05,-8.97451e-05,9.46832e-05
0.527991,-0.000681389,-6.92842e-05,6.26233e-06,-0.000381566,-3.52261e-05,3.37834e-05,5.87415e-05,2.97147e-06,-5.53913e-05,-1.19573e-06,0.000158388,-0.000106336,3.29281e-05,3.78898e-05,-4.65316e-05,3.51784e-05,1.85427e-05,5.47723e-07,0.000159908,0.000135347,1.27949e-05,6.14901e-05,-7.42852e-05,9.10823e-05,0.000283907,0.000142355,-4.33944e-06,3.56291e-05,0.000525063,0.000265262,-0.000566982,8.86907e-06,-2.19085e-05,-2.56603e-05,0.000582096,5.72795e-05,-0.000126466,-7.81733e-06,4.19618e-05,6.86194e-05,-0.000279868,6.67637e-05,-0.000100524,8.05996e-05,9.96362e-05,3.85382e-06,2.39348e-05,3.12632e-05,4.85799e-05,1.0111e-05,-4.33904e-05,-1.14022e-05,0.000206895,0.000146934,-0.000101042,2.63189e-05,0.000188933,-1.80646e-05,-0.000105926,4.98276e-05,-0.000163905,-1.80624e-05,-0.000102775,1.18425e-05,0.000142072,1.97656e-05,-9.5061e-05,0.000103167
0.528991,-0.000693929,-7.8046e-05,-2.33604e-05,-0.000357096,-4.41217e-05,3.50134e-05,6.28538e-05,3.42283e-06,-1.53713e-05,-2.17152e-06,0.000146913,-0.000102378,3.40122e-05,4.3187e-05,-5.98411e-05,3.79936e-05,2.16943e-05,1.70721e-06,0.000153924,0.000140936,1.36129e-05,7.17824e-05,-7.87651e-05,9.48885e-05,0.000278527,0.000148333,-7.89064e-06,3.83195e-05,0.000522743,0.00027295,-0.00050446,1.00713e-05,-2.81085e-05,-2.87373e-05,0.000570729,6.11618e-05,-0.00011685,-8.38e-06,3.80524e-05,7.36681e-05,-0.000274508,7.2385e-05,-0.000111864,8.45336e-05,0.000105674,7.80423e-06,2.55656e-05,3.29167e-05,5.80948e-05,1.12587e-05,-4.48087e-05,-1.02414e-05,0.000145128,0.000139619,-0.000108555,2.70222e-05,0.000215364,-2.38806e-05,-0.000108298,5.34599e-05,-0.000161862,-1.88968e-05,-0.000112028,5.05557e-06,0.000156301,1.89634e-05,-9.85037e-05,0.00010946
0.529991,-0.000693385,-8.48295e-05,-5.031e-05,-0.000328009,-5.16815e-05,3.55677e-05,6.56231e-05,3.77612e-06,2.12772e-05,-3.01654e-06,0.000134243,-9.6939e-05,3.46604e-05,4.73423e-05,-7.11325e-05,3.99564e-05,2.41939e-05,2.73577e-06,0.000146101,0.000143803,1.414e-05,8.00409e-05,-8.16093e-05,9.68458e-05,0.000269183,0.000151418,-1.09756e-05,4.01847e-05,0.000512116,0.000275495,-0.000439473,1.10054e-05,-3.33281e-05,-3.11071e-05,0.000550981,6.37193e-05,-0.000106243,-8.77105e-06,3.39703e-05,7.71196e-05,-0.000264966,7.63431e-05,-0.000120569,8.67814e-05,0.000109384,1.12531e-05,2.6645e-05,3.38977e-05,6.56526e-05,1.21582e-05,-4.543e-05,-8.95801e-06,8.73535e-05,0.000130688,-0.000113331,2.725e-05,0.000235955,-2.89015e-05,-0.000108688,5.59218e-05,-0.000157352,-1.93533e-05,-0.000118573,-1.20824e-06,0.000166639,1.7918e-05,-0.000100055,0.00011348
0.530991,-0.000680328,-8.9551e-05,-7.40499e-05,-0.000295376,-5.77467e-05,3.54597e-05,6.70245e-05,4.03016e-06,5.40927e-05,-3.72923e-06,0.000120509,-9.03286e-05,3.4738e-05,5.02981e-05,-8.02e-05,4.10505e-05,2.60396e-05,3.62054e-06,0.000136547,0.000143948,1.43735e-05,8.61557e-05,-8.27942e-05,9.69607e-05,0.000256134,0.000151622,-1.35618e-05,4.12007e-05,0.000493712,0.000273048,-0.000373227,1.166e-05,-3.74921e-05,-3.27367e-05,0.000523561,6.49361e-05,-9.48907e-05,-8.97655e-06,2.97394e-05,7.89294e-05,-0.000251576,7.86234e-05,-0.000126513,8.7335e-05,0.000110778,1.41528e-05,2.71659e-05,3.42041e-05,7.1203e-05,1.27925e-05,-4.52487e-05,-7.595e-06,3.42423e-05,0.000120361,-0.000115527,2.69999e-05,0.000250464,-3.30231e-05,-0.000107142,5.71966e-05,-0.000150619,-1.94351e-05,-0.000122379,-6.84447e-06,0.000173117,1.66586e-05,-9.97406e-05,0.000115199
0.531991,-0.000655596,-9.21813e-05,-9.41602e-05,-0.000260261,-6.22072e-05,3.47177e-05,6.70682e-05,4.18605e-06,8.27208e-05,-4.31042e-06,0.000105869,-8.28532e-05,3.41407e-05,5.203e-05,-8.69074e-05,4.12817e-05,2.72441e-05,4.3526e-06,0.000125413,0.000141439,1.43185e-05,9.0075e-05,-8.23389e-05,9.52842e-05,0.000239712,0.000149028,-1.56303e-05,4.13661e-05,0.000468208,0.000265869,-0.000306888,1.2031e-05,-4.05559e-05,-3.36131e-05,0.000489316,6.483e-05,-8.30362e-05,-8.98866e-06,2.53893e-05,7.90971e-05,-0.000234744,7.92513e-05,-0.000129643,8.62287e-05,0.000109925,1.64722e-05,2.71351e-05,3.38503e-05,7.47489e-05,1.31518e-05,-4.42787e-05,-6.1947e-06,-1.36835e-05,0.00010888,-0.000115342,2.62815e-05,0.000258822,-3.61708e-05,-0.000103751,5.72972e-05,-0.000141937,-1.9154e-05,-0.000123484,-1.17709e-05,0.000175848,1.52182e-05,-9.76324e-05,0.000114649
0.532991,-0.000620269,-9.27459e-05,-0.000110346,-0.000223692,-6.50044e-05,3.33838e-05,6.57982e-05,4.24706e-06,0.000106919,-4.76318e-06,9.05069e-05,-7.4809e-05,3.27987e-05,5.25464e-05,-9.11906e-05,4.06772e-05,2.78335e-05,4.92708e-06,0.000112893,0.000136407,1.39867e-05,9.1806e-05,-8.0304e-05,9.19104e-05,0.00022032,0.000143784,-1.71752e-05,4.07017e-05,0.000436416,0.000254315,-0.000241565,1.2122e-05,-4.25062e-05,-3.37438e-05,0.000449212,6.34513e-05,-7.09197e-05,-8.80593e-06,2.09559e-05,7.76654e-05,-0.000214942,7.8291e-05,-0.000129982,8.35374e-05,0.000106949,1.81972e-05,2.65732e-05,3.28669e-05,7.63443e-05,1.32336e-05,-4.25535e-05,-4.79752e-06,-5.60496e-05,9.64977e-05,-0.000113011,2.51171e-05,0.000261122,-3.83007e-05,-9.8648e-05,5.62652e-05,-0.000131601,-1.85302e-05,-0.000121996,-1.59288e-05,0.000175024,1.36322e-05,-9.38432e-05,0.000111915
0.533991,-0.000575635,-9.13237e-05,-0.00012244,-0.000186638,-6.61316e-05,3.15128e-05,6.32914e-05,4.21851e-06,0.000126558,-5.09262e-06,7.46336e-05,-6.6474e-05,3.06784e-05,5.18883e-05,-9.30575e-05,3.92851e-05,2.78464e-05,5.34317e-06,9.92145e-05,0.000129045,1.33967e-05,9.14135e-05,-7.679e-05,8.69734e-05,0.00019842,0.000136099,-1.82036e-05,3.92497e-05,0.000399256,0.000238835,-0.00017829,1.19439e-05,-4.33601e-05,-3.3156e-05,0.000404308,6.08816e-05,-5.8772e-05,-8.43322e-06,1.64812e-05,7.4719e-05,-0.00019269,7.58429e-05,-0.000127624,7.9375e-05,0.00010202,1.933e-05,2.55138e-05,3.12994e-05,7.60907e-05,1.30431e-05,-4.0125e-05,-3.4408e-06,-9.26262e-05,8.34783e-05,-0.000108796,2.35402e-05,0.00025762,-3.94009e-05,-9.20046e-05,5.41701e-05,-0.000119922,-1.75916e-05,-0.000118083,-1.92834e-05,0.000170904,1.19379e-05,-8.85244e-05,0.000107139
0.534991,-0.000523156,-8.80433e-05,-0.000130404,-0.000149991,-6.56334e-05,2.91707e-05,5.96547e-05,4.10752e-06,0.00014162,-5.30565e-06,5.84785e-05,-5.8102e-05,2.77836e-05,5.01269e-05,-9.25859e-05,3.71722e-05,2.7332e-05,5.60394e-06,8.4638e-05,0.0001196,1.25734e-05,8.90169e-05,-7.19339e-05,8.06435e-05,0.000174521,0.000126242,-1.8735e-05,3.70727e-05,0.000357741,0.000219957,-0.000117998,1.15142e-05,-4.31635e-05,-3.18956e-05,0.000355729,5.72308e-05,-4.68111e-05,-7.88149e-06,1.20121e-05,7.03815e-05,-0.00016855,7.20407e-05,-0.000122735,7.38902e-05,9.5355e-05,1.9889e-05,2.40023e-05,2.9207e-05,7.41322e-05,1.25928e-05,-3.70626e-05,-2.15791e-06,-0.000123322,7.00885e-05,-0.000102977,2.15952e-05,0.000248716,-3.94908e-05,-8.40256e-05,5.11067e-05,-0.000107218,-1.63731e-05,-0.000111973,-2.18233e-05,0.000163812,1.01733e-05,-8.18609e-05,0.000100508
0.535991,-0.000464422,-8.3079e-05,-0.000134326,-0.000114547,-6.36024e-05,2.64325e-05,5.50219e-05,3.92283e-06,0.000152195,-5.41073e-06,4.22857e-05,-4.99175e-05,2.41539e-05,4.73613e-05,-8.99187e-05,3.44223e-05,2.63484e-05,5.71616e-06,6.94461e-05,0.000108369,1.15466e-05,8.47851e-05,-6.59046e-05,7.31218e-05,0.000149169,0.000114526,-1.87997e-05,3.42509e-05,0.000312941,0.000198267,-6.15154e-05,1.08569e-05,-4.19889e-05,-3.00255e-05,0.00030464,5.26337e-05,-3.52381e-05,-7.1674e-06,7.60044e-06,6.48111e-05,-0.000143104,6.70469e-05,-0.000115542,6.72623e-05,8.72051e-05,1.99068e-05,2.20946e-05,2.66608e-05,7.06496e-05,1.19022e-05,-3.34512e-05,-9.7738e-07,-0.000148173,5.65923e-05,-9.58488e-05,1.93356e-05,0.000234945,-3.86195e-05,-7.49434e-05,4.71917e-05,-9.3812e-05,-1.49156e-05,-0.000103942,-2.35601e-05,0.000154124,8.37662e-06,-7.40654e-05,9.22563e-05
0.536991,-0.000401106,-7.66438e-05,-0.000134405,-8.09945e-05,-6.01748e-05,2.33804e-05,4.95489e-05,3.67444e-06,0.000158473,-5.41758e-06,2.63079e-05,-4.21116e-05,1.98632e-05,4.37147e-05,-8.52572e-05,3.11329e-05,2.49605e-05,5.68992e-06,5.39376e-05,9.5684e-05,1.03507e-05,7.89307e-05,-5.88975e-05,6.46345e-05,0.000122929,0.000101304,-1.8438e-05,3.08801e-05,0.000265963,0.0001744,-9.54415e-06,1.00009e-05,-3.99322e-05,-2.76232e-05,0.000252215,4.72453e-05,-2.4234e-05,-6.31262e-06,3.30113e-06,5.81956e-05,-0.000116944,6.10476e-05,-0.00010633,5.96957e-05,7.78501e-05,1.94288e-05,1.98553e-05,2.37414e-05,6.58534e-05,1.09973e-05,-2.93887e-05,7.76603e-08,-0.000167336,4.32455e-05,-8.77056e-05,1.68225e-05,0.00021695,-3.68631e-05,-6.50113e-05,4.25606e-05,-8.00197e-05,-1.32643e-05,-9.43021e-05,-2.45264e-05,0.000142254,6.58486e-06,-6.53721e-05,8.26508e-05
0.537991,-0.000334918,-6.8983e-05,-0.000130948,-4.99075e-05,-5.55241e-05,2.01011e-05,4.34092e-05,3.37333e-06,0.000160731,-5.3369e-06,1.07998e-05,-3.48393e-05,1.50152e-05,3.93301e-05,-7.88529e-05,2.74129e-05,2.32382e-05,5.5382e-06,3.84188e-05,8.19087e-05,9.02333e-06,7.17024e-05,-5.11283e-05,5.54255e-05,9.63729e-05,8.69569e-05,-1.76981e-05,2.70684e-05,0.000217918,0.000149015,3.73455e-05,8.97986e-06,-3.71089e-05,-2.47779e-05,0.000199609,4.12365e-05,-1.39568e-05,-5.34305e-06,-8.29069e-07,5.07461e-05,-9.06576e-05,5.42469e-05,-9.54279e-05,5.14131e-05,6.75888e-05,1.85116e-05,1.73552e-05,2.05366e-05,5.99762e-05,9.90929e-06,-2.49831e-05,9.89929e-07,-0.00018107,3.02903e-05,-7.88393e-05,1.41228e-05,0.000195463,-3.43217e-05,-5.44957e-05,3.7363e-05,-6.61469e-05,-1.14679e-05,-8.33969e-05,-2.47736e-05,0.000128646,4.83333e-06,-5.60294e-05,7.19871e-05
0.538991,-0.000267559,-6.03653e-05,-0.00012435,-2.17386e-05,-4.98546e-05,1.66836e-05,3.67882e-05,3.03114e-06,0.000159327,-5.18007e-06,-3.98956e-06,-2.82185e-05,9.73929e-06,3.43655e-05,-7.09972e-05,2.33783e-05,2.12538e-05,5.27642e-06,2.31947e-05,6.74223e-05,7.60407e-06,6.33761e-05,-4.28261e-05,4.57494e-05,7.00634e-05,7.18816e-05,-1.66348e-05,2.29324e-05,0.000169896,0.000122783,7.87216e-05,7.83019e-06,-3.36499e-05,-2.15882e-05,0.000147928,3.47882e-05,-4.53878e-06,-4.28782e-06,-4.73328e-06,4.26898e-05,-6.48075e-05,4.68607e-05,-8.32026e-05,4.26491e-05,5.67299e-05,1.72202e-05,1.46699e-05,1.71384e-05,5.32648e-05,8.67399e-06,-2.03496e-05,1.74816e-06,-0.000189725,1.79499e-05,-6.95306e-05,1.1307e-05,0.000171279,-3.11151e-05,-4.36686e-05,3.17577e-05,-5.24818e-05,-9.57689e-06,-7.15852e-05,-2.43694e-05,0.00011376,3.15467e-06,-4.62922e-05,6.05787e-05
0.539991,-0.00020067,-5.1074e-05,-0.000115073,3.18171e-06,-4.33922e-05,1.32163e-05,2.98772e-05,2.65977e-06,0.000154682,-4.95885e-06,-1.78236e-05,-2.23302e-05,4.184e-06,2.89881e-05,-6.20108e-05,1.91489e-05,1.90804e-05,4.92182e-06,8.55984e-06,5.261e-05,6.13342e-06,5.42455e-05,-3.42257e-05,3.58637e-05,4.4539e-05,5.64789e-05,-1.53074e-05,1.85935e-05,0.000122934,9.63626e-05,0.000114293,6.59045e-06,-2.96967e-05,-1.81578e-05,9.82023e-05,2.8086e-05,3.91439e-06,-3.17825e-06,-8.35639e-06,3.42631e-05,-3.99228e-05,3.91095e-05,-7.00422e-05,3.36423e-05,4.55822e-05,1.56255e-05,1.18767e-05,1.36405e-05,4.59718e-05,7.33031e-06,-1.56067e-05,2.34708e-06,-0.000193724,6.42347e-06,-6.00427e-05,8.44687e-06,0.000145225,-2.73778e-05,-3.27996e-05,2.59083e-05,-3.92893e-05,-7.6421e-06,-5.92316e-05,-2.33946e-05,9.80564e-05,1.57815e-06,-3.64147e-05,4.87474e-05
0.540991,-0.000135791,-4.1398e-05,-0.000103636,2.4642e-05,-3.63766e-05,9.78476e-06,2.28675e-05,2.27107e-06,0.000147263,-4.6851e-06,-3.04858e-05,-1.72195e-05,-1.48918e-06,2.33693e-05,-5.22311e-05,1.48445e-05,1.67896e-05,4.4929e-06,-5.21031e-06,3.78509e-05,4.65145e-06,4.46127e-05,-2.55608e-05,2.60207e-05,2.03e-05,4.11419e-05,-1.37776e-05,1.41743e-05,7.79903e-05,7.03853e-05,0.000143909,5.2998e-06,-2.53966e-05,-1.45926e-05,5.13625e-05,2.13142e-05,1.13253e-05,-2.04665e-06,-1.16469e-05,2.57034e-05,-1.64832e-05,3.12126e-05,-5.63457e-05,2.46288e-05,3.44457e-05,1.38024e-05,9.05246e-06,1.01352e-05,3.83479e-05,5.91905e-06,-1.08727e-05,2.78715e-06,-0.00019355,-4.11716e-06,-5.06169e-05,5.61331e-06,0.000118137,-2.32542e-05,-2.21481e-05,1.99774e-05,-2.68065e-05,-5.71313e-06,-4.66948e-05,-2.19396e-05,8.19873e-05,1.29038e-07,-2.66427e-05,3.68131e-05
0.541991,-7.4322e-05,-3.16222e-05,-9.05866e-05,4.25447e-05,-2.90518e-05,6.46905e-06,1.59445e-05,1.87651e-06,0.00013757,-4.37054e-06,-4.17863e-05,-1.28986e-05,-7.11311e-06,1.76786e-05,-4.20006e-05,1.05811e-05,1.44494e-05,4.00876e-06,-1.78675e-05,2.35064e-05,3.19658e-06,3.47779e-05,-1.70561e-05,1.64604e-05,-2.20531e-06,2.62439e-05,-1.21076e-05,9.79427e-06,3.59247e-05,4.54369e-05,0.000167555,3.99681e-06,-2.08979e-05,-1.09972e-05,8.21796e-06,1.46502e-05,1.76448e-05,-9.25215e-07,-1.4559e-05,1.72418e-05,5.09143e-06,2.33811e-05,-4.25091e-05,1.58342e-05,2.36029e-05,1.18265e-05,6.27127e-06,6.71083e-06,3.06342e-05,4.48153e-06,-6.26198e-06,3.07415e-06,-0.000189726,-1.35315e-05,-4.14678e-05,2.87416e-06,9.08322e-05,-1.88927e-05,-1.19558e-05,1.41223e-05,-1.52379e-05,-3.83698e-06,-3.43168e-05,-2.01011e-05,6.59813e-05,-1.17189e-06,-1.72065e-05,2.50842e-05
0.542991,-1.7486e-05,-2.20186e-05,-7.64821e-05,5.68978e-05,-2.16573e-05,3.34186e-06,9.28174e-06,1.48681e-06,0.00012612,-4.02645e-06,-5.1568e-05,-9.35017e-06,-1.25222e-05,1.20786e-05,-3.16551e-05,6.46767e-06,1.21231e-05,3.48856e-06,-2.91981e-05,9.90946e-06,1.80445e-06,2.50297e-05,-8.92089e-06,7.40315e-06,-2.25916e-05,1.21278e-05,-1.03584e-05,5.56616e-06,-2.52528e-06,2.20425e-05,0.000185346,2.71823e-06,-1.63447e-05,-7.47141e-06,-3.05607e-05,8.25934e-06,2.28518e-05,1.55193e-07,-1.7054e-05,9.09559e-06,2.44514e-05,1.58117e-05,-2.89131e-05,7.46725e-06,1.33104e-05,9.77182e-06,3.60216e-06,3.44888e-06,2.30551e-05,3.05809e-06,-1.88157e-06,3.21852e-06,-0.000182802,-2.17126e-05,-3.27802e-05,2.91966e-07,6.40792e-05,-1.44409e-05,-2.43993e-06,8.48948e-06,-4.75207e-06,-2.05669e-06,-2.24126e-05,-1.79785e-05,5.04337e-05,-2.30873e-06,-8.31466e-06,1.38483e-05
0.543991,3.36977e-05,-1.2838e-05,-6.18713e-05,6.7804e-05,-1.44196e-05,4.66386e-07,3.03624e-06,1.11175e-06,0.000113427,-3.66351e-06,-5.97118e-05,-6.53163e-06,-1.75594e-05,6.71926e-06,-2.15119e-05,2.6024e-06,9.86729e-06,2.95085e-06,-3.90292e-05,-2.64494e-06,5.0688e-07,1.56364e-05,-1.34253e-06,-9.563e-07,-4.05463e-05,-9.03684e-07,-8.5877e-06,1.59247e-06,-3.67594e-05,6.53531e-07,0.000197515,1.49786e-06,-1.18726e-05,-4.10712e-06,-6.44546e-05,2.28981e-06,2.69518e-05,1.16611e-06,-1.91023e-05,1.46181e-06,4.1324e-05,8.68144e-06,-1.59109e-05,-2.86257e-07,3.79266e-06,7.7086e-06,1.10709e-06,4.21845e-07,1.58123e-05,1.68688e-06,2.17225e-06,3.23463e-06,-0.000173337,-2.85887e-05,-2.47069e-05,-2.07786e-06,3.85796e-05,-1.004e-05,6.21241e-06,3.21111e-06,4.52073e-06,-4.10166e-07,-1.12619e-05,-1.56702e-05,3.56967e-05,-3.27065e-06,-1.48455e-07,3.36311e-06
0.544991,7.84351e-05,-4.30237e-06,-4.72738e-05,7.54481e-05,-7.54502e-06,-2.10516e-06,-2.65656e-06,7.59844e-07,9.99894e-05,-3.2916e-06,-6.61405e-05,-4.38023e-06,-2.20831e-05,1.73386e-06,-1.18599e-05,-9.29668e-07,7.73115e-06,2.41302e-06,-4.72333e-05,-1.39081e-05,-6.69009e-07,6.83755e-06,5.51886e-06,-8.45448e-06,-5.58366e-05,-1.25963e-05,-6.8485e-06,-2.0376e-06,-6.63266e-05,-1.83633e-05,0.000204402,3.65519e-07,-7.60487e-06,-9.85633e-07,-9.31048e-05,-3.13132e-06,2.99754e-05,2.08247e-06,-2.06844e-05,-5.48892e-06,5.55184e-05,2.14303e-06,-3.8173e-06,-7.26887e-06,-4.76415e-06,5.70106e-06,-1.16078e-06,-2.30882e-06,9.07968e-06,4.02475e-07,5.81684e-06,3.13989e-06,-0.000161886,-3.41237e-05,-1.73678e-05,-4.18866e-06,1.49459e-05,-5.82019e-06,1.38493e-05,-1.59927e-06,1.24899e-05,1.07082e-06,-1.10185e-06,-1.32708e-05,2.20715e-05,-4.05194e-06,7.14288e-06,-6.15008e-06
0.545991,0.000116171,3.40112e-06,-3.31635e-05,8.0083e-05,-1.21281e-06,-4.33276e-06,-7.68618e-06,4.38215e-07,8.62753e-05,-2.91963e-06,-7.08211e-05,-2.81825e-06,-2.59726e-05,-2.76499e-06,-2.9506e-06,-4.05907e-06,5.75531e-06,1.89089e-06,-5.3732e-05,-2.36842e-05,-1.70149e-06,-1.1627e-06,1.15346e-05,-1.49631e-05,-6.83139e-05,-2.27506e-05,-5.18772e-06,-5.25068e-06,-9.09314e-05,-3.47332e-05,0.000206439,-6.5374e-07,-3.6486e-06,1.82466e-06,-0.000116315,-7.9015e-06,3.19761e-05,2.88342e-06,-2.17922e-05,-1.1617e-05,6.69278e-05,-3.67926e-06,7.10047e-06,-1.33555e-05,-1.22159e-05,3.80565e-06,-3.15849e-06,-4.69431e-06,2.9996e-06,-7.65131e-07,8.98561e-06,2.95383e-06,-0.000148985,-3.83167e-05,-1.08493e-05,-6.00389e-06,-6.3141e-06,-1.89641e-06,2.03572e-05,-5.84946e-06,1.91046e-05,2.36136e-06,7.87875e-06,-1.08676e-05,9.80191e-06,-4.65196e-06,1.34453e-05,-1.45129e-05
0.546991,0.000146593,1.01251e-05,-1.99539e-05,8.20151e-05,4.4299e-06,-6.18924e-06,-1.19698e-05,1.52427e-07,7.271e-05,-2.55544e-06,-7.37662e-05,-1.75837e-06,-2.91332e-05,-6.6883e-06,5.00876e-06,-6.73356e-06,3.97148e-06,1.39821e-06,-5.84967e-05,-3.18344e-05,-2.57471e-06,-8.20096e-06,1.66106e-05,-2.03918e-05,-7.79156e-05,-3.12263e-05,-3.6451e-06,-7.9911e-06,-0.000110436,-4.82774e-05,0.000204132,-1.5403e-06,-9.20734e-08,4.2701e-06,-0.000134051,-1.19451e-05,3.30269e-05,3.55299e-06,-2.24291e-05,-1.68176e-05,7.5529e-05,-8.69205e-06,1.66299e-05,-1.84562e-05,-1.8463e-05,2.06961e-06,-4.8543e-06,-6.69949e-06,-2.31987e-06,-1.79148e-06,1.16298e-05,2.69711e-06,-0.000135142,-4.12005e-05,-5.2053e-06,-7.49796e-06,-2.48089e-05,1.63512e-06,2.56632e-05,-9.47082e-06,2.43533e-05,3.44398e-06,1.55426e-05,-8.53872e-06,-9.29561e-07,-5.07483e-06,1.86819e-05,-2.15937e-05
0.547991,0.000169628,1.57649e-05,-7.98739e-06,8.15895e-05,9.27178e-06,-7.66061e-06,-1.54541e-05,-9.35816e-08,5.96657e-05,-2.20572e-06,-7.50331e-05,-1.10888e-06,-3.14997e-05,-9.97268e-06,1.18605e-05,-8.9191e-06,2.40218e-06,9.4638e-07,-6.1549e-05,-3.82795e-05,-3.27897e-06,-1.41583e-05,2.06887e-05,-2.46899e-05,-8.46635e-05,-3.79443e-05,-2.2524e-06,-1.02221e-05,-0.000124857,-5.89146e-05,0.000198044,-2.28037e-06,2.99718e-06,6.31285e-06,-0.000146429,-1.52146e-05,3.32175e-05,4.08052e-06,-2.26104e-05,-2.10226e-05,8.1379e-05,-1.28344e-05,2.46184e-05,-2.2518e-05,-2.34512e-05,5.3e-07,-6.22819e-06,-8.30353e-06,-6.80599e-06,-2.65833e-06,1.37197e-05,2.39056e-06,-0.000120823,-4.28393e-05,-4.59078e-07,-8.65674e-06,-4.02702e-05,4.69941e-06,2.97356e-05,-1.24195e-05,2.82614e-05,4.30878e-06,2.18057e-05,-6.35072e-06,-1.00033e-05,-5.32911e-06,2.28139e-05,-2.73103e-05
