timestamp,bankssts-lh,bankssts-rh,caudalanteriorcingulate-lh,caudalanteriorcingulate-rh,caudalmiddlefrontal-lh,caudalmiddlefrontal-rh,cuneus-lh,cuneus-rh,entorhinal-lh,entorhinal-rh,frontalpole-lh,frontalpole-rh,fusiform-lh,fusiform-rh,inferiorparietal-lh,inferiorparietal-rh,inferiortemporal-lh,inferiortemporal-rh,insula-lh,insula-rh,isthmuscingulate-lh,isthmuscingulate-rh,lateraloccipital-lh,lateraloccipital-rh,lateralorbitofrontal-lh,lateralorbitofrontal-rh,lingual-lh,lingual-rh,medialorbitofrontal-lh,medialorbitofrontal-rh,middletemporal-lh,middletemporal-rh,paracentral-lh,paracentral-rh,parahippocampal-lh,parahippocampal-rh,parsopercularis-lh,parsopercularis-rh,parsorbitalis-lh,parsorbitalis-rh,parstriangularis-lh,parstriangularis-rh,pericalcarine-lh,pericalcarine-rh,postcentral-lh,postcentral-rh,posteriorcingulate-lh,posteriorcingulate-rh,precentral-lh,precentral-rh,precuneus-lh,precuneus-rh,rostralanteriorcingulate-lh,rostralanteriorcingulate-rh,rostralmiddlefrontal-lh,rostralmiddlefrontal-rh,superiorfrontal-lh,superiorfrontal-rh,superiorparietal-lh,superiorparietal-rh,superiortemporal-lh,superiortemporal-rh,supramarginal-lh,supramarginal-rh,temporalpole-lh,temporalpole-rh,transversetemporal-lh,transversetemporal-rh
0,-0.00200211,-0.00135064,0.000283982,0.00161331,-0.00101065,-0.00103964,0.000881048,0.000734989,0.00240179,-0.000137055,0.00513156,0.00458199,0.00496617,0.000261482,-0.000272584,-3.6128e-05,0.002914,0.00130117,0.00292368,0.0014357,0.000428,0.00207112,-0.00169271,-0.0020174,9.46956e-05,0.00196038,0.00396591,0.00288798,0.00180887,0.00149854,-0.0018079,-0.000909638,0.000124073,0.00231382,0.00503636,0.00520072,-0.000651101,-9.99952e-05,0.000817309,0.00207272,-0.000261711,-0.000143068,-0.000537512,-0.000490154,0.000122963,-0.000390929,0.000391161,0.00406657,-0.000552628,-0.000727038,9.48037e-05,0.000525045,0.00297106,0.00341464,-0.00158538,0.000310927,-0.000243786,-0.000537511,-0.000213958,0.000498615,-3.39083e-05,0.000200856,0.000625627,-3.8462e-05,0.00335286,-0.00155705,0.00090807,-0.00128261
0.000999984,-0.00207841,-0.00117589,0.000256419,0.00157259,-0.00092519,-0.00106052,0.000915179,0.000740937,0.00243109,-0.000125542,0.00517828,0.0046069,0.00518627,0.000319341,-0.000241473,-0.000132643,0.00300279,0.00118644,0.0031808,0.00145686,0.000559276,0.00231073,-0.00159804,-0.00180985,0.000261618,0.00193914,0.00413177,0.00290202,0.00185598,0.00149325,-0.00185668,-0.000837082,6.52196e-05,0.00231028,0.00514839,0.00506448,-0.000620045,3.43932e-05,0.00081705,0.00201935,-0.00028051,-0.000131213,-0.0003503,-0.000357385,0.000126222,-0.000368692,0.00058509,0.00395451,-0.000439253,-0.000676145,0.000229991,0.000586543,0.00312157,0.00342635,-0.00134434,0.000352183,-0.000230198,-0.00053316,-0.000147204,0.000564255,-9.25215e-08,0.000175206,0.000627816,-0.000214639,0.00333395,-0.00132896,0.000891845,-0.00121474
0.00199997,-0.00212951,-0.000991308,0.000227295,0.00151493,-0.000830688,-0.00106886,0.000938433,0.000737897,0.00243376,-0.000112727,0.0051656,0.00457901,0.00534444,0.000372995,-0.000208171,-0.000226442,0.00305558,0.00106215,0.00339699,0.00146123,0.000681355,0.00251975,-0.00148704,-0.00158442,0.000422636,0.00189627,0.00424913,0.00288283,0.00188142,0.00147115,-0.0018822,-0.000757568,6.61005e-06,0.00228049,0.0051981,0.00487257,-0.000582392,0.000167235,0.000807826,0.00194416,-0.000296282,-0.000118451,-0.00016237,-0.000222743,0.000127726,-0.000342549,0.000771229,0.00379906,-0.000320488,-0.000617912,0.000359957,0.000640148,0.00323414,0.00339909,-0.00109199,0.000388785,-0.000214183,-0.000522833,-7.88283e-05,0.00062222,3.32447e-05,0.000148105,0.00062283,-0.000385687,0.00327932,-0.00108985,0.000864638,-0.00113431
0.00299995,-0.00215672,-0.000800392,0.000197082,0.00144259,-0.000729047,-0.00106558,0.000951355,0.00072671,0.00241199,-9.89475e-05,0.00509858,0.00450311,0.0054436,0.000422133,-0.000173364,-0.000316183,0.00307467,0.000931064,0.00357246,0.00145015,0.00079302,0.00269729,-0.00136259,-0.001346,0.00057577,0.00183422,0.00432041,0.0028334,0.0018866,0.00143395,-0.00188616,-0.000672715,-5.07477e-05,0.00222704,0.00519017,0.00463254,-0.000539288,0.000296383,0.000790469,0.00185012,-0.000309007,-0.000105062,2.33953e-05,-8.84826e-05,0.000127436,-0.000313317,0.000947971,0.00360618,-0.000198283,-0.000553774,0.000483246,0.000685705,0.00331019,0.00333648,-0.000832772,0.000420548,-0.000196284,-0.000507179,-1.00256e-05,0.00067226,6.56421e-05,0.000119937,0.00061134,-0.000549678,0.00319244,-0.000844237,0.000827848,-0.00104353
0.00399993,-0.00216162,-0.000606595,0.000166226,0.00135792,-0.0006222,-0.00105168,0.000954588,0.000708289,0.00236817,-8.45425e-05,0.0049828,0.00438439,0.00548728,0.000466507,-0.000137733,-0.000400612,0.00306272,0.000795887,0.00370792,0.00142509,0.000893221,0.00284286,-0.00122764,-0.00109947,0.000719195,0.00175558,0.00434851,0.00275698,0.00187313,0.00138348,-0.00187046,-0.000584138,-0.000105892,0.00215273,0.0051298,0.00435225,-0.00049191,0.000419782,0.000765877,0.00174031,-0.000318697,-9.1321e-05,0.000204229,4.32169e-05,0.000125342,-0.000281823,0.00111382,0.00338207,-7.45992e-05,-0.000485194,0.000598536,0.000723166,0.00335153,0.00324244,-0.00057108,0.000447347,-0.00017705,-0.000486891,5.80214e-05,0.000714227,9.66642e-05,9.1083e-05,0.000594068,-0.000704825,0.003077,-0.000596602,0.000782948,-0.000944683
0.00499992,-0.00214596,-0.000413252,0.00013514,0.0012633,-0.000512061,-0.00102826,0.000948858,0.000683594,0.00230482,-6.98457e-05,0.00482412,0.00422833,0.00547948,0.000505927,-0.000101942,-0.000478577,0.00302263,0.000659231,0.00380448,0.00138761,0.000981083,0.00295638,-0.00108511,-0.00084962,0.000851271,0.00166302,0.00433665,0.00265699,0.00184274,0.00132165,-0.00183714,-0.00049341,-0.000157926,0.00206046,0.00502259,0.00403967,-0.000441432,0.000535504,0.000734985,0.00161784,-0.000325392,-7.74925e-05,0.000377538,0.000170298,0.000121464,-0.000248884,0.00126742,0.00313304,4.8629e-05,-0.000413631,0.000704648,0.000752573,0.00336026,0.00312109,-0.000311145,0.000469118,-0.000157021,-0.000462684,0.000124167,0.000748069,0.000125908,6.19157e-05,0.000571773,-0.000849502,0.00293684,-0.000351238,0.000731451,-0.000840029
0.0059999,-0.00211161,-0.000223507,0.000104198,0.00116109,-0.000400485,-0.000996443,0.000934943,0.000653603,0.00222453,-5.51774e-05,0.00462851,0.00404046,0.00542451,0.000540263,-6.66185e-05,-0.000549059,0.00295742,0.000523554,0.00386361,0.00133933,0.00105592,0.00303808,-0.000937864,-0.000601029,0.000970567,0.0015592,0.00428832,0.00253693,0.00179725,0.00125039,-0.00178834,-0.000402031,-0.000206041,0.00195318,0.00487434,0.00370271,-0.000388997,0.00064179,0.000698744,0.00148581,-0.000329162,-6.38231e-05,0.000540944,0.000290861,0.000115853,-0.00021529,0.00140751,0.0028653,0.000169528,-0.000340507,0.000800565,0.000774052,0.00333872,0.00297659,-5.69613e-05,0.00048585,-0.000136715,-0.000435276,0.000187325,0.000773822,0.000153012,3.27927e-05,0.000545223,-0.000982267,0.00277586,-0.000112189,0.000674864,-0.000731772
0.00699988,-0.00206054,-4.02594e-05,7.37306e-05,0.00105357,-0.000289234,-0.000957381,0.000913652,0.000619287,0.00212987,-4.08378e-05,0.00440197,0.00382632,0.00532687,0.000569439,-3.23461e-05,-0.000611179,0.00287018,0.000391108,0.00388706,0.00128184,0.00111722,0.00308854,-0.000788621,-0.000357968,0.00107588,0.00144674,0.00420711,0.00240025,0.00173852,0.00117159,-0.0017262,-0.000311391,-0.000249524,0.0018338,0.0046909,0.00334899,-0.000335694,0.000737078,0.000658096,0.00134719,-0.000330096,-5.05373e-05,0.000692327,0.000403201,0.000108588,-0.00018178,0.00153299,0.00258487,0.000286317,-0.000267176,0.000885443,0.000787805,0.00328941,0.00281308,0.00018779,0.000497587,-0.000116616,-0.000405371,0.00024649,0.000791606,0.000177658,4.05179e-06,0.000515183,-0.00110187,0.0025979,0.000116835,0.000614656,-0.000622009
0.00799987,-0.00199471,0.000133886,4.40225e-05,0.000942884,-0.000179939,-0.000912205,0.000885808,0.000581591,0.00202336,-2.71003e-05,0.00415033,0.00359126,0.00519115,0.000593435,3.48676e-07,-0.00066422,0.002764,0.000263902,0.00387683,0.00121675,0.00116469,0.00310861,-0.000639912,-0.000124324,0.00116624,0.00132812,0.00409669,0.00225032,0.00166838,0.00108708,-0.00165289,-0.000222751,-0.000287781,0.0017051,0.00447805,0.00298573,-0.000282537,0.000820033,0.00061395,0.00120481,-0.000328302,-3.78333e-05,0.000829858,0.000505831,9.97784e-05,-0.000149035,0.00164291,0.00229743,0.000397338,-0.000194897,0.000958617,0.0007941,0.00321492,0.00263455,0.000419808,0.000504418,-9.7163e-05,-0.000373646,0.000300755,0.000801615,0.000199578,-2.39937e-05,0.000482392,-0.00120727,0.00240668,0.000332519,0.000552228,-0.000512688
0.00899985,-0.00191607,0.000296663,1.5313e-05,0.000831025,-7.40753e-05,-0.000862011,0.000852223,0.000541409,0.00190736,-1.4207e-05,0.00387913,0.00334037,0.00502189,0.000612279,3.10048e-05,-0.000707634,0.00264186,0.000143661,0.00383508,0.00114555,0.00119818,0.00309942,-0.000494033,9.64637e-05,0.00124093,0.00120569,0.00396064,0.00209035,0.00158862,0.000998573,-0.00157045,-0.000137219,-0.000320339,0.00156975,0.00424134,0.00261959,-0.000230442,0.00088957,0.000567168,0.00106126,-0.000323905,-2.58802e-05,0.000952023,0.000597511,8.9559e-05,-0.00011766,0.00173645,0.00200822,0.000501076,-0.000124811,0.00101961,0.000793261,0.00311785,0.00244481,0.000636217,0.00050648,-7.8744e-05,-0.00034073,0.000349327,0.000804107,0.000218558,-5.10586e-05,0.000447551,-0.00129764,0.00220568,0.000532002,0.000488879,-0.000405573
0.00999984,-0.00182651,0.000446167,-1.22041e-05,0.000719777,2.70602e-05,-0.000807835,0.000813689,0.000499572,0.00178412,-2.36388e-06,0.00359356,0.00307836,0.00482353,0.000626047,5.92331e-05,-0.000741047,0.00250662,3.18105e-05,0.0037641,0.00106967,0.00121777,0.0030623,-0.000353009,0.000301457,0.00129951,0.00108156,0.00380244,0.0019233,0.00150095,0.000907641,-0.00148084,-5.57373e-05,-0.000346857,0.00143016,0.00398602,0.00225654,-0.000180214,0.000944868,0.000518551,0.000918849,-0.000317042,-1.48149e-05,0.00105764,0.000677255,7.80898e-05,-8.81734e-05,0.00181297,0.00172193,0.000596184,-5.79238e-05,0.00106813,0.000785659,0.00300081,0.00224736,0.000834612,0.000503947,-6.16878e-05,-0.000307202,0.00039154,0.000799403,0.000234438,-7.68881e-05,0.00041131,-0.00137237,0.00199816,0.000712907,0.00042579,-0.000302216
0.0109998,-0.00172782,0.00058088,-3.83771e-05,0.000610702,0.000122365,-0.000750638,0.00077096,0.000456833,0.00165565,8.26129e-06,0.00329835,0.00280953,0.00460029,0.000634857,8.4721e-05,-0.000764266,0.00236093,-7.05429e-05,0.00366625,0.000990414,0.00122368,0.00299878,-0.000218565,0.000488255,0.00134175,0.000957613,0.00362541,0.00175189,0.00140695,0.000815703,-0.00138587,2.09315e-05,-0.000367129,0.00128855,0.00371692,0.0019018,-0.000132538,0.000985379,0.000468821,0.000779614,-0.000307859,-4.74173e-06,0.00114588,0.000744345,6.55522e-05,-6.10063e-05,0.00187196,0.00144266,0.000681497,4.9058e-06,0.00110407,0.000771703,0.00286631,0.00204538,0.00101308,0.000497029,-4.62603e-05,-0.000273577,0.000426864,0.00078787,0.000247113,-0.00010126,0.000374257,-0.00143108,0.00178704,0.000873376,0.000364003,-0.000203938
0.0119998,-0.00162167,0.000699676,-6.30928e-05,0.000505121,0.00021094,-0.000691296,0.000724741,0.000413858,0.00152374,1.75414e-05,0.00299771,0.00253767,0.00435612,0.000638863,0.000107235,-0.00077727,0.00220722,-0.000162615,0.00354393,0.000908935,0.00121632,0.00291058,-9.21162e-05,0.00065501,0.0013677,0.000835483,0.0034326,0.00157852,0.00130808,0.000723999,-0.00128719,9.22051e-05,-0.000381083,0.00114684,0.00343843,0.00155979,-8.79705e-05,0.00101084,0.00041862,0.000645259,-0.00029651,4.26867e-06,0.00121625,0.000798333,5.21456e-05,-3.64923e-05,0.00191312,0.00117387,0.000756044,6.29782e-05,0.00112751,0.000751835,0.00271675,0.00184168,0.00117021,0.000485967,-3.26621e-05,-0.000240301,0.000454913,0.000769921,0.000256535,-0.000123986,0.000336909,-0.00147359,0.00157488,0.00101207,0.00030441,-0.000111813
0.0129998,-0.0015096,0.000801819,-8.62717e-05,0.000404109,0.000292098,-0.000630584,0.000675685,0.000371218,0.00138996,2.53901e-05,0.00269531,0.00226604,0.00409466,0.000638256,0.000126619,-0.000780215,0.00204768,-0.000243941,0.00339953,0.000826258,0.00119624,0.00279951,2.52451e-05,0.000800438,0.00137765,0.000716523,0.00322683,0.00140525,0.00120565,0.000633579,-0.00118626,0.000157682,-0.000388779,0.00100668,0.0031544,0.00123408,-4.69365e-05,0.00102125,0.0003685,0.00051716,-0.000283154,1.21784e-05,0.00126857,0.000839032,3.80838e-05,-1.48692e-05,0.00193628,0.000918346,0.000819054,0.000115754,0.00113868,0.000726519,0.00255441,0.00163867,0.00130509,0.00047103,-2.10282e-05,-0.000207751,0.000475445,0.000746005,0.000262709,-0.000144911,0.000299713,-0.00149993,0.00136392,0.00112818,0.000247744,-2.66679e-05
0.0139998,-0.00139301,0.000886951,-0.000107862,0.000308492,0.000365354,-0.000569182,0.000624384,0.000329392,0.00125561,3.17618e-05,0.00239426,0.0019974,0.00381922,0.00063325,0.000142796,-0.000773415,0.00188421,-0.000314361,0.00323541,0.000743248,0.00116414,0.00266752,0.000132741,0.000923801,0.00137208,0.000601812,0.00301063,0.00123384,0.00110082,0.000545306,-0.00108432,0.000217135,-0.000390402,0.000869423,0.00286817,0.000927389,-9.732e-06,0.00101689,0.000318923,0.00039636,-0.000267952,1.8981e-05,0.00130303,0.000866513,2.35903e-05,3.7196e-06,0.00194147,0.000678203,0.000869959,0.000162856,0.00113799,0.000696237,0.00238139,0.00143836,0.00141731,0.000452509,-1.14291e-05,-0.000176226,0.000488365,0.0007166,0.00026569,-0.000163911,0.000263039,-0.00151034,0.00115599,0.00122139,0.000194583,5.09167e-05
0.0149998,-0.00127312,0.000955072,-0.000127835,0.000218857,0.000430428,-0.000507665,0.00057137,0.000288759,0.00112176,3.66495e-05,0.0020971,0.00173394,0.00353276,0.000624088,0.00015576,-0.000757337,0.00171845,-0.000373998,0.00305388,0.000660624,0.00112083,0.00251663,0.000229901,0.00102489,0.00135172,0.000492164,0.00278623,0.00106569,0.000994572,0.000459852,-0.000982453,0.000270501,-0.000386253,0.000736146,0.00258252,0.000641643,2.34724e-05,0.000998297,0.000270265,0.000283584,-0.000251069,2.46994e-05,0.00132009,0.00088108,8.89401e-06,1.92215e-05,0.00192888,0.000454915,0.000908397,0.000204059,0.00112599,0.00066148,0.00219965,0.00124238,0.00150689,0.000430714,-3.87409e-06,-0.000145958,0.000493719,0.000682207,0.000265581,-0.000180897,0.000227186,-0.00150525,0.000952556,0.00129188,0.000145345,0.000120599
0.0159997,-0.001151,0.00100651,-0.000146175,0.000135562,0.000487225,-0.00044651,0.000517112,0.000249608,0.00098923,4.00831e-05,0.00180584,0.00147737,0.00323787,0.000611026,0.000165575,-0.000732582,0.00155178,-0.000423238,0.00285719,0.000578955,0.00106725,0.00234893,0.000316538,0.00110397,0.00131745,0.000388134,0.00255559,0.0009019,0.000887755,0.000377714,-0.000881521,0.000317866,-0.000376738,0.000607651,0.00229972,0.000377973,5.26231e-05,0.000966224,0.000222813,0.000179251,-0.000232668,2.93828e-05,0.00132049,0.000883258,-5.77512e-06,3.16681e-05,0.00189889,0.000249336,0.000934201,0.000239289,0.00110335,0.000622747,0.00201096,0.00105194,0.00157431,0.00040597,1.68389e-06,-0.000117108,0.000491687,0.000643341,0.000262528,-0.000195807,0.000192377,-0.00148526,0.000754758,0.00134025,0.000100303,0.000182258
0.0169997,-0.0010276,0.0010419,-0.00016288,5.87603e-05,0.000535824,-0.000386102,0.000462021,0.000212142,0.000858639,4.21254e-05,0.00152198,0.00122891,0.00293683,0.000594335,0.000172365,-0.000699871,0.00138533,-0.000462688,0.00264749,0.000498677,0.00100442,0.00216653,0.000392725,0.00116176,0.00127033,0.000290042,0.00232038,0.000743267,0.000781065,0.000299221,-0.000782214,0.000359446,-0.000362351,0.000484489,0.00202155,0.000136806,7.77733e-05,0.00092165,0.00017678,8.35033e-05,-0.000212913,3.31037e-05,0.00130521,0.000873765,-2.01911e-05,4.11669e-05,0.00185204,6.17598e-05,0.000947395,0.000268602,0.00107085,0.000580536,0.00181692,0.000867944,0.00162042,0.000378614,5.34278e-06,-8.97751e-05,0.000482578,0.000600533,0.000256715,-0.000208608,0.000158772,-0.0014511,0.000563398,0.00136751,5.95886e-05,0.000235978
0.0179997,-0.000903711,0.00106212,-0.00017795,-1.15817e-05,0.000576455,-0.00032674,0.000406453,0.000176485,0.000730403,4.28683e-05,0.00124657,0.000989371,0.00263158,0.000574296,0.000176306,-0.000660021,0.00121997,-0.000493146,0.00242685,0.0004201,0.000933415,0.00197157,0.000458765,0.00119937,0.00121153,0.000197999,0.00208202,0.000590318,0.000675066,0.000224554,-0.00068505,0.000395567,-0.000343663,0.00036698,0.00174933,-8.20595e-05,9.90699e-05,0.000865733,0.000132307,-3.76197e-06,-0.000191967,3.59537e-05,0.00127544,0.000853481,-3.41362e-05,4.78921e-05,0.00178903,-0.000108023,0.000948183,0.000292179,0.00102938,0.000535344,0.00161897,0.000690934,0.00164638,0.000348989,7.24425e-06,-6.40014e-05,0.000466814,0.000554316,0.000248357,-0.00021929,0.000126472,-0.00140368,0.000378989,0.001375,2.32124e-05,0.000282016
0.0189997,-0.000779996,0.00106827,-0.000191385,-7.56533e-05,0.000609481,-0.000268646,0.000350717,0.000142693,0.000604769,4.24289e-05,0.000980274,0.000759168,0.00232378,0.000551189,0.000177621,-0.000613932,0.00105641,-0.000515555,0.00219725,0.000343429,0.000855395,0.00176619,0.000515153,0.00121822,0.00114235,0.000111932,0.0018417,0.000443353,0.000570208,0.000153765,-0.000590399,0.000426641,-0.0003213,0.000255252,0.00148399,-0.000279369,0.000116739,0.000799787,8.94726e-05,-8.28584e-05,-0.000169993,3.80395e-05,0.00123255,0.000823425,-4.7405e-05,5.20731e-05,0.00171074,-0.000260649,0.000936933,0.0003103,0.000979883,0.000487661,0.00141842,0.0005212,0.00165364,0.000317443,7.5662e-06,-3.97806e-05,0.000444922,0.000505226,0.000237696,-0.000227867,9.55242e-05,-0.00134401,0.000201802,0.00136436,-8.92338e-06,0.000320785
0.0199997,-0.000657022,0.0010616,-0.000203181,-0.000133771,0.00063537,-0.000211982,0.000295079,0.000110764,0.000481846,4.09439e-05,0.000723403,0.000538426,0.00201487,0.000525297,0.000176564,-0.000562557,0.000895157,-0.000530969,0.0019606,0.000268777,0.000771535,0.0015525,0.000562539,0.00121999,0.00106416,3.16216e-05,0.00160044,0.000302473,0.00046684,8.68018e-05,-0.000498504,0.000453145,-0.00029593,0.000149269,0.00122611,-0.000456305,0.000131071,0.000725245,4.83086e-05,-0.00015427,-0.000147149,3.94789e-05,0.00117802,0.00078472,-5.98087e-05,5.39837e-05,0.00161819,-0.000397103,0.000914168,0.00032333,0.00092337,0.000437969,0.00121643,0.000358796,0.00164388,0.000284327,6.51456e-06,-1.70661e-05,0.000417514,0.000453797,0.000224992,-0.000234372,6.59336e-05,-0.00127319,3.19007e-05,0.00133744,-3.70058e-05,0.000352816
0.0209997,-0.000535264,0.00104352,-0.000213326,-0.00018635,0.000654673,-0.000156854,0.000239769,8.0649e-05,0.000361641,3.85649e-05,0.000476024,0.00032702,0.00170606,0.000496895,0.000173419,-0.000506886,0.000736582,-0.000540503,0.00171869,0.000196188,0.000683033,0.00133259,0.000601688,0.00120656,0.000978365,-4.32662e-05,0.00135907,0.000167627,0.000365232,2.35288e-05,-0.000409502,0.00047559,-0.000268243,4.88662e-05,0.000976,-0.000614387,0.000142404,0.00064363,8.80658e-06,-0.000218608,-0.000123595,4.0396e-05,0.00111345,0.00073856,-7.1178e-05,5.39301e-05,0.00151257,-0.000518637,0.000880542,0.000331702,0.000860874,0.000386738,0.00101405,0.000203599,0.0016189,0.000249986,4.31507e-06,4.21941e-06,0.000385274,0.000400555,0.000210521,-0.000238853,3.76717e-05,-0.00119242,-0.000130808,0.00129623,-6.12926e-05,0.000378729
0.0219996,-0.000415127,0.00101547,-0.0002218,-0.000233868,0.000667994,-0.000103331,0.00018499,5.22644e-05,0.000244082,3.54534e-05,0.000238007,0.000124655,0.00139843,0.000466249,0.000168482,-0.000447925,0.000580954,-0.000545296,0.00147325,0.000125655,0.000591084,0.00110851,0.000633441,0.00117992,0.000886421,-0.000113146,0.00111835,3.86525e-05,0.000265595,-3.62487e-05,-0.000323451,0.000494505,-0.00023893,-4.62111e-05,0.000733771,-0.000755369,0.000151106,0.000556516,-2.9069e-05,-0.000276574,-9.94881e-05,4.09175e-05,0.00104045,0.000686182,-8.13662e-05,5.22387e-05,0.00139516,-0.000626686,0.000836828,0.000335892,0.000793445,0.000334425,0.00081225,5.53543e-05,0.00158062,0.000214764,1.20503e-06,2.41755e-05,0.000348942,0.000346017,0.000194565,-0.00024137,1.06854e-05,-0.00110293,-0.000286524,0.00124284,-8.20924e-05,0.000399205
0.0229996,-0.000296966,0.000978958,-0.000228573,-0.000276845,0.00067597,-5.1456e-05,0.000130928,2.55041e-05,0.000129058,3.17756e-05,9.10559e-06,-6.90791e-05,0.00109293,0.000433615,0.000162058,-0.000386671,0.000428468,-0.000546469,0.00122595,5.71405e-05,0.000496868,0.000882264,0.000658678,0.00114214,0.000789761,-0.00017848,0.000878903,-8.46826e-05,0.000168099,-9.27607e-05,-0.000240351,0.000510408,-0.000208673,-0.000136274,0.000499388,-0.000881132,0.000157562,0.0004655,-6.53699e-05,-0.000328914,-7.49835e-05,4.11683e-05,0.000960687,0.000628834,-9.02514e-05,4.92452e-05,0.00126738,-0.000722786,0.000783899,0.000336404,0.000722129,0.000281472,0.000611928,-8.62702e-05,0.00153098,0.000178996,-2.57461e-06,4.29146e-05,0.000309293,0.000290684,0.000177407,-0.000241998,-1.50933e-05,-0.00100602,-0.000435515,0.00117942,-9.97468e-05,0.000414957
0.0239996,-0.0001811,0.000935467,-0.000233607,-0.000315804,0.000679246,-1.2556e-06,7.77542e-05,2.49623e-07,1.64473e-05,2.76978e-05,-0.000210986,-0.000254635,0.000790441,0.000399234,0.00015445,-0.000324098,0.000279275,-0.000545094,0.000978361,-9.40713e-06,0.00040153,0.000655765,0.000678278,0.00109526,0.000689798,-0.000239741,0.000641352,-0.000202643,7.28931e-05,-0.000146251,-0.000160169,0.000523788,-0.000178122,-0.000221657,0.000272735,-0.000993594,0.000162158,0.000372166,-0.000100154,-0.000376385,-5.02359e-05,4.12678e-05,0.000875769,0.000567751,-9.77382e-05,4.5284e-05,0.00113074,-0.000808501,0.000722709,0.000333753,0.000647947,0.000228307,0.000413931,-0.000221641,0.00147189,0.000143008,-6.78662e-06,6.05534e-05,0.000267127,0.000235045,0.000159326,-0.000240814,-3.97387e-05,-0.000902981,-0.000578066,0.00110808,-0.000114612,0.000426696
0.0249996,-6.78365e-05,0.000886441,-0.000236857,-0.000351255,0.000678451,4.72473e-05,2.56343e-05,-2.36194e-05,-9.38597e-05,2.33819e-05,-0.000422569,-0.000432456,0.000491837,0.000363331,0.00014595,-0.000261136,0.000133517,-0.000542156,0.000732019,-7.40351e-05,0.000306172,0.000430874,0.00069309,0.00104128,0.000587891,-0.000297392,0.000406288,-0.000315492,-1.98808e-05,-0.000196958,-8.286e-05,0.000535084,-0.000147887,-0.000302687,5.36805e-05,-0.00109462,0.000165267,0.000278056,-0.000133476,-0.00041972,-2.53983e-05,4.1327e-05,0.000787265,0.000504121,-0.000103758,4.06784e-05,0.000986821,-0.000885347,0.000654276,0.000328444,0.000571885,0.000175336,0.000219071,-0.000351114,0.00140523,0.000107112,-1.12042e-05,7.72058e-05,0.000223244,0.000179567,0.000140594,-0.000237906,-6.33235e-05,-0.000795123,-0.000714442,0.00103087,-0.000127042,0.000435113
0.0259996,4.25236e-05,0.000833244,-0.000238273,-0.000383669,0.000674179,9.40249e-05,-2.52661e-05,-4.62166e-05,-0.000201932,1.89814e-05,-0.000625887,-0.00060293,0.000197975,0.000326114,0.000136835,-0.000198658,-8.65131e-06,-0.000538528,0.000488392,-0.000136772,0.000211838,0.00020936,0.000703905,0.000982086,0.000485335,-0.000351854,0.000174324,-0.000423454,-0.00011007,-0.000245096,-8.38388e-06,0.000544671,-0.00011852,-0.000379657,-0.000157882,-0.00118594,0.000167236,0.000184642,-0.000165378,-0.000459595,-6.22382e-07,4.14451e-05,0.000696657,0.000439073,-0.000108271,3.57321e-05,0.000837278,-0.000954739,0.000579666,0.00032096,0.000494878,0.000122952,2.81466e-05,-0.000475002,0.00133272,7.16078e-05,-1.56166e-05,9.29755e-05,0.000178434,0.000124695,0.000121468,-0.000233362,-8.59118e-05,-0.000683729,-0.000844859,0.000949711,-0.000137377,0.000440852
0.0269996,0.000149668,0.000777139,-0.000237805,-0.000413459,0.000666974,0.000139036,-7.47776e-05,-6.7641e-05,-0.000307779,1.46382e-05,-0.000821089,-0.00076634,-9.02466e-05,0.000287773,0.000127359,-0.000137465,-0.000147039,-0.000534951,0.000248899,-0.000197616,0.000119501,-7.09217e-06,0.000711428,0.000919399,0.000383337,-0.000403485,-5.3891e-05,-0.000526698,-0.000197504,-0.000290842,6.3278e-05,0.000552848,-9.05086e-05,-0.000452807,-0.000361984,-0.00126911,0.000168381,9.32979e-05,-0.000195886,-0.000496605,2.39414e-05,4.17076e-05,0.000605319,0.00037365,-0.000111262,3.07225e-05,0.000683783,-0.00101793,0.000499974,0.000311751,0.000417797,7.15226e-05,-0.000158049,-0.00059354,0.00125597,3.6779e-05,-1.98342e-05,0.000107951,0.000133462,7.08531e-05,0.000102188,-0.000227275,-0.000107553,-0.000570053,-0.000969449,0.000866394,-0.000145928,0.000444492
0.0279995,0.000253265,0.000719263,-0.000235409,-0.000440967,0.000657313,0.000182223,-0.000122724,-8.79715e-05,-0.000411339,1.04795e-05,-0.00100819,-0.000922842,-0.000371879,0.000248482,0.000117746,-7.82769e-05,-0.000281406,-0.000532013,1.49101e-05,-0.000256524,3.00584e-05,-0.000216899,0.000716262,0.000854771,0.000283002,-0.000452569,-0.000277649,-0.000625312,-0.000281979,-0.000334324,0.000132111,0.000559825,-6.42651e-05,-0.000522302,-0.000558556,-0.00134541,0.000168972,5.2847e-06,-0.000225001,-0.000531247,4.81444e-05,4.21843e-05,0.000514498,0.000308799,-0.000112743,2.58949e-05,0.000528023,-0.00107598,0.000416313,0.000301221,0.000341444,2.13985e-05,-0.000338719,-0.000706863,0.0011764,2.89095e-06,-2.3692e-05,0.000122199,8.90499e-05,1.84376e-05,8.29744e-05,-0.000219738,-0.000128279,-0.000455303,-0.00108824,0.000782507,-0.000152968,0.000446536
0.0289995,0.000352961,0.00066061,-0.000231048,-0.000466456,0.000645601,0.000223502,-0.000168918,-0.000107263,-0.000512466,6.61575e-06,-0.00118706,-0.00107243,-0.000645904,0.0002084,0.000108195,-2.17225e-05,-0.000411446,-0.000530143,-0.000212257,-0.000313407,-5.56749e-05,-0.00041858,0.000718896,0.000789541,0.00018533,-0.000499298,-0.000496176,-0.00071929,-0.00036326,-0.000375614,0.000198059,0.000565724,-4.0123e-05,-0.000588226,-0.000747398,-0.00141588,0.000169233,-7.82724e-05,-0.000252699,-0.000563902,7.18398e-05,4.29283e-05,0.000425296,0.000245356,-0.000112752,2.14589e-05,0.000371672,-0.00112973,0.000329795,0.000289721,0.000266539,-2.70935e-05,-0.000513056,-0.000814993,0.00109522,-2.98099e-05,-2.70523e-05,0.000135767,4.58697e-05,-3.21816e-05,6.40262e-05,-0.000210845,-0.000148097,-0.000340628,-0.00120116,0.000699438,-0.000158727,0.000447395
0.0299995,0.000448375,0.000602028,-0.000224699,-0.0004901,0.000632157,0.000262768,-0.000213166,-0.000125542,-0.000610923,3.13915e-06,-0.00135739,-0.00121496,-0.000911235,0.00016767,9.88663e-05,3.16637e-05,-0.000536789,-0.000529605,-0.000431336,-0.000368125,-0.000136974,-0.000610762,0.000719693,0.00072482,9.12006e-05,-0.000543771,-0.000708625,-0.000808527,-0.000441075,-0.000414724,0.000261019,0.000570571,-1.83324e-05,-0.00065057,-0.000928173,-0.00148123,0.000169338,-0.000156395,-0.000278929,-0.00059483,9.48833e-05,4.3975e-05,0.000338667,0.00018404,-0.000111347,1.75855e-05,0.000216367,-0.00117976,0.000241523,0.000277547,0.00019372,-7.36491e-05,-0.000680243,-0.000917827,0.00101345,-6.10975e-05,-2.98061e-05,0.000148673,4.53031e-06,-8.06642e-05,4.5518e-05,-0.000200688,-0.000166993,-0.00022711,-0.00130798,0.000618352,-0.000163387,0.000447386
0.0309995,0.000539099,0.000544208,-0.00021636,-0.000511989,0.000617217,0.000299888,-0.000255263,-0.000142808,-0.000706387,1.22784e-07,-0.00151872,-0.00135007,-0.00116671,0.000126426,8.989e-05,8.14453e-05,-0.000656993,-0.000530495,-0.000641114,-0.000420487,-0.000213206,-0.000792191,0.000718894,0.000661491,1.37212e-06,-0.000585986,-0.000914079,-0.000892816,-0.000515111,-0.000451604,0.000320842,0.000574302,9.40074e-07,-0.000709237,-0.0011004,-0.00154188,0.000169407,-0.000228263,-0.00030361,-0.000624164,0.000117134,4.53425e-05,0.000255405,0.000125452,-0.000108606,1.44065e-05,6.36829e-05,-0.00122642,0.000152575,0.000264931,0.000123538,-0.000117988,-0.000839455,-0.00101514,0.000931882,-9.07673e-05,-3.18737e-05,0.000160914,-3.44302e-05,-0.0001267,2.76e-05,-0.00018936,-0.000184928,-0.000115754,-0.00140839,0.000540189,-0.000167078,0.000446729
0.0319995,0.000624703,0.000487691,-0.00020605,-0.000532123,0.000600931,0.000334709,-0.000294995,-0.000159035,-0.000798449,-2.3797e-06,-0.00167043,-0.0014773,-0.0014111,8.47901e-05,8.1361e-05,0.000127284,-0.000771554,-0.000532755,-0.000840443,-0.000470255,-0.000283832,-0.00096173,0.000716613,0.000600203,-8.35193e-05,-0.00062585,-0.00111156,-0.00097185,-0.000585028,-0.000486145,0.00037733,0.000576767,1.76101e-05,-0.000764041,-0.00126347,-0.00159794,0.000169508,-0.000293215,-0.000326635,-0.000651917,0.000138454,4.70319e-05,0.000176147,7.00677e-05,-0.000104625,1.20152e-05,-8.48858e-05,-0.0012698,6.39958e-05,0.000252049,5.6457e-05,-0.000159857,-0.000989862,-0.00110658,0.000851108,-0.000118637,-3.32039e-05,0.000172459,-7.05511e-05,-0.000170011,1.0398e-05,-0.000176952,-0.00020184,-7.48245e-06,-0.00150192,0.000465664,-0.000169884,0.000445546
0.0329995,0.00070474,0.000432869,-0.000193818,-0.000550427,0.000583365,0.000367056,-0.000332147,-0.000174168,-0.000886621,-4.3337e-06,-0.00181176,-0.001596,-0.00164315,4.28824e-05,7.33417e-05,0.000168938,-0.00087991,-0.000536177,-0.00102824,-0.000517145,-0.000348404,-0.00111837,0.000712852,0.000541388,-0.000162959,-0.000663178,-0.00130003,-0.00104524,-0.000650454,-0.000518184,0.000430249,0.000577739,3.16718e-05,-0.000814716,-0.00141663,-0.00164925,0.00016966,-0.000350755,-0.000347875,-0.000677988,0.00015871,4.90279e-05,0.000101377,1.82493e-05,-9.9513e-05,1.04676e-05,-0.000227948,-0.00130978,-2.32106e-05,0.000239017,-7.14497e-06,-0.000199026,-0.00113064,-0.00119169,0.000771513,-0.000144548,-3.37727e-05,0.000183256,-0.000103454,-0.000210351,-5.98602e-06,-0.000163558,-0.000217646,9.68682e-05,-0.00158803,0.000395272,-0.000171841,0.00044387
0.0339994,0.000778754,0.00038,-0.000179743,-0.000566754,0.000564509,0.000396739,-0.000366502,-0.000188135,-0.000970352,-5.72279e-06,-0.00194183,-0.00170541,-0.00186155,8.19151e-07,6.58643e-05,0.000206256,-0.00098146,-0.000540423,-0.0012035,-0.00056084,-0.000406568,-0.00126123,0.000707507,0.000485269,-0.000236551,-0.000697712,-0.00147842,-0.00111251,-0.000711001,-0.000547513,0.00047933,0.000576926,4.31919e-05,-0.000860929,-0.00155907,-0.0016954,0.00016984,-0.000400547,-0.000367182,-0.000702172,0.000177775,5.13007e-05,3.1433e-05,-2.97546e-05,-9.33902e-05,9.78549e-06,-0.000364234,-0.00134601,-0.000108092,0.000225898,-6.6973e-05,-0.000235294,-0.00126099,-0.00126994,0.000693296,-0.000168364,-3.35806e-05,0.000193232,-0.000132845,-0.000247508,-2.14734e-05,-0.000149268,-0.000232244,0.000196551,-0.00166608,0.000329306,-0.000172943,0.00044165
0.0349994,0.000846291,0.000329221,-0.000163937,-0.0005809,0.000544287,0.000423558,-0.000397845,-0.000200844,-0.00104904,-6.54743e-06,-0.00205967,-0.0018047,-0.00206499,-4.12807e-05,5.89331e-05,0.000239173,-0.00107557,-0.000545042,-0.0013653,-0.000600992,-0.00045806,-0.00138955,0.000700383,0.000431885,-0.000304009,-0.000729126,-0.00164565,-0.00117316,-0.00076627,-0.000573887,0.000524281,0.000573984,5.23028e-05,-0.000902295,-0.00168986,-0.00173575,0.000169982,-0.000442411,-0.000384393,-0.000724177,0.000195528,5.38072e-05,-3.34813e-05,-7.37982e-05,-8.63851e-05,9.96043e-06,-0.00049261,-0.001378,-0.000189755,0.000212709,-0.000122811,-0.000268488,-0.00138013,-0.0013407,0.000616495,-0.000189972,-3.26501e-05,0.0002023,-0.000158517,-0.000281304,-3.60065e-05,-0.000134175,-0.000245521,0.00029091,-0.00173535,0.000267871,-0.000173152,0.000438766
0.0359994,0.000906908,0.000280561,-0.000146547,-0.000592616,0.000522563,0.000447311,-0.00042597,-0.000212191,-0.00112205,-6.82317e-06,-0.00216429,-0.00189295,-0.0022522,-8.32926e-05,5.25284e-05,0.000267703,-0.00116161,-0.000549494,-0.00151281,-0.000637241,-0.000502701,-0.00150272,0.000691217,0.00038112,-0.000365152,-0.000757049,-0.00180065,-0.0012266,-0.000815864,-0.000597036,0.000564802,0.000568536,5.9193e-05,-0.000938391,-0.00180808,-0.00176951,0.000169993,-0.000476309,-0.000399338,-0.000743643,0.000211854,5.64933e-05,-9.32848e-05,-0.000113828,-7.86308e-05,1.09577e-05,-0.000612092,-0.00140508,-0.000267366,0.000199425,-0.000174514,-0.000298465,-0.00148734,-0.00140333,0.000541007,-0.000209284,-3.10217e-05,0.000210357,-0.000180345,-0.000311597,-4.95474e-05,-0.000118372,-0.000257351,0.000379379,-0.00179509,0.000210912,-0.000172402,0.000435038
0.0369994,0.000960189,0.000233966,-0.000127756,-0.000601624,0.000499158,0.0004678,-0.000450687,-0.000222066,-0.00118873,-6.57872e-06,-0.00225466,-0.00196924,-0.00242195,-0.000125082,4.66106e-05,0.000291928,-0.00123894,-0.000553169,-0.00164533,-0.000669219,-0.000540392,-0.00160026,0.000679692,0.000332726,-0.000419893,-0.000781081,-0.00194237,-0.00127229,-0.000859402,-0.000616678,0.000600592,0.000560182,6.40982e-05,-0.000968782,-0.00191278,-0.00179577,0.000169752,-0.00050234,-0.000411844,-0.000760163,0.00022665,5.92962e-05,-0.000148002,-0.00014987,-7.02627e-05,1.27216e-05,-0.000721856,-0.00142652,-0.000340163,0.000185988,-0.000222006,-0.000325108,-0.00158195,-0.00145715,0.000466622,-0.000226235,-2.87503e-05,0.000217296,-0.000198288,-0.000338277,-6.20753e-05,-0.000101955,-0.000267607,0.000461478,-0.00184455,0.000158237,-0.00017061,0.000430241
0.0379994,0.00100575,0.000189312,-0.000107779,-0.000607634,0.000473862,0.000484838,-0.000471823,-0.00023036,-0.00124844,-5.85363e-06,-0.0023298,-0.00203265,-0.00257309,-0.000166503,4.11244e-05,0.000311988,-0.00130697,-0.00055542,-0.00176225,-0.000696569,-0.000571111,-0.00168183,0.000665457,0.000286362,-0.000468228,-0.000800808,-0.00206983,-0.00130965,-0.000896527,-0.00063253,0.000631369,0.000548526,6.72897e-05,-0.000993032,-0.00200305,-0.00181356,0.000169123,-0.000520722,-0.000421745,-0.0007733,0.000239818,6.2146e-05,-0.000197746,-0.000182018,-6.1416e-05,1.51801e-05,-0.000821241,-0.00144151,-0.000407457,0.000172319,-0.000265268,-0.000348334,-0.00166336,-0.0015015,0.000393048,-0.000240783,-2.59012e-05,0.000223007,-0.000212383,-0.000361269,-7.35841e-05,-8.50217e-05,-0.00027616,0.000536814,-0.00188297,0.000109544,-0.000167685,0.000424123
0.0389994,0.00104327,0.000146431,-8.68629e-05,-0.000610355,0.000446449,0.000498258,-0.000489228,-0.000236968,-0.00130056,-4.69601e-06,-0.0023888,-0.00208233,-0.00270461,-0.000207393,3.6003e-05,0.000328073,-0.00136516,-0.000555582,-0.00186308,-0.000718951,-0.000594906,-0.00174722,0.000648156,0.00024162,-0.000510228,-0.000815824,-0.00218214,-0.00133817,-0.000926922,-0.000644324,0.000656875,0.000533185,6.90641e-05,-0.00101073,-0.00207807,-0.0018219,0.000167963,-0.000531778,-0.000428885,-0.000782614,0.000251274,6.49689e-05,-0.000242703,-0.00021042,-5.22232e-05,1.82501e-05,-0.000909755,-0.00144924,-0.000468634,0.000158325,-0.000304333,-0.000368086,-0.00173108,-0.00153576,0.000319945,-0.000252906,-2.25458e-05,0.00022738,-0.000222736,-0.000380532,-8.40801e-05,-6.76711e-05,-0.00028289,0.000605074,-0.00190964,6.4454e-05,-0.000163534,0.000416417
0.0399993,0.00107247,0.000105127,-6.52804e-05,-0.000609517,0.000416692,0.000507917,-0.000502782,-0.000241796,-0.0013445,-3.16009e-06,-0.00243085,-0.0021175,-0.0028156,-0.000247569,3.11731e-05,0.000340412,-0.00141302,-0.000552999,-0.00194748,-0.000736062,-0.00061189,-0.00179636,0.000627439,0.000198062,-0.000546023,-0.000825751,-0.0022785,-0.00135737,-0.000950318,-0.000651816,0.000676896,0.000513816,6.97319e-05,-0.00102151,-0.00213711,-0.00181985,0.000166129,-0.000535919,-0.000433126,-0.00078768,0.000260943,6.76892e-05,-0.000283111,-0.000235262,-4.28122e-05,2.18427e-05,-0.000987075,-0.00144892,-0.000523161,0.000143907,-0.000339275,-0.00038434,-0.00178472,-0.00155938,0.000246954,-0.000262608,-1.87577e-05,0.000230316,-0.000229521,-0.000396059,-9.35792e-05,-5.00067e-05,-0.000287687,0.000666024,-0.00192392,2.25348e-05,-0.000158076,0.000406861
0.0409993,0.00109315,6.5197e-05,-4.33276e-05,-0.000604881,0.000384375,0.000513707,-0.000512399,-0.00024477,-0.00137975,-1.30389e-06,-0.00245529,-0.00213752,-0.00290536,-0.000286832,2.65588e-05,0.000349261,-0.00145018,-0.000547049,-0.00201523,-0.00074764,-0.000622231,-0.0018293,0.000602987,0.000155248,-0.000575797,-0.000830249,-0.00235825,-0.00136687,-0.000966508,-0.0006548,0.00069127,0.000490123,6.96067e-05,-0.00102506,-0.0021796,-0.00180656,0.000163485,-0.000533628,-0.000434353,-0.000788107,0.000268764,7.02313e-05,-0.000319245,-0.00025676,-3.33051e-05,2.58672e-05,-0.00105304,-0.00143985,-0.000570589,0.000128971,-0.000370206,-0.000397099,-0.00182399,-0.0015719,0.00017373,-0.000269909,-1.46091e-05,0.000231725,-0.000232966,-0.000407873,-0.000102105,-3.21344e-05,-0.000290458,0.0007195,-0.00192526,-1.66679e-05,-0.000151247,0.000395206
0.0419993,0.00110519,2.64469e-05,-2.13163e-05,-0.000596252,0.000349313,0.000515554,-0.000518026,-0.000245834,-0.00140587,8.13026e-07,-0.00246163,-0.0021419,-0.00297334,-0.000324958,2.20855e-05,0.000354893,-0.00147634,-0.000537166,-0.00206628,-0.00075348,-0.000626152,-0.00184623,0.000574529,0.000112765,-0.000599772,-0.000829041,-0.00242087,-0.00136637,-0.000975351,-0.000653118,0.000699898,0.00046188,6.89951e-05,-0.00102115,-0.00220513,-0.00178133,0.000159912,-0.000525443,-0.000432483,-0.00078356,0.000274686,7.25222e-05,-0.0003514,-0.000275139,-2.38164e-05,3.02354e-05,-0.00110764,-0.00142141,-0.000610552,0.000113433,-0.000397261,-0.000406397,-0.00184876,-0.00157297,9.9965e-05,-0.000274851,-1.01673e-05,0.000231534,-0.000233349,-0.000416031,-0.000109684,-1.41633e-05,-0.000291129,0.000765405,-0.00191324,-5.36065e-05,-0.000143007,0.000381237
0.0429993,0.00110855,-1.12938e-05,4.31824e-07,-0.000583494,0.000311358,0.000513429,-0.000519653,-0.00024496,-0.00142251,3.1316e-06,-0.0024496,-0.00213032,-0.00301923,-0.000361704,1.76839e-05,0.00035759,-0.00149135,-0.000522857,-0.00210068,-0.00075344,-0.000623919,-0.00184748,0.000541859,7.02549e-05,-0.000618198,-0.000821917,-0.002466,-0.0013557,-0.000976784,-0.000646668,0.000702749,0.00042894,6.8187e-05,-0.00100963,-0.00221348,-0.00174364,0.000155311,-0.000511939,-0.000427462,-0.000773772,0.000278674,7.44929e-05,-0.000379876,-0.000290631,-1.44527e-05,3.48649e-05,-0.00115102,-0.00139313,-0.000642772,9.7231e-05,-0.000420601,-0.000412293,-0.001859,-0.00156237,2.54143e-05,-0.000277493,-5.49199e-06,0.00022969,-0.000230987,-0.000420614,-0.000116349,3.79471e-06,-0.000289651,0.000803704,-0.00188755,-8.8708e-05,-0.000133349,0.000364776
0.0439993,0.0011033,-4.81589e-05,2.15933e-05,-0.000566532,0.000270416,0.000507348,-0.000517309,-0.000242148,-0.00142941,5.5951e-06,-0.00241914,-0.00210267,-0.00304293,-0.000396806,1.32926e-05,0.000357635,-0.00149515,-0.000503724,-0.00211866,-0.000747449,-0.000615838,-0.00183348,0.000504845,2.7431e-05,-0.000631348,-0.000808752,-0.00249347,-0.00133479,-0.000970825,-0.000635409,0.00069987,0.000391248,6.74476e-05,-0.000990461,-0.00220467,-0.00169316,0.000149609,-0.000493715,-0.000419274,-0.000758556,0.000280707,7.60808e-05,-0.000404964,-0.00030346,-5.31129e-06,3.96822e-05,-0.00118344,-0.00135471,-0.000667057,8.03253e-05,-0.000440393,-0.000414876,-0.00185485,-0.00154003,-5.0084e-05,-0.000277911,-6.32901e-07,0.00022616,-0.000226222,-0.000421736,-0.000122131,2.16253e-05,-0.000286003,0.00083442,-0.00184805,-0.000122355,-0.0001223,0.000345699
0.0449993,0.00108959,-8.42363e-05,4.18502e-05,-0.000545364,0.000226456,0.000497375,-0.000511064,-0.000237429,-0.00142643,8.15066e-06,-0.00237041,-0.00205904,-0.00304455,-0.00042998,8.86094e-06,0.0003553,-0.00148785,-0.000479472,-0.00212058,-0.000735512,-0.000602249,-0.00180477,0.000463444,-1.59013e-05,-0.000639505,-0.00078951,-0.00250327,-0.00130372,-0.000957573,-0.00061937,0.00069139,0.000348847,6.70098e-05,-0.0009637,-0.00217892,-0.00162979,0.000142763,-0.000471377,-0.000407941,-0.00073782,0.000280775,7.72302e-05,-0.000426937,-0.000313835,3.51933e-06,4.46237e-05,-0.0012053,-0.00130602,-0.000683306,6.27068e-05,-0.000456819,-0.000414256,-0.00183658,-0.00150606,-0.000126593,-0.000276197,4.37187e-06,0.000220937,-0.00021942,-0.000419531,-0.000127061,3.92123e-05,-0.00028019,0.000857625,-0.00179477,-0.000154867,-0.000109927,0.000323941
0.0459992,0.00106765,-0.000119561,6.08981e-05,-0.000520062,0.000179513,0.000483622,-0.00050103,-0.000230866,-0.00141355,1.07505e-05,-0.00230384,-0.00199974,-0.00302445,-0.000460928,4.35062e-06,0.000350847,-0.00146965,-0.000449926,-0.00210693,-0.000717716,-0.000583521,-0.00176201,0.000417706,-5.98343e-05,-0.000642956,-0.000764249,-0.0024956,-0.00126272,-0.000937217,-0.000598648,0.000677515,0.000301884,6.70692e-05,-0.000929519,-0.00213668,-0.0015537,0.000134763,-0.000445525,-0.000393526,-0.000711566,0.000278885,7.78938e-05,-0.000446037,-0.000321941,1.19602e-05,4.96377e-05,-0.00121707,-0.00124713,-0.000691508,4.43989e-05,-0.000470056,-0.000410569,-0.0018046,-0.00146068,-0.000204065,-0.000272455,9.49679e-06,0.000214041,-0.000210951,-0.000414161,-0.000131167,5.64385e-05,-0.000272249,0.000873439,-0.00172788,-0.000186493,-9.63359e-05,0.000299498
0.0469992,0.00103783,-0.000154112,7.84538e-05,-0.000490775,0.000129704,0.000466248,-0.000487361,-0.000222552,-0.00139084,1.33529e-05,-0.00222007,-0.00192532,-0.00298322,-0.000489337,-2.62852e-07,0.000344516,-0.00144093,-0.00041503,-0.00207835,-0.000694227,-0.000560044,-0.00170595,0.000367778,-0.000104351,-0.000641989,-0.000733122,-0.00247081,-0.00121212,-0.000910024,-0.000573412,0.000658534,0.000250615,6.77789e-05,-0.000888198,-0.00207865,-0.00146528,0.000125634,-0.000416744,-0.00037613,-0.000679898,0.000275057,7.80337e-05,-0.000462474,-0.000327942,1.99418e-05,5.4684e-05,-0.00121931,-0.00117831,-0.000691738,2.54595e-05,-0.000480285,-0.000403971,-0.00175946,-0.00140433,-0.000282337,-0.000266802,1.47293e-05,0.000205514,-0.000201186,-0.000405804,-0.000134476,7.31864e-05,-0.000262248,0.000882024,-0.00164776,-0.000217398,-8.16747e-05,0.000272434
0.0479992,0.00100056,-0.000187813,9.42626e-05,-0.000457725,7.72196e-05,0.000445459,-0.000470248,-0.000212613,-0.00135853,1.59227e-05,-0.00212001,-0.00183653,-0.00292166,-0.000514888,-4.98962e-06,0.000336526,-0.00140215,-0.000374855,-0.00203556,-0.000665291,-0.000532231,-0.00163742,0.000313906,-0.000149322,-0.000636886,-0.000696382,-0.00242944,-0.00115242,-0.000876344,-0.000543901,0.000634811,0.000195401,6.92476e-05,-0.000840128,-0.00200571,-0.0013652,0.000115434,-0.000385592,-0.000355895,-0.000643021,0.000269326,7.76214e-05,-0.000476415,-0.000331967,2.74034e-05,5.97337e-05,-0.00121266,-0.00110004,-0.000684162,5.98101e-06,-0.000487677,-0.000394637,-0.00170183,-0.00133756,-0.000361127,-0.000259365,2.00692e-05,0.000195428,-0.000190487,-0.000394658,-0.00013701,8.93396e-05,-0.000250283,0.00088358,-0.00155491,-0.000247663,-6.61296e-05,0.000242879
0.0489992,0.000956336,-0.00022053,0.000108105,-0.000421207,2.23357e-05,0.000421505,-0.000449919,-0.000201203,-0.00131691,1.84317e-05,-0.00200476,-0.0017343,-0.00284077,-0.000537257,-9.82548e-06,0.00032707,-0.00135392,-0.000329599,-0.00197944,-0.000631232,-0.000500507,-0.00155735,0.00025643,-0.000194509,-0.000627917,-0.000654368,-0.00237221,-0.00108423,-0.000836602,-0.000510415,0.000606779,0.000136704,7.15379e-05,-0.000785798,-0.00191899,-0.00125434,0.000104253,-0.000352595,-0.000332997,-0.000601233,0.000261737,7.66381e-05,-0.000487989,-0.00033412,3.42934e-05,6.47679e-05,-0.00119778,-0.00101296,-0.00066903,-1.39105e-05,-0.0004924,-0.000382759,-0.00163253,-0.0012611,-0.000440038,-0.000250279,2.5528e-05,0.000183875,-0.000179194,-0.000380938,-0.000138788,0.000104784,-0.000236477,0.000878345,-0.00145004,-0.000277284,-4.99223e-05,0.000211026
0.0499992,0.000905743,-0.000252082,0.000119802,-0.000381579,-3.4594e-05,0.000394675,-0.000426632,-0.000188502,-0.0012664,2.08583e-05,-0.00187562,-0.00161979,-0.00274175,-0.000556124,-1.47525e-05,0.000316314,-0.00129696,-0.000279577,-0.00191094,-0.000592445,-0.000465308,-0.00146673,0.000195783,-0.000239573,-0.000615345,-0.000607508,-0.00229997,-0.00100828,-0.000791291,-0.000473318,0.000574936,7.50813e-05,7.46668e-05,-0.000725792,-0.00181977,-0.00113381,9.22125e-05,-0.00031824,-0.000307649,-0.000554926,0.000252352,7.50748e-05,-0.000497283,-0.000334473,4.05688e-05,6.97761e-05,-0.00117535,-0.000917912,-0.000646678,-3.40578e-05,-0.000494607,-0.00036854,-0.00155244,-0.0011758,-0.000518567,-0.000239687,3.11273e-05,0.000170975,-0.000167623,-0.000364869,-0.000139824,0.000119407,-0.000220982,0.000866583,-0.00133399,-0.000306173,-3.33063e-05,0.000177132
0.0509992,0.000849427,-0.000282243,0.000129222,-0.000339258,-9.31389e-05,0.000365289,-0.000400674,-0.00017471,-0.00120751,2.31875e-05,-0.0017341,-0.0014943,-0.00262595,-0.000571182,-1.97399e-05,0.0003044,-0.00123207,-0.000225223,-0.00183109,-0.000549391,-0.000427081,-0.00136658,0.000132476,-0.000284085,-0.000599418,-0.000556303,-0.00221371,-0.000925407,-0.000740959,-0.000433024,0.000539831,1.11775e-05,7.86072e-05,-0.000660778,-0.00170952,-0.00100492,7.94598e-05,-0.000282971,-0.000280091,-0.000504569,0.000241244,7.29318e-05,-0.000504345,-0.000333074,4.61948e-05,7.47537e-05,-0.00114606,-0.000815899,-0.000617522,-5.42761e-05,-0.000494447,-0.000352199,-0.00146259,-0.00108262,-0.000596116,-0.000227737,3.68963e-05,0.000156863,-0.000156055,-0.000346688,-0.00014013,0.000133104,-0.000203971,0.000848593,-0.00120773,-0.000334169,-1.65607e-05,0.000141503
0.0519991,0.000788086,-0.000310755,0.00013628,-0.000294709,-0.000152798,0.000333699,-0.000372354,-0.00016005,-0.00114084,2.54103e-05,-0.00158181,-0.00135926,-0.00249489,-0.000582135,-2.4746e-05,0.000291444,-0.00116013,-0.000167071,-0.001741,-0.000502586,-0.000386274,-0.00125801,6.70944e-05,-0.000327537,-0.000580374,-0.000501321,-0.00211454,-0.000836535,-0.000686209,-0.000389993,0.000502055,-5.42911e-05,8.32909e-05,-0.000591489,-0.00158981,-0.00086915,6.61652e-05,-0.000247189,-0.000250592,-0.000450701,0.000228495,7.02177e-05,-0.000509187,-0.000329943,5.11447e-05,7.96996e-05,-0.00111061,-0.000708048,-0.000582053,-7.43574e-05,-0.000492053,-0.000333959,-0.00136403,-0.000982655,-0.000672003,-0.000214579,4.28699e-05,0.000141695,-0.000144732,-0.000326638,-0.000139714,0.000145774,-0.000185636,0.000824698,-0.00107236,-0.000361045,1.60776e-08,0.000104496
0.0529991,0.000722459,-0.000337335,0.000140944,-0.000248434,-0.000213005,0.000300277,-0.000342,-0.000144752,-0.00106705,2.75226e-05,-0.00142052,-0.00121622,-0.00235016,-0.000588716,-2.97195e-05,0.000277538,-0.00108209,-0.000105749,-0.00164183,-0.000452596,-0.00034334,-0.00114213,2.81158e-07,-0.000369368,-0.000558441,-0.000443182,-0.00200367,-0.000742653,-0.000627677,-0.000344716,0.000462229,-0.000120548,8.86124e-05,-0.000518717,-0.00146234,-0.000728089,5.25167e-05,-0.000211249,-0.000219439,-0.000393918,0.000214201,6.69496e-05,-0.000511796,-0.000325086,5.53994e-05,8.46134e-05,-0.00106963,-0.0005956,-0.000540834,-9.4076e-05,-0.000487553,-0.000314052,-0.00125793,-0.000877046,-0.00074549,-0.000200368,4.90855e-05,0.000125641,-0.000133854,-0.000304967,-0.000138582,0.000157323,-0.000166188,0.000795245,-0.000929082,-0.000386519,1.61132e-05,6.65043e-05
0.0539991,0.000653315,-0.000361686,0.000143232,-0.000200962,-0.000273144,0.00026541,-0.000309951,-0.00012906,-0.000986875,2.95247e-05,-0.00125205,-0.00106683,-0.00219348,-0.000590686,-3.46022e-05,0.000262754,-0.000998939,-4.1959e-05,-0.00153476,-0.00040002,-0.000298729,-0.0010201,-6.72742e-05,-0.000408972,-0.000533836,-0.000382545,-0.00188237,-0.000644806,-0.00056603,-0.000297714,0.000420991,-0.000186775,9.44342e-05,-0.000443289,-0.00132885,-0.000583436,3.87139e-05,-0.000175465,-0.000186937,-0.000334856,0.000198466,6.31512e-05,-0.000512132,-0.000318493,5.89478e-05,8.94923e-05,-0.00102374,-0.000479873,-0.000494491,-0.000113195,-0.000481063,-0.000292712,-0.00114545,-0.000767002,-0.000815792,-0.000185258,5.558e-05,0.00010888,-0.000123573,-0.000281925,-0.000136739,0.000167667,-0.000145845,0.000760608,-0.00077918,-0.000410272,3.14154e-05,2.79485e-05
0.0549991,0.000581436,-0.000383511,0.000143216,-0.000152836,-0.000332552,0.000229493,-0.000276552,-0.000113215,-0.000901075,3.14198e-05,-0.00107829,-0.000912756,-0.00202659,-0.000587848,-3.93311e-05,0.00024715,-0.000911698,2.35325e-05,-0.00142102,-0.000345485,-0.000252891,-0.000893074,-0.000134851,-0.000445731,-0.00050677,-0.000320095,-0.00175197,-0.000544065,-0.000501947,-0.000249517,0.000378981,-0.000252125,0.000100592,-0.000366056,-0.00119113,-0.000436938,2.4963e-05,-0.000140112,-0.000153401,-0.000274181,0.000181401,5.88522e-05,-0.000510142,-0.000310146,6.17858e-05,9.43285e-05,-0.000973502,-0.000362236,-0.000443707,-0.00013147,-0.000472693,-0.000270173,-0.00102782,-0.000653765,-0.000882107,-0.000169402,6.23867e-05,9.15981e-05,-0.000113991,-0.000257762,-0.00013419,0.000176729,-0.000124836,0.000721179,-0.000623992,-0.000431956,4.56104e-05,-1.07324e-05
0.0559991,0.00050761,-0.000402522,0.000141014,-0.000104601,-0.000390537,0.000192922,-0.00024215,-9.74616e-05,-0.00081045,3.32132e-05,-0.000901133,-0.000755698,-0.00185127,-0.000580047,-4.38405e-05,0.000230768,-0.000821387,8.9917e-05,-0.00130181,-0.000289628,-0.000206266,-0.000762216,-0.000201713,-0.000479026,-0.00047745,-0.000256528,-0.00161381,-0.000441515,-0.000436113,-0.000200661,0.000336834,-0.000315744,0.000106902,-0.000287874,-0.00105096,-0.000290357,1.14704e-05,-0.000105426,-0.000119149,-0.000212568,0.000163127,5.40874e-05,-0.000505766,-0.000300025,6.39172e-05,9.91067e-05,-0.000919431,-0.000244071,-0.000389213,-0.000148661,-0.000462547,-0.000246669,-0.00090624,-0.000538586,-0.000943634,-0.000152952,6.95323e-05,7.39857e-05,-0.000105165,-0.000232724,-0.000130939,0.000184446,-0.000103391,0.000677372,-0.000464895,-0.000451216,5.83971e-05,-4.9093e-05
0.0569991,0.000432613,-0.000418454,0.00013679,-5.67948e-05,-0.000446391,0.000156089,-0.000207089,-8.20323e-05,-0.000715813,3.49111e-05,-0.000722447,-0.000597337,-0.0016693,-0.000567181,-4.80652e-05,0.000213643,-0.000729014,0.000156359,-0.00117835,-0.000233089,-0.000159293,-0.000628682,-0.000267121,-0.000508265,-0.000446082,-0.000192535,-0.00146924,-0.000338231,-0.000369204,-0.000151676,0.000295159,-0.000376789,0.000113164,-0.000209589,-0.000910087,-0.000145429,-1.56308e-06,-7.16119e-05,-8.4501e-05,-0.000150689,0.00014377,4.88953e-05,-0.000498944,-0.000288117,6.53528e-05,0.000103802,-0.000861974,-0.000126752,-0.000331777,-0.000164533,-0.000450726,-0.000222429,-0.000781927,-0.000422699,-0.000999597,-0.000136055,7.70334e-05,5.62311e-05,-9.71005e-05,-0.000207054,-0.000126993,0.000190764,-8.17393e-05,0.00062962,-0.00030328,-0.000467701,6.94925e-05,-8.66913e-05
0.057999,0.0003572,-0.000431072,0.000130748,-9.93371e-06,-0.000499402,0.000119372,-0.000171701,-6.71495e-05,-0.000617979,3.65193e-05,-0.000544055,-0.000439308,-0.00148242,-0.000549207,-5.1942e-05,0.000195805,-0.000635561,0.000222014,-0.00105181,-0.000176498,-0.000112395,-0.000493611,-0.00033035,-0.000532898,-0.000412872,-0.000128793,-0.00131961,-0.000235261,-0.000301879,-0.000103073,0.000254535,-0.000434441,0.000119175,-0.000132021,-0.000770179,-3.82559e-06,-1.39473e-05,-3.88479e-05,-4.97702e-05,-8.91992e-05,0.000123461,4.33171e-05,-0.000489624,-0.000274417,6.61107e-05,0.000108377,-0.000801521,-1.16041e-05,-0.000272197,-0.000178865,-0.000437327,-0.000197677,-0.000656062,-0.000307304,-0.00104927,-0.000118858,8.48944e-05,3.85187e-05,-8.97602e-05,-0.000180987,-0.000122362,0.00019564,-6.01039e-05,0.000578371,-0.00014053,-0.00048108,7.86392e-05,-0.000123099
0.058999,0.000282096,-0.000440182,0.000123129,3.54955e-05,-0.00054887,8.31312e-05,-0.000136307,-5.30184e-05,-0.000517755,3.80423e-05,-0.000367696,-0.000283178,-0.00129233,-0.00052614,-5.54124e-05,0.000177285,-0.000541964,0.000286047,-0.000923338,-0.000120462,-6.59875e-05,-0.000358115,-0.000390702,-0.000552443,-0.000378032,-6.59498e-05,-0.00116621,-0.000133608,-0.000234769,-5.53396e-05,0.000215495,-0.00048793,0.000124726,-5.59505e-05,-0.000632813,0.000132876,-2.55083e-05,-7.28829e-06,-1.52601e-05,-2.8724e-05,0.000102335,3.73957e-05,-0.000477772,-0.000258935,6.62163e-05,0.000112782,-0.000738403,0.000100114,-0.000211283,-0.000191455,-0.000422448,-0.00017263,-0.000529784,-0.000193543,-0.00109198,-0.000101499,9.31043e-05,2.10252e-05,-8.30643e-05,-0.000154749,-0.00011706,0.000199047,-3.86992e-05,0.00052409,2.19963e-05,-0.000491056,8.56111e-05,-0.000157911
0.059999,0.000207982,-0.000445639,0.000114197,7.9045e-05,-0.000594121,4.77055e-05,-0.00010121,-3.98236e-05,-0.000415922,3.94823e-05,-0.000194997,-0.000130412,-0.00110064,-0.000498066,-5.84243e-05,0.000158116,-0.0004491,0.000347646,-0.000794011,-6.55553e-05,-2.047e-05,-0.000223272,-0.000447518,-0.000566492,-0.000341776,-4.61111e-06,-0.00101028,-3.42149e-05,-0.000168466,-8.92893e-06,0.000178521,-0.000536542,0.000129619,1.78929e-05,-0.000499442,0.000263227,-3.60927e-05,2.29301e-05,1.87399e-05,3.01545e-05,8.05295e-05,3.11749e-05,-0.000463373,-0.000241703,6.57019e-05,0.000116953,-0.000672897,0.00020724,-0.000149851,-0.000202125,-0.000406186,-0.000147493,-0.000404181,-8.24847e-05,-0.00112716,-8.41108e-05,0.000101635,3.91653e-06,-7.68966e-05,-0.000128556,-0.000111102,0.000200968,-1.77265e-05,0.000467255,0.000182987,-0.000497375,9.02193e-05,-0.000190754
0.060999,0.00013549,-0.000447353,0.000104241,0.000120313,-0.000634522,1.34047e-05,-6.66914e-05,-2.77261e-05,-0.000313232,4.08387e-05,-2.74573e-05,1.76369e-05,-0.000908854,-0.000465133,-6.09337e-05,0.00013834,-0.000357778,0.000406042,-0.000664862,-1.23116e-05,2.37736e-05,-9.01187e-05,-0.000500192,-0.000574735,-0.00030433,5.46651e-05,-0.000853006,6.20477e-05,-0.000103523,3.57457e-05,0.000144033,-0.000579643,0.000133662,8.88438e-05,-0.000371369,0.000385933,-4.5571e-05,5.16842e-05,5.19586e-05,8.69058e-05,5.81852e-05,2.46981e-05,-0.000446441,-0.000222774,6.46067e-05,0.000120815,-0.000605234,0.000308727,-8.87095e-05,-0.000210728,-0.000388642,-0.000122464,-0.000280271,2.4893e-05,-0.00115433,-6.68218e-05,0.00011044,-1.26545e-05,-7.11102e-05,-0.000102613,-0.000104514,0.000201401,2.6285e-06,0.000408354,0.00034119,-0.000499841,9.23159e-05,-0.000221294
0.061999,6.51956e-05,-0.000445291,9.35568e-05,0.000158951,-0.000669491,-1.94919e-05,-3.30095e-05,-1.68602e-05,-0.000210396,4.21067e-05,0.000133576,0.000159754,-0.000718386,-0.000427562,-6.29062e-05,0.000118006,-0.000268723,0.00046052,-0.000536847,3.87854e-05,6.63779e-05,4.03568e-05,-0.000548174,-0.000576965,-0.000265925,0.000111379,-0.000695482,0.000154394,-4.04406e-05,7.83165e-05,0.000112382,-0.000616681,0.000136684,0.000156307,-0.000249738,0.000499873,-5.38414e-05,7.88605e-05,8.41454e-05,0.000141059,3.54426e-05,1.80081e-05,-0.000427022,-0.00020223,6.2976e-05,0.000124276,-0.000535608,0.000403658,-2.86436e-05,-0.000217147,-0.00036992,-9.77269e-05,-0.000159,0.000127713,-0.00117312,-4.97517e-05,0.000119452,-2.85505e-05,-6.55346e-05,-7.71113e-05,-9.73215e-05,0.000200354,2.2198e-05,0.000347885,0.000495428,-0.000498321,9.1798e-05,-0.000249239
0.062999,-2.38605e-06,-0.000439483,8.24485e-05,0.000194666,-0.000698517,-5.07391e-05,-3.97041e-07,-7.33191e-06,-0.000108081,4.32779e-05,0.000286918,0.000294868,-0.000530512,-0.000385642,-6.43178e-05,9.7179e-05,-0.000182577,0.000510429,-0.000410849,8.73085e-05,0.000106998,0.00016722,-0.000590985,-0.000573086,-0.000226805,0.000165093,-0.000538717,0.00024213,2.03353e-05,0.000118466,8.385e-05,-0.000647207,0.000138532,0.000219768,-0.000135512,0.000604114,-6.08307e-05,0.000104352,0.000115072,0.000192211,1.24425e-05,1.11464e-05,-0.000405198,-0.00018018,6.08614e-05,0.000127235,-0.000464186,0.000491263,2.9594e-05,-0.0002213,-0.000350127,-7.34538e-05,-4.123e-05,0.000225211,-0.00118328,-3.30129e-05,0.000128584,-4.36508e-05,-5.99833e-05,-5.22301e-05,-8.95604e-05,0.000197852,4.08341e-05,0.00028635,0.000644608,-0.00049275,8.86092e-05,-0.000274349
0.0639989,-6.68059e-05,-0.000430019,7.12135e-05,0.000227225,-0.000721165,-8.01271e-05,3.09402e-05,7.82431e-07,-6.90042e-06,4.4339e-05,0.000431554,0.000422068,-0.000346382,-0.000339728,-6.51556e-05,7.59369e-05,-9.98898e-05,0.000555198,-0.000287667,0.000132892,0.000145312,0.000289596,-0.00062822,-0.00056312,-0.00018722,0.000215439,-0.000383626,0.000324659,7.84143e-05,0.000155928,5.86446e-05,-0.000670874,0.000139081,0.000278789,-2.94715e-05,0.000697924,-6.64966e-05,0.000128056,0.000144537,0.000240025,-1.06753e-05,4.15253e-06,-0.000381087,-0.000156763,5.83192e-05,0.000129581,-0.00039112,0.000570923,8.52971e-05,-0.00022314,-0.000329373,-4.98038e-05,7.22661e-05,0.000316738,-0.00118469,-1.67103e-05,0.000137729,-5.78528e-05,-5.42617e-05,-2.81331e-05,-8.12705e-05,0.000193927,5.84101e-05,0.000224253,0.00078773,-0.000483135,8.27409e-05,-0.000296436
0.0649989,-0.000127682,-0.000417049,6.01376e-05,0.000256456,-0.000737087,-0.000107483,6.0824e-05,7.43644e-06,9.25826e-05,4.52726e-05,0.00056665,0.0005406,-0.000167005,-0.000290242,-6.54178e-05,5.43729e-05,-2.11165e-05,0.00059434,-0.00016802,0.000175236,0.000181022,0.00040667,-0.00065955,-0.000547205,-0.000147431,0.000262117,-0.000231026,0.000401487,0.000133465,0.00019049,3.68983e-05,-0.000687446,0.000138232,0.000333023,6.77918e-05,0.000780776,-7.08271e-05,0.000149873,0.000172362,0.000284238,-3.37723e-05,-2.93604e-06,-0.000354842,-0.000132146,5.54103e-05,0.000131195,-0.00031656,0.000642177,0.000137817,-0.000222661,-0.000307775,-2.69222e-05,0.000180806,0.000401766,-0.00117735,-9.40326e-07,0.000146759,-7.10724e-05,-4.8176e-05,-4.96984e-06,-7.24984e-05,0.000188627,7.48212e-05,0.000162098,0.000923894,-0.000469558,7.42324e-05,-0.000315362
0.0659989,-0.000184698,-0.000400779,4.9487e-05,0.000282244,-0.000746035,-0.000132669,8.91038e-05,1.26136e-05,0.000189861,4.60568e-05,0.000691544,0.000649871,6.74373e-06,-0.000237662,-6.51143e-05,3.25963e-05,5.33799e-05,0.000627459,-5.25384e-05,0.000214107,0.000213858,0.000517695,-0.000684727,-0.000525593,-0.000107705,0.000304897,-8.16367e-05,0.000472219,0.000185215,0.000221994,1.86696e-05,-0.000696801,0.000135915,0.000382203,0.000155874,0.000852342,-7.38401e-05,0.000169702,0.000198394,0.000324658,-5.67125e-05,-1.0084e-05,-0.000326654,-0.000106524,5.2199e-05,0.000131954,-0.000240668,0.000704717,0.000186572,-0.00021989,-0.00028545,-4.94038e-06,0.000283801,0.000479889,-0.0011614,1.42087e-05,0.00015553,-8.32442e-05,-4.1541e-05,1.71253e-05,-6.3296e-05,0.000182009,8.99842e-05,0.000100382,0.0010523,-0.000452173,6.31691e-05,-0.000331046
0.0669989,-0.000237605,-0.000381469,3.95017e-05,0.000304536,-0.000747862,-0.000155586,0.000115656,1.63265e-05,0.00028448,4.66656e-05,0.000805751,0.000749447,0.000174127,-0.000182522,-6.42653e-05,1.0732e-05,0.000123327,0.000654253,5.82292e-05,0.00024934,0.000243577,0.00062199,-0.000703583,-0.000498645,-6.83169e-05,0.000343617,6.39151e-05,0.000536561,0.000233449,0.000250332,3.94621e-06,-0.000698929,0.000132095,0.000426145,0.000234556,0.000912492,-7.5582e-05,0.000187449,0.000222509,0.00036116,-7.93627e-05,-1.72583e-05,-0.000296749,-8.01151e-05,4.87515e-05,0.000131733,-0.000163629,0.000758391,0.00023106,-0.000214891,-0.000262519,1.60241e-05,0.000380754,0.000550817,-0.00113709,2.86568e-05,0.000163881,-9.43209e-05,-3.41887e-05,3.80332e-05,-5.37208e-05,0.00017414,0.000103838,3.95946e-05,0.00117225,-0.000431201,4.96808e-05,-0.000343458
0.0679989,-0.000286217,-0.00035942,3.03898e-05,0.00032333,-0.000742527,-0.000176166,0.000140383,1.8615e-05,0.000376038,4.70697e-05,0.000908948,0.000839044,0.000334534,-0.000125402,-6.29013e-05,-1.10806e-05,0.000188541,0.000674517,0.000163818,0.000280835,0.000269967,0.000718944,-0.000716029,-0.000466819,-2.95415e-05,0.00037818,0.000205094,0.000594313,0.000278006,0.000275448,-7.35168e-06,-0.000693931,0.000126763,0.000464746,0.000303788,0.00096128,-7.6125e-05,0.000203018,0.000244605,0.000393686,-0.000101593,-2.4428e-05,-0.000265381,-5.3162e-05,4.51352e-05,0.000130413,-8.56631e-05,0.000803185,0.000270862,-0.000207761,-0.000239105,3.58679e-05,0.000471258,0.000614371,-0.00110476,4.23327e-05,0.000171637,-0.000104273,-2.59761e-05,5.76498e-05,-4.38352e-05,0.000165096,0.000116341,-1.97895e-05,0.00128315,-0.000406927,3.39383e-05,-0.000352615
0.0689989,-0.000330409,-0.000334975,2.23228e-05,0.000338675,-0.000730103,-0.000194375,0.000163211,1.95447e-05,0.00046418,4.72368e-05,0.00100097,0.000918519,0.000487477,-6.69221e-05,-6.10618e-05,-3.26891e-05,0.000248915,0.000688145,0.000263842,0.000308557,0.000292846,0.000808015,-0.000722051,-0.000430663,8.34421e-06,0.00040855,0.000341447,0.000645367,0.000318778,0.00029733,-1.53657e-05,-0.000682012,0.000119945,0.000497975,0.000363685,0.000998933,-7.55647e-05,0.000216322,0.000264601,0.000422235,-0.000123277,-3.15639e-05,-0.000232829,-2.59234e-05,4.14166e-05,0.000127878,-7.03552e-06,0.000839221,0.000305653,-0.000198628,-0.000215332,5.45012e-05,0.000554992,0.000670479,-0.00106488,5.51733e-05,0.000178612,-0.000113085,-1.67917e-05,7.58862e-05,-3.37054e-05,0.000154962,0.000127473,-7.7313e-05,0.00138449,-0.00037969,1.61496e-05,-0.000358582
0.0699988,-0.000370112,-0.000308502,1.54322e-05,0.000350665,-0.000710769,-0.000210209,0.00018409,1.92045e-05,0.000548596,4.71327e-05,0.00108179,0.000987858,0.000632579,-7.72924e-06,-5.87941e-05,-5.39299e-05,0.000304417,0.00069512,0.000357991,0.00033253,0.000312067,0.000888731,-0.000721708,-0.000390797,4.5067e-05,0.000434746,0.000472596,0.000689694,0.000355705,0.000316006,-2.02932e-05,-0.000663478,0.000111696,0.000525866,0.000414508,0.00102583,-7.4016e-05,0.000227277,0.000282443,0.000446861,-0.000144292,-3.86384e-05,-0.000199396,1.32813e-06,3.76604e-05,0.000124025,7.19345e-05,0.000866737,0.000335203,-0.000187647,-0.000191321,7.1848e-05,0.000631715,0.000719161,-0.00101797,6.71239e-05,0.000184613,-0.000120761,-6.56213e-06,9.2668e-05,-2.34013e-05,0.000143827,0.000137228,-0.000132541,0.00147587,-0.000349878,-3.44479e-06,-0.000361463
0.0709988,-0.000405306,-0.000280392,9.80718e-06,0.000359432,-0.000684812,-0.00022369,0.000202989,1.77032e-05,0.000629016,4.67219e-05,0.0011515,0.00104716,0.000769563,5.15081e-05,-5.61517e-05,-7.46314e-05,0.000355081,0.000695519,0.000446023,0.000352833,0.000327513,0.00096069,-0.000715125,-0.0003479,8.036e-05,0.000456837,0.00059823,0.000727342,0.000388767,0.000331545,-2.23798e-05,-0.00063872,0.000102096,0.000548516,0.000456645,0.00104247,-7.16098e-05,0.000235813,0.000298092,0.000467661,-0.000164521,-4.56252e-05,-0.000165395,2.83116e-05,3.39277e-05,0.000118765,0.000150868,0.000886075,0.000359379,-0.000174996,-0.000167191,8.78451e-05,0.000701261,0.000760523,-0.000964653,7.8138e-05,0.000189444,-0.000127312,4.74367e-06,0.000107935,-1.29948e-05,0.000131789,0.000145621,-0.000185064,0.00155695,-0.000317916,-2.45764e-05,-0.000361397
0.0719988,-0.000436016,-0.000251047,5.49382e-06,0.000365138,-0.000652622,-0.000234863,0.000219896,1.51674e-05,0.000705202,4.59688e-05,0.00121031,0.00109663,0.000898238,0.000110113,-5.3193e-05,-9.46163e-05,0.000400995,0.000689501,0.00052776,0.00036959,0.000339102,0.00102356,-0.000702488,-0.000302692,0.000113967,0.00047493,0.000718093,0.00075842,0.000417983,0.000344042,-2.1912e-05,-0.00060821,9.12543e-05,0.000566071,0.000490595,0.00104948,-6.84878e-05,0.00024187,0.000311527,0.000484771,-0.00018385,-5.24985e-05,-0.000131151,5.47426e-05,3.02747e-05,0.000112026,0.000229322,0.000897662,0.000378149,-0.000160872,-0.000143058,0.000102443,0.000763534,0.000794744,-0.000905564,8.81774e-05,0.000192911,-0.000132765,1.71104e-05,0.000121643,-2.55966e-06,0.000118949,0.000152675,-0.000234503,0.00162749,-0.000284254,-4.69548e-05,-0.000358553
0.0729988,-0.000462309,-0.000220871,2.49521e-06,0.000367974,-0.000614687,-0.000243792,0.000234814,1.17376e-05,0.000776947,4.48385e-05,0.00125853,0.00113654,0.00101848,0.000167409,-4.99797e-05,-0.000113705,0.000442291,0.000677303,0.000603084,0.000382968,0.000346786,0.00107707,-0.000684037,-0.000255917,0.000145645,0.000489168,0.000831974,0.000783093,0.000443405,0.000353621,-1.92089e-05,-0.000572485,7.92984e-05,0.000578721,0.000516945,0.00104757,-6.4799e-05,0.000245406,0.000322744,0.000498354,-0.00020217,-5.92329e-05,-9.69891e-05,8.0339e-05,2.67511e-05,0.000103759,0.00030679,0.000901991,0.000391576,-0.000145489,-0.000119031,0.000115603,0.000818497,0.00082206,-0.000841387,9.72114e-05,0.000194823,-0.000137153,3.04748e-05,0.000133757,7.83004e-06,0.000105411,0.000158429,-0.000280515,0.00168731,-0.00024936,-7.02723e-05,-0.000353122
0.0739988,-0.00048428,-0.000190258,7.73133e-07,0.000368144,-0.000571579,-0.000250559,0.000247758,7.56515e-06,0.000844064,4.32982e-05,0.00129651,0.00116725,0.00113024,0.000222734,-4.6575e-05,-0.000131721,0.000479141,0.000659231,0.000671925,0.000393166,0.000350549,0.00112102,-0.00066006,-0.000208324,0.000175169,0.000499721,0.000939698,0.000801571,0.00046511,0.000360423,-1.46136e-05,-0.000532136,6.63762e-05,0.000586688,0.000536355,0.00103749,-6.06948e-05,0.000246397,0.00033175,0.000508596,-0.000219377,-6.5803e-05,-6.32278e-05,0.000104825,2.3399e-05,9.39385e-05,0.000382702,0.000899606,0.000399815,-0.000129067,-9.52145e-05,0.000127299,0.000866167,0.000842758,-0.000772809,0.000105217,0.000194999,-0.000140518,4.47247e-05,0.00014426,1.81006e-05,9.12838e-05,0.000162928,-0.000322792,0.00173627,-0.000213707,-9.421e-05,-0.00034531
0.0749988,-0.000502055,-0.000159591,2.50794e-07,0.000365866,-0.000523947,-0.000255258,0.000258756,2.80898e-06,0.000906384,4.13177e-05,0.0013247,0.00118916,0.0012335,0.000275448,-4.30419e-05,-0.000148489,0.000511739,0.000635652,0.000734259,0.000400409,0.000350408,0.00115528,-0.000630885,-0.000160652,0.000202336,0.000506777,0.00104112,0.000814095,0.000483195,0.000364606,-8.4857e-06,-0.000487794,5.26506e-05,0.000590222,0.000549529,0.00102006,-5.63249e-05,0.000244843,0.000338562,0.000515691,-0.000235372,-7.21826e-05,-3.01758e-05,0.000127939,2.02519e-05,8.25673e-05,0.000456432,0.000891081,0.000403108,-0.000111834,-7.17017e-05,0.000137519,0.000906606,0.000857159,-0.000700512,0.00011218,0.000193272,-0.000142907,5.97011e-05,0.000153144,2.81795e-05,7.66745e-05,0.000166226,-0.000361069,0.00177432,-0.000177761,-0.000118443,-0.000335337
0.0759988,-0.000515779,-0.000129228,8.16565e-07,0.000361364,-0.000472504,-0.000257992,0.000267843,-2.36766e-06,0.000963753,3.88711e-05,0.00134355,0.0012027,0.00132828,0.000324943,-3.94421e-05,-0.000163844,0.000540302,0.000606984,0.000790099,0.000404935,0.000346413,0.00117977,-0.000596876,-0.000113609,0.000226964,0.000510535,0.00113609,0.000820934,0.000497773,0.000366334,-1.193e-06,-0.000440116,3.82953e-05,0.000589589,0.000557205,0.000996089,-5.18329e-05,0.00024077,0.000343207,0.000519842,-0.000250061,-7.83446e-05,1.87644e-06,0.000149434,1.7334e-05,6.96757e-05,0.000527301,0.000877004,0.000401772,-9.4018e-05,-4.85785e-05,0.000146259,0.000939918,0.000865607,-0.00062515,0.000118091,0.000189494,-0.000144368,7.52e-05,0.000160413,3.79967e-05,6.16923e-05,0.00016838,-0.000395122,0.00180142,-0.000141975,-0.000142646,-0.000323422
0.0769987,-0.000525613,-9.94958e-05,2.32864e-06,0.000354858,-0.000418012,-0.00025887,0.000275061,-7.80028e-06,0.00101602,3.5937e-05,0.00135355,0.00120832,0.00141461,0.000370658,-3.58342e-05,-0.000177635,0.000565051,0.000573687,0.000839491,0.000406993,0.000338643,0.00119448,-0.000558422,-6.7863e-05,0.000248901,0.0005112,0.00122451,0.000822371,0.000508969,0.000365777,6.89586e-06,-0.000389774,2.34914e-05,0.000585064,0.00056013,0.000966399,-4.73531e-05,0.000234232,0.000345717,0.000521246,-0.000263354,-8.4261e-05,3.26615e-05,0.000169086,1.46591e-05,5.53244e-05,0.000594595,0.000857965,0.000396193,-7.58436e-05,-2.59208e-05,0.000153526,0.000966238,0.000868459,-0.000547338,0.000122949,0.000183539,-0.000144954,9.09775e-05,0.000166085,4.74851e-05,4.64458e-05,0.000169452,-0.000424775,0.00181759,-0.000106777,-0.000166496,-0.000309786
0.0779987,-0.000531729,-7.06891e-05,4.62044e-06,0.000346565,-0.000361268,-0.000258006,0.000280457,-1.3326e-05,0.00106306,3.24997e-05,0.0013552,0.0012065,0.00149256,0.000412082,-3.22725e-05,-0.000189721,0.000586212,0.00053625,0.000882506,0.00040683,0.000327205,0.00119946,-0.000515936,-2.40206e-05,0.000268022,0.000508977,0.00130623,0.000818698,0.000516913,0.000363102,1.54181e-05,-0.000337438,8.42389e-06,0.000576927,0.000559044,0.000931786,-4.30069e-05,0.00022531,0.000346131,0.000520094,-0.000275168,-8.99021e-05,6.19398e-05,0.000186693,1.22311e-05,3.96046e-05,0.000657571,0.000834534,0.000386812,-5.75282e-05,-3.79365e-06,0.000159339,0.000985726,0.000866077,-0.000467635,0.00012676,0.000175307,-0.000144714,0.000106755,0.000170185,5.65813e-05,3.10419e-05,0.000169503,-0.000449896,0.00182287,-7.25617e-05,-0.00018968,-0.000294642
0.0789987,-0.000534304,-4.3062e-05,7.50653e-06,0.000336689,-0.000303087,-0.000255514,0.00028408,-1.87863e-05,0.00110471,2.855e-05,0.001349,0.00119768,0.00156217,0.000448764,-2.8806e-05,-0.000199982,0.000604007,0.000495187,0.000919238,0.000404688,0.000312234,0.0011948,-0.000469846,1.73792e-05,0.000284235,0.000504063,0.00138115,0.000810207,0.00052174,0.000358475,2.4023e-05,-0.000283769,-6.72261e-06,0.000565453,0.00055467,0.000893007,-3.89005e-05,0.000214118,0.00034449,0.000516562,-0.000285424,-9.52367e-05,8.95034e-05,0.000202085,1.00434e-05,2.26373e-05,0.000715476,0.000807259,0.000374114,-3.92782e-05,1.77481e-05,0.000163726,0.000998566,0.000858816,-0.000386536,0.000129535,0.000164727,-0.000143701,0.000122228,0.000172751,6.52262e-05,1.55858e-05,0.000168594,-0.000470401,0.00181734,-3.96871e-05,-0.000211896,-0.000278195
0.0799987,-0.000533523,-1.68268e-05,1.07889e-05,0.000325423,-0.000244284,-0.000251507,0.000285982,-2.40293e-05,0.00114085,2.40856e-05,0.00133543,0.00118234,0.0016235,0.000480323,-2.54771e-05,-0.000208317,0.000618647,0.000451024,0.000949799,0.000400792,0.000293891,0.00118068,-0.000420592,5.58773e-05,0.000297476,0.00049665,0.00144913,0.000797188,0.000523581,0.000352052,3.2377e-05,-0.000229402,-2.17667e-05,0.000550913,0.000547694,0.00085077,-3.51225e-05,0.000200801,0.000340838,0.000510811,-0.00029405,-0.000100232,0.000115179,0.000215118,8.08008e-06,4.57278e-06,0.000767562,0.000776648,0.00035861,-2.12865e-05,3.86601e-05,0.000166724,0.00100496,0.000847021,-0.000304465,0.000131294,0.000151761,-0.00014196,0.000137072,0.000173828,7.33657e-05,1.80278e-07,0.000166786,-0.000486256,0.00180108,-8.46524e-06,-0.000232857,-0.000260632
0.0809987,-0.000529565,7.84782e-06,1.42636e-05,0.000312943,-0.00018566,-0.000246097,0.000286219,-2.89116e-05,0.00117133,1.91116e-05,0.00131496,0.00116088,0.00167659,0.00050645,-2.23217e-05,-0.000214648,0.000630329,0.000404292,0.000974313,0.000395348,0.00027236,0.00115729,-0.000368622,9.11012e-05,0.000307717,0.000486913,0.00151002,0.00077992,0.000522569,0.000343981,4.01682e-05,-0.000174943,-3.65335e-05,0.000533565,0.000538761,0.000805724,-3.17429e-05,0.000185531,0.000335222,0.00050298,-0.000300978,-0.000104854,0.000138831,0.000225683,6.3158e-06,-1.44117e-05,0.000813105,0.000743168,0.000340828,-3.72963e-06,5.89082e-05,0.00016838,0.00100512,0.000831021,-0.000221765,0.00013206,0.000136406,-0.000139536,0.000150953,0.000173473,8.09511e-05,-1.50753e-05,0.000164134,-0.000497472,0.00177422,2.08395e-05,-0.000252294,-0.000242126
0.0819987,-0.000522613,3.0837e-05,1.77268e-05,0.000299405,-0.000127983,-0.00023939,0.000284843,-3.33005e-05,0.00119603,1.36409e-05,0.00128802,0.00113373,0.00172146,0.000526913,-1.93677e-05,-0.00021892,0.000639236,0.000355518,0.000992917,0.000388538,0.000247845,0.0011249,-0.000314386,0.00012277,0.000314962,0.000475015,0.00156369,0.000758674,0.000518831,0.0003344,4.71097e-05,-0.000120956,-5.08571e-05,0.000513652,0.000528463,0.00075845,-2.88119e-05,0.000168511,0.000327689,0.00049319,-0.000306147,-0.000109066,0.000160361,0.0002337,4.71754e-06,-3.41138e-05,0.000851423,0.000707236,0.000321297,1.32338e-05,7.84676e-05,0.000168751,0.000999262,0.000811124,-0.000138708,0.000131862,0.000118696,-0.000136471,0.000163537,0.000171749,8.79388e-05,-3.0085e-05,0.000160693,-0.000504108,0.00173689,4.80134e-05,-0.000269958,-0.000222833
0.0829986,-0.000512843,5.20588e-05,2.09812e-05,0.00028495,-7.19733e-05,-0.00023149,0.000281911,-3.7075e-05,0.00121481,7.69455e-06,0.00125504,0.00110127,0.00175814,0.00054156,-1.66354e-05,-0.000221103,0.00064553,0.000305218,0.00100576,0.000380515,0.000220571,0.00108383,-0.000258339,0.000150696,0.000319246,0.000461103,0.00160999,0.000733705,0.00051249,0.000323433,5.29424e-05,-6.79572e-05,-6.45834e-05,0.000491405,0.000517333,0.00070946,-2.63607e-05,0.00014997,0.00031829,0.000481537,-0.000309504,-0.000112832,0.000179708,0.000239126,3.24563e-06,-5.43098e-05,0.000881895,0.000669221,0.000300529,2.94648e-05,9.73221e-05,0.000167898,0.00098763,0.000787616,-5.54851e-05,0.000130736,9.87035e-05,-0.000132801,0.0001745,0.000168728,9.42915e-05,-4.47567e-05,0.000156511,-0.000506264,0.00168926,7.28944e-05,-0.000285621,-0.000202888
0.0839986,-0.00050043,7.14719e-05,2.3842e-05,0.000269697,-1.82888e-05,-0.000222495,0.000277479,-4.01274e-05,0.00122754,1.30126e-06,0.0012164,0.00106386,0.00178663,0.000550323,-1.41372e-05,-0.000221195,0.000649356,0.000253891,0.00101298,0.000371399,0.000190781,0.00103444,-0.000200931,0.000174785,0.000320636,0.000445308,0.00164874,0.000705256,0.000503662,0.000311194,5.74364e-05,-1.64112e-05,-7.75716e-05,0.000467038,0.000505843,0.000659196,-2.44013e-05,0.000130159,0.000307077,0.000468099,-0.000311,-0.000116115,0.000196848,0.000241947,1.85541e-06,-7.47579e-05,0.00090398,0.000629439,0.000279012,4.48445e-05,0.000115463,0.000165894,0.000970463,0.000760762,2.77765e-05,0.000128721,7.65383e-05,-0.00012856,0.000183538,0.000164487,9.99773e-05,-5.90025e-05,0.000151634,-0.000504087,0.0016315,9.53717e-05,-0.000299079,-0.00018241
0.0849986,-0.000485543,8.90727e-05,2.61418e-05,0.000253748,3.24904e-05,-0.000212499,0.000271605,-4.23634e-05,0.00123409,-5.50225e-06,0.00117246,0.00102182,0.00180693,0.000553213,-1.18777e-05,-0.000219217,0.00065084,0.000202017,0.00101476,0.000361279,0.000158732,0.000977147,-0.000142614,0.000195035,0.000319227,0.000427747,0.00167979,0.000673557,0.000492462,0.000297785,6.03925e-05,3.32743e-05,-8.96955e-05,0.000440752,0.000494404,0.000608029,-2.29284e-05,0.000109349,0.000294105,0.000452935,-0.000310595,-0.000118876,0.000211793,0.000242182,4.99053e-07,-9.52024e-05,0.000917233,0.000588158,0.000257193,5.92744e-05,0.000132887,0.000162817,0.000948006,0.000730803,0.000111011,0.000125862,5.23496e-05,-0.000123778,0.000190376,0.000159114,0.00010497,-7.27388e-05,0.000146104,-0.000497761,0.00156383,0.000115384,-0.000310149,-0.000161497
0.0859986,-0.000468351,0.000104891,2.77353e-05,0.000237192,7.98726e-05,-0.000201592,0.000264347,-4.37033e-05,0.00123437,-1.26717e-05,0.00112357,0.000975474,0.00181903,0.000550322,-9.85392e-06,-0.000215218,0.000650092,0.000150047,0.00101126,0.000350212,0.000124697,0.000912402,-8.38318e-05,0.000211527,0.000315142,0.000408524,0.00170299,0.000638826,0.000478997,0.000283296,6.16418e-05,8.07495e-05,-0.000100845,0.00041273,0.000483363,0.000556269,-2.19209e-05,8.78258e-05,0.000279432,0.000436089,-0.000308257,-0.000121077,0.000224586,0.000239881,-8.72594e-07,-0.000115378,0.00092132,0.000545601,0.00023547,7.26764e-05,0.000149597,0.000158752,0.000920517,0.000697963,0.000194197,0.000122207,2.63244e-05,-0.000118481,0.000194778,0.0001527,0.00010925,-8.58867e-05,0.000139959,-0.000487507,0.00148648,0.000132918,-0.000318672,-0.000140233
0.0869986,-0.000449018,0.000118986,2.85029e-05,0.000220099,0.000123465,-0.00018986,0.000255768,-4.4082e-05,0.00122826,-2.01557e-05,0.00107004,0.000925108,0.00182291,0.000541818,-8.05584e-06,-0.000209269,0.000647206,9.84047e-05,0.00100265,0.000338222,8.89604e-05,0.00084071,-2.50269e-05,0.000224422,0.000308529,0.000387732,0.00171819,0.000601273,0.000463376,0.000267811,6.10458e-05,0.000125723,-0.000110927,0.000383149,0.000473008,0.000504164,-2.13444e-05,6.58849e-05,0.00026312,0.00041759,-0.000303963,-0.000122682,0.0002353,0.000235119,-2.30796e-06,-0.000135016,0.000916034,0.00050195,0.000214182,8.49919e-05,0.000165599,0.00015379,0.000888261,0.000662448,0.000277348,0.00011781,-1.31452e-06,-0.000112692,0.000196555,0.000145341,0.000112801,-9.83719e-05,0.000133235,-0.000473578,0.00139971,0.000148002,-0.000324514,-0.000118688
0.0879986,-0.000427708,0.00013144,2.8354e-05,0.000202529,0.00016298,-0.000177387,0.000245933,-4.34492e-05,0.00121569,-2.78961e-05,0.00101218,0.000871001,0.00181856,0.000527943,-6.46696e-06,-0.000201468,0.000642264,4.74814e-05,0.000989137,0.000325306,5.18211e-05,0.000762618,3.33655e-05,0.000233951,0.000299559,0.000365455,0.00172526,0.000561102,0.000445704,0.000251406,5.84949e-05,0.000167961,-0.000119865,0.000352172,0.000463568,0.000451916,-2.11537e-05,4.38271e-05,0.000245236,0.00039746,-0.000297697,-0.000123655,0.000244033,0.000227998,-3.8528e-06,-0.000153847,0.000901304,0.000457354,0.0001936,9.61805e-05,0.000180901,0.000148025,0.00085151,0.000624452,0.00036049,0.000112727,-3.03105e-05,-0.000106435,0.00019557,0.000137139,0.000115614,-0.000110125,0.000125965,-0.000456257,0.00130385,0.000160704,-0.00032756,-9.69199e-05
0.0889985,-0.000404584,0.000142354,2.72284e-05,0.000184534,0.000198244,-0.000164254,0.00023491,-4.17691e-05,0.0011966,-3.5829e-05,0.000950285,0.000813425,0.00180599,0.000509004,-5.06501e-06,-0.000191932,0.000635338,-2.36313e-06,0.000970904,0.000311432,1.35872e-05,0.000678714,9.09162e-05,0.000240405,0.000288418,0.000341773,0.00172408,0.000518512,0.000426086,0.00023415,5.39078e-05,0.000207286,-0.000127599,0.000319958,0.000455223,0.000399682,-2.1296e-05,2.19525e-05,0.000225854,0.000375717,-0.000289454,-0.000123962,0.000250903,0.000218643,-5.54826e-06,-0.000171606,0.000877204,0.000411939,0.000173927,0.000106219,0.000195512,0.000141557,0.00081055,0.00058416,0.000443646,0.000107016,-6.03759e-05,-9.97305e-05,0.000191747,0.000128201,0.000117685,-0.000121081,0.000118181,-0.00043585,0.00119923,0.000171125,-0.00032772,-7.49786e-05
0.0899985,-0.000379813,0.000151841,2.50975e-05,0.000166159,0.000229193,-0.00015054,0.000222772,-3.90202e-05,0.00117096,-4.3885e-05,0.000884655,0.000752649,0.00178523,0.000485368,-3.82276e-06,-0.0001808,0.000626493,-5.08026e-05,0.000948167,0.00029655,-2.54222e-05,0.000589627,0.000147203,0.000244121,0.000275313,0.000316761,0.00171459,0.000473706,0.000404634,0.000216111,4.72293e-05,0.000243571,-0.000134086,0.000286661,0.000448105,0.000347589,-2.17135e-05,5.55115e-07,0.000205055,0.000352377,-0.000279242,-0.000123572,0.000256046,0.000207198,-7.42914e-06,-0.000188041,0.000843954,0.000365807,0.00015529,0.0001151,0.000209439,0.000134488,0.000765676,0.000541753,0.000526818,0.00010074,-9.11955e-05,-9.25993e-05,0.00018507,0.000118637,0.000119013,-0.000131181,0.000109915,-0.000412684,0.00108626,0.000179395,-0.000324925,-5.29086e-05
0.0909985,-0.000353562,0.000160022,2.19643e-05,0.000147445,0.00025588,-0.000136328,0.0002096,-3.51949e-05,0.00113876,-5.19904e-05,0.000815589,0.000688943,0.0017563,0.000457456,-2.70886e-06,-0.000168225,0.00061579,-9.75433e-05,0.000921152,0.000280593,-6.48781e-05,0.000496022,0.000201813,0.000245474,0.000260458,0.000290499,0.00169673,0.000426888,0.000381459,0.000197356,3.84288e-05,0.000276737,-0.000139298,0.000252435,0.000442305,0.000295742,-2.23474e-05,-2.00824e-05,0.000182928,0.000327462,-0.000267074,-0.000122456,0.000259606,0.000193826,-9.5223e-06,-0.000202913,0.000801929,0.000319053,0.000137746,0.000122828,0.000222691,0.000126923,0.000717199,0.000497411,0.000609964,9.39645e-05,-0.000122431,-8.50636e-05,0.000175589,0.000108558,0.000119602,-0.00014037,0.000101197,-0.000387101,0.000965375,0.000185666,-0.000319126,-3.07529e-05
0.0919985,-0.000326007,0.00016702,1.78627e-05,0.000128432,0.000278466,-0.000121698,0.000195476,-3.02988e-05,0.00110003,-6.0068e-05,0.0007434,0.000622591,0.0017193,0.000425732,-1.68882e-06,-0.000154379,0.00060329,-0.000142323,0.000890099,0.000263485,-0.000104442,0.000398599,0.000254341,0.000244863,0.000244079,0.000263068,0.00167049,0.000378272,0.000356682,0.000177953,2.7498e-05,0.000306748,-0.000143222,0.000217436,0.000437882,0.000244236,-2.31403e-05,-3.9694e-05,0.000159568,0.000301001,-0.000252981,-0.000120591,0.000261736,0.000178701,-1.18454e-05,-0.000216003,0.000751645,0.000271768,0.00012128,0.000129421,0.00023527,0.000118966,0.000665442,0.00045132,0.000692985,8.67552e-05,-0.000153723,-7.71466e-05,0.000163419,9.80776e-05,0.00011946,-0.000148599,9.20621e-05,-0.000359455,0.000837084,0.000190106,-0.000310295,-8.55553e-06
0.0929985,-0.000297325,0.000172954,1.28554e-05,0.000109164,0.000297216,-0.000106733,0.000180491,-2.43505e-05,0.00105485,-6.80378e-05,0.000668417,0.000553887,0.00167432,0.000390696,-7.25946e-07,-0.000139442,0.000589055,-0.000184911,0.000855265,0.000245144,-0.000143768,0.000298093,0.000304395,0.000242694,0.000226407,0.000234558,0.0016359,0.000328079,0.000330429,0.000157974,1.44496e-05,0.000333606,-0.00014586,0.000181824,0.000434864,0.000193159,-2.40392e-05,-5.80348e-05,0.000135083,0.000273035,-0.000237001,-0.000117956,0.000262589,0.00016201,-1.44058e-05,-0.000227115,0.000693764,0.000224048,0.00010581,0.000134905,0.000247178,0.000110723,0.000610744,0.000403675,0.000775702,7.91805e-05,-0.000184703,-6.88743e-05,0.00014874,8.73121e-05,0.000118599,-0.000155824,8.25444e-05,-0.000330104,0.000701944,0.000192894,-0.000298423,1.3635e-05
0.0939985,-0.000267701,0.000177938,7.03179e-06,8.96893e-05,0.000312487,-9.15192e-05,0.000164743,-1.73801e-05,0.0010033,-7.58183e-05,0.000590987,0.000483146,0.00162152,0.000352874,2.1767e-07,-0.000123606,0.000573153,-0.000225105,0.000816924,0.000225493,-0.000182498,0.000195263,0.000351596,0.000239376,0.000207676,0.000205067,0.00159305,0.000276547,0.000302838,0.000137495,-6.84696e-07,0.000357343,-0.000147227,0.000145766,0.000433259,0.000142609,-2.49984e-05,-7.48856e-05,0.000109589,0.000243623,-0.000219189,-0.000114537,0.000262316,0.000143948,-1.72001e-05,-0.00023608,0.000629077,0.000176,9.11983e-05,0.000139314,0.000258413,0.000102296,0.000553459,0.00035468,0.000857845,7.13096e-05,-0.000214987,-6.02755e-05,0.000131789,7.63763e-05,0.000117035,-0.000162006,7.26821e-05,-0.000299409,0.000560574,0.000194217,-0.00028352,3.57629e-05
0.0949984,-0.00023733,0.000182072,5.04476e-07,7.00602e-05,0.000324723,-7.61456e-05,0.000148335,-9.42932e-06,0.000945549,-8.33275e-05,0.000511483,0.000410706,0.0015611,0.000312808,1.18019e-06,-0.000107067,0.000555654,-0.000262728,0.000775369,0.000204465,-0.000220271,9.08951e-05,0.000395579,0.0002353,0.000188117,0.000174705,0.00154207,0.000223925,0.000274052,0.0001166,-1.7856e-05,0.000378014,-0.000147347,0.000109437,0.000433055,9.26942e-05,-2.59816e-05,-9.00564e-05,8.32118e-05,0.000212838,-0.00019961,-0.000110324,0.000261062,0.000124716,-2.02137e-05,-0.000242757,0.000558493,0.000127745,7.72556e-05,0.000142688,0.000268968,9.37846e-05,0.000493957,0.000304558,0.00093904,6.32125e-05,-0.000244195,-5.13825e-05,0.00011286,6.53847e-05,0.000114784,-0.000167112,6.25166e-05,-0.000267726,0.000413654,0.000194259,-0.000265618,5.7763e-05
0.0959984,-0.000206408,0.000185445,-6.59425e-06,5.03389e-05,0.000334431,-6.07035e-05,0.000131375,-5.50093e-07,0.000881769,-9.04834e-05,0.000430304,0.000336927,0.00149329,0.00027105,2.19905e-06,-9.00236e-05,0.000536639,-0.000297628,0.000730909,0.000182009,-0.000256714,-1.42034e-05,0.000436001,0.000230836,0.00016796,0.000143595,0.00148315,0.00017048,0.000244229,9.53789e-05,-3.69991e-05,0.000395698,-0.000146256,7.30217e-05,0.000434229,4.35423e-05,-2.69633e-05,-0.000103389,5.60869e-05,0.000180777,-0.000178345,-0.000105313,0.00025896,0.000104518,-2.34212e-05,-0.000247041,0.000483024,7.94267e-05,6.37543e-05,0.000145069,0.00027883,8.52857e-05,0.000432621,0.000253545,0.0010188,5.49592e-05,-0.000271942,-4.2232e-05,9.22952e-05,5.445e-05,0.000111869,-0.000171116,5.20929e-05,-0.000235405,0.000261924,0.000193204,-0.000244764,7.95588e-05
0.0969984,-0.000175143,0.000188128,-1.41166e-05,3.05958e-05,0.000342176,-4.52878e-05,0.000113978,9.19594e-06,0.000812194,-9.72057e-05,0.000347876,0.000262194,0.0014184,0.000228147,3.31008e-06,-7.26761e-05,0.000516196,-0.000329678,0.000683872,0.000158095,-0.000291452,-0.000119212,0.000472537,0.000226318,0.000147427,0.000111874,0.00141652,0.000116495,0.000213533,7.39298e-05,-5.80341e-05,0.000410483,-0.000144001,3.67137e-05,0.00043675,-4.69654e-06,-2.79305e-05,-0.000114761,2.83595e-05,0.000147557,-0.000155487,-9.95055e-05,0.000256131,8.35587e-05,-2.67865e-05,-0.000248857,0.000403763,3.12119e-05,5.044e-05,0.000146502,0.000287986,7.68898e-05,0.000369847,0.000201894,0.00109652,4.66197e-05,-0.000297858,-3.28645e-05,7.04776e-05,4.36824e-05,0.000108312,-0.000173995,4.14605e-05,-0.000202784,0.000106184,0.000191226,-0.000221027,0.000101061
0.0979984,-0.000143745,0.000190177,-2.19038e-05,1.09108e-05,0.000348552,-2.99962e-05,9.62622e-05,1.97384e-05,0.000737096,-0.000103416,0.000264653,0.000186918,0.00133676,0.000184641,4.54657e-06,-5.52206e-05,0.00049442,-0.000358769,0.0006346,0.000132725,-0.000324104,-0.000223298,0.000504891,0.000222036,0.000126733,7.96931e-05,0.00134247,6.22694e-05,0.000182141,5.23593e-05,-8.08666e-05,0.000422468,-0.000140633,7.16906e-07,0.000440579,-5.18467e-05,-2.88828e-05,-0.000124084,1.83632e-07,0.000113318,-0.000131142,-9.29111e-05,0.000252679,6.20428e-05,-3.02641e-05,-0.000248165,0.000321866,-1.67075e-05,3.70438e-05,0.000147034,0.000296415,6.86815e-05,0.000306046,0.000149877,0.00117146,3.8263e-05,-0.000321581,-2.33254e-05,4.7821e-05,3.31885e-05,0.000104139,-0.000175736,3.06727e-05,-0.000170187,-5.27077e-05,0.00018849,-0.000194494,0.000122166
0.0989984,-0.000112431,0.000191628,-2.97904e-05,-8.62709e-06,0.000354173,-1.49288e-05,7.83499e-05,3.09988e-05,0.000656787,-0.00010904,0.000181113,0.000111535,0.00124876,0.000141052,5.93848e-06,-3.78478e-05,0.000471414,-0.00038481,0.000583449,0.00010593,-0.000354286,-0.000325628,0.000532794,0.000218233,0.000106082,4.72177e-05,0.00126133,8.11556e-06,0.000150237,3.07818e-05,-0.000105389,0.000431751,-0.000136213,-3.47563e-05,0.000445673,-9.77064e-05,-2.98328e-05,-0.000131307,-2.82787e-05,7.82208e-05,-0.000105434,-8.55446e-05,0.000248693,4.01722e-05,-3.38001e-05,-0.000244963,0.000238528,-6.41143e-05,2.3296e-05,0.000146708,0.000304095,6.0738e-05,0.000241634,9.77824e-05,0.0012428,2.99572e-05,-0.000342772,-1.36638e-05,2.47608e-05,2.30703e-05,9.93771e-05,-0.000176329,1.97874e-05,-0.000137916,-0.00021384,0.000185148,-0.000165273,0.000142759
0.0999984,-8.1419e-05,0.0001925,-3.76092e-05,-2.79198e-05,0.000359644,-1.87139e-07,6.03652e-05,4.28919e-05,0.000571624,-0.000114006,9.77551e-05,3.64974e-05,0.00115485,9.7879e-05,7.51168e-06,-2.07407e-05,0.000447289,-0.000407728,0.000530788,7.77807e-05,-0.000381616,-0.000425369,0.000556012,0.000215095,8.56649e-05,1.4626e-05,0.0011735,-4.56394e-05,0.000118013,9.3187e-06,-0.000131479,0.000438433,-0.000130806,-6.94861e-05,0.000451986,-0.000142049,-3.08049e-05,-0.000136414,-5.68584e-05,4.24483e-05,-7.84945e-05,-7.74277e-05,0.000244242,1.81451e-05,-3.73338e-05,-0.00023928,0.000154957,-0.000110767,8.93937e-06,0.000145567,0.000311,5.31282e-05,0.000177035,4.59127e-05,0.00130957,2.17685e-05,-0.000361115,-3.93338e-06,1.74326e-06,1.34242e-05,9.40573e-05,-0.000175774,8.86616e-06,-0.000106255,-0.000376253,0.000181336,-0.00013349,0.000162709
0.100998,-5.09282e-05,0.000192796,-4.51954e-05,-4.68615e-05,0.000365548,1.41264e-05,4.24329e-05,5.53258e-05,0.000481999,-0.000118248,1.50997e-05,-3.77215e-05,0.00105551,5.55862e-05,9.28722e-06,-4.0719e-06,0.000422161,-0.000427464,0.000476993,4.83877e-05,-0.000405715,-0.000521696,0.000574347,0.000212751,6.56616e-05,-1.78921e-05,0.0010794,-9.86586e-05,8.56689e-05,-1.19022e-05,-0.000159003,0.000442609,-0.000124482,-0.000103248,0.000459468,-0.000184625,-3.18346e-05,-0.000139427,-8.53802e-05,6.20285e-06,-5.04728e-05,-6.85887e-05,0.000239376,-3.84522e-06,-4.07996e-05,-0.000231181,7.23544e-05,-0.0001564,-6.25824e-06,0.000143652,0.000317101,4.59122e-05,0.000112679,-5.41713e-06,0.00137074,1.37612e-05,-0.000376322,5.80883e-06,-2.07853e-05,4.34022e-06,8.82111e-05,-0.000174075,-2.02594e-06,-7.546e-05,-0.000538942,0.000177175,-9.92959e-05,0.000181875
0.101998,-2.11767e-05,0.000192503,-5.2391e-05,-6.53398e-05,0.000372422,2.791e-05,2.4677e-05,6.82036e-05,0.000388343,-0.000121705,-6.63223e-05,-0.000110638,0.000951274,1.46029e-05,1.12807e-05,1.19981e-05,0.000396149,-0.000443976,0.000422447,1.79032e-05,-0.000426211,-0.000613803,0.000587641,0.000211266,4.62358e-05,-5.01369e-05,0.000979511,-0.000150598,5.34064e-05,-3.27486e-05,-0.000187811,0.000444366,-0.000117316,-0.000135813,0.000468064,-0.000225165,-3.29657e-05,-0.000140399,-0.000113665,-3.0296e-05,-2.15284e-05,-5.90624e-05,0.00023413,-2.56116e-05,-4.41287e-05,-0.000220764,-8.11405e-06,-0.000200733,-2.24916e-05,0.000141,0.000322368,3.91406e-05,4.89913e-05,-5.58833e-05,0.00142518,5.99688e-06,-0.000388141,1.55026e-05,-4.23894e-05,-4.09877e-06,8.18721e-05,-0.000171246,-1.28208e-05,-4.57626e-05,-0.000700868,0.00017277,-6.28591e-05,0.000200105
0.102998,7.62207e-06,0.000191597,-5.90485e-05,-8.32377e-05,0.000380737,4.10635e-05,7.21898e-06,8.14237e-05,0.000291121,-0.000124324,-0.000145973,-0.000181763,0.000842691,-2.46831e-05,1.35018e-05,2.73223e-05,0.000369376,-0.000457233,0.000367532,-1.34782e-05,-0.000442745,-0.000700906,0.000595783,0.000210648,2.75364e-05,-8.19012e-05,0.000874327,-0.000201109,2.14314e-05,-5.30849e-05,-0.00021774,0.000443782,-0.000109383,-0.000166954,0.000477713,-0.000263388,-3.42489e-05,-0.000139415,-0.000141529,-6.68143e-05,8.16719e-06,-4.88902e-05,0.000228519,-4.69734e-05,-4.72513e-05,-0.000208153,-8.53394e-05,-0.000243469,-3.99076e-05,0.000137644,0.000326768,3.2854e-05,-1.36044e-05,-0.000105157,0.00147171,-1.46581e-06,-0.000396357,2.50851e-05,-6.2655e-05,-1.18182e-05,7.50757e-05,-0.000167306,-2.34481e-05,-1.73651e-05,-0.000860964,0.000168206,-2.43716e-05,0.00021724
0.103998,3.52612e-05,0.000190042,-6.50346e-05,-0.000100435,0.000390885,5.349e-05,-9.82399e-06,9.4881e-05,0.000190829,-0.000126058,-0.000223314,-0.000250606,0.000730354,-6.19288e-05,1.59538e-05,4.17688e-05,0.000341962,-0.000467218,0.000312628,-4.552e-05,-0.000454975,-0.000782253,0.000598708,0.000210846,9.69705e-06,-0.000112973,0.000764383,-0.000249846,-1.00513e-05,-7.27746e-05,-0.000248614,0.000440924,-0.000100763,-0.000196446,0.000488347,-0.000299004,-3.57377e-05,-0.000136587,-0.000168789,-0.000103106,3.84318e-05,-3.81195e-05,0.000222545,-6.77575e-05,-5.0099e-05,-0.000193505,-0.000158292,-0.000284302,-5.85961e-05,0.000133615,0.00033027,2.70832e-05,-7.46934e-05,-0.000152909,0.00150912,-8.57164e-06,-0.000400796,3.44921e-05,-8.1199e-05,-1.87522e-05,6.78588e-05,-0.000162283,-3.38361e-05,9.55984e-06,-0.00101814,0.000163557,1.59529e-05,0.000233113
0.104998,6.15435e-05,0.000187794,-7.02326e-05,-0.000116813,0.000403158,6.5097e-05,-2.63406e-05,0.000108468,8.79908e-05,-0.000126865,-0.000297815,-0.000316684,0.000614876,-9.68383e-05,1.86331e-05,5.52213e-05,0.000314027,-0.000473925,0.000258107,-7.79464e-05,-0.000462583,-0.000857129,0.000596402,0.000211749,-7.16481e-06,-0.00014314,0.000650236,-0.000296466,-4.0839e-05,-9.1682e-05,-0.00028024,0.000435849,-9.15373e-05,-0.00022407,0.000499883,-0.000331723,-3.74861e-05,-0.000132055,-0.00019526,-0.00013892,6.9074e-05,-2.68038e-05,0.000216195,-8.77987e-05,-5.26062e-05,-0.000176997,-0.000226041,-0.000322925,-7.85827e-05,0.00012894,0.000332841,2.18488e-05,-0.000133873,-0.000198814,0.0015362,-1.52692e-05,-0.000401327,4.36582e-05,-9.76788e-05,-2.48447e-05,6.02602e-05,-0.000156211,-4.39126e-05,3.48697e-05,-0.0011713,0.000158878,5.78787e-05,0.000247559
0.105998,8.62845e-05,0.000184807,-7.45455e-05,-0.000132251,0.000417736,7.57981e-05,-4.2227e-05,0.000122074,-1.6844e-05,-0.000126713,-0.00036896,-0.000379527,0.000496886,-0.000129164,2.15291e-05,6.75802e-05,0.000285685,-0.000477366,0.000204328,-0.000110445,-0.00046528,-0.000924868,0.000588903,0.0002132,-2.29474e-05,-0.000172189,0.00053246,-0.000340636,-7.07346e-05,-0.000109674,-0.000312409,0.000428602,-8.17882e-05,-0.000249619,0.000512226,-0.000361261,-3.95444e-05,-0.000125975,-0.000220761,-0.000173997,9.98942e-05,-1.5002e-05,0.000209446,-0.00010694,-5.47127e-05,-0.000158831,-0.000287773,-0.000359033,-9.98239e-05,0.000123644,0.000334447,1.71617e-05,-0.000190759,-0.000242555,0.00155178,-2.15114e-05,-0.000397867,5.25181e-05,-0.0001118,-3.00494e-05,5.23198e-05,-0.000149133,-5.36057e-05,5.84526e-05,-0.00131934,0.000154212,0.000101148,0.000260411
0.106998,0.000109315,0.000181033,-7.7897e-05,-0.000146636,0.000434676,8.55145e-05,-5.73883e-05,0.000135588,-0.000123105,-0.000125579,-0.000436257,-0.000438687,0.000377022,-0.000158708,2.46241e-05,7.87624e-05,0.000257044,-0.000477562,0.000151634,-0.000142673,-0.000462812,-0.000984855,0.000576305,0.000214992,-3.75646e-05,-0.000199914,0.000411641,-0.000382039,-9.95486e-05,-0.000126625,-0.000344898,0.00041922,-7.15986e-05,-0.000272897,0.000525262,-0.000387352,-4.19555e-05,-0.000118524,-0.000245111,-0.000208082,0.000130686,-2.77842e-06,0.000202268,-0.000125034,-5.63653e-05,-0.000139225,-0.000342808,-0.000392332,-0.000122205,0.000117747,0.000335058,1.30236e-05,-0.000244985,-0.00028383,0.00155473,-2.72556e-05,-0.00039038,6.10076e-05,-0.000123323,-3.43308e-05,4.40792e-05,-0.000141099,-6.28452e-05,8.02269e-05,-0.00146117,0.000149587,0.000145483,0.000271508
0.107998,0.000130483,0.000176425,-8.02329e-05,-0.000159861,0.000453906,9.41759e-05,-7.17403e-05,0.0001489,-0.000230205,-0.000123446,-0.000499242,-0.000493743,0.000255924,-0.00018532,2.78931e-05,8.87015e-05,0.000228204,-0.000474551,0.000100345,-0.000174259,-0.000454972,-0.00103653,0.000558754,0.000216883,-5.09455e-05,-0.000226115,0.000288372,-0.000420374,-0.000127101,-0.000142413,-0.000377466,0.000407733,-6.10519e-05,-0.000293727,0.000538857,-0.000409749,-4.47514e-05,-0.000109889,-0.000268136,-0.000240921,0.00016124,9.798e-06,0.000194626,-0.000141941,-5.75192e-05,-0.000118411,-0.000390605,-0.000422544,-0.000145539,0.00011127,0.00033464,9.42725e-06,-0.000296211,-0.000322356,0.00154403,-3.24643e-05,-0.000378879,6.90642e-05,-0.000132067,-3.76642e-05,3.5581e-05,-0.000132165,-7.15633e-05,0.00010014,-0.00159572,0.000145022,0.000190583,0.000280698
0.108998,0.000149657,0.000170944,-8.15216e-05,-0.000171827,0.000475218,0.000101722,-8.52098e-05,0.0001619,-0.000337539,-0.000120306,-0.000557491,-0.000544308,0.000134228,-0.000208896,3.13038e-05,9.73475e-05,0.000199253,-0.000468385,5.0754e-05,-0.000204816,-0.000441601,-0.00107942,0.00053645,0.000218597,-6.30342e-05,-0.000250604,0.000163247,-0.000455365,-0.000153226,-0.00015693,-0.000409858,0.000394163,-5.02317e-05,-0.000311949,0.000552851,-0.000428238,-4.79494e-05,-0.000100267,-0.000289667,-0.000272271,0.000191341,2.26539e-05,0.000186482,-0.000157532,-5.81393e-05,-9.66323e-05,-0.000430779,-0.000449415,-0.00016957,0.000104232,0.000333162,6.35769e-06,-0.000344126,-0.000357872,0.00151879,-3.71051e-05,-0.000363423,7.66283e-05,-0.000137918,-4.00362e-05,2.6869e-05,-0.000122396,-7.96957e-05,0.000118169,-0.00172195,0.000140527,0.000236131,0.00028784
0.109998,0.000166729,0.000164556,-8.1754e-05,-0.000182447,0.000498269,0.000108105,-9.77363e-05,0.000174477,-0.000444494,-0.000116161,-0.00061062,-0.000590037,1.25583e-05,-0.00022938,3.48174e-05,0.000104666,0.000170269,-0.000459133,3.12588e-06,-0.000233944,-0.000422597,-0.0011131,0.000509646,0.00021984,-7.37889e-05,-0.000273207,3.68586e-05,-0.000486762,-0.000177771,-0.000170075,-0.000441802,0.000378531,-3.9221e-05,-0.000327429,0.000567059,-0.000442641,-5.1549e-05,-8.98572e-05,-0.000309544,-0.000301896,0.000220774,3.57122e-05,0.000177802,-0.000171689,-5.8201e-05,-7.41398e-05,-0.000463097,-0.00047272,-0.000193978,9.66519e-05,0.000330595,3.79295e-06,-0.00038845,-0.000390145,0.00147829,-4.11513e-05,-0.000344122,8.36438e-05,-0.000140825,-4.14444e-05,1.7988e-05,-0.000111861,-8.71827e-05,0.000134316,-0.00183884,0.000136102,0.000281791,0.00029281
0.110998,0.000181612,0.00015724,-8.09426e-05,-0.000191646,0.000522587,0.000113287,-0.000109272,0.000186525,-0.000550448,-0.000111018,-0.000658296,-0.00063063,-0.000108478,-0.000246754,3.8388e-05,0.000110638,0.000141318,-0.00044688,-4.23103e-05,-0.00026124,-0.000397925,-0.00113723,0.000478646,0.000220301,-8.31817e-05,-0.000293766,-9.02062e-05,-0.000514345,-0.0002006,-0.000181765,-0.000473011,0.000360859,-2.81025e-05,-0.000340056,0.000581263,-0.000452823,-5.55283e-05,-7.88594e-05,-0.000327615,-0.00032958,0.000249325,4.88924e-05,0.000168553,-0.000184303,-5.76912e-05,-5.11864e-05,-0.000487483,-0.000492266,-0.000218387,8.85475e-05,0.000326906,1.70515e-06,-0.000428936,-0.000418975,0.001422,-4.45819e-05,-0.000321131,9.00591e-05,-0.000140803,-4.18977e-05,8.98353e-06,-0.000100637,-9.397e-05,0.000148607,-0.00194544,0.000131744,0.000327211,0.000295504
0.111998,0.000194246,0.000148986,-7.91202e-05,-0.000199364,0.000547573,0.000117245,-0.000119783,0.00019794,-0.000654773,-0.000104895,-0.00070024,-0.000665835,-0.000228294,-0.000261043,4.1964e-05,0.000115259,0.000112454,-0.000431729,-8.53619e-05,-0.000286306,-0.000367619,-0.00115155,0.0004438,0.000219666,-9.11974e-05,-0.000312143,-0.00021737,-0.000537928,-0.000221594,-0.000191927,-0.000503185,0.000341171,-1.69578e-05,-0.000349748,0.000595218,-0.000458698,-5.98425e-05,-6.74696e-05,-0.000343736,-0.00035512,0.000276783,6.21112e-05,0.000158713,-0.000195278,-5.66078e-05,-2.80255e-05,-0.000504013,-0.000507901,-0.000242371,7.99396e-05,0.000322066,6.16439e-08,-0.000465375,-0.000444192,0.00134959,-4.73817e-05,-0.000294649,9.58279e-05,-0.000137935,-4.14163e-05,-9.81797e-08,-8.88043e-05,-0.000100009,0.000161091,-0.00204085,0.000127443,0.000372029,0.000295841
0.112998,0.000204597,0.000139801,-7.63387e-05,-0.000205558,0.000572516,0.000119967,-0.000129249,0.00020862,-0.00075684,-9.78179e-05,-0.00073623,-0.000695456,-0.000346332,-0.000272303,4.54882e-05,0.000118537,8.37169e-05,-0.000413803,-0.000125876,-0.00030876,-0.00033179,-0.0011559,0.000405501,0.000217627,-9.78334e-05,-0.00032822,-0.000344064,-0.00055736,-0.000240654,-0.000200506,-0.000532012,0.000319499,-5.86738e-06,-0.000356448,0.000608645,-0.000460232,-6.44213e-05,-5.58762e-05,-0.000357775,-0.000378335,0.00030294,7.52831e-05,0.000148266,-0.000204527,-5.49598e-05,-4.90662e-06,-0.000512907,-0.000519513,-0.000265469,7.08505e-05,0.000316042,-1.17379e-06,-0.000497595,-0.000465667,0.001261,-4.95421e-05,-0.000264919,0.000100909,-0.000132362,-4.00307e-05,-9.21065e-06,-7.64502e-05,-0.00010526,0.000171837,-0.00212421,0.000123188,0.00041587,0.000293763
0.113998,0.000212655,0.000129706,-7.26664e-05,-0.000210198,0.000596607,0.000121457,-0.000137661,0.000218468,-0.000856022,-8.98187e-05,-0.000766103,-0.000719352,-0.000462062,-0.000280626,4.88988e-05,0.000120491,5.51367e-05,-0.000393241,-0.000163739,-0.000328242,-0.000290628,-0.0011502,0.000364179,0.000213889,-0.000103099,-0.000341901,-0.000469733,-0.000572529,-0.000257703,-0.000207463,-0.000559169,0.000295883,5.08989e-06,-0.000360133,0.000621232,-0.000457449,-6.91684e-05,-4.42568e-05,-0.000369611,-0.000399069,0.000327596,8.83209e-05,0.00013721,-0.000211978,-5.27667e-05,1.79272e-05,-0.000514523,-0.000527035,-0.000287196,6.13052e-05,0.000308802,-2.03978e-06,-0.000525464,-0.000483307,0.00115642,-5.10603e-05,-0.00023222,0.000105269,-0.000124287,-3.77822e-05,-1.83072e-05,-6.36639e-05,-0.000109688,0.000180927,-0.00219477,0.000118965,0.000458355,0.000289242
0.114998,0.00021844,0.000118736,-6.8186e-05,-0.000213273,0.000618957,0.000121731,-0.000145023,0.00022739,-0.000951695,-8.09379e-05,-0.000789761,-0.00073744,-0.000574988,-0.000286126,5.213e-05,0.000121154,2.6731e-05,-0.000370204,-0.000198881,-0.000344425,-0.000244408,-0.00113443,0.000320297,0.00020818,-0.000107013,-0.000353113,-0.000593833,-0.000583358,-0.00027268,-0.000212776,-0.000584324,0.000270379,1.58371e-05,-0.000360808,0.000632637,-0.000450426,-7.39611e-05,-3.27763e-05,-0.000379136,-0.000417185,0.000350558,0.000101136,0.000125555,-0.000217571,-5.00576e-05,4.02425e-05,-0.000509338,-0.000530447,-0.000307056,5.1332e-05,0.000300312,-2.57621e-06,-0.000548891,-0.000497059,0.00103634,-5.194e-05,-0.000196869,0.000108879,-0.000113961,-3.47216e-05,-2.73411e-05,-5.05378e-05,-0.000113267,0.00018846,-0.00225182,0.00011476,0.000499101,0.000282278
0.115998,0.000221993,0.000106947,-6.29918e-05,-0.000214792,0.000638619,0.000120819,-0.000151354,0.000235297,-0.00104324,-7.12226e-05,-0.000807164,-0.000749694,-0.000684647,-0.000288943,5.51136e-05,0.000120565,-1.49166e-06,-0.000344868,-0.000231272,-0.000357022,-0.000193491,-0.00110871,0.000274341,0.000200259,-0.000109607,-0.000361808,-0.000715831,-0.000589814,-0.000285548,-0.000216441,-0.000607142,0.000243059,2.62995e-05,-0.000358507,0.000642487,-0.000439301,-7.86515e-05,-2.1584e-05,-0.000386251,-0.000432574,0.000371645,0.00011364,0.000113324,-0.000221259,-4.68697e-05,6.18178e-05,-0.000497935,-0.000529775,-0.000324558,4.09633e-05,0.000290536,-2.82316e-06,-0.000567823,-0.000506909,0.000901495,-5.21912e-05,-0.000159213,0.000111718,-0.000101685,-3.09088e-05,-3.62662e-05,-3.71662e-05,-0.000115981,0.00019454,-0.00229477,0.000110559,0.000537725,0.000272903
0.116998,0.000223381,9.44083e-05,-5.71869e-05,-0.000214775,0.00065461,0.000118763,-0.000156678,0.000242104,-0.00113005,-6.07267e-05,-0.000818337,-0.000756147,-0.000790611,-0.000289234,5.77799e-05,0.000118773,-2.95312e-05,-0.000317433,-0.000260923,-0.000365795,-0.000138322,-0.0010732,0.000226819,0.000189921,-0.000110919,-0.000367962,-0.000835206,-0.000591899,-0.000296289,-0.000218469,-0.000627283,0.000214011,3.64052e-05,-0.000353295,0.000650384,-0.000424265,-8.30674e-05,-1.08124e-05,-0.000390873,-0.000445151,0.000390686,0.000125744,0.000100556,-0.00022301,-4.32472e-05,8.24456e-05,-0.000480987,-0.000525092,-0.000339227,3.02359e-05,0.000279437,-2.81994e-06,-0.000582248,-0.000512881,0.000752939,-5.183e-05,-0.000119624,0.000113773,-8.77944e-05,-2.64123e-05,-4.50366e-05,-2.3644e-05,-0.00011782,0.00019928,-0.00232308,0.00010635,0.000573851,0.00026118
0.117998,0.000222697,8.12038e-05,-5.08807e-05,-0.000213262,0.000665939,0.000115618,-0.000161032,0.000247732,-0.00121154,-4.951e-05,-0.000823361,-0.000756884,-0.000892488,-0.000287171,6.00589e-05,0.000115836,-5.73935e-05,-0.000288111,-0.000287884,-0.000370559,-7.94307e-05,-0.00102818,0.000178247,0.000177006,-0.000111,-0.000371573,-0.000951443,-0.000589656,-0.000304903,-0.000218887,-0.000644411,0.000183346,4.60853e-05,-0.000345263,0.000655904,-0.000405565,-8.70158e-05,-5.75819e-07,-0.000392931,-0.000454857,0.000407522,0.000137359,8.73032e-05,-0.000222806,-3.92396e-05,0.000101935,-0.000459233,-0.000516514,-0.000350623,1.91911e-05,0.000266976,-2.6043e-06,-0.000592191,-0.000515038,0.000591985,-5.08786e-05,-7.84999e-05,0.000115035,-7.26574e-05,-2.13079e-05,-5.36071e-05,-1.00658e-05,-0.000118784,0.000202796,-0.00233631,0.00010212,0.000607108,0.0002472
0.118998,0.000220049,6.74324e-05,-4.41857e-05,-0.000210308,0.000671633,0.00011145,-0.00016446,0.000252104,-0.00128711,-3.76377e-05,-0.000822376,-0.000752046,-0.000989919,-0.000282936,6.1882e-05,0.000111816,-8.5089e-05,-0.000257134,-0.000312237,-0.000371191,-1.74273e-05,-0.000973989,0.000129146,0.000161402,-0.000109906,-0.000372664,-0.00106404,-0.000583162,-0.000311411,-0.000217741,-0.000658193,0.000151199,5.52745e-05,-0.000334533,0.000658604,-0.000383498,-9.02861e-05,9.02988e-06,-0.000392365,-0.000461657,0.00042201,0.000148399,7.36323e-05,-0.000220642,-3.48996e-05,0.000120112,-0.00043346,-0.000504201,-0.00035835,7.87528e-06,0.00025311,-2.21183e-06,-0.000597714,-0.000513478,0.000420215,-4.93653e-05,-3.62529e-05,0.000115507,-5.66613e-05,-1.56782e-05,-6.19335e-05,3.47512e-06,-0.000118881,0.000205202,-0.00233415,9.78616e-05,0.000637142,0.000231088
0.119998,0.000215569,5.3205e-05,-3.72151e-05,-0.00020598,0.000670764,0.000106335,-0.00016701,0.00025515,-0.00135622,-2.51805e-05,-0.000815574,-0.000741824,-0.00108257,-0.000276718,6.31833e-05,0.000106783,-0.00011263,-0.000224747,-0.000334101,-0.00036763,4.70038e-05,-0.000911052,8.00317e-05,0.00014305,-0.000107702,-0.000371277,-0.00117249,-0.00057253,-0.000315849,-0.000215086,-0.000668305,0.000117725,6.39115e-05,-0.000321245,0.00065803,-0.000358403,-9.26546e-05,1.79277e-05,-0.00038913,-0.000465539,0.000434021,0.000158777,5.9621e-05,-0.000216531,-3.02818e-05,0.000136823,-0.000404482,-0.00048835,-0.000362071,-3.66015e-06,0.000237799,-1.67549e-06,-0.000598915,-0.000508333,0.000239457,-4.73237e-05,6.6912e-06,0.000115192,-4.02054e-05,-9.61131e-06,-6.99729e-05,1.68883e-05,-0.000118127,0.000206609,-0.00231634,9.35675e-05,0.000663614,0.000212996
0.120998,0.000209403,3.86422e-05,-3.00803e-05,-0.00020036,0.000662478,0.000100357,-0.000168737,0.000256802,-0.00141832,-1.22132e-05,-0.000803197,-0.00072645,-0.00117016,-0.00026871,6.39013e-05,0.000100808,-0.000140029,-0.00019121,-0.000353617,-0.000359885,0.000113111,-0.000839868,3.14101e-05,0.000121946,-0.00010446,-0.000367477,-0.0012763,-0.000557907,-0.000318271,-0.000210995,-0.000674436,8.31059e-05,7.19392e-05,-0.000305567,0.000653716,-0.000330661,-9.389e-05,2.60589e-05,-0.000383194,-0.000466516,0.000443442,0.00016841,4.53579e-05,-0.000210499,-2.54409e-05,0.000151934,-0.000373118,-0.000469195,-0.000361517,-1.53589e-05,0.000221,-1.02545e-06,-0.000595923,-0.000499764,5.17563e-05,-4.47927e-05,4.98996e-05,0.000114106,-2.36915e-05,-3.19986e-06,-7.76832e-05,3.00868e-05,-0.000116546,0.000207123,-0.00228273,8.92336e-05,0.000686204,0.000193103
0.121998,0.00020171,2.38727e-05,-2.28881e-05,-0.000193539,0.000646022,9.36087e-05,-0.000169696,0.000256998,-0.0014729,1.18512e-06,-0.000785527,-0.000706202,-0.0012524,-0.000259104,6.39804e-05,9.39706e-05,-0.000167295,-0.00015679,-0.000370954,-0.000348031,0.000180085,-0.000760998,-1.62326e-05,9.81449e-05,-0.000100258,-0.000361345,-0.00137498,-0.000539468,-0.000318743,-0.00020555,-0.000676293,4.75469e-05,7.93056e-05,-0.000287683,0.000645198,-0.000300685,-9.37594e-05,3.33825e-05,-0.000374539,-0.000464621,0.000450174,0.000177219,3.09397e-05,-0.000202588,-2.04296e-05,0.000165332,-0.000340174,-0.000446999,-0.000356499,-2.716e-05,0.000202672,-2.89114e-07,-0.000588896,-0.000487958,-0.000140656,-4.18163e-05,9.29372e-05,0.000112267,-7.51493e-06,3.45995e-06,-8.50239e-05,4.2988e-05,-0.000114169,0.000206841,-0.0022333,8.48581e-05,0.000704618,0.000171612
0.122998,0.000192663,9.03071e-06,-1.57396e-05,-0.000185616,0.000620766,8.61889e-05,-0.000169943,0.000255679,-0.00151948,1.49317e-05,-0.000762888,-0.000681389,-0.00132904,-0.000248091,6.33726e-05,8.63512e-05,-0.000194434,-0.000121766,-0.000386292,-0.000332213,0.00024707,-0.000675067,-6.2435e-05,7.1758e-05,-9.51808e-05,-0.000352982,-0.00146802,-0.000517416,-0.000317345,-0.000198844,-0.000673602,1.12765e-05,8.59638e-05,-0.000267795,0.000632018,-0.000268913,-9.20349e-05,3.98742e-05,-0.000363161,-0.000459905,0.000454138,0.000185125,1.64684e-05,-0.000192852,-1.52981e-05,0.000176924,-0.000306421,-0.000422051,-0.000346911,-3.89977e-05,0.000182775,5.08675e-07,-0.000578019,-0.000473128,-0.000335402,-3.84427e-05,0.000135371,0.000109699,7.94446e-06,1.02695e-05,-9.19561e-05,5.55151e-05,-0.000111033,0.000205846,-0.00216808,8.04417e-05,0.000718589,0.000148747
0.123998,0.000182441,-5.747e-06,-8.72742e-06,-0.0001767,0.000586232,7.82007e-05,-0.000169534,0.00025279,-0.0015576,2.89409e-05,-0.000735634,-0.000652353,-0.00139985,-0.000235859,6.20391e-05,7.80346e-05,-0.000221447,-8.64196e-05,-0.000399826,-0.000312643,0.000313179,-0.000582749,-0.000106767,4.29535e-05,-8.93165e-05,-0.000342499,-0.00155494,-0.000491975,-0.000314166,-0.000190976,-0.000666117,-2.5455e-05,9.18726e-05,-0.00024612,0.000613732,-0.000235802,-8.85004e-05,4.55249e-05,-0.000349069,-0.000452439,0.000455267,0.000192056,2.0488e-06,-0.000181363,-1.0092e-05,0.00018664,-0.00027258,-0.000394658,-0.000332737,-5.08024e-05,0.000161274,1.34515e-06,-0.000563502,-0.000455503,-0.000529994,-3.47241e-05,0.000176777,0.000106432,2.23301e-05,1.71289e-05,-9.84421e-05,6.75973e-05,-0.000107182,0.000204214,-0.00208723,7.59874e-05,0.000727881,0.000124748
0.124998,0.000171227,-2.03231e-05,-1.93528e-06,-0.000166902,0.00054211,6.97503e-05,-0.000168521,0.000248279,-0.00158686,4.31243e-05,-0.000704145,-0.000619459,-0.00146463,-0.000222589,5.99516e-05,6.91081e-05,-0.000248324,-5.10344e-05,-0.000411752,-0.000289597,0.000377504,-0.000484762,-0.000148836,1.19548e-05,-8.27586e-05,-0.000330024,-0.00163523,-0.000463394,-0.000309305,-0.000182054,-0.000653621,-6.23769e-05,9.69968e-05,-0.000222883,0.000589918,-0.000201817,-8.29596e-05,5.03388e-05,-0.000332286,-0.000442307,0.000453514,0.000197942,-1.22152e-05,-0.000168202,-4.85215e-06,0.000194433,-0.000239307,-0.000365146,-0.000314054,-6.25006e-05,0.000138143,2.199e-06,-0.000545571,-0.00043533,-0.000721886,-3.07158e-05,0.000216741,0.0001025,3.53165e-05,2.3938e-05,-0.000104446,7.91708e-05,-0.000102665,0.000202004,-0.00199101,7.15003e-05,0.000732287,9.98691e-05
0.125998,0.00015921,-3.45627e-05,4.56361e-06,-0.000156338,0.000488274,6.09458e-05,-0.000166952,0.0002421,-0.00160689,5.73912e-05,-0.00066882,-0.000583091,-0.00152316,-0.000208454,5.70936e-05,5.96623e-05,-0.000275049,-1.58937e-05,-0.000422267,-0.000263411,0.000439137,-0.000381862,-0.00018829,-2.09632e-05,-7.56032e-05,-0.000315692,-0.00170839,-0.000431934,-0.000302866,-0.000172189,-0.000635928,-9.92012e-05,0.000101307,-0.00019832,0.000560186,-0.000167425,-7.52422e-05,5.43325e-05,-0.000312853,-0.000429607,0.000448844,0.000202721,-2.62234e-05,-0.000153466,3.86437e-07,0.000200276,-0.000207178,-0.000333845,-0.000291028,-7.40161e-05,0.00011336,3.04956e-06,-0.000524474,-0.000412865,-0.00090852,-2.64758e-05,0.000254866,9.79406e-05,4.66152e-05,3.05974e-05,-0.000109933,9.0179e-05,-9.75347e-05,0.00019926,-0.00187975,6.69873e-05,0.00073164,7.43743e-05
0.126998,0.000146575,-4.83353e-05,1.0707e-05,-0.000145124,0.000424799,5.18956e-05,-0.000164869,0.000234209,-0.00161734,7.1649e-05,-0.000630074,-0.000543645,-0.00157526,-0.000193621,5.34619e-05,4.979e-05,-0.000301595,1.87237e-05,-0.000431558,-0.000234473,0.000497182,-0.000274832,-0.000224822,-5.54782e-05,-6.79491e-05,-0.000299647,-0.00177394,-0.000397873,-0.000294958,-0.000161497,-0.000612892,-0.000135625,0.000104782,-0.00017267,0.000524187,-0.000133088,-6.52122e-05,5.7532e-05,-0.000290823,-0.000414451,0.00044124,0.000206333,-3.98826e-05,-0.000137261,5.59446e-06,0.000204163,-0.000176682,-0.000301092,-0.000263915,-8.52698e-05,8.69181e-05,3.87591e-06,-0.000500468,-0.000388374,-0.00108737,-2.20643e-05,0.000290774,9.27959e-05,5.5981e-05,3.70096e-05,-0.00011487,0.000100573,-9.18479e-05,0.000196015,-0.00175389,6.24568e-05,0.000725805,4.85303e-05
0.127998,0.000133506,-6.15174e-05,1.64441e-05,-0.000133375,0.000351963,4.27067e-05,-0.000162309,0.000224566,-0.00161796,8.58035e-05,-0.00058833,-0.000501529,-0.00162072,-0.000178247,4.90673e-05,3.95868e-05,-0.000327922,5.2547e-05,-0.000439798,-0.00020322,0.000550776,-0.000164475,-0.000258172,-9.12249e-05,-5.98965e-05,-0.000282039,-0.00183137,-0.000361498,-0.000285695,-0.000150092,-0.000584407,-0.000171335,0.000107405,-0.000146175,0.000481617,-9.92539e-05,-5.27738e-05,5.99719e-05,-0.000266267,-0.000396956,0.000430696,0.000208726,-5.31096e-05,-0.000119703,1.07483e-05,0.00020611,-0.000148214,-0.000267221,-0.000233057,-9.61813e-05,5.88238e-05,4.65589e-06,-0.000473824,-0.000362124,-0.001256,-1.75425e-05,0.000324114,8.71097e-05,6.32157e-05,4.30797e-05,-0.000119227,0.000110312,-8.56638e-05,0.000192286,-0.00161398,5.79181e-05,0.000714686,2.26043e-05
0.128998,0.000120183,-7.39944e-05,2.17352e-05,-0.000121205,0.000270257,3.34841e-05,-0.000159301,0.000213135,-0.00160852,9.97593e-05,-0.000544011,-0.000457148,-0.00165938,-0.000162479,4.39356e-05,2.91508e-05,-0.000353982,8.53158e-05,-0.000447142,-0.000170127,0.000599104,-5.16094e-05,-0.000288132,-0.000127802,-5.15461e-05,-0.000263021,-0.0018802,-0.000323101,-0.000275188,-0.00013809,-0.00055041,-0.00020601,0.000109168,-0.000119076,0.000432233,-6.63484e-05,-3.78779e-05,6.16925e-05,-0.000239272,-0.00037725,0.000417223,0.000209855,-6.58343e-05,-0.000100919,1.58296e-05,0.000206153,-0.000122068,-0.00023256,-0.000198869,-0.000106669,2.91005e-05,5.3651e-06,-0.000444819,-0.000334383,-0.0014121,-1.29722e-05,0.00035456,8.09281e-05,6.8172e-05,4.87167e-05,-0.000122973,0.000119363,-7.90434e-05,0.000188076,-0.00146062,5.33813e-05,0.000698222,-3.14158e-06
0.129998,0.000106777,-8.56621e-05,2.65518e-05,-0.000108724,0.000180376,2.43292e-05,-0.000155866,0.000199888,-0.00158885,0.00011342,-0.000497542,-0.000410909,-0.00169104,-0.000146457,3.81075e-05,1.85821e-05,-0.000379714,0.000116784,-0.000453717,-0.000135698,0.000641417,6.2944e-05,-0.000314542,-0.000164777,-4.29979e-05,-0.000242748,-0.00191995,-0.000282982,-0.000263552,-0.000125604,-0.000510884,-0.000239325,0.000110069,-9.16119e-05,0.000375853,-3.47714e-05,-2.05274e-05,6.2739e-05,-0.000209943,-0.000355466,0.000400843,0.00020968,-7.80019e-05,-8.10404e-05,2.08244e-05,0.000204347,-9.84417e-05,-0.000197428,-0.000161836,-0.000116651,-2.20836e-06,5.97591e-06,-0.000413734,-0.000305418,-0.00155355,-8.41492e-06,0.000381815,7.42989e-05,7.07553e-05,5.3834e-05,-0.00012608,0.000127699,-7.20485e-05,0.000183377,-0.00129453,4.88562e-05,0.000676393,-2.84542e-05
0.130998,9.34504e-05,-9.64284e-05,3.08759e-05,-9.6036e-05,8.32204e-05,1.53389e-05,-0.000152019,0.0001848,-0.00155886,0.000126688,-0.000449339,-0.000363212,-0.00171551,-0.000130309,3.16395e-05,7.98331e-06,-0.000405046,0.000146722,-0.000459625,-0.000100459,0.000677045,0.000178363,-0.000337293,-0.000201696,-3.43506e-05,-0.000221376,-0.00195017,-0.000241441,-0.000250897,-0.000112746,-0.000465859,-0.000270957,0.000110114,-6.40154e-05,0.000312369,-4.8893e-06,-7.81448e-07,6.31591e-05,-0.000178404,-0.000331742,0.00038159,0.00020817,-8.95746e-05,-6.02073e-05,2.57222e-05,0.000200766,-7.74321e-05,-0.000162129,-0.000122499,-0.000126046,-3.5036e-05,6.45662e-06,-0.000380853,-0.000275488,-0.00167842,-3.93124e-06,0.000405618,6.72711e-05,7.09245e-05,5.83502e-05,-0.000128522,0.000135301,-6.47414e-05,0.000178171,-0.0011165,4.43523e-05,0.000649214,-5.30941e-05
0.131998,8.03571e-05,-0.000106214,3.46991e-05,-8.32402e-05,-2.01244e-05,6.60479e-06,-0.000147765,0.000167855,-0.0015185,0.000139467,-0.000399808,-0.000314448,-0.00173263,-0.000114156,2.4603e-05,-2.5415e-06,-0.000429894,0.000174919,-0.000464934,-6.49461e-05,0.000705418,0.000293833,-0.000356324,-0.000238089,-2.57e-05,-0.00019906,-0.00197041,-0.000198775,-0.000237332,-9.9622e-05,-0.000415417,-0.000300588,0.000109314,-3.65136e-05,0.000241752,2.29695e-05,2.12413e-05,6.30016e-05,-0.000144798,-0.000306219,0.000359508,0.000205301,-0.000100534,-3.85629e-05,3.05144e-05,0.000195501,-5.90446e-05,-0.000126949,-8.14442e-05,-0.000134775,-6.92906e-05,6.7707e-06,-0.000346459,-0.000244845,-0.00178507,4.20016e-07,0.00042574,5.98944e-05,6.86918e-05,6.21899e-05,-0.000130273,0.000142157,-5.71832e-05,0.000172431,-0.000927404,3.98773e-05,0.000616737,-7.6839e-05
0.132998,6.76378e-05,-0.000114955,3.80217e-05,-7.04281e-05,-0.000128399,-1.78763e-06,-0.000143105,0.000149044,-0.00146781,0.000151657,-0.00034934,-0.000264994,-0.0017422,-9.8108e-05,1.70841e-05,-1.28867e-05,-0.000454165,0.000201187,-0.000469679,-2.9696e-05,0.000726075,0.000408551,-0.000371623,-0.000273477,-1.71384e-05,-0.000175951,-0.00198028,-0.00015528,-0.000222963,-8.63332e-05,-0.000359689,-0.000327911,0.00010769,-9.32452e-06,0.000164056,4.85183e-05,4.53608e-05,6.23156e-05,-0.000109287,-0.000279044,0.000334654,0.000201056,-0.00011088,-1.6254e-05,3.51932e-05,0.00018866,-4.31991e-05,-9.21544e-05,-3.92904e-05,-0.000142759,-0.000104852,6.87633e-06,-0.000310832,-0.00021373,-0.00187213,4.58245e-06,0.000441992,5.22188e-05,6.41216e-05,6.52843e-05,-0.000131311,0.000148259,-4.94342e-05,0.000166126,-0.000728199,3.54371e-05,0.000579049,-9.94872e-05
0.133998,5.54214e-05,-0.000122599,4.08517e-05,-5.76841e-05,-0.000240193,-9.7595e-06,-0.000138032,0.00012837,-0.00140689,0.000163161,-0.000298312,-0.000215215,-0.00174404,-8.22683e-05,9.18245e-06,-2.2946e-05,-0.000477758,0.00022536,-0.000473857,4.76391e-06,0.000738675,0.000521728,-0.00038322,-0.000307383,-8.75362e-06,-0.000152198,-0.00197939,-0.000111248,-0.000207889,-7.29759e-05,-0.000298859,-0.000352632,0.000105266,1.73436e-05,7.94281e-05,7.15154e-05,7.13358e-05,6.11485e-05,-7.20545e-05,-0.000250361,0.000307093,0.00019543,-0.000120634,6.57055e-06,3.97502e-05,0.000180366,-2.9739e-05,-5.79905e-05,3.32622e-06,-0.000149924,-0.000141572,6.72611e-06,-0.000274248,-0.000182373,-0.00193853,8.50279e-06,0.000454221,4.42939e-05,5.73276e-05,6.75716e-05,-0.000131614,0.000153605,-4.15522e-05,0.000159217,-0.000519914,3.10341e-05,0.000536271,-0.000120861
0.134998,4.38242e-05,-0.00012911,4.32033e-05,-4.50849e-05,-0.000353969,-1.7239e-05,-0.000132534,0.000105845,-0.00133591,0.000173882,-0.000247081,-0.000165455,-0.00173799,-6.67307e-05,1.01016e-06,-3.26128e-05,-0.00050056,0.000247298,-0.000477434,3.79257e-05,0.000743007,0.000632595,-0.000391189,-0.000339339,-6.2765e-07,-0.000127945,-0.00196744,-6.69625e-05,-0.000192208,-5.964e-05,-0.000233162,-0.000374478,0.000102076,4.32936e-05,-1.18934e-05,9.17662e-05,9.88644e-05,5.95461e-05,-3.3304e-05,-0.000220319,0.000276903,0.000188423,-0.000129834,2.97608e-05,4.41742e-05,0.000170754,-1.84428e-05,-2.46794e-05,4.57645e-05,-0.000156199,-0.000179269,6.26712e-06,-0.000236979,-0.00015099,-0.00198354,1.21316e-05,0.000462315,3.61692e-05,4.84697e-05,6.89976e-05,-0.000131163,0.000158195,-3.35929e-05,0.00015167,-0.000303654,2.66667e-05,0.000488557,-0.000140808
0.135998,3.29492e-05,-0.000134466,4.50961e-05,-3.26993e-05,-0.000468096,-2.41618e-05,-0.000126595,8.14976e-05,-0.00125513,0.000183722,-0.000195985,-0.000116043,-0.00172387,-5.15811e-05,-7.31017e-06,-4.17816e-05,-0.000522453,0.000266887,-0.000480339,6.93102e-05,0.000738996,0.000740404,-0.00039564,-0.00036889,7.16367e-06,-0.000103331,-0.00194415,-2.27004e-05,-0.00017601,-4.6409e-05,-0.000162884,-0.000393197,9.81578e-05,6.83399e-05,-0.000109572,0.000109124,0.000127587,5.75511e-05,6.73849e-06,-0.000189069,0.000244168,0.000180045,-0.000138538,5.31668e-05,4.84507e-05,0.000159971,-9.03656e-06,7.58061e-06,8.73926e-05,-0.000161518,-0.000217733,5.44134e-06,-0.000199286,-0.000119786,-0.00200677,1.54236e-05,0.000466201,2.78935e-05,3.77493e-05,6.95161e-05,-0.00012994,0.000162033,-2.56088e-05,0.00014345,-8.05912e-05,2.23283e-05,0.000436092,-0.000159203
0.136998,2.28862e-05,-0.000138658,4.65534e-05,-2.0588e-05,-0.000580875,-3.0471e-05,-0.000120196,5.53691e-05,-0.00116486,0.000192586,-0.000145339,-6.72856e-05,-0.00170152,-3.68978e-05,-1.56473e-05,-5.03487e-05,-0.00054331,0.000284038,-0.00048247,9.84754e-05,0.000726705,0.000844428,-0.000396714,-0.000395607,1.45517e-05,-7.84907e-05,-0.0019093,2.12702e-05,-0.00015938,-3.33597e-05,-8.83604e-05,-0.000408566,9.35558e-05,9.23096e-05,-0.000213174,0.000123489,0.000157091,5.52032e-05,4.78262e-05,-0.000156762,0.000208985,0.000170315,-0.000146819,7.66392e-05,5.256e-05,0.000148176,-1.20759e-06,3.86147e-05,0.000127601,-0.000165818,-0.00025672,4.18639e-06,-0.000161422,-8.89475e-05,-0.00200817,1.83385e-05,0.000465848,1.95146e-05,2.54049e-05,6.9089e-05,-0.000127932,0.000165121,-1.7649e-05,0.000134525,0.000148035,1.80058e-05,0.00037909,-0.000175951
0.137998,1.37123e-05,-0.00014169,4.76014e-05,-8.80444e-06,-0.000690575,-3.61174e-05,-0.000113318,2.75193e-05,-0.00106549,0.000200378,-9.54376e-05,-1.94726e-05,-0.00167081,-2.27513e-05,-2.3864e-05,-5.82135e-05,-0.000562999,0.00029869,-0.0004837,0.000125025,0.000706335,0.000943965,-0.000394585,-0.000419092,2.14753e-05,-5.35524e-05,-0.00186277,6.46904e-05,-0.0001424,-2.05624e-05,-9.97707e-06,-0.000420393,8.83199e-05,0.000115043,-0.000322166,0.00013481,0.000186917,5.25389e-05,8.9691e-05,-0.00012355,0.000171462,0.000159262,-0.000154762,0.00010003,5.64762e-05,0.000135533,5.38178e-06,6.82714e-05,0.000165813,-0.000169045,-0.000295958,2.43667e-06,-0.000123634,-5.86499e-05,-0.00198801,2.08412e-05,0.000461264,1.10794e-05,1.1706e-05,6.76869e-05,-0.000125127,0.000167466,-9.75926e-06,0.000124872,0.000380921,1.36788e-05,0.000317794,-0.000190984
0.138998,5.49182e-06,-0.00014358,4.82676e-05,2.60537e-06,-0.000795469,-4.10592e-05,-0.000105941,-1.97315e-06,-0.000957489,0.000207007,-4.65549e-05,2.71279e-05,-0.00163161,-9.20465e-06,-3.18193e-05,-6.528e-05,-0.000581383,0.000310809,-0.000483875,0.000148615,0.000678224,0.00103833,-0.000389446,-0.000438982,2.78818e-05,-2.86395e-05,-0.00180448,0.000107312,-0.000125145,-8.08105e-06,7.18348e-05,-0.000428521,8.25046e-05,0.000136392,-0.000435918,0.000143081,0.000216566,4.95911e-05,0.000132044,-8.95881e-05,0.000131716,0.000146922,-0.000162462,0.000123192,6.01668e-05,0.000122214,1.10799e-05,9.64214e-05,0.0002015,-0.000171148,-0.000335143,1.24876e-07,-8.61547e-05,-2.90527e-05,-0.00194692,2.2902e-05,0.000452499,2.63358e-06,-3.05301e-06,6.5289e-05,-0.000121516,0.000169069,-1.98129e-06,0.000114478,0.000616709,9.31877e-06,0.000252474,-0.000204263
0.139998,-1.72285e-06,-0.000144353,4.85803e-05,1.36021e-05,-0.00089387,-4.52623e-05,-9.80468e-05,-3.30084e-05,-0.00084139,0.000212382,1.05738e-06,7.22672e-05,-0.00158385,3.68673e-06,-3.93717e-05,-7.14583e-05,-0.000598321,0.000320387,-0.000482827,0.00016896,0.000642836,0.00112688,-0.000381513,-0.000454958,3.37266e-05,-3.86984e-06,-0.00173446,0.000148895,-0.000107688,4.02681e-06,0.0001566,-0.000432829,7.61693e-05,0.000156225,-0.000553707,0.000148339,0.000245506,4.63894e-05,0.000174577,-5.50337e-05,8.98799e-05,0.000133343,-0.000170019,0.000145979,6.3592e-05,0.000108393,1.62324e-05,0.000122957,0.000234187,-0.000172085,-0.000373948,-2.81613e-06,-4.92079e-05,-3.02073e-07,-0.00188579,2.44973e-05,0.000439641,-5.77825e-06,-1.85589e-05,6.18834e-05,-0.000117096,0.000169931,5.64687e-06,0.000103339,0.000853983,4.88755e-06,0.000183423,-0.000215774
0.140998,-7.89088e-06,-0.000144047,4.85673e-05,2.41524e-05,-0.000984161,-4.86997e-05,-8.96208e-05,-6.5464e-05,-0.000717788,0.000216419,4.71681e-05,0.000115716,-0.00152744,1.58748e-05,-4.63821e-05,-7.66662e-05,-0.000613665,0.000327439,-0.000480377,0.000185836,0.000600753,0.00120895,-0.000371013,-0.000466751,3.89737e-05,2.06438e-05,-0.00165281,0.000189214,-9.00951e-05,1.57093e-05,0.0002438,-0.000433238,6.93769e-05,0.000174421,-0.000674718,0.000150659,0.000273187,4.2961e-05,0.000216964,-2.00456e-05,4.60986e-05,0.000118581,-0.000177534,0.000168248,6.67046e-05,9.42479e-05,2.11687e-05,0.000147789,0.000263463,-0.000171821,-0.00041202,-6.45114e-06,-1.3006e-05,2.74695e-05,-0.00180582,2.56092e-05,0.000422817,-1.41128e-05,-3.44866e-05,5.74672e-05,-0.000111865,0.000170049,1.3091e-05,9.14659e-05,0.00109128,3.37034e-07,0.000110961,-0.000225531
0.141998,-1.29823e-05,-0.000142707,4.82553e-05,3.42285e-05,-0.00106483,-5.13518e-05,-8.06526e-05,-9.91937e-05,-0.000587338,0.000219034,9.15659e-05,0.000157262,-0.00146238,2.73192e-05,-5.2717e-05,-8.08307e-05,-0.000627265,0.000332006,-0.000476341,0.000199087,0.000552663,0.00128395,-0.000358187,-0.000474144,4.35957e-05,4.47935e-05,-0.00155972,0.00022805,-7.24314e-05,2.69202e-05,0.000332882,-0.00042971,6.21937e-05,0.000190873,-0.000798052,0.000150157,0.000299046,3.933e-05,0.00025886,1.52142e-05,5.33921e-07,0.000102698,-0.000185103,0.000189856,6.9451e-05,7.99526e-05,2.61911e-05,0.000170847,0.000288986,-0.000170327,-0.00044899,-1.08401e-05,2.22504e-05,5.41423e-05,-0.00170845,2.62257e-05,0.000402191,-2.2328e-05,-5.05055e-05,5.20468e-05,-0.00010583,0.000169418,2.03205e-05,7.88828e-05,0.00132709,-4.39158e-06,3.54334e-05,-0.000233567
0.142998,-1.69773e-05,-0.000140385,4.76692e-05,4.38074e-05,-0.00113452,-5.32054e-05,-7.11376e-05,-0.000134026,-0.000450752,0.000220151,0.000134058,0.000196714,-0.00138869,3.79872e-05,-5.82518e-05,-8.38902e-05,-0.000638967,0.000334148,-0.000470542,0.000208625,0.000499343,0.00135127,-0.000343277,-0.000476974,4.75731e-05,6.84757e-05,-0.00145551,0.000265197,-5.47578e-05,3.7618e-05,0.000423256,-0.000422249,5.46887e-05,0.000205488,-0.000922736,0.000146976,0.000322525,3.55191e-05,0.000299908,5.0581e-05,-4.66354e-05,8.57683e-05,-0.000192815,0.000210658,7.1771e-05,6.56797e-05,3.15636e-05,0.000192076,0.000310487,-0.000167584,-0.000484473,-1.60355e-05,5.63723e-05,7.96086e-05,-0.00159534,2.63408e-05,0.000377963,-3.0383e-05,-6.62864e-05,4.56374e-05,-9.89998e-05,0.000168026,2.73084e-05,6.56289e-05,0.00155987,-9.36806e-06,-4.27935e-05,-0.000239937
0.143998,-1.98656e-05,-0.000137139,4.68319e-05,5.28702e-05,-0.00119202,-5.42542e-05,-6.10775e-05,-0.000169764,-0.000308789,0.000219701,0.000174471,0.000233895,-0.00130643,4.7854e-05,-6.28737e-05,-8.57955e-05,-0.000648615,0.000333948,-0.000462813,0.00021443,0.000441644,0.00141032,-0.00032653,-0.00047514,5.08942e-05,9.15912e-05,-0.00134054,0.000300461,-3.71333e-05,4.77659e-05,0.000514302,-0.000410908,4.69328e-05,0.000218186,-0.00104772,0.000141291,0.000343078,3.15494e-05,0.00033974,8.58869e-05,-9.5211e-05,6.78729e-05,-0.000200744,0.000230513,7.36002e-05,5.15953e-05,3.75044e-05,0.000211434,0.000327777,-0.000163582,-0.000518077,-2.20795e-05,8.91827e-05,0.000103772,-0.00146832,2.5954e-05,0.000350368,-3.82382e-05,-8.15073e-05,3.82636e-05,-9.13901e-05,0.000165859,3.40306e-05,5.17591e-05,0.00178804,-1.46731e-05,-0.000123328,-0.000244711
0.144998,-2.16459e-05,-0.000133029,4.57639e-05,6.14011e-05,-0.00123631,-5.44983e-05,-5.04817e-05,-0.000206185,-0.000162253,0.000217622,0.000212646,0.000268645,-0.00121573,5.69025e-05,-6.64852e-05,-8.65119e-05,-0.000656047,0.000331504,-0.000453008,0.00021655,0.000380466,0.00146055,-0.000308191,-0.000468602,5.35542e-05,0.000114045,-0.00121532,0.000333656,-1.96151e-05,5.73313e-05,0.000605375,-0.000395782,3.89982e-05,0.000228901,-0.00117192,0.000133298,0.000360183,2.74411e-05,0.000377977,0.000120961,-0.000144973,4.91008e-05,-0.000208943,0.000249277,7.48707e-05,3.78577e-05,4.41784e-05,0.000228893,0.000340741,-0.000158316,-0.000549407,-2.90011e-05,0.000120517,0.000126546,-0.00132937,2.50704e-05,0.000319668,-4.58551e-05,-9.586e-05,2.99593e-05,-8.30233e-05,0.000162895,4.0466e-05,3.73435e-05,0.00201001,-2.03977e-05,-0.000205755,-0.000247968
0.145998,-2.23256e-05,-0.000128122,4.4483e-05,6.93875e-05,-0.00126661,-5.39439e-05,-3.93671e-05,-0.000243042,-1.19845e-05,0.000213861,0.000248441,0.00030082,-0.00111679,6.5124e-05,-6.90062e-05,-8.60203e-05,-0.000661099,0.00032693,-0.000441009,0.000215099,0.000316742,0.00150141,-0.000288499,-0.000457378,5.55547e-05,0.000135744,-0.00108041,0.000364609,-2.25896e-06,6.6285e-05,0.000695808,-0.00037701,3.09578e-05,0.000237578,-0.00129416,0.000123214,0.000373361,2.32145e-05,0.000414236,0.000155628,-0.00019568,2.95486e-05,-0.000217444,0.000266803,7.55136e-05,2.46147e-05,5.16932e-05,0.000244434,0.000349341,-0.000151793,-0.000578073,-3.68134e-05,0.000150222,0.000147855,-0.00118054,2.37002e-05,0.000286158,-5.31965e-05,-0.000109055,2.07673e-05,-7.39282e-05,0.00015911,4.6596e-05,2.24672e-05,0.00222414,-2.66426e-05,-0.000289635,-0.000249797
0.146998,-2.19199e-05,-0.000122484,4.30046e-05,7.68186e-05,-0.00128234,-5.26029e-05,-2.77589e-05,-0.000280062,0.000141149,0.000208376,0.000281731,0.000330292,-0.00100984,7.25174e-05,-7.03775e-05,-8.43183e-05,-0.000663603,0.000320353,-0.000426734,0.000210254,0.000251415,0.00153237,-0.000267686,-0.000441549,5.69026e-05,0.0001566,-0.000936479,0.000393158,1.48801e-05,7.46013e-05,0.000784919,-0.000354778,2.2884e-05,0.000244178,-0.00141328,0.000111267,0.000382178,1.88899e-05,0.000448134,0.000189713,-0.000247063,9.31987e-06,-0.000226248,0.000282947,7.54612e-05,1.20014e-05,6.00969e-05,0.000258046,0.000353612,-0.000144029,-0.000603696,-4.55107e-05,0.000178159,0.000167632,-0.00102394,2.18583e-05,0.000250158,-6.02261e-05,-0.000120827,1.07396e-05,-6.41409e-05,0.000154477,5.2404e-05,7.22922e-06,0.00242882,-3.3516e-05,-0.000374505,-0.000250288
0.147998,-2.04522e-05,-0.000116183,4.13419e-05,8.36855e-05,-0.00128317,-5.04932e-05,-1.56901e-05,-0.000316951,0.000296255,0.000201136,0.000312403,0.000356945,-0.000895203,7.90897e-05,-7.0562e-05,-8.14215e-05,-0.00066339,0.00031191,-0.00041014,0.00020225,0.000185414,0.00155294,-0.000245976,-0.000421257,5.76088e-05,0.000176528,-0.000784285,0.000419151,3.17474e-05,8.22573e-05,0.000872012,-0.00032931,1.48485e-05,0.000248673,-0.00152806,9.76994e-05,0.000386266,1.44888e-05,0.000479291,0.000223035,-0.000298829,-1.14752e-05,-0.000235326,0.00029756,7.46494e-05,1.38684e-07,6.93772e-05,0.000269726,0.00035366,-0.000135046,-0.000625915,-5.50664e-05,0.000204199,0.000185819,-0.000861717,1.95637e-05,0.000212009,-6.69091e-05,-0.000130938,-6.26034e-08,-5.37048e-05,0.000148965,5.78747e-05,-8.25887e-06,0.00262242,-4.11324e-05,-0.000459875,-0.000249532
0.148998,-1.79535e-05,-0.000109285,3.9506e-05,8.99807e-05,-0.00126901,-4.76383e-05,-3.20155e-06,-0.000353394,0.000452428,0.000192125,0.000340358,0.000380679,-0.000773261,8.48559e-05,-6.95471e-05,-7.73638e-05,-0.000660287,0.000301746,-0.000391231,0.000191372,0.000119634,0.00156263,-0.000223582,-0.000396699,5.76874e-05,0.000195444,-0.000624653,0.000442451,4.82887e-05,8.92328e-05,0.000956386,-0.000300874,6.92104e-06,0.000251049,-0.0016373,8.27565e-05,0.000385322,1.00336e-05,0.000507333,0.000255414,-0.000350656,-3.27204e-05,-0.000244612,0.000310491,7.30202e-05,-1.08691e-05,7.9464e-05,0.000279476,0.000349651,-0.000124879,-0.000644394,-6.5431e-05,0.000228228,0.000202365,-0.000695959,1.68392e-05,0.000172075,-7.32113e-05,-0.000139184,-1.15693e-05,-4.26709e-05,0.00014254,6.29942e-05,-2.38745e-05,0.00280331,-4.96095e-05,-0.000545231,-0.000247611
0.149998,-1.44624e-05,-0.000101859,3.75062e-05,9.56974e-05,-0.00124004,-4.40671e-05,9.65891e-06,-0.00038906,0.000608751,0.00018134,0.000365512,0.00040141,-0.000644467,8.9838e-05,-6.73456e-05,-7.21976e-05,-0.000654119,0.000290011,-0.000370062,0.000177953,5.49172e-05,0.00156099,-0.000200702,-0.000368127,5.71547e-05,0.000213269,-0.000458479,0.000462929,6.44496e-05,9.55102e-05,0.00103734,-0.000269774,-8.31112e-07,0.000251305,-0.00173978,6.66868e-05,0.000379128,5.54844e-06,0.0005319,0.000286667,-0.000402196,-5.42942e-05,-0.000254004,0.000321588,7.05248e-05,-2.09355e-05,9.02328e-05,0.000287304,0.000341809,-0.000113569,-0.00065883,-7.65303e-05,0.000250146,0.000217228,-0.000528704,1.3711e-05,0.000130734,-7.91002e-05,-0.000145394,-2.37016e-05,-3.10977e-05,0.00013517,6.77491e-05,-3.9486e-05,0.00296992,-5.90648e-05,-0.000630035,-0.000244599
0.150998,-1.00254e-05,-9.39689e-05,3.53509e-05,0.00010083,-0.00119664,-3.98141e-05,2.2837e-05,-0.000423603,0.000764307,0.000168797,0.000387792,0.000419066,-0.000509343,9.40654e-05,-6.39966e-05,-6.59937e-05,-0.000644711,0.000276857,-0.00034674,0.000162362,-7.96811e-06,0.0015476,-0.000177524,-0.000335843,5.60273e-05,0.000229925,-0.00028672,0.000480469,8.01754e-05,0.000101074,0.00111417,-0.000236348,-8.34408e-06,0.000249455,-0.00183433,4.97375e-05,0.000367547,1.05904e-06,0.000552652,0.000316613,-0.000453071,-7.60702e-05,-0.000263364,0.0003307,6.71257e-05,-2.99927e-05,0.00010151,0.000293221,0.000330406,-0.000101168,-0.000668955,-8.82646e-05,0.000269863,0.000230374,-0.000361891,1.02077e-05,8.83764e-05,-8.45443e-05,-0.000149435,-3.63722e-05,-1.90513e-05,0.000126826,7.21264e-05,-5.49552e-05,0.00312066,-6.96121e-05,-0.000713721,-0.000240556
0.151998,-4.69702e-06,-8.56793e-05,3.30474e-05,0.000105373,-0.00113945,-3.49189e-05,3.62731e-05,-0.000456668,0.00091818,0.000154527,0.000407142,0.00043359,-0.000368478,9.75736e-05,-5.95652e-05,-5.88407e-05,-0.00063189,0.000262439,-0.000321426,0.000144999,-6.83428e-05,0.00152212,-0.000154222,-0.000300192,5.43217e-05,0.000245338,-0.000110378,0.00049497,9.54117e-05,0.000105911,0.0011862,-0.000200962,-1.55581e-05,0.000245524,-0.0019198,3.2152e-05,0.000350539,-3.40701e-06,0.000569268,0.000345072,-0.000502875,-9.79181e-05,-0.000272512,0.000337674,6.27995e-05,-3.79934e-05,0.000113081,0.000297244,0.000315756,-8.7736e-05,-0.000674546,-0.000100508,0.000287305,0.000241776,-0.000197337,6.36044e-06,4.54028e-05,-8.95132e-05,-0.000151213,-4.94852e-05,-6.60519e-06,0.000117478,7.61129e-05,-7.01394e-05,0.00325403,-8.1357e-05,-0.0007957,-0.000235527
0.152997,1.46001e-06,-7.70518e-05,3.06029e-05,0.000109322,-0.00106932,-2.94266e-05,4.99032e-05,-0.000487896,0.00106946,0.000138582,0.000423514,0.000444941,-0.000222529,0.000100404,-5.41424e-05,-5.08441e-05,-0.000615484,0.00024691,-0.000294335,0.000126284,-0.000125631,0.0014842,-0.000130955,-0.000261562,5.20528e-05,0.000259439,6.95039e-05,0.000506343,0.000110104,0.000110011,0.00125274,-0.00016401,-2.24183e-05,0.000239552,-0.00199509,1.4167e-05,0.000328154,-7.82043e-06,0.000581456,0.000371865,-0.000551177,-0.000119704,-0.000281234,0.000342361,5.7539e-05,-4.49103e-05,0.000124697,0.000299392,0.000298202,-7.33431e-05,-0.000675426,-0.000113111,0.000302412,0.000251416,-3.67065e-05,2.20191e-06,2.21818e-06,-9.39781e-05,-0.000150671,-6.29368e-05,6.1605e-06,0.000107108,7.96949e-05,-8.4894e-05,0.00336855,-9.4392e-05,-0.000875361,-0.000229538
0.153997,8.37449e-06,-6.8146e-05,2.8025e-05,0.000112674,-0.00098729,-2.33873e-05,6.36599e-05,-0.000516927,0.00121726,0.000121031,0.000436878,0.000453095,-7.22138e-05,0.000102603,-4.78434e-05,-4.21243e-05,-0.000595329,0.000230417,-0.000265729,0.00010665,-0.000179369,0.00143361,-0.000107872,-0.000220371,4.92331e-05,0.000272158,0.000251858,0.00051451,0.000124197,0.000113365,0.00131314,-0.000125906,-2.88753e-05,0.000231593,-0.00205916,-3.98895e-06,0.00030054,-1.21503e-05,0.00058896,0.000396817,-0.00059752,-0.00014129,-0.000289282,0.000344614,5.1355e-05,-5.0737e-05,0.000136084,0.000299688,0.000278111,-5.80676e-05,-0.000671469,-0.000125896,0.000315137,0.000259283,0.0001185,-2.23386e-06,-4.07717e-05,-9.79118e-05,-0.000147795,-7.66156e-05,1.91593e-05,9.57013e-05,8.28582e-05,-9.90752e-05,0.00346283,-0.000108792,-0.000952069,-0.000222593
0.154997,1.59664e-05,-5.90193e-05,2.53217e-05,0.000115426,-0.000894575,-1.68565e-05,7.74741e-05,-0.000543407,0.00136069,0.000101966,0.000447217,0.000458041,8.16926e-05,0.00010422,-4.0806e-05,-3.28151e-05,-0.000571268,0.000213107,-0.000235918,8.65315e-05,-0.000229214,0.00137016,-8.51051e-05,-0.000177065,4.5872e-05,0.000283434,0.000435602,0.000519413,0.000137638,0.000115968,0.00136678,-8.70759e-05,-3.48861e-05,0.000221712,-0.00211106,-2.20971e-05,0.00026794,-1.63646e-05,0.000591557,0.000419761,-0.000641426,-0.000162539,-0.000296377,0.000344294,4.42775e-05,-5.54872e-05,0.000146954,0.000298161,0.000255864,-4.19969e-05,-0.000662605,-0.000138667,0.000325448,0.000265373,0.000266963,-6.91186e-06,-8.3164e-05,-0.000101289,-0.000142604,-9.0403e-05,3.22993e-05,8.32558e-05,8.55877e-05,-0.000112542,0.00353557,-0.000124607,-0.00102517,-0.000214678
0.155997,2.41468e-05,-4.97272e-05,2.25023e-05,0.000117576,-0.00079254,-9.89461e-06,9.12755e-05,-0.000566994,0.00149889,8.14986e-05,0.000454527,0.000459787,0.000238363,0.000105308,-3.31883e-05,-2.30612e-05,-0.000543157,0.000195118,-0.000205252,6.63586e-05,-0.000274948,0.00129376,-6.27777e-05,-0.000132106,4.1975e-05,0.000293206,0.000619651,0.000521002,0.000150373,0.000117817,0.00141304,-4.79579e-05,-4.04143e-05,0.000209991,-0.00214993,-3.99491e-05,0.000230689,-2.043e-05,0.000589069,0.000440533,-0.000682398,-0.00018331,-0.000302215,0.000341272,3.63571e-05,-5.91946e-05,0.000157014,0.000294844,0.000231849,-2.5227e-05,-0.000648816,-0.000151207,0.000333329,0.000269694,0.000407551,-1.17964e-05,-0.000124563,-0.000104085,-0.000135158,-0.000104174,4.5484e-05,6.97817e-05,8.78673e-05,-0.000125161,0.00358553,-0.000141859,-0.00109401,-0.000205758
0.156997,3.28174e-05,-4.03232e-05,1.95775e-05,0.000119123,-0.000682664,-2.56692e-06,0.000104994,-0.000587361,0.00163101,5.97617e-05,0.000458821,0.000458361,0.000396924,0.000105921,-2.51653e-05,-1.30154e-05,-0.000510866,0.000176581,-0.00017411,4.65456e-05,-0.000316474,0.00120442,-4.09999e-05,-8.59717e-05,3.75434e-05,0.00030142,0.000802925,0.000519249,0.00016235,0.000118911,0.00145138,-8.99102e-06,-4.54309e-05,0.000196521,-0.002175,-5.7348e-05,0.000189208,-2.43132e-05,0.000581364,0.000458981,-0.000719928,-0.000203461,-0.000306472,0.00033543,2.76651e-05,-6.19114e-05,0.000165977,0.000289775,0.000206449,-7.8624e-06,-0.000630138,-0.000163282,0.000338778,0.000272259,0.000539326,-1.68513e-05,-0.000164584,-0.000106279,-0.000125551,-0.000117798,5.86132e-05,5.53041e-05,8.96804e-05,-0.000136804,0.00361161,-0.000160535,-0.00115789,-0.000195778
0.157997,4.18708e-05,-3.0859e-05,1.65597e-05,0.00012007,-0.000566517,5.05653e-06,0.00011856,-0.000604203,0.00175624,3.69085e-05,0.000460126,0.000453805,0.000556465,0.000106113,-1.69253e-05,-2.83529e-06,-0.00047429,0.000157621,-0.000142895,2.7484e-05,-0.000353816,0.00110223,-1.98709e-05,-3.91415e-05,3.25744e-05,0.000308027,0.000984364,0.000514137,0.000173519,0.000119255,0.00148125,2.9389e-05,-4.99147e-05,0.00018141,-0.00218561,-7.41074e-05,0.000143999,-2.79805e-05,0.000568359,0.000474962,-0.000753497,-0.000222852,-0.000308814,0.000326669,1.8293e-05,-6.37069e-05,0.000173569,0.000283,0.000180042,9.98429e-06,-0.000606662,-0.000174647,0.000341806,0.000273092,0.000661536,-2.20402e-05,-0.000202858,-0.000107851,-0.000113906,-0.000131139,7.15847e-05,3.98645e-05,9.10094e-05,-0.000147354,0.00361282,-0.000180582,-0.00121615,-0.000184668
0.158997,5.11905e-05,-2.1385e-05,1.34634e-05,0.000120419,-0.000445724,1.29013e-05,0.000131905,-0.000617244,0.00187376,1.31124e-05,0.000458487,0.000446183,0.000716047,0.000105938,-8.66627e-06,7.31952e-06,-0.000433345,0.000138352,-0.000112021,9.53477e-06,-0.000387106,0.000987451,5.19993e-07,7.90749e-06,2.70612e-05,0.000312984,0.00116293,0.000505666,0.000183831,0.000118855,0.00150219,6.67566e-05,-5.38522e-05,0.000164775,-0.00218123,-9.00521e-05,9.56328e-05,-3.13993e-05,0.000550024,0.000488342,-0.000782586,-0.000241343,-0.000308903,0.000314909,8.3522e-06,-6.46662e-05,0.000179542,0.000274573,0.000152986,2.81925e-05,-0.000578528,-0.000185051,0.000342443,0.000272227,0.000773615,-2.7326e-05,-0.000239032,-0.000108784,-0.00010038,-0.000144057,8.4295e-05,2.35229e-05,9.18365e-05,-0.000156708,0.0035883,-0.000201904,-0.00126809,-0.000172344
0.159997,6.06513e-05,-1.19503e-05,1.0305e-05,0.000120175,-0.000321938,2.08888e-05,0.000144964,-0.000626238,0.0019828,-1.14345e-05,0.000453964,0.000435578,0.000874708,0.000105447,-5.90933e-07,1.72914e-05,-0.000387983,0.000118882,-8.19013e-05,-6.97905e-06,-0.000416576,0.000860434,2.00933e-05,5.47088e-05,2.09933e-05,0.000316252,0.00133762,0.000493856,0.00019324,0.000117722,0.00151376,0.000102703,-5.72382e-05,0.000146745,-0.00216144,-0.000105017,4.47426e-05,-3.45377e-05,0.000526386,0.000499003,-0.00080668,-0.000258794,-0.000306403,0.000300094,-2.02794e-06,-6.48873e-05,0.000183675,0.000264553,0.000125623,4.66341e-05,-0.000545925,-0.00019424,0.00034073,0.000269706,0.00087517,-3.26716e-05,-0.00027278,-0.000109065,-8.51506e-05,-0.000156411,9.6641e-05,6.35891e-06,9.21436e-05,-0.000164774,0.00353736,-0.000224352,-0.00131304,-0.000158711
0.160997,7.01196e-05,-2.60297e-06,7.1028e-06,0.000119347,-0.000196804,2.89368e-05,0.000157672,-0.000630976,0.00208259,-3.65228e-05,0.000446634,0.000422091,0.00103147,0.000104686,7.0977e-06,2.69282e-05,-0.000338188,9.93083e-05,-5.29366e-05,-2.17778e-05,-0.000442544,0.00072169,3.87786e-05,0.000100813,1.43573e-05,0.0003178,0.00150746,0.000478741,0.000201704,0.00011587,0.00151557,0.000136841,-6.00755e-05,0.000127462,-0.00212595,-0.000118845,-7.9907e-06,-3.73663e-05,0.000497526,0.000506841,-0.000825279,-0.00027507,-0.000300998,0.000282198,-1.27018e-05,-6.44797e-05,0.00018579,0.000253012,9.82666e-05,6.51739e-05,-0.000509079,-0.000201966,0.000336726,0.00026558,0.000965967,-3.8039e-05,-0.000303796,-0.000108683,-6.84199e-05,-0.000168055,0.000108521,-1.15277e-05,9.19132e-05,-0.000171477,0.00345945,-0.00024773,-0.00135035,-0.000143674
0.161997,7.94544e-05,6.60934e-06,3.87732e-06,0.000117946,-7.19358e-05,3.69602e-05,0.000169968,-0.000631288,0.00217238,-6.19277e-05,0.00043659,0.000405844,0.00118537,0.000103698,1.42013e-05,3.60865e-05,-0.000283989,7.97202e-05,-2.55017e-05,-3.46304e-05,-0.000465395,0.000571881,5.65138e-05,0.000145794,7.13836e-06,0.000317605,0.00167154,0.000460372,0.000209183,0.000113319,0.00150731,0.000168815,-6.23748e-05,0.000107074,-0.0020746,-0.00013139,-6.18501e-05,-3.98577e-05,0.000463586,0.000511766,-0.000837902,-0.000290036,-0.000292391,0.000261225,-2.35103e-05,-6.35609e-05,0.000185748,0.000240029,7.12053e-05,8.36704e-05,-0.000468256,-0.00020799,0.000330504,0.000259913,0.00104592,-4.33897e-05,-0.000331807,-0.000107628,-5.04068e-05,-0.000178845,0.000119838,-3.00161e-05,9.11286e-05,-0.000176757,0.0033542,-0.000271784,-0.00137939,-0.000127134
0.162997,8.85083e-05,1.56397e-05,6.50664e-07,0.000115984,5.11164e-05,4.48711e-05,0.000181788,-0.000627044,0.00225143,-8.74116e-05,0.000423943,0.000386979,0.00133541,0.000102521,2.0531e-05,4.46354e-05,-0.000225459,6.01987e-05,6.74387e-08,-4.5358e-05,-0.00048556,0.000411821,7.3245e-05,0.000189254,-6.78975e-07,0.00031565,0.00182896,0.00043882,0.00021564,0.000110093,0.00148871,0.000198301,-6.41544e-05,8.57418e-05,-0.00200736,-0.000142511,-0.000116096,-4.19877e-05,0.000424765,0.000513706,-0.0008441,-0.000303564,-0.000280324,0.000237218,-3.42836e-05,-6.22542e-05,0.000183461,0.000225695,4.46957e-05,0.000101976,-0.000423747,-0.000212091,0.000322149,0.000252774,0.00111506,-4.86837e-05,-0.00035657,-0.000105899,-3.1344e-05,-0.000188638,0.000130497,-4.89653e-05,8.97749e-05,-0.000180572,0.00322142,-0.000296207,-0.00139956,-0.000109004
0.163997,9.7129e-05,2.44417e-05,-2.55353e-06,0.000113478,0.000170887,5.258e-05,0.000193073,-0.00061816,0.00231903,-0.000112727,0.00040882,0.000365656,0.00148066,0.000101184,2.59128e-05,5.24599e-05,-0.000162725,4.08169e-05,2.34857e-05,-5.38368e-05,-0.000503502,0.000242487,8.89263e-05,0.000230831,-9.10886e-06,0.000311927,0.0019789,0.00041417,0.000221043,0.000106219,0.00145957,0.000225016,-6.54395e-05,6.36309e-05,-0.00192432,-0.000152075,-0.000169981,-4.37357e-05,0.00038132,0.000512604,-0.000843461,-0.000315528,-0.000264577,0.000210257,-4.48451e-05,-6.06859e-05,0.000178887,0.00021011,1.89635e-05,0.000119939,-0.000375868,-0.000214071,0.000311761,0.000244245,0.00117353,-5.38799e-05,-0.000377873,-0.000103493,-1.14738e-05,-0.000197295,0.000140411,-6.82142e-05,8.78391e-05,-0.000182896,0.00306114,-0.000320635,-0.0014103,-8.92098e-05
0.164997,0.00010516,3.29691e-05,-5.71043e-06,0.000110447,0.000286017,5.99965e-05,0.000203759,-0.000604596,0.00237447,-0.000137619,0.000391364,0.000342053,0.00162016,9.97102e-05,3.01915e-05,5.94632e-05,-9.59705e-05,2.16407e-05,4.45308e-05,-5.99991e-05,-0.000519688,6.50159e-05,0.000103519,0.000270199,-1.81624e-05,0.000306434,0.00212055,0.000386528,0.000225365,0.000101731,0.00141975,0.00024872,-6.62621e-05,4.09142e-05,-0.00182572,-0.000159954,-0.000222763,-4.50853e-05,0.000333563,0.000508423,-0.000835623,-0.000325808,-0.000244988,0.000180463,-5.50146e-05,-5.89818e-05,0.000172038,0.000193385,-5.79716e-06,0.000137401,-0.000324945,-0.000213759,0.000299453,0.000234415,0.00122158,-5.89352e-05,-0.000395543,-0.000100416,8.95609e-06,-0.000204678,0.000149499,-8.75838e-05,8.53115e-05,-0.000183721,0.00287356,-0.000344652,-0.00141113,-6.76985e-05
0.165997,0.000112445,4.11762e-05,-8.79444e-06,0.000106914,0.000395275,6.70302e-05,0.000213783,-0.000586353,0.00241708,-0.00016183,0.000371733,0.000316365,0.00175301,9.81143e-05,3.32358e-05,6.55697e-05,-2.54376e-05,2.72938e-06,6.30539e-05,-6.38337e-05,-0.000534571,-0.000119296,0.000116993,0.000307073,-2.78458e-05,0.00029918,0.00225317,0.000356015,0.000228583,9.66658e-05,0.00136919,0.000269222,-6.66593e-05,1.77692e-05,-0.00171187,-0.000166026,-0.000273717,-4.60242e-05,0.000281861,0.000501145,-0.00082028,-0.000334292,-0.000221452,0.000148001,-6.46126e-05,-5.72652e-05,0.000162972,0.000175644,-2.94232e-05,0.000154204,-0.000271314,-0.000211019,0.000285351,0.000223381,0.00125948,-6.38043e-05,-0.000409444,-9.66736e-05,2.96963e-05,-0.00021066,0.000157689,-0.000106878,8.21861e-05,-0.000183056,0.00265912,-0.000367795,-0.00140161,-4.44452e-05
0.166997,0.000118825,4.90177e-05,-1.17796e-05,0.000102905,0.000497568,7.35916e-05,0.000223077,-0.000563477,0.00244618,-0.000185103,0.000350101,0.000288803,0.00187834,9.64031e-05,3.49417e-05,7.07267e-05,4.8568e-05,-1.58633e-05,7.89882e-05,-6.53843e-05,-0.000548569,-0.000309001,0.000129324,0.000341211,-3.81578e-05,0.00029018,0.00237602,0.000322771,0.000230677,9.10653e-05,0.00130788,0.000286381,-6.66731e-05,-5.62339e-06,-0.00158323,-0.000170174,-0.000322152,-4.65453e-05,0.000226632,0.000490768,-0.000797191,-0.000340872,-0.000193934,0.000113081,-7.34642e-05,-5.56533e-05,0.000151797,0.000157016,-5.17812e-05,0.000170185,-0.000215308,-0.000205757,0.000269588,0.000211249,0.00128761,-6.84396e-05,-0.000419475,-9.22797e-05,5.04995e-05,-0.000215119,0.000164917,-0.000125888,7.84613e-05,-0.000180929,0.00241847,-0.000389552,-0.00138137,-1.94596e-05
0.167997,0.000124146,5.64492e-05,-1.464e-05,9.84469e-05,0.000591955,7.95934e-05,0.000231566,-0.000536051,0.00246112,-0.000207184,0.000326651,0.000259594,0.00199531,9.45754e-05,3.52364e-05,7.49058e-05,0.000125676,-3.40885e-05,9.23559e-05,-6.47473e-05,-0.000562045,-0.000502507,0.000140497,0.000372415,-4.90881e-05,0.00027946,0.00248842,0.00028695,0.000231633,8.49763e-05,0.0012359,0.000300107,-6.63487e-05,-2.90809e-05,-0.00144036,-0.000172286,-0.000367419,-4.66461e-05,0.000168342,0.000477311,-0.000766191,-0.000345452,-0.000162472,7.59558e-05,-8.14034e-05,-5.42552e-05,0.000138663,0.000137644,-7.27656e-05,0.000185183,-0.000157252,-0.000197916,0.000252312,0.000198129,0.00130634,-7.27905e-05,-0.000425579,-8.72507e-05,7.11238e-05,-0.000217945,0.00017113,-0.000144394,7.41409e-05,-0.00017738,0.00215248,-0.000409379,-0.00135016,7.20767e-06
0.168997,0.000128259,6.3427e-05,-1.73505e-05,9.35718e-05,0.000677651,8.49513e-05,0.000239171,-0.000504197,0.00246128,-0.000227828,0.000301581,0.000228976,0.00210314,9.26216e-05,3.40806e-05,7.81035e-05,0.000205451,-5.19016e-05,0.000103273,-6.20683e-05,-0.00057529,-0.000698091,0.000150502,0.00040053,-6.06147e-05,0.000267054,0.0025897,0.000248726,0.000231443,7.84493e-05,0.0011534,0.000310365,-6.57335e-05,-5.24202e-05,-0.0012839,-0.000172258,-0.000408925,-4.63293e-05,0.000107496,0.000460812,-0.000727194,-0.000347942,-0.000127184,3.69216e-05,-8.82766e-05,-5.3169e-05,0.00012376,0.000117677,-9.22962e-05,0.000199037,-9.74579e-05,-0.00018749,0.000233676,0.000184141,0.00131606,-7.68036e-05,-0.000427734,-8.1608e-05,9.13358e-05,-0.000219037,0.000176284,-0.000162169,6.92343e-05,-0.000172466,0.00186227,-0.000426702,-0.00130778,3.54601e-05
0.169997,0.000131023,6.99089e-05,-1.98867e-05,8.83125e-05,0.000754035,8.95854e-05,0.000245802,-0.000468068,0.00244606,-0.000246804,0.000275099,0.000197196,0.0022011,9.05251e-05,3.14709e-05,8.03414e-05,0.000287394,-6.92609e-05,0.000111951,-5.75369e-05,-0.000588509,-0.000893918,0.00015934,0.000425443,-7.27018e-05,0.000253003,0.00267921,0.000208286,0.000230101,7.15389e-05,0.0010606,0.000317172,-6.48758e-05,-7.54596e-05,-0.00111457,-0.000169991,-0.000446138,-4.56027e-05,4.46402e-05,0.000441326,-0.000680202,-0.000348263,-8.8267e-05,-3.68449e-06,-9.39465e-05,-5.24802e-05,0.000107309,9.7271e-05,-0.000110315,0.000211587,-3.62191e-05,-0.000174518,0.000213841,0.000169405,0.0013172,-8.04224e-05,-0.000425959,-7.5378e-05,0.000110913,-0.000218311,0.000180348,-0.000178982,6.37578e-05,-0.000166258,0.00154918,-0.000440929,-0.00125415,6.51508e-05
0.170997,0.000132305,7.58544e-05,-2.22261e-05,8.27045e-05,0.000820644,9.3421e-05,0.000251359,-0.000427842,0.00241491,-0.000263897,0.00024742,0.000164512,0.00228849,8.82622e-05,2.74406e-05,8.16648e-05,0.000370943,-8.61272e-05,0.000118697,-5.13817e-05,-0.000601807,-0.00108806,0.000167017,0.000447082,-8.52979e-05,0.000237361,0.0027563,0.000165836,0.000227606,6.43031e-05,0.000957792,0.000320597,-6.38231e-05,-9.80198e-05,-0.000933192,-0.000165395,-0.000478599,-4.44789e-05,-1.9649e-05,0.000418926,-0.000625311,-0.000346347,-4.60033e-05,-4.54884e-05,-9.82955e-05,-5.22594e-05,8.95591e-05,7.65879e-05,-0.000126785,0.000222681,2.61931e-05,-0.000159087,0.000192976,0.000154049,0.00131014,-8.35875e-05,-0.000420311,-6.85915e-05,0.000129648,-0.000215698,0.000183297,-0.000194607,5.77344e-05,-0.000158839,0.00121478,-0.000451463,-0.0011893,9.60787e-05
0.171997,0.000131987,8.12252e-05,-2.43479e-05,7.67846e-05,0.000877174,9.63901e-05,0.000255735,-0.00038372,0.00236731,-0.00027891,0.000218765,0.000131185,0.0023647,8.58035e-05,2.20606e-05,8.21419e-05,0.000455478,-0.000102463,0.00012391,-4.38635e-05,-0.000615183,-0.00127851,0.000173547,0.000465412,-9.8334e-05,0.000220186,0.00282035,0.000121593,0.000223963,5.68027e-05,0.00084535,0.000320757,-6.2621e-05,-0.000119925,-0.000740632,-0.000158391,-0.000505926,-4.29754e-05,-8.47698e-05,0.000393705,-0.000562713,-0.000342137,-7.54727e-07,-8.80835e-05,-0.000101228,-5.2561e-05,7.0779e-05,5.57934e-05,-0.000141684,0.000232172,8.95316e-05,-0.000141333,0.000171252,0.000138199,0.00129528,-8.62368e-05,-0.000410887,-6.12839e-05,0.000147345,-0.000211144,0.000185119,-0.00020882,5.11945e-05,-0.000150303,0.000860883,-0.000457715,-0.00111337,0.000127988
0.172997,0.000129965,8.59853e-05,-2.62336e-05,7.05911e-05,0.000923471,9.84323e-05,0.000258806,-0.000335921,0.00230282,-0.000291675,0.000189361,9.74832e-05,0.00242914,8.31149e-05,1.54381e-05,8.18609e-05,0.000540326,-0.000118232,0.000128074,-3.52679e-05,-0.000628525,-0.00146324,0.00017895,0.000480428,-0.000111722,0.000201548,0.00287073,7.57932e-05,0.00021918,4.91012e-05,0.000723718,0.000317817,-6.13114e-05,-0.000141006,-0.00053782,-0.000148914,-0.000527816,-4.11143e-05,-0.000150101,0.00036577,-0.000492701,-0.000335589,4.7038e-05,-0.000131036,-0.000102675,-5.3422e-05,5.12485e-05,3.5055e-05,-0.000155004,0.00023992,0.000153573,-0.000121436,0.000148845,0.000121985,0.00127297,-8.83057e-05,-0.000397816,-5.34954e-05,0.000163829,-0.000204614,0.000185813,-0.000221413,4.41759e-05,-0.000140753,0.000489514,-0.000459118,-0.00102659,0.000160565
0.173997,0.000126155,9.01023e-05,-2.78676e-05,6.4163e-05,0.000959523,9.94955e-05,0.00026044,-0.000284671,0.00222106,-0.000302048,0.000159436,6.36718e-05,0.00248128,8.01588e-05,7.71556e-06,8.0927e-05,0.000624769,-0.000133398,0.000131748,-2.58983e-05,-0.00064161,-0.00164018,0.000183256,0.000492157,-0.000125353,0.000181525,0.00290679,2.86834e-05,0.000213269,4.12641e-05,0.000593412,0.000311984,-5.99314e-05,-0.000161098,-0.000325733,-0.000136915,-0.00054405,-3.89213e-05,-0.000215011,0.000335245,-0.000415668,-0.000326675,9.68604e-05,-0.000173894,-0.000102591,-5.48613e-05,3.12526e-05,1.45397e-05,-0.00016675,0.000245798,0.000218118,-9.96192e-05,0.000125931,0.000105535,0.00124357,-8.9728e-05,-0.000381263,-4.52703e-05,0.00017894,-0.000196095,0.000185383,-0.000232189,3.67241e-05,-0.000130299,0.000102932,-0.000455141,-0.000929351,0.000193443
0.174997,0.000120489,9.35471e-05,-2.92372e-05,5.75398e-05,0.00098545,9.95374e-05,0.000260495,-0.000230203,0.00212172,-0.000309915,0.000129218,3.00163e-05,0.00252067,7.68959e-05,-9.31893e-07,7.94591e-05,0.000708049,-0.000147925,0.000135555,-1.60673e-05,-0.000654105,-0.0018073,0.000186499,0.000500649,-0.000139097,0.000160202,0.00292789,-1.94745e-05,0.000206246,3.33577e-05,0.000455025,0.000303498,-5.85119e-05,-0.000180045,-0.000105392,-0.000122362,-0.000554493,-3.64263e-05,-0.000278862,0.000302271,-0.000332109,-0.000315377,0.000148132,-0.00021619,-0.000100961,-5.68795e-05,1.10737e-05,-5.58765e-06,-0.000176932,0.000249692,0.000282985,-7.61419e-05,0.000102688,8.89779e-05,0.0012074,-9.04367e-05,-0.000361427,-3.66571e-05,0.000192538,-0.000185593,0.000183842,-0.000240976,2.88921e-05,-0.000119058,-0.000296395,-0.000445307,-0.000822116,0.000226203
0.175997,0.000112925,9.62948e-05,-3.03327e-05,5.07609e-05,0.00100149,9.85257e-05,0.000258815,-0.000172747,0.00200462,-0.000315197,9.89341e-05,-3.22248e-06,0.00254689,7.32863e-05,-1.02998e-05,7.75854e-05,0.000789382,-0.000161775,0.000140168,-6.08879e-06,-0.000665578,-0.0019626,0.000188721,0.000505968,-0.000152803,0.000137673,0.00293341,-6.8406e-05,0.000198131,2.54493e-05,0.000309216,0.000292633,-5.70763e-05,-0.000197697,0.000122149,-0.000105248,-0.000559091,-3.36619e-05,-0.000341019,0.000267002,-0.000242616,-0.000301696,0.000200213,-0.000257455,-9.7797e-05,-5.94588e-05,-9.01478e-06,-2.51667e-05,-0.000185568,0.000251502,0.000348009,-5.12957e-05,7.92912e-05,7.24363e-05,0.00116477,-9.03646e-05,-0.000338534,-2.7708e-05,0.0002045,-0.000173135,0.000181211,-0.000247624,2.07395e-05,-0.000107151,-0.000705791,-0.000429206,-0.000705481,0.000258378
0.176997,0.000103442,9.83251e-05,-3.11479e-05,4.38651e-05,0.00100797,9.64389e-05,0.000255241,-0.000112531,0.00186966,-0.000317847,6.88054e-05,-3.57901e-05,0.00255956,6.92915e-05,-2.01583e-05,7.54385e-05,0.000867966,-0.000174912,0.000146292,3.72981e-06,-0.000675507,-0.00210417,0.000189967,0.000508194,-0.0001663,0.00011404,0.00292269,-0.000117825,0.000188948,1.76059e-05,0.000156717,0.000279686,-5.56399e-05,-0.000213915,0.000355804,-8.55925e-05,-0.000557867,-3.06634e-05,-0.000400857,0.000229607,-0.000147875,-0.000285648,0.000252417,-0.000297226,-9.31397e-05,-6.25634e-05,-2.87542e-05,-4.40441e-05,-0.00019268,0.000251148,0.000413032,-2.53965e-05,5.59141e-05,5.6031e-05,0.00111597,-8.94459e-05,-0.000312839,-1.84787e-05,0.000214722,-0.000158772,0.000177515,-0.000252015,1.23329e-05,-9.46994e-05,-0.00112239,-0.00040651,-0.000580144,0.000289463
0.177997,9.20418e-05,9.96228e-05,-3.168e-05,3.68906e-05,0.00100534,9.32672e-05,0.000249606,-4.97743e-05,0.00171689,-0.000317855,3.90483e-05,-6.74414e-05,0.00255837,6.48759e-05,-3.02576e-05,7.3151e-05,0.000942994,-0.000187297,0.000154643,1.30956e-05,-0.000683296,-0.00223021,0.000190289,0.000507414,-0.000179392,8.94127e-05,0.00289511,-0.000167432,0.000178724,9.89364e-06,-1.67718e-06,0.000264969,-5.42086e-05,-0.000228567,0.00059446,-6.34433e-05,-0.000550922,-2.74681e-05,-0.000457767,0.000190265,-4.86622e-05,-0.000267266,0.000304023,-0.000335054,-8.70568e-05,-6.61404e-05,-4.79061e-05,-6.20753e-05,-0.000198293,0.000248568,0.000477896,1.22271e-06,3.27256e-05,3.98768e-05,0.00106128,-8.76176e-05,-0.000284618,-9.02814e-06,0.000223117,-0.000142573,0.000172783,-0.000254062,3.74416e-06,-8.1828e-05,-0.00154316,-0.00037699,-0.000446907,0.000318919
0.178997,7.87541e-05,0.000100178,-3.19295e-05,2.98741e-05,0.000994087,8.90122e-05,0.000241743,1.53157e-05,0.00154651,-0.000315245,9.87059e-06,-9.79419e-05,0.00254303,6.00084e-05,-4.03328e-05,7.08495e-05,0.00101367,-0.000198891,0.000165933,2.17376e-05,-0.000688292,-0.00233907,0.000189743,0.000503713,-0.000191869,6.39081e-05,0.00285005,-0.00021692,0.000167489,2.37698e-06,-0.000165105,0.000248806,-5.27789e-05,-0.000241532,0.000836974,-3.88829e-05,-0.000538423,-2.41145e-05,-0.000511166,0.000149171,5.41655e-05,-0.000246599,0.000354286,-0.000370512,-7.96417e-05,-7.01208e-05,-6.62562e-05,-7.91265e-05,-0.000202431,0.000243723,0.000542435,2.82207e-05,9.88958e-06,2.40823e-05,0.001001,-8.48207e-05,-0.000254172,5.82488e-07,0.000229617,-0.000124634,0.000167045,-0.000253714,-4.94972e-06,-6.86593e-05,-0.00196489,-0.000340526,-0.000306659,0.000346184
0.179997,6.36323e-05,9.99864e-05,-3.19001e-05,2.28509e-05,0.00097478,8.36872e-05,0.000231489,8.25409e-05,0.00135888,-0.000310077,-1.85299e-05,-0.00012707,0.00251333,5.46639e-05,-5.01105e-05,6.86505e-05,0.0010792,-0.000209654,0.000180841,2.94129e-05,-0.000689806,-0.00242926,0.000188386,0.000497177,-0.000203499,3.76502e-05,0.00278691,-0.00026597,0.000155278,-4.88184e-06,-0.000332646,0.00023152,-5.13375e-05,-0.000252699,0.00108218,-1.20302e-05,-0.0005206,-2.06418e-05,-0.0005605,0.000106529,0.000159678,-0.000223717,0.000402455,-0.000403209,-7.1012e-05,-7.44212e-05,-8.36171e-05,-9.50769e-05,-0.000205122,0.000236598,0.000606464,5.52566e-05,-1.24366e-05,8.74888e-06,0.000935405,-8.10021e-05,-0.000221816,1.02897e-05,0.00023417,-0.000105069,0.000160333,-0.00025096,-1.36682e-05,-5.53138e-05,-0.00238423,-0.000297119,-0.000160375,0.000370686
0.180997,4.67549e-05,9.90497e-05,-3.1599e-05,1.58543e-05,0.000948022,7.73175e-05,0.000218687,0.000151714,0.00115454,-0.000302443,-4.59668e-05,-0.000154621,0.00246906,4.88249e-05,-5.93151e-05,6.66545e-05,0.00113886,-0.000219543,0.000199999,3.59131e-05,-0.000687133,-0.00249951,0.00018628,0.000487882,-0.000214039,1.07698e-05,0.00270516,-0.000314254,0.000142128,-1.18237e-05,-0.000503322,0.000213431,-4.98612e-05,-0.000261965,0.00132887,1.69557e-05,-0.000497739,-1.70894e-05,-0.000605252,6.25546e-05,0.000266881,-0.000198706,0.000447781,-0.000432796,-6.13063e-05,-7.89452e-05,-9.98303e-05,-0.00010982,-0.000206394,0.000227204,0.000669768,8.19987e-05,-3.41031e-05,-6.03016e-06,0.000864814,-7.61165e-05,-0.000187881,2.00286e-05,0.000236738,-8.40123e-05,0.00015268,-0.000245825,-2.23284e-05,-4.19082e-05,-0.00279774,-0.000246901,-9.09888e-06,0.000391857
0.181997,2.82245e-05,9.73757e-05,-3.10362e-05,8.91573e-06,0.000914452,6.99396e-05,0.000203196,0.000222656,0.00093421,-0.000292469,-7.22667e-05,-0.000180403,0.00241008,4.24828e-05,-6.76753e-05,6.49418e-05,0.00119194,-0.000228518,0.000223965,4.10691e-05,-0.000679579,-0.00254877,0.000183484,0.000475893,-0.000223233,-1.65961e-05,0.00260431,-0.000361438,0.000128081,-1.83932e-05,-0.000676104,0.000194844,-4.83178e-05,-0.000269239,0.00157581,4.78737e-05,-0.000470171,-1.34961e-05,-0.000644948,1.74722e-05,0.000374732,-0.000171668,0.000489542,-0.000458974,-5.06815e-05,-8.35854e-05,-0.000114767,-0.000123265,-0.000206274,0.000215577,0.000732093,0.000108133,-5.49684e-05,-2.01703e-05,0.00078956,-7.0128e-05,-0.000152708,2.97332e-05,0.000237298,-6.16191e-05,0.000144114,-0.000238377,-3.08463e-05,-2.85545e-05,-0.00320186,-0.000190139,0.00014607,0.00040914
0.182997,8.16657e-06,9.49782e-05,-3.02242e-05,2.06413e-06,0.000874726,6.16011e-05,0.000184895,0.00029519,0.00069882,-0.000280308,-9.72702e-05,-0.000204243,0.00233629,3.56386e-05,-7.49314e-05,6.35682e-05,0.0012378,-0.000236536,0.000253204,4.4755e-05,-0.00066648,-0.00257621,0.00018006,0.000461264,-0.000230815,-4.43043e-05,0.00248394,-0.000407179,0.000113184,-2.45395e-05,-0.000849912,0.000176048,-4.66666e-05,-0.000274438,0.00182173,8.04784e-05,-0.00043827,-9.89964e-06,-0.000679162,-2.84838e-05,0.000482144,-0.000142729,0.000527048,-0.000481499,-3.93097e-05,-8.82256e-05,-0.000128327,-0.000135338,-0.000204793,0.000201783,0.000793137,0.000133373,-7.49001e-05,-3.35963e-05,0.00071001,-6.30122e-05,-0.000116646,3.93373e-05,0.000235844,-3.80606e-05,0.000134664,-0.00022872,-3.91383e-05,-1.53587e-05,-0.00359295,-0.000127243,0.000303987,0.000422009
0.183997,-1.32726e-05,9.18771e-05,-2.91783e-05,-4.67373e-06,0.000829506,5.23599e-05,0.000163689,0.000369139,0.000449507,-0.00026614,-0.000120833,-0.000225989,0.00224761,2.83041e-05,-8.08415e-05,6.25618e-05,0.00127587,-0.000243554,0.000288065,4.68904e-05,-0.000647229,-0.00258129,0.000176068,0.000444032,-0.000236517,-7.22062e-05,0.00234376,-0.000451133,9.7487e-05,-3.02164e-05,-0.00102362,0.000157303,-4.48597e-05,-0.000277489,0.00206531,0.00011448,-0.000402441,-6.33617e-06,-0.000707522,-7.5071e-05,0.000588009,-0.000112028,0.000559661,-0.000500192,-2.73741e-05,-9.27429e-05,-0.000140438,-0.000145983,-0.000201981,0.000185916,0.000852536,0.000157464,-9.37762e-05,-4.62425e-05,0.00062657,-5.47575e-05,-8.00456e-05,4.87747e-05,0.000232377,-1.35243e-05,0.000124353,-0.000216998,-4.7123e-05,-2.41998e-06,-0.00396735,-5.87627e-05,0.000463478,0.000429983
0.184997,-3.59276e-05,8.80983e-05,-2.79158e-05,-1.12735e-05,0.000779453,4.22837e-05,0.000139519,0.000444316,0.000187626,-0.000250166,-0.000142828,-0.000245506,0.00214403,2.05026e-05,-8.51882e-05,6.19196e-05,0.00130567,-0.00024953,0.000328769,4.74427e-05,-0.000621296,-0.00256373,0.000171564,0.000424223,-0.000240072,-0.000100148,0.00218357,-0.000492947,8.10453e-05,-3.53838e-05,-0.00119608,0.000138842,-4.2843e-05,-0.000278331,0.00230517,0.000149542,-0.000363111,-2.83976e-06,-0.000729712,-0.000122039,0.000691203,-7.97229e-05,0.000586809,-0.00051494,-1.50657e-05,-9.70099e-05,-0.000151052,-0.000155162,-0.000197872,0.0001681,0.000909864,0.000180193,-0.000111485,-5.80535e-05,0.000539693,-4.53675e-05,-4.32597e-05,5.79803e-05,0.000226915,1.17894e-05,0.000113202,-0.000203388,-5.47222e-05,1.01701e-05,-0.00432139,1.46121e-05,0.000623358,0.000432638
0.185997,-5.9617e-05,8.36735e-05,-2.64557e-05,-1.77133e-05,0.000725217,3.14487e-05,0.000112364,0.000520516,-8.52546e-05,-0.000232603,-0.000163143,-0.000262678,0.00202557,1.22688e-05,-8.77846e-05,6.16066e-05,0.00132679,-0.000254423,0.000375389,4.64266e-05,-0.00058825,-0.0025235,0.000166604,0.000401846,-0.000241219,-0.000127971,0.00200334,-0.000532271,6.39197e-05,-4.00072e-05,-0.00136609,0.000120861,-4.05589e-05,-0.000276912,0.00253989,0.000185287,-0.000320728,5.57966e-07,-0.000745477,-0.00016913,0.000790604,-4.59902e-05,0.000607993,-0.000525698,-2.57895e-06,-0.000100897,-0.000160141,-0.000162854,-0.000192504,0.000148484,0.00096462,0.000201392,-0.000127925,-6.89834e-05,0.000449879,-3.48619e-05,-6.63713e-06,6.68901e-05,0.000219484,3.76689e-05,0.000101228,-0.000188102,-6.1863e-05,2.23281e-05,-0.0046514,9.20601e-05,0.000782437,0.000429619
0.186997,-8.41458e-05,7.86398e-05,-2.48184e-05,-2.39735e-05,0.000667431,1.99385e-05,8.22532e-05,0.000597505,-0.000367352,-0.00021368,-0.000181684,-0.000277411,0.00189234,3.64917e-06,-8.84796e-05,6.15545e-05,0.00133894,-0.00025819,0.000427839,4.39038e-05,-0.000547775,-0.00246088,0.000161236,0.0003769,-0.000239709,-0.000155514,0.00180319,-0.000568754,4.61768e-05,-4.40588e-05,-0.00153242,0.000103518,-3.79472e-05,-0.000273188,0.00276796,0.000221292,-0.000275748,3.82822e-06,-0.000754626,-0.00021608,0.000885105,-1.1021e-05,0.000622806,-0.000532492,9.89131e-06,-0.000104276,-0.000167696,-0.000169059,-0.000185918,0.000127248,0.00101623,0.000220941,-0.000143008,-7.89968e-05,0.00035768,-2.32782e-05,2.94797e-05,7.54424e-05,0.000210125,6.38944e-05,8.84447e-05,-0.000171376,-6.84789e-05,3.39792e-05,-0.00495378,0.000172636,0.000939542,0.000420659
0.187997,-0.000109309,7.30394e-05,-2.30255e-05,-3.00366e-05,0.000606705,7.84356e-06,4.92689e-05,0.000675012,-0.000656678,-0.000193634,-0.000198373,-0.000289631,0.00174446,-5.29827e-06,-8.71625e-05,6.16624e-05,0.00134191,-0.000260794,0.000485864,3.998e-05,-0.000499689,-0.00237639,0.000155507,0.000349376,-0.000235308,-0.00018261,0.00158344,-0.000602046,2.78893e-05,-4.75176e-05,-0.00169386,8.69343e-05,-3.49483e-05,-0.000267129,0.00298783,0.000257098,-0.000228634,6.94529e-06,-0.000757034,-0.00026262,0.00097363,2.49782e-05,0.000630933,-0.000535413,2.21541e-05,-0.000107019,-0.000173721,-0.00017379,-0.000178162,0.000104595,0.00106404,0.000238771,-0.000156655,-8.80677e-05,0.000263701,-1.06727e-05,6.47581e-05,8.35777e-05,0.000198885,9.02403e-05,7.4863e-05,-0.00015347,-7.4511e-05,4.50574e-05,-0.00522501,0.000255286,0.00109352,0.000405586
0.188997,-0.000134894,6.6919e-05,-2.1099e-05,-3.58872e-05,0.000543622,-4.74085e-06,1.35524e-05,0.000752715,-0.000951048,-0.000172703,-0.00021315,-0.000299283,0.00158215,-1.45047e-05,-8.37671e-05,6.17983e-05,0.00133562,-0.000262196,0.000549036,3.48018e-05,-0.000443949,-0.0022708,0.000149455,0.000319262,-0.000227809,-0.000209091,0.00134462,-0.000631803,9.13675e-06,-5.03696e-05,-0.00184913,7.11871e-05,-3.15051e-05,-0.000258714,0.00319785,0.000292213,-0.000179849,9.88674e-06,-0.000752643,-0.000308475,0.00105514,6.17868e-05,0.000632167,-0.000534618,3.40257e-05,-0.000109006,-0.000178225,-0.000177079,-0.000169291,8.07522e-05,0.00110734,0.000254863,-0.000168801,-9.618e-05,0.000168591,2.87893e-06,9.8878e-05,9.12396e-05,0.000185825,0.000116479,6.04927e-05,-0.000134662,-7.99093e-05,5.55055e-05,-0.00546169,0.000338859,0.00124327,0.000384334
0.189997,-0.000160685,6.03298e-05,-1.90614e-05,-4.15119e-05,0.000478739,-1.77153e-05,-2.46906e-05,0.000830232,-0.0012481,-0.00015112,-0.000225971,-0.000306334,0.00140571,-2.38913e-05,-7.82743e-05,6.18018e-05,0.00132007,-0.00026236,0.00061675,2.85526e-05,-0.000380664,-0.00214512,0.000143114,0.000286545,-0.00021703,-0.000234787,0.00108748,-0.000657691,-9.99423e-06,-5.26082e-05,-0.00199698,5.63155e-05,-2.75657e-05,-0.000247933,0.00339631,0.000326113,-0.00012985,1.26336e-05,-0.000741463,-0.000353366,0.00112867,9.91722e-05,0.000626406,-0.00053032,4.53324e-05,-0.00011012,-0.000181223,-0.000178973,-0.000159365,5.59693e-05,0.00114532,0.000269249,-0.000179391,-0.000103326,7.30493e-05,1.72814e-05,0.000131535,9.83754e-05,0.000171018,0.000142382,4.53438e-05,-0.000115238,-8.46339e-05,6.52754e-05,-0.00566057,0.000422131,0.00138772,0.000356948
0.190997,-0.000186465,5.33264e-05,-1.69353e-05,-4.68986e-05,0.000412583,-3.09779e-05,-6.51871e-05,0.000907108,-0.00154531,-0.00012911,-0.000236809,-0.000310767,0.0012155,-3.337e-05,-7.07136e-05,6.14883e-05,0.00129537,-0.000261253,0.00068823,2.14462e-05,-0.000310098,-0.00200058,0.000136512,0.000251223,-0.000202826,-0.000259527,0.000813021,-0.000679385,-2.94095e-05,-5.42337e-05,-0.00213617,4.23196e-05,-2.3086e-05,-0.000234792,0.00358144,0.000358256,-7.90855e-05,1.51703e-05,-0.000723573,-0.000397012,0.00119329,0.000136891,0.00061366,-0.000522781,5.59137e-05,-0.000110256,-0.000182728,-0.000179532,-0.000148452,3.05122e-05,0.00117714,0.000282001,-0.000188382,-0.000109508,-2.21909e-05,3.24194e-05,0.000162442,0.000104936,0.000154547,0.000167725,2.94281e-05,-9.54887e-05,-8.8655e-05,7.43275e-05,-0.00581862,0.000503824,0.00152586,0.000323596
0.191997,-0.00021202,4.59665e-05,-1.47427e-05,-5.20369e-05,0.00034565,-4.44251e-05,-0.000107595,0.000982807,-0.00184003,-0.000106882,-0.000245653,-0.000312587,0.00101201,-4.28453e-05,-6.11641e-05,6.0654e-05,0.00126175,-0.000258846,0.000762532,1.37214e-05,-0.000232667,-0.00183858,0.00012967,0.000213305,-0.000185094,-0.000283137,0.00052249,-0.000696573,-4.90072e-05,-5.52541e-05,-0.00226544,2.9164e-05,-1.8032e-05,-0.000219308,0.00375139,0.000388087,-2.7995e-05,1.74849e-05,-0.000699118,-0.000439129,0.00124818,0.000174691,0.000594053,-0.000512306,6.56247e-05,-0.00010932,-0.000182747,-0.000178827,-0.000136631,4.66126e-06,0.00120191,0.000293233,-0.000195745,-0.000114735,-0.000116365,4.81587e-05,0.000191335,0.000110876,0.000136506,0.000192289,1.27616e-05,-7.57033e-05,-9.19537e-05,8.26307e-05,-0.00593303,0.00058263,0.00165674,0.000284564
0.192997,-0.000237142,3.83102e-05,-1.25053e-05,-5.69173e-05,0.000278409,-5.79534e-05,-0.000151501,0.0010567,-0.0021295,-8.46289e-05,-0.000252507,-0.000311816,0.000795803,-5.22155e-05,-4.97534e-05,5.90818e-05,0.00121948,-0.000255111,0.000838558,5.6346e-06,-0.000148935,-0.00166067,0.000122603,0.000172824,-0.000163774,-0.000305448,0.000217396,-0.000708964,-6.86775e-05,-5.56842e-05,-0.00238358,1.67811e-05,-1.23824e-05,-0.000201512,0.00390425,0.000415046,2.29975e-05,1.95687e-05,-0.00066831,-0.000479433,0.00129259,0.000212312,0.000567813,-0.000499226,7.43377e-05,-0.000107227,-0.000181279,-0.000176939,-0.000123986,-2.12934e-05,0.0012187,0.000303089,-0.000201459,-0.000119024,-0.000208688,6.43468e-05,0.000217969,0.000116155,0.000117004,0.000215864,-4.6331e-06,-5.61605e-05,-9.45222e-05,9.01617e-05,-0.00600125,0.000657238,0.00177947,0.000240263
0.193997,-0.000261628,3.04196e-05,-1.02438e-05,-6.15312e-05,0.0002113,-7.14598e-05,-0.000196426,0.00112807,-0.00241088,-6.2518e-05,-0.000257388,-0.000308495,0.00056758,-6.13744e-05,-3.66557e-05,5.65484e-05,0.00116897,-0.000250024,0.000915071,-2.54769e-06,-5.96058e-05,-0.00146854,0.000115322,0.000129839,-0.000138858,-0.000326288,-0.000100496,-0.000716286,-8.83026e-05,-5.55458e-05,-0.0024894,5.07659e-06,-6.13056e-06,-0.000181453,0.00403807,0.000438579,7.34831e-05,2.14166e-05,-0.000631424,-0.00051764,0.00132589,0.00024949,0.000535277,-0.000483888,8.19442e-05,-0.00010391,-0.000178311,-0.000173957,-0.000110609,-4.70564e-05,0.00122658,0.000311734,-0.000205517,-0.000122398,-0.000298366,8.08144e-05,0.000242129,0.000120737,9.61632e-05,0.000238249,-2.27244e-05,-3.7123e-05,-9.63633e-05,9.69047e-05,-0.00602106,0.000726358,0.00189323,0.000191219
0.194997,-0.000285289,2.23579e-05,-7.97812e-06,-6.58709e-05,0.000144739,-8.48436e-05,-0.000241822,0.00119609,-0.00268132,-4.06922e-05,-0.000260328,-0.000302679,0.000328159,-7.02133e-05,-2.20893e-05,5.28316e-05,0.00111066,-0.000243565,0.000990712,-1.05562e-05,3.44886e-05,-0.00126395,0.00010783,8.44461e-05,-0.000110393,-0.000345492,-0.000429166,-0.000718293,-0.000107757,-5.48673e-05,-0.00258172,-6.06595e-06,7.13443e-07,-0.000159197,0.00415086,0.00045815,0.00012307,2.30266e-05,-0.000588798,-0.00055347,0.00134753,0.000285959,0.000496876,-0.000466644,8.83556e-05,-9.93147e-05,-0.000173819,-0.000169974,-9.66022e-05,-7.23322e-05,0.00122461,0.000319344,-0.000207921,-0.000124888,-0.000384612,9.73776e-05,0.000263621,0.000124591,7.41178e-05,0.000259258,-4.14689e-05,-1.88311e-05,-9.74897e-05,0.000102851,-0.00599056,0.000788751,0.00199726,0.000138074
0.195997,-0.000307943,1.41889e-05,-5.72677e-06,-6.99287e-05,7.91184e-05,-9.80064e-05,-0.000287086,0.00125984,-0.00293794,-1.92658e-05,-0.000261372,-0.000294442,7.84907e-05,-7.8623e-05,-6.31159e-06,4.77189e-05,0.00104506,-0.000235721,0.00106402,-1.81269e-05,0.000132406,-0.00104871,0.000100129,3.67818e-05,-7.84851e-05,-0.000362895,-0.000766354,-0.000714769,-0.000126907,-5.3683e-05,-0.00265946,-1.67783e-05,8.12157e-06,-0.00013483,0.00424066,0.00047325,0.000171386,2.43995e-05,-0.000540826,-0.000586645,0.00135708,0.000321451,0.000453131,-0.000447833,9.35039e-05,-9.3405e-05,-0.000167765,-0.000165088,-8.20713e-05,-9.68297e-05,0.00121193,0.000326095,-0.000208686,-0.000126527,-0.000466651,0.00011384,0.000282285,0.000127691,5.10183e-05,0.000278719,-6.08093e-05,-1.49742e-06,-9.79236e-05,0.000107998,-0.00590826,0.000843254,0.00209085,8.15705e-05
0.196997,-0.000329422,5.97648e-06,-3.50714e-06,-7.36974e-05,1.48084e-05,-0.000110853,-0.00033156,0.00131829,-0.00317794,1.67726e-06,-0.000260576,-0.000283874,-0.00018033,-8.64956e-05,1.03856e-05,4.10157e-05,0.000972729,-0.000226478,0.00113347,-2.50081e-05,0.000233109,-0.000824668,9.22138e-05,-1.29697e-05,-4.32997e-05,-0.00037834,-0.00110957,-0.000705532,-0.000145613,-5.20331e-05,-0.00272156,-2.72014e-05,1.60467e-05,-0.000108458,0.00430548,0.00048341,0.000218076,2.55392e-05,-0.000487957,-0.000616896,0.00135426,0.000355701,0.00040464,-0.000427768,9.73419e-05,-8.61618e-05,-0.000160098,-0.000159395,-6.71299e-05,-0.000120268,0.0011877,0.00033215,-0.000207836,-0.000127356,-0.000543742,0.000129995,0.000297986,0.000130014,2.70294e-05,0.000296475,-8.06715e-05,1.46986e-05,-9.76953e-05,0.000112348,-0.00577305,0.000888807,0.00217336,2.25439e-05
0.197997,-0.000349572,-2.21601e-06,-1.33524e-06,-7.71697e-05,-4.784e-05,-0.000123294,-0.000374542,0.00137033,-0.00339858,2.20836e-05,-0.000258005,-0.00027108,-0.000447064,-9.37266e-05,2.76824e-05,3.25534e-05,0.000894241,-0.000215833,0.00119747,-3.09684e-05,0.00033549,-0.000593626,8.40797e-05,-6.45715e-05,-5.06637e-06,-0.000391673,-0.00145614,-0.000690434,-0.000163729,-4.99627e-05,-0.00276704,-3.74787e-05,2.44219e-05,-8.02103e-05,0.00434341,0.000488212,0.000262809,2.64519e-05,-0.000430689,-0.000643959,0.00133886,0.000388445,0.000352067,-0.000406723,9.98427e-05,-7.75844e-05,-0.00015076,-0.000152991,-5.18953e-05,-0.000142381,0.00115118,0.000337647,-0.000205405,-0.000127418,-0.000615188,0.000145631,0.000310623,0.000131543,2.33089e-06,0.000312389,-0.000100962,2.96144e-05,-9.68416e-05,0.000115909,-0.00558429,0.000924477,0.00224419,-3.80943e-05
0.198997,-0.000368248,-1.03263e-05,7.74322e-07,-8.0338e-05,-0.000108494,-0.000135241,-0.0004153,0.00141475,-0.00359724,4.193e-05,-0.000253736,-0.000256178,-0.000720323,-0.000100217,4.52382e-05,2.21977e-05,0.000810193,-0.000203783,0.00125444,-3.58024e-05,0.00043839,-0.000357357,7.57185e-05,-0.000117731,3.59218e-05,-0.00040275,-0.00180319,-0.000669373,-0.000181104,-4.75213e-05,-0.00279501,-4.77493e-05,3.31611e-05,-5.02382e-05,0.0043526,0.000487298,0.000305272,2.71462e-05,-0.000369563,-0.000667584,0.00131084,0.00041943,0.000296129,-0.000384919,0.000100999,-6.76914e-05,-0.000139684,-0.00014597,-3.64886e-05,-0.000162923,0.00110178,0.000342689,-0.000201438,-0.00012676,-0.000680348,0.000160532,0.000320125,0.000132268,-2.2883e-05,0.000326337,-0.000121569,4.31478e-05,-9.54044e-05,0.000118694,-0.00534181,0.00094948,0.00230276,-9.93725e-05
0.199997,-0.000385319,-1.82938e-05,2.80833e-06,-8.31948e-05,-0.000166836,-0.000146612,-0.000453083,0.00145031,-0.00377149,6.12223e-05,-0.000247854,-0.000239303,-0.000998569,-0.000105875,6.26988e-05,9.85642e-06,0.000721175,-0.000190335,0.0013028,-3.9337e-05,0.00054062,-0.00011756,6.71223e-05,-0.000172097,7.93085e-05,-0.000411435,-0.00214773,-0.000642289,-0.000197581,-4.4762e-05,-0.00280465,-5.81417e-05,4.21588e-05,-1.87195e-05,0.00433132,0.000480386,0.000345176,2.76328e-05,-0.000305162,-0.000687531,0.00127027,0.000448408,0.00023758,-0.000362515,0.000100824,-5.65206e-05,-0.000126802,-0.000138418,-2.10324e-05,-0.000181672,0.00103901,0.000347328,-0.000195989,-0.00012543,-0.00073865,0.000174484,0.000326451,0.000132179,-4.8404e-05,0.000338218,-0.000142355,5.52389e-05,-9.34285e-05,0.000120716,-0.00504592,0.000963202,0.00234856,-0.000160279
0.200997,-0.000400662,-2.60598e-05,4.75495e-06,-8.57319e-05,-0.000222567,-0.00015733,-0.000487137,0.00147568,-0.00391907,7.99931e-05,-0.00024045,-0.000220602,-0.00128011,-0.000110619,7.97048e-05,-4.51397e-06,0.000627764,-0.0001755,0.001341,-4.14365e-05,0.000640987,0.000124162,5.82836e-05,-0.000227259,0.000124676,-0.000417601,-0.00248668,-0.000609174,-0.000213004,-4.17408e-05,-0.00279525,-6.87679e-05,5.12923e-05,1.41425e-05,0.00427801,0.000467273,0.000382257,2.79241e-05,-0.000238099,-0.000703577,0.00121734,0.000475141,0.000177196,-0.000339594,9.93461e-05,-4.413e-05,-0.000112049,-0.000130417,-5.64975e-06,-0.000198436,0.00096259,0.000351561,-0.000189121,-0.000123478,-0.000789602,0.000187276,0.000329595,0.000131273,-7.40107e-05,0.000347947,-0.000163162,6.58713e-05,-9.09603e-05,0.000121996,-0.00469749,0.000965212,0.00238107,-0.00021978
0.201997,-0.000414164,-3.35681e-05,6.6037e-06,-8.79411e-05,-0.000275401,-0.000167321,-0.000516717,0.00148953,-0.00403798,9.82982e-05,-0.000231623,-0.000200237,-0.00156313,-0.000114376,9.59e-05,-2.09024e-05,0.000530502,-0.000159297,0.00136758,-4.20059e-05,0.000738314,0.000366315,4.91966e-05,-0.000282749,0.000171547,-0.000421133,-0.00281688,-0.000570069,-0.000227213,-3.85157e-05,-0.00276622,-7.97178e-05,6.04227e-05,4.81183e-05,0.00419127,0.000447849,0.000416274,2.80339e-05,-0.000169013,-0.000715517,0.00115239,0.000499403,0.000115763,-0.000316162,9.66114e-05,-3.0597e-05,-9.53691e-05,-0.000122038,9.53778e-06,-0.000213054,0.000872415,0.000355317,-0.000180906,-0.000120957,-0.000832803,0.000198709,0.000329581,0.000129551,-9.947e-05,0.000355454,-0.00018381,7.50714e-05,-8.80449e-05,0.000122552,-0.0042979,0.000955277,0.00239979,-0.000276846
0.202997,-0.000425716,-4.07652e-05,8.34538e-06,-8.98135e-05,-0.000325069,-0.000176516,-0.00054111,0.00149052,-0.00412649,0.000116212,-0.000221478,-0.00017838,-0.00184566,-0.000117086,0.00011094,-3.92388e-05,0.000429893,-0.000141751,0.00138121,-4.09941e-05,0.000831459,0.000607524,3.98583e-05,-0.000338042,0.00021939,-0.000421927,-0.00313517,-0.000525074,-0.000240051,-3.51459e-05,-0.00271709,-9.10545e-05,6.93981e-05,8.29515e-05,0.00406995,0.0004221,0.000447013,2.79776e-05,-9.85644e-05,-0.000723166,0.00107586,0.000520985,5.40614e-05,-0.000292136,9.26804e-05,-1.60187e-05,-7.67244e-05,-0.000113346,2.44114e-05,-0.000225403,0.00076861,0.000358456,-0.000171424,-0.00011792,-0.000867947,0.000208593,0.000326465,0.000127018,-0.000124539,0.000360689,-0.000204096,8.29078e-05,-8.47251e-05,0.000122406,-0.0038491,0.000933366,0.00240423,-0.000330468
0.203997,-0.000435211,-4.76008e-05,9.97197e-06,-9.13403e-05,-0.000371317,-0.000184848,-0.000559646,0.00147735,-0.00418316,0.000133825,-0.000210123,-0.000155219,-0.00212562,-0.000118705,0.000124499,-5.93909e-05,0.000326388,-0.000122897,0.00138065,-3.8395e-05,0.000919336,0.000846539,3.02697e-05,-0.000392563,0.000267623,-0.000419896,-0.00343845,-0.000474345,-0.000251365,-3.16906e-05,-0.0026475,-0.000102811,7.80561e-05,0.00011836,0.00391317,0.000390115,0.000474285,2.77715e-05,-2.7426e-05,-0.000726362,0.000988336,0.000539688,-7.15e-06,-0.000267348,8.76263e-05,-5.11287e-07,-5.60998e-05,-0.000104395,3.8857e-05,-0.000235396,0.000651534,0.000360761,-0.000160763,-0.000114418,-0.000894834,0.000216757,0.000320333,0.000123683,-0.000148969,0.000363616,-0.000223796,8.94884e-05,-8.10387e-05,0.000121583,-0.0033536,0.000899658,0.00239392,-0.000379685
0.204997,-0.000442546,-5.40279e-05,1.14766e-05,-9.25122e-05,-0.000413911,-0.000192256,-0.00057172,0.00144878,-0.00420686,0.000151235,-0.000197673,-0.000130952,-0.00240082,-0.0001192,0.00013628,-8.11629e-05,0.000220382,-0.000102776,0.00136486,-3.42479e-05,0.00100093,0.00108223,2.0436e-05,-0.000445691,0.000315622,-0.000414966,-0.00372368,-0.000418099,-0.000261004,-2.82087e-05,-0.00255725,-0.000114987,8.62275e-05,0.000154036,0.00372037,0.000352091,0.000497934,2.74326e-05,4.37242e-05,-0.000724969,0.000890513,0.000555334,-6.71446e-05,-0.000241546,8.15339e-05,1.57908e-05,-3.35116e-05,-9.52296e-05,5.2766e-05,-0.000242987,0.000521795,0.000361941,-0.00014902,-0.000110504,-0.000913369,0.000223049,0.000311301,0.000119558,-0.000172504,0.000364213,-0.000242666,9.4957e-05,-7.70172e-05,0.000120106,-0.00281447,0.000854536,0.00236834,-0.000423604
0.205997,-0.000447611,-6.00032e-05,1.28535e-05,-9.332e-05,-0.000452635,-0.000198678,-0.000576806,0.00140369,-0.00419681,0.000168542,-0.000184243,-0.000105789,-0.00266899,-0.000118555,0.00014602,-0.000104296,0.000112207,-8.14419e-05,0.00133298,-2.86364e-05,0.00107531,0.00131358,1.03683e-05,-0.00049677,0.000362726,-0.000407078,-0.00398797,-0.000356613,-0.00026883,-2.47575e-05,-0.00244629,-0.000127549,9.37404e-05,0.00018965,0.0034913,0.000308334,0.00051783,2.69788e-05,0.00011421,-0.000718878,0.000783201,0.000567759,-0.000125241,-0.000214396,7.4497e-05,3.27357e-05,-9.01462e-06,-8.5885e-05,6.60375e-05,-0.000248166,0.000380259,0.00036163,-0.000136298,-0.000106229,-0.000923562,0.000227341,0.000299513,0.00011466,-0.000194887,0.00036247,-0.00026045,9.9489e-05,-7.26844e-05,0.000117999,-0.00223536,0.000798583,0.00232703,-0.000461415
0.206997,-0.000450293,-6.5487e-05,1.40977e-05,-9.37544e-05,-0.000487295,-0.000204057,-0.000574476,0.00134107,-0.00415256,0.000185845,-0.000169954,-7.99516e-05,-0.00292779,-0.000116769,0.000153499,-0.00012847,2.13226e-06,-5.89559e-05,0.00128433,-2.1686e-05,0.00114163,0.00153966,8.30422e-08,-0.000545115,0.000408247,-0.000396194,-0.00422861,-0.000290229,-0.00027471,-2.13919e-05,-0.0023147,-0.000140426,0.000100424,0.000224849,0.00322612,0.000259254,0.000533874,2.64284e-05,0.000183365,-0.000708012,0.000667321,0.000576819,-0.000180811,-0.000185496,6.66174e-05,5.01552e-05,1.72913e-05,-7.63874e-05,7.85786e-05,-0.000250968,0.000228052,0.000359397,-0.000122706,-0.000101644,-0.000925534,0.000229531,0.000285139,0.000109008,-0.000215866,0.000358389,-0.000276879,0.000103286,-6.8055e-05,0.000115287,-0.00162046,0.000732571,0.00226947,-0.00049242
0.207997,-0.000450468,-7.04435e-05,1.52052e-05,-9.38064e-05,-0.000517721,-0.000208337,-0.000564412,0.00126012,-0.00407402,0.000203231,-0.000154925,-5.36696e-05,-0.00317485,-0.000113856,0.000158542,-0.000153309,-0.000109632,-3.5392e-05,0.0012185,-1.35606e-05,0.00119917,0.00175963,-1.03966e-05,-0.000590026,0.000451481,-0.000382292,-0.00444312,-0.000219349,-0.000278528,-1.81636e-05,-0.00216276,-0.000153516,0.000106114,0.000259264,0.00292537,0.000205368,0.000545998,2.57998e-05,0.000250537,-0.000692323,0.000543894,0.00058239,-0.000233294,-0.000154384,5.80029e-05,6.78668e-05,4.52552e-05,-6.67554e-05,9.03059e-05,-0.000251462,6.65562e-05,0.000354756,-0.000108359,-9.67967e-05,-0.000919506,0.000229546,0.000268373,0.000102624,-0.000235192,0.000351981,-0.000291675,0.000106569,-6.31341e-05,0.000111995,-0.000974506,0.000657445,0.00219518,-0.000516038
0.208997,-0.000448006,-7.48412e-05,1.61728e-05,-9.34676e-05,-0.000543769,-0.000211462,-0.000546424,0.00116023,-0.00396145,0.00022077,-0.000139279,-2.71826e-05,-0.00340778,-0.000109848,0.000161026,-0.000178384,-0.00022293,-1.08355e-05,0.00113527,-4.45805e-06,0.00124728,0.00197271,-2.10412e-05,-0.000630798,0.000491718,-0.000365372,-0.00462926,-0.000144439,-0.000280182,-1.51204e-05,-0.00199089,-0.000166682,0.000110656,0.00029251,0.00259003,0.000147292,0.000554167,2.51118e-05,0.000315099,-0.000671797,0.000414036,0.000584365,-0.000282194,-0.000120555,4.87658e-05,8.56749e-05,7.46707e-05,-5.70002e-05,0.000101146,-0.000249755,-0.000102601,0.000347171,-9.3379e-05,-9.17351e-05,-0.000905799,0.000227342,0.000249433,9.55367e-05,-0.000252627,0.000343263,-0.000304561,0.000109574,-5.79169e-05,0.000108147,-0.000302732,0.000574302,0.0021037,-0.000531827
0.209997,-0.00044276,-7.86525e-05,1.69981e-05,-9.27301e-05,-0.000565323,-0.000213379,-0.000520454,0.00104107,-0.00381543,0.000238513,-0.000123138,-7.37524e-07,-0.0036242,-0.000104789,0.000160883,-0.000203224,-0.000337649,1.46153e-05,0.00103471,5.39547e-06,0.00128544,0.0021781,-3.18147e-05,-0.000666738,0.00052825,-0.000345453,-0.0047851,-6.6023e-05,-0.000279588,-1.23054e-05,-0.00179969,-0.000179761,0.00011391,0.000324194,0.00222149,8.57332e-05,0.000558374,2.43831e-05,0.000376456,-0.000646458,0.000278944,0.000582658,-0.000327095,-8.34787e-05,3.90218e-05,0.000103373,0.000105272,-4.71281e-05,0.000111036,-0.000245986,-0.000277564,0.000336082,-7.78915e-05,-8.65038e-05,-0.000884823,0.000222908,0.000228553,8.77744e-05,-0.000267944,0.000332261,-0.000315264,0.000112541,-5.23888e-05,0.000103768,0.000389136,0.000484372,0.00199459,-0.00053949
0.210997,-0.000434574,-8.18538e-05,1.76792e-05,-9.15868e-05,-0.000582299,-0.000214032,-0.00048659,0.000902559,-0.00363687,0.00025648,-0.000106624,2.54129e-05,-0.0038218,-9.8741e-05,0.000158102,-0.000227326,-0.000453711,4.0849e-05,0.000917115,1.57514e-05,0.00131322,0.00237505,-4.26747e-05,-0.000697173,0.000560389,-0.000322577,-0.00490903,1.53163e-05,-0.000276681,-9.75643e-06,-0.00158994,-0.000192562,0.000115758,0.000353917,0.00182162,2.14787e-05,0.000558644,2.36324e-05,0.000434046,-0.000616361,0.000139891,0.000577203,-0.000367657,-4.26242e-05,2.88882e-05,0.000120748,0.000136733,-3.71414e-05,0.000119923,-0.000240322,-0.000456273,0.000320914,-6.2026e-05,-8.11457e-05,-0.00085707,0.000216266,0.000205987,7.93707e-05,-0.000280939,0.000319005,-0.00032352,0.000115713,-4.65264e-05,9.88831e-05,0.00109494,0.000388987,0.00186745,-0.000538884
0.211997,-0.000423277,-8.44261e-05,1.8215e-05,-9.00318e-05,-0.000594646,-0.00021337,-0.00044507,0.000744975,-0.00342698,0.000274659,-8.98603e-05,5.10116e-05,-0.00399833,-9.17773e-05,0.000152726,-0.00025016,-0.000571051,6.77397e-05,0.000783038,2.63456e-05,0.00133028,0.00256273,-5.35729e-05,-0.000721472,0.000587473,-0.000296808,-0.00499975,9.89416e-05,-0.000271421,-7.50562e-06,-0.00136259,-0.000204875,0.000116103,0.000381283,0.00139268,-4.46132e-05,0.000555028,2.28778e-05,0.000487355,-0.000581601,-1.78921e-06,0.000567953,-0.000403619,2.52114e-06,1.84829e-05,0.000137577,0.000168667,-2.7041e-05,0.000127768,-0.000232956,-0.000636492,0.000301105,-4.59156e-05,-7.57012e-05,-0.000823102,0.000207465,0.000182002,7.03624e-05,-0.000291426,0.000303529,-0.000329085,0.000119322,-4.02981e-05,9.35174e-05,0.00180812,0.000289558,0.00172197,-0.00053002
0.212996,-0.00040869,-8.63542e-05,1.86049e-05,-8.80604e-05,-0.000602347,-0.000211341,-0.000396284,0.000568918,-0.00318727,0.000293,-7.29662e-05,7.57996e-05,-0.00415166,-8.39846e-05,0.000144859,-0.000271187,-0.000689605,9.5147e-05,0.000633278,3.69056e-05,0.00133639,0.00274025,-6.44554e-05,-0.000739056,0.000608885,-0.000268234,-0.00505633,0.000184165,-0.00026379,-5.57872e-06,-0.00111875,-0.000216476,0.000114877,0.0004059,0.000937386,-0.000111629,0.000547607,2.21374e-05,0.000535916,-0.000542307,-0.000144716,0.000554881,-0.000434798,5.24244e-05,7.92364e-06,0.00015364,0.00020063,-1.68277e-05,0.000134539,-0.000224097,-0.000815843,0.000276124,-2.96952e-05,-7.02081e-05,-0.00078354,0.000196588,0.000156873,6.07894e-05,-0.000299246,0.000285871,-0.000331736,0.000123585,-3.36668e-05,8.76969e-05,0.00252179,0.00018754,0.00155791,-0.000513068
0.213996,-0.00039062,-8.76274e-05,1.88491e-05,-8.56695e-05,-0.000605424,-0.000207892,-0.000340771,0.000375354,-0.00291946,0.000311414,-5.60608e-05,9.95182e-05,-0.00427979,-7.54604e-05,0.000134654,-0.000289869,-0.000809291,0.000122915,0.000468875,4.71578e-05,0.0013314,0.00290663,-7.52636e-05,-0.000749411,0.000624058,-0.000236966,-0.00507816,0.000270255,-0.000253796,-3.99496e-06,-0.000859735,-0.000227131,0.00011204,0.000427393,0.000458862,-0.000178615,0.000536481,2.14283e-05,0.000579315,-0.000498644,-0.000287472,0.00053798,-0.000461088,0.000107482,-2.6733e-06,0.000168711,0.000232121,-6.50439e-06,0.000140216,-0.00021397,-0.000991849,0.000245495,-1.35012e-05,-6.47017e-05,-0.00073905,0.000183746,0.000130886,5.06955e-05,-0.000304269,0.000266073,-0.000331284,0.0001287,-2.65914e-05,8.14481e-05,0.00322879,8.44064e-05,0.00137519,-0.000488347
0.214996,-0.000368872,-8.8239e-05,1.89482e-05,-8.28575e-05,-0.000603932,-0.000202977,-0.000279217,0.000165629,-0.00262552,0.000329768,-3.92605e-05,0.000121912,-0.00438092,-6.63124e-05,0.000122318,-0.000305682,-0.000929983,0.000150874,0.000291089,5.68345e-05,0.00131521,0.00306076,-8.5935e-05,-0.000752107,0.000632492,-0.000203142,-0.00506497,0.000356439,-0.000241477,-2.76675e-06,-0.000586994,-0.000236605,0.000107587,0.000445407,-3.94011e-05,-0.000244593,0.000521775,2.07671e-05,0.0006172,-0.000450814,-0.000428624,0.000517261,-0.000482454,0.000167994,-1.31938e-05,0.000182574,0.000262594,3.92165e-06,0.00014479,-0.000202805,-0.00116198,0.000208824,2.52956e-06,-5.92147e-05,-0.000690333,0.000169076,0.000104328,4.01277e-05,-0.000306397,0.00024418,-0.000327575,0.000134833,-1.90298e-05,7.4799e-05,0.00392175,-1.83857e-05,0.00117383,-0.000456321
0.215996,-0.000343246,-8.81865e-05,1.89036e-05,-7.9625e-05,-0.00059797,-0.000196548,-0.000212443,-5.85289e-05,-0.0023076,0.000347886,-2.26789e-05,0.000142731,-0.00445341,-5.66559e-05,0.000108101,-0.00031813,-0.00105149,0.000178836,0.000101391,6.56807e-05,0.00128781,0.00320139,-9.64039e-05,-0.000746806,0.000633765,-0.000166923,-0.00501681,0.000441911,-0.000226895,-1.89965e-06,-0.000302152,-0.000244666,0.000101546,0.000459613,-0.000553572,-0.000308581,0.000503629,2.01693e-05,0.000649278,-0.00039905,-0.000566734,0.000492756,-0.000498927,0.000234141,-2.35268e-05,0.000195014,0.000291465,1.44374e-05,0.000148261,-0.000190833,-0.00132368,0.000165819,1.82613e-05,-5.37766e-05,-0.000638105,0.000152735,7.7488e-05,2.91367e-05,-0.000305567,0.000220244,-0.000320499,0.000142119,-1.0942e-05,6.77788e-05,0.00459319,-0.000119422,0.000954093,-0.000417587
0.216996,-0.000313548,-8.74717e-05,1.87173e-05,-7.59742e-05,-0.000587668,-0.000188562,-0.000141397,-0.000295011,-0.00196799,0.000365548,-6.42618e-06,0.000161735,-0.00449587,-4.66125e-05,9.22931e-05,-0.00032676,-0.00117355,0.0002066,-9.85596e-05,7.34611e-05,0.00124924,0.00332711,-0.000106603,-0.000733275,0.000627542,-0.000128494,-0.00493401,0.000525843,-0.000210143,-1.39233e-06,-6.97803e-06,-0.000251095,9.39809e-05,0.000469719,-0.00107952,-0.000369607,0.000482196,1.96493e-05,0.000675326,-0.000343621,-0.000700379,0.000464514,-0.000510599,0.000305957,-3.35647e-05,0.000205831,0.000318119,2.50222e-05,0.000150636,-0.000178278,-0.00147446,0.000116313,3.356e-05,-4.84146e-05,-0.000583093,0.000134902,5.06517e-05,1.77767e-05,-0.000301753,0.000194321,-0.000309995,0.000150652,-2.29335e-06,6.04188e-05,0.00523559,-0.000217361,0.000716408,-0.000372862
0.217996,-0.000279595,-8.61004e-05,1.8392e-05,-7.19097e-05,-0.000573198,-0.000178984,-6.71336e-05,-0.000541341,-0.00160912,0.000382495,9.39159e-06,0.000178696,-0.00450712,-3.63082e-05,7.52182e-05,-0.000331171,-0.00129578,0.000233951,-0.000306938,7.99652e-05,0.00119961,0.00343636,-0.000116463,-0.000711396,0.000613583,-8.80662e-05,-0.00481718,0.000607386,-0.000191343,-1.23677e-06,0.000296617,-0.000255689,8.499e-05,0.000475473,-0.00161289,-0.000426731,0.000457639,1.92201e-05,0.000695185,-0.000284822,-0.000828168,0.000432604,-0.000517615,0.000383313,-4.32047e-05,0.000214837,0.000341927,3.56465e-05,0.000151932,-0.000165355,-0.0016119,6.02889e-05,4.82949e-05,-4.31526e-05,-0.000526011,0.000115771,2.40981e-05,6.10507e-06,-0.000294968,0.000166475,-0.000296055,0.000160482,6.94174e-06,5.27521e-05,0.00584147,-0.000310957,0.000461474,-0.000322963
0.218996,-0.000241223,-8.40823e-05,1.79311e-05,-6.74382e-05,-0.000554764,-0.000167783,9.20156e-06,-0.000794693,-0.00123347,0.000398427,2.46727e-05,0.000193403,-0.00448626,-2.58715e-05,5.72239e-05,-0.00033103,-0.0014177,0.000260658,-0.000521777,8.50123e-05,0.00113906,0.00352741,-0.000125916,-0.000681175,0.000591757,-4.58765e-05,-0.00466711,0.000685685,-0.000170643,-1.41848e-06,0.000606597,-0.000258268,7.47051e-05,0.000476672,-0.00214912,-0.000479064,0.000430127,1.88929e-05,0.000708764,-0.00022298,-0.00094876,0.000397114,-0.000520166,0.000465897,-5.23487e-05,0.000221862,0.000362256,4.62706e-05,0.000152171,-0.000152262,-0.00173372,-2.10881e-06,6.23395e-05,-3.8012e-05,-0.000467559,9.55432e-05,-1.9033e-06,-5.81735e-06,-0.000285263,0.00013678,-0.000278726,0.000171616,1.67763e-05,4.48144e-05,0.0064035,-0.000399085,0.000190258,-0.000268791
0.219996,-0.000198293,-8.14313e-05,1.73386e-05,-6.25691e-05,-0.000532606,-0.000154936,8.63946e-05,-0.00105192,-0.000843625,0.00041301,3.93205e-05,0.000205663,-0.00443266,-1.54312e-05,3.86747e-05,-0.00032608,-0.00153867,0.00028648,-0.000740995,8.8456e-05,0.00106779,0.00359841,-0.000134894,-0.000642743,0.000562042,-2.18442e-06,-0.00448482,0.000759886,-0.000148221,-1.9169e-06,0.000920816,-0.000258681,6.32899e-05,0.000473163,-0.00268355,-0.000525781,0.00039983,1.8677e-05,0.000716044,-0.000158444,-0.00106088,0.000358149,-0.000518479,0.0005532,-6.09046e-05,0.000226757,0.00037849,5.68443e-05,0.000151383,-0.000139173,-0.00183784,-7.0556e-05,7.55731e-05,-3.30111e-05,-0.000408403,7.44279e-05,-2.7096e-05,-1.79268e-05,-0.000272729,0.000105323,-0.000258115,0.000184007,2.7207e-05,3.66439e-05,0.0069146,-0.000480757,-9.59709e-05,-0.000211309
0.220996,-0.000150703,-7.81652e-05,1.66196e-05,-5.73138e-05,-0.000506992,-0.000140431,0.000163187,-0.00130961,-0.00044216,0.000425883,5.3244e-05,0.000215308,-0.00434596,-5.11494e-06,1.99433e-05,-0.000316149,-0.00165791,0.000311162,-0.000962424,9.01868e-05,0.00098605,0.00364735,-0.000143331,-0.000596365,0.000524534,4.27262e-05,-0.00427141,0.000829144,-0.000124277,-2.70585e-06,0.00123703,-0.000256809,5.09364e-05,0.000464854,-0.00321146,-0.000566141,0.000366916,1.85794e-05,0.000717071,-9.15882e-05,-0.00116335,0.000315835,-0.000512813,0.000644513,-6.87866e-05,0.000229396,0.000390038,6.7306e-05,0.000149602,-0.000126238,-0.0019224,-0.00014454,8.78818e-05,-2.81656e-05,-0.00034917,5.26343e-05,-5.12391e-05,-3.01568e-05,-0.000257493,7.22049e-05,-0.000234388,0.00019756,3.82112e-05,2.82817e-05,0.00736803,-0.000555138,-0.000395624,-0.000151523
0.221996,-9.83988e-05,-7.43057e-05,1.57798e-05,-5.16863e-05,-0.00047822,-0.000124268,0.000238302,-0.0015641,-3.16791e-05,0.000436663,6.63583e-05,0.000222197,-0.00422606,4.95307e-06,1.40126e-06,-0.000301158,-0.00177449,0.000334443,-0.00118383,9.01339e-05,0.000894136,0.00367219,-0.000151165,-0.000542437,0.000479448,8.85493e-05,-0.0040281,0.000892636,-9.90369e-05,-3.75414e-06,0.00155293,-0.000252569,3.78612e-05,0.000451716,-0.00372814,-0.000599503,0.000331551,1.86044e-05,0.000711957,-2.28035e-05,-0.00125509,0.000270319,-0.000503446,0.000738914,-7.59164e-05,0.000229682,0.000396359,7.75836e-05,0.000146868,-0.000113577,-0.00198581,-0.000223355,9.91597e-05,-2.34884e-05,-0.00029044,3.03673e-05,-7.41104e-05,-4.24385e-05,-0.000239724,3.7544e-05,-0.000207769,0.00021213,4.97434e-05,1.97716e-05,0.00775748,-0.000621556,-0.000706775,-9.04566e-05
0.222996,-4.13805e-05,-6.98781e-05,1.48258e-05,-4.57031e-05,-0.000446609,-0.000106462,0.000310471,-0.00181157,0.000385225,0.000444952,7.8585e-05,0.000226219,-0.00407317,1.46536e-05,-1.65892e-05,-0.000281127,-0.00188731,0.000356054,-0.00140296,8.8266e-05,0.000792419,0.0036708,-0.000158337,-0.000481485,0.000427122,0.000134957,-0.00375614,0.000949568,-7.27479e-05,-5.0262e-06,0.00186615,-0.000245918,2.43008e-05,0.000433781,-0.00422897,-0.000625335,0.000293894,1.87535e-05,0.000700879,4.75018e-05,-0.00133513,0.000221765,-0.000490672,0.000835281,-8.22234e-05,0.000227548,0.000396974,8.75946e-05,0.000143222,-0.000101278,-0.00202681,-0.000306103,0.00010931,-1.89897e-05,-0.000232735,7.8237e-06,-9.55084e-05,-5.47011e-05,-0.00021962,1.47922e-06,-0.000178539,0.00022752,6.17332e-05,1.11605e-05,0.0080772,-0.000679506,-0.00102715,-2.9131e-05
0.223996,2.02855e-05,-6.49116e-05,1.37651e-05,-3.93833e-05,-0.0004125,-8.70392e-05,0.00037846,-0.00204807,0.000805978,0.000450349,8.98532e-05,0.000227296,-0.00388775,2.38742e-05,-3.36838e-05,-0.000256176,-0.00199514,0.000375723,-0.00161753,8.45914e-05,0.000681336,0.00364109,-0.000164793,-0.000414159,0.000368011,0.000181603,-0.00345678,0.000999189,-4.56748e-05,-6.48283e-06,0.00217427,-0.000236852,1.05062e-05,0.000411152,-0.00470946,-0.000643229,0.000254098,1.90247e-05,0.00068407,0.000118907,-0.00140264,0.00017036,-0.000474794,0.000932291,-8.76457e-05,0.000222956,0.00039148,9.72473e-05,0.000138711,-8.93979e-05,-0.00204447,-0.000391696,0.000118248,-1.46773e-05,-0.00017652,-1.48121e-05,-0.000115255,-6.68726e-05,-0.000197416,-3.58274e-05,-0.000147032,0.000243486,7.40828e-05,2.49801e-06,0.00832208,-0.000728652,-0.00135413,3.14559e-05
0.224996,8.64579e-05,-5.94387e-05,1.26058e-05,-3.27482e-05,-0.000376249,-6.60472e-05,0.000441101,-0.00226963,0.00122803,0.000452455,0.000100099,0.00022539,-0.0036705,3.25108e-05,-4.95644e-05,-0.000226526,-0.00209658,0.000393176,-0.00182531,7.91556e-05,0.000561411,0.00358103,-0.000170483,-0.000341229,0.000302689,0.000228121,-0.00313124,0.0010408,-1.80973e-05,-8.08196e-06,0.00247488,-0.000225409,-3.26342e-06,0.000383995,-0.00516537,-0.000652908,0.000212307,1.94126e-05,0.000661822,0.000190982,-0.00145696,0.000116311,-0.000456113,0.00102844,-9.21312e-05,0.000215905,0.000379574,0.000106442,0.000133383,-7.79588e-05,-0.0020382,-0.000478873,0.000125897,-1.05563e-05,-0.000122194,-3.73715e-05,-0.000133196,-7.88802e-05,-0.000173374,-7.41885e-05,-0.000113628,0.000259737,8.66662e-05,-6.16348e-06,0.00848773,-0.000768823,-0.00168475,9.03499e-05
0.225996,0.000156912,-5.34955e-05,1.1357e-05,-2.58217e-05,-0.000338222,-4.355e-05,0.000497311,-0.0024723,0.00164887,0.000450885,0.000109268,0.000220499,-0.00342238,4.0469e-05,-6.39455e-05,-0.000192495,-0.00219009,0.000408143,-0.00202409,7.20399e-05,0.000433266,0.00348874,-0.000175364,-0.000263568,0.000231837,0.00027413,-0.00278067,0.00107375,9.69348e-06,-9.77947e-06,0.00276559,-0.000211665,-1.67467e-05,0.000352543,-0.00559266,-0.000654233,0.000168663,1.99078e-05,0.000634472,0.000263291,-0.00149756,5.98502e-05,-0.000434931,0.00112207,-9.56377e-05,0.000206427,0.000361057,0.000115074,0.000127288,-6.69516e-05,-0.00200783,-0.000566217,0.000132197,-6.62955e-06,-7.00934e-05,-5.97047e-05,-0.000149205,-9.06508e-05,-0.000147779,-0.000113389,-7.87497e-05,0.000275942,9.9329e-05,-1.47692e-05,0.00857059,-0.000800006,-0.00201574,0.000146658
0.226996,0.000231331,-4.71211e-05,1.00287e-05,-1.86303e-05,-0.000298792,-1.96318e-05,0.000546125,-0.00265223,0.00206599,0.000445281,0.000117311,0.000212663,-0.00314458,4.76653e-05,-7.65811e-05,-0.0001545,-0.00227402,0.00042036,-0.00221173,6.33575e-05,0.000297636,0.00336255,-0.000179397,-0.000182147,0.000156243,0.000319237,-0.00240614,0.00109749,3.73992e-05,-1.15301e-05,0.00304402,-0.000195737,-2.96868e-05,0.000317093,-0.00598766,-0.000647203,0.000123305,2.04965e-05,0.000602404,0.000335393,-0.00152409,1.22942e-06,-0.000411538,0.00121138,-9.81344e-05,0.000194591,0.000335851,0.000123034,0.000120479,-5.63373e-05,-0.00195353,-0.000652176,0.000137098,-2.89773e-06,-2.04874e-05,-8.16819e-05,-0.00016318,-0.000102112,-0.000120938,-0.000153184,-4.2852e-05,0.000291732,0.000111888,-2.32623e-05,0.008568,-0.000822331,-0.00234349,0.000199566
0.227996,0.000309301,-4.03579e-05,8.63157e-06,-1.12024e-05,-0.000258333,5.60275e-06,0.000586713,-0.00280577,0.0024769,0.000435315,0.000124192,0.000201968,-0.00283846,5.40285e-05,-8.72699e-05,-0.00011304,-0.00234666,0.000429575,-0.00238618,5.32495e-05,0.00015538,0.00320107,-0.00018255,-9.80137e-05,7.67857e-05,0.000363037,-0.00200861,0.00111151,6.47183e-05,-1.32881e-05,0.00330787,-0.000177776,-4.1838e-05,0.000277999,-0.00634701,-0.000631958,7.6371e-05,2.11609e-05,0.000566037,0.00040685,-0.0015364,-5.92737e-05,-0.000386214,0.00129446,-9.96019e-05,0.0001805,0.000304008,0.000130212,0.000113009,-4.60499e-05,-0.0018759,-0.000735094,0.000140567,6.40617e-07,2.64166e-05,-0.000103195,-0.00017505,-0.000113194,-9.31746e-05,-0.0001933,-6.41347e-06,0.000306706,0.000124135,-3.15843e-05,0.00847825,-0.000836061,-0.00266418,0.000248348
0.228996,0.000390307,-3.32509e-05,7.17679e-06,-3.56904e-06,-0.000217218,3.20277e-05,0.000618401,-0.00292955,0.00287914,0.000420706,0.00012988,0.000188539,-0.00250558,5.95002e-05,-9.5859e-05,-6.86976e-05,-0.00240619,0.000435551,-0.00254549,4.18807e-05,7.50076e-06,0.00300328,-0.000184798,-1.22797e-05,-5.57526e-06,0.000405118,-0.00158895,0.00111542,9.13508e-05,-1.50085e-05,0.0035549,-0.000157963,-5.29724e-05,0.00023567,-0.00666774,-0.000608776,2.80066e-05,2.18783e-05,0.000525822,0.000477222,-0.00153447,-0.000121358,-0.000359228,0.00136936,-0.000100033,0.000164293,0.000265717,0.0001365,0.000104933,-3.60005e-05,-0.00177589,-0.000813244,0.000142583,3.98885e-06,7.04718e-05,-0.000124157,-0.00018477,-0.000123826,-6.48205e-05,-0.000233431,3.00732e-05,0.000320437,0.000135837,-3.96756e-05,0.00830068,-0.000841569,-0.00297373,0.000292384
0.229996,0.000473728,-2.58478e-05,5.67633e-06,4.23653e-06,-0.000175809,5.94958e-05,0.000640688,-0.00302053,0.00327019,0.000401225,0.000134356,0.000172547,-0.00214765,6.40358e-05,-0.000102247,-2.2119e-05,-0.0024508,0.000438068,-0.00268785,2.94339e-05,-0.000144849,0.00276859,-0.000186118,7.39005e-05,-8.98119e-05,0.000445067,-0.00114796,0.00110891,0.000117002,-1.66473e-05,0.003783,-0.000136509,-6.28853e-05,0.00019056,-0.00694728,-0.000578065,-2.16327e-05,2.26216e-05,0.00048223,0.000546077,-0.00151851,-0.000184696,-0.000330829,0.0014341,-9.94337e-05,0.000146141,0.000221307,0.000141795,9.63067e-05,-2.60822e-05,-0.0016548,-0.000884868,0.000143142,7.1521e-06,0.000111587,-0.000144503,-0.000192321,-0.000133943,-3.62135e-05,-0.000273243,6.61122e-05,0.000332483,0.000146741,-4.74761e-05,0.00803566,-0.00083932,-0.00326793,0.00033116
0.230996,0.00055884,-1.81987e-05,4.14263e-06,1.21789e-05,-0.00013446,8.78387e-05,0.000653256,-0.00307608,0.00364754,0.000376706,0.00013761,0.000154207,-0.0017665,6.76047e-05,-0.000106385,2.59929e-05,-0.0024787,0.000436932,-0.00281154,1.61053e-05,-0.000300358,0.00249693,-0.000186498,0.000159349,-0.000174844,0.000482469,-0.000686371,0.00109178,0.000141388,-1.81628e-05,0.00399015,-0.000113647,-7.14015e-05,0.000143162,-0.00718346,-0.000540359,-7.23743e-05,2.3359e-05,0.00043575,0.000612988,-0.00148885,-0.000248936,-0.000301255,0.00148669,-9.78223e-05,0.00012625,0.000171246,0.000146002,8.71869e-05,-1.61752e-05,-0.0015143,-0.000948218,0.000142254,1.0137e-05,0.000149723,-0.000164184,-0.000197713,-0.000143481,-7.69098e-06,-0.000312372,0.000101216,0.000342387,0.00015658,-5.49259e-05,0.00768469,-0.000829854,-0.00354247,0.000364279
0.231996,0.000644815,-1.03554e-05,2.58852e-06,2.02207e-05,-9.35086e-05,0.000116868,0.000655981,-0.00309409,0.00400864,0.00034705,0.00013964,0.000133773,-0.00136409,7.0191e-05,-0.000108278,7.4895e-05,-0.00248813,0.000431978,-0.00291503,2.09872e-06,-0.00045755,0.00218877,-0.000185925,0.000242885,-0.000259557,0.000516913,-0.000204913,0.00106393,0.000164238,-1.9516e-05,0.0041745,-8.96259e-05,-7.83796e-05,9.39994e-05,-0.00737451,-0.000496302,-0.000124022,2.40542e-05,0.000386881,0.000677535,-0.00144603,-0.000313702,-0.000270723,0.00152526,-9.52305e-05,0.00010485,0.000116142,0.000149034,7.76315e-05,-6.15299e-06,-0.00135635,-0.0010016,0.000139946,1.29518e-05,0.000184884,-0.00018317,-0.000200982,-0.000152383,2.04158e-05,-0.000350432,0.000134916,0.000349692,0.000165075,-6.19661e-05,0.00725036,-0.000813757,-0.00379298,0.000391459
0.232996,0.000730728,-2.37182e-06,1.02711e-06,2.83223e-05,-5.32731e-05,0.000146375,0.000648933,-0.00307295,0.00435084,0.000312237,0.000140455,0.00011154,-0.000942434,7.17931e-05,-0.000107982,0.000123819,-0.00247744,0.000423074,-0.0029969,-1.23796e-05,-0.000614789,0.00184523,-0.000184397,0.000323346,-0.000342818,0.000548,0.000295655,0.00102538,0.000185301,-2.06713e-05,0.00433433,-6.47066e-05,-8.37158e-05,4.36139e-05,-0.00751903,-0.000446636,-0.000176349,2.46668e-05,0.000336121,0.000739309,-0.00139073,-0.000378592,-0.000239438,0.00154802,-9.17032e-05,8.21999e-05,5.6732e-05,0.00015082,6.76994e-05,4.1117e-06,-0.00118315,-0.00104341,0.000136258,1.56057e-05,0.000217111,-0.00020144,-0.000202185,-0.000160594,4.77866e-05,-0.00038701,0.000166773,0.000353948,0.000171948,-6.85392e-05,0.00673638,-0.000791646,-0.00401521,0.000412535
0.233996,0.000815562,5.69699e-06,-5.28328e-07,3.64421e-05,-1.40511e-05,0.000176135,0.000632376,-0.00301168,0.00467147,0.000272327,0.000140072,8.78353e-05,-0.000503657,7.2424e-05,-0.000105603,0.000171985,-0.00244516,0.000410122,-0.00305592,-2.71259e-05,-0.000770286,0.00146807,-0.000181912,0.00039961,-0.000423493,0.000575343,0.000814477,0.000976261,0.000204349,-2.1597e-05,0.00446813,-3.91554e-05,-8.73471e-05,-7.44328e-06,-0.007616,-0.000392189,-0.000229095,2.51525e-05,0.000283965,0.000797911,-0.00132377,-0.000443182,-0.000207589,0.00155336,-8.72976e-05,5.85793e-05,-6.12718e-06,0.000151304,5.74502e-05,1.47407e-05,-0.000997158,-0.00107219,0.000131246,1.81092e-05,0.00024648,-0.000218984,-0.000201405,-0.000168063,7.41173e-05,-0.00042168,0.00019639,0.000354718,0.000176922,-7.45906e-05,0.00614753,-0.000764148,-0.00420498,0.000427453
0.234996,0.000898223,1.37949e-05,-2.06449e-06,4.45369e-05,2.38838e-05,0.000205907,0.000606761,-0.00290993,0.00496775,0.000227464,0.00013852,6.30214e-05,-4.99269e-05,7.21109e-05,-0.000101292,0.000218623,-0.00238996,0.00039307,-0.00309101,-4.19433e-05,-0.000922111,0.00105973,-0.000178474,0.000470617,-0.000500468,0.000598575,0.00135053,0.00091683,0.000221178,-2.2266e-05,0.00457451,-1.32383e-05,-8.92528e-05,-5.86227e-05,-0.0076647,-0.000333853,-0.000281956,2.54636e-05,0.000230896,0.000852952,-0.0012461,-0.000507023,-0.000175354,0.00153988,-8.20827e-05,3.42844e-05,-7.14707e-05,0.000150448,4.69447e-05,2.58444e-05,-0.000801001,-0.00108667,0.000124982,2.04734e-05,0.000273085,-0.000235794,-0.000198743,-0.000174746,9.91247e-05,-0.000454003,0.000223419,0.000351591,0.000179735,-8.00687e-05,0.00548965,-0.000731878,-0.00435839,0.000436266
0.235996,0.000977545,2.1865e-05,-3.56822e-06,5.25613e-05,6.02837e-05,0.000235437,0.000572716,-0.00276801,0.00523685,0.000177882,0.000135834,3.74853e-05,0.00041653,7.08943e-05,-9.52432e-05,0.000262982,-0.00231079,0.000371905,-0.00310124,-5.66462e-05,-0.00106822,0.000623369,-0.000174089,0.000535383,-0.000572668,0.000617351,0.00190253,0.000847457,0.000235615,-2.26557e-05,0.00465234,1.2784e-05,-8.94548e-05,-0.000109387,-0.0076647,-0.00027257,-0.000334582,2.555e-05,0.000177382,0.000904057,-0.00115877,-0.000569648,-0.000142896,0.00150643,-7.6139e-05,9.62408e-06,-0.000138244,0.000148234,3.62445e-05,3.7516e-05,-0.000597424,-0.00108581,0.000117548,2.27105e-05,0.000297043,-0.000251861,-0.000194318,-0.000180604,0.000122551,-0.000483536,0.00024757,0.000344188,0.000180146,-8.49261e-05,0.00476956,-0.000695429,-0.00447183,0.000439124
0.236996,0.00105231,2.98503e-05,-5.0266e-06,6.04686e-05,9.49278e-05,0.00026446,0.00053103,-0.0025869,0.00547584,0.000123901,0.000132059,1.16351e-05,0.000893435,6.88281e-05,-8.76846e-05,0.00030435,-0.00220685,0.000346665,-0.00308588,-7.10631e-05,-0.00120647,0.000162811,-0.000168769,0.000593028,-0.000639073,0.000631356,0.00246887,0.000768633,0.000247517,-2.27487e-05,0.00470061,3.86617e-05,-8.80174e-05,-0.000159223,-0.00761581,-0.000209311,-0.000386576,2.53594e-05,0.000123868,0.00095086,-0.00106292,-0.000630571,-0.000110373,0.00145218,-6.95562e-05,-1.50858e-05,-0.000205324,0.000144664,2.54119e-05,4.98262e-05,-0.000389252,-0.00106882,0.00010904,2.48328e-05,0.000318477,-0.000267166,-0.000188266,-0.000185602,0.000144167,-0.000509837,0.000268619,0.000332175,0.000177942,-8.91205e-05,0.00399498,-0.000655355,-0.00454209,0.000436268
0.237996,0.00112127,3.76937e-05,-6.42714e-06,6.82103e-05,0.000127623,0.000292706,0.000482632,-0.00236828,0.00568176,6.59269e-05,0.000127248,-1.41067e-05,0.00137845,6.59778e-05,-7.88746e-05,0.000342067,-0.00207768,0.000317438,-0.00304434,-8.50399e-05,-0.00133467,-0.000317446,-0.000162524,0.000642782,-0.000698735,0.000640311,0.00304755,0.000680963,0.000256775,-2.25327e-05,0.00471857,6.41596e-05,-8.50447e-05,-0.000207649,-0.007518,-0.000145057,-0.00043749,2.4839e-05,7.07753e-05,0.00099301,-0.000959748,-0.000689292,-7.7932e-05,0.0013766,-6.24328e-05,-3.95278e-05,-0.000271537,0.000139762,1.45098e-05,6.28193e-05,-0.000179331,-0.00103521,9.9565e-05,2.68534e-05,0.000337515,-0.000281681,-0.000180735,-0.000189707,0.000163776,-0.000532477,0.000286412,0.000315267,0.00017295,-9.2615e-05,0.00317449,-0.000612162,-0.00456645,0.000428012
0.238996,0.00118316,4.53388e-05,-7.75788e-06,7.57366e-05,0.000158206,0.000319899,0.000428572,-0.00211449,0.0058516,4.44977e-06,0.000121463,-3.931e-05,0.00186918,6.24202e-05,-6.90941e-05,0.000375536,-0.00192315,0.00028436,-0.00297624,-9.84413e-05,-0.00145062,-0.000812288,-0.000155371,0.000684008,-0.000750798,0.000643974,0.00363605,0.000585166,0.000263318,-2.20006e-05,0.0047056,8.9061e-05,-8.06781e-05,-0.000254225,-0.00737139,-8.07797e-05,-0.000486824,2.39357e-05,1.84949e-05,0.00103017,-0.000850503,-0.000745298,-4.57164e-05,0.00127954,-5.48736e-05,-6.33884e-05,-0.000335688,0.000133575,3.60122e-06,7.65089e-05,2.9525e-05,-0.000984793,8.92411e-05,2.87852e-05,0.000354283,-0.00029536,-0.000171881,-0.000192895,0.000181216,-0.000551045,0.000300868,0.000293243,0.00016504,-9.5379e-05,0.00231733,-0.000566302,-0.00454277,0.000414737
0.239996,0.00123672,5.27299e-05,-9.00758e-06,8.29964e-05,0.000186539,0.000345763,0.00036999,-0.00182851,0.00598237,-5.99614e-05,0.000114771,-6.35446e-05,0.00236314,5.82419e-05,-5.86395e-05,0.000404241,-0.0017435,0.000247622,-0.00288134,-0.000111152,-0.00155216,-0.00131604,-0.000147327,0.000716205,-0.00079451,0.000642148,0.00423129,0.000482067,0.000267107,-2.11504e-05,0.00466131,0.000113171,-7.50917e-05,-0.000298563,-0.00717615,-1.74237e-05,-0.000534035,2.2598e-05,-3.26121e-05,0.001062,-0.000736436,-0.000798073,-1.38646e-05,0.00116122,-4.69881e-05,-8.63639e-05,-0.000396583,0.000126167,-7.25056e-06,9.08762e-05,0.00023458,-0.000917742,7.81934e-05,3.06414e-05,0.000368902,-0.000308136,-0.000161869,-0.00019514,0.000196361,-0.000565159,0.000311981,0.000265948,0.00015414,-9.73892e-05,0.00143339,-0.000518175,-0.00446953,0.000396876
0.240996,0.0012807,5.98128e-05,-1.01658e-05,8.99377e-05,0.000212513,0.000370027,0.000308096,-0.00151391,0.00607108,-0.000126665,0.000107247,-8.63877e-05,0.00285777,5.3538e-05,-4.78154e-05,0.000427747,-0.00153938,0.000207468,-0.0027596,-0.000123078,-0.00163722,-0.00182255,-0.000138411,0.000739026,-0.000829235,0.000634684,0.00482955,0.000372591,0.000268144,-1.99851e-05,0.00458546,0.000136316,-6.84873e-05,-0.000340328,-0.0069325,4.41118e-05,-0.000578535,2.07767e-05,-8.22178e-05,0.0010882,-0.000618792,-0.000847095,1.7488e-05,0.00102226,-3.88882e-05,-0.000108165,-0.000453053,0.000117626,-1.79828e-05,0.000105868,0.000433228,-0.000834558,6.65545e-05,3.24352e-05,0.000381481,-0.000319917,-0.000150869,-0.000196423,0.000209123,-0.000574475,0.000319819,0.000233306,0.000140235,-9.86294e-05,0.000532967,-0.00046812,-0.00434592,0.000374901
0.241996,0.00131395,6.65346e-05,-1.12229e-05,9.65076e-05,0.000236047,0.000392424,0.000244132,-0.00117482,0.00611488,-0.000194956,9.8972e-05,-0.000107432,0.00335036,4.84105e-05,-3.69271e-05,0.000445717,-0.00131184,0.000164193,-0.00261116,-0.000134144,-0.00170386,-0.00232529,-0.000128645,0.000752274,-0.000854467,0.000621487,0.00542644,0.000257756,0.000266463,-1.85123e-05,0.00447799,0.00015835,-6.10883e-05,-0.000379248,-0.00664065,0.000102988,-0.000619703,1.84267e-05,-0.000130027,0.00110846,-0.000498788,-0.000891848,4.82076e-05,0.000863675,-3.06858e-05,-0.000128524,-0.000503986,0.000108055,-2.85337e-05,0.000121396,0.000623032,-0.000736093,5.44616e-05,3.41795e-05,0.000392116,-0.000330585,-0.000139052,-0.000196722,0.000219451,-0.000578695,0.00032452,0.000195324,0.000123377,-9.90913e-05,-0.000373305,-0.000416429,-0.00417186,0.000349311
0.242996,0.00133535,7.28448e-05,-1.21704e-05,0.000102653,0.000257083,0.000412699,0.000179348,-0.000815848,0.00611103,-0.000264073,9.00314e-05,-0.000126293,0.00383808,4.29672e-05,-2.62734e-05,0.000457911,-0.00106232,0.00011814,-0.00243634,-0.000144295,-0.00175036,-0.00281745,-0.000118054,0.000755912,-0.000869838,0.000602519,0.00601684,0.00013866,0.000262135,-1.67441e-05,0.00433899,0.000179149,-5.31333e-05,-0.000415112,-0.00630076,0.000158444,-0.000656893,1.55081e-05,-0.00017578,0.0011225,-0.000377586,-0.000931823,7.81615e-05,0.000686877,-2.24906e-05,-0.000147195,-0.000548349,9.7571e-05,-3.88427e-05,0.000137338,0.000801765,-0.000623538,4.20557e-05,3.58867e-05,0.000400889,-0.000339995,-0.000126587,-0.000196018,0.000227333,-0.000577576,0.000326287,0.000152097,0.000103688,-9.87751e-05,-0.00127464,-0.00036335,-0.00394808,0.000320617
0.243996,0.0013439,7.86949e-05,-1.3001e-05,0.00010832,0.000275589,0.00043061,0.00011497,-0.000442004,0.00605703,-0.000333209,8.05154e-05,-0.000142618,0.00431794,3.73193e-05,-1.614e-05,0.000464193,-0.000792669,6.97046e-05,-0.00223568,-0.000153491,-0.00177527,-0.00329207,-0.000106663,0.000750058,-0.000875123,0.000577801,0.00659488,1.64722e-05,0.000255267,-1.46965e-05,0.00416867,0.000198613,-4.4869e-05,-0.000447777,-0.00591295,0.000209803,-0.000689447,1.19876e-05,-0.000219247,0.00113005,-0.000256282,-0.000966529,0.000107218,0.000493658,-1.44075e-05,-0.000163965,-0.000585212,8.63057e-05,-4.88511e-05,0.00015354,0.00096744,-0.000498405,2.94789e-05,3.7569e-05,0.000407863,-0.000347972,-0.00011364,-0.000194291,0.000232791,-0.000570939,0.000325379,0.000103816,8.13608e-05,-9.7689e-05,-0.00216026,-0.000309095,-0.00367609,0.000289334
0.244996,0.00133873,8.40395e-05,-1.37084e-05,0.000113455,0.000291554,0.000445931,5.21735e-05,-5.86074e-05,0.00595067,-0.000401525,7.05178e-05,-0.000156092,0.00478673,3.15805e-05,-6.79314e-06,0.00046453,-0.000505126,1.93223e-05,-0.00200989,-0.000161711,-0.00177744,-0.00374216,-9.45024e-05,0.000734981,-0.000870244,0.000547418,0.00715398,-0.000107579,0.000245993,-1.23891e-05,0.00396738,0.000216665,-3.6543e-05,-0.000477159,-0.00547725,0.00025649,-0.000716705,7.83992e-06,-0.000260232,0.00113085,-0.000135883,-0.000995496,0.000135246,0.000286171,-6.53443e-06,-0.000178652,-0.00061377,7.43974e-05,-5.85028e-05,0.000169821,0.00111834,-0.000362508,1.68732e-05,3.92377e-05,0.000413086,-0.000354316,-0.000100374,-0.000191518,0.000235883,-0.000558673,0.000322104,5.07698e-05,5.66638e-05,-9.58499e-05,-0.00301955,-0.000253855,-0.00335821,0.000255972
0.245996,0.0013191,8.88357e-05,-1.42877e-05,0.000118006,0.000304986,0.000458455,-7.94584e-06,0.000328797,0.00579009,-0.000468159,6.01351e-05,-0.000166444,0.00524105,2.58646e-05,1.5261e-06,0.000458988,-0.000202279,-3.25293e-05,-0.0017599,-0.000168942,-0.0017561,-0.00416087,-8.16049e-05,0.000711096,-0.000855272,0.000511518,0.00768687,-0.000232221,0.000234479,-9.84446e-06,0.00373557,0.000233247,-2.83967e-05,-0.000503237,-0.00499366,0.000298032,-0.000738029,3.049e-06,-0.000298566,0.00112467,-1.73029e-05,-0.00101828,0.000162115,6.68945e-05,1.04046e-06,-0.00019111,-0.000633364,6.19892e-05,-6.77447e-05,0.000185971,0.00125303,-0.000217922,4.37787e-06,4.09036e-05,0.000416589,-0.000358805,-8.69406e-05,-0.000187673,0.000236699,-0.000540743,0.000316808,-6.65443e-06,2.99358e-05,-9.32829e-05,-0.0038422,-0.000197812,-0.00299757,0.000221023
0.246996,0.00128445,9.30443e-05,-1.47351e-05,0.000121921,0.000315912,0.000467995,-6.43949e-05,0.000714547,0.00557388,-0.000532243,4.94656e-05,-0.000173456,0.00567725,2.02838e-05,8.60656e-06,0.000447736,0.000112955,-8.53378e-05,-0.00148687,-0.000175183,-0.00171091,-0.00454158,-6.80072e-05,0.000678954,-0.000830425,0.000470316,0.00818564,-0.000356151,0.000220917,-7.08753e-06,0.00347381,0.000248318,-2.06583e-05,-0.000526041,-0.00446217,0.000334069,-0.000752809,-2.39063e-06,-0.00033411,0.00111129,9.86512e-05,-0.00103447,0.000187697,-0.000161402,8.24036e-06,-0.00020123,-0.000643499,4.9225e-05,-7.6527e-05,0.000201763,0.00137038,-6.69509e-05,-7.87141e-06,4.25765e-05,0.000418388,-0.000361197,-7.34849e-05,-0.000182728,0.000235355,-0.000517195,0.00030986,-6.79684e-05,1.58478e-06,-9.00213e-05,-0.00461841,-0.000141148,-0.00259803,0.000184954
0.247996,0.0012344,9.66294e-05,-1.50482e-05,0.000125151,0.000324377,0.000474387,-0.000116305,0.00109296,0.00530118,-0.000592914,3.86087e-05,-0.000176966,0.00609146,1.4947e-05,1.42711e-05,0.000431031,0.000437372,-0.000138562,-0.00119217,-0.00018044,-0.00164194,-0.00487809,-5.37505e-05,0.000639227,-0.000796062,0.000424091,0.00864182,-0.000478052,0.000205519,-4.14532e-06,0.00318273,0.000261851,-1.35364e-05,-0.00054565,-0.00388275,0.000364351,-0.00076049,-8.47293e-06,-0.000366749,0.00109054,0.00021128,-0.00104371,0.000211866,-0.000395708,1.50019e-05,-0.000208945,-0.000643853,3.62448e-05,-8.48044e-05,0.000216954,0.00146956,8.79249e-05,-1.9745e-05,4.42652e-05,0.000418487,-0.000361237,-6.01404e-05,-0.000176649,0.000231995,-0.000488157,0.000301642,-0.000132586,-2.79179e-05,-8.61062e-05,-0.005339,-8.40656e-05,-0.00216419,0.000148206
0.248996,0.00116877,9.9559e-05,-1.52259e-05,0.000127647,0.000330437,0.00047749,-0.000162947,0.00145845,0.00497169,-0.000649324,2.76641e-05,-0.000176872,0.00647953,9.958e-06,1.83796e-05,0.000409217,0.000767536,-0.000191637,-0.000877405,-0.000184719,-0.00154978,-0.0051647,-3.88812e-05,0.000592694,-0.000752678,0.000373187,0.00904656,-0.000596606,0.000188519,-1.04623e-06,0.00286304,0.000273829,-7.2142e-06,-0.00056218,-0.00325551,0.000388742,-0.000760584,-1.51794e-05,-0.000396387,0.00106225,0.000319995,-0.00104568,0.000234499,-0.000632818,2.12767e-05,-0.000214224,-0.000634289,2.3181e-05,-9.25355e-05,0.000231294,0.00155005,0.000244097,-3.11207e-05,4.59771e-05,0.000416879,-0.000358665,-4.70288e-05,-0.000169397,0.000226782,-0.000453841,0.000292535,-0.000199825,-5.80449e-05,-8.15861e-05,-0.00599556,-2.67919e-05,-0.00170128,0.000111185
0.249996,0.0010876,0.000101805,-1.52684e-05,0.000129365,0.000334161,0.000477189,-0.000203749,0.00180562,0.00458583,-0.000700661,1.67308e-05,-0.000173138,0.00683707,5.41338e-06,2.08313e-05,0.000382714,0.00109982,-0.000243985,-0.000544427,-0.000188029,-0.00143549,-0.00539638,-2.34511e-05,0.000540226,-0.000700896,0.000318012,0.0093907,-0.000710513,0.000170161,2.18049e-06,0.00251554,0.000284243,-1.8446e-06,-0.000575776,-0.00258067,0.000407214,-0.000752691,-2.24786e-05,-0.000422951,0.0010263,0.000424311,-0.0010401,0.000255478,-0.000869398,2.70325e-05,-0.000217077,-0.000614858,1.01548e-05,-9.96841e-05,0.000244529,0.00161163,0.000398887,-4.18851e-05,4.77186e-05,0.000413551,-0.000353221,-3.42597e-05,-0.000160929,0.000219898,-0.000414542,0.000282902,-0.000268914,-8.82216e-05,-7.6516e-05,-0.00658061,3.04053e-05,-0.00121508,7.42621e-05
0.250996,0.000991141,0.000103343,-1.51771e-05,0.000130263,0.00033563,0.000473392,-0.000238301,0.00212935,0.0041447,-0.000746157,5.90646e-06,-0.000165792,0.00715947,1.40115e-06,2.15659e-05,0.000352004,0.0014305,-0.000295017,-0.00019533,-0.000190373,-0.00130062,-0.00556888,-7.51844e-06,0.000482767,-0.000641449,0.000259032,0.00966498,-0.000818508,0.000150705,5.50518e-06,0.0021411,0.000293084,2.45389e-06,-0.000586595,-0.00185875,0.000419842,-0.000736514,-3.03252e-05,-0.000446383,0.000982607,0.000523843,-0.00102676,0.000274691,-0.00110204,3.22539e-05,-0.000217554,-0.000585803,-2.72784e-06,-0.000106219,0.000256411,0.00165434,0.000549603,-5.1935e-05,4.94943e-05,0.000408485,-0.000344657,-2.1929e-05,-0.000151195,0.000211536,-0.000370637,0.00027308,-0.000339,-0.000117838,-7.09572e-05,-0.00708765,8.7212e-05,-0.000711858,3.77702e-05
0.251996,0.00087988,0.000104154,-1.49547e-05,0.000130304,0.000334932,0.000466031,-0.00026636,0.00242493,0.00365024,-0.000785099,-4.71356e-06,-0.000154933,0.00744191,-2.00109e-06,2.05639e-05,0.000317627,0.00175574,-0.000344147,0.00016754,-0.00019175,-0.00114721,-0.00567881,8.85172e-06,0.000421312,-0.000575177,0.00019677,0.00986025,-0.000919373,0.000130412,8.89828e-06,0.00174067,0.000300343,5.59996e-06,-0.000594802,-0.0010906,0.0004268,-0.000711874,-3.86605e-05,-0.000466639,0.000931122,0.000618291,-0.00100554,0.000292032,-0.00132732,3.69424e-05,-0.000215737,-0.000547548,-1.53782e-05,-0.000112113,0.000266702,0.00167851,0.000693599,-6.11789e-05,5.1307e-05,0.000401663,-0.000332745,-1.01198e-05,-0.000140143,0.000201895,-0.000322579,0.000263363,-0.000409157,-0.000146262,-6.49758e-05,-0.00751133,0.000143262,-0.00019821,2.00617e-06
0.252996,0.00075453,0.000104221,-1.4605e-05,0.000129455,0.000332162,0.000455061,-0.000287851,0.00268813,0.00310517,-0.000816845,-1.50367e-05,-0.000140722,0.00767941,-4.72761e-06,1.7846e-05,0.000280162,0.00207177,-0.000390795,0.000541586,-0.000192149,-0.00097773,-0.00572373,2.55872e-05,0.000356892,-0.000503003,0.0001318,0.00996763,-0.00101196,0.000109547,1.23307e-05,0.00131531,0.000306009,7.55121e-06,-0.000600549,-0.000277547,0.000428346,-0.000678725,-4.74122e-05,-0.000483685,0.000871851,0.000707434,-0.000976332,0.000307407,-0.00154188,4.11165e-05,-0.000211744,-0.000500698,-2.77277e-05,-0.000117346,0.000275182,0.00168472,0.000828336,-6.95374e-05,5.31578e-05,0.00039307,-0.000317284,1.09851e-06,-0.000127718,0.000191182,-0.000270891,0.000253994,-0.000478396,-0.00017285,-5.86423e-05,-0.00784749,0.000198135,0.000319024,-3.27692e-05
0.253996,0.000616029,0.000103536,-1.41329e-05,0.00012769,0.000327421,0.000440461,-0.000302859,0.00291523,0.00251309,-0.000840831,-2.49742e-05,-0.00012339,0.00786688,-6.72592e-06,1.34721e-05,0.000240217,0.00237484,-0.0004344,0.000923959,-0.000191549,-0.000795077,-0.00570223,4.26083e-05,0.000290549,-0.000425922,6.47387e-05,0.00997881,-0.0010952,8.83739e-05,1.57742e-05,0.000866193,0.000310062,8.30471e-06,-0.000603969,0.000578477,0.000424816,-0.000637161,-5.64949e-05,-0.0004975,0.000804851,0.000791106,-0.000939137,0.000320727,-0.00174248,4.48107e-05,-0.00020572,-0.000446021,-3.97289e-05,-0.000121901,0.000281654,0.00167375,0.000951434,-7.69443e-05,5.50455e-05,0.000382696,-0.000298115,1.16693e-05,-0.000113862,0.000179599,-0.000216159,0.000245152,-0.000545682,-0.000196969,-5.20307e-05,-0.0080932,0.000251357,0.000832901,-6.63281e-05
0.254996,0.000465536,0.000102091,-1.35441e-05,0.000124989,0.000320815,0.000422229,-0.000311625,0.00310317,0.00187845,-0.000856584,-3.44412e-05,-0.000103227,0.00799922,-7.95801e-06,7.5385e-06,0.000198417,0.00266136,-0.000474422,0.00131157,-0.000189916,-0.000602487,-0.00561393,5.98275e-05,0.000223318,-0.000344979,-3.75667e-06,0.00988622,-0.00116812,6.71486e-05,1.92017e-05,0.000394628,0.000312476,7.89627e-06,-0.00060516,0.00147484,0.00041661,-0.000587429,-6.58108e-05,-0.000508068,0.000730235,0.000869185,-0.00089401,0.000331918,-0.00192606,4.80741e-05,-0.000197836,-0.000384432,-5.13561e-05,-0.000125767,0.000285949,0.00164657,0.00106073,-8.33472e-05,5.69666e-05,0.000370542,-0.000275123,2.15487e-05,-9.85181e-05,0.000167344,-0.000159024,0.00023695,-0.000609947,-0.000218006,-4.52167e-05,-0.00824685,0.000302407,0.00133651,-9.84731e-05
0.255996,0.000304418,9.9884e-05,-1.28455e-05,0.000121337,0.000312453,0.000400382,-0.000314526,0.00324953,0.00120653,-0.000863725,-4.33582e-05,-8.05807e-05,0.00807134,-8.40131e-06,1.75812e-07,0.00015539,0.00292793,-0.000510359,0.00170109,-0.000187203,-0.000403477,-0.00545956,7.71497e-05,0.00015621,-0.000261258,-7.29999e-05,0.00968334,-0.00122986,4.6118e-05,2.25875e-05,-9.78902e-05,0.000313215,6.3986e-06,-0.000604176,0.00240807,0.000404179,-0.000529927,-7.52511e-05,-0.000515384,0.000648183,0.000941575,-0.000841079,0.000340915,-0.00208978,5.09689e-05,-0.000188284,-0.000316975,-6.26049e-05,-0.000128935,0.00028793,0.00160433,0.00115432,-8.87074e-05,5.89151e-05,0.000356622,-0.000248251,3.07044e-05,-8.16335e-05,0.000154608,-0.000100169,0.000229424,-0.00067011,-0.000235386,-3.82774e-05,-0.00830809,0.000350722,0.0018231,-0.000129033
0.256996,0.000134233,9.69194e-05,-1.20448e-05,0.000116728,0.000302446,0.000374958,-0.000312063,0.00335262,0.000503438,-0.000861983,-5.16508e-05,-5.58507e-05,0.00807833,-8.04945e-06,-8.45472e-06,0.000111758,0.00317138,-0.000541743,0.00208899,-0.00018335,-0.000201766,-0.0052409,9.4472e-05,9.01905e-05,-0.000175858,-0.000142283,0.00936489,-0.00127967,2.55156e-05,2.59073e-05,-0.00060966,0.000312232,3.91835e-06,-0.000601017,0.00337376,0.000388012,-0.000465209,-8.46971e-05,-0.000519445,0.000558937,0.00100819,-0.000780545,0.000347668,-0.00223111,5.35678e-05,-0.00017727,-0.0002448,-7.34906e-05,-0.000131401,0.000287498,0.00154827,0.00123061,-9.30005e-05,6.08822e-05,0.000340961,-0.000217504,3.91153e-05,-6.31611e-05,0.000141568,-4.03067e-05,0.000222536,-0.00072509,-0.000248591,-3.12896e-05,-0.0082779,0.000395713,0.00228621,-0.000157861
0.257996,-4.32844e-05,9.32047e-05,-1.11501e-05,0.000111166,0.00029091,0.000346007,-0.000304839,0.00341146,-0.000223964,-0.000851191,-5.92506e-05,-2.94819e-05,0.00801554,-6.91281e-06,-1.81648e-05,6.81231e-05,0.00338888,-0.000568159,0.00247152,-0.000178282,-1.18231e-06,-0.00496077,0.000111684,2.61663e-05,-8.98761e-05,-0.000210885,0.00892706,-0.00131697,5.55847e-06,2.91387e-05,-0.00113873,0.000309473,5.9217e-07,-0.000595623,0.00436649,0.000368621,-0.000393979,-9.40222e-05,-0.00052026,0.000462813,0.00106893,-0.000712673,0.00035214,-0.00234785,5.59515e-05,-0.000165013,-0.000169137,-8.40463e-05,-0.000133165,0.000284592,0.00147976,0.00128833,-9.62159e-05,6.28563e-05,0.000323604,-0.000182956,4.67703e-05,-4.30633e-05,0.000128387,1.98287e-05,0.000216168,-0.000773832,-0.000257173,-2.43289e-05,-0.00815849,0.000436775,0.00271982,-0.000184827
0.258996,-0.000226248,8.87527e-05,-1.01704e-05,0.000104661,0.000277959,0.000313596,-0.000293538,0.00342583,-0.000968128,-0.0008313,-6.60956e-05,-1.95578e-06,0.00787867,-5.01877e-06,-2.87432e-05,2.50581e-05,0.0035779,-0.000589243,0.00284479,-0.000171911,0.000194427,-0.004623,0.00012867,-3.50311e-05,-4.39371e-06,-0.000278083,0.00836774,-0.00134128,-1.35549e-05,3.22606e-05,-0.00168284,0.000304873,-3.41802e-06,-0.000587867,0.00537969,0.000346531,-0.000317081,-0.000103094,-0.000517841,0.000360202,0.00112368,-0.000637797,0.000354307,-0.00243819,5.82053e-05,-0.000151734,-9.12725e-05,-9.43188e-05,-0.000134227,0.000279191,0.00140023,0.00132658,-9.83568e-05,6.48225e-05,0.000304611,-0.000144754,5.36669e-05,-2.13164e-05,0.000115212,7.94992e-05,0.000210134,-0.000815321,-0.00026077,-1.74685e-05,-0.00795326,0.000473308,0.00311842,-0.000209817
0.259996,-0.000412643,8.35807e-05,-9.11509e-06,9.72341e-05,0.00026371,0.000277807,-0.000278903,0.00339623,-0.0017209,-0.000802374,-7.21305e-05,2.62174e-05,0.00766397,-2.41164e-06,-3.996e-05,-1.69009e-05,0.00373634,-0.000604692,0.00320476,-0.00016414,0.0003813,-0.00423232,0.000145306,-9.2657e-05,7.9544e-05,-0.000343161,0.00768673,-0.00135229,-3.16473e-05,3.52537e-05,-0.00223942,0.000298365,-7.93053e-06,-0.000577555,0.00640566,0.000322265,-0.000235491,-0.000111775,-0.000512211,0.000251568,0.00117228,-0.000556314,0.000354163,-0.00250071,6.04162e-05,-0.000137657,-1.25167e-05,-0.000104365,-0.00013459,0.000271316,0.00131114,0.00134485,-9.9439e-05,6.67629e-05,0.000284063,-0.00010312,5.98108e-05,2.08589e-06,0.000102171,0.000137974,0.000204176,-0.000848608,-0.000259116,-1.07783e-05,-0.00766677,0.000504731,0.00347717,-0.00023273
0.260996,-0.000600356,7.77112e-05,-7.99394e-06,8.89145e-05,0.000248282,0.000238732,-0.000261709,0.00332387,-0.00247366,-0.00076459,-7.73071e-05,5.45088e-05,0.00736831,8.47669e-07,-5.15711e-05,-5.72634e-05,0.00386247,-0.000614265,0.00354731,-0.000154863,0.000555855,-0.00379429,0.000161465,-0.000146064,0.000160942,-0.000405417,0.00688583,-0.00134985,-4.85641e-05,3.81004e-05,-0.00280548,0.000289876,-1.27498e-05,-0.000564426,0.00743549,0.000296333,-0.000150296,-0.000119928,-0.000503402,0.000137457,0.00121455,-0.000468676,0.000351714,-0.00253442,6.26693e-05,-0.000123001,6.58196e-05,-0.000114246,-0.000134256,0.000261025,0.00121395,0.00134301,-9.94908e-05,6.86563e-05,0.000262058,-5.83539e-05,6.52141e-05,2.71282e-05,8.93705e-05,0.000194543,0.00019798,-0.000872829,-0.000252058,-4.32336e-06,-0.00730459,0.000530508,0.00379197,-0.000253473
0.261996,-0.000787202,7.11711e-05,-6.81701e-06,7.97426e-05,0.000231794,0.000196479,-0.000242738,0.00321065,-0.00321739,-0.000718243,-8.15846e-05,8.23805e-05,0.00698934,4.68229e-06,-6.33227e-05,-9.55897e-05,0.00395501,-0.000617793,0.00386824,-0.000143965,0.00071479,-0.00331519,0.000177015,-0.000194709,0.000238869,-0.000464181,0.00596903,-0.00133396,-6.41746e-05,4.07843e-05,-0.00337764,0.000279335,-1.76727e-05,-0.000548155,0.0084591,0.000269221,-6.26799e-05,-0.000127415,-0.000491455,1.84887e-05,0.00125024,-0.000375392,0.000346981,-0.00253879,6.50436e-05,-0.000107975,0.000142454,-0.000124023,-0.00013323,0.000248417,0.00111011,0.0013213,-9.85519e-05,7.04783e-05,0.000238714,-1.08277e-05,6.98945e-05,5.37691e-05,7.68992e-05,0.00024853,0.000191184,-0.000887225,-0.000239561,1.83664e-06,-0.00687319,0.000550162,0.00405951,-0.000271961
0.262996,-0.000970955,6.39921e-05,-5.59456e-06,6.97683e-05,0.000214366,0.000151169,-0.000222762,0.00305907,-0.00394288,-0.000663737,-8.49299e-05,0.000109296,0.00652564,9.00039e-06,-7.49555e-05,-0.000131496,0.00401312,-0.000615175,0.0041634,-0.000131332,0.000855168,-0.00280191,0.000191822,-0.000238159,0.000312472,-0.000518815,0.00494252,-0.00130479,-7.83726e-05,4.32902e-05,-0.00395206,0.000266678,-2.24948e-05,-0.000528363,0.00946525,0.000241384,2.61048e-05,-0.000134104,-0.000476425,-0.000104638,0.00127907,-0.000277014,0.000340004,-0.00251374,6.76091e-05,-9.27746e-05,0.000216159,-0.00013375,-0.000131512,0.000233625,0.00100105,0.00128036,-9.66721e-05,7.22012e-05,0.000214165,3.90133e-05,7.3874e-05,8.19368e-05,6.48245e-05,0.000299303,0.00018339,-0.000891158,-0.000221713,7.64843e-06,-0.00637987,0.0005633,0.00427737,-0.000288112
0.263996,-0.00114938,5.62109e-05,-4.33689e-06,5.90519e-05,0.000196118,0.000102937,-0.000202511,0.00287223,-0.00464083,-0.000601584,-8.73176e-05,0.000134729,0.0059768,1.36964e-05,-8.62093e-05,-0.000164656,0.00403637,-0.000606386,0.00442867,-0.000116851,0.000974503,-0.00226177,0.00020575,-0.000276092,0.000380984,-0.00056873,0.00381477,-0.00126267,-9.10768e-05,4.56043e-05,-0.0045244,0.000251848,-2.70167e-05,-0.000504624,0.0104417,0.000213234,0.000114759,-0.000139868,-0.000458383,-0.000231153,0.0013007,-0.000174137,0.000330833,-0.00245963,7.04229e-05,-7.75822e-05,0.000285786,-0.000143467,-0.000129105,0.000216815,0.000888127,0.00122116,-9.39102e-05,7.3794e-05,0.000188563,9.06589e-05,7.71781e-05,0.000111526,5.31943e-05,0.00034629,0.000174182,-0.000884136,-0.000198735,1.30659e-05,-0.00583255,0.000569627,0.00444404,-0.000301853
0.264996,-0.00132028,4.78683e-05,-3.05433e-06,4.7663e-05,0.000177172,5.19338e-05,-0.000182661,0.00265369,-0.00530202,-0.000532396,-8.87302e-05,0.000158177,0.00534362,1.86528e-05,-9.6827e-05,-0.000194806,0.0040248,-0.000591474,0.00466006,-0.000100416,0.00107083,-0.00170242,0.000218664,-0.000308302,0.000443734,-0.000613391,0.00259647,-0.00120806,-0.000102231,4.77133e-05,-0.00508983,0.000234804,-3.105e-05,-0.000476483,0.0113751,0.000185142,0.000201967,-0.000144587,-0.000437415,-0.000360215,0.00131475,-6.73897e-05,0.000319535,-0.00237725,7.3526e-05,-6.25593e-05,0.000350286,-0.000153197,-0.000126007,0.000198177,0.00077262,0.00114503,-9.03331e-05,7.5223e-05,0.000162074,0.00014354,7.98347e-05,0.000142392,4.20384e-05,0.000388981,0.000163139,-0.000865822,-0.000170973,1.80508e-05,-0.00523968,0.000568967,0.00455891,-0.000313111
0.265996,-0.00148149,3.901e-05,-1.75709e-06,3.56814e-05,0.000157651,-1.66907e-06,-0.000163812,0.00240747,-0.00591749,-0.00045688,-8.91586e-05,0.000179169,0.00462811,2.37417e-05,-0.000106558,-0.000221741,0.00397881,-0.00057056,0.00485376,-8.19322e-05,0.00114274,-0.00113168,0.000230431,-0.000334689,0.000500154,-0.000652325,0.00130048,-0.00114161,-0.000111802,4.96048e-05,-0.00564303,0.000215523,-3.44229e-05,-0.000443467,0.0122516,0.000157425,0.000286422,-0.000148155,-0.000413627,-0.00049092,0.00132084,4.25706e-05,0.000306193,-0.00226781,7.69407e-05,-4.78476e-05,0.000408732,-0.000162934,-0.000122215,0.000177927,0.000655735,0.00105356,-8.60138e-05,7.64517e-05,0.000134875,0.000197039,8.18731e-05,0.000174352,3.13695e-05,0.000426944,0.000149852,-0.000836051,-0.0001389,2.25732e-05,-0.00461005,0.000561272,0.00462229,-0.000321822
0.266996,-0.00163094,2.9686e-05,-4.55176e-07,2.31956e-05,0.000137677,-5.76793e-05,-0.000146474,0.00213787,-0.00647868,-0.000375827,-8.86014e-05,0.000197273,0.00383368,2.88272e-05,-0.000115164,-0.000245315,0.00389923,-0.00054384,0.00500622,-6.13229e-05,0.00118945,-0.000557401,0.000240922,-0.00035526,0.000549784,-0.000685131,-5.83356e-05,-0.00106408,-0.00011978,5.12668e-05,-0.00617818,0.000194008,-3.69849e-05,-0.00040511,0.0130565,0.000130351,0.000366857,-0.000150479,-0.000387143,-0.000622305,0.00131854,0.000155066,0.000290901,-0.00213291,8.06678e-05,-3.35672e-05,0.000460331,-0.000172646,-0.000117724,0.000156293,0.000538583,0.000948619,-8.10305e-05,7.74416e-05,0.000107156,0.0002505,8.33234e-05,0.000207179,2.11856e-05,0.000459828,0.000133943,-0.000794837,-0.000103111,2.66117e-05,-0.00395268,0.000546635,0.00463537,-0.000327928
0.267996,-0.00176669,1.99505e-05,8.4162e-07,1.03028e-05,0.000117373,-0.000115879,-0.000131057,0.00184947,-0.0069776,-0.000290104,-8.70657e-05,0.000212107,0.00296511,3.37677e-05,-0.000122419,-0.00026544,0.00378719,-0.000511576,0.00511421,-3.8534e-05,0.00121082,1.27049e-05,0.000250013,-0.000370122,0.000592273,-0.000711482,-0.00146328,-0.000976382,-0.000126177,5.26876e-05,-0.00668901,0.000170288,-3.8611e-05,-0.000360968,0.0137749,0.000104135,0.000442073,-0.000151479,-0.000358111,-0.000753361,0.00130745,0.000269402,0.000273766,-0.00197448,8.4685e-05,-1.98162e-05,0.000504438,-0.000182261,-0.000112528,0.000133517,0.000422177,0.000832263,-7.54648e-05,7.81518e-05,7.91128e-05,0.000303238,8.4216e-05,0.000240601,1.14716e-05,0.000487367,0.000115081,-0.000742386,-6.43072e-05,3.01539e-05,-0.0032766,0.000525297,0.00460019,-0.000331381
0.268996,-0.00188694,9.86213e-06,2.12385e-06,-2.89213e-06,9.68634e-05,-0.00017602,-0.00011786,0.00154697,-0.00740697,-0.000200643,-8.45665e-05,0.000223348,0.00202865,3.84186e-05,-0.000128116,-0.000282083,0.00364416,-0.0004741,0.00517487,-1.35408e-05,0.0012073,0.000571175,0.000257587,-0.00037947,0.00062738,-0.00073113,-0.00289605,-0.000879528,-0.000131025,5.38557e-05,-0.00716883,0.000144426,-3.92051e-05,-0.000310647,0.0143917,7.89405e-05,0.000510967,-0.000151093,-0.0003267,-0.00088304,0.00128719,0.000384875,0.000254912,-0.00179477,8.89456e-05,-6.67104e-06,0.000540565,-0.000191671,-0.000106617,0.000109843,0.000307427,0.000706719,-6.94009e-05,7.85407e-05,5.09462e-05,0.000354556,8.45811e-05,0.000274302,2.202e-06,0.000509384,9.29944e-05,-0.000679092,-2.32884e-05,3.31962e-05,-0.00259078,0.000497645,0.00451953,-0.000332142
0.269996,-0.00199004,-5.16954e-07,3.38244e-06,-1.62776e-05,7.627e-05,-0.000237821,-0.000107071,0.00123514,-0.00776039,-0.000108429,-8.11271e-05,0.000230734,0.00103201,4.2635e-05,-0.000132065,-0.000295257,0.00347188,-0.000431804,0.00518581,1.36468e-05,0.00117999,0.00111094,0.000263537,-0.000383582,0.000654972,-0.000743915,-0.00433706,-0.00077465,-0.000134374,5.47595e-05,-0.00761059,0.00011652,-3.87025e-05,-0.00025382,0.0148923,5.48831e-05,0.000572552,-0.000149278,-0.000293105,-0.00101026,0.0012574,0.000500775,0.00023447,-0.0015963,9.33781e-05,5.81205e-06,0.000568386,-0.000200726,-9.99825e-05,8.55152e-05,0.000195146,0.000574316,-6.29234e-05,7.85656e-05,2.28588e-05,0.000403759,8.44479e-05,0.000307922,-6.65638e-06,0.000525794,6.74911e-05,-0.000605545,1.90659e-05,3.57435e-05,-0.00190392,0.000464213,0.00439685,-0.00033019
0.270996,-0.00207457,-1.11207e-05,4.60875e-06,-2.97364e-05,5.57153e-05,-0.000300963,-9.87625e-05,0.000918719,-0.00803243,-1.44872e-05,-7.67787e-05,0.000234074,-1.56893e-05,4.62745e-05,-0.000134102,-0.000305024,0.00327227,-0.000385137,0.00514515,4.29785e-05,0.00113057,0.00162543,0.000267766,-0.000382806,0.000675023,-0.000749759,-0.00576574,-0.000662964,-0.000136289,5.53875e-05,-0.008007,8.67053e-05,-3.70708e-05,-0.000190258,0.0152622,3.20334e-05,0.000625985,-0.000146008,-0.000257542,-0.00113394,0.00121783,0.000616391,0.000212586,-0.0013818,9.78865e-05,1.75958e-05,0.000587734,-0.000209233,-9.2614e-05,6.07695e-05,8.60483e-05,0.00043744,-5.61167e-05,7.81842e-05,-4.94736e-06,0.000450161,8.38447e-05,0.000341058,-1.51422e-05,0.000536601,3.8466e-05,-0.00052252,6.18149e-05,3.78095e-05,-0.00122437,0.000425669,0.00423617,-0.000325518
0.271996,-0.00213928,-2.18799e-05,5.79461e-06,-4.31467e-05,3.53207e-05,-0.000365083,-9.28994e-05,0.000602309,-0.00821876,8.01302e-05,-7.15605e-05,0.000233247,-0.00110393,4.92004e-05,-0.000134087,-0.000311484,0.00304747,-0.000334602,0.00505157,7.43586e-05,0.00106123,0.00210868,0.00027019,-0.000377545,0.000687605,-0.000748671,-0.00716093,-0.000545759,-0.00013685,5.5728e-05,-0.00835061,5.51566e-05,-3.43108e-05,-0.000119845,0.0154882,1.04228e-05,0.000670581,-0.000141275,-0.000220253,-0.00125296,0.00116828,0.000731014,0.000189413,-0.00115415,0.000102351,2.86593e-05,0.000598602,-0.000216958,-8.45028e-05,3.58293e-05,-1.92454e-05,0.000298479,-4.90636e-05,7.73547e-05,-3.22743e-05,0.000493105,8.27991e-05,0.000373268,-2.3297e-05,0.000541893,5.91323e-06,-0.000430972,0.000103977,3.94153e-05,-0.000559971,0.00038281,0.00404199,-0.00031814
0.272996,-0.00218318,-3.27219e-05,6.93237e-06,-5.63838e-05,1.52053e-05,-0.000429771,-8.93416e-05,0.000290321,-0.00831626,0.000174356,-6.55191e-05,0.00022821,-0.00222094,5.12843e-05,-0.000131906,-0.00031477,0.00279972,-0.000280741,0.00490437,0.000107641,0.000974622,0.00255543,0.000270738,-0.000368251,0.000692884,-0.000740747,-0.00850128,-0.000424378,-0.000136148,5.57695e-05,-0.00863392,2.20881e-05,-3.04555e-05,-4.26038e-05,0.0155581,-9.95164e-06,0.000705828,-0.000135092,-0.000181498,-0.00136625,0.00110867,0.000843937,0.000165118,-0.000916358,0.000106631,3.89959e-05,0.000601133,-0.000223629,-7.56424e-05,1.09015e-05,-0.000120201,0.000159774,-4.18441e-05,7.60373e-05,-5.89302e-05,0.000531975,8.13371e-05,0.000404074,-3.11627e-05,0.000541843,-3.0067e-05,-0.000332023,0.000144554,4.05895e-05,8.20317e-05,0.000336539,0.00381911,-0.000308094
0.273995,-0.00220551,-4.35719e-05,8.01491e-06,-6.93211e-05,-4.51394e-06,-0.000494568,-8.78556e-05,-1.31118e-05,-0.00832303,0.000267124,-5.87091e-05,0.000218994,-0.00335377,5.24094e-05,-0.000127474,-0.000315045,0.00253135,-0.000224137,0.00470352,0.000142625,0.000873795,0.00296118,0.000269353,-0.000355407,0.000691112,-0.000726163,-0.00976562,-0.000300199,-0.000134283,5.55003e-05,-0.00884956,-1.22475e-05,-2.55688e-05,4.12869e-05,0.0154614,-2.91199e-05,0.000731395,-0.000127488,-0.000141563,-0.00147274,0.00103904,0.000954459,0.000139872,-0.000671473,0.000110567,4.86097e-05,0.000595612,-0.000228936,-6.60298e-05,-1.38285e-05,-0.000216363,2.35713e-05,-3.45344e-05,7.41947e-05,-8.47317e-05,0.000566207,7.94838e-05,0.000432971,-3.87792e-05,0.000536698,-6.92642e-05,-0.000226949,0.000182556,4.13672e-05,0.000695078,0.000287847,0.00357256,-0.000295439
0.274995,-0.00220578,-5.43526e-05,9.03569e-06,-8.18321e-05,-2.37233e-05,-0.000558962,-8.81267e-05,-0.000304195,-0.00823851,0.00035738,-5.11919e-05,0.000205706,-0.00448852,5.2473e-05,-0.000120737,-0.000312495,0.00224471,-0.0001654,0.00444967,0.000179055,0.000762071,0.00332221,0.000265994,-0.000339518,0.000682619,-0.000705176,-0.0109335,-0.000174617,-0.000131361,5.49093e-05,-0.00899042,-4.75603e-05,-1.97431e-05,0.000131476,0.0151893,-4.71329e-05,0.000747141,-0.00011851,-0.00010075,-0.00157138,0.00095958,0.00106188,0.000113858,-0.000422564,0.000113984,5.7513e-05,0.000582454,-0.000232545,-5.56675e-05,-3.8199e-05,-0.000307349,-0.000108018,-2.72063e-05,7.1793e-05,-0.000109506,0.000595298,7.72634e-05,0.00045943,-4.61828e-05,0.000526773,-0.000111356,-0.000117154,0.000217022,4.17889e-05,0.00127337,0.00023779,0.00330741,-0.000280263
0.275995,-0.00218374,-6.49849e-05,9.98874e-06,-9.37917e-05,-4.23132e-05,-0.000622385,-8.97735e-05,-0.000579524,-0.00806343,0.000444097,-4.3036e-05,0.000188526,-0.00561048,5.13894e-05,-0.000111672,-0.000307322,0.00194218,-0.000105164,0.00414422,0.000216615,0.000642961,0.00363568,0.000260639,-0.000321097,0.0006678,-0.000678116,-0.0119854,-4.90223e-05,-0.000127494,5.39854e-05,-0.00904979,-8.35269e-05,-1.30962e-05,0.000227427,0.0147355,-6.40554e-05,0.000753108,-0.000108216,-5.93771e-05,-0.00166119,0.000870622,0.00116551,8.72625e-05,-0.000172652,0.000116696,6.5723e-05,0.000562186,-0.000234097,-4.4565e-05,-6.20744e-05,-0.00039284,-0.000233058,-1.99264e-05,6.88029e-05,-0.000133095,0.00061882,7.46994e-05,0.000482907,-5.34039e-05,0.000512441,-0.000155913,-4.15272e-06,0.000247052,4.18994e-05,0.00181192,0.00018746,0.0030287,-0.000262679
0.276995,-0.0021394,-7.53887e-05,1.08687e-05,-0.000105078,-6.01785e-05,-0.000684217,-9.23643e-05,-0.000836133,-0.00779984,0.000526291,-3.43166e-05,0.000167706,-0.00670437,4.9092e-05,-0.000100287,-0.000299741,0.00162609,-4.40748e-05,0.00378925,0.000254931,0.000520063,0.00389958,0.000253281,-0.000300655,0.000647111,-0.00064538,-0.0129035,7.52169e-05,-0.000122795,5.27184e-05,-0.0090216,-0.000119794,-5.76737e-06,0.000328413,0.0140959,-7.99595e-05,0.00074952,-9.66822e-05,-1.77769e-05,-0.00174123,0.000772662,0.00126465,6.02793e-05,7.53263e-05,0.00011851,7.3259e-05,0.000535431,-0.000233224,-3.27402e-05,-8.53461e-05,-0.000472571,-0.000349822,-1.27554e-05,6.52003e-05,-0.000155351,0.000636425,7.18144e-05,0.000502855,-6.04662e-05,0.000494127,-0.000202398,0.000110458,0.000271827,4.17474e-05,0.00230661,0.000137956,0.00274125,-0.000242829
0.277995,-0.00207305,-8.54832e-05,1.16708e-05,-0.000115573,-7.72199e-05,-0.000743782,-9.54343e-05,-0.00107152,-0.00745107,0.000603029,-2.51149e-05,0.000143559,-0.00775461,4.55357e-05,-8.66242e-05,-0.000289974,0.00129872,1.72175e-05,0.00338759,0.000293569,0.000396953,0.00411273,0.000243931,-0.000278689,0.000621051,-0.000607425,-0.0136716,0.000196775,-0.00011738,5.10992e-05,-0.00890055,-0.000155983,2.0867e-06,0.00043351,0.0132696,-9.49184e-05,0.000736773,-8.39912e-05,2.37096e-05,-0.00181066,0.00066636,0.0013586,3.31057e-05,0.000318564,0.000119234,8.01397e-05,0.000502892,-0.000229556,-2.02217e-05,-0.000107933,-0.000546326,-0.000456814,-5.74796e-06,6.09675e-05,-0.000176145,0.00064785,6.86311e-05,0.000518731,-6.73849e-05,0.000472291,-0.000250185,0.000225025,0.000290632,4.13832e-05,0.00275417,9.03591e-05,0.00244963,-0.000220879
0.278995,-0.00198523,-9.51877e-05,1.23909e-05,-0.000125168,-9.33445e-05,-0.000800353,-9.85036e-05,-0.00128367,-0.00702168,0.000673446,-1.5518e-05,0.000116461,-0.00874556,4.06986e-05,-7.07601e-05,-0.000278247,0.000962296,7.80639e-05,0.00294277,0.000332043,0.000277085,0.00427479,0.000232619,-0.000255675,0.000590157,-0.000564757,-0.014276,0.000314386,-0.000111361,4.91199e-05,-0.0086823,-0.000191698,1.02967e-05,0.000541605,0.0122581,-0.000109,0.00071542,-7.02346e-05,6.47354e-05,-0.00186867,0.000552537,0.00144667,5.94218e-06,0.00055442,0.00011868,8.63809e-05,0.000465328,-0.000222735,-7.0501e-06,-0.000129779,-0.000613928,-0.000552793,1.04751e-06,5.60935e-05,-0.000195362,0.000652923,6.51718e-05,0.000530008,-7.41664e-05,0.000447422,-0.00029856,0.000337873,0.000302878,4.08584e-05,0.0031522,4.56975e-05,0.00215795,-0.000197023
0.279995,-0.00187672,-0.000104422,1.30254e-05,-0.000133757,-0.000108466,-0.00085316,-0.000101095,-0.00147106,-0.00651736,0.000736752,-5.61809e-06,8.68368e-05,-0.00966187,3.45831e-05,-5.28035e-05,-0.000264784,0.000618937,0.000137827,0.00245903,0.000369814,0.000163694,0.00438619,0.000219391,-0.000232058,0.000554992,-0.000517926,-0.0147054,0.000426859,-0.000104848,4.67742e-05,-0.00836363,-0.00022653,1.86857e-05,0.000651396,0.0110666,-0.000122264,0.000686154,-5.55088e-05,0.000104952,-0.00191456,0.000432171,0.00152816,-2.10095e-05,0.000780451,0.000116669,9.19936e-05,0.000423541,-0.000212427,6.72077e-06,-0.000150853,-0.000675235,-0.000636783,7.58919e-06,5.05753e-05,-0.000212907,0.000651562,6.14593e-05,0.000536186,-8.08079e-05,0.000420024,-0.000346745,0.000447332,0.000308119,4.02242e-05,0.00349918,4.92125e-06,0.00186987,-0.000171475
0.280995,-0.00174856,-0.000113108,1.35714e-05,-0.000141248,-0.000122508,-0.000901394,-0.000102751,-0.00163268,-0.00594486,0.000792247,4.4881e-06,5.5156e-05,-0.0104887,2.72174e-05,-3.28972e-05,-0.000249805,0.000270691,0.000195887,0.00194119,0.000406298,5.97053e-05,0.00444808,0.000204312,-0.000208245,0.000516135,-0.000467515,-0.0149515,0.000533097,-9.79485e-05,4.40582e-05,-0.00794263,-0.000260063,2.70734e-05,0.000761415,0.00970311,-0.000134756,0.000649785,-3.99123e-05,0.000144015,-0.00194774,0.000306386,0.00160233,-4.75474e-05,0.000994436,0.000113042,9.69829e-05,0.000378349,-0.000198338,2.10224e-05,-0.000171144,-0.000730133,-0.00070808,1.38415e-05,4.44181e-05,-0.000228698,0.000643779,5.75165e-05,0.000536805,-8.72971e-05,0.000390606,-0.000393909,0.000551769,0.00030607,3.95304e-05,0.00379437,-3.11254e-05,0.0015885,-0.00014447
0.281995,-0.00160198,-0.000121168,1.40265e-05,-0.000147559,-0.000135399,-0.000944213,-0.000103051,-0.00176796,-0.00531185,0.000839328,1.46999e-05,2.19224e-05,-0.011212,1.86553e-05,-1.12167e-05,-0.000233526,-8.04789e-05,0.00025165,0.00139472,0.000440874,-3.23383e-05,0.00446227,0.000187464,-0.000184602,0.000474172,-0.000414125,-0.0150087,0.000632106,-9.07623e-05,4.09701e-05,-0.00741883,-0.000291887,3.5282e-05,0.00087004,0.00817896,-0.000146502,0.000607222,-2.35425e-05,0.000181586,-0.00196768,0.000176437,0.00166848,-7.34713e-05,0.0011944,0.00010766,0.000101347,0.000330576,-0.000180223,3.57706e-05,-0.000190658,-0.000778534,-0.000766251,1.97752e-05,3.76357e-05,-0.000242674,0.000629671,5.33671e-05,0.000531457,-9.36124e-05,0.000359668,-0.000439189,0.000649619,0.000296614,3.88239e-05,0.00403785,-6.17278e-05,0.0013163,-0.000116258
0.282995,-0.00143848,-0.000128529,1.43889e-05,-0.000152617,-0.00014708,-0.000980761,-0.000101623,-0.00187681,-0.00462677,0.000877496,2.49133e-05,-1.23351e-05,-0.011819,8.97659e-06,1.20305e-05,-0.000216152,-0.000432682,0.000304555,0.000825548,0.000472894,-0.000110344,0.00443115,0.000168944,-0.00016145,0.000429685,-0.000358372,-0.014875,0.000723012,-8.33844e-05,3.75115e-05,-0.00679329,-0.0003216,4.31398e-05,0.000975526,0.00650869,-0.000157513,0.000559441,-6.49381e-06,0.000217341,-0.00197398,4.36918e-05,0.00172585,-9.85846e-05,0.00137863,0.000100414,0.000105078,0.000281028,-0.000157904,5.08654e-05,-0.000209415,-0.000820369,-0.000811127,2.53668e-05,3.02513e-05,-0.000254787,0.00060942,4.90355e-05,0.000519793,-9.97239e-05,0.000327697,-0.000481709,0.000739418,0.000279812,3.81479e-05,0.00423036,-8.63215e-05,0.00105512,-8.71001e-05
0.283995,-0.00125968,-0.000135121,1.46575e-05,-0.000156365,-0.000157501,-0.00101018,-9.81597e-05,-0.00195958,-0.00389873,0.000906365,3.50222e-05,-4.70723e-05,-0.0122983,-1.71362e-06,3.66061e-05,-0.00019788,-0.000784082,0.000354078,0.000240083,0.000501692,-0.000172716,0.00435762,0.000148867,-0.000139058,0.000383246,-0.000300872,-0.0145514,0.000805065,-7.59026e-05,3.36868e-05,-0.00606874,-0.000348816,5.04861e-05,0.00107603,0.00470986,-0.000167777,0.000507466,1.11454e-05,0.00025097,-0.00196633,-9.03928e-05,0.00177368,-0.000122695,0.00154567,9.12282e-05,0.00010816,0.000230483,-0.000131278,6.61905e-05,-0.000227441,-0.000855592,-0.000842794,3.05983e-05,2.2297e-05,-0.000265009,0.000583287,4.45469e-05,0.00050154,-0.000105594,0.000295151,-0.000520604,0.000819828,0.000255905,3.75407e-05,0.00437334,-0.000104508,0.000806175,-5.72653e-05
0.284995,-0.00106744,-0.000140878,1.48316e-05,-0.000158759,-0.00016662,-0.0010316,-9.24257e-05,-0.00201697,-0.00313729,0.000925665,4.49187e-05,-8.174e-05,-0.0126401,-1.3286e-05,6.22431e-05,-0.000178896,-0.00113288,0.000399741,-0.000354937,0.000526599,-0.000218386,0.00424496,0.000127359,-0.000117649,0.000335411,-0.000242234,-0.0140422,0.000877649,-6.83971e-05,2.95043e-05,-0.00524965,-0.000373179,5.71747e-05,0.00116966,0.00280289,-0.000177263,0.000452339,2.92941e-05,0.000282185,-0.00194451,-0.000224295,0.00181121,-0.000145619,0.00169435,8.00647e-05,0.000110575,0.000179675,-0.000100334,8.16134e-05,-0.000244764,-0.000884173,-0.000861569,3.54566e-05,1.38141e-05,-0.000273323,0.000551601,3.99275e-05,0.000476508,-0.000111177,0.000262453,-0.000555039,0.000889662,0.000225309,3.70348e-05,0.00446877,-0.000116067,0.000570019,-2.70233e-05
0.285995,-0.000863732,-0.000145739,1.49111e-05,-0.00015977,-0.000174408,-0.00104422,-8.42662e-05,-0.00205006,-0.00235235,0.000935246,5.44945e-05,-0.000115793,-0.0128367,-2.55886e-05,8.86476e-05,-0.000159375,-0.0014773,0.000441112,-0.000952515,0.000546955,-0.000246833,0.00409681,0.000104563,-9.73956e-05,0.000286711,-0.000183047,-0.0133548,0.000940287,-6.09406e-05,2.49763e-05,-0.0043422,-0.000394359,6.30775e-05,0.00125448,0.000810778,-0.000185919,0.000395097,4.78805e-05,0.000310726,-0.00190841,-0.000356456,0.00183766,-0.000167178,0.00182378,6.69278e-05,0.000112299,0.00012928,-6.51578e-05,9.69869e-05,-0.00026141,-0.000906104,-0.000867984,3.99333e-05,4.85255e-06,-0.000279731,0.000514754,3.52043e-05,0.000444599,-0.000116424,0.000229986,-0.000584229,0.000947912,0.000188613,3.66562e-05,0.00451912,-0.000120961,0.00034662,3.3593e-06
0.286995,-0.000650659,-0.000149649,1.48963e-05,-0.000159383,-0.000180845,-0.00104724,-7.36117e-05,-0.00206019,-0.00155395,0.000935081,6.36416e-05,-0.000148702,-0.0128822,-3.84489e-05,0.000115502,-0.000139481,-0.00181555,0.000477815,-0.00154551,0.000562123,-0.000258076,0.00391701,8.06316e-05,-7.84222e-05,0.000237648,-0.000123876,-0.0124999,0.000992641,-5.35978e-05,2.01192e-05,-0.00335434,-0.000412068,6.80865e-05,0.0013286,-0.00124125,-0.000193676,0.000336746,6.68423e-05,0.000336356,-0.00185801,-0.00048531,0.00185223,-0.000187209,0.0019333,5.18669e-05,0.000113307,7.9913e-05,-2.59416e-05,0.000112149,-0.000277392,-0.000921398,-0.000862757,4.40237e-05,-4.52912e-06,-0.000284246,0.000473188,3.04052e-05,0.000405814,-0.00012128,0.000198083,-0.00060746,0.00099376,0.000146561,3.64238e-05,0.00452726,-0.000119339,0.000135399,3.3624e-05
0.287995,-0.000430433,-0.00015256,1.47882e-05,-0.0001576,-0.000185921,-0.00103994,-6.04793e-05,-0.00204896,-0.000752113,0.000925263,7.22537e-05,-0.000179958,-0.0127735,-5.16764e-05,0.000142467,-0.000119368,-0.0021458,0.000509529,-0.00212673,0.000571509,-0.000252661,0.00370955,5.573e-05,-6.08095e-05,0.000188692,-6.52521e-05,-0.0114907,0.00103451,-4.64257e-05,1.49539e-05,-0.0022957,-0.000426061,7.21166e-05,0.00139018,-0.00332609,-0.000200451,0.000278241,8.6127e-05,0.000358873,-0.00179338,-0.000609313,0.00185415,-0.000205556,0.00202254,3.49781e-05,0.000113576,3.21171e-05,1.70106e-05,0.000126927,-0.000292713,-0.00093009,-0.000846766,4.77265e-05,-1.42648e-05,-0.000286894,0.000427386,2.55588e-05,0.000360262,-0.000125688,0.000167026,-0.000624108,0.0010266,0.000100044,3.63488e-05,0.00449638,-0.000111529,-6.4704e-05,6.35255e-05
0.288995,-0.000205342,-0.000154429,1.45881e-05,-0.000154437,-0.000189638,-0.00102171,-4.49728e-05,-0.00201816,4.33188e-05,0.000906005,8.02269e-05,-0.000209088,-0.0125095,-6.50656e-05,0.000169186,-9.91801e-05,-0.00246619,0.000535992,-0.00268907,0.000574569,-0.000231625,0.00347848,3.00321e-05,-4.45963e-05,0.000140274,-7.66518e-06,-0.0103432,0.00106585,-3.94736e-05,9.50591e-06,-0.00117753,-0.000436139,7.51062e-05,0.00143751,-0.00541528,-0.000206145,0.000220469,0.000105691,0.00037811,-0.00171469,-0.000726974,0.00184265,-0.000222082,0.00209136,1.6405e-05,0.000113087,-1.36394e-05,6.32804e-05,0.000141138,-0.000307354,-0.00093224,-0.000821019,5.10428e-05,-2.42817e-05,-0.000287711,0.000377862,2.06942e-05,0.00030816,-0.00012959,0.000137041,-0.000633654,0.00104605,5.00722e-05,3.64348e-05,0.00442989,-9.80285e-05,-0.000255139,9.28351e-05
0.289995,2.22803e-05,-0.000155222,1.4298e-05,-0.000149927,-0.000192007,-0.000992009,-2.72781e-05,-0.0019697,0.000822829,0.000877636,8.74612e-05,-0.000235655,-0.0120918,-7.83996e-05,0.000195291,-7.90513e-05,-0.00277475,0.000557003,-0.00322559,0.000570834,-0.000196448,0.00322783,3.72016e-06,-2.97845e-05,9.27907e-05,4.84396e-05,-0.00907548,0.00108672,-3.27836e-05,3.8054e-06,-1.2554e-05,-0.000442157,7.70183e-05,0.001469,-0.00747943,-0.000210653,0.000164226,0.000125499,0.000393934,-0.00162215,-0.00083688,0.00181697,-0.000236661,0.00213985,-3.66186e-06,0.000111825,-5.69646e-05,0.000112337,0.000154589,-0.00032127,-0.000927937,-0.000786622,5.39761e-05,-3.45009e-05,-0.000286745,0.000325151,1.58408e-05,0.000249837,-0.000132928,0.000108301,-0.0006357,0.00105195,-2.24432e-06,3.66773e-05,0.00433136,-7.94935e-05,-0.000437656,0.000121345
0.290995,0.000250076,-0.000154914,1.39199e-05,-0.000144116,-0.000193048,-0.000950436,-7.65798e-06,-0.00190559,0.00157738,0.000840594,9.38613e-05,-0.000259269,-0.0115244,-9.14531e-05,0.000220403,-5.91081e-05,-0.00306945,0.000572425,-0.00372967,0.000559919,-0.000148996,0.00296155,-2.30168e-05,-1.63439e-05,4.6596e-05,0.000102667,-0.00770754,0.00109732,-2.63907e-05,-2.1129e-06,0.0011852,-0.000444024,7.78401e-05,0.00148328,-0.00948881,-0.000213864,0.000110211,0.000145521,0.000406251,-0.00151609,-0.000937728,0.0017764,-0.000249189,0.00216831,-2.49866e-05,0.000109787,-9.75429e-05,0.000163538,0.000167087,-0.000334393,-0.000917302,-0.000744746,5.65312e-05,-4.48394e-05,-0.000284053,0.000269796,1.10282e-05,0.000185737,-0.000135644,8.09201e-05,-0.000629976,0.00104437,-5.57225e-05,3.70645e-05,0.0042044,-5.67144e-05,-0.000614193,0.000148869
0.291995,0.000475693,-0.000153484,1.34566e-05,-0.000137066,-0.000192793,-0.000896731,1.35569e-05,-0.00182787,0.00229853,0.000795422,9.93381e-05,-0.000279594,-0.0108139,-0.000103997,0.000244139,-3.94695e-05,-0.00334818,0.000582182,-0.00419506,0.000541538,-9.14516e-05,0.00268341,-4.99844e-05,-4.21687e-06,2.00505e-06,0.000154673,-0.00626079,0.00109797,-2.03233e-05,-8.20971e-06,0.0024006,-0.000441702,7.75821e-05,0.00147924,-0.0114139,-0.000215665,5.90115e-05,0.000165728,0.000415006,-0.00139687,-0.00102834,0.00172028,-0.000259575,0.00217722,-4.7291e-05,0.000106979,-0.000135132,0.000216139,0.000178435,-0.000346623,-0.000900489,-0.000696603,5.87141e-05,-5.52105e-05,-0.000279699,0.000212343,6.28557e-06,0.000116412,-0.000137687,5.496e-05,-0.000616353,0.0010236,-0.000109136,3.75768e-05,0.00405263,-3.05953e-05,-0.000786775,0.000175246
0.292995,0.00069681,-0.000150924,1.29111e-05,-0.00012885,-0.000191279,-0.000830799,3.59776e-05,-0.00173856,0.00297858,0.000742756,0.00010381,-0.000296349,-0.00996912,-0.000115803,0.000266119,-2.02477e-05,-0.0036087,0.00058626,-0.00461604,0.000515516,-2.62369e-05,0.00239702,-7.6984e-05,6.67546e-06,-4.07069e-05,0.000204169,-0.00475762,0.00108909,-1.46038e-05,-1.44415e-05,0.00361764,-0.000435211,7.62774e-05,0.00145601,-0.0132258,-0.000215947,1.11026e-05,0.000186091,0.000420182,-0.00126492,-0.00110771,0.00164805,-0.000267753,0.00216723,-7.02591e-05,0.000103421,-0.000169561,0.000269306,0.000188442,-0.000357826,-0.000877689,-0.000643412,6.05312e-05,-6.55259e-05,-0.000273753,0.00015333,1.64176e-06,4.25186e-05,-0.000139006,3.04319e-05,-0.000594841,0.000990151,-0.000161243,3.81882e-05,0.00387958,-2.12765e-06,-0.000957395,0.00020034
0.293995,0.000911165,-0.000147233,1.22868e-05,-0.000119556,-0.000188554,-0.000752719,5.91694e-05,-0.00163966,0.00361062,0.000683316,0.000107204,-0.00030931,-0.00900128,-0.000126645,0.000285968,-1.5494e-06,-0.00384871,0.000584706,-0.00498745,0.000481804,4.40665e-05,0.0021057,-0.000103814,1.64284e-05,-8.13032e-05,0.000250917,-0.00322096,0.00107119,-9.24915e-06,-2.07606e-05,0.00481971,-0.000424623,7.39791e-05,0.00141305,-0.0148971,-0.00021461,-3.31599e-05,0.000206574,0.000421801,-0.00112072,-0.00117498,0.0015592,-0.000273674,0.00213914,-9.35422e-05,9.91496e-05,-0.000200721,0.00032212,0.000196921,-0.00036784,-0.00084913,-0.000586372,6.1989e-05,-7.56969e-05,-0.000266293,9.32796e-05,-2.87532e-06,-3.51849e-05,-0.000139558,7.30102e-06,-0.000565598,0.000944733,-0.000210823,3.88664e-05,0.00368867,2.76392e-05,-0.00112791,0.000224039
0.294995,0.00111658,-0.000142417,1.15874e-05,-0.000109283,-0.000184674,-0.00066276,8.2664e-05,-0.00153304,0.00418864,0.000617897,0.000109455,-0.00031832,-0.00792361,-0.000136308,0.000303326,1.65242e-05,-0.00406583,0.000577628,-0.00530485,0.000440483,0.000116801,0.00181253,-0.000130273,2.5148e-05,-0.000119585,0.000294735,-0.00167384,0.00104487,-4.27106e-06,-2.71159e-05,0.0059899,-0.000410065,7.07587e-05,0.00135014,-0.0164022,-0.000211561,-7.35352e-05,0.000227133,0.000419922,-0.000964827,-0.00122949,0.00145338,-0.000277311,0.00209389,-0.000116765,9.4215e-05,-0.000228561,0.000373606,0.000203697,-0.000376472,-0.000815084,-0.000526642,6.30942e-05,-8.56361e-05,-0.000257402,3.26956e-05,-7.23889e-06,-0.000115851,-0.000139306,-1.45077e-05,-0.000528922,0.000888244,-0.000256698,3.95744e-05,0.00348312,5.76276e-05,-0.00129994,0.000246255
0.295995,0.00131099,-0.000136493,1.08169e-05,-9.81372e-05,-0.000179699,-0.000561392,0.000105974,-0.00142049,0.00470761,0.000547352,0.000110512,-0.000323279,-0.00675119,-0.000144588,0.00031785,3.38765e-05,-0.00425765,0.00056519,-0.00556449,0.000391769,0.000189314,0.00152026,-0.000156157,3.29462e-05,-0.000155387,0.000335485,-0.000138906,0.00101079,3.23295e-07,-3.34531e-05,0.00711131,-0.000391712,6.67028e-05,0.00126743,-0.0177178,-0.000206725,-0.000109894,0.000247705,0.000414641,-0.000797817,-0.00127078,0.00133035,-0.00027866,0.00203249,-0.000139535,8.86844e-05,-0.00025308,0.00042274,0.000208612,-0.000383498,-0.00077586,-0.000465316,6.38526e-05,-9.52586e-05,-0.000247166,-2.79431e-05,-1.14237e-05,-0.000198552,-0.000138221,-3.51028e-05,-0.000485245,0.000821749,-0.000297772,4.02706e-05,0.00326595,8.67621e-05,-0.00147478,0.000266917
0.296995,0.00149246,-0.000129486,9.97951e-06,-8.62366e-05,-0.000173696,-0.000449289,0.000128606,-0.00130365,0.00516345,0.000472585,0.000110333,-0.000324153,-0.00550063,-0.000151298,0.000329221,5.04156e-05,-0.00442171,0.000547609,-0.00576346,0.000336023,0.000259038,0.00123136,-0.000181264,3.99363e-05,-0.000188579,0.00037308,0.00136199,0.000969662,4.53086e-06,-3.97152e-05,0.00816734,-0.000369783,6.19107e-05,0.00116543,-0.0188234,-0.000200044,-0.000142211,0.000268209,0.000406086,-0.000620334,-0.00129857,0.00119007,-0.000277738,0.00195606,-0.000161448,8.26405e-05,-0.00027432,0.00046848,0.000211523,-0.000388674,-0.000731809,-0.000403406,6.42701e-05,-0.000104484,-0.000235676,-8.81847e-05,-1.54061e-05,-0.000282293,-0.00013628,-5.46194e-05,-0.000435128,0.000746453,-0.000333052,4.09109e-05,0.00303992,0.000114,-0.00165329,0.000285973
0.297995,0.00165921,-0.000121427,9.07974e-06,-7.37042e-05,-0.000166738,-0.000327336,0.000150075,-0.001184,0.00555312,0.00039453,0.000108888,-0.000320966,-0.0041898,-0.00015627,0.000337152,6.60539e-05,-0.00455563,0.000525153,-0.00589969,0.000273743,0.000323566,0.000947959,-0.000205396,4.62285e-05,-0.00021906,0.00040747,0.00280822,0.000922231,8.3523e-06,-4.58434e-05,0.00914205,-0.000344541,5.64908e-05,0.00104502,-0.019702,-0.00019148,-0.000170553,0.000288536,0.000394417,-0.000433069,-0.00131281,0.00103266,-0.000274584,0.00186578,-0.000182098,7.61805e-05,-0.000292355,0.000509781,0.000212313,-0.000391733,-0.000683324,-0.000341831,6.43514e-05,-0.000113236,-0.000223026,-0.000147606,-1.91647e-05,-0.000366023,-0.00013347,-7.32111e-05,-0.000379247,0.00066368,-0.000361676,4.14492e-05,0.00280754,0.00013836,-0.00183587,0.000303383
0.298995,0.00180964,-0.000112357,8.1223e-06,-6.06687e-05,-0.000158902,-0.000196623,0.000169918,-0.00106286,0.00587459,0.000314143,0.000106164,-0.000313801,-0.00283747,-0.000159362,0.00034139,8.07088e-05,-0.00465705,0.000498137,-0.00597196,0.000205565,0.000380712,0.000671897,-0.000228355,5.19262e-05,-0.000246757,0.000438642,0.00418069,0.000869267,1.17916e-05,-5.17775e-05,0.0100204,-0.000316283,5.05581e-05,0.000907427,-0.0203399,-0.000181017,-0.000195071,0.000308546,0.000379822,-0.000236771,-0.00131361,0.000858462,-0.000269258,0.00176288,-0.000201086,6.94137e-05,-0.000307284,0.000545625,0.00021089,-0.000392397,-0.000630831,-0.000281402,6.41012e-05,-0.000121446,-0.000209313,-0.000205814,-2.26802e-05,-0.000448654,-0.000129788,-9.1042e-05,-0.000318378,0.000574839,-0.000382933,4.18395e-05,0.00257104,0.000158948,-0.00202241,0.000319114
0.299995,0.00194231,-0.000102325,7.11206e-06,-4.72622e-05,-0.000150267,-5.84397e-05,0.000187706,-0.000941393,0.00612681,0.000232388,0.000102158,-0.000302796,-0.00146298,-0.000160456,0.000341726,9.43027e-05,-0.00472377,0.000466918,-0.00597995,0.000132259,0.000428574,0.000404714,-0.000249952,5.71237e-05,-0.000271621,0.000466613,0.00546221,0.000811549,1.48557e-05,-5.7457e-05,0.0107888,-0.000285334,4.42306e-05,0.000754248,-0.0207275,-0.000168664,-0.000215982,0.000328063,0.000362513,-3.22497e-05,-0.00130132,0.00066806,-0.000261841,0.00164862,-0.000218031,6.24595e-05,-0.000319225,0.000575044,0.000207191,-0.000390382,-0.000574795,-0.000222818,6.35234e-05,-0.000129054,-0.000194637,-0.00026244,-2.5936e-05,-0.000529076,-0.000125236,-0.000108279,-0.000253384,0.000481399,-0.000396283,4.20365e-05,0.00233235,0.000174983,-0.00221221,0.000333134
0.300995,0.00205604,-9.1384e-05,6.05406e-06,-3.36188e-05,-0.000140916,8.57344e-05,0.000203056,-0.00082057,0.00630971,0.000150218,9.68846e-05,-0.000288135,-8.58273e-05,-0.000159464,0.000337995,0.000106764,-0.00475379,0.000431889,-0.00592422,5.47114e-05,0.000465578,0.000147675,-0.00027,6.1903e-05,-0.000293626,0.00049142,0.00663774,0.000749846,1.75543e-05,-6.28214e-05,0.0114349,-0.000252047,3.76264e-05,0.000587398,-0.0208592,-0.000154455,-0.000233558,0.000346873,0.000342725,0.000179613,-0.00127643,0.000462283,-0.000252434,0.00152428,-0.000232577,5.54432e-05,-0.000328305,0.000597145,0.000201186,-0.000385406,-0.00051571,-0.000166661,6.26217e-05,-0.000136006,-0.0001791,-0.000317143,-2.89179e-05,-0.000606171,-0.00011983,-0.000125082,-0.000185192,0.00038486,-0.000401371,4.19973e-05,0.00209318,0.000185815,-0.00240405,0.000345408
0.301995,0.00214983,-7.95963e-05,4.95347e-06,-1.98729e-05,-0.000130933,0.000234249,0.000215639,-0.000701213,0.00642411,6.85661e-05,9.03717e-05,-0.000270053,0.00127464,-0.000156329,0.000330086,0.000118026,-0.00474531,0.000393475,-0.00580618,-2.60802e-05,0.000490513,-9.82079e-05,-0.000288321,6.63329e-05,-0.000312767,0.000513118,0.00769459,0.000684912,1.98993e-05,-6.78116e-05,0.0119484,-0.00021679,3.0861e-05,0.000409087,-0.0207335,-0.000138448,-0.000248106,0.000364719,0.00032071,0.000397858,-0.0012396,0.000242229,-0.000241154,0.00139117,-0.000244401,4.84931e-05,-0.000334658,0.000611134,0.000192875,-0.000377198,-0.000454095,-0.000113398,6.13996e-05,-0.000142258,-0.000162805,-0.000369604,-3.16146e-05,-0.000678833,-0.000113591,-0.000141601,-0.000114779,0.000286719,-0.00039803,4.16827e-05,0.00185493,0.000190942,-0.00259612,0.000355894
0.302995,0.00222291,-6.70285e-05,3.81556e-06,-6.15719e-06,-0.000120404,0.000385302,0.000225189,-0.000583988,0.00647169,-1.16688e-05,8.2663e-05,-0.000248819,0.00259963,-0.000151027,0.000317939,0.000128031,-0.00469689,0.000352129,-0.00562807,-0.000109027,0.000502554,-0.000332145,-0.000304745,7.04676e-05,-0.000329054,0.00053177,0.00862259,0.000617473,2.19052e-05,-7.23701e-05,0.0123208,-0.000179944,2.40446e-05,0.000221785,-0.0203531,-0.00012073,-0.00025996,0.000381299,0.000296732,0.000621433,-0.00119164,9.27559e-06,-0.000228139,0.00125057,-0.000253224,4.17356e-05,-0.000338415,0.000616336,0.000182298,-0.000365508,-0.000390493,-6.33846e-05,5.9861e-05,-0.000147774,-0.000145858,-0.000419522,-3.40176e-05,-0.000745986,-0.000106549,-0.000157963,-4.31487e-05,0.000188446,-0.000386294,4.10584e-05,0.00161881,0.000190022,-0.00278613,0.000364534
0.303995,0.00227475,-5.37525e-05,2.64567e-06,7.39848e-06,-0.000109414,0.000536965,0.000231511,-0.000469423,0.00645487,-8.96332e-05,7.38172e-05,-0.000224737,0.00387122,-0.000143566,0.000301556,0.00013673,-0.0046074,0.000308324,-0.0053929,-0.000192968,0.00050127,-0.00055354,-0.000319111,7.43462e-05,-0.000342514,0.000547444,0.00941415,0.000548213,2.35881e-05,-7.64424e-05,0.0125461,-0.000141897,1.72801e-05,2.81742e-05,-0.0197251,-0.000101409,-0.00026946,0.000396269,0.000271066,0.000849188,-0.0011335,-0.000234913,-0.000213538,0.00110378,-0.000258817,3.52913e-05,-0.000339702,0.000612221,0.000169527,-0.000350117,-0.000325461,-1.68671e-05,5.80101e-05,-0.000152529,-0.000128365,-0.000466613,-3.61214e-05,-0.000806597,-9.87451e-05,-0.000174271,2.8687e-05,9.14566e-05,-0.000366386,4.0096e-05,0.00138578,0.000182878,-0.0029713,0.000371253
0.304995,0.00230507,-3.9845e-05,1.44922e-06,2.06688e-05,-9.80491e-05,0.000687212,0.00023448,-0.000357925,0.00637679,-0.00016453,6.39078e-05,-0.00019814,0.00507271,-0.000133989,0.000280998,0.00014408,-0.00447619,0.000262548,-0.00510441,-0.000276687,0.000486629,-0.000761962,-0.000331269,7.79933e-05,-0.000353187,0.000560204,0.0100643,0.000477776,2.49662e-05,-7.99774e-05,0.0126203,-0.000103035,1.06609e-05,-0.000168902,-0.0188603,-8.06188e-05,-0.00027694,0.000409243,0.000243994,0.00107985,-0.00106622,-0.000488387,-0.000197516,0.000952053,-0.000261006,2.927e-05,-0.000338637,0.00059842,0.000154672,-0.000330845,-0.000259562,2.60058e-05,5.58519e-05,-0.000156504,-0.000110436,-0.000510601,-3.7923e-05,-0.000859696,-9.02246e-05,-0.000190598,9.97275e-05,-2.91646e-06,-0.000338721,3.87739e-05,0.00115662,0.000169502,-0.00314847,0.000375955
0.305995,0.0023138,-2.53863e-05,2.31645e-07,3.35344e-05,-8.63935e-05,0.000833954,0.000234047,-0.000249794,0.00624116,-0.00023563,5.3023e-05,-0.000169379,0.00618888,-0.00012237,0.000256386,0.00015005,-0.00430303,0.0002153,-0.00476697,-0.000358941,0.000458975,-0.000957112,-0.000341082,8.14195e-05,-0.000361125,0.000570103,0.0105706,0.000406748,2.60594e-05,-8.29284e-05,0.012542,-6.37433e-05,4.26988e-06,-0.000366492,-0.0177733,-5.85158e-05,-0.00028272,0.000419793,0.000215798,0.00131204,-0.000990926,-0.000748915,-0.000180246,0.000796648,-0.00025968,2.37669e-05,-0.000335331,0.000574737,0.000137876,-0.00030756,-0.000193364,6.51743e-05,5.33924e-05,-0.000159691,-9.21797e-05,-0.000551222,-3.94226e-05,-0.000904392,-8.10415e-05,-0.00020698,0.000169003,-9.34415e-05,-0.000303888,3.70782e-05,0.000931972,0.00015005,-0.00331414,0.000378522
0.306995,0.00230112,-1.04603e-05,-1.00157e-06,4.58828e-05,-7.45301e-05,0.000975074,0.000230239,-0.000145248,0.00605221,-0.000302274,4.12643e-05,-0.000138822,0.00720625,-0.000108816,0.000227906,0.000154619,-0.00408824,0.00016708,-0.0043855,-0.00043848,0.000419014,-0.00113879,-0.000348425,8.46227e-05,-0.000366389,0.000577186,0.0109333,0.000335665,2.6889e-05,-8.52538e-05,0.0123123,-2.43946e-05,-1.82201e-06,-0.000561597,-0.0164821,-3.52767e-05,-0.000287089,0.000427461,0.000186762,0.00154423,-0.000908794,-0.001014,-0.000161913,0.000638786,-0.00025479,1.88582e-05,-0.000329879,0.000541165,0.000119315,-0.000280189,-0.00012743,0.000100656,5.06392e-05,-0.000162084,-7.37061e-05,-0.000588212,-4.06227e-05,-0.000939884,-7.12563e-05,-0.000223416,0.00023559,-0.000179009,-0.00026264,3.50032e-05,0.000712327,0.000124837,-0.00346463,0.000378811
0.307995,0.00226745,4.84675e-06,-2.24495e-06,5.76101e-05,-6.254e-05,0.00110846,0.000223153,-4.44405e-05,0.00581455,-0.000363888,2.87466e-05,-0.000106844,0.0081133,-9.34653e-05,0.000195804,0.000157779,-0.00383266,0.00011839,-0.00396543,-0.000514072,0.000367774,-0.00130689,-0.000353189,8.75894e-05,-0.00036905,0.00058148,0.0111547,0.000265002,2.7478e-05,-8.69177e-05,0.0119345,1.46504e-05,-7.55628e-06,-0.00075123,-0.0150079,-1.10972e-05,-0.0002903,0.000431759,0.000157163,0.00177474,-0.000821044,-0.00128088,-0.000142705,0.000479664,-0.000246356,1.45977e-05,-0.00032237,0.000497888,9.91975e-05,-0.000248721,-6.23079e-05,0.000132535,4.76016e-05,-0.000163688,-5.51258e-05,-0.000621315,-4.15286e-05,-0.000965477,-6.09351e-05,-0.000239867,0.000298631,-0.000258646,-0.000215869,3.25517e-05,0.000498086,9.43243e-05,-0.00359612,0.000376657
0.308995,0.00221339,2.0446e-05,-3.49302e-06,6.86213e-05,-5.05019e-05,0.00123206,0.000212956,5.25208e-05,0.00553311,-0.00041998,1.55963e-05,-7.38227e-05,0.00890061,-7.64839e-05,0.000160386,0.000159532,-0.00353772,6.97228e-05,-0.00351252,-0.000584531,0.000306566,-0.00146133,-0.000355282,9.02968e-05,-0.000369188,0.000582993,0.0112396,0.000195175,2.78503e-05,-8.78905e-05,0.0114146,5.30481e-05,-1.28871e-05,-0.000932475,-0.0133744,1.38102e-05,-0.000292563,0.000432183,0.000127272,0.00200175,-0.000728904,-0.00154658,-0.000122817,0.000320443,-0.000234465,1.10138e-05,-0.000312882,0.000445288,7.77589e-05,-0.00021322,1.46912e-06,0.000160945,4.42908e-05,-0.000164509,-3.65496e-05,-0.000650272,-4.21477e-05,-0.000980593,-5.01492e-05,-0.000256253,0.000357345,-0.000331529,-0.000164586,2.97352e-05,0.000289582,5.9105e-05,-0.0037048,0.000371874
0.309995,0.00213978,3.62472e-05,-4.74029e-06,7.88314e-05,-3.84919e-05,0.0013439,0.000199877,0.000145555,0.00521303,-0.000470149,1.95045e-06,-4.01359e-05,0.009561,-5.80635e-05,0.000122018,0.000159893,-0.00320544,2.15591e-05,-0.00303285,-0.000648738,0.000236935,-0.00160207,-0.000354629,9.27145e-05,-0.000366891,0.000581715,0.0111944,0.000126547,2.80312e-05,-8.81494e-05,0.0107605,9.04751e-05,-1.77813e-05,-0.00110255,-0.0116072,3.92187e-05,-0.00029404,0.000428221,9.73488e-05,0.0022233,-0.000633593,-0.00180794,-0.000102444,0.000162253,-0.000219271,8.10758e-06,-0.000301487,0.000383941,5.52592e-05,-0.000173822,6.33947e-05,0.000186063,4.07201e-05,-0.000164558,-1.80876e-05,-0.00067483,-4.24896e-05,-0.000984783,-3.89744e-05,-0.000272457,0.00041104,-0.000396994,-0.000109896,2.65736e-05,8.71018e-05,1.98846e-05,-0.00378699,0.000364263
0.310995,0.00204764,5.21584e-05,-5.98134e-06,8.8166e-05,-2.65827e-05,0.00144213,0.000184201,0.000234592,0.00485955,-0.000514084,-1.20448e-05,-6.15265e-06,0.0100896,-3.84188e-05,8.11148e-05,0.00015889,-0.00283838,-2.56375e-05,-0.00253264,-0.000705666,0.00016061,-0.00172911,-0.000351173,9.48071e-05,-0.000362252,0.000577616,0.0110275,5.94211e-05,2.80466e-05,-8.76791e-05,0.00998247,0.00012663,-2.22176e-05,-0.00125885,-0.00973395,6.48896e-05,-0.000294846,0.000419366,6.76415e-05,0.00243726,-0.000536298,-0.00206162,-8.17786e-05,6.18542e-06,-0.000200992,5.85164e-06,-0.000288253,0.000314612,3.19782e-05,-0.000130746,0.000122993,0.00020809,3.69053e-05,-0.000163844,1.50874e-07,-0.000694737,-4.25658e-05,-0.000977729,-2.74903e-05,-0.000288323,0.000459123,-0.000454534,-5.29659e-05,2.30948e-05,-0.000109084,-2.25389e-05,-0.00383924,0.000353611
0.311995,0.00193816,6.80871e-05,-7.21072e-06,9.65617e-05,-1.48443e-05,0.00152508,0.000166259,0.000319558,0.00447796,-0.000551566,-2.6236e-05,2.77686e-05,0.0104837,-1.77838e-05,3.81437e-05,0.000156564,-0.0024397,-7.14257e-05,-0.00201821,-0.000754401,7.9447e-05,-0.00184241,-0.000344881,9.65359e-05,-0.000355373,0.000570651,0.0107484,-5.94614e-06,2.79234e-05,-8.64717e-05,0.00909253,0.000161236,-2.61862e-05,-0.00139902,-0.00778292,9.05746e-05,-0.000295043,0.000405131,3.83841e-05,0.00264137,-0.000438159,-0.00230418,-6.10134e-05,-0.000146707,-0.000179905,4.1898e-06,-0.000273245,0.000238242,8.21163e-06,-8.42898e-05,0.000179823,0.000227246,3.28648e-05,-0.000162378,1.80581e-05,-0.000709747,-4.23896e-05,-0.000959259,-1.57794e-05,-0.000303664,0.000501107,-0.000503809,4.99832e-06,1.93342e-05,-0.000298703,-6.7298e-05,-0.00385843,0.000339707
0.312995,0.00181271,8.39397e-05,-8.42304e-06,0.000103966,-3.34255e-06,0.00159128,0.000146421,0.000400365,0.00407351,-0.000582463,-4.0464e-05,6.12841e-05,0.010743,3.59186e-06,-6.387e-06,0.000152968,-0.0020131,-0.00011539,-0.00149584,-0.00079416,-4.62782e-06,-0.00194195,-0.000335741,9.78616e-05,-0.000346363,0.000560759,0.0103681,-6.9345e-05,2.76887e-05,-8.45272e-05,0.00810437,0.000194041,-2.96874e-05,-0.00152098,-0.00578309,0.000116018,-0.000294648,0.000385064,9.79431e-06,0.00283322,-0.000340249,-0.00253214,-4.03336e-05,-0.000295415,-0.000156341,3.0381e-06,-0.000256533,0.000155933,-1.57345e-05,-3.48321e-05,0.000233487,0.000243753,2.86193e-05,-0.000160168,3.55284e-05,-0.000719624,-4.19755e-05,-0.000929344,-3.92664e-06,-0.000318264,0.000536615,-0.000544637,6.27855e-05,1.53337e-05,-0.000481465,-0.000113479,-0.0038419,0.000322345
0.313995,0.00167277,9.96223e-05,-9.61293e-06,0.00011034,7.85989e-06,0.00163949,0.000125084,0.000476899,0.00365132,-0.000606731,-5.45659e-05,9.40676e-05,0.0108694,2.54468e-05,-5.19325e-05,0.000148167,-0.00156274,-0.000157147,-0.000971719,-0.00082431,-8.96736e-05,-0.0020277,-0.000323763,9.87455e-05,-0.000335335,0.000547867,0.00989817,-0.000130605,2.73696e-05,-8.18536e-05,0.00703305,0.00022482,-3.27305e-05,-0.00162299,-0.00376332,0.00014096,-0.000293634,0.000358763,-1.79273e-05,0.00301031,-0.000243565,-0.00274199,-1.9918e-05,-0.000438972,-0.00013068,2.28674e-06,-0.00023819,6.89318e-05,-3.95487e-05,1.71699e-05,0.00028363,0.000257831,2.41922e-05,-0.000157217,5.2459e-05,-0.000724149,-4.13392e-05,-0.000888106,7.98147e-06,-0.000331884,0.000565381,-0.000576988,0.000119207,1.11406e-05,-0.000657048,-0.000160145,-0.00378754,0.000301337
0.314995,0.00151996,0.00011504,-1.0775e-05,0.000115652,1.87044e-05,0.00166873,0.000102663,0.000549019,0.00321633,-0.000624411,-6.83774e-05,0.000125813,0.0108667,4.7512e-05,-9.79196e-05,0.000142238,-0.00109326,-0.000196343,-0.000451802,-0.000844379,-0.000173788,-0.00209961,-0.000308984,9.91522e-05,-0.000322413,0.000531899,0.00935075,-0.000189588,2.69933e-05,-7.84667e-05,0.00589468,0.000253373,-3.53324e-05,-0.00170366,-0.0017519,0.000165137,-0.000291934,0.000325894,-4.45984e-05,0.00317003,-0.000149017,-0.00293028,6.42467e-08,-0.000576461,-0.000103339,1.80314e-06,-0.000218301,-2.13991e-05,-6.29196e-05,7.11858e-05,0.000329943,0.000269686,1.96092e-05,-0.000153523,6.87505e-05,-0.000723122,-4.04972e-05,-0.000835812,1.98575e-05,-0.000344266,0.00058725,-0.000600976,0.000173124,6.80641e-06,-0.000825089,-0.000206364,-0.00369384,0.000276523
0.315995,0.00135599,0.0001301,-1.1904e-05,0.000119885,2.91361e-05,0.00167831,7.95811e-05,0.00061655,0.00277326,-0.000635619,-8.17344e-05,0.000156235,0.0107406,6.95147e-05,-0.000143755,0.000135269,-0.000609655,-0.000232666,5.82219e-05,-0.000854065,-0.000255159,-0.00215763,-0.000291467,9.90506e-05,-0.000307723,0.000512775,0.00873827,-0.000246182,2.65861e-05,-7.43904e-05,0.00470613,0.000279528,-3.75159e-05,-0.00176196,0.000223976,0.000188288,-0.000289453,0.000286208,-7.00552e-05,0.00330973,-5.74147e-05,-0.00309371,1.94543e-05,-0.000707016,-7.47665e-05,1.43589e-06,-0.000196961,-0.000113603,-8.55415e-05,0.000126618,0.00037217,0.000279508,1.48984e-05,-0.000149078,8.43079e-05,-0.000716373,-3.94666e-05,-0.000772879,3.16138e-05,-0.000355142,0.000602177,-0.000616846,0.000223473,2.38533e-06,-0.000985183,-0.000251224,-0.00355999,0.000247785
0.316995,0.00118263,0.000144705,-1.29946e-05,0.000123032,3.91044e-05,0.00166785,5.62569e-05,0.000679287,0.00232656,-0.000640541,-9.44755e-05,0.000185073,0.0104986,9.11829e-05,-0.000188833,0.000127357,-0.000117224,-0.00026584,0.000553025,-0.000853244,-0.000332106,-0.00220171,-0.000271299,9.84155e-05,-0.0002914,0.000490425,0.00807315,-0.000300293,2.61738e-05,-6.96559e-05,0.00348472,0.000303139,-3.93085e-05,-0.00179728,0.00213867,0.000210153,-0.000286069,0.000239555,-9.41529e-05,0.00342672,3.05298e-05,-0.00322913,3.81055e-05,-0.000829827,-4.54312e-05,1.01965e-06,-0.000174283,-0.000206158,-0.000107119,0.00018281,0.000410104,0.000287463,1.00899e-05,-0.000143866,9.9041e-05,-0.000703767,-3.82651e-05,-0.000699865,4.31631e-05,-0.000364242,0.00061022,-0.000624963,0.000269294,-2.06717e-06,-0.00113688,-0.000293862,-0.00338591,0.000215056
0.317995,0.00100173,0.000158761,-1.40415e-05,0.000125097,4.85625e-05,0.00163728,3.30977e-05,0.000736995,0.00188036,-0.000639432,-0.000106444,0.000212087,0.0101495,0.000112249,-0.000232548,0.000118606,0.000378507,-0.000295631,0.0010277,-0.000841968,-0.000403122,-0.0022318,-0.000248598,9.72288e-05,-0.000273586,0.000464791,0.00736751,-0.00035184,2.57805e-05,-6.4302e-05,0.00224784,0.000324083,-4.07406e-05,-0.0018094,0.00396849,0.000230475,-0.000281648,0.000185906,-0.000116766,0.00351833,0.00011421,-0.00333365,5.58846e-05,-0.000944143,-1.58121e-05,3.80736e-07,-0.000150395,-0.000297513,-0.000127374,0.000239057,0.000443589,0.000293689,5.21567e-06,-0.000137861,0.000112865,-0.000685213,-3.69102e-05,-0.000617467,5.44191e-05,-0.000371299,0.000611532,-0.00062579,0.000309742,-6.49606e-06,-0.00127968,-0.000333477,-0.00317226,0.000178334
0.318995,0.000815138,0.000172174,-1.50394e-05,0.000126092,5.74679e-05,0.00158685,1.04896e-05,0.000789413,0.00143847,-0.000632598,-0.000117491,0.000237062,0.00970329,0.000132454,-0.0002743,0.000109131,0.000871887,-0.000321846,0.00147781,-0.000820467,-0.000466906,-0.00224789,-0.000223506,9.548e-05,-0.000254426,0.000435835,0.00663301,-0.000400746,2.54287e-05,-5.8374e-05,0.0010127,0.000342266,-4.18441e-05,-0.00179849,0.00569209,0.000249007,-0.000276047,0.000125359,-0.000137787,0.00358197,0.000193122,-0.00340469,7.26723e-05,-0.00104928,1.36118e-05,-6.56683e-07,-0.000125444,-0.00038611,-0.000146048,0.000294616,0.00047252,0.000298298,3.09107e-07,-0.000131032,0.000125704,-0.000660674,-3.54194e-05,-0.000526511,6.52973e-05,-0.000376055,0.000606355,-0.000619875,0.000344112,-1.08483e-05,-0.00141307,-0.00036935,-0.00292049,0.000137693
0.319995,0.000624739,0.000184847,-1.5983e-05,0.000126041,6.57822e-05,0.00151713,-1.12102e-05,0.000836269,0.00100436,-0.000620398,-0.000127474,0.000259808,0.0091711,0.000151551,-0.000313507,9.90485e-05,0.00135723,-0.000344337,0.00189942,-0.00078914,-0.000522384,-0.00224999,-0.000196195,9.3167e-05,-0.000234073,0.000403546,0.00588064,-0.000446935,2.51389e-05,-5.1924e-05,-0.000204057,0.000357615,-4.26509e-05,-0.00176511,0.00729069,0.00026551,-0.000269126,5.81578e-05,-0.000157127,0.00361518,0.000266865,-0.00344004,8.83641e-05,-0.00114462,4.23718e-05,-2.26408e-06,-9.95989e-05,-0.000470426,-0.000162907,0.000348723,0.000496841,0.000301377,-4.59529e-06,-0.000123338,0.000137485,-0.00063017,-3.38101e-05,-0.000427944,7.57157e-05,-0.000378273,0.000595012,-0.000607834,0.000371849,-1.50744e-05,-0.00153649,-0.000400857,-0.00263278,9.32902e-05
0.320995,0.00043239,0.000196686,-1.68671e-05,0.000124975,7.34712e-05,0.00142901,-3.16803e-05,0.000877278,0.000581142,-0.000603229,-0.000136265,0.000280155,0.00856455,0.000169308,-0.000349613,8.84821e-05,0.00182889,-0.000363001,0.00228917,-0.000748545,-0.000568728,-0.00223816,-0.000166864,9.0296e-05,-0.000212684,0.000367948,0.00512055,-0.000490324,2.49292e-05,-4.50097e-05,-0.00138655,0.000370079,-4.3192e-05,-0.00171018,0.00874838,0.000279757,-0.000260756,-1.53012e-05,-0.000174715,0.00361564,0.000335132,-0.00343793,0.000102871,-0.00122962,7.00193e-05,-4.60188e-06,-7.30464e-05,-0.000548998,-0.000177749,0.000400601,0.000516544,0.000302982,-9.46232e-06,-0.00011473,0.000148145,-0.000593789,-3.2099e-05,-0.000322824,8.55951e-05,-0.000377741,0.000577891,-0.000590328,0.000392554,-1.91301e-05,-0.00164938,-0.000427477,-0.00231202,4.53773e-05
0.321995,0.000239919,0.000207596,-1.76864e-05,0.000122932,8.05049e-05,0.00132366,-5.06406e-05,0.000912163,0.00017157,-0.000581521,-0.000143746,0.000297957,0.00789577,0.000185512,-0.000382097,7.75569e-05,0.00228141,-0.000377774,0.00264421,-0.000699387,-0.000605364,-0.00221254,-0.000135735,8.68815e-05,-0.000190422,0.000329107,0.00436195,-0.000530823,2.48145e-05,-3.76938e-05,-0.00252,0.000379632,-4.34963e-05,-0.00163496,0.0100522,0.000291534,-0.000250824,-9.44601e-05,-0.000190496,0.00358132,0.00039771,-0.00339705,0.000116118,-0.00130382,9.61353e-05,-7.8128e-06,-4.59927e-05,-0.000620456,-0.0001904,0.000449479,0.000531667,0.000303151,-1.42565e-05,-0.000105156,0.000157632,-0.000551689,-3.03023e-05,-0.000212305,9.48598e-05,-0.000374278,0.000555441,-0.000568051,0.000405993,-2.29775e-05,-0.00175119,-0.000448803,-0.0019618,-5.69514e-06
0.322995,4.91022e-05,0.000217481,-1.84357e-05,0.000119961,8.68577e-05,0.00120254,-6.78563e-05,0.000940659,-0.000221937,-0.000555726,-0.000149815,0.000313091,0.007177,0.000199969,-0.000410486,6.63994e-05,0.00270955,-0.000388638,0.00296232,-0.000642498,-0.000631974,-0.0021733,-0.000103059,8.2946e-05,-0.00016745,0.000287132,0.003613,-0.000568328,2.48068e-05,-3.00435e-05,-0.00359091,0.000386267,-4.35896e-05,-0.00154099,0.0111923,0.000300643,-0.000239243,-0.000178597,-0.000204432,0.00351045,0.000454466,-0.00331664,0.000128046,-0.00136684,0.000120338,-1.20156e-05,-1.86616e-05,-0.000683552,-0.000200725,0.000494608,0.000542287,0.000301899,-1.89427e-05,-9.45572e-05,0.000165898,-0.000504106,-2.84353e-05,-9.76267e-05,0.000103439,-0.000367738,0.000528155,-0.000541708,0.000412096,-2.65864e-05,-0.00184137,-0.000464542,-0.00158627,-5.9474e-05
0.323995,-0.000138351,0.000226249,-1.91097e-05,0.000116113,9.25081e-05,0.00106735,-8.31409e-05,0.000962525,-0.000597293,-0.000526314,-0.000154386,0.000325452,0.00642041,0.000212509,-0.000434356,5.51353e-05,0.0031084,-0.000395615,0.00324179,-0.000578823,-0.000648489,-0.00212075,-6.91086e-05,7.85195e-05,-0.000143937,0.000242185,0.00288078,-0.000602722,2.49146e-05,-2.21295e-05,-0.00458727,0.000389999,-4.34942e-05,-0.00143009,0.0121618,0.000306908,-0.000225958,-0.000266825,-0.000216499,0.00340164,0.000505344,-0.00319647,0.000138612,-0.00141838,0.000142293,-1.72993e-05,8.7081e-06,-0.000737183,-0.000208624,0.00053527,0.000548519,0.000299226,-2.34861e-05,-8.28754e-05,0.000172908,-0.000451355,-2.65127e-05,1.99038e-05,0.000111265,-0.000358022,0.000496561,-0.000512002,0.00041095,-2.99353e-05,-0.00191943,-0.000474522,-0.00119011,-0.000115403
0.324995,-0.000320816,0.000233807,-1.97032e-05,0.000111447,9.74392e-05,0.000920003,-9.63576e-05,0.00097756,-0.000952728,-0.00049376,-0.000157388,0.000334956,0.00563789,0.000222988,-0.000453346,4.3889e-05,0.00347348,-0.000398768,0.0034815,-0.000509394,-0.000655075,-0.00205524,-3.4177e-05,7.36384e-05,-0.000120053,0.000194481,0.00217129,-0.000633873,2.51426e-05,-1.40255e-05,-0.00549872,0.00039086,-4.32283e-05,-0.00130428,0.012957,0.00031017,-0.000210946,-0.000358096,-0.000226688,0.00325393,0.000550351,-0.00303693,0.000147786,-0.00145824,0.000161715,-2.37179e-05,3.58654e-05,-0.000780416,-0.000214034,0.0005708,0.000550515,0.000295122,-2.78533e-05,-7.00531e-05,0.000178635,-0.00039383,-2.4548e-05,0.000138925,0.000118278,-0.000345072,0.000461211,-0.000479617,0.000402795,-3.30121e-05,-0.0019849,-0.00047868,-0.000778428,-0.000172825
0.325995,-0.000496768,0.000240063,-2.02111e-05,0.000106025,0.000101638,0.000762608,-0.000107419,0.000985608,-0.00128677,-0.000458542,-0.000158772,0.00034154,0.00484078,0.000231287,-0.000467162,3.27811e-05,0.0038008,-0.000398196,0.00368086,-0.000435311,-0.000652115,-0.00197725,1.42322e-06,6.8345e-05,-9.59672e-05,0.000144292,0.00148939,-0.000661636,2.54916e-05,-5.80704e-06,-0.00631666,0.000388903,-4.28061e-05,-0.00116575,0.0135769,0.000310296,-0.000194225,-0.000451212,-0.000235001,0.00306681,0.000589552,-0.00283897,0.000155551,-0.00148632,0.000178377,-3.12867e-05,6.25508e-05,-0.000812506,-0.000216934,0.000600598,0.000548453,0.000289571,-3.20123e-05,-5.60372e-05,0.000183062,-0.000332004,-2.25538e-05,0.00025804,0.000124422,-0.000328882,0.000422671,-0.000445209,0.000388012,-3.58144e-05,-0.0020374,-0.000477069,-0.000356636,-0.00023099
0.326995,-0.00066479,0.00024493,-2.06283e-05,9.99144e-05,0.000105096,0.000597394,-0.000116287,0.000986569,-0.00159821,-0.000421132,-0.000158507,0.000345159,0.00403974,0.000237312,-0.00047558,2.19277e-05,0.00408689,-0.000394033,0.00383979,-0.000357715,-0.000640186,-0.00188736,3.73644e-05,6.26861e-05,-7.1849e-05,9.19456e-05,0.000838935,-0.000685855,2.59584e-05,2.44933e-06,-0.00703433,0.000384197,-4.22372e-05,-0.00101683,0.0140235,0.000307179,-0.00017585,-0.000544831,-0.000241454,0.00284033,0.000623055,-0.00260418,0.000161904,-0.00150259,0.000192111,-3.9979e-05,8.85e-05,-0.00083291,-0.000217337,0.000624137,0.000542538,0.000282557,-3.5933e-05,-4.07833e-05,0.000186181,-0.000266427,-2.05418e-05,0.000375832,0.00012965,-0.000309496,0.000381509,-0.000409388,0.000367108,-3.83497e-05,-0.00207661,-0.000469839,6.96515e-05,-0.000289059
0.327995,-0.000823588,0.000248322,-2.09497e-05,9.31852e-05,0.00010781,0.000426693,-0.00012297,0.000980409,-0.00188611,-0.000381991,-0.000156578,0.000345786,0.00324462,0.000240999,-0.000478455,1.1439e-05,0.00432892,-0.000386445,0.00395867,-0.000277767,-0.000620031,-0.00178627,7.33067e-05,5.67122e-05,-4.78655e-05,3.78241e-05,0.000222771,-0.000706366,2.65358e-05,1.06667e-05,-0.00764682,0.000376829,-4.15275e-05,-0.000859874,0.0143011,0.000300739,-0.00015592,-0.000637493,-0.000246074,0.00257507,0.000651007,-0.00233473,0.000166853,-0.00150715,0.00020281,-4.97242e-05,0.000113449,-0.000841297,-0.000215296,0.000640983,0.000532996,0.000274068,-3.95876e-05,-2.42588e-05,0.000187997,-0.000197717,-1.85224e-05,0.000490885,0.000133919,-0.000287009,0.000338288,-0.000372717,0.000340699,-4.06352e-05,-0.00210231,-0.000457237,0.000494732,-0.000346125
0.328995,-0.000971998,0.000250159,-2.11706e-05,8.59093e-05,0.00010978,0.000252888,-0.000127518,0.000967164,-0.00214973,-0.000341561,-0.000152996,0.000343413,0.0024643,0.000242308,-0.000475721,1.41834e-06,0.00452466,-0.000375629,0.00403831,-0.000196622,-0.000592526,-0.00167476,0.000108902,5.04762e-05,-2.41803e-05,-1.76366e-05,-0.000357151,-0.000722999,2.72126e-05,1.87689e-05,-0.00815109,0.000366902,-4.06791e-05,-0.000697296,0.0144164,0.00029093,-0.00013457,-0.000727633,-0.000248895,0.00227226,0.000673581,-0.0020334,0.000170417,-0.00150017,0.000210431,-6.04076e-05,0.000137137,-0.000837552,-0.000210899,0.000650798,0.000520069,0.000264102,-4.29508e-05,-6.44698e-06,0.000188521,-0.000126557,-1.65049e-05,0.000601798,0.000137197,-0.000261567,0.000293559,-0.0003357,0.000309491,-4.26972e-05,-0.00211438,-0.000439591,0.000912934,-0.00040122
0.329995,-0.00110899,0.000250366,-2.12862e-05,7.81603e-05,0.000111009,7.83701e-05,-0.000130021,0.000946947,-0.00238855,-0.000300268,-0.000147788,0.000338051,0.00170662,0.000241229,-0.000467392,-8.03898e-06,0.00467257,-0.000361805,0.00407993,-0.000115406,-0.00055865,-0.00155373,0.000143798,4.40324e-05,-9.52435e-07,-7.39527e-05,-0.000899678,-0.000735585,2.79735e-05,2.66809e-05,-0.00854591,0.000354536,-3.96909e-05,-0.000531468,0.014378,0.000277735,-0.000111972,-0.000813611,-0.000249964,0.00193372,0.00069097,-0.00170347,0.000172626,-0.00148193,0.00021499,-7.18714e-05,0.000159315,-0.000821779,-0.000204265,0.00065335,0.000504013,0.000252667,-4.60003e-05,1.26487e-05,0.000187775,-5.36814e-05,-1.4498e-05,0.000707208,0.000139457,-0.000233365,0.00024785,-0.000298779,0.000274262,-4.45701e-05,-0.00211282,-0.000417298,0.00131873,-0.000453342
0.330995,-0.00123368,0.000248874,-2.12919e-05,7.00126e-05,0.000111508,-9.45076e-05,-0.000130602,0.000919948,-0.00260222,-0.00025851,-0.000141001,0.000329729,0.00097836,0.000237774,-0.000453566,-1.68464e-05,0.00477177,-0.000345216,0.00408508,-3.52007e-05,-0.000519452,-0.00142417,0.000177642,3.74353e-05,2.16653e-05,-0.000130598,-0.00140435,-0.000743962,2.87996e-05,3.43303e-05,-0.00883176,0.000339863,-3.85594e-05,-0.000364697,0.0141962,0.000261175,-8.83328e-05,-0.00089374,-0.000249335,0.00156194,0.000703379,-0.00134878,0.000173518,-0.00145278,0.000216563,-8.39166e-05,0.000179745,-0.000794293,-0.000195545,0.00064852,0.00048509,0.000239792,-4.8717e-05,3.3001e-05,0.000185792,2.01301e-05,-1.25088e-05,0.000805805,0.000140682,-0.000202646,0.000201667,-0.000262333,0.000235837,-4.62952e-05,-0.00209774,-0.000390812,0.00170685,-0.000501472
0.331995,-0.00134533,0.000245623,-2.11836e-05,6.1541e-05,0.000111289,-0.00026347,-0.000129414,0.000886433,-0.00279056,-0.00021666,-0.000132702,0.000318497,0.000285158,0.000231984,-0.000434417,-2.49269e-05,0.00482206,-0.000326123,0.00405559,4.29847e-05,-0.000476014,-0.00128716,0.000210087,3.07387e-05,4.35274e-05,-0.000187012,-0.00187127,-0.000747978,2.96686e-05,4.16475e-05,-0.00901076,0.000323032,-3.72791e-05,-0.000199187,0.0138826,0.000241307,-6.38874e-05,-0.000966318,-0.000247067,0.00116004,0.000711019,-0.000973602,0.000173136,-0.0014132,0.000215278,-9.63072e-05,0.000198208,-0.000755613,-0.000184916,0.000636305,0.000463571,0.000225522,-5.10848e-05,5.45553e-05,0.00018261,9.4069e-05,-1.05439e-05,0.00089635,0.000140864,-0.000169695,0.000155483,-0.000226674,0.000195069,-4.79194e-05,-0.00206935,-0.000360629,0.00207237,-0.000544598
0.332995,-0.00144333,0.000240562,-2.09572e-05,5.28196e-05,0.000110369,-0.000426362,-0.000126631,0.00084675,-0.00295351,-0.000175064,-0.000122975,0.000304424,-0.000368431,0.00022392,-0.0004102,-3.22134e-05,0.00482392,-0.000304802,0.00399355,0.000118223,-0.000429427,-0.00114385,0.000240794,2.39949e-05,6.44969e-05,-0.000242608,-0.002301,-0.000747499,3.05552e-05,4.85664e-05,-0.00908649,0.000304203,-3.58436e-05,-3.70003e-05,0.0134498,0.000218227,-3.88939e-05,-0.00102966,-0.000243231,0.000731759,0.000714103,-0.000582595,0.000171533,-0.0013637,0.000211313,-0.000108775,0.00021451,-0.00070645,-0.000172578,0.000616819,0.000439725,0.000209924,-5.30911e-05,7.72264e-05,0.000178278,0.000167309,-8.60865e-06,0.000977692,0.000140003,-0.000134835,0.000109737,-0.000192053,0.000152817,-4.9493e-05,-0.00202801,-0.000327277,0.00241081,-0.000581742
0.333995,-0.00152725,0.000233651,-2.06091e-05,4.39218e-05,0.000108769,-0.000581181,-0.000122444,0.000801315,-0.00309117,-0.000134035,-0.000111922,0.0002876,-0.00097893,0.000213667,-0.000381242,-3.86493e-05,0.00477843,-0.00028154,0.00390123,0.000189687,-0.000380752,-0.00099547,0.000269441,1.72537e-05,8.44465e-05,-0.000296782,-0.00269445,-0.000742417,3.14312e-05,5.50255e-05,-0.00906384,0.000283547,-3.42461e-05,0.000119968,0.0129113,0.000192071,-1.36279e-05,-0.00108215,-0.0002379,0.000281448,0.000712839,-0.000180748,0.000168767,-0.00130492,0.000204891,-0.000121025,0.00022848,-0.000647686,-0.000158749,0.00059029,0.000413822,0.000193085,-5.47266e-05,0.000100896,0.000172852,0.000239022,-6.70775e-06,0.00104878,0.00013811,-9.84237e-05,6.48332e-05,-0.000158659,0.000109926,-5.10681e-05,-0.00197417,-0.000291299,0.00271823,-0.000611985
0.334994,-0.00159676,0.000224863,-2.01363e-05,3.49194e-05,0.000106515,-0.000726111,-0.000117056,0.000750615,-0.00320372,-9.38593e-05,-9.96611e-05,0.000268135,-0.00154388,0.000201329,-0.000347938,-4.41889e-05,0.00468731,-0.000256631,0.00378106,0.000256657,-0.000331001,-0.000843269,0.00029572,1.05621e-05,0.000103259,-0.000348926,-0.00305272,-0.000732649,3.22665e-05,6.09682e-05,-0.00894885,0.00026125,-3.24804e-05,0.00027001,0.0122806,0.000163013,1.16241e-05,-0.00112226,-0.000231155,-0.000186001,0.000707432,0.000226711,0.000164897,-0.00123753,0.000196267,-0.000132745,0.000239979,-0.000580356,-0.000143662,0.000557058,0.000386128,0.000175116,-5.59856e-05,0.000125409,0.000166394,0.000308391,-4.84506e-06,0.0011087,0.000135203,-6.08449e-05,2.11386e-05,-0.000126626,6.72085e-05,-5.26962e-05,-0.00190841,-0.000253241,0.00299123,-0.000634494
0.335994,-0.00165171,0.000214185,-1.95359e-05,2.58822e-05,0.000103635,-0.000859547,-0.000110674,0.000695196,-0.00329144,-5.47916e-05,-8.63224e-05,0.000246163,-0.00206176,0.000187029,-0.000310743,-4.87975e-05,0.0045528,-0.000230372,0.00363556,0.000318532,-0.000281111,-0.000688541,0.000319351,3.96343e-06,0.000120831,-0.000398434,-0.00337705,-0.000718151,3.30292e-05,6.63434e-05,-0.0087485,0.000237501,-3.05413e-05,0.000411628,0.0115716,0.00013127,3.65711e-05,-0.00114858,-0.000223082,-0.000665195,0.000698079,0.000634399,0.00015999,-0.00116229,0.000185727,-0.000143611,0.0002489,-0.000505623,-0.000127559,0.00051757,0.000356904,0.000156149,-5.68656e-05,0.000150576,0.000158974,0.000374623,-3.02372e-06,0.00115664,0.000131311,-2.25036e-05,-2.10183e-05,-9.60397e-05,2.54276e-05,-5.44262e-05,-0.0018314,-0.000213645,0.00322709,-0.00064855
0.336994,-0.00169205,0.000201617,-1.88059e-05,1.6878e-05,0.000100161,-0.00098012,-0.000103503,0.000635655,-0.00335473,-1.70576e-05,-7.20502e-05,0.00022184,-0.00253189,0.000170904,-0.000270168,-5.24516e-05,0.00437764,-0.000203062,0.00346732,0.000374833,-0.000231926,-0.00053259,0.000340079,-2.50263e-06,0.000137067,-0.000444722,-0.00366872,-0.000698917,3.36865e-05,7.11059e-05,-0.00847052,0.000212502,-2.84258e-05,0.000543535,0.0107979,9.70975e-05,6.09246e-05,-0.0011599,-0.00021377,-0.00115032,0.000684972,0.00103687,0.000154112,-0.00108001,0.000173575,-0.000153295,0.000255168,-0.000424756,-0.000110687,0.000472368,0.000326404,0.000136335,-5.73674e-05,0.00017617,0.000150664,0.000436969,-1.24626e-06,0.00119197,0.000126471,1.61814e-05,-6.13463e-05,-6.69397e-05,-1.47189e-05,-5.63017e-05,-0.00174392,-0.000173034,0.00342373,-0.000653565
0.337994,-0.0017179,0.000187179,-1.79448e-05,7.97172e-06,9.61285e-05,-0.00108671,-9.5746e-05,0.000572632,-0.00339404,1.91452e-05,-5.69986e-05,0.000195345,-0.00295437,0.000153108,-0.000226767,-5.51387e-05,0.00416503,-0.000174994,0.00327895,0.000425202,-0.000184181,-0.000376718,0.00035768,-8.80042e-06,0.000151888,-0.00048723,-0.00392895,-0.000674983,3.42052e-05,7.52167e-05,-0.00812317,0.000186458,-2.61332e-05,0.000664671,0.00997269,6.07916e-05,8.44049e-05,-0.00115519,-0.000203315,-0.00163522,0.000668292,0.00142871,0.000147335,-0.000991522,0.00016013,-0.000161479,0.000258746,-0.000339096,-9.32936e-05,0.000422085,0.000294873,0.00011584,-5.74948e-05,0.000201926,0.000141544,0.00049473,4.8532e-07,0.00121417,0.000120729,5.47847e-05,-9.95909e-05,-3.93311e-05,-5.26095e-05,-5.83592e-05,-0.00164683,-0.000131905,0.00357976,-0.000649114
0.338994,-0.00172947,0.000170907,-1.69517e-05,-7.74785e-07,9.15763e-05,-0.00117845,-8.75935e-05,0.000506799,-0.00340992,5.36462e-05,-4.13302e-05,0.000166878,-0.0033299,0.000133806,-0.00018113,-5.68575e-05,0.0039185,-0.000146458,0.00307303,0.000469403,-0.000138492,-0.000222201,0.000371967,-1.48983e-05,0.000165227,-0.000525441,-0.00415884,-0.000646434,3.45523e-05,7.86436e-05,-0.0077151,0.000159579,-2.36658e-05,0.000774195,0.00910852,2.26846e-05,0.000106747,-0.00113368,-0.000191814,-0.00211351,0.000648218,0.00180461,0.000139729,-0.000897723,0.000145712,-0.000167859,0.000259633,-0.000250036,-7.56238e-05,0.000367426,0.000262548,9.48465e-05,-5.72547e-05,0.000227546,0.000131696,0.000547274,2.16947e-06,0.00122293,0.000114139,9.28807e-05,-0.000135533,-1.319e-05,-8.77096e-05,-6.06259e-05,-0.00154105,-9.07233e-05,0.00369446,-0.000634946
0.339994,-0.0017271,0.000152854,-1.58266e-05,-9.30278e-06,8.65454e-05,-0.00125474,-7.92236e-05,0.000438844,-0.003403,8.63002e-05,-2.52139e-05,0.000136666,-0.00365972,0.000113173,-0.000133874,-5.76178e-05,0.00364191,-0.000117733,0.00285213,0.000507317,-9.53533e-05,-7.02775e-05,0.000382788,-2.07685e-05,0.000177031,-0.000558887,-0.00435937,-0.000613401,3.4696e-05,8.13613e-05,-0.00725509,0.000132078,-2.10292e-05,0.000871481,0.00821715,-1.68555e-05,0.000127706,-0.00109487,-0.000179371,-0.00257865,0.000624926,0.00215951,0.000131365,-0.00079952,0.000130636,-0.000172155,0.000257864,-0.000158988,-5.79142e-05,0.00030916,0.000229654,7.35482e-05,-5.66566e-05,0.0002527,0.000121205,0.000594043,3.80501e-06,0.00121807,0.000106764,0.000130051,-0.000168986,1.15288e-05,-0.000119578,-6.31177e-05,-0.00142759,-4.99172e-05,0.00376778,-0.000611004
0.340994,-0.00171123,0.000133095,-1.45703e-05,-1.75571e-05,8.10794e-05,-0.00131523,-7.07973e-05,0.000369468,-0.003374,0.000116985,-8.82271e-06,0.000104955,-0.00394549,9.13927e-05,-8.56297e-05,-5.744e-05,0.0033393,-8.90874e-05,0.00261874,0.000538931,-5.5131e-05,7.78682e-05,0.000390035,-2.63871e-05,0.000187258,-0.00058716,-0.00453129,-0.000576067,3.46058e-05,8.33514e-05,-0.00675196,0.000104167,-1.82326e-05,0.000956112,0.00730944,-5.74289e-05,0.000147062,-0.00103855,-0.00016609,-0.00302409,0.000598589,0.00248861,0.000122318,-0.000697835,0.00011521,-0.000174122,0.000253508,-6.73572e-05,-4.03903e-05,0.000248101,0.000196407,5.21448e-05,-5.57125e-05,0.00027703,0.000110159,0.000634565,5.39104e-06,0.0011996,9.86732e-05,0.000165893,-0.000199796,3.48841e-05,-0.00014787,-6.58375e-05,-0.00130748,-9.87212e-06,0.00380031,-0.000577433
0.341994,-0.0016824,0.000111723,-1.31845e-05,-2.54861e-05,7.52241e-05,-0.00135985,-6.24566e-05,0.000299365,-0.00332369,0.000145602,7.66839e-06,7.20122e-05,-0.00418915,6.86539e-05,-3.7034e-05,-5.63552e-05,0.0030149,-6.07771e-05,0.00237525,0.000564335,-1.80698e-05,0.000221121,0.000393638,-3.17335e-05,0.000195882,-0.000609921,-0.00467519,-0.00053466,3.42537e-05,8.46027e-05,-0.00621431,7.60589e-05,-1.52888e-05,0.00102786,0.0063952,-9.86071e-05,0.000164624,-0.000964817,-0.000152078,-0.00344337,0.000569382,0.00278752,0.000112659,-0.000593597,9.972e-05,-0.000173555,0.000246669,2.34858e-05,-2.32629e-05,0.000185098,0.000163016,3.08394e-05,-5.44368e-05,0.000300155,9.86474e-05,0.000668458,6.92684e-06,0.00116769,8.99432e-05,0.00020002,-0.000227838,5.6942e-05,-0.000172341,-6.8774e-05,-0.00118178,2.90698e-05,0.00379325,-0.000534588
0.342994,-0.00164125,8.88504e-05,-1.16718e-05,-3.30423e-05,6.9027e-05,-0.00138875,-5.4323e-05,0.000229218,-0.00325296,0.000172069,2.40847e-05,3.81263e-05,-0.00439283,4.51511e-05,1.12824e-05,-5.44044e-05,0.00267298,-3.30417e-05,0.00212397,0.000583703,1.57026e-05,0.000358449,0.000393575,-3.67902e-05,0.00020289,-0.000626906,-0.00479146,-0.000489459,3.36146e-05,8.51114e-05,-0.00565048,4.79602e-05,-1.22143e-05,0.00108669,0.0054832,-0.000139938,0.000180235,-0.000874112,-0.000137444,-0.00383025,0.000537486,0.00305232,0.000102463,-0.00048773,8.4429e-05,-0.000170297,0.000237481,0.000112227,-6.72547e-06,0.000121016,0.000129674,9.83456e-06,-5.2846e-05,0.000321674,8.67587e-05,0.000695438,8.41184e-06,0.00112271,8.06555e-05,0.000232076,-0.000253014,7.77693e-05,-0.000192843,-7.19007e-05,-0.00105158,6.66109e-05,0.00374831,-0.000483031
0.343994,-0.00158848,6.46097e-05,-1.00357e-05,-4.0182e-05,6.2537e-05,-0.00140229,-4.64964e-05,0.000159684,-0.00316274,0.000196326,4.02541e-05,3.6024e-06,-0.00455878,2.1081e-05,5.87042e-05,-5.16385e-05,0.00231783,-6.10426e-06,0.00186708,0.000597286,4.61656e-05,0.000488913,0.000389865,-4.15424e-05,0.00020828,-0.000637934,-0.00488028,-0.000440785,3.26667e-05,8.48803e-05,-0.00506837,2.00734e-05,-9.02901e-06,0.00113271,0.00458108,-0.000180949,0.00019377,-0.000767211,-0.0001223,-0.00417883,0.000503088,0.0032796,9.18005e-05,-0.000381141,6.95716e-05,-0.000164245,0.000226108,0.000197635,9.04837e-06,5.67202e-05,9.65703e-05,-1.06722e-05,-5.09584e-05,0.000341181,7.45827e-05,0.000715319,9.84549e-06,0.00106516,7.08967e-05,0.000261734,-0.000275252,9.74279e-05,-0.000209321,-7.51754e-05,-0.000917975,0.000102497,0.00366771,-0.000423531
0.344994,-0.00152487,3.91516e-05,-8.28097e-06,-4.68656e-05,5.5804e-05,-0.00140105,-3.90553e-05,9.13857e-05,-0.00305406,0.000218325,5.60086e-05,-3.12389e-05,-0.00468923,-3.3581e-06,0.000104642,-4.81177e-05,0.00195369,1.98304e-05,0.00160665,0.000605396,7.33931e-05,0.000611673,0.00038257,-4.59775e-05,0.000212063,-0.000642905,-0.00494171,-0.000389002,3.13925e-05,8.39198e-05,-0.00447534,-7.40666e-06,-5.75613e-06,0.00116618,0.00369541,-0.000221158,0.000205139,-0.000645223,-0.000106756,-0.00448365,0.000466385,0.00346654,8.07457e-05,-0.000274712,5.53496e-05,-0.000155355,0.000212738,0.000278574,2.39068e-05,-6.93876e-06,6.38807e-05,-3.0492e-05,-4.87939e-05,0.000358263,6.22079e-05,0.000728014,1.12272e-05,0.000995717,6.0757e-05,0.000288702,-0.000294503,0.000115971,-0.000221808,-7.85399e-05,-0.000782043,0.000136518,0.00355406,-0.000357049
0.345994,-0.00145125,1.26443e-05,-6.41328e-06,-5.30578e-05,4.88784e-05,-0.0013858,-3.20569e-05,2.49041e-05,-0.00292805,0.000238036,7.11869e-05,-6.60649e-05,-0.00478638,-2.79684e-05,0.000148539,-4.39108e-05,0.00158466,4.45761e-05,0.00134463,0.00060839,9.75401e-05,0.000726002,0.000371796,-5.00846e-05,0.000214262,-0.000641808,-0.00497567,-0.000334508,2.97788e-05,8.22465e-05,-0.00387816,-3.42945e-05,-2.42162e-06,0.00118748,0.00283172,-0.00026007,0.000214291,-0.000509589,-9.09255e-05,-0.00473983,0.000427586,0.00361097,6.93705e-05,-0.000169294,4.19293e-05,-0.000143644,0.000197582,0.00035403,3.7721e-05,-6.91397e-05,3.17739e-05,-4.94479e-05,-4.63739e-05,0.000372515,4.97216e-05,0.000733533,1.25564e-05,0.000915217,5.03296e-05,0.000312727,-0.000310738,0.000133437,-0.000230418,-8.19211e-05,-0.000644843,0.000168499,0.00341032,-0.000284721
0.346994,-0.00136852,-1.47278e-05,-4.43943e-06,-5.87276e-05,4.18112e-05,-0.00135744,-2.55385e-05,-3.92293e-05,-0.0027859,0.000255441,8.56358e-05,-0.000100534,-0.0048523,-5.25535e-05,0.000189883,-3.90948e-05,0.00121467,6.79665e-05,0.00108283,0.000606658,0.000118826,0.000831283,0.00035769,-5.38539e-05,0.000214912,-0.000634718,-0.00498202,-0.000277734,2.78174e-05,7.98842e-05,-0.00328294,-6.04153e-05,9.46173e-07,0.00119708,0.00199454,-0.000297194,0.000221208,-0.000362062,-7.4919e-05,-0.00494315,0.000386913,0.00371136,5.7747e-05,-6.56969e-05,2.94401e-05,-0.000129191,0.000180868,0.000423116,5.03862e-05,-0.000129105,4.09668e-07,-6.73785e-05,-4.37211e-05,0.000383545,3.72092e-05,0.000731983,1.38323e-05,0.000824625,3.97088e-05,0.0003336,-0.000323951,0.000149852,-0.000235334,-8.52311e-05,-0.000507402,0.000198306,0.00323972,-0.000207838
0.347994,-0.00127761,-4.27657e-05,-2.3673e-06,-6.38481e-05,3.4653e-05,-0.001317,-1.95187e-05,-0.000100538,-0.00262889,0.000270535,9.92124e-05,-0.000134299,-0.00488891,-7.69198e-05,0.00022821,-3.37537e-05,0.000847453,8.9855e-05,0.000822945,0.00060061,0.00013752,0.000927016,0.000340437,-5.72768e-05,0.000214056,-0.000621793,-0.00496058,-0.000219134,2.55053e-05,7.68625e-05,-0.0026951,-8.56067e-05,4.31709e-06,0.00119555,0.0011875,-0.000332044,0.000225905,-0.000204687,-5.88473e-05,-0.00509014,0.000344605,0.0037669,4.5947e-05,3.53165e-05,1.79738e-05,-0.000112141,0.000162836,0.000485085,6.18215e-05,-0.000186114,-3.00604e-05,-8.414e-05,-4.08592e-05,0.000390987,2.47534e-05,0.000723559,1.50538e-05,0.000725035,2.89896e-05,0.000351155,-0.000334154,0.000165224,-0.000236799,-8.83693e-05,-0.000370703,0.000225834,0.00304563,-0.000127818
0.348994,-0.00117946,-7.12581e-05,-2.05905e-07,-6.83969e-05,2.7454e-05,-0.00126563,-1.39999e-05,-0.000158606,-0.00245835,0.000283321,0.000111785,-0.000167013,-0.00489793,-0.000100878,0.000263114,-2.79783e-05,0.000486452,0.000110115,0.000566535,0.00059066,0.000153921,0.00101282,0.000320257,-6.03448e-05,0.000211749,-0.00060327,-0.0049112,-0.00015918,2.2845e-05,7.3217e-05,-0.00211936,-0.00010972,7.65974e-06,0.00118351,0.000413414,-0.000364146,0.000228429,-3.9765e-05,-4.2819e-05,-0.00517818,0.000300915,0.00377744,3.40422e-05,0.000133037,7.58564e-06,-9.26968e-05,0.000143739,0.000539337,7.19704e-05,-0.000239512,-5.94926e-05,-9.9609e-05,-3.78131e-05,0.000394506,1.24344e-05,0.000708538,1.622e-05,0.000617652,1.82662e-05,0.000365269,-0.000341377,0.000179542,-0.000235105,-9.12237e-05,-0.000235682,0.000251006,0.00283159,-4.61726e-05
0.349994,-0.00107505,-9.99838e-05,2.03469e-06,-7.23558e-05,2.02634e-05,-0.00120453,-8.97021e-06,-0.000213076,-0.00227572,0.000293816,0.000123234,-0.000198331,-0.00488088,-0.000124242,0.000294247,-2.18649e-05,0.000134838,0.00012864,0.000315058,0.000577215,0.000168346,0.00108841,0.000297402,-6.30497e-05,0.000208051,-0.000579462,-0.00483383,-9.83547e-05,1.98445e-05,6.8989e-05,-0.00155974,-0.00013262,1.09421e-05,0.00116165,-0.000325587,-0.000393048,0.000228858,0.000130178,-2.69404e-05,-0.00520553,0.000256109,0.00374355,2.21038e-05,0.000226812,-1.70447e-06,-7.1122e-05,0.00012383,0.00058542,8.07996e-05,-0.000288724,-8.77512e-05,-0.000113684,-3.46082e-05,0.000393811,3.28827e-07,0.000687273,1.73293e-05,0.000503777,7.63082e-06,0.000375867,-0.000345666,0.000192781,-0.000230581,-9.36739e-05,-0.000103213,0.000273769,0.00260111,3.55244e-05
0.350994,-0.000965386,-0.000128714,4.34335e-06,-7.57111e-05,1.31294e-05,-0.00113494,-4.40594e-06,-0.000263659,-0.00208247,0.000302046,0.000133455,-0.000227919,-0.00483908,-0.000146834,0.00032133,-1.55143e-05,-0.000204533,0.000145342,6.98568e-05,0.000560667,0.00018111,0.00115364,0.000272151,-6.53833e-05,0.000203033,-0.000550747,-0.00472852,-3.71459e-05,1.65176e-05,6.42247e-05,-0.0010196,-0.000154189,1.41323e-05,0.00113066,-0.00102797,-0.000418325,0.000227293,0.000302442,-1.13148e-05,-0.00517138,0.000210471,0.00366643,1.02028e-05,0.000316053,-9.90907e-06,-4.77326e-05,0.000103367,0.000623033,8.82981e-05,-0.000333257,-0.000114708,-0.000126285,-3.12709e-05,0.000388661,-1.14902e-05,0.000660181,1.83801e-05,0.000384783,-2.82738e-06,0.000382917,-0.000347086,0.000204897,-0.00022358,-9.55932e-05,2.58904e-05,0.00029409,0.00235772,0.000115679
0.351994,-0.000851451,-0.000157216,6.70791e-06,-7.84531e-05,6.09844e-06,-0.00105813,-2.74471e-07,-0.000310125,-0.00188016,0.000308044,0.000142358,-0.000255455,-0.00477368,-0.000168482,0.000344146,-9.03067e-06,-0.000529135,0.000160153,-0.000167831,0.000541382,0.000192515,0.00120845,0.000244808,-6.73368e-05,0.000196771,-0.000517561,-0.00459551,2.39631e-05,1.28837e-05,5.89748e-05,-0.000501632,-0.000174323,1.71989e-05,0.00109126,-0.00169267,-0.000439587,0.000223856,0.000474201,3.95854e-06,-0.00507589,0.000164296,0.00354797,-1.59023e-06,0.000400234,-1.707e-05,-2.28918e-05,8.26031e-05,0.00065202,9.4476e-05,-0.000372711,-0.000140243,-0.000137356,-2.78281e-05,0.000378875,-2.29535e-05,0.000627736,1.93707e-05,0.0002621,-1.30233e-05,0.000386432,-0.000345718,0.000215837,-0.000214472,-9.68521e-05,0.00015088,0.000311947,0.00210481,0.000192716
0.352994,-0.000734241,-0.000185255,9.11525e-06,-8.05765e-05,-7.84798e-07,-0.000975347,3.46329e-06,-0.000352307,-0.00167035,0.000311855,0.000149868,-0.000280632,-0.00468561,-0.000189021,0.000362551,-2.52038e-06,-0.000836775,0.000173022,-0.000396865,0.000519694,0.000202838,0.00125288,0.000215693,-6.89012e-05,0.000189349,-0.000480389,-0.00443526,8.44984e-05,8.96738e-06,5.32942e-05,-7.97811e-06,-0.000192934,2.01121e-05,0.00104419,-0.002319,-0.000456484,0.00021869,0.000642555,1.87848e-05,-0.00492018,0.00011789,0.0033906,-1.32052e-05,0.000478895,-2.32542e-05,2.99706e-06,6.17827e-05,0.000672363,9.93622e-05,-0.000406779,-0.000164243,-0.000146864,-2.43074e-05,0.000364337,-3.3996e-05,0.000590457,2.02989e-05,0.000137191,-2.2877e-05,0.000386464,-0.00034166,0.000225533,-0.000203627,-9.73214e-05,0.000271079,0.000327335,0.00184564,0.000265116
0.353994,-0.000614734,-0.000212597,1.15514e-05,-8.208e-05,-7.47782e-06,-0.000887816,6.8503e-06,-0.000390097,-0.00145467,0.000313529,0.000155926,-0.00030317,-0.0045757,-0.000208294,0.000376465,3.90934e-06,-0.0011256,0.000183917,-0.000616197,0.000495899,0.000212317,0.00128706,0.00018514,-7.00671e-05,0.000180852,-0.000439753,-0.00424847,0.000144002,4.79872e-06,4.7241e-05,0.000459766,-0.000209952,2.28436e-05,0.000990175,-0.00290651,-0.000468715,0.000211947,0.000804594,3.30743e-05,-0.00470631,7.15675e-05,0.00319732,-2.45726e-05,0.000551646,-2.85493e-05,2.94994e-05,4.11414e-05,0.000684178,0.000103003,-0.000435252,-0.000186604,-0.000154799,-2.07366e-05,0.000345005,-4.45571e-05,0.000548897,2.11625e-05,1.15359e-05,-3.23146e-05,0.000383107,-0.000335023,0.000233911,-0.000191409,-9.68754e-05,0.000385878,0.000340254,0.00158329,0.000331459
0.354994,-0.000493895,-0.000239014,1.40014e-05,-8.29665e-05,-1.39405e-05,-0.000796714,9.93093e-06,-0.000423442,-0.00123476,0.000313128,0.000160491,-0.000322813,-0.00444467,-0.000226154,0.000385879,1.01518e-05,-0.00139408,0.000192821,-0.000824865,0.000470255,0.00022115,0.0013112,0.000153492,-7.08247e-05,0.000171374,-0.000396202,-0.00403611,0.000202039,4.12557e-07,4.08766e-05,0.000900463,-0.00022532,2.53678e-05,0.000929941,-0.00345493,-0.000476031,0.000203791,0.000957453,4.67433e-05,-0.00443724,2.56467e-05,0.00297158,-3.5624e-05,0.00061816,-3.3059e-05,5.61583e-05,2.09002e-05,0.000687698,0.00010546,-0.000458014,-0.000207232,-0.000161168,-1.71439e-05,0.000320915,-5.45807e-05,0.000503635,2.19589e-05,-0.000113394,-4.1269e-05,0.000376486,-0.000325938,0.000240894,-0.000178166,-9.53961e-05,0.00049474,0.000350711,0.00132056,0.000390461
0.355994,-0.000372662,-0.000264284,1.64498e-05,-8.32426e-05,-2.01355e-05,-0.000703153,1.27488e-05,-0.000452341,-0.00101227,0.000310721,0.000163535,-0.000339336,-0.00429314,-0.000242463,0.000390845,1.61024e-05,-0.00164102,0.000199732,-0.00102199,0.00044298,0.000229482,0.00132559,0.000121093,-7.11642e-05,0.00016101,-0.000350298,-0.00379947,0.0002582,-4.15185e-06,3.4264e-05,0.00131337,-0.000238999,2.76616e-05,0.000864197,-0.00396407,-0.000478243,0.000194393,0.00109838,5.97143e-05,-0.00411682,-1.95514e-05,0.00271727,-4.62919e-05,0.000678179,-3.68976e-05,8.25047e-05,1.26394e-06,0.000683265,0.000106806,-0.000475044,-0.000226039,-0.000166003,-1.35577e-05,0.000292183,-6.40154e-05,0.000455263,2.26857e-05,-0.000236155,-4.96805e-05,0.000366764,-0.000314548,0.000246402,-0.000164223,-9.2776e-05,0.000597195,0.000358716,0.00106005,0.000441007
0.356994,-0.000251945,-0.000288195,1.88803e-05,-8.29191e-05,-2.60282e-05,-0.000608166,1.53449e-05,-0.000476836,-0.000788833,0.000306385,0.000165049,-0.000352552,-0.00412175,-0.000257093,0.000391477,2.16599e-05,-0.0018655,0.000204663,-0.00120676,0.000414253,0.000237407,0.00133057,8.82857e-05,-7.10757e-05,0.000149856,-0.00030261,-0.00354009,0.000312106,-8.85126e-06,2.74685e-05,0.00169808,-0.000250964,2.97053e-05,0.000793636,-0.00443376,-0.000475221,0.000183921,0.00122478,7.19168e-05,-0.00374964,-6.37088e-05,0.00243856,-5.65104e-05,0.000731509,-4.01853e-05,0.000108068,-1.75814e-05,0.000671314,0.000107127,-0.00048641,-0.00024295,-0.000169349,-1.00065e-05,0.000259008,-7.28147e-05,0.000404379,2.33402e-05,-0.000355347,-5.74978e-05,0.000354128,-0.000301012,0.000250362,-0.000149875,-8.89219e-05,0.00069284,0.000364284,0.000804015,0.000482184
0.357994,-0.000132618,-0.000310548,2.12762e-05,-8.201e-05,-3.1587e-05,-0.000512701,1.77558e-05,-0.000497012,-0.000566075,0.000300207,0.000165039,-0.000362309,-0.00393114,-0.000269929,0.000387944,2.67284e-05,-0.00206692,0.000207642,-0.00137847,0.000384214,0.000244965,0.00132656,5.54061e-05,-7.05497e-05,0.000138013,-0.000253699,-0.00325985,0.000363412,-1.36391e-05,2.05558e-05,0.00205442,-0.000261203,3.14827e-05,0.000718938,-0.0048638,-0.000466902,0.000172546,0.0013343,8.32877e-05,-0.003341,-0.000106514,0.00213989,-6.62156e-05,0.000778018,-4.30434e-05,0.000132384,-3.54702e-05,0.00065236,0.000106512,-0.000492265,-0.000257899,-0.000171267,-6.51867e-06,0.000221672,-8.09369e-05,0.000351575,2.39197e-05,-0.000469638,-6.46777e-05,0.00033879,-0.000285504,0.000252705,-0.000135385,-8.3758e-05,0.000781336,0.000367429,0.000554469,0.000513303
0.358994,-1.55153e-05,-0.00033116,2.36203e-05,-8.05331e-05,-3.67836e-05,-0.000417612,2.00125e-05,-0.000512984,-0.000345579,0.000292281,0.000163527,-0.000368497,-0.003722,-0.000280865,0.000380468,3.12184e-05,-0.00224491,0.000208706,-0.00153644,0.000352974,0.000252144,0.00131398,2.27778e-05,-6.95776e-05,0.000125581,-0.00020411,-0.00296087,0.00041181,-1.8466e-05,1.35922e-05,0.00238244,-0.000269716,3.29812e-05,0.000640766,-0.00525391,-0.000453292,0.000160429,0.00142485,9.37715e-05,-0.00289681,-0.000147666,0.00182585,-7.53457e-05,0.000817631,-4.55893e-05,0.00015501,-5.22583e-05,0.000626979,0.00010506,-0.000492836,-0.00027083,-0.000171833,-3.12214e-06,0.000180538,-8.83454e-05,0.000297431,2.44217e-05,-0.000577777,-7.1186e-05,0.000320985,-0.00026821,0.000253373,-0.000120977,-7.72286e-05,0.000862403,0.000368172,0.000313111,0.000533922
0.359994,9.85737e-05,-0.000349862,2.58952e-05,-7.85094e-05,-4.15929e-05,-0.00032366,2.21397e-05,-0.000524898,-0.000128879,0.000282709,0.000160548,-0.000371048,-0.00349514,-0.000289808,0.000369312,3.50486e-05,-0.00239935,0.000207906,-0.00168011,0.000320617,0.000258887,0.00129332,-9.29137e-06,-6.81519e-05,0.000112662,-0.000154363,-0.00264556,0.000457027,-2.32806e-05,6.64357e-06,0.00268232,-0.000276519,3.41919e-05,0.000559767,-0.00560373,-0.000434464,0.000147729,0.0014947,0.000103321,-0.00242344,-0.000186878,0.00150109,-8.38419e-05,0.000850333,-4.79329e-05,0.000175528,-6.78242e-05,0.0005958,0.00010287,-0.00048842,-0.000281701,-0.000171129,1.55611e-07,0.000136049,-9.50086e-05,0.000242511,2.48437e-05,-0.000678609,-7.69971e-05,0.000300961,-0.000249329,0.000252322,-0.000106835,-6.9301e-05,0.000935821,0.000366534,8.13608e-05,0.000543858
0.360994,0.000208906,-0.000366506,2.80833e-05,-7.59631e-05,-4.59932e-05,-0.000231506,2.41546e-05,-0.000532921,8.25558e-05,0.000271601,0.000156152,-0.00036994,-0.00325148,-0.000296677,0.00035478,3.8147e-05,-0.00253033,0.000205302,-0.00180898,0.000287206,0.00026509,0.00126508,-4.05126e-05,-6.62667e-05,9.93564e-05,-0.000104947,-0.00231654,0.000498828,-2.80301e-05,-2.25202e-07,0.00295431,-0.000281634,3.51098e-05,0.000476576,-0.0059128,-0.000410559,0.00013459,0.00154246,0.000111897,-0.00192762,-0.000223881,0.00117025,-9.16485e-05,0.000876158,-5.01724e-05,0.000193561,-8.20688e-05,0.000559482,0.000100044,-0.000479372,-0.000290481,-0.000169248,3.28802e-06,8.87165e-05,-0.0001009,0.000187348,2.51833e-05,-0.000771091,-8.20945e-05,0.000278978,-0.00022907,0.000249524,-9.3107e-05,-5.99669e-05,0.00100142,0.000362541,-0.000139637,0.000543187
0.361994,0.000314792,-0.000380961,3.01669e-05,-7.29211e-05,-4.99661e-05,-0.000141722,2.60678e-05,-0.000537236,0.000287332,0.000259076,0.000150403,-0.000365194,-0.00299212,-0.000301406,0.000337206,4.04527e-05,-0.00263813,0.000200964,-0.00192261,0.000252792,0.000270615,0.00122978,-7.062e-05,-6.39182e-05,8.57653e-05,-5.63104e-05,-0.00197663,0.000537015,-3.26614e-05,-6.95088e-06,0.00319871,-0.000285096,3.57337e-05,0.000391817,-0.00618059,-0.000381787,0.000121149,0.00156717,0.000119468,-0.00141633,-0.00025843,0.000837904,-9.87138e-05,0.00089519,-5.23918e-05,0.000208774,-9.49157e-05,0.000518706,9.668e-05,-0.000466097,-0.000297153,-0.000166286,6.24969e-06,3.91202e-05,-0.000105998,0.000132448,2.54386e-05,-0.0008543,-8.64697e-05,0.000255306,-0.00020765,0.00024497,-7.99005e-05,-4.92444e-05,0.00105908,0.000356226,-0.000348992,0.000532249
0.362994,0.000415594,-0.000393116,3.21285e-05,-6.94131e-05,-5.34969e-05,-5.47891e-05,2.78822e-05,-0.000538036,0.000484146,0.000245258,0.000143376,-0.000356876,-0.00271833,-0.00030394,0.000316947,4.19167e-05,-0.00272316,0.00019497,-0.00202067,0.000217418,0.000275298,0.00118796,-9.93724e-05,-6.11051e-05,7.19876e-05,-8.85863e-06,-0.00162879,0.000571422,-3.71212e-05,-1.34725e-05,0.00341584,-0.000286948,3.60658e-05,0.000306105,-0.0064065,-0.000348424,0.000107527,0.00156828,0.000126013,-0.000896633,-0.000290303,0.000508416,-0.00010499,0.000907557,-5.46582e-05,0.000220887,-0.00010631,0.000474158,9.28756e-05,-0.000449036,-0.000301711,-0.000162342,9.01673e-06,-1.2105e-05,-0.000110287,7.82815e-05,2.56078e-05,-0.000927444,-9.01229e-05,0.000230218,-0.000185295,0.000238672,-6.72881e-05,-3.71788e-05,0.00110874,0.00034763,-0.000546045,0.000511633
0.363994,0.000510731,-0.000402879,3.39508e-05,-6.54713e-05,-5.65741e-05,2.88937e-05,2.95944e-05,-0.000535521,0.000671795,0.000230276,0.000135157,-0.000345097,-0.00243156,-0.00030424,0.000294378,4.25028e-05,-0.00278599,0.000187407,-0.00210289,0.000181131,0.000278955,0.00114015,-0.000126556,-5.78293e-05,5.8121e-05,3.70488e-05,-0.00127611,0.000601916,-4.13575e-05,-1.97318e-05,0.00360598,-0.000287238,3.61118e-05,0.000220051,-0.00658991,-0.000310808,9.3834e-05,0.00154572,0.000131518,-0.000375588,-0.000319305,0.000185932,-0.000110436,0.000913425,-5.70201e-05,0.000229676,-0.000116219,0.000426519,8.87224e-05,-0.000428659,-0.000304167,-0.000157516,1.15672e-05,-6.42777e-05,-0.000113756,2.52817e-05,2.56894e-05,-0.000989868,-9.30618e-05,0.000203987,-0.000162234,0.00023066,-5.53097e-05,-2.38425e-05,0.00115035,0.000336802,-0.000730342,0.00048216
0.364994,0.000599683,-0.000410178,3.56168e-05,-6.113e-05,-5.91897e-05,0.000109001,3.1195e-05,-0.000529895,0.000849185,0.000214268,0.000125841,-0.000330008,-0.00213347,-0.00030228,0.000269883,4.21887e-05,-0.00282731,0.000178369,-0.00216909,0.000143986,0.000281391,0.0010869,-0.000151985,-5.40962e-05,4.42605e-05,8.11007e-05,-0.000921697,0.000628395,-4.53197e-05,-2.56742e-05,0.00376941,-0.000286025,3.58804e-05,0.000134259,-0.00673021,-0.000269334,8.01665e-05,0.00149984,0.000135976,0.000139899,-0.000345275,-0.00012571,-0.000115012,0.000913,-5.95068e-05,0.000234982,-0.000124629,0.000376456,8.43065e-05,-0.000405453,-0.000304542,-0.000151906,1.38815e-05,-0.000116682,-0.000116398,-2.61583e-05,2.56825e-05,-0.00104106,-9.5301e-05,0.000176884,-0.000138697,0.00022099,-4.39764e-05,-9.33512e-06,0.00118392,0.000323805,-0.000901605,0.000444859
0.365994,0.000681987,-0.000414959,3.711e-05,-5.64254e-05,-6.13391e-05,0.000185273,3.26694e-05,-0.000521358,0.00101534,0.000197372,0.000115533,-0.000311802,-0.00182589,-0.000298049,0.000243848,4.09663e-05,-0.00284786,0.000167955,-0.0022192,0.000106051,0.000282414,0.00102874,-0.000175501,-4.99149e-05,3.04988e-05,0.000123034,-0.000568688,0.000650781,-4.89598e-05,-3.12488e-05,0.00390634,-0.000283368,3.53833e-05,4.93288e-05,-0.00682688,-0.000224453,6.66077e-05,0.00143146,0.00013939,0.000643184,-0.000368079,-0.000423025,-0.000118689,0.000906517,-6.2128e-05,0.00023671,-0.000131543,0.000324607,7.97067e-05,-0.000379912,-0.000302874,-0.000145604,1.59427e-05,-0.00016858,-0.000118213,-7.56858e-05,2.55865e-05,-0.00108065,-9.68616e-05,0.000149174,-0.000114915,0.000209738,-3.32752e-05,6.21761e-06,0.00120951,0.000308712,-0.00105971,0.000400937
0.366994,0.000757243,-0.000417182,3.84146e-05,-5.13952e-05,-6.30211e-05,0.000257506,3.39991e-05,-0.000510106,0.00116941,0.000179732,0.000104344,-0.000290706,-0.00151086,-0.000291552,0.000216657,3.8842e-05,-0.00284848,0.000156273,-0.00225321,6.74177e-05,0.000281839,0.000966206,-0.000196978,-4.52992e-05,1.69253e-05,0.000162632,-0.000220165,0.000669016,-5.2233e-05,-3.64093e-05,0.00401695,-0.000279336,3.46343e-05,-3.41424e-05,-0.00687948,-0.00017666,5.32291e-05,0.00134184,0.000141769,0.001128,-0.000387618,-0.000702931,-0.000121441,0.00089424,-6.48743e-05,0.000234835,-0.000136984,0.000271581,7.49941e-05,-0.000352526,-0.000299215,-0.000138702,1.77373e-05,-0.000219226,-0.000119206,-0.000122989,2.54012e-05,-0.0011084,-9.77703e-05,0.000121115,-9.11147e-05,0.000197,-2.31738e-05,2.26656e-05,0.00122718,0.000291616,-0.00120463,0.00035174
0.367994,0.000825113,-0.000416827,3.95155e-05,-4.60787e-05,-6.42375e-05,0.000325541,3.5163e-05,-0.000496332,0.00131066,0.000161495,9.23904e-05,-0.000266984,-0.00119055,-0.000282807,0.000188681,3.58367e-05,-0.00283005,0.000143435,-0.00227124,2.82004e-05,0.0002795,0.000899809,-0.000216315,-4.02671e-05,3.62586e-06,0.000199722,0.000120886,0.000683063,-5.50981e-05,-4.1114e-05,0.00410138,-0.000273997,3.36495e-05,-0.000115563,-0.00688776,-0.00012649,4.00906e-05,0.00123262,0.000143132,0.00158853,-0.000403828,-0.000962777,-0.00012325,0.000876457,-6.77184e-05,0.000229396,-0.000140986,0.000217948,7.02314e-05,-0.000323772,-0.000293629,-0.000131282,1.92553e-05,-0.000267877,-0.000119386,-0.000167797,2.5127e-05,-0.00112423,-9.8058e-05,9.29536e-05,-6.75173e-05,0.000182895,-1.36259e-05,3.98366e-05,0.00123705,0.000272622,-0.00133646,0.000298717
0.368994,0.00088532,-0.000413881,4.03985e-05,-4.0516e-05,-6.49933e-05,0.000389259,3.61383e-05,-0.000480218,0.0014385,0.000142805,7.97947e-05,-0.000240925,-0.000867282,-0.000271847,0.00016028,3.19852e-05,-0.00279351,0.000129557,-0.00227348,-1.14572e-05,0.000275255,0.000830062,-0.000233439,-3.4842e-05,-9.31763e-06,0.000234173,0.00045162,0.0006929,-5.75183e-05,-4.53266e-05,0.00415979,-0.000267424,3.24465e-05,-0.000194347,-0.0068517,-7.45139e-05,2.72423e-05,0.00110585,0.000143501,0.00201955,-0.000416676,-0.00120037,-0.000124105,0.000853477,-7.06166e-05,0.0002205,-0.0001436,0.000164236,6.54725e-05,-0.000294109,-0.000286194,-0.000123421,2.04907e-05,-0.000313813,-0.000118767,-0.000209877,2.47645e-05,-0.00112819,-9.77598e-05,6.49253e-05,-4.43345e-05,0.000167558,-4.57633e-06,5.75387e-05,0.00123926,0.000251857,-0.00145534,0.000243371
0.369994,0.00093765,-0.000408347,4.10503e-05,-3.4748e-05,-6.52965e-05,0.000448564,3.69019e-05,-0.000461941,0.00155246,0.000123809,6.66814e-05,-0.000212844,-0.00054348,-0.000258724,0.000131792,2.73362e-05,-0.00273982,0.000114764,-0.00226024,-5.13809e-05,0.000268995,0.000757466,-0.000248304,-2.9052e-05,-2.18275e-05,0.000265889,0.000769375,0.000698514,-5.94617e-05,-4.90164e-05,0.00419229,-0.000259692,3.10441e-05,-0.000269921,-0.00677152,-2.13242e-05,1.4726e-05,0.000963882,0.000142908,0.00241642,-0.000426162,-0.00141399,-0.000124001,0.000825629,-7.35112e-05,0.000208317,-0.000144883,0.000110927,6.07624e-05,-0.000263967,-0.000277001,-0.000115191,2.14421e-05,-0.000356346,-0.000117368,-0.000249035,2.43148e-05,-0.00112046,-9.6913e-05,3.72519e-05,-2.17669e-05,0.000151142,4.03431e-06,7.55637e-05,0.00123398,0.000229462,-0.00156143,0.000187219
0.370994,0.000981951,-0.000400232,4.14587e-05,-2.88164e-05,-6.51579e-05,0.000503385,3.7432e-05,-0.000441668,0.0016522,0.000104652,5.31775e-05,-0.000183077,-0.000221636,-0.000243499,0.000103531,2.19506e-05,-0.00266996,9.91819e-05,-0.00223191,-9.13652e-05,0.000260648,0.000682508,-0.000260887,-2.29308e-05,-3.38309e-05,0.000294805,0.00107171,0.000699902,-6.09018e-05,-5.21582e-05,0.00419906,-0.000250878,2.9462e-05,-0.000341722,-0.00664777,3.24693e-05,2.57625e-06,0.000809348,0.000141388,0.00277522,-0.000432318,-0.00160238,-0.000122942,0.000793252,-7.63332e-05,0.000193074,-0.000144906,5.8459e-05,5.61377e-05,-0.000233742,-0.000266152,-0.000106652,2.21129e-05,-0.000394832,-0.000115215,-0.000285114,2.37793e-05,-0.00110133,-9.5557e-05,1.01407e-05,-6.33317e-10,0.000133814,1.22649e-05,9.36907e-05,0.00122141,0.0002056,-0.00165496,0.000131745
0.371994,0.00101813,-0.000389553,4.16126e-05,-2.27627e-05,-6.4591e-05,0.000553662,3.77085e-05,-0.00041956,0.00173751,8.54726e-05,3.94103e-05,-0.000151972,9.57255e-05,-0.000226252,7.57832e-05,1.59006e-05,-0.00258492,8.29426e-05,-0.00218901,-0.000131174,0.000250183,0.000605664,-0.000271184,-1.6517e-05,-4.52598e-05,0.000320881,0.00135644,0.000697067,-6.18176e-05,-5.47331e-05,0.00418031,-0.000241058,2.77204e-05,-0.000409207,-0.00648134,8.6249e-05,-9.17773e-06,0.000645104,0.000138984,0.00309271,-0.000435206,-0.00176476,-0.000120938,0.000756703,-7.90047e-05,0.000175055,-0.000143742,7.22407e-06,5.16265e-05,-0.000203792,-0.000253761,-9.78628e-05,2.25115e-05,-0.000428691,-0.000112335,-0.000317988,2.31598e-05,-0.00107123,-9.37317e-05,-1.62165e-05,2.0794e-05,0.000115753,2.01698e-05,0.00011169,0.00120178,0.000180449,-0.00173611,7.83561e-05
0.372994,0.00104616,-0.000376327,4.15023e-05,-1.66284e-05,-6.36118e-05,0.00059934,3.77149e-05,-0.000395771,0.0018083,6.64087e-05,2.55066e-05,-0.000119887,0.00040609,-0.000207076,4.88075e-05,9.26823e-06,-0.00248572,6.6182e-05,-0.00213212,-0.000170543,0.000237613,0.000527401,-0.000279215,-9.8547e-06,-5.60517e-05,0.000344101,0.00162164,0.000690016,-6.2194e-05,-5.6728e-05,0.00413634,-0.00023031,2.58395e-05,-0.000471859,-0.00627347,0.000139398,-2.05106e-05,0.000474159,0.000135741,0.00336642,-0.000434916,-0.00190079,-0.000118009,0.000716344,-8.14425e-05,0.000154585,-0.000141472,-4.24303e-05,4.72492e-05,-0.000174432,-0.000239949,-8.88715e-05,2.26514e-05,-0.00045741,-0.000108762,-0.000347566,2.2458e-05,-0.00103067,-9.1477e-05,-4.16434e-05,4.04652e-05,9.71466e-05,2.77953e-05,0.000129327,0.00117533,0.000154204,-0.00180508,2.83412e-05
0.373994,0.00106607,-0.000360576,4.11194e-05,-1.04549e-05,-6.22386e-05,0.000640372,3.74384e-05,-0.000370452,0.00186459,4.75907e-05,1.15917e-05,-8.71841e-05,0.000706993,-0.00018608,2.28295e-05,2.14366e-06,-0.00237339,4.90397e-05,-0.00206194,-0.000209183,0.000222995,0.000448173,-0.000285014,-2.99286e-06,-6.61495e-05,0.000364459,0.0018657,0.000678761,-6.20222e-05,-5.81361e-05,0.00406754,-0.000218712,2.38394e-05,-0.000529188,-0.00602581,0.00019131,-3.13993e-05,0.000299605,0.000131709,0.00359463,-0.000431563,-0.00201054,-0.00011418,0.000672547,-8.35607e-05,0.000132034,-0.00013818,-9.01983e-05,4.3019e-05,-0.000145933,-0.00022485,-7.97222e-05,2.25516e-05,-0.000480561,-0.000104532,-0.000373783,2.1676e-05,-0.00098027,-8.88318e-05,-6.598e-05,5.88805e-05,7.81881e-05,3.51772e-05,0.000146366,0.00114236,0.000127077,-0.00186204,-1.71637e-05
0.374994,0.00107794,-0.000342321,4.0457e-05,-4.28261e-06,-6.04919e-05,0.000676706,3.68711e-05,-0.000343746,0.00190652,2.91422e-05,-2.21242e-06,-5.4224e-05,0.000996058,-0.000163383,-1.95664e-06,-5.37689e-06,-0.00224897,3.16585e-05,-0.00197924,-0.000246782,0.000206431,0.00036843,-0.000288627,4.01471e-06,-7.55022e-05,0.000381963,0.0020873,0.000663315,-6.12994e-05,-5.89565e-05,0.00397443,-0.00020634,2.17398e-05,-0.000580746,-0.00574038,0.000241395,-4.18223e-05,0.000124557,0.000126944,0.00377636,-0.000425286,-0.0020945,-0.000109483,0.000625688,-8.52743e-05,0.0001078,-0.000133953,-0.000135813,3.89429e-05,-0.00011852,-0.0002086,-7.04538e-05,2.22362e-05,-0.000497802,-9.96863e-05,-0.000396601,2.08158e-05,-0.000920727,-8.58332e-05,-8.90822e-05,7.59288e-05,5.90738e-05,4.23383e-05,0.000162576,0.00110318,9.92911e-05,-0.00190716,-5.7208e-05
0.375994,0.0010819,-0.000321583,3.95095e-05,1.84863e-06,-5.83942e-05,0.000708292,3.60103e-05,-0.000315799,0.00193432,1.11792e-05,-1.57875e-05,-2.13605e-05,0.00127104,-0.000139121,-2.53897e-05,-1.31931e-05,-0.00211351,1.41846e-05,-0.00188489,-0.000283014,0.000188065,0.000288607,-0.000290116,1.11098e-05,-8.40647e-05,0.000396625,0.00228543,0.0006437,-6.00291e-05,-5.91945e-05,0.0038577,-0.00019327,1.95595e-05,-0.000626123,-0.00541959,0.00028909,-5.17577e-05,-4.79204e-05,0.0001215,0.00391134,-0.000416241,-0.00215348,-0.000103959,0.000576148,-8.65019e-05,8.2304e-05,-0.000128876,-0.000179041,3.50222e-05,-9.2369e-05,-0.000191345,-6.11011e-05,2.17346e-05,-0.00050889,-9.42702e-05,-0.000416008,1.98791e-05,-0.000852817,-8.25161e-05,-0.000110822,9.15205e-05,3.99998e-05,4.92877e-05,0.000177735,0.00105811,7.10817e-05,-0.00194055,-9.10508e-05
0.376994,0.00107815,-0.000298381,3.82732e-05,7.90019e-06,-5.59696e-05,0.000735077,3.48588e-05,-0.000286753,0.00194832,-6.19144e-06,-2.90202e-05,1.10638e-05,0.00152985,-0.000113441,-4.73404e-05,-2.12027e-05,-0.00196808,-3.23354e-06,-0.00177982,-0.000317545,0.000168079,0.000209135,-0.000289549,1.82301e-05,-9.17985e-05,0.000408461,0.00245939,0.000619943,-5.82209e-05,-5.8861e-05,0.00371819,-0.000179575,1.73166e-05,-0.000664966,-0.00506624,0.000333865,-6.11831e-05,-0.00021488,0.000115439,0.004,-0.000404604,-0.00218863,-9.76538e-05,0.00052431,-8.71686e-05,5.59824e-05,-0.000123037,-0.000219684,3.12538e-05,-6.76144e-05,-0.000173233,-5.16957e-05,2.10809e-05,-0.000513681,-8.83312e-05,-0.000432012,1.88677e-05,-0.000777376,-7.89122e-05,-0.000131087,0.000105588,2.11591e-05,5.60197e-05,0.000191629,0.00100754,4.26912e-05,-0.00196233,-0.000118178
0.377994,0.00106693,-0.000272735,3.67458e-05,1.38347e-05,-5.3244e-05,0.000757008,3.34251e-05,-0.000256756,0.00194894,-2.28726e-05,-4.18033e-05,4.27222e-05,0.00177062,-8.6502e-05,-6.77108e-05,-2.93037e-05,-0.00181375,-2.04456e-05,-0.00166504,-0.000350035,0.00014669,0.000130436,-0.000287002,2.53099e-05,-9.86713e-05,0.000417485,0.00260879,0.000592078,-5.589e-05,-5.79725e-05,0.0035569,-0.000165328,1.50281e-05,-0.000696975,-0.00468343,0.00037523,-7.00745e-05,-0.000373551,0.000108819,0.00404341,-0.000390564,-0.00220132,-9.06203e-05,0.000470557,-8.72085e-05,2.9276e-05,-0.00011652,-0.000257568,2.76307e-05,-4.43447e-05,-0.000154416,-4.22671e-05,2.03137e-05,-0.000512138,-8.19199e-05,-0.000444643,1.77829e-05,-0.000695292,-7.50502e-05,-0.000149781,0.000118087,2.73872e-06,6.25147e-05,0.000204063,0.000951853,1.43668e-05,-0.00197259,-0.000138314
0.378994,0.00104853,-0.000244662,3.49269e-05,1.96164e-05,-5.02442e-05,0.000774033,3.17231e-05,-0.000225955,0.00193666,-3.87772e-05,-5.40361e-05,7.33076e-05,0.00199167,-5.84745e-05,-8.64324e-05,-3.73962e-05,-0.00165163,-3.72997e-05,-0.00154161,-0.000380151,0.000124145,5.2924e-05,-0.000282557,3.22808e-05,-0.000104658,0.000423714,0.0027335,0.000560154,-5.30575e-05,-5.6551e-05,0.00337506,-0.000150596,1.271e-05,-0.000721914,-0.00427462,0.000412742,-7.84059e-05,-0.000521399,0.000101705,0.0040432,-0.00037432,-0.00219318,-8.29165e-05,0.000415272,-8.65667e-05,2.62206e-06,-0.000109408,-0.000292542,2.41434e-05,-2.26077e-05,-0.000135048,-3.2844e-05,1.94753e-05,-0.000504324,-7.50895e-05,-0.000453947,1.66256e-05,-0.000607498,-7.0955e-05,-0.000166821,0.000128993,-1.50831e-05,6.87393e-05,0.000214858,0.000891463,-1.36428e-05,-0.00197143,-0.000151418
0.379994,0.00102327,-0.000214181,3.28178e-05,2.5211e-05,-4.69986e-05,0.000786106,2.97721e-05,-0.000194503,0.00191206,-5.38294e-05,-6.56256e-05,0.000102536,0.0021916,-2.95396e-05,-0.000103464,-4.53849e-05,-0.00148284,-5.36436e-05,-0.00141062,-0.00040757,0.000100713,-2.2996e-05,-0.000276298,3.90721e-05,-0.000109738,0.000427157,0.00283366,0.000524238,-4.97496e-05,-5.4623e-05,0.00317406,-0.000135447,1.0377e-05,-0.000739617,-0.0038435,0.000446007,-8.61496e-05,-0.000656174,9.41575e-05,0.00400154,-0.000356079,-0.00216595,-7.46056e-05,0.000358833,-8.52013e-05,-2.35537e-05,-0.00010178,-0.000324478,2.07802e-05,-2.41397e-06,-0.000115281,-2.34545e-05,1.86111e-05,-0.000490409,-6.78951e-05,-0.000459988,1.53965e-05,-0.000514957,-6.66479e-05,-0.000182139,0.000138302,-3.21392e-05,7.46487e-05,0.00022386,0.000826816,-4.10909e-05,-0.00195893,-0.000157684
0.380994,0.000991515,-0.000181316,3.04218e-05,3.05862e-05,-4.3536e-05,0.000793187,2.7596e-05,-0.000162557,0.00187573,-6.7964e-05,-7.64869e-05,0.000130152,0.00236925,1.1231e-07,-0.000118791,-5.31805e-05,-0.00130851,-6.93256e-05,-0.00127322,-0.00043199,7.66804e-05,-9.69281e-05,-0.000268312,4.56119e-05,-0.000113901,0.000427826,0.00290968,0.000484416,-4.59973e-05,-5.22198e-05,0.00295547,-0.000119941,8.04278e-06,-0.000749991,-0.00339398,0.00047469,-9.32759e-05,-0.000775956,8.6241e-05,0.00392104,-0.000336053,-0.00212152,-6.57552e-05,0.000301619,-8.30844e-05,-4.88451e-05,-9.37153e-05,-0.000353261,1.75286e-05,1.62598e-05,-9.52675e-05,-1.41278e-05,1.7769e-05,-0.000470658,-6.03934e-05,-0.000462843,1.40954e-05,-0.000418657,-6.21467e-05,-0.000195683,0.000146033,-4.82757e-05,8.0188e-05,0.000230935,0.000758378,-6.77369e-05,-0.00193521,-0.000157522
0.381994,0.000953677,-0.000146095,2.77439e-05,3.57116e-05,-3.98864e-05,0.000795252,2.5223e-05,-0.000130283,0.00182835,-8.11271e-05,-8.65437e-05,0.000155924,0.00252374,3.02819e-05,-0.000132419,-6.07014e-05,-0.00112981,-8.41952e-05,-0.00113059,-0.000453131,5.23425e-05,-0.000168487,-0.000258688,5.18277e-05,-0.000117141,0.000425732,0.00296216,0.000440799,-4.1836e-05,-4.93765e-05,0.00272106,-0.000104135,5.71983e-06,-0.000753018,-0.00293016,0.000498515,-9.97538e-05,-0.000879186,7.8018e-05,0.00380468,-0.000314457,-0.00206183,-5.64367e-05,0.000243999,-8.02033e-05,-7.28727e-05,-8.52867e-05,-0.000378792,1.43758e-05,3.3466e-05,-7.51566e-05,-4.89393e-06,1.6998e-05,-0.00044543,-5.26423e-05,-0.000462605,1.27218e-05,-0.0003196,-5.74654e-05,-0.000207413,0.000152218,-6.33544e-05,8.52947e-05,0.000235978,0.000686635,-9.33488e-05,-0.00190041,-0.000151536
0.382994,0.000910189,-0.000108556,2.47912e-05,4.05586e-05,-3.60796e-05,0.00079229,2.26846e-05,-9.78491e-05,0.00177062,-9.32762e-05,-9.57292e-05,0.000179658,0.00265448,6.07625e-05,-0.000144376,-6.78749e-05,-0.000947908,-9.81043e-05,-0.000983891,-0.000470748,2.7998e-05,-0.0002373,-0.000247516,5.76475e-05,-0.000119458,0.000420885,0.00299188,0.000393533,-3.73047e-05,-4.61317e-05,0.00247274,-8.80834e-05,3.41956e-06,-0.000748761,-0.00245622,0.000517267,-0.000105551,-0.000964692,6.95509e-05,0.00365574,-0.000291506,-0.00198883,-4.67246e-05,0.00018634,-7.65605e-05,-9.52901e-05,-7.65652e-05,-0.000400983,1.13091e-05,4.92812e-05,-5.5093e-05,4.21486e-06,1.63474e-05,-0.000415168,-4.47002e-05,-0.000459376,1.12748e-05,-0.000218794,-5.26152e-05,-0.000217299,0.000156908,-7.72537e-05,8.99018e-05,0.000238908,0.000612092,-0.000117708,-0.00185471,-0.000140501
0.383994,0.000861512,-6.87535e-05,2.15729e-05,4.51012e-05,-3.21462e-05,0.000784317,2.0015e-05,-6.54314e-05,0.00170329,-0.000104379,-0.000103986,0.000201186,0.00276115,9.13404e-05,-0.000154704,-7.46385e-05,-0.000763987,-0.000110909,-0.000834312,-0.000484631,3.9414e-06,-0.00030301,-0.000234887,6.30008e-05,-0.000120861,0.000413304,0.00299983,0.000342794,-3.2446e-05,-4.25273e-05,0.00221258,-7.18319e-05,1.15238e-06,-0.000737361,-0.00197639,0.000530795,-0.000110636,-0.0010317,6.09012e-05,0.00347772,-0.000267412,-0.00190445,-3.66957e-05,0.000128999,-7.21739e-05,-0.000115789,-6.76186e-05,-0.000419755,8.31687e-06,6.38015e-05,-3.52168e-05,1.31643e-05,1.58656e-05,-0.000380393,-3.66256e-05,-0.000453274,9.75267e-06,-0.000117244,-4.76042e-05,-0.000225329,0.000160169,-8.98704e-05,9.39402e-05,0.000239675,0.000535271,-0.000140609,-0.00179835,-0.000125322
0.384994,0.000808135,-2.67576e-05,1.81002e-05,4.93151e-05,-2.81164e-05,0.000771369,1.725e-05,-3.32103e-05,0.00162711,-0.000114415,-0.000111267,0.000220375,0.0028437,0.000121797,-0.000163461,-8.09398e-05,-0.000579248,-0.00012247,-0.000683024,-0.000494613,-1.95435e-05,-0.000365273,-0.000220894,6.78193e-05,-0.000121363,0.000403014,0.00298707,0.000288803,-2.73048e-05,-3.86072e-05,0.00194274,-5.54222e-05,-1.07218e-06,-0.00071904,-0.00149488,0.000539011,-0.000114977,-0.00107985,5.21291e-05,0.00327425,-0.000242383,-0.00181058,-2.64286e-05,7.23238e-05,-6.70762e-05,-0.000134104,-5.85112e-05,-0.000435039,5.38894e-06,7.71373e-05,-1.56614e-05,2.19179e-05,1.55991e-05,-0.000341687,-2.84768e-05,-0.000444424,8.15351e-06,-1.59503e-05,-4.24386e-05,-0.0002315,0.000162075,-0.000101121,9.73417e-05,0.000238254,0.000456704,-0.000161869,-0.00173163,-0.000107003
0.385994,0.000750562,1.73365e-05,1.43865e-05,5.31784e-05,-2.40201e-05,0.000753519,1.44265e-05,-1.37067e-06,0.00154288,-0.000123372,-0.000117534,0.000237127,0.00290234,0.000151909,-0.000170714,-8.67373e-05,-0.000394889,-0.000132656,-0.000531177,-0.00050057,-4.21893e-05,-0.000423768,-0.000205629,7.20383e-05,-0.000120984,0.000390052,0.0029548,0.00023182,-2.19282e-05,-3.44174e-05,0.00166552,-3.88899e-05,-3.24539e-06,-0.000694097,-0.00101585,0.000541894,-0.000118543,-0.00110916,4.32931e-05,0.00304906,-0.000216622,-0.00170898,-1.60028e-05,1.66522e-05,-6.13141e-05,-0.000150015,-4.93049e-05,-0.000446775,2.51668e-06,8.94082e-05,3.44666e-06,3.04365e-05,1.55908e-05,-0.000299684,-2.03111e-05,-0.000432962,6.47502e-06,8.41065e-05,-3.71229e-05,-0.00023582,0.000162712,-0.00011094,0.000100042,0.00023465,0.000376933,-0.000181323,-0.00165493,-8.66016e-05
0.386994,0.000689315,6.34056e-05,1.04472e-05,5.66715e-05,-1.98872e-05,0.000730867,1.1581e-05,2.98999e-05,0.00145139,-0.000131248,-0.00012276,0.000251372,0.00293753,0.00018145,-0.000176539,-9.19997e-05,-0.000212107,-0.000141341,-0.000379891,-0.000502429,-6.37504e-05,-0.000478194,-0.000189189,7.55974e-05,-0.000119749,0.000374471,0.00290429,0.000172157,-1.63648e-05,-3.00054e-05,0.00138324,-2.22647e-05,-5.35921e-06,-0.000662905,-0.000543295,0.000539481,-0.00012131,-0.00112006,3.44501e-05,0.00280585,-0.000190325,-0.00160132,-5.49801e-06,-3.76902e-05,-5.49467e-05,-0.000163351,-4.00585e-05,-0.000454912,-3.06558e-07,0.000100739,2.1989e-05,3.86793e-05,1.58792e-05,-0.000255061,-1.21847e-05,-0.000419031,4.71476e-06,0.000181966,-3.16607e-05,-0.000238309,0.000162173,-0.000119286,0.000101983,0.000228891,0.000296505,-0.000198829,-0.00156869,-6.51919e-05
0.387994,0.000624926,0.000111293,6.30019e-06,5.97769e-05,-1.57464e-05,0.000703556,8.74934e-06,6.04129e-05,0.00135344,-0.00013805,-0.000126928,0.000263076,0.00294995,0.000210194,-0.000181017,-9.67053e-05,-3.20879e-05,-0.000148412,-0.000230247,-0.000500164,-8.40073e-05,-0.000528275,-0.000171673,7.84417e-05,-0.000117691,0.000356345,0.00283685,0.000110169,-1.06639e-05,-2.5419e-05,0.00109827,-5.57014e-06,-7.40614e-06,-0.000625909,-8.10413e-05,0.000531872,-0.000123252,-0.0011133,2.56549e-05,0.00254829,-0.00016368,-0.00148912,5.00619e-06,-9.03915e-05,-4.80445e-05,-0.00017399,-3.08288e-05,-0.00045941,-3.08543e-06,0.000111253,3.98558e-05,4.66032e-05,1.6497e-05,-0.000208516,-4.15201e-06,-0.000402786,2.87031e-06,0.000276698,-2.60555e-05,-0.000239,0.000160554,-0.000126134,0.000103117,0.000221034,0.000215966,-0.000214271,-0.00147346,-4.38204e-05
0.388994,0.000557932,0.000160802,1.96536e-06,6.24793e-05,-1.16259e-05,0.000671762,5.96546e-06,8.99803e-05,0.00124986,-0.000143792,-0.000130031,0.00027223,0.00294048,0.000237912,-0.00018423,-0.000100841,0.000144004,-0.000153766,-8.32734e-05,-0.0004938,-0.000102771,-0.000573764,-0.000153184,8.05226e-05,-0.000114845,0.000335769,0.00275382,4.62667e-05,-4.87526e-06,-2.07067e-05,0.000812983,1.11757e-05,-9.37915e-06,-0.000583616,0.000367322,0.000519225,-0.000124353,-0.00108999,1.69602e-05,0.00227994,-0.000136865,-0.00137373,1.54313e-05,-0.000141155,-4.06872e-05,-0.00018186,-2.16702e-05,-0.000460242,-5.82253e-06,0.000121071,5.69464e-05,5.41643e-05,1.74698e-05,-0.000160762,3.73461e-06,-0.000384386,9.39488e-07,0.000367407,-2.03114e-05,-0.000237933,0.000157957,-0.000131479,0.000103405,0.000211157,0.000135859,-0.000227557,-0.00136988,-2.34678e-05
0.389994,0.000488875,0.000211696,-2.53505e-06,6.47654e-05,-7.5528e-06,0.000635706,3.26088e-06,0.000118417,0.00114143,-0.000148494,-0.000132071,0.000278859,0.00291018,0.000264378,-0.00018626,-0.000104401,0.000315032,-0.000157312,6.00549e-05,-0.000483412,-0.000119883,-0.000614442,-0.000133832,8.1799e-05,-0.000111252,0.000312865,0.00265655,-1.90937e-05,9.5181e-07,-1.59163e-05,0.000529705,2.79598e-05,-1.12716e-05,-0.000536594,0.000798477,0.000501748,-0.000124599,-0.00105151,8.41601e-06,0.00200419,-0.000110052,-0.00125637,2.57004e-05,-0.000189702,-3.29619e-05,-0.000186934,-1.26352e-05,-0.000457394,-8.51851e-06,0.000130305,7.31696e-05,6.13177e-05,1.88155e-05,-0.000112507,1.14253e-05,-0.000363999,-1.0794e-06,0.000453237,-1.44341e-05,-0.000235162,0.00015448,-0.000135338,0.000102821,0.000199359,5.67194e-05,-0.000238623,-0.00125866,-5.01277e-06
0.390994,0.000418294,0.000263688,-7.17656e-06,6.66242e-05,-3.55286e-06,0.000595644,6.64035e-07,0.000145544,0.00102898,-0.000152185,-0.000133059,0.000283008,0.00286026,0.00028937,-0.00018719,-0.000107383,0.000479903,-0.000158975,0.000198828,-0.00046912,-0.000135223,-0.000650123,-0.00011373,8.2238e-05,-0.000106959,0.000287784,0.00254635,-8.54061e-05,6.76859e-06,-1.10952e-05,0.000250708,4.47736e-05,-1.3077e-05,-0.000485458,0.00120942,0.000479702,-0.000123986,-0.000999483,7.00773e-08,0.00172423,-8.3402e-05,-0.00113807,3.57386e-05,-0.00023577,-2.49609e-05,-0.000189236,-3.77452e-06,-0.000450868,-1.11723e-05,0.000139055,8.84442e-05,6.80189e-05,2.0543e-05,-6.44456e-05,1.88728e-05,-0.000341798,-3.18728e-06,0.000533383,-8.43125e-06,-0.000230747,0.000150221,-0.000137744,0.000101356,0.000185758,-2.09322e-05,-0.00024743,-0.0011406,1.07997e-05
0.391994,0.000346723,0.000316446,-1.19325e-05,6.80466e-05,3.49412e-07,0.000551875,-1.80022e-06,0.000171189,0.000913288,-0.000154895,-0.000133017,0.00028475,0.00279204,0.00031267,-0.000187097,-0.000109792,0.000637572,-0.000158697,0.000332205,-0.000451088,-0.0001487,-0.000680659,-9.30014e-05,8.18157e-05,-0.000102014,0.000260708,0.00242455,-0.00015212,1.25276e-05,-6.28925e-06,-2.18348e-05,6.16115e-05,-1.47893e-05,-0.000430868,0.00159747,0.00045339,-0.000122514,-0.000935717,-8.03266e-06,0.00144306,-5.7066e-05,-0.0010197,4.54735e-05,-0.000279119,-1.67797e-05,-0.000188832,4.86283e-06,-0.000440688,-1.37811e-05,0.00014741,0.000102699,7.42242e-05,2.26516e-05,-1.72431e-05,2.60332e-05,-0.000317961,-5.38405e-06,0.000607091,-2.31335e-06,-0.000224761,0.000145277,-0.000138745,9.90127e-05,0.000170488,-9.65919e-05,-0.000253965,-0.00101659,2.33838e-05
0.392994,0.000274687,0.000369582,-1.6774e-05,6.90255e-05,4.13103e-06,0.000504734,-4.11101e-06,0.000195189,0.000795148,-0.000156661,-0.000131973,0.000284178,0.00270693,0.000334067,-0.000186054,-0.000111629,0.000787054,-0.000156437,0.000459418,-0.000429524,-0.000160263,-0.000705936,-7.17748e-05,8.05177e-05,-9.64699e-05,0.000231846,0.00229239,-0.000218644,1.81828e-05,-1.54294e-06,-0.000285872,7.84701e-05,-1.64023e-05,-0.000373512,0.00196033,0.000423155,-0.000120193,-0.000862171,-1.585e-05,0.00116338,-3.11866e-05,-0.000901982,5.48357e-05,-0.000319527,-8.5152e-06,-0.000185827,1.32296e-05,-0.000426898,-1.63409e-05,0.000155438,0.000115871,7.98915e-05,2.51304e-05,2.84743e-05,3.28655e-05,-0.000292672,-7.66824e-06,0.000673669,3.90557e-06,-0.000217284,0.000139738,-0.000138408,9.58098e-05,0.000153697,-0.000169778,-0.000258242,-0.000887591,3.23321e-05
0.393994,0.000202699,0.000422658,-2.16701e-05,6.95557e-05,7.77062e-06,0.000454592,-6.25161e-06,0.000217395,0.00067533,-0.000157522,-0.000129964,0.000281401,0.00260642,0.000353357,-0.000184127,-0.000112896,0.000927435,-0.000152173,0.000579776,-0.00040467,-0.00016989,-0.00072588,-5.01876e-05,7.83401e-05,-9.03833e-05,0.00020144,0.00215111,-0.000284353,2.36903e-05,3.10133e-06,-0.000539498,9.53464e-05,-1.79103e-05,-0.000314104,0.00229603,0.000389375,-0.000117041,-0.000780885,-2.33428e-05,0.00088766,-5.89714e-06,-0.000785475,6.37591e-05,-0.000356799,-2.63001e-07,-0.000180364,2.12801e-05,-0.000409567,-1.88469e-05,0.000163194,0.00012791,8.49813e-05,2.7958e-05,7.2131e-05,3.93324e-05,-0.000266117,-1.00368e-05,0.000732493,1.02075e-05,-0.000208406,0.000133687,-0.000136809,9.17813e-05,0.000135543,-0.000240035,-0.000260297,-0.000754614,3.74269e-05
0.394994,0.000131256,0.000475187,-2.65878e-05,6.9634e-05,1.12486e-05,0.000401852,-8.20965e-06,0.00023767,0.00055459,-0.000157519,-0.000127032,0.000276545,0.00249204,0.00037035,-0.000181376,-0.000113594,0.00105788,-0.000145904,0.000692666,-0.0003768,-0.000177594,-0.000740457,-2.83854e-05,7.52896e-05,-8.38125e-05,0.000169761,0.00200186,-0.000348594,2.90081e-05,7.60341e-06,-0.000780979,0.000112236,-1.93075e-05,-0.000253368,0.00260301,0.000352453,-0.000113084,-0.000693934,-3.04747e-05,0.000618092,1.8678e-05,-0.000670623,7.21814e-05,-0.000390761,7.88386e-06,-0.000172617,2.89707e-05,-0.000388792,-2.12934e-05,0.000170712,0.000138774,8.94578e-05,3.11025e-05,0.00011321,4.54e-05,-0.000238485,-1.24845e-05,0.000783009,1.65701e-05,-0.000198224,0.000127203,-0.000134037,8.69754e-05,0.000116191,-0.000306937,-0.00026019,-0.00061873,3.86449e-05
0.395993,6.08357e-05,0.000526629,-3.14922e-05,6.92586e-05,1.4547e-05,0.000346942,-9.97698e-06,0.000255895,0.00043367,-0.000156694,-0.000123228,0.000269748,0.00236531,0.000384867,-0.000177855,-0.000113713,0.00117765,-0.000137651,0.000797554,-0.000346214,-0.000183415,-0.000749675,-6.52182e-06,7.1384e-05,-7.6818e-05,0.000137104,0.00184576,-0.000410696,3.40967e-05,1.19257e-05,-0.00100876,0.000129131,-2.05883e-05,-0.000192031,0.00288006,0.000312815,-0.000108358,-0.000603375,-3.72125e-05,0.000356592,4.24229e-05,-0.000557751,8.00439e-05,-0.000421264,1.58369e-05,-0.000162787,3.62597e-05,-0.000364699,-2.36745e-05,0.000178005,0.000148429,9.32889e-05,3.45216e-05,0.000151262,5.10382e-05,-0.000209966,-1.50044e-05,0.000824746,2.29664e-05,-0.000186843,0.000120357,-0.000130191,8.14535e-05,9.58122e-05,-0.000370093,-0.000258,-0.000481043,3.61528e-05
0.396993,-8.10527e-06,0.000576402,-3.63467e-05,6.84299e-05,1.76499e-05,0.000290315,-1.15496e-05,0.000271967,0.000313289,-0.000155092,-0.000118607,0.000261157,0.00222776,0.000396743,-0.000173609,-0.000113239,0.00128609,-0.000127456,0.000893988,-0.000313234,-0.00018742,-0.000753579,1.52423e-05,6.66523e-05,-6.94619e-05,0.00010379,0.00168388,-0.000469979,3.89191e-05,1.60333e-05,-0.0012215,0.000146018,-2.17473e-05,-0.000130811,0.00312632,0.000270906,-0.000102906,-0.0005112,-4.35262e-05,0.00010481,6.52301e-05,-0.000447089,8.72923e-05,-0.000448188,2.35135e-05,-0.000151095,4.31077e-05,-0.000337446,-2.59841e-05,0.000185071,0.000156853,9.64477e-05,3.81627e-05,0.000185908,5.62204e-05,-0.000180752,-1.75865e-05,0.000857316,2.93645e-05,-0.000174376,0.000113211,-0.000125375,7.5289e-05,7.45786e-05,-0.000429147,-0.000253827,-0.000342681,3.02962e-05
0.397993,-7.5134e-05,0.000623884,-4.11131e-05,6.71499e-05,2.05432e-05,0.000232441,-1.29272e-05,0.000285804,0.000194147,-0.000152756,-0.000113228,0.000250926,0.00208089,0.000405832,-0.000168677,-0.000112149,0.00138266,-0.000115386,0.000981592,-0.000278195,-0.000189696,-0.000752258,3.67398e-05,6.11344e-05,-6.18076e-05,7.01542e-05,0.00151722,-0.000525764,4.34407e-05,1.98941e-05,-0.00141804,0.000162878,-2.27793e-05,-7.04091e-05,0.00334128,0.000227176,-9.67776e-05,-0.000419293,-4.93892e-05,-0.000135857,8.69999e-05,-0.000338794,9.38764e-05,-0.000471435,3.08384e-05,-0.000137781,4.94779e-05,-0.000307222,-2.82165e-05,0.000191886,0.000164029,9.89126e-05,4.19643e-05,0.000216846,6.09237e-05,-0.000151033,-2.02188e-05,0.000880426,3.57278e-05,-0.000160939,0.000105821,-0.000119696,6.85655e-05,5.26635e-05,-0.000483783,-0.000247785,-0.000204775,2.15809e-05
0.398993,-0.000139844,0.000668422,-4.5752e-05,6.54221e-05,2.32147e-05,0.000173802,-1.41132e-05,0.000297342,7.69201e-05,-0.000149729,-0.000107154,0.000239212,0.00192616,0.000412004,-0.000163093,-0.000110406,0.00146691,-0.000101531,0.00106007,-0.000241445,-0.000190352,-0.000745841,5.77981e-05,5.48814e-05,-5.3919e-05,3.65477e-05,0.00134677,-0.000577386,4.76298e-05,2.34792e-05,-0.00159745,0.000179678,-2.36795e-05,-1.14968e-05,0.00352477,0.000182083,-9.00325e-05,-0.000329386,-5.47779e-05,-0.000364256,0.00010764,-0.000232968,9.97506e-05,-0.000490938,3.77445e-05,-0.000123094,5.53364e-05,-0.000274251,-3.03665e-05,0.00019841,0.00016995,0.000100668,4.58561e-05,0.00024385,6.51288e-05,-0.000120999,-2.2886e-05,0.000893877,4.20151e-05,-0.000146658,9.82351e-05,-0.000113264,6.13748e-05,3.02382e-05,-0.000533729,-0.000240003,-6.84489e-05,1.06482e-05
0.399993,-0.000201856,0.000709339,-5.02226e-05,6.3252e-05,2.56542e-05,0.000114883,-1.51138e-05,0.00030654,-3.77402e-05,-0.000146053,-0.000100451,0.000226174,0.00176497,0.000415153,-0.000156883,-0.000107965,0.00153851,-8.60033e-05,0.0011292,-0.000203332,-0.000189509,-0.000734491,7.82413e-05,4.79549e-05,-4.58605e-05,3.32741e-06,0.00117345,-0.000624206,5.14571e-05,2.67625e-05,-0.00175902,0.000196378,-2.44434e-05,4.52897e-05,0.00367689,0.000136084,-8.2735e-05,-0.000243033,-5.96723e-05,-0.000579454,0.000127067,-0.000129679,0.000104874,-0.000506657,4.41735e-05,-0.000107291,6.06528e-05,-0.00023879,-3.24293e-05,0.000204587,0.000174618,0.000101705,4.97609e-05,0.000266776,6.882e-05,-9.08365e-05,-2.55702e-05,0.000897575,4.81809e-05,-0.00013166,9.04938e-05,-0.00010619,5.38147e-05,7.46986e-06,-0.000578752,-0.00023062,6.52003e-05,-1.75528e-06
0.400993,-0.000260821,0.000745945,-5.44838e-05,6.06469e-05,2.78531e-05,5.6173e-05,-1.59379e-05,0.000313376,-0.00014921,-0.000141771,-9.31869e-05,0.000211971,0.00159864,0.000415194,-0.000150071,-0.000104769,0.00159725,-6.89387e-05,0.00118882,-0.000164208,-0.000187297,-0.000718413,9.78922e-05,4.04264e-05,-3.76964e-05,-2.91491e-05,0.000998156,-0.000665619,5.48961e-05,2.97211e-05,-0.00190222,0.000212921,-2.5067e-05,9.93593e-05,0.00379802,8.96289e-05,-7.49557e-05,-0.000161579,-6.40558e-05,-0.000780722,0.000145204,-2.89805e-05,0.000109209,-0.000518579,5.00766e-05,-9.06287e-05,6.54001e-05,-0.000201129,-3.44012e-05,0.000210345,0.000178039,0.00010202,5.35957e-05,0.000285551,7.19849e-05,-6.07281e-05,-2.82508e-05,0.00089153,5.41758e-05,-0.000116077,8.26321e-05,-9.85768e-05,4.59867e-05,-1.54792e-05,-0.000618666,-0.000219786,0.000195115,-1.48121e-05
0.401993,-0.000316421,0.000777552,-5.84937e-05,5.76158e-05,2.9805e-05,-1.84898e-06,-1.65962e-05,0.000317852,-0.000256893,-0.000136921,-8.543e-05,0.000196757,0.00142844,0.000412067,-0.000142677,-0.00010075,0.00164302,-5.04958e-05,0.00123886,-0.000124416,-0.000183855,-0.000697842,0.000116574,3.23769e-05,-2.94901e-05,-6.05305e-05,0.000821759,-0.000701071,5.79225e-05,3.23352e-05,-0.00202676,0.000229235,-2.55467e-05,0.000150173,0.00388879,4.31569e-05,-6.67698e-05,-8.61414e-05,-6.7915e-05,-0.000967513,0.00016198,6.9072e-05,0.000112724,-0.000526716,5.54145e-05,-7.33613e-05,6.95556e-05,-0.00016159,-3.6279e-05,0.000215605,0.000180229,0.000101618,5.72731e-05,0.000300178,7.46144e-05,-3.08526e-05,-3.09042e-05,0.000875863,5.99474e-05,-0.000100044,7.46795e-05,-9.05269e-05,3.79939e-05,-3.84535e-05,-0.00065333,-0.000207655,0.000320294,-2.76712e-05
0.402993,-0.000368368,0.000803482,-6.22105e-05,5.41698e-05,3.15051e-05,-5.87147e-05,-1.71009e-05,0.000319988,-0.000360228,-0.000131542,-7.72492e-05,0.000180684,0.00125555,0.000405739,-0.000134717,-9.58308e-05,0.00167583,-3.08543e-05,0.0012793,-8.42915e-05,-0.000179322,-0.000673046,0.000134114,2.38955e-05,-2.13046e-05,-9.04785e-05,0.000645111,-0.000730066,6.05148e-05,3.45879e-05,-0.00213251,0.000245232,-2.58798e-05,0.000197252,0.00395003,-2.90739e-06,-5.8256e-05,-1.76002e-05,-7.12403e-05,-0.00113944,0.000177334,0.000164406,0.000115393,-0.000531112,6.01574e-05,-5.57364e-05,7.31009e-05,-0.000120523,-3.80606e-05,0.000220273,0.000181208,0.000100508,6.07034e-05,0.000310729,7.67026e-05,-1.38321e-06,-3.35042e-05,0.000850803,6.54405e-05,-8.3695e-05,6.66607e-05,-8.21334e-05,2.99387e-05,-6.13043e-05,-0.000682646,-0.000194387,0.000439802,-3.94861e-05
0.403993,-0.00041641,0.000823083,-6.55926e-05,5.03219e-05,3.29503e-05,-0.000113974,-1.74649e-05,0.000319824,-0.000458684,-0.000125671,-6.87126e-05,0.000163897,0.00108106,0.000396204,-0.00012621,-8.9927e-05,0.00169579,-1.02136e-05,0.00131017,-4.41587e-05,-0.000173839,-0.000644321,0.000150345,1.5079e-05,-1.32012e-05,-0.000118675,0.000469048,-0.000752179,6.26536e-05,3.64654e-05,-0.00221952,0.000260804,-2.60642e-05,0.000240178,0.00398272,-4.81589e-05,-4.94953e-05,4.34097e-05,-7.40254e-05,-0.00129624,0.000191212,0.00025692,0.000117193,-0.000531832,6.42846e-05,-3.79905e-05,7.60225e-05,-7.83058e-05,-3.97442e-05,0.000224251,0.000181002,9.87075e-05,6.37963e-05,0.000317335,7.82464e-05,2.75132e-05,-3.60223e-05,0.000816692,7.05987e-05,-6.71674e-05,5.85969e-05,-7.34812e-05,2.19204e-05,-8.38911e-05,-0.000706563,-0.000180142,0.000552783,-4.94535e-05
0.404993,-0.000460324,0.000835747,-6.85993e-05,4.60872e-05,3.41392e-05,-0.000167199,-1.77014e-05,0.000317421,-0.000551768,-0.000119344,-5.9887e-05,0.000146533,0.000905997,0.000383486,-0.000117171,-8.29491e-05,0.00170312,1.12085e-05,0.00133158,-4.32503e-06,-0.000167539,-0.000611988,0.000165109,6.02999e-06,-5.23974e-06,-0.000144828,0.000294395,-0.000767066,6.4322e-05,3.79568e-05,-0.00228803,0.000275827,-2.60986e-05,0.000278604,0.00398803,-9.22151e-05,-4.05703e-05,9.64956e-05,-7.62676e-05,-0.00143778,0.000203565,0.000346473,0.000118107,-0.000528969,6.77843e-05,-2.03468e-05,7.83117e-05,-3.53398e-05,-4.1329e-05,0.000227437,0.000179644,9.62396e-05,6.64629e-05,0.000320186,7.92456e-05,5.56769e-05,-3.84282e-05,0.000773982,7.53646e-05,-5.05963e-05,5.05066e-05,-6.46458e-05,1.40334e-05,-0.000106081,-0.00072507,-0.000165082,0.000658472,-5.68498e-05
0.405993,-0.000499925,0.000840917,-7.1191e-05,4.14834e-05,3.50719e-05,-0.000217992,-1.78234e-05,0.000312857,-0.000639026,-0.000112594,-5.08372e-05,0.000128723,0.00073131,0.000367636,-0.000107622,-7.48066e-05,0.00169813,3.31783e-05,0.00134368,3.49184e-05,-0.000160552,-0.000576389,0.000178258,-3.14385e-06,2.52183e-06,-0.000168677,0.000121972,-0.000774469,6.5505e-05,3.9054e-05,-0.0023384,0.000290156,-2.59825e-05,0.000312254,0.00396721,-0.000134719,-3.15632e-05,0.000141498,-7.79676e-05,-0.00156401,0.000214356,0.000432879,0.000118121,-0.00052264,7.06527e-05,-3.01236e-06,7.9965e-05,7.95522e-06,-4.28145e-05,0.000229728,0.000177169,9.31325e-05,6.86175e-05,0.000319516,7.97028e-05,8.29554e-05,-4.06895e-05,0.00072323,7.96812e-05,-3.41155e-05,4.24068e-05,-5.56919e-05,6.36542e-06,-0.00012775,-0.000738202,-0.000149366,0.000756199,-6.10647e-05
0.406993,-0.000535056,0.000838108,-7.33297e-05,3.65304e-05,3.57501e-05,-0.000265983,-1.78432e-05,0.000306226,-0.000720044,-0.000105455,-4.16258e-05,0.000110588,0.000557874,0.000348736,-9.75853e-05,-6.54115e-05,0.00168124,5.54483e-05,0.00134666,7.32991e-05,-0.000152997,-0.000537884,0.000189661,-1.23317e-05,1.0028e-05,-0.000190001,-4.74053e-05,-0.000774226,6.61904e-05,3.97518e-05,-0.00237113,0.000303629,-2.57164e-05,0.000340924,0.00392163,-0.000175341,-2.25556e-05,0.000178478,-7.91296e-05,-0.00167498,0.000223554,0.000515903,0.00011723,-0.000512983,7.28931e-05,1.38236e-05,8.09842e-05,5.11449e-05,-4.42001e-05,0.00023102,0.000173618,8.94199e-05,7.01798e-05,0.000315601,7.9623e-05,0.000109205,-4.27731e-05,0.000665096,8.34929e-05,-1.78553e-05,3.4314e-05,-4.66738e-05,-1.00403e-06,-0.000148781,-0.000746029,-0.000133147,0.000845397,-6.16304e-05
0.407993,-0.000565599,0.00082692,-7.49799e-05,3.12506e-05,3.61768e-05,-0.000310842,-1.77718e-05,0.000297635,-0.000794453,-9.79591e-05,-3.23122e-05,9.22429e-05,0.000386498,0.000326901,-8.70878e-05,-5.46828e-05,0.00165294,7.77604e-05,0.00134078,0.000110564,-0.000144981,-0.000496844,0.000199202,-2.14207e-05,1.72259e-05,-0.00020862,-0.000212924,-0.000766277,6.63676e-05,4.00475e-05,-0.00238682,0.000316067,-2.53017e-05,0.000364485,0.00385268,-0.000213782,-1.36266e-05,0.000207696,-7.97609e-05,-0.00177078,0.000231137,0.000595263,0.00011543,-0.000500159,7.45155e-05,2.99911e-05,8.13764e-05,9.37859e-05,-4.54854e-05,0.000231216,0.000169037,8.51401e-05,7.10765e-05,0.000308745,7.90136e-05,0.000134291,-4.46453e-05,0.000600336,8.67468e-05,-1.94213e-06,2.62446e-05,-3.76355e-05,-8.00493e-06,-0.000169063,-0.000748663,-0.000116577,0.000925606,-5.82452e-05
0.408993,-0.000591466,0.000807048,-7.61085e-05,2.56695e-05,3.63561e-05,-0.000352273,-1.7619e-05,0.000287206,-0.000861927,-9.01376e-05,-2.29527e-05,7.37916e-05,0.000217938,0.00030227,-7.61629e-05,-4.25515e-05,0.00161379,9.98481e-05,0.00132631,0.00014648,-0.000136604,-0.000453653,0.000206786,-3.02979e-05,2.40655e-05,-0.000224399,-0.000373776,-0.000750662,6.60288e-05,3.99413e-05,-0.00238618,0.000327278,-2.4741e-05,0.000382882,0.00376182,-0.000249775,-4.85225e-06,0.000229589,-7.98723e-05,-0.00185155,0.000237091,0.000670627,0.000112724,-0.000484347,7.55353e-05,4.53401e-05,8.11539e-05,0.000135431,-4.66696e-05,0.000230224,0.000163476,8.03353e-05,7.1243e-05,0.000299274,7.78845e-05,0.000158086,-4.62723e-05,0.000529793,8.93932e-05,1.35029e-05,1.82164e-05,-2.86113e-05,-1.45776e-05,-0.000188495,-0.000746249,-9.97989e-05,0.000996472,-5.07908e-05
0.409993,-0.000612601,0.000778298,-7.66854e-05,1.98152e-05,3.62936e-05,-0.000390023,-1.73929e-05,0.000275072,-0.00092219,-8.20223e-05,-1.36006e-05,5.5331e-05,5.28938e-05,0.000275017,-6.48498e-05,-2.89656e-05,0.00156444,0.000121441,0.00130358,0.000180831,-0.000127949,-0.000408698,0.000212338,-3.88518e-05,3.05001e-05,-0.000237251,-0.000529158,-0.000727527,6.51684e-05,3.9436e-05,-0.00236998,0.000337057,-2.40376e-05,0.000396129,0.00365054,-0.000283084,3.6955e-06,0.000244742,-7.94776e-05,-0.00191749,0.000241414,0.000741627,0.000109122,-0.000465743,7.59724e-05,5.97408e-05,8.0334e-05,0.000175637,-4.7751e-05,0.000227962,0.000156986,7.5051e-05,7.06251e-05,0.000287527,7.62479e-05,0.000180476,-4.76212e-05,0.000454386,9.13874e-05,2.8365e-05,1.02486e-05,-1.96275e-05,-2.06734e-05,-0.000206979,-0.000738966,-8.29502e-05,0.00105775,-3.9342e-05
0.410993,-0.000628981,0.000740592,-7.66846e-05,1.37191e-05,3.59957e-05,-0.000423881,-1.70996e-05,0.000261373,-0.000975015,-7.36445e-05,-4.30514e-06,3.69502e-05,-0.000107974,0.000245339,-5.3195e-05,-1.38952e-05,0.00150557,0.000142265,0.00127294,0.000213423,-0.00011909,-0.000362368,0.000215809,-4.69737e-05,3.64867e-05,-0.000247138,-0.00067828,-0.000697123,6.37832e-05,3.85371e-05,-0.00233906,0.000345189,-2.3196e-05,0.000404314,0.00352031,-0.000313508,1.19496e-05,0.000253864,-7.85938e-05,-0.00196883,0.00024411,0.000807858,0.000104636,-0.000444558,7.58505e-05,7.30836e-05,7.89389e-05,0.000213966,-4.87273e-05,0.000224358,0.000149623,6.93354e-05,6.91802e-05,0.000273845,7.41181e-05,0.000201352,-4.86607e-05,0.000375099,9.26901e-05,4.25369e-05,2.36267e-06,-1.07038e-05,-2.6255e-05,-0.000224423,-0.000727019,-6.61597e-05,0.0011093,-2.41693e-05
0.411993,-0.000640615,0.000693982,-7.60838e-05,7.41534e-06,3.54702e-05,-0.000453675,-1.67437e-05,0.000246256,-0.00102022,-6.50365e-05,4.88738e-06,1.87309e-05,-0.000264044,0.00021346,-4.12521e-05,2.66231e-06,0.00143793,0.000162052,0.00123479,0.000244078,-0.000110088,-0.00031505,0.000217172,-5.45598e-05,4.19859e-05,-0.000254071,-0.000820366,-0.000659801,6.18731e-05,3.72525e-05,-0.00229429,0.000351458,-2.22216e-05,0.000407586,0.00337262,-0.000340877,1.98486e-05,0.000257749,-7.72404e-05,-0.0020058,0.000245194,0.000868895,9.92876e-05,-0.000421018,7.5196e-05,8.52783e-05,7.69951e-05,0.00025,-4.95946e-05,0.000219353,0.000141448,6.32385e-05,6.68783e-05,0.000258568,7.15116e-05,0.00022062,-4.93614e-05,0.000292968,9.32686e-05,5.59192e-05,-5.41737e-06,-1.85555e-06,-3.1296e-05,-0.000240739,-0.000710644,-4.95483e-05,0.00115108,-5.73321e-06
0.412993,-0.000647542,0.000638654,-7.48655e-05,9.41659e-07,3.47255e-05,-0.000479281,-1.63276e-05,0.000229875,-0.00105769,-5.62309e-05,1.39342e-05,7.48882e-07,-0.000414724,0.000179629,-2.90823e-05,2.06773e-05,0.0013623,0.000180535,0.00118954,0.000272634,-0.000100991,-0.000267125,0.000216427,-6.15124e-05,4.69626e-05,-0.000258108,-0.000954661,-0.000616007,5.94406e-05,3.55932e-05,-0.00223657,0.000355645,-2.11205e-05,0.000406159,0.00320893,-0.000365057,2.73371e-05,0.00025725,-7.54399e-05,-0.00202871,0.000244692,0.000924298,9.31014e-05,-0.000395356,7.40371e-05,9.62534e-05,7.45332e-05,0.000283336,-5.0348e-05,0.000212904,0.000132521,5.68119e-05,6.37027e-05,0.000242024,6.84475e-05,0.000238191,-4.96972e-05,0.000209065,9.30975e-05,6.84221e-05,-1.30648e-05,6.90339e-06,-3.57812e-05,-0.000255843,-0.000690096,-3.32283e-05,0.00118315,1.53284e-05
0.413993,-0.000649829,0.000574926,-7.30172e-05,-5.66119e-06,3.37711e-05,-0.000500613,-1.58524e-05,0.000212386,-0.00108735,-4.72615e-05,2.27954e-05,-1.69258e-05,-0.000559448,0.000144113,-1.6754e-05,4.00839e-05,0.00127948,0.00019746,0.00113764,0.000298944,-9.18407e-05,-0.000218967,0.000213602,-6.77413e-05,5.13862e-05,-0.000259354,-0.00108044,-0.000566279,5.64918e-05,3.35724e-05,-0.00216682,0.000357539,-1.99e-05,0.000400301,0.0030307,-0.000385944,3.43662e-05,0.000253248,-7.32168e-05,-0.00203785,0.000242639,0.00097363,8.61093e-05,-0.000367817,7.24035e-05,0.000105955,7.15872e-05,0.000313604,-5.09806e-05,0.000204982,0.000122909,5.01078e-05,5.96505e-05,0.000224525,6.49467e-05,0.000253991,-4.96452e-05,0.000124483,9.21598e-05,7.99651e-05,-2.05501e-05,1.55582e-05,-3.97056e-05,-0.000269653,-0.000665652,-1.73033e-05,0.00120565,3.82207e-05
0.414993,-0.000647572,0.000503257,-7.05317e-05,-1.23492e-05,3.26172e-05,-0.000517627,-1.53174e-05,0.000193946,-0.00110917,-3.81635e-05,3.14341e-05,-3.42274e-05,-0.000697669,0.000107201,-4.34245e-06,6.07761e-05,0.00119032,0.000212584,0.00107955,0.000322877,-8.26669e-05,-0.000170933,0.000208749,-7.31657e-05,5.52308e-05,-0.000257955,-0.00119702,-0.000511234,5.30361e-05,3.12063e-05,-0.00208598,0.000356936,-1.85678e-05,0.000390328,0.00283935,-0.000403466,4.0894e-05,0.000246622,-7.05982e-05,-0.00203356,0.000239078,0.00101647,7.83489e-05,-0.00033865,7.03253e-05,0.000114345,6.81941e-05,0.000340463,-5.14842e-05,0.000195576,0.000112679,4.31786e-05,5.47324e-05,0.000206359,6.10326e-05,0.000267954,-4.91871e-05,4.03201e-05,9.04467e-05,9.04786e-05,-2.78412e-05,2.409e-05,-4.30736e-05,-0.000282089,-0.000637604,-1.86832e-06,0.00121881,6.20188e-05
0.415993,-0.000640895,0.000424239,-6.74075e-05,-1.90754e-05,3.12749e-05,-0.000530321,-1.4721e-05,0.000174714,-0.0011232,-2.89735e-05,3.98157e-05,-5.10936e-05,-0.00082886,6.91934e-05,8.07081e-06,8.26049e-05,0.00109564,0.000225678,0.00101578,0.000344313,-7.34936e-05,-0.00012337,0.000201947,-7.77148e-05,5.84753e-05,-0.000254094,-0.00130376,-0.000451561,4.90869e-05,2.8514e-05,-0.00199496,0.000353653,-1.71326e-05,0.000376601,0.00263629,-0.000417582,4.68853e-05,0.000238219,-6.76128e-05,-0.00201622,0.000234064,0.00105241,6.98644e-05,-0.000308109,6.78327e-05,0.0001214,6.43932e-05,0.000363611,-5.18484e-05,0.000184691,0.000101901,3.60765e-05,4.89728e-05,0.000187791,5.67311e-05,0.000280023,-4.83093e-05,-4.23405e-05,8.7959e-05,9.99037e-05,-3.49035e-05,3.24729e-05,-4.58979e-05,-0.000293072,-0.000606259,1.29905e-05,0.00122292,8.56996e-05
0.416993,-0.000629948,0.000338591,-6.36492e-05,-2.57896e-05,2.97562e-05,-0.000538728,-1.40606e-05,0.000154846,-0.0011295,-1.97296e-05,4.79074e-05,-6.74647e-05,-0.00095251,3.04016e-05,2.0399e-05,0.000105377,0.000996309,0.000236536,0.000946832,0.000363145,-6.43387e-05,-7.6604e-05,0.0001933,-8.13294e-05,6.11041e-05,-0.000247988,-0.00140006,-0.000388009,4.46619e-05,2.55172e-05,-0.00189468,0.000347526,-1.56035e-05,0.000359515,0.00242293,-0.00042828,5.23119e-05,0.000228836,-6.42912e-05,-0.00198623,0.00022766,0.00108109,6.0706e-05,-0.00027645,6.49559e-05,0.000127109,6.02256e-05,0.000382789,-5.20616e-05,0.000172352,9.06475e-05,2.88528e-05,4.24088e-05,0.000169055,5.20703e-05,0.000290156,-4.70034e-05,-0.000122444,8.47065e-05,0.000108193,-4.17006e-05,4.06715e-05,-4.81989e-05,-0.000302523,-0.000571933,2.71953e-05,0.00121834,0.000108179
0.417993,-0.000614904,0.000247156,-5.92674e-05,-3.24393e-05,2.80737e-05,-0.000542918,-1.33328e-05,0.000134497,-0.00112823,-1.04717e-05,5.56783e-05,-8.32826e-05,-0.00106812,-8.85518e-06,3.25514e-05,0.000128854,0.000893161,0.000244971,0.00087324,0.000379276,-5.52165e-05,-3.0943e-05,0.000182936,-8.39626e-05,6.31068e-05,-0.00023988,-0.00148542,-0.000321373,3.97831e-05,2.22406e-05,-0.00178605,0.000338419,-1.39899e-05,0.000339494,0.00220064,-0.000435575,5.71524e-05,0.000219192,-6.06651e-05,-0.00194404,0.000219939,0.00110222,5.09304e-05,-0.000243925,6.17242e-05,0.000131475,5.57333e-05,0.000397785,-5.211e-05,0.0001586,7.89936e-05,2.15581e-05,3.50898e-05,0.000150355,4.70807e-05,0.000298316,-4.5267e-05,-0.000198984,8.07086e-05,0.000115311,-4.81943e-05,4.86379e-05,-5.00027e-05,-0.000310366,-0.000534949,4.06765e-05,0.00120549,0.000128353
0.418993,-0.000595961,0.000150883,-5.42795e-05,-3.89693e-05,2.62407e-05,-0.000542993,-1.25346e-05,0.000113816,-0.00111957,-1.24161e-06,6.30983e-05,-9.84897e-05,-0.00117522,-4.82556e-05,4.44343e-05,0.000152752,0.000787032,0.000250822,0.000795554,0.00039262,-4.61388e-05,1.33271e-05,0.000171004,-8.55804e-05,6.44787e-05,-0.000230033,-0.00155937,-0.000252485,3.44774e-05,1.87117e-05,-0.00166995,0.000326232,-1.23019e-05,0.000316982,0.00197079,-0.000439507,6.13923e-05,0.000209917,-5.67675e-05,-0.00189016,0.00021098,0.00111553,4.06004e-05,-0.000210789,5.81666e-05,0.000134507,5.09589e-05,0.000408438,-5.19789e-05,0.000143493,6.7016e-05,1.42416e-05,2.70756e-05,0.000131864,4.17955e-05,0.000304481,-4.31035e-05,-0.000271017,7.59942e-05,0.000121233,-5.43459e-05,5.63101e-05,-5.134e-05,-0.000316522,-0.000495637,5.33724e-05,0.00118483,0.000145135
0.419993,-0.000573339,5.08179e-05,-4.87089e-05,-4.53226e-05,2.42713e-05,-0.000539086,-1.16628e-05,9.29496e-05,-0.00110374,7.91748e-06,7.01382e-05,-0.000113029,-0.00127335,-8.74797e-05,5.59527e-05,0.000176746,0.000678745,0.000253954,0.000714342,0.000403103,-3.71166e-05,5.59432e-05,0.000157672,-8.61624e-05,6.52207e-05,-0.000218724,-0.00162155,-0.000182193,2.87769e-05,1.49609e-05,-0.00154725,0.000310901,-1.05496e-05,0.000292432,0.00173474,-0.000440139,6.5023e-05,0.000201535,-5.26321e-05,-0.00182512,0.000200871,0.00112087,2.97851e-05,-0.000177287,5.43113e-05,0.000136225,4.59449e-05,0.000414639,-5.1652e-05,0.000127108,5.47934e-05,6.9509e-06,1.84354e-05,0.000113722,3.62501e-05,0.000308638,-4.05223e-05,-0.000337676,7.06013e-05,0.000125947,-6.01163e-05,6.36101e-05,-5.2245e-05,-0.000320916,-0.000454327,6.52292e-05,0.00115684,0.000157503
0.420993,-0.000547275,-5.19136e-05,-4.25858e-05,-5.14407e-05,2.21803e-05,-0.000531355,-1.0715e-05,7.20397e-05,-0.00108103,1.69607e-05,7.67688e-05,-0.000126842,-0.00136208,-0.000126213,6.70119e-05,0.000200472,0.000569098,0.000254263,0.00063018,0.000410659,-2.81618e-05,9.66665e-05,0.000143125,-8.57022e-05,6.53398e-05,-0.000206237,-0.00167167,-0.000111354,2.27186e-05,1.10216e-05,-0.00141882,0.000292404,-8.74323e-06,0.000266306,0.00149387,-0.000437557,6.80421e-05,0.000194458,-4.82931e-05,-0.00174952,0.000189707,0.00111813,1.85596e-05,-0.000143661,5.01857e-05,0.000136656,4.07328e-05,0.000416335,-5.11124e-05,0.000109535,4.24058e-05,-2.67848e-07,9.24611e-06,9.60408e-05,3.04823e-05,0.000310783,-3.75391e-05,-0.000398188,6.45768e-05,0.000129452,-6.54668e-05,7.04435e-05,-5.27539e-05,-0.00032347,-0.000411348,7.62004e-05,0.00112204,0.000164539
0.421993,-0.000518028,-0.000156126,-3.59466e-05,-5.72643e-05,1.99832e-05,-0.000519984,-9.68984e-06,5.12215e-05,-0.00105175,2.58417e-05,8.29612e-05,-0.000139871,-0.001441,-0.000164152,7.75193e-05,0.000223532,0.000458867,0.000251674,0.00054366,0.000415235,-1.92877e-05,0.000135283,0.000127561,-8.42073e-05,6.48485e-05,-0.000192856,-0.00170953,-4.08165e-05,1.63451e-05,6.92964e-06,-0.00128549,0.000270769,-6.8932e-06,0.000239059,0.00124954,-0.000431865,7.04527e-05,0.000188979,-4.37847e-05,-0.00166403,0.000177588,0.00110731,7.00446e-06,-0.000110143,4.58169e-05,0.000135832,3.53634e-05,0.00041353,-5.03426e-05,9.08825e-05,2.99346e-05,-7.37026e-06,-4.0949e-07,7.89034e-05,2.45324e-05,0.000310925,-3.41756e-05,-0.000451885,5.79758e-05,0.00013176,-7.036e-05,7.66994e-05,-5.29037e-05,-0.000324109,-0.000367029,8.62465e-05,0.00108097,0.000165463
0.422993,-0.000485874,-0.000260592,-2.88342e-05,-6.27337e-05,1.7696e-05,-0.000505178,-8.58732e-06,3.06248e-05,-0.00101626,3.45134e-05,8.8686e-05,-0.000152056,-0.00150974,-0.000201004,8.73856e-05,0.000245502,0.000348803,0.000246144,0.00045538,0.000416791,-1.05108e-05,0.000171604,0.000111189,-8.1699e-05,6.37653e-05,-0.000178859,-0.00173504,2.85921e-05,9.70402e-06,2.72355e-06,-0.0011481,0.000246068,-5.00972e-06,0.000211136,0.00100313,-0.000423185,7.22628e-05,0.000185273,-3.91414e-05,-0.00156937,0.00016462,0.00108849,-4.79435e-06,-7.69582e-05,4.12318e-05,0.000133793,2.98754e-05,0.000406284,-4.93252e-05,7.12709e-05,1.74618e-05,-1.43137e-05,-1.04447e-05,6.23674e-05,1.84426e-05,0.000309082,-3.0459e-05,-0.000498212,5.0861e-05,0.000132891,-7.47607e-05,8.22511e-05,-5.27308e-05,-0.00032276,-0.000321692,9.53353e-05,0.00103418,0.000159671
0.423993,-0.0004511,-0.000364064,-2.12974e-05,-6.77897e-05,1.53357e-05,-0.000487159,-7.40902e-06,1.0373e-05,-0.000974947,4.29276e-05,9.39135e-05,-0.000163336,-0.00156798,-0.000236497,9.65267e-05,0.000265937,0.000239621,0.000237662,0.000365945,0.000415299,-1.85075e-06,0.000205468,9.42256e-05,-7.82122e-05,6.21143e-05,-0.000164512,-0.00174818,9.60787e-05,2.84832e-06,-1.55575e-06,-0.00100746,0.000218429,-3.10286e-06,0.000182963,0.000756019,-0.000411654,7.34851e-05,0.000183402,-3.43969e-05,-0.00146629,0.000150913,0.00106183,-1.67461e-05,-4.43174e-05,3.64571e-05,0.00013058,2.43059e-05,0.000394712,-4.80431e-05,5.08341e-05,5.07009e-06,-2.10571e-05,-2.07706e-05,4.64683e-05,1.22575e-05,0.000305286,-2.64217e-05,-0.000536736,4.3302e-05,0.000132879,-7.8636e-05,8.69583e-05,-5.22707e-05,-0.000319354,-0.000275654,0.000103441,0.00098221,0.000146763
0.424993,-0.00041401,-0.000465297,-1.33907e-05,-7.23747e-05,1.29194e-05,-0.000466163,-6.1584e-06,-9.41656e-06,-0.000928241,5.10359e-05,9.86135e-05,-0.00017365,-0.00161543,-0.000270377,0.000104865,0.000284383,0.000132007,0.000226251,0.000275964,0.000410745,6.66858e-06,0.000236736,7.68891e-05,-7.37946e-05,5.99252e-05,-0.000150063,-0.00174906,0.000160896,-4.16419e-06,-5.8653e-06,-0.000864376,0.000188026,-1.18248e-06,0.000154944,0.000509609,-0.00039742,7.41361e-05,0.000183318,-2.95847e-05,-0.00135565,0.000136579,0.0010276,-2.87557e-05,-1.24215e-05,3.15198e-05,0.00012624,1.86897e-05,0.000378983,-4.64805e-05,2.97172e-05,-7.15798e-06,-2.75615e-05,-3.12981e-05,3.12231e-05,6.02294e-06,0.000299575,-2.21007e-05,-0.000567155,3.53739e-05,0.000131764,-8.19566e-05,9.06699e-05,-5.15561e-05,-0.000313822,-0.000229225,0.000110545,0.000925622,0.000126563
0.425993,-0.000374917,-0.000563069,-5.17425e-06,-7.64329e-05,1.04651e-05,-0.000442442,-4.84093e-06,-2.86333e-05,-0.00087659,5.87899e-05,0.000102755,-0.000182934,-0.00165187,-0.000302412,0.000112332,0.000300387,2.66113e-05,0.000211965,0.000186044,0.000403135,1.50194e-05,0.000265297,5.93997e-05,-6.85066e-05,5.7233e-05,-0.000135736,-0.00173786,0.000222355,-1.12712e-05,-1.01604e-05,-0.000719661,0.000155086,7.41871e-07,0.00012745,0.000265297,-0.000380644,7.4236e-05,0.000184877,-2.4737e-05,-0.00123831,0.000121732,0.000986152,-4.07249e-05,1.85422e-05,2.64471e-05,0.000120823,1.30594e-05,0.000359318,-4.46229e-05,8.07498e-06,-1.91404e-05,-3.37892e-05,-4.19394e-05,1.6634e-05,-2.1349e-07,0.000292002,-1.75369e-05,-0.000589293,2.7157e-05,0.000129598,-8.46974e-05,9.32276e-05,-5.06174e-05,-0.000306103,-0.000182704,0.000116634,0.000864956,9.91352e-05
0.426993,-0.000334143,-0.000656202,3.28712e-06,-7.99119e-05,7.99103e-06,-0.000416253,-3.46419e-06,-4.7173e-05,-0.000820466,6.61417e-05,0.000106308,-0.000191129,-0.00167713,-0.000332399,0.000118868,0.000313505,-7.59535e-05,0.000194891,9.67909e-05,0.00039249,2.31697e-05,0.000291064,4.19737e-05,-6.24195e-05,5.40773e-05,-0.000121733,-0.00171489,0.000279829,-1.84062e-05,-1.43951e-05,-0.000574114,0.000119883,2.66097e-06,0.000100819,2.4487e-05,-0.000361497,7.38079e-05,0.000187848,-1.98854e-05,-0.00111523,0.000106488,0.000937911,-5.25523e-05,4.84e-05,2.12673e-05,0.000114385,7.44504e-06,0.000335988,-4.24578e-05,-1.39294e-05,-3.07963e-05,-3.97045e-05,-5.26098e-05,2.69251e-06,-6.40332e-06,0.000282629,-1.27744e-05,-0.00060311,1.8735e-05,0.00012644,-8.68374e-05,9.44711e-05,-4.94811e-05,-0.000296142,-0.000136382,0.000121702,0.000800747,6.47897e-05
0.427993,-0.000292017,-0.000743583,1.1924e-05,-8.27629e-05,5.51586e-06,-0.000387864,-2.03788e-06,-6.49378e-05,-0.000760364,7.30445e-05,0.000109242,-0.000198172,-0.00169112,-0.000360157,0.000124422,0.000323316,-0.000175111,0.000175148,8.80123e-06,0.000378853,3.10839e-05,0.000313973,2.48214e-05,-5.56153e-05,5.05027e-05,-0.000108221,-0.00168052,0.00033277,-2.54996e-05,-1.85225e-05,-0.000428533,8.27362e-05,4.56594e-06,7.53474e-05,-0.000211421,-0.000340154,7.28772e-05,0.000191932,-1.50599e-05,-0.000987364,9.09616e-05,0.000883387,-6.4135e-05,7.69927e-05,1.60091e-05,0.000106981,1.87452e-06,0.000309304,-3.99754e-05,-3.61261e-05,-4.20466e-05,-4.52734e-05,-6.32285e-05,-1.06171e-05,-1.24974e-05,0.000271529,-7.85925e-06,-0.000608695,1.01944e-05,0.000122358,-8.83612e-05,9.42431e-05,-4.81704e-05,-0.000283893,-9.05362e-05,0.00012575,0.000733517,2.40826e-05
0.428993,-0.000248872,-0.000824184,2.06631e-05,-8.49424e-05,3.05842e-06,-0.000357547,-5.73729e-07,-8.18367e-05,-0.000696789,7.9453e-05,0.000111526,-0.000204006,-0.00169379,-0.000385535,0.000128957,0.000329434,-0.000270323,0.000152882,-7.73388e-05,0.000362288,3.87232e-05,0.000333985,8.14338e-06,-4.81848e-05,4.65572e-05,-9.53393e-05,-0.00163524,0.000380708,-3.2479e-05,-2.24956e-05,-0.000283716,4.40038e-05,6.4483e-06,5.12916e-05,-0.000441037,-0.000316799,7.14716e-05,0.000196773,-1.02894e-05,-0.00085574,7.52672e-05,0.000823156,-7.53689e-05,0.000104176,1.07025e-05,9.86747e-05,-3.62652e-06,0.000279621,-3.7169e-05,-5.83404e-05,-5.28145e-05,-5.04636e-05,-7.372e-05,-2.33139e-05,-1.84467e-05,0.000258786,-2.83875e-06,-0.000606259,1.62278e-06,0.000117425,-8.92583e-05,9.23956e-05,-4.67044e-05,-0.000269317,-4.54334e-05,0.000128783,0.000663777,-2.21945e-05
0.429993,-0.000205043,-0.000897076,2.9428e-05,-8.64124e-05,6.37653e-07,-0.000325574,9.14628e-07,-9.7785e-05,-0.000630259,8.53242e-05,0.000113133,-0.000208574,-0.00168521,-0.000408408,0.000132446,0.000331518,-0.00036109,0.000128272,-0.000161059,0.000342883,4.60464e-05,0.000351081,-7.87183e-06,-4.02271e-05,4.22927e-05,-8.31933e-05,-0.0015796,0.000423255,-3.92704e-05,-2.62677e-05,-0.000140457,4.07787e-06,8.29991e-06,2.88612e-05,-0.000662989,-0.00029162,6.96205e-05,0.000201979,-5.60094e-06,-0.000721394,5.95164e-05,0.000757852,-8.61505e-05,0.000129821,5.3785e-06,8.95309e-05,-9.03435e-06,0.000247326,-3.40352e-05,-8.0394e-05,-6.30263e-05,-5.52447e-05,-8.40146e-05,-3.5417e-05,-2.42023e-05,0.000244494,2.23957e-06,-0.000596135,-6.892e-06,0.000111718,-8.95241e-05,8.87971e-05,-4.50985e-05,-0.000252391,-1.3269e-06,0.000130814,0.00059202,-7.30322e-05
0.430993,-0.000160864,-0.000961448,3.81396e-05,-8.7142e-05,-1.72763e-06,-0.000292221,2.41188e-06,-0.000112705,-0.000561299,9.06176e-05,0.000114035,-0.000211826,-0.00166551,-0.000428681,0.000134875,0.000329283,-0.000446954,0.000101518,-0.000241808,0.000320751,5.30105e-05,0.000365263,-2.30503e-05,-3.18472e-05,3.77636e-05,-7.18556e-05,-0.00151423,0.000460116,-4.57991e-05,-2.9793e-05,4.52566e-07,-3.66225e-05,1.0113e-05,8.21993e-06,-0.000875938,-0.000264807,6.73542e-05,0.000207137,-1.02024e-06,-0.000585382,4.38177e-05,0.000688158,-9.63772e-05,0.000153812,6.89595e-08,7.96196e-05,-1.43269e-05,0.000212836,-3.05746e-05,-0.000102107,-7.26121e-05,-5.95884e-05,-9.40485e-05,-4.69427e-05,-2.97167e-05,0.000228758,7.32904e-06,-0.000578764,-1.52633e-05,0.000105322,-8.916e-05,8.33384e-05,-4.33646e-05,-0.000233102,4.15435e-05,0.00013186,0.000518725,-0.000127228
0.431993,-0.000116666,-0.00101661,4.67169e-05,-8.71074e-05,-4.01887e-06,-0.000257763,3.90134e-06,-0.000126525,-0.000490436,9.52958e-05,0.000114209,-0.000213717,-0.00163491,-0.00044628,0.000136241,0.000322514,-0.000527495,7.28495e-05,-0.00031906,0.00029603,5.95722e-05,0.000376554,-3.72348e-05,-2.31556e-05,3.30264e-05,-6.13669e-05,-0.00143985,0.000491078,-5.19912e-05,-3.30277e-05,0.000138227,-7.76595e-05,1.188e-05,-1.05151e-05,-0.00107859,-0.000236554,6.47043e-05,0.000211829,3.42883e-06,-0.000448765,2.82761e-05,0.000614797,-0.000105949,0.000176052,-5.19318e-06,6.90157e-05,-1.94834e-05,0.000176587,-2.6792e-05,-0.000123298,-8.15068e-05,-6.34683e-05,-0.000103764,-5.79025e-05,-3.49438e-05,0.000211692,1.23848e-05,-0.000554683,-2.34067e-05,9.83229e-05,-8.8173e-05,7.59408e-05,-4.15113e-05,-0.000211454,8.2952e-05,0.000131947,0.000444355,-0.000183418
0.432993,-7.27733e-05,-0.00106202,5.5078e-05,-8.62934e-05,-6.21802e-06,-0.00022247,5.36525e-06,-0.000139181,-0.000418194,9.93255e-05,0.000113635,-0.00021421,-0.0015937,-0.000461158,0.000136554,0.000311072,-0.000602334,4.25152e-05,-0.000392319,0.000268886,6.56883e-05,0.000384993,-5.02864e-05,-1.42659e-05,2.81388e-05,-5.17376e-05,-0.00135723,0.000516022,-5.77739e-05,-3.59304e-05,0.000272089,-0.000118585,1.35937e-05,-2.72731e-05,-0.00126969,-0.000207055,6.1703e-05,0.00021565,7.72415e-06,-0.0003126,1.2992e-05,0.000538513,-0.000114769,0.000196457,-1.03742e-05,5.77988e-05,-2.4484e-05,0.000139035,-2.26962e-05,-0.000143789,-8.965e-05,-6.68606e-05,-0.000113109,-6.83005e-05,-3.984e-05,0.000193419,1.73646e-05,-0.000524519,-3.12411e-05,9.08084e-05,-8.65762e-05,6.65618e-05,-3.95444e-05,-0.00018747,0.000122687,0.000131104,0.000369358,-0.000240117
0.433993,-2.95041e-05,-0.00109726,6.31406e-05,-8.46936e-05,-8.30771e-06,-0.000186611,6.78522e-06,-0.000150615,-0.000345095,0.000102677,0.000112296,-0.000213275,-0.00154227,-0.000473289,0.000135836,0.0002949,-0.000671134,1.07848e-05,-0.000461121,0.000239511,7.13173e-05,0.000390637,-6.20861e-05,-5.2939e-06,2.31591e-05,-4.295e-05,-0.00126717,0.000534909,-6.3078e-05,-3.84626e-05,0.000401278,-0.000158949,1.52471e-05,-4.20277e-05,-0.00144809,-0.000176506,5.83827e-05,0.000218221,1.18453e-05,-0.000177926,-1.93972e-06,0.000460068,-0.000122747,0.000214956,-1.544e-05,4.60539e-05,-2.93093e-05,0.000100643,-1.8301e-05,-0.000163404,-9.69877e-05,-6.97441e-05,-0.000122035,-7.8133e-05,-4.43644e-05,0.000174073,2.22298e-05,-0.000488968,-3.86903e-05,8.28685e-05,-8.43883e-05,5.52017e-05,-3.74674e-05,-0.000161192,0.000160554,0.000129365,0.00029417,-0.000295757
0.434993,1.28356e-05,-0.00112207,7.08227e-05,-8.23109e-05,-1.02715e-05,-0.000150448,8.14262e-06,-0.000160778,-0.00027165,0.000105327,0.000110182,-0.000210893,-0.00148109,-0.000482666,0.000134117,0.000274035,-0.0007336,-2.20546e-05,-0.000525039,0.000208124,7.64202e-05,0.000393558,-7.25356e-05,3.6444e-06,1.81453e-05,-3.49618e-05,-0.00117055,0.000547783,-6.78378e-05,-4.05902e-05,0.000525049,-0.00019831,1.68332e-05,-5.4795e-05,-0.00161269,-0.000145105,5.47762e-05,0.000219201,1.57738e-05,-4.57542e-05,-1.64296e-05,0.000380225,-0.000129795,0.000231497,-2.03562e-05,3.38711e-05,-3.39402e-05,6.18765e-05,-1.36244e-05,-0.000181969,-0.000103472,-7.21003e-05,-0.000130498,-8.73873e-05,-4.848e-05,0.000153794,2.6946e-05,-0.000448785,-4.56831e-05,7.45924e-05,-8.16337e-05,4.19088e-05,-3.52824e-05,-0.000132683,0.000196369,0.000126772,0.00021921,-0.000348736
0.435993,5.39526e-05,-0.00113632,7.80439e-05,-7.91582e-05,-1.20942e-05,-0.000114237,9.41905e-06,-0.000169628,-0.000198359,0.000107255,0.000107288,-0.000207058,-0.00141072,-0.000489294,0.000131439,0.000248609,-0.00078948,-5.57007e-05,-0.000583689,0.00017497,8.09615e-05,0.00039384,-8.15576e-05,1.2434e-05,1.31541e-05,-2.77093e-05,-0.00106825,0.000554767,-7.19937e-05,-4.22835e-05,0.000642686,-0.000236244,1.83451e-05,-6.56299e-05,-0.00176249,-0.000113049,5.09164e-05,0.000218302,1.94928e-05,8.2943e-05,-3.03944e-05,0.000299737,-0.000135837,0.000246037,-2.50884e-05,2.13458e-05,-3.83571e-05,2.31972e-05,-8.68888e-06,-0.00019932,-0.000109063,-7.39143e-05,-0.000138455,-9.6042e-05,-5.21535e-05,0.000132729,3.14834e-05,-0.000404764,-5.21551e-05,6.60688e-05,-7.83419e-05,2.67837e-05,-3.29902e-05,-0.000102032,0.000229969,0.00012337,0.000144887,-0.000397464
0.436993,9.35691e-05,-0.00114003,8.47258e-05,-7.52581e-05,-1.3762e-05,-7.82272e-05,1.05968e-05,-0.00017713,-0.000125708,0.000108447,0.000103618,-0.000201774,-0.00133178,-0.000493194,0.000127854,0.00021885,-0.000838565,-8.98389e-05,-0.000636732,0.000140317,8.491e-05,0.000391583,-8.90967e-05,2.09625e-05,8.24033e-06,-2.11117e-05,-0.000961197,0.00055605,-7.54921e-05,-4.35181e-05,0.000753503,-0.000272353,1.97759e-05,-7.46223e-05,-0.00189664,-8.05351e-05,4.68362e-05,0.000215292,2.29872e-05,0.000207244,-4.37575e-05,0.00021934,-0.0001408,0.000258549,-2.96031e-05,8.57887e-06,-4.25399e-05,-1.49435e-05,-3.52124e-06,-0.000215295,-0.000113728,-7.51744e-05,-0.000145865,-0.000104067,-5.53565e-05,0.000111032,3.58176e-05,-0.000357728,-5.80487e-05,5.73838e-05,-7.45471e-05,9.98249e-06,-3.05916e-05,-6.93514e-05,0.000261205,0.000119209,7.15982e-05,-0.000440413
0.437993,0.000131425,-0.00113335,9.07929e-05,-7.06434e-05,-1.52626e-05,-4.26587e-05,1.16592e-05,-0.000183259,-5.41647e-05,0.000108895,9.91824e-05,-0.000195061,-0.00124498,-0.000494391,0.000123418,0.000185081,-0.00088069,-0.000124144,-0.000683877,0.000104457,8.824e-05,0.000386894,-9.51182e-05,2.91217e-05,3.45614e-06,-1.50757e-05,-0.000850317,0.000551887,-7.82875e-05,-4.42754e-05,0.000856854,-0.000306271,2.11185e-05,-8.18929e-05,-0.00201436,-4.77625e-05,4.25681e-05,0.000210006,2.62437e-05,0.000326286,-5.6449e-05,0.000139741,-0.000144624,0.000269021,-3.38676e-05,-4.3245e-06,-4.64676e-05,-5.2111e-05,1.84762e-06,-0.000229744,-0.000117443,-7.5873e-05,-0.000152682,-0.000111426,-5.80659e-05,8.88632e-05,3.99292e-05,-0.000308508,-6.33144e-05,4.86209e-05,-7.02879e-05,-8.28231e-06,-2.80874e-05,-3.47831e-05,0.000289942,0.000114342,-2.71561e-07,-0.000476161
0.438993,0.00016728,-0.00111654,9.61736e-05,-6.53567e-05,-1.65857e-05,-7.76238e-06,1.25912e-05,-0.000187997,1.58221e-05,0.000108597,9.3999e-05,-0.000186951,-0.00115109,-0.000492917,0.000118195,0.000147722,-0.000915736,-0.000158283,-0.000724887,6.77021e-05,9.09314e-05,0.000379892,-9.96088e-05,3.68084e-05,-1.14982e-06,-9.49939e-06,-0.000736546,0.000542587,-8.0343e-05,-4.45432e-05,0.000952139,-0.000337677,2.23658e-05,-8.75874e-05,-0.00211503,-1.493e-05,3.81445e-05,0.000202348,2.92505e-05,0.000439276,-6.84059e-05,6.16078e-05,-0.000147256,0.000277448,-3.78509e-05,-1.72546e-05,-5.0118e-05,-8.78932e-05,7.38309e-06,-0.000242527,-0.000120191,-7.60065e-05,-0.00015886,-0.000118075,-6.02638e-05,6.63846e-05,4.38043e-05,-0.00025793,-6.7911e-05,3.98597e-05,-6.56068e-05,-2.77417e-05,-2.54796e-05,1.50299e-06,0.000316065,0.000108827,-7.03478e-05,-0.000503438
0.439993,0.000200915,-0.00108997,0.000100801,-5.94499e-05,-1.77231e-05,2.62414e-05,1.33797e-05,-0.000191335,8.38265e-05,0.000107558,8.80953e-05,-0.000177492,-0.00105092,-0.000488801,0.000112255,0.000107278,-0.00094363,-0.000191919,-0.000759576,3.03812e-05,9.29704e-05,0.000370702,-0.000102575,4.39266e-05,-5.53298e-06,-4.2773e-06,-0.000620813,0.000528506,-8.16311e-05,-4.43162e-05,0.00103881,-0.000366296,2.35102e-05,-9.18721e-05,-0.00219819,1.77626e-05,3.35976e-05,0.000192291,3.19975e-05,0.000545496,-7.95722e-05,-1.44348e-05,-0.000148657,0.000283843,-4.15238e-05,-3.00982e-05,-5.34677e-05,-0.000121905,1.30472e-05,-0.000253512,-0.000121966,-7.55759e-05,-0.000164345,-0.000123967,-6.19383e-05,4.37623e-05,4.74338e-05,-0.000206799,-7.18058e-05,3.11752e-05,-6.05495e-05,-4.80725e-05,-2.27715e-05,3.93066e-05,0.000339474,0.000102726,-0.000138267,-0.000521164
0.440993,0.000232134,-0.00105411,0.000104613,-5.29839e-05,-1.86687e-05,5.91432e-05,1.40139e-05,-0.000193276,0.000149447,0.000105787,8.15076e-05,-0.000166748,-0.000945354,-0.000482073,0.000105668,6.43347e-05,-0.000964344,-0.000224708,-0.000787815,-7.16336e-06,9.43501e-05,0.00035946,-0.000104042,5.03879e-05,-9.65341e-06,6.95621e-07,-0.000504034,0.000510039,-8.21348e-05,-4.35959e-05,0.00111639,-0.000391903,2.45442e-05,-9.49272e-05,-0.0022635,5.01144e-05,2.8959e-05,0.000179879,3.44763e-05,0.00064431,-8.9899e-05,-8.78135e-05,-0.000148796,0.000288225,-4.48598e-05,-4.27396e-05,-5.6492e-05,-0.000153795,1.87992e-05,-0.000262583,-0.00012277,-7.45868e-05,-0.000169079,-0.000129052,-6.30834e-05,2.11632e-05,5.08135e-05,-0.000155889,-7.49753e-05,2.26375e-05,-5.51644e-05,-6.89013e-05,-1.99684e-05,7.83965e-05,0.000360087,9.61013e-05,-0.000203678,-0.00052849
0.441993,0.000260765,-0.00100952,0.000107554,-4.60276e-05,-1.94188e-05,9.07461e-05,1.44855e-05,-0.000193828,0.000212307,0.000103302,7.4281e-05,-0.000154796,-0.000835303,-0.000472753,9.85099e-05,1.95482e-05,-0.000977897,-0.00025631,-0.000809531,-4.45793e-05,9.50702e-05,0.000346303,-0.000104054,5.61128e-05,-1.34763e-05,5.51988e-06,-0.000387103,0.000487608,-8.18474e-05,-4.23908e-05,0.00118446,-0.000414333,2.54597e-05,-9.69419e-05,-0.0023108,8.1924e-05,2.42603e-05,0.000165221,3.66799e-05,0.00073517,-9.93443e-05,-0.000158011,-0.000147656,0.000290627,-4.7835e-05,-5.50613e-05,-5.91653e-05,-0.000183246,2.45958e-05,-0.000269636,-0.000122614,-7.30497e-05,-0.000172992,-0.000133282,-6.3699e-05,-1.24575e-06,5.39429e-05,-0.000105924,-7.7405e-05,1.43108e-05,-4.9502e-05,-8.98105e-05,-1.70775e-05,0.000118509,0.000377838,8.90182e-05,-0.000266243,-0.000524816
0.442993,0.000286664,-0.000956806,0.000109576,-3.8657e-05,-1.99723e-05,0.000120866,1.4789e-05,-0.000193013,0.000272059,0.000100125,6.64694e-05,-0.000141729,-0.000721711,-0.000460857,9.08536e-05,-2.63691e-05,-0.000984355,-0.000286382,-0.000824708,-8.15085e-05,9.51374e-05,0.000331378,-0.00010267,6.1032e-05,-1.69724e-05,1.02878e-05,-0.000270886,0.000461659,-8.07733e-05,-4.07166e-05,0.00124267,-0.000433475,2.62485e-05,-9.81081e-05,-0.00234006,0.000112989,1.95321e-05,0.000148488,3.86027e-05,0.000817618,-0.000107873,-0.000224567,-0.000145231,0.00029109,-5.04289e-05,-6.69456e-05,-6.14607e-05,-0.000209982,3.03919e-05,-0.000274582,-0.000121517,-7.098e-05,-0.000176007,-0.000136608,-6.37911e-05,-2.32994e-05,5.68249e-05,-5.75756e-05,-7.90893e-05,6.25346e-06,-4.3614e-05,-0.000110346,-1.4109e-05,0.000159351,0.00039268,8.15438e-05,-0.000325635,-0.000509822
0.443993,0.000309709,-0.000896629,0.000110638,-3.09544e-05,-2.03304e-05,0.000149331,1.49218e-05,-0.00019086,0.000328385,9.62843e-05,5.81346e-05,-0.000127653,-0.000605536,-0.000446388,8.27733e-05,-7.26621e-05,-0.000983831,-0.000314589,-0.000833384,-0.000117592,9.45649e-05,0.000314833,-9.99657e-05,6.50868e-05,-2.01179e-05,1.50802e-05,-0.000156213,0.000432648,-7.89274e-05,-3.85958e-05,0.00129077,-0.000449274,2.6902e-05,-9.86153e-05,-0.00235144,0.000143107,1.48049e-05,0.000129906,4.02407e-05,0.000891288,-0.000115458,-0.000287085,-0.000141526,0.000289667,-5.26244e-05,-7.82756e-05,-6.3351e-05,-0.000233768,3.61412e-05,-0.000277349,-0.000119508,-6.8398e-05,-0.000178036,-0.000138989,-6.33715e-05,-4.4836e-05,5.94644e-05,-1.14452e-05,-8.00314e-05,-1.48255e-06,-3.75534e-05,-0.000130028,-1.10754e-05,0.000200595,0.000404584,7.37457e-05,-0.000381547,-0.000483477
0.444993,0.000329808,-0.000829682,0.000110707,-2.30064e-05,-2.0497e-05,0.000175987,1.48844e-05,-0.000187409,0.000380996,9.18153e-05,4.93463e-05,-0.000112687,-0.00048775,-0.000429341,7.43409e-05,-0.000118549,-0.000976484,-0.000340596,-0.000835656,-0.000152474,9.33723e-05,0.000296821,-9.60304e-05,6.82305e-05,-2.2895e-05,1.99643e-05,-4.38731e-05,0.000401037,-7.63354e-05,-3.60574e-05,0.00132857,-0.000461731,2.74115e-05,-9.86452e-05,-0.00234525,0.000172076,1.01085e-05,0.000109747,4.15913e-05,0.000955907,-0.000122076,-0.00034523,-0.000136561,0.000286418,-5.44082e-05,-8.89372e-05,-6.48088e-05,-0.000254415,4.17966e-05,-0.000277882,-0.000116624,-6.53289e-05,-0.000178981,-0.000140389,-6.24571e-05,-6.56982e-05,6.18674e-05,3.19374e-05,-8.02432e-05,-8.85154e-06,-3.13728e-05,-0.000148359,-7.99186e-06,0.000241886,0.000413538,6.56919e-05,-0.000433688,-0.000446042
0.445993,0.000346895,-0.000756674,0.00010976,-1.49032e-05,-2.04783e-05,0.000200692,1.468e-05,-0.000182707,0.000429634,8.67579e-05,4.01806e-05,-9.69603e-05,-0.000369316,-0.000409699,6.56255e-05,-0.000163239,-0.000962516,-0.000364082,-0.000831671,-0.000185807,9.15851e-05,0.000277496,-9.09649e-05,7.04281e-05,-2.52916e-05,2.49912e-05,6.53913e-05,0.000367285,-7.30328e-05,-3.31363e-05,0.00135597,-0.000470896,2.77679e-05,-9.8367e-05,-0.00232194,0.000199694,5.47191e-06,8.8321e-05,4.26534e-05,0.0010113,-0.000127714,-0.000398727,-0.000130365,0.000281413,-5.5771e-05,-9.882e-05,-6.58071e-05,-0.000271778,4.73107e-05,-0.000276145,-0.000112909,-6.18026e-05,-0.000178733,-0.00014078,-6.10702e-05,-8.57354e-05,6.40399e-05,7.2122e-05,-7.97442e-05,-1.58142e-05,-2.51248e-05,-0.000164838,-4.8761e-06,0.000282838,0.000419549,5.74502e-05,-0.000481786,-0.000398068
0.446993,0.000360929,-0.000678319,0.000107782,-6.73666e-06,-2.02829e-05,0.000223321,1.43149e-05,-0.000176813,0.000474076,8.11572e-05,3.07192e-05,-8.06124e-05,-0.000251187,-0.000387436,5.66928e-05,-0.000205948,-0.000942176,-0.000384733,-0.000821626,-0.000217255,8.92342e-05,0.000257015,-8.4881e-05,7.16577e-05,-2.7301e-05,3.01948e-05,0.000170889,0.000331844,-6.90644e-05,-2.98729e-05,0.00137298,-0.000476866,2.79623e-05,-9.79332e-05,-0.0022821,0.000225763,9.23618e-07,6.5964e-05,4.34273e-05,0.00105736,-0.000132362,-0.000447362,-0.000122981,0.000274729,-5.67076e-05,-0.000107819,-6.63198e-05,-0.000285757,5.26366e-05,-0.00027212,-0.000108413,-5.7853e-05,-0.000177177,-0.000140145,-5.9237e-05,-0.000104804,6.59864e-05,0.000108741,-7.85618e-05,-2.23375e-05,-1.88607e-05,-0.000178977,-1.74819e-06,0.00032304,0.000422642,4.90875e-05,-0.000525593,-0.000340386
0.447993,0.000371897,-0.000595321,0.000104769,1.4013e-06,-1.99217e-05,0.000243766,1.37978e-05,-0.000169794,0.00051413,7.50628e-05,2.10479e-05,-6.37894e-05,-0.00013429,-0.000362519,4.76045e-05,-0.000245922,-0.000915751,-0.000402248,-0.000805766,-0.000246501,8.63554e-05,0.000235537,-7.78999e-05,7.19105e-05,-2.89218e-05,3.55912e-05,0.000271984,0.00029515,-6.4483e-05,-2.63118e-05,0.00137967,-0.000479772,2.79858e-05,-9.74759e-05,-0.00222649,0.000250086,-3.50888e-06,4.30303e-05,4.39146e-05,0.00109411,-0.000136019,-0.000490979,-0.00011446,0.000266452,-5.72165e-05,-0.000115838,-6.6323e-05,-0.000296297,5.7728e-05,-0.000265813,-0.000103195,-5.35184e-05,-0.000174189,-0.000138478,-5.69878e-05,-0.000122772,6.77092e-05,0.000141512,-7.67296e-05,-2.83943e-05,-1.26305e-05,-0.000190306,1.36982e-06,0.000362057,0.000422859,4.06697e-05,-0.000564889,-0.000274081
0.448993,0.000379809,-0.000508369,0.000100728,9.42015e-06,-1.94074e-05,0.000261935,1.31399e-05,-0.000161723,0.000549638,6.85285e-05,1.1255e-05,-4.66428e-05,-1.95168e-05,-0.000334912,3.84178e-05,-0.000282449,-0.000883569,-0.000416342,-0.000784379,-0.000273249,8.29883e-05,0.000213223,-7.01505e-05,7.11908e-05,-3.01576e-05,4.11788e-05,0.000368098,0.00025762,-5.93483e-05,-2.25013e-05,0.00137622,-0.000479777,2.78296e-05,-9.71041e-05,-0.00215596,0.000272474,-7.79899e-06,1.98811e-05,4.41187e-05,0.0011216,-0.000138689,-0.000529476,-0.000104867,0.000256675,-5.73001e-05,-0.000122786,-6.57951e-05,-0.000303389,6.25399e-05,-0.000257247,-9.73158e-05,-4.88401e-05,-0.000169642,-0.000135786,-5.43558e-05,-0.000139514,6.92065e-05,0.000170237,-7.42878e-05,-3.39631e-05,-6.48176e-06,-0.000198397,4.45424e-06,0.000399433,0.000420263,3.2261e-05,-0.000599478,-0.000200471
0.449993,0.000384701,-0.000418126,9.56764e-05,1.72326e-05,-1.87545e-05,0.000277755,1.23545e-05,-0.000152681,0.000580478,6.16115e-05,1.43004e-06,-2.93261e-05,9.22843e-05,-0.000304577,2.91856e-05,-0.000314878,-0.000845994,-0.000426751,-0.000757791,-0.000297228,7.91761e-05,0.000190233,-6.17682e-05,6.95165e-05,-3.10161e-05,4.69389e-05,0.000458712,0.000219648,-5.37257e-05,-1.84925e-05,0.00136287,-0.000477061,2.74855e-05,-9.69014e-05,-0.0020715,0.000292744,-1.19212e-05,-3.12573e-06,4.40444e-05,0.00114,-0.00014038,-0.000562804,-9.42726e-05,0.000245498,-5.69648e-05,-0.000128584,-6.47181e-05,-0.000307065,6.70291e-05,-0.000246469,-9.08427e-05,-4.38624e-05,-0.000163409,-0.000132088,-5.13761e-05,-0.000154921,7.0472e-05,0.000194798,-7.12812e-05,-3.90275e-05,-4.59827e-07,-0.00020287,7.48023e-06,0.000434699,0.000414931,2.39235e-05,-0.000629198,-0.000121066
0.450993,0.000386629,-0.000325227,8.96428e-05,2.47559e-05,-1.79788e-05,0.00029117,1.14564e-05,-0.000142757,0.000606561,5.4372e-05,-8.33837e-06,-1.19931e-05,0.000200318,-0.000271482,1.99562e-05,-0.000342638,-0.000803425,-0.00043323,-0.00072636,-0.000318195,7.49647e-05,0.000166729,-5.2894e-05,6.69185e-05,-3.15085e-05,5.28369e-05,0.000543371,0.000181602,-4.76842e-05,-1.43374e-05,0.00133996,-0.000471815,2.69458e-05,-9.69246e-05,-0.00197417,0.000310724,-1.58512e-05,-2.56443e-05,4.3698e-05,0.00114954,-0.00014111,-0.000590959,-8.27593e-05,0.000233027,-5.622e-05,-0.000133167,-6.30783e-05,-0.000307397,7.11541e-05,-0.000233549,-8.38455e-05,-3.86316e-05,-0.000155364,-0.000127418,-4.80853e-05,-0.000168893,7.14937e-05,0.000215158,-6.77592e-05,-4.35759e-05,5.39315e-06,-0.000203411,1.04223e-05,0.000467373,0.00040696,1.57173e-05,-0.000653919,-3.75351e-05
0.451993,0.000385671,-0.000230278,8.26675e-05,3.19139e-05,-1.70971e-05,0.000302141,1.04617e-05,-0.000132044,0.000627832,4.68723e-05,-1.7964e-05,5.20556e-06,0.000303847,-0.000235606,1.07737e-05,-0.000365247,-0.000756287,-0.000435559,-0.000690476,-0.000335942,7.04019e-05,0.000142871,-4.36725e-05,6.34411e-05,-3.16494e-05,5.88241e-05,0.000621683,0.000143824,-4.12955e-05,-1.00889e-05,0.00130791,-0.000464229,2.62036e-05,-9.72034e-05,-0.00186513,0.000326254,-1.95659e-05,-4.73499e-05,4.30873e-05,0.00115051,-0.000140899,-0.000613978,-7.04159e-05,0.000219375,-5.50784e-05,-0.000136477,-6.08671e-05,-0.000304495,7.48759e-05,-0.000218579,-7.63962e-05,-3.31955e-05,-0.000145392,-0.000121821,-4.45206e-05,-0.000181346,7.2253e-05,0.000231354,-6.37744e-05,-4.76006e-05,1.10383e-05,-0.00019978,1.32549e-05,0.000496969,0.000396463,7.69973e-06,-0.000673547,4.8345e-05
0.452993,0.000381925,-0.000133855,7.48023e-05,3.86377e-05,-1.61269e-05,0.00031065,9.38712e-06,-0.00012064,0.000644271,3.91764e-05,-2.73649e-05,2.21244e-05,0.000402205,-0.000196942,1.67866e-06,-0.00038233,-0.000705031,-0.000433549,-0.000650548,-0.000350295,6.55367e-05,0.000118823,-3.42516e-05,5.9141e-05,-3.14552e-05,6.484e-05,0.000693317,0.000106625,-3.46314e-05,-5.79847e-06,0.00126719,-0.000454481,2.52533e-05,-9.77402e-05,-0.00174562,0.000339188,-2.30439e-05,-6.79457e-05,4.2222e-05,0.00114324,-0.000139774,-0.000631938,-5.73379e-05,0.000204661,-5.35553e-05,-0.000138474,-5.80818e-05,-0.000298502,7.81577e-05,-0.000201671,-6.85677e-05,-2.76026e-05,-0.000133387,-0.000115354,-4.07185e-05,-0.00019221,7.27248e-05,0.000243489,-5.93817e-05,-5.10973e-05,1.64406e-05,-0.000191824,1.59529e-05,0.000523004,0.000383571,-7.43708e-08,-0.000688028,0.000134731
0.453993,0.000375503,-3.6507e-05,6.61106e-05,4.48676e-05,-1.50858e-05,0.000316694,8.2498e-06,-0.000108644,0.000655892,3.13489e-05,-3.64649e-05,3.86261e-05,0.000494794,-0.000155509,-7.29158e-06,-0.000393623,-0.000650132,-0.000427042,-0.000607003,-0.000361115,6.04189e-05,9.47443e-05,-2.47807e-05,5.40873e-05,-3.09442e-05,7.08144e-05,0.00075801,7.02859e-05,-2.77629e-05,-1.51595e-06,0.00121837,-0.000442728,2.40903e-05,-9.85117e-05,-0.00161689,0.000349401,-2.62653e-05,-8.71698e-05,4.11132e-05,0.00112816,-0.000137768,-0.000644946,-4.36269e-05,0.000189009,-5.16685e-05,-0.000139131,-5.47265e-05,-0.000289592,8.09656e-05,-0.000182962,-6.04329e-05,-2.19009e-05,-0.000119266,-0.000108087,-3.67146e-05,-0.000201431,7.28768e-05,0.000251727,-5.46376e-05,-5.40647e-05,2.15686e-05,-0.000179482,1.84923e-05,0.000545001,0.000368429,-7.55303e-06,-0.000697343,0.000219765
0.454993,0.000366534,6.12343e-05,5.66674e-05,5.05536e-05,-1.39913e-05,0.000320291,7.06657e-06,-9.61603e-05,0.000662743,2.34549e-05,-4.51953e-05,5.45835e-05,0.000581093,-0.000111355,-1.61021e-05,-0.000398981,-0.000592078,-0.000415916,-0.000560282,-0.000368305,5.50982e-05,7.07963e-05,-1.54099e-05,4.83601e-05,-3.01353e-05,7.66708e-05,0.00081556,3.50605e-05,-2.07582e-05,2.71207e-06,0.00116203,-0.000429098,2.27119e-05,-9.947e-05,-0.00148027,0.000356787,-2.92118e-05,-0.000104799,3.97736e-05,0.00110568,-0.000134917,-0.00065314,-2.9389e-05,0.000172548,-4.94373e-05,-0.000138435,-5.08124e-05,-0.000277967,8.32684e-05,-0.000162609,-5.20636e-05,-1.61377e-05,-0.000102965,-0.000100097,-3.25423e-05,-0.00020897,7.267e-05,0.000256285,-4.95991e-05,-5.65035e-05,2.63954e-05,-0.000162795,2.08507e-05,0.000562503,0.000351196,-1.46872e-05,-0.000701516,0.000301621
0.455993,0.000355159,0.000158853,4.65589e-05,5.56565e-05,-1.28603e-05,0.000321474,5.85356e-06,-8.32919e-05,0.000664905,1.55586e-05,-5.34961e-05,6.9882e-05,0.000660662,-6.45637e-05,-2.47198e-05,-0.000398385,-0.00053137,-0.000400089,-0.000510828,-0.000371806,4.96239e-05,4.71382e-05,-6.2888e-06,4.205e-05,-2.90473e-05,8.23289e-05,0.000865828,1.17245e-06,-1.36812e-05,6.84306e-06,0.00109883,-0.000413681,2.11171e-05,-0.000100545,-0.00133707,0.000361265,-3.18672e-05,-0.000120654,3.82177e-05,0.0010763,-0.000131265,-0.000656678,-1.47343e-05,0.000155411,-4.68829e-05,-0.00013639,-4.63587e-05,-0.000263849,8.50377e-05,-0.000140789,-4.35295e-05,-1.03584e-05,-8.44525e-05,-9.14724e-05,-2.82327e-05,-0.000214803,7.20589e-05,0.00025742,-4.43226e-05,-5.84161e-05,3.0898e-05,-0.000141907,2.30076e-05,0.000575076,0.000332047,-2.14308e-05,-0.000700611,0.000378554
0.456992,0.00034153,0.000255836,3.5882e-05,6.01483e-05,-1.17084e-05,0.000320295,4.62582e-06,-7.0142e-05,0.000662488,7.72324e-06,-6.13171e-05,8.44213e-05,0.000733141,-1.5264e-05,-3.31123e-05,-0.00039194,-0.000468514,-0.000379527,-0.000459088,-0.0003716,4.40443e-05,2.39275e-05,2.43494e-06,3.52572e-05,-2.76987e-05,8.77074e-05,0.000908734,-3.11815e-05,-6.59035e-06,1.08394e-05,0.00102947,-0.000396522,1.93073e-05,-0.000101648,-0.00118863,0.00036278,-3.42172e-05,-0.000134599,3.64615e-05,0.00104052,-0.000126857,-0.000655741,2.24377e-07,0.000137734,-4.40271e-05,-0.000133014,-4.13926e-05,-0.00024748,8.62481e-05,-0.000117698,-3.48976e-05,-4.60616e-06,-6.37311e-05,-8.23056e-05,-2.38138e-05,-0.000218922,7.09927e-05,0.000255427,-3.88635e-05,-5.98062e-05,3.50578e-05,-0.000117067,2.49452e-05,0.000582318,0.000311165,-2.77407e-05,-0.000694731,0.000448943
0.457992,0.000325806,0.000351668,2.47436e-05,6.40125e-05,-1.055e-05,0.00031682,3.39688e-06,-5.68126e-05,0.000655635,1.02742e-08,-6.86187e-05,9.81166e-05,0.000798248,3.63662e-05,-4.12474e-05,-0.00037987,-0.000404021,-0.00035424,-0.000405505,-0.000367709,3.84067e-05,1.31946e-06,1.06166e-05,2.80898e-05,-2.61068e-05,9.27271e-05,0.000944259,-6.18303e-05,4.62797e-07,1.46693e-05,0.000954661,-0.000377623,1.7286e-05,-0.000102673,-0.00103625,0.000361309,-3.62496e-05,-0.000146545,3.45224e-05,0.000998861,-0.000121747,-0.000650523,1.53723e-05,0.000119658,-4.08926e-05,-0.00012834,-3.59497e-05,-0.000229115,8.68773e-05,-9.35508e-05,-2.62308e-05,1.07911e-06,-4.08437e-05,-7.26942e-05,-1.931e-05,-0.000221336,6.9416e-05,0.000250623,-3.32754e-05,-6.06781e-05,3.88606e-05,-8.86251e-05,2.66486e-05,0.000583871,0.000288749,-3.3577e-05,-0.000684021,0.000511332
0.458992,0.000308153,0.000445819,1.32602e-05,6.7244e-05,-9.39783e-06,0.000311134,2.17848e-06,-4.34029e-05,0.000644517,-7.52138e-06,-7.53724e-05,0.0001109,0.000855784,9.00941e-05,-4.90922e-05,-0.000362516,-0.000338395,-0.000324294,-0.000350513,-0.000360193,3.27562e-05,-2.05337e-05,1.81161e-05,2.06623e-05,-2.42873e-05,9.73132e-05,0.000972437,-9.0627e-05,7.43408e-06,1.8307e-05,0.000875155,-0.000356935,1.50595e-05,-0.000103505,-0.000881224,0.000356858,-3.79545e-05,-0.000156445,3.24194e-05,0.00095188,-0.000115989,-0.000641231,3.05933e-05,0.000101323,-3.75024e-05,-0.000122417,-3.0074e-05,-0.000209023,8.69061e-05,-6.85754e-05,-1.75881e-05,6.66095e-06,-1.58779e-05,-6.27384e-05,-1.47424e-05,-0.000222067,6.7271e-05,0.000243342,-2.7609e-05,-6.10364e-05,4.22963e-05,-5.70292e-05,2.81062e-05,0.000579428,0.000265003,-3.89029e-05,-0.000668661,0.000564465
0.459992,0.000288743,0.000537739,1.5566e-06,6.98489e-05,-8.26231e-06,0.000303334,9.8028e-07,-3.00089e-05,0.000629331,-1.48157e-05,-8.15611e-05,0.000122721,0.000905627,0.000145627,-5.66126e-05,-0.000340325,-0.000272137,-0.00028981,-0.000294533,-0.000349154,2.71365e-05,-4.14839e-05,2.47993e-05,1.30948e-05,-2.22544e-05,0.000101398,0.000993357,-0.000117446,1.42874e-05,2.17333e-05,0.000791704,-0.000334362,1.26366e-05,-0.000104017,-0.000724797,0.000349467,-3.93241e-05,-0.000164298,3.01726e-05,0.000900128,-0.000109643,-0.000628082,4.57711e-05,8.28717e-05,-3.38796e-05,-0.000115309,-2.38175e-05,-0.000187474,8.63183e-05,-4.30145e-05,-9.02351e-06,1.21068e-05,1.103e-05,-5.25388e-05,-1.01283e-05,-0.000221153,6.44985e-05,0.000233927,-2.19122e-05,-6.08861e-05,4.53586e-05,-2.28167e-05,2.93095e-05,0.000568738,0.00024014,-4.36849e-05,-0.000648871,0.000607315
0.460992,0.000267749,0.00062685,-1.02352e-05,7.18436e-05,-7.15178e-06,0.00029353,-1.90245e-07,-1.67223e-05,0.0006103,-2.18203e-05,-8.71782e-05,0.000133545,0.000947728,0.000202611,-6.37726e-05,-0.00031384,-0.000205734,-0.000250967,-0.000237974,-0.000334729,2.15888e-05,-6.13882e-05,3.05397e-05,5.51011e-06,-2.002e-05,0.000104922,0.00100716,-0.000142183,2.0995e-05,2.49357e-05,0.000705071,-0.000309765,1.00295e-05,-0.000104081,-0.000568167,0.00033921,-4.03533e-05,-0.000170139,2.78034e-05,0.000844164,-0.000102771,-0.000611299,6.07892e-05,6.44473e-05,-3.00472e-05,-0.00010709,-1.724e-05,-0.000164745,8.51011e-05,-1.7121e-05,-5.86122e-07,1.73884e-05,3.96919e-05,-4.21946e-05,-5.48162e-06,-0.000218643,6.10409e-05,0.000222719,-1.62292e-05,-6.02323e-05,4.80452e-05,1.33958e-05,3.02539e-05,0.00055162,0.000214378,-4.78928e-05,-0.000624903,0.000639108
0.461992,0.000245348,0.000712538,-2.19773e-05,7.32542e-05,-6.07212e-06,0.000281848,-1.32791e-06,-3.62997e-06,0.000587669,-2.84865e-05,-9.22278e-05,0.000143355,0.000982108,0.000260627,-7.05339e-05,-0.000283683,-0.000139658,-0.000208009,-0.000181225,-0.000317089,1.61522e-05,-8.01096e-05,3.52207e-05,-1.96707e-06,-1.75944e-05,0.000107838,0.00101402,-0.00016475,2.75371e-05,2.7908e-05,0.000616013,-0.000282969,7.25318e-06,-0.000103568,-0.000412472,0.000326197,-4.10393e-05,-0.000174042,2.53338e-05,0.000784546,-9.54397e-05,-0.000591113,7.55316e-05,4.61908e-05,-2.60277e-05,-9.78511e-05,-1.04087e-05,-0.00014111,8.3245e-05,8.8445e-06,7.68011e-06,2.24817e-05,6.98666e-05,-3.18019e-05,-8.13265e-07,-0.000214601,5.68439e-05,0.000210051,-1.06003e-05,-5.908e-05,5.03575e-05,5.09257e-05,3.09382e-05,0.000527969,0.000187939,-5.15001e-05,-0.00059704,0.000659333
0.462992,0.000221715,0.000794154,-3.35277e-05,7.41151e-05,-5.02675e-06,0.00026842,-2.42978e-06,9.18668e-06,0.000561702,-3.47699e-05,-9.6723e-05,0.000152149,0.00100885,0.000319191,-7.68561e-05,-0.00025054,-7.43648e-05,-0.000161243,-0.000124656,-0.00029644,1.08632e-05,-9.75191e-05,3.87368e-05,-9.2128e-06,-1.49859e-05,0.000110109,0.00101417,-0.000185077,3.39016e-05,3.06505e-05,0.000525274,-0.000253769,4.32588e-06,-0.000102354,-0.000258786,0.000310571,-4.13817e-05,-0.000176108,2.27869e-05,0.00072183,-8.77162e-05,-0.000567754,8.98837e-05,2.82411e-05,-2.18437e-05,-8.76911e-05,-3.39695e-06,-0.00011684,8.07441e-05,3.46165e-05,1.57363e-05,2.73668e-05,0.000101259,-2.14521e-05,3.86853e-06,-0.000209101,5.18592e-05,0.000196242,-5.06203e-06,-5.74351e-05,5.22996e-05,8.90386e-05,3.13647e-05,0.00049776,0.000161045,-5.4484e-05,-0.000565592,0.000667756
0.463992,0.000197026,0.000871011,-4.47418e-05,7.44678e-05,-4.01659e-06,0.000253391,-3.49503e-06,2.16519e-05,0.000532683,-4.0631e-05,-0.000100685,0.00015994,0.0010281,0.000377757,-8.26959e-05,-0.000215144,-1.02864e-05,-0.00011104,-6.86169e-05,-0.000273018,5.75567e-06,-0.000113497,4.09962e-05,-1.61057e-05,-1.22017e-05,0.000111709,0.00100787,-0.000203108,4.0083e-05,3.31686e-05,0.000433582,-0.000221944,1.26899e-06,-0.000100324,-0.000108113,0.000292509,-4.13829e-05,-0.000176466,2.01858e-05,0.000656561,-7.96702e-05,-0.000541459,0.000103732,1.07337e-05,-1.75175e-05,-7.67205e-05,3.71637e-06,-9.2199e-05,7.75964e-05,5.99282e-05,2.35482e-05,3.20278e-05,0.00013352,-1.12308e-05,8.55737e-06,-0.000202227,4.60473e-05,0.000181591,3.53414e-07,-5.53039e-05,5.38788e-05,0.000126966,3.1539e-05,0.00046106,0.000133919,-5.68259e-05,-0.000530894,0.000664415
0.464992,0.000171457,0.00094239,-5.54745e-05,7.4359e-05,-3.04024e-06,0.000236914,-4.52473e-06,3.3696e-05,0.000500907,-4.60347e-05,-0.000104141,0.000166752,0.00104005,0.000435719,-8.80083e-05,-0.000178257,5.21676e-05,-5.78373e-05,-1.34363e-05,-0.000247086,8.60751e-07,-0.000127933,4.19231e-05,-2.25291e-05,-9.248e-06,0.000112626,0.000995412,-0.000218801,4.60812e-05,3.54727e-05,0.000341641,-0.00018727,-1.89295e-06,-9.73739e-05,3.86194e-05,0.000272221,-4.10475e-05,-0.000175262,1.75539e-05,0.000589273,-7.13721e-05,-0.000512465,0.000116964,-6.20138e-06,-1.30711e-05,-6.5058e-05,1.08481e-05,-6.74419e-05,7.38037e-05,8.45145e-05,3.10862e-05,3.64523e-05,0.000166251,-1.21641e-06,1.32479e-05,-0.000194074,3.93798e-05,0.000166374,5.61767e-06,-5.26943e-05,5.51043e-05,0.000163922,3.14699e-05,0.000418027,0.000106778,-5.85118e-05,-0.0004933,0.000649612
0.465992,0.000145182,0.00100754,-6.55822e-05,7.38388e-05,-2.09413e-06,0.000219148,-5.52154e-06,4.5255e-05,0.000466681,-5.09511e-05,-0.000107122,0.000172617,0.00104493,0.000492419,-9.27461e-05,-0.000140647,0.000112613,-2.13785e-06,4.05774e-05,-0.00021893,-3.79327e-06,-0.00014073,4.14594e-05,-2.83733e-05,-6.13099e-06,0.000112861,0.000977114,-0.000232127,5.19005e-05,3.75768e-05,0.000250125,-0.000149534,-5.1324e-06,-9.34169e-05,0.000180556,0.000249945,-4.0383e-05,-0.000172658,1.49145e-05,0.000520483,-6.28923e-05,-0.00048101,0.000129471,-2.24403e-05,-8.52688e-06,-5.28292e-05,1.79122e-05,-4.28126e-05,6.93722e-05,0.000108116,3.83241e-05,4.06312e-05,0.000199008,8.52009e-06,1.7935e-05,-0.000184739,3.18422e-05,0.000150838,1.07062e-05,-4.96157e-05,5.59874e-05,0.000199123,3.11688e-05,0.000368918,7.98378e-05,-5.95323e-05,-0.000453179,0.0006239
0.466992,0.000118373,0.00106569,-7.49253e-05,7.29592e-05,-1.17283e-06,0.000200257,-6.48932e-06,5.62709e-05,0.000430322,-5.53555e-05,-0.000109661,0.000177577,0.00104302,0.00054715,-9.68612e-05,-0.000103071,0.000170694,5.54943e-05,9.31358e-05,-0.00018886,-8.18113e-06,-0.000151806,3.95672e-05,-3.35375e-05,-2.85735e-06,0.000112424,0.000953318,-0.00024307,5.75468e-05,3.94976e-05,0.000159677,-0.000108552,-8.41899e-06,-8.83844e-05,0.00031692,0.000225945,-3.93992e-05,-0.000168821,1.22901e-05,0.000450695,-5.43011e-05,-0.000447335,0.000141143,-3.78671e-05,-3.90761e-06,-4.01655e-05,2.48209e-05,-1.85422e-05,6.43131e-05,0.000130482,4.52392e-05,4.45575e-05,0.000231302,1.79159e-05,2.26125e-05,-0.000174331,2.34362e-05,0.000135202,1.5598e-05,-4.60803e-05,5.65407e-05,0.000231806,3.06496e-05,0.000314091,5.33025e-05,-5.98837e-05,-0.000410911,0.000588065
0.467992,9.12025e-05,0.00111607,-8.33703e-05,7.17721e-05,-2.69371e-07,0.000180408,-7.43268e-06,6.66911e-05,0.000392149,-5.92281e-05,-0.000111791,0.000181673,0.00103461,0.00059917,-0.000100305,-6.62563e-05,0.000226079,0.000114436,0.000143969,-0.000157203,-1.22808e-05,-0.000161093,3.62312e-05,-3.79319e-05,5.64723e-07,0.000111335,0.000924381,-0.000251624,6.30266e-05,4.12527e-05,7.09003e-05,-6.41824e-05,-1.17198e-05,-8.22296e-05,0.000447006,0.000200507,-3.81085e-05,-0.000163924,9.70261e-06,0.00038039,-4.5667e-05,-0.00041168,0.000151876,-5.23752e-05,7.63324e-07,-2.72016e-05,3.14864e-05,5.15273e-06,5.86423e-05,0.000151374,5.18108e-05,4.8226e-05,0.000262615,2.69162e-05,2.72723e-05,-0.00016296,1.41817e-05,0.000119653,2.02752e-05,-4.21036e-05,5.67776e-05,0.00026125,2.99283e-05,0.000254002,2.73688e-05,-5.95679e-05,-0.000366883,0.00054309
0.468992,6.38408e-05,0.00115791,-9.07922e-05,7.03269e-05,6.2427e-07,0.000159774,-8.35645e-06,7.64679e-05,0.000352486,-6.25542e-05,-0.000113543,0.00018495,0.00102003,0.000647709,-0.00010303,-3.08817e-05,0.000278466,0.000174009,0.000192823,-0.000124301,-1.60734e-05,-0.000168541,3.146e-05,-4.14798e-05,4.12462e-06,0.000109624,0.000890673,-0.000257797,6.83446e-05,4.28599e-05,-1.56371e-05,-1.63495e-05,-1.49995e-05,-7.49294e-05,0.000570181,0.000173934,-3.65257e-05,-0.000158133,7.17251e-06,0.000310028,-3.70569e-05,-0.00037429,0.000161566,-6.58686e-05,5.46144e-06,-1.4075e-05,3.78224e-05,2.80706e-05,5.23814e-05,0.000170568,5.80196e-05,5.16322e-05,0.000292401,3.54743e-05,3.19032e-05,-0.000150739,4.11903e-06,0.000104347,2.47223e-05,-3.77052e-05,5.67118e-05,0.000286789,2.9022e-05,0.00018921,2.22134e-06,-5.85932e-05,-0.000321485,0.000490134
0.469992,3.6459e-05,0.00119045,-9.70772e-05,6.86692e-05,1.51671e-06,0.000138525,-9.26518e-06,8.55585e-05,0.000311653,-6.5324e-05,-0.00011494,0.000187449,0.000999615,0.000691983,-0.00010499,2.43764e-06,0.000327581,0.00023349,0.000239461,-9.05074e-05,-1.95437e-05,-0.000174119,2.52888e-05,-4.41193e-05,7.8084e-06,0.000107327,0.000852567,-0.000261608,7.35014e-05,4.43352e-05,-9.94088e-05,3.49451e-05,-1.82211e-05,-6.64861e-05,0.000685881,0.000146541,-3.46679e-05,-0.00015161,4.71883e-06,0.000240051,-2.85343e-05,-0.00033541,0.000170113,-7.82634e-05,1.01609e-05,-9.23085e-07,4.37456e-05,5.00257e-05,4.5558e-05,0.000187862,6.3847e-05,5.47715e-05,0.000320099,4.35506e-05,3.649e-05,-0.000137784,-6.69005e-06,8.94122e-05,2.89262e-05,-3.29098e-05,5.63568e-05,0.000307832,2.79492e-05,0.000120369,-2.19691e-05,-5.69749e-05,-0.000275104,0.000430492
0.470992,9.22788e-06,0.001213,-0.000102125,6.68391e-05,2.41661e-06,0.000116833,-1.01626e-05,9.39238e-05,0.000269966,-6.75328e-05,-0.000116,0.000189204,0.000973697,0.00073121,-0.000106142,3.31649e-05,0.000373177,0.000292114,0.000283655,-5.61833e-05,-2.26802e-05,-0.000177817,1.778e-05,-4.58049e-05,1.15978e-05,0.000104482,0.000810439,-0.000263092,7.84914e-05,4.56915e-05,-0.000179929,8.96045e-05,-2.1346e-05,-5.69282e-05,0.000793604,0.000118647,-3.25547e-05,-0.000144503,2.35871e-06,0.000170874,-2.01595e-05,-0.000295288,0.00017742,-8.94886e-05,1.48341e-05,1.21173e-05,4.91774e-05,7.08488e-05,3.82059e-05,0.000203073,6.92739e-05,5.76385e-05,0.000345144,5.11124e-05,4.10125e-05,-0.000124209,-1.81613e-05,7.49458e-05,3.28753e-05,-2.77478e-05,5.57256e-05,0.00032388,2.67289e-05,4.82228e-05,-4.50467e-05,-5.47355e-05,-0.000228121,0.000365558
0.471992,-1.76807e-05,0.00122491,-0.000105851,6.48693e-05,3.33213e-06,9.4868e-05,-1.10509e-05,0.000101528,0.000227736,-6.91802e-05,-0.000116731,0.00019024,0.000942618,0.000764621,-0.000106448,6.08529e-05,0.000415032,0.000349087,0.00032519,-2.16955e-05,-2.54752e-05,-0.000179644,9.02493e-06,-4.65087e-05,1.54695e-05,0.000101134,0.000764665,-0.000262293,8.33011e-05,4.69378e-05,-0.000256752,0.000147423,-2.43348e-05,-4.63114e-05,0.00089291,9.05754e-05,-3.02078e-05,-0.000136945,1.07158e-07,0.000102889,-1.19881e-05,-0.000254174,0.000183393,-9.94875e-05,1.94514e-05,2.49121e-05,5.40452e-05,9.03871e-05,3.03657e-05,0.000216044,7.42801e-05,6.02258e-05,0.000366982,5.81323e-05,4.54446e-05,-0.000110129,-3.01876e-05,6.10204e-05,3.65586e-05,-2.22559e-05,5.48301e-05,0.000334532,2.53799e-05,-2.6397e-05,-6.68726e-05,-5.19053e-05,-0.000180909,0.000296789
0.472992,-4.40937e-05,0.00122562,-0.00010819,6.27843e-05,4.27033e-06,7.27979e-05,-1.19307e-05,0.000108339,0.000185263,-7.02703e-05,-0.000117127,0.00019057,0.000906715,0.000791479,-0.000105875,8.51525e-05,0.00045295,0.000403593,0.00036386,1.25882e-05,-2.79249e-05,-0.000179634,-8.55972e-07,-4.62218e-05,1.93942e-05,9.73226e-05,0.000715609,-0.000259275,8.79073e-05,4.8077e-05,-0.000329472,0.000208076,-2.71477e-05,-3.47178e-05,0.00098341,6.26402e-05,-2.76509e-05,-0.000129055,-2.02322e-06,3.64648e-05,-4.07103e-06,-0.00021232,0.000187945,-0.000108218,2.3981e-05,3.73312e-05,5.8284e-05,0.000108504,2.20851e-05,0.000226643,7.88433e-05,6.25234e-05,0.000385075,6.4588e-05,4.97539e-05,-9.5658e-05,-4.26393e-05,4.76855e-05,3.99659e-05,-1.6478e-05,5.36807e-05,0.000339502,2.39209e-05,-0.000102585,-8.73258e-05,-4.85225e-05,-0.000133828,0.000225665
0.473992,-6.98364e-05,0.00121469,-0.000109094,6.0599e-05,5.23661e-06,5.07866e-05,-1.27999e-05,0.000114326,0.000142835,-7.08113e-05,-0.000117174,0.000190195,0.000866311,0.000811094,-0.000104399,0.000105819,0.00048676,0.000454812,0.000399462,4.6302e-05,-3.00299e-05,-0.000177844,-1.1713e-05,-4.49546e-05,2.33362e-05,9.30899e-05,0.000663629,-0.000254112,9.22753e-05,4.91057e-05,-0.000397724,0.000271109,-2.97451e-05,-2.22559e-05,0.00106477,3.51451e-05,-2.49097e-05,-0.00012093,-4.02242e-06,-2.80538e-05,3.54658e-06,-0.000169982,0.000190992,-0.000115655,2.83887e-05,4.92502e-05,6.18374e-05,0.000125081,1.34189e-05,0.000234769,8.29387e-05,6.45183e-05,0.000398924,7.04602e-05,5.39011e-05,-8.09044e-05,-5.53651e-05,3.49705e-05,4.30866e-05,-1.04656e-05,5.22864e-05,0.000338624,2.23697e-05,-0.000179372,-0.000106304,-4.46337e-05,-8.72209e-05,0.000153652
0.474992,-9.47323e-05,0.00119178,-0.00010854,5.83186e-05,6.23422e-06,2.8994e-05,-1.36539e-05,0.00011946,0.000100726,-7.08153e-05,-0.000116839,0.000189099,0.00082172,0.000822842,-0.000102002,0.000122714,0.000516313,0.000501927,0.000431803,7.90853e-05,-3.17949e-05,-0.000174352,-2.33677e-05,-4.27376e-05,2.72529e-05,8.84718e-05,0.000609069,-0.000246897,9.63583e-05,5.0013e-05,-0.000461179,0.000335938,-3.20886e-05,-9.05842e-06,0.00113669,8.3756e-06,-2.20116e-05,-0.000112648,-5.88317e-06,-9.03476e-05,1.08254e-05,-0.000127419,0.000192457,-0.000121788,3.26377e-05,6.05511e-05,6.4659e-05,0.000140012,4.42967e-06,0.000240351,8.65386e-05,6.61934e-05,0.000408074,7.57323e-05,5.78398e-05,-6.59748e-05,-6.81937e-05,2.28891e-05,4.59096e-05,-4.27792e-06,5.06542e-05,0.000331854,2.07431e-05,-0.000255735,-0.000123725,-4.02938e-05,-4.14155e-05,8.21675e-05
0.475992,-0.000118603,0.0011567,-0.000106526,5.59382e-05,7.26373e-06,7.57434e-06,-1.4485e-05,0.000123714,5.91963e-05,-7.02977e-05,-0.00011608,0.000187248,0.000773242,0.000826177,-9.86794e-05,0.000135807,0.000541485,0.000544142,0.000460691,0.000110586,-3.32291e-05,-0.000169262,-3.56146e-05,-3.96209e-05,3.10949e-05,8.34995e-05,0.000552259,-0.00023774,0.000100096,5.07801e-05,-0.000519546,0.000401843,-3.4141e-05,4.71861e-06,0.00119892,-1.74056e-05,-1.89857e-05,-0.000104269,-7.60101e-06,-0.000150121,1.77324e-05,-8.48899e-05,0.000192272,-0.000126623,3.66891e-05,7.11239e-05,6.67133e-05,0.000153212,-4.81295e-06,0.000243348,8.96118e-05,6.75279e-05,0.000412133,8.03885e-05,6.15169e-05,-5.09709e-05,-8.0936e-05,1.14424e-05,4.84226e-05,2.01815e-06,4.87892e-05,0.000319275,1.90564e-05,-0.000330616,-0.000139526,-3.55657e-05,3.28162e-06,1.25488e-05
0.476992,-0.000141269,0.00110943,-0.000103077,5.34426e-05,8.32269e-06,-1.33237e-05,-1.52823e-05,0.000127062,1.84883e-05,-6.92774e-05,-0.000114838,0.000184595,0.00072116,0.00082065,-9.4434e-05,0.000145167,0.00056217,0.000580694,0.000485938,0.000140465,-3.4346e-05,-0.000162697,-4.82228e-05,-3.56741e-05,3.48055e-05,7.8197e-05,0.000493515,-0.000226767,0.000103417,5.13799e-05,-0.000572566,0.000467977,-3.58678e-05,1.88988e-05,0.00125126,-4.19636e-05,-1.58625e-05,-9.58328e-05,-9.17433e-06,-0.000207103,2.4241e-05,-4.26568e-05,0.000190379,-0.000130182,4.05017e-05,8.08677e-05,6.7976e-05,0.000164606,-1.42318e-05,0.000243752,9.21242e-05,6.84966e-05,0.000410779,8.44134e-05,6.4873e-05,-3.59902e-05,-9.33878e-05,6.22903e-07,5.06124e-05,8.348e-06,4.66949e-05,0.000301091,1.73232e-05,-0.000402937,-0.000153664,-3.05204e-05,4.65846e-05,-5.39767e-05
0.477992,-0.000162549,0.00105008,-9.82396e-05,5.08075e-05,9.40526e-06,-3.35583e-05,-1.60318e-05,0.00012948,-2.11722e-05,-6.77759e-05,-0.000113042,0.000181073,0.000665743,0.000805923,-8.92827e-05,0.000150961,0.000578287,0.000610872,0.000507364,0.000168398,-3.51633e-05,-0.000154805,-6.09393e-05,-3.0985e-05,3.83221e-05,7.2581e-05,0.000433136,-0.00021412,0.000106235,5.17773e-05,-0.000620017,0.000533372,-3.72371e-05,3.32883e-05,0.00129353,-6.50957e-05,-1.26733e-05,-8.73641e-05,-1.06043e-05,-0.000261046,3.03312e-05,-9.81878e-07,0.000186728,-0.000132505,4.40324e-05,8.96912e-05,6.8435e-05,0.000174137,-2.37428e-05,0.000241589,9.40384e-05,6.90703e-05,0.000403776,8.7791e-05,6.78431e-05,-2.1125e-05,-0.000105334,-9.58216e-06,5.24639e-05,1.463e-05,4.43726e-05,0.000277627,1.55556e-05,-0.000471615,-0.000166117,-2.52359e-05,8.82296e-05,-0.000116315
0.478992,-0.000182265,0.000978993,-9.20886e-05,4.8e-05,1.05021e-05,-5.29947e-05,-1.67163e-05,0.000130944,-5.95773e-05,-6.58177e-05,-0.000110611,0.000176604,0.000607249,0.00078178,-8.32546e-05,0.000153444,0.000589775,0.000634028,0.000524792,0.00019408,-3.57028e-05,-0.00014575,-7.34923e-05,-2.56588e-05,4.15758e-05,6.666e-05,0.000371408,-0.000199961,0.000108455,5.19299e-05,-0.000661707,0.000596956,-3.82209e-05,4.76785e-05,0.00132559,-8.66342e-05,-9.45065e-06,-7.88711e-05,-1.18947e-05,-0.000311726,3.59892e-05,3.98727e-05,0.000181283,-0.000133642,4.72368e-05,9.75142e-05,6.80902e-05,0.000181764,-3.32553e-05,0.000236914,9.53146e-05,6.92164e-05,0.00039098,9.05038e-05,7.03575e-05,-6.46263e-06,-0.000116551,-1.91874e-05,5.39608e-05,2.07762e-05,4.18225e-05,0.000249315,1.37636e-05,-0.000535585,-0.000176878,-1.97971e-05,0.000127976,-0.000173524
0.479992,-0.000200237,0.000896659,-8.47221e-05,4.49804e-05,1.16001e-05,-7.15059e-05,-1.73155e-05,0.000131432,-9.65369e-05,-6.34291e-05,-0.000107454,0.000171096,0.000545925,0.000748142,-7.63918e-05,0.000152945,0.000596592,0.000649595,0.000538054,0.000217227,-3.599e-05,-0.000135715,-8.55962e-05,-1.98157e-05,4.44934e-05,6.04346e-05,0.000308602,-0.000184465,0.000109969,5.17882e-05,-0.000697476,0.000657566,-3.87955e-05,6.18504e-05,0.00134736,-0.000106449,-6.22749e-06,-7.03501e-05,-1.30518e-05,-0.000358942,4.12076e-05,7.96464e-05,0.000174025,-0.000133662,5.007e-05,0.000104268,6.69538e-05,0.000187459,-4.2673e-05,0.000229815,9.59112e-05,6.8899e-05,0.00037235,9.25328e-05,7.23438e-05,7.91457e-06,-0.000126815,-2.82065e-05,5.50856e-05,2.66936e-05,3.90436e-05,0.00021669,1.19558e-05,-0.000593813,-0.000185963,-1.4294e-05,0.000165604,-0.000224827
0.480992,-0.000216292,0.00080377,-7.62622e-05,4.17037e-05,1.26828e-05,-8.8973e-05,-1.78068e-05,0.000130926,-0.000131878,-6.06389e-05,-0.000103473,0.000164446,0.000482014,0.000705072,-6.87497e-05,0.000149856,0.000598721,0.000657101,0.000546996,0.000237583,-3.60539e-05,-0.000124898,-9.6956e-05,-1.35891e-05,4.69982e-05,5.3898e-05,0.000244981,-0.000167823,0.000110666,5.12976e-05,-0.000727195,0.000713974,-3.8942e-05,7.55784e-05,0.00135875,-0.000124449,-3.03704e-06,-6.17883e-05,-1.40841e-05,-0.000402516,4.59846e-05,0.000118082,0.000164947,-0.000132643,5.2487e-05,0.000109895,6.50498e-05,0.000191208,-5.18946e-05,0.000220409,9.57861e-05,6.80807e-05,0.000347952,9.38571e-05,7.37282e-05,2.1929e-05,-0.000135902,-3.66499e-05,5.58194e-05,3.22853e-05,3.60342e-05,0.000180371,1.01387e-05,-0.000645324,-0.000193401,-8.82113e-06,0.00020092,-0.000269625
0.481992,-0.000230262,0.000701199,-6.68533e-05,3.81214e-05,1.37301e-05,-0.000105286,-1.81657e-05,0.000129408,-0.000165445,-5.74775e-05,-9.8571e-05,0.00015655,0.000415757,0.000652787,-6.03969e-05,0.000144615,0.000596167,0.000656181,0.000551474,0.000254918,-3.59262e-05,-0.000113506,-0.000107274,-7.12277e-06,4.90118e-05,4.70371e-05,0.0001808,-0.000150239,0.000110428,5.03995e-05,-0.000750767,0.000764913,-3.86471e-05,8.86343e-05,0.00135978,-0.000140581,8.75507e-08,-5.31664e-05,-1.50017e-05,-0.000442292,5.03233e-05,0.000154926,0.000154063,-0.000130675,5.44438e-05,0.000114351,6.24133e-05,0.000193012,-6.0815e-05,0.000208842,9.48977e-05,6.67227e-05,0.000317964,9.44546e-05,7.44373e-05,3.55078e-05,-0.000143597,-4.45226e-05,5.6143e-05,3.74522e-05,3.27926e-05,0.000141053,8.31756e-06,-0.000689214,-0.000199237,-3.47571e-06,0.00023375,-0.000307496
0.482992,-0.000241989,0.000589998,-5.66601e-05,3.41846e-05,1.47192e-05,-0.000120343,-1.8366e-05,0.000126867,-0.000197097,-5.39769e-05,-9.26482e-05,0.000147301,0.000347401,0.000591654,-5.14146e-05,0.000137692,0.000588961,0.000646592,0.000551367,0.000269037,-3.56409e-05,-0.000101757,-0.000116256,-5.68211e-07,5.04561e-05,3.98342e-05,0.000116308,-0.000131931,0.000109138,4.90335e-05,-0.000768123,0.000809109,-3.79032e-05,0.000100792,0.00135045,-0.00015483,3.11361e-06,-4.44628e-05,-1.58163e-05,-0.000478133,5.42318e-05,0.000189933,0.000141408,-0.000127858,5.58985e-05,0.000117605,5.90902e-05,0.000192889,-6.93266e-05,0.000195285,9.32064e-05,6.47873e-05,0.000282675,9.43022e-05,7.4401e-05,4.85822e-05,-0.000149696,-5.18234e-05,5.60372e-05,4.20953e-05,2.93176e-05,9.94826e-05,6.49627e-06,-0.000724671,-0.000203528,1.64394e-06,0.000263941,-0.000338193
0.483992,-0.000251327,0.000471381,-4.58646e-05,2.98458e-05,1.56245e-05,-0.000134053,-1.83812e-05,0.000123296,-0.000226709,-5.01703e-05,-8.56126e-05,0.000136595,0.000277204,0.0005222,-4.18964e-05,0.000129573,0.000577157,0.000628221,0.000546578,0.000279778,-3.52335e-05,-8.98706e-05,-0.000123617,5.91883e-06,5.12555e-05,3.22688e-05,5.17581e-05,-0.000113122,0.00010668,4.71392e-05,-0.000779229,0.00084531,-3.67093e-05,0.000111833,0.00133086,-0.000167218,6.00929e-06,-3.5656e-05,-1.65404e-05,-0.000509927,5.77215e-05,0.000222865,0.000127037,-0.000124298,5.68122e-05,0.000119639,5.51359e-05,0.000190867,-7.7321e-05,0.000179934,9.06769e-05,6.22386e-05,0.000242487,9.33767e-05,7.35541e-05,6.10871e-05,-0.000154016,-5.85438e-05,5.54832e-05,4.61173e-05,2.56093e-05,5.64471e-05,4.67774e-06,-0.000750998,-0.000206345,6.44034e-06,0.000291364,-0.000361642
0.484992,-0.000258143,0.000346717,-3.46632e-05,2.50617e-05,1.64187e-05,-0.000146333,-1.81852e-05,0.000118694,-0.000254169,-4.60924e-05,-7.73822e-05,0.000124343,0.000205443,0.000445102,-3.19463e-05,0.000120743,0.000560841,0.000601096,0.00053704,0.000287018,-3.47399e-05,-7.80669e-05,-0.000129091,1.21817e-05,5.13388e-05,2.43199e-05,-1.25944e-05,-9.40443e-05,0.000102948,4.46592e-05,-0.000784082,0.000872324,-3.50709e-05,0.000121548,0.00130115,-0.000177799,8.744e-06,-2.67284e-05,-1.71873e-05,-0.000537579,6.08067e-05,0.000253494,0.000111029,-0.000120106,5.71503e-05,0.000120447,5.06145e-05,0.000186992,-8.46904e-05,0.000163002,8.7279e-05,5.90448e-05,0.00019791,9.1656e-05,7.18394e-05,7.2961e-05,-0.000156396,-6.46678e-05,5.4464e-05,4.94256e-05,2.16701e-05,1.27539e-05,2.86422e-06,-0.000767621,-0.000207766,1.08188e-05,0.000315906,-0.00037793
0.485992,-0.000262327,0.000217503,-2.32628e-05,1.97961e-05,1.70732e-05,-0.000157112,-1.77529e-05,0.000113067,-0.000279376,-4.17787e-05,-6.789e-05,0.000110467,0.000132417,0.000361186,-2.16786e-05,0.00011167,0.000540128,0.000565388,0.000522721,0.000290676,-3.4196e-05,-6.65608e-05,-0.000132434,1.80662e-05,5.06422e-05,1.59687e-05,-7.64838e-05,-7.49315e-05,9.78478e-05,4.15412e-05,-0.000782716,0.000889053,-3.30002e-05,0.000129746,0.00126152,-0.000186655,1.12888e-05,-1.7669e-05,-1.77698e-05,-0.000561016,6.35038e-05,0.000281607,9.34878e-05,-0.000115393,5.68837e-05,0.000120037,4.55968e-05,0.000181324,-9.13297e-05,0.000144723,8.29906e-05,5.518e-05,0.000149552,8.91207e-05,6.92096e-05,8.41455e-05,-0.000156702,-7.01726e-05,5.2965e-05,5.19339e-05,1.75048e-05,-3.07879e-05,1.05766e-06,-0.000774112,-0.000207876,1.46896e-05,0.000337476,-0.000387289
0.486992,-0.000263788,8.53467e-05,-1.18769e-05,1.40224e-05,1.75591e-05,-0.00016633,-1.70618e-05,0.000106432,-0.000302241,-3.72656e-05,-5.70887e-05,9.49153e-05,5.84577e-05,0.000271417,-1.1215e-05,0.00010279,0.000515165,0.00052142,0.00050363,0.000290711,-3.36362e-05,-5.55579e-05,-0.000133438,2.34249e-05,4.91114e-05,7.20172e-06,-0.000139631,-5.60173e-05,9.13006e-05,3.7741e-05,-0.000775201,0.000894531,-3.05165e-05,0.000136254,0.00121225,-0.000193892,1.36168e-05,-8.47598e-06,-1.83005e-05,-0.000580183,6.58299e-05,0.000307004,7.45441e-05,-0.000110274,5.599e-05,0.00011843,4.01599e-05,0.000173939,-9.71379e-05,0.000125344,7.7799e-05,5.06259e-05,9.81131e-05,8.57556e-05,6.56302e-05,9.45844e-05,-0.000154836,-7.50293e-05,5.09751e-05,5.35655e-05,1.31223e-05,-7.33843e-05,-7.39932e-07,-0.000770197,-0.000206763,1.79701e-05,0.000355999,-0.000390081
0.487992,-0.000262465,-4.80629e-05,-7.20878e-07,7.72597e-06,1.78482e-05,-0.000173936,-1.60927e-05,9.88144e-05,-0.000322685,-3.25904e-05,-4.49553e-05,7.76619e-05,-1.60685e-05,0.000176889,-6.84045e-07,9.4496e-05,0.000486138,0.000469663,0.000479826,0.00028713,-3.30927e-05,-4.52496e-05,-0.00013193,2.81198e-05,4.67044e-05,-1.98708e-06,-0.000201739,-3.75312e-05,8.325e-05,3.32248e-05,-0.000761644,0.000887957,-2.76455e-05,0.000140925,0.00115368,-0.000199634,1.57037e-05,8.41262e-07,-1.87908e-05,-0.000595045,6.78023e-05,0.000329502,5.43532e-05,-0.000104859,5.44543e-05,0.00011566,3.4385e-05,0.000164925,-0.000102021,0.000105121,7.1703e-05,4.53738e-05,4.43734e-05,8.15514e-05,6.10817e-05,0.000104224,-0.000150734,-7.92045e-05,4.84875e-05,5.42556e-05,8.53539e-06,-0.000114274,-2.52612e-06,-0.000755769,-0.000204521,2.05871e-05,0.00037142,-0.000386777
0.488992,-0.000258325,-0.000180981,9.99253e-06,9.06582e-07,1.79139e-05,-0.000179892,-1.48304e-05,9.02524e-05,-0.000340635,-2.77907e-05,-3.14957e-05,5.87153e-05,-9.07548e-05,7.88066e-05,9.78197e-06,8.71249e-05,0.000453266,0.000410734,0.000451418,0.000279984,-3.25945e-05,-3.58091e-05,-0.000127783,3.20267e-05,4.33934e-05,-1.15928e-05,-0.00026249,-1.96945e-05,7.3665e-05,2.79718e-05,-0.000742197,0.000868725,-2.44199e-05,0.00014364,0.00108624,-0.000204017,1.75279e-05,1.02603e-05,-1.92504e-05,-0.000605587,6.94371e-05,0.000348941,3.30974e-05,-9.92517e-05,5.22707e-05,0.000111773,2.8356e-05,0.00015439,-0.000105893,8.43187e-05,6.47145e-05,3.94265e-05,-1.08236e-05,7.65065e-05,5.55616e-05,0.000113013,-0.000144374,-8.26616e-05,4.55011e-05,5.39532e-05,3.7622e-06,-0.000152745,-4.29766e-06,-0.000730891,-0.000201239,2.24789e-05,0.000383698,-0.00037794
0.489992,-0.000251367,-0.000311636,2.00581e-05,-6.4199e-06,1.7732e-05,-0.000184174,-1.32655e-05,8.07963e-05,-0.000356027,-2.29049e-05,-1.67476e-05,3.81227e-05,-0.000165151,-2.15299e-05,2.00486e-05,8.09494e-05,0.000416809,0.000345395,0.000418574,0.000269373,-3.21661e-05,-2.73869e-05,-0.000120923,3.50381e-05,3.91673e-05,-2.15974e-05,-0.000321542,-2.71663e-06,6.25446e-05,2.1977e-05,-0.000717052,0.00083646,-2.08786e-05,0.000144311,0.00101047,-0.000207185,1.90713e-05,1.97448e-05,-1.96871e-05,-0.00061181,7.07488e-05,0.000365178,1.09842e-05,-9.35512e-05,4.9443e-05,0.000106828,2.21583e-05,0.000142453,-0.000108678,6.32034e-05,5.68605e-05,3.27996e-05,-6.65854e-05,7.06293e-05,4.90862e-05,0.000120902,-0.000135776,-8.53633e-05,4.20211e-05,5.26241e-05,-1.17377e-06,-0.000188147,-6.05025e-06,-0.000695806,-0.000197009,2.35969e-05,0.000392811,-0.000364199
0.490992,-0.000241627,-0.000438265,2.92832e-05,-1.42199e-05,1.72823e-05,-0.000186767,-1.13946e-05,7.05105e-05,-0.000368803,-1.79716e-05,-7.84436e-07,1.59737e-05,-0.00023876,-0.000122745,2.99817e-05,7.61706e-05,0.000377069,0.000274535,0.000381524,0.000255444,-3.18269e-05,-2.01071e-05,-0.000111329,3.70661e-05,3.40335e-05,-3.19669e-05,-0.000378529,1.32086e-05,4.99207e-05,1.52525e-05,-0.000686447,0.000791035,-1.7066e-05,0.000142885,0.000926961,-0.000209279,2.03194e-05,2.92439e-05,-2.01062e-05,-0.000613737,7.17492e-05,0.000378099,-1.17545e-05,-8.78455e-05,4.59854e-05,0.000100894,1.5877e-05,0.00012925,-0.000110314,4.20411e-05,4.81843e-05,2.55234e-05,-0.000121989,6.39392e-05,4.1692e-05,0.000127843,-0.000125005,-8.72735e-05,3.80601e-05,5.02523e-05,-6.24295e-06,-0.000219906,-7.77816e-06,-0.000650933,-0.000191916,2.3908e-05,0.000398749,-0.000346229
0.491992,-0.000229181,-0.000559139,3.7492e-05,-2.24411e-05,1.65489e-05,-0.000187673,-9.22124e-06,5.94734e-05,-0.000378912,-1.30296e-05,1.62833e-05,-7.59569e-06,-0.000311041,-0.000223411,3.94498e-05,7.29146e-05,0.000334387,0.000199166,0.000340562,0.000238391,-3.15904e-05,-1.40642e-05,-9.90409e-05,3.80453e-05,2.80193e-05,-4.26501e-05,-0.000433059,2.79066e-05,3.58614e-05,7.82986e-06,-0.00065067,0.000732593,-1.30322e-05,0.000139345,0.000836424,-0.000210434,2.12615e-05,3.86924e-05,-2.05104e-05,-0.000611409,7.2447e-05,0.000387612,-3.48641e-05,-8.22118e-05,4.19232e-05,9.4051e-05,9.59576e-06,0.000114928,-0.000110752,2.10937e-05,3.87462e-05,1.76434e-05,-0.000176099,5.6469e-05,3.34367e-05,0.000133791,-0.000112169,-8.83597e-05,3.3639e-05,4.68421e-05,-1.14095e-05,-0.000247531,-9.4741e-06,-0.000596865,-0.00018604,2.33958e-05,0.000401524,-0.000324732
0.492992,-0.000214141,-0.000672597,4.45304e-05,-3.10121e-05,1.55215e-05,-0.000186904,-6.75657e-06,4.77783e-05,-0.00038631,-8.11792e-06,3.43063e-05,-3.24016e-05,-0.000381407,-0.000322072,4.83269e-05,7.12304e-05,0.000289145,0.000120403,0.000296046,0.000218454,-3.1463e-05,-9.32026e-06,-8.41615e-05,3.7935e-05,2.1173e-05,-5.35765e-05,-0.000484714,4.12255e-05,2.04728e-05,-2.38997e-07,-0.000610052,0.000661562,-8.83148e-06,0.000133713,0.000739653,-0.000210774,2.18914e-05,4.80117e-05,-2.08992e-05,-0.000604887,7.2847e-05,0.000393655,-5.80702e-05,-7.67144e-05,3.7293e-05,8.63893e-05,3.39522e-06,9.96526e-05,-0.00010996,6.14563e-07,2.86244e-05,9.22166e-06,-0.000227988,4.82658e-05,2.43995e-05,0.000138703,-9.74215e-05,-8.85952e-05,2.87872e-05,4.2419e-05,-1.66313e-05,-0.000270629,-1.1129e-05,-0.000534365,-0.000179456,2.20619e-05,0.00040116,-0.000300415
0.493992,-0.000196665,-0.000777077,5.02703e-05,-3.98425e-05,1.41961e-05,-0.00018449,-4.01978e-06,3.55333e-05,-0.000390957,-3.27519e-06,5.30964e-05,-5.82112e-05,-0.000449232,-0.000417268,5.64939e-05,7.10917e-05,0.000241767,3.94497e-05,0.000248404,0.000195916,-3.14443e-05,-5.90311e-06,-6.68554e-05,3.67203e-05,1.35646e-05,-6.46558e-05,-0.000533056,5.30388e-05,3.89988e-06,-8.88112e-06,-0.000564977,0.000578656,-4.52207e-06,0.000126049,0.000637538,-0.000210402,2.2207e-05,5.71108e-05,-2.1269e-05,-0.000594252,7.29503e-05,0.000396196,-8.10815e-05,-7.14036e-05,3.21427e-05,7.80072e-05,-2.6479e-06,8.35974e-05,-0.000107922,-1.91539e-05,1.79153e-05,3.36559e-07,-0.000276759,3.93923e-05,1.46812e-05,0.00014254,-8.09583e-05,-8.79615e-05,2.35434e-05,3.70306e-05,-2.18597e-05,-0.000288902,-1.27321e-05,-0.000464352,-0.000172229,1.99263e-05,0.0003977,-0.000273969
0.494992,-0.000176948,-0.000871141,5.46123e-05,-4.88235e-05,1.25756e-05,-0.000180472,-1.03826e-06,2.28605e-05,-0.000392824,1.46015e-06,7.2428e-05,-8.47437e-05,-0.000513855,-0.000507566,6.38419e-05,7.23998e-05,0.000192713,-4.24281e-05,0.000198126,0.000171104,-3.15261e-05,-3.80514e-06,-4.735e-05,3.44135e-05,5.28568e-06,-7.57776e-05,-0.000577628,6.32481e-05,-1.36735e-05,-1.80024e-05,-0.000515876,0.000484877,-1.64861e-07,0.000116454,0.000531054,-0.000209404,2.22109e-05,6.58882e-05,-2.16133e-05,-0.000579606,7.27536e-05,0.000395233,-0.000103594,-6.63148e-05,2.65315e-05,6.90108e-05,-8.46198e-06,6.69491e-05,-0.000104642,-3.79841e-05,6.73288e-06,-8.91706e-06,-0.000321559,2.9927e-05,4.40314e-06,0.000145267,-6.30147e-05,-8.64499e-05,1.79556e-05,3.07471e-05,-2.70405e-05,-0.000302157,-1.42708e-05,-0.00038789,-0.000164417,1.70285e-05,0.000391203,-0.000246059
0.495992,-0.000155228,-0.000953505,5.74897e-05,-5.78295e-05,1.06704e-05,-0.000174908,2.15238e-06,9.89598e-06,-0.000391889,6.05027e-06,9.204e-05,-0.000111673,-0.000574589,-0.000591582,7.02738e-05,7.49898e-05,0.000142479,-0.00012392,0.000145764,0.00014438,-3.16927e-05,-2.98301e-06,-2.59332e-05,3.10544e-05,-3.55125e-06,-8.68123e-05,-0.000617962,7.17847e-05,-3.20258e-05,-2.7488e-05,-0.000463225,0.000381504,4.17739e-06,0.000105067,0.00042126,-0.000207836,2.19106e-05,7.42345e-05,-2.19222e-05,-0.000561073,7.22498e-05,0.000390796,-0.000125295,-6.14684e-05,2.05291e-05,5.95127e-05,-1.39813e-05,4.99032e-05,-0.000100141,-5.56659e-05,-4.79215e-06,-1.84286e-05,-0.000361604,1.99651e-05,-6.29382e-06,0.000146852,-4.38626e-05,-8.40638e-05,1.20809e-05,2.36606e-05,-3.21138e-05,-0.000310302,-1.57306e-05,-0.000306169,-0.00015607,1.34268e-05,0.000381748,-0.000217307
0.496992,-0.000131779,-0.00102306,5.887e-05,-6.67203e-05,8.4985e-06,-0.000167869,5.50863e-06,-3.21233e-06,-0.000388142,1.04582e-05,0.000111639,-0.000138629,-0.00063073,-0.000668007,7.57061e-05,7.86389e-05,9.15926e-05,-0.000203699,9.19264e-05,0.000116137,-3.19208e-05,-3.35831e-06,-2.94948e-06,2.67098e-05,-1.28139e-05,-9.7612e-05,-0.000653583,7.86113e-05,-5.09e-05,-3.72039e-05,-0.000407548,0.000270074,8.44121e-06,9.20617e-05,0.000309285,-0.000205731,2.13178e-05,8.20347e-05,-2.21831e-05,-0.000538798,7.14282e-05,0.000382951,-0.000145869,-5.68696e-05,1.42153e-05,4.96306e-05,-1.91469e-05,3.26631e-05,-9.44618e-05,-7.20095e-05,-1.65135e-05,-2.8073e-05,-0.000396194,9.61743e-06,-1.72516e-05,0.000147271,-2.38051e-05,-8.08192e-05,5.98546e-06,1.58847e-05,-3.70151e-05,-0.000313348,-1.70958e-05,-0.000220488,-0.00014723,9.19818e-06,0.000369432,-0.00018828
0.497992,-0.000106913,-0.00107889,5.87564e-05,-7.53431e-05,6.08569e-06,-0.000159441,8.97957e-06,-1.63058e-05,-0.000381586,1.46482e-05,0.000130906,-0.000165209,-0.000681569,-0.000735639,8.0071e-05,8.30755e-05,4.06048e-05,-0.000280446,3.72714e-05,8.68003e-05,-3.218e-05,-4.81918e-06,2.12058e-05,2.14724e-05,-2.23519e-05,-0.000108013,-0.000684022,8.37221e-05,-7.00077e-05,-4.69984e-05,-0.000349407,0.000152358,1.25635e-05,7.76479e-05,0.000196323,-0.000203089,2.0449e-05,8.91714e-05,-2.23808e-05,-0.000512952,7.02748e-05,0.000371794,-0.000165001,-5.25091e-05,7.67852e-06,3.94855e-05,-2.39067e-05,1.5437e-05,-8.76659e-05,-8.68476e-05,-2.82714e-05,-3.77124e-05,-0.000424729,-9.89723e-07,-2.82972e-05,0.000146505,-3.17107e-06,-7.67467e-05,-2.56234e-07,7.55255e-06,-4.16764e-05,-0.000311404,-1.83495e-05,-0.000132227,-0.00013793,4.43673e-06,0.000354373,-0.000159481
0.498992,-8.09725e-05,-0.0011203,5.71883e-05,-8.35365e-05,3.46539e-06,-0.000149724,1.25077e-05,-2.92175e-05,-0.000372238,1.85859e-05,0.000149499,-0.000190977,-0.000726405,-0.0007934,8.33174e-05,8.79908e-05,-9.91252e-06,-0.000352875,-1.75027e-05,5.68119e-05,-3.24337e-05,-7.22286e-06,4.60931e-05,1.54591e-05,-3.19998e-05,-0.000117839,-0.000708823,8.7143e-05,-8.90333e-05,-5.6705e-05,-0.000289404,3.03274e-05,1.64827e-05,6.20655e-05,8.36136e-05,-0.000199887,1.93248e-05,9.55281e-05,-2.2498e-05,-0.000483728,6.87733e-05,0.000357458,-0.000182387,-4.83642e-05,1.01442e-06,2.92009e-05,-2.82163e-05,-1.56393e-06,-7.98344e-05,-0.000100037,-3.98951e-05,-4.7198e-05,-0.000446723,-1.17165e-05,-3.92463e-05,0.000144545,1.76909e-05,-7.1891e-05,-6.56249e-06,-1.18511e-06,-4.60272e-05,-0.000304668,-1.94737e-05,-4.28274e-05,-0.000128198,-7.47603e-07,0.000336709,-0.00013135
0.499992,-5.43276e-05,-0.00114681,5.42407e-05,-9.11335e-05,6.782e-07,-0.000138833,1.60298e-05,-4.17747e-05,-0.000360132,2.22389e-05,0.000167063,-0.000215479,-0.000764564,-0.000840366,8.54123e-05,9.30509e-05,-5.93765e-05,-0.000419764,-7.1667e-05,2.66303e-05,-3.26396e-05,-1.03991e-05,7.12377e-05,8.8086e-06,-4.15793e-05,-0.000126904,-0.000727555,8.89306e-05,-0.00010764,-6.61455e-05,-0.00022817,-9.38841e-05,2.01399e-05,4.55811e-05,-2.75718e-05,-0.00019607,1.79701e-05,0.000100992,-2.25159e-05,-0.000451347,6.69061e-05,0.000340107,-0.000197735,-4.43998e-05,-5.67549e-06,1.89006e-05,-3.2039e-05,-1.8129e-05,-7.10669e-05,-0.000111462,-5.12058e-05,-5.63735e-05,-0.000461816,-2.24114e-05,-4.99063e-05,0.000141388,3.84202e-05,-6.63119e-05,-1.28454e-05,-1.01625e-05,-4.9996e-05,-0.000293426,-2.04502e-05,4.62389e-05,-0.000118057,-6.23126e-06,0.0003166,-0.000104252
0.500992,-2.73691e-05,-0.00115818,5.00227e-05,-9.7966e-05,-2.22872e-06,-0.000126895,1.94785e-05,-5.3802e-05,-0.000345324,2.55772e-05,0.000183237,-0.000238247,-0.000795409,-0.000875781,8.63413e-05,9.79091e-05,-0.000107201,-0.000479977,-0.000124474,-3.27986e-06,-3.27512e-05,-1.41546e-05,9.61396e-05,1.67823e-06,-5.09039e-05,-0.000135018,-0.000739825,8.91708e-05,-0.000125478,-7.51337e-05,-0.000166362,-0.000218029,2.34799e-05,2.8483e-05,-0.000135948,-0.000191564,1.64131e-05,0.00010546,-2.24146e-05,-0.000416053,6.46549e-05,0.00031994,-0.000210775,-4.05708e-05,-1.22859e-05,8.70745e-06,-3.53457e-05,-3.40507e-05,-6.14803e-05,-0.000121032,-6.202e-05,-6.50775e-05,-0.000469779,-3.29133e-05,-6.00811e-05,0.000137044,5.8651e-05,-6.00831e-05,-1.90125e-05,-1.92022e-05,-5.35119e-05,-0.000278036,-2.12608e-05,0.000133496,-0.000107525,-1.18796e-05,0.000294227,-7.8483e-05
0.501992,-5.02807e-07,-0.00115442,4.4675e-05,-0.000103869,-5.20251e-06,-0.000114048,2.27836e-05,-6.51242e-05,-0.000327891,2.85731e-05,0.000197662,-0.000258816,-0.000818363,-0.000899075,8.6109e-05,0.00010222,-0.000152806,-0.000532489,-0.000175173,-3.2455e-05,-3.2719e-05,-1.82777e-05,0.000120284,-5.75977e-06,-5.97818e-05,-0.000141988,-0.000745288,8.79762e-05,-0.000142189,-8.34797e-05,-0.000104653,-0.000339794,2.64526e-05,1.10758e-05,-0.000240235,-0.000186273,1.46854e-05,0.000108836,-2.21741e-05,-0.000378119,6.20026e-05,0.000297186,-0.000221263,-3.6824e-05,-1.87098e-05,-1.25847e-06,-3.81152e-05,-4.91279e-05,-5.12069e-05,-0.000128686,-7.21534e-05,-7.31475e-05,-0.000470524,-4.30551e-05,-6.95749e-05,0.000131534,7.8021e-05,-5.32916e-05,-2.49683e-05,-2.81189e-05,-5.6506e-05,-0.000258921,-2.18879e-05,0.000217495,-9.66193e-05,-1.755e-05,0.000269795,-5.42704e-05
0.502992,2.58584e-05,-0.00113576,3.83663e-05,-0.000108685,-8.18576e-06,-0.000100442,2.58735e-05,-7.55703e-05,-0.000307936,3.12024e-05,0.00020999,-0.00027673,-0.000832921,-0.000909883,8.47392e-05,0.000105649,-0.000195627,-0.000576411,-0.000223019,-6.04412e-05,-3.2492e-05,-2.25448e-05,0.000143154,-1.33223e-05,-6.80215e-05,-0.00014763,-0.000743664,8.54836e-05,-0.000157419,-9.09947e-05,-4.37239e-05,-0.000456856,2.90134e-05,-6.32614e-06,-0.000339182,-0.000180088,1.28212e-05,0.000111041,-2.17747e-05,-0.000337843,5.8934e-05,0.000272105,-0.000228988,-3.31008e-05,-2.48405e-05,-1.08814e-05,-4.03335e-05,-6.31694e-05,-4.03928e-05,-0.000134391,-8.14249e-05,-8.04234e-05,-0.000464103,-5.26668e-05,-7.81975e-05,0.00012489,9.61784e-05,-4.60366e-05,-3.06164e-05,-3.67231e-05,-5.89138e-05,-0.000236558,-2.2315e-05,0.000296839,-8.53557e-05,-2.3095e-05,0.00024353,-3.17761e-05
0.503992,5.13024e-05,-0.00110267,3.12894e-05,-0.00011227,-1.11177e-05,-8.62378e-05,2.86773e-05,-8.4977e-05,-0.000285589,3.34441e-05,0.000219896,-0.000291555,-0.00083867,-0.000908049,8.22742e-05,0.000107889,-0.000235126,-0.00061101,-0.000267295,-8.68022e-05,-3.20199e-05,-2.67258e-05,0.000164243,-2.082e-05,-7.54356e-05,-0.000151767,-0.000734747,8.18499e-05,-0.000170824,-9.74957e-05,1.57455e-05,-0.000566936,3.11249e-05,-2.34047e-05,-0.000431587,-0.00017289,1.08566e-05,0.000112011,-2.11981e-05,-0.000295549,5.54375e-05,0.000244985,-0.000233778,-2.93394e-05,-3.05742e-05,-2.00514e-05,-4.1994e-05,-7.59969e-05,-2.9195e-05,-0.000138142,-8.96609e-05,-8.67515e-05,-0.000450704,-6.15792e-05,-8.57685e-05,0.00011716,0.000112791,-3.84271e-05,-3.58613e-05,-4.48261e-05,-6.06763e-05,-0.000211464,-2.25276e-05,0.000370215,-7.37538e-05,-2.8366e-05,0.00021568,-1.11029e-05
0.504992,7.54257e-05,-0.00105586,2.36556e-05,-0.000114495,-1.39359e-05,-7.16005e-05,3.11267e-05,-9.31924e-05,-0.000261008,3.52812e-05,0.000227085,-0.000302896,-0.000835306,-0.000893634,7.87743e-05,0.000108669,-0.000270802,-0.000635721,-0.000307322,-0.000111128,-3.12542e-05,-3.05914e-05,0.000183068,-2.80619e-05,-8.18461e-05,-0.000154241,-0.000718417,7.72488e-05,-0.000182079,-0.00010281,7.30871e-05,-0.000667858,3.27569e-05,-3.9845e-05,-0.000516321,-0.000164563,8.82905e-06,0.000111703,-2.04282e-05,-0.000251587,5.15064e-05,0.000216137,-0.000235506,-2.54783e-05,-3.58121e-05,-2.86663e-05,-4.3097e-05,-8.74489e-05,-1.7779e-05,-0.000139964,-9.66995e-05,-9.19888e-05,-0.000430653,-6.96281e-05,-9.21225e-05,0.000108403,0.000127552,-3.05805e-05,-4.06111e-05,-5.22442e-05,-6.17423e-05,-0.000184185,-2.25133e-05,0.000436422,-6.18367e-05,-3.32171e-05,0.000186511,7.69883e-06
0.505992,9.78427e-05,-0.000996229,1.56896e-05,-0.000115254,-1.65774e-05,-5.67031e-05,3.31575e-05,-0.00010008,-0.000234382,3.6701e-05,0.000231301,-0.000310403,-0.000822643,-0.00086692,7.43161e-05,0.00010776,-0.000302201,-0.000650171,-0.000342477,-0.000133045,-3.01505e-05,-3.3919e-05,0.000199179,-3.48609e-05,-8.70891e-05,-0.000154914,-0.000694652,7.18657e-05,-0.00019089,-0.000106783,0.000127655,-0.000757601,3.38876e-05,-5.53425e-05,-0.000592349,-0.000154991,6.77662e-06,0.000110094,-1.94517e-05,-0.000206332,4.71401e-05,0.000185896,-0.000234093,-2.14589e-05,-4.04629e-05,-3.66327e-05,-4.36493e-05,-9.73831e-05,-6.31565e-06,-0.000139905,-0.000102395,-9.60068e-05,-0.0004044,-7.66583e-05,-9.71133e-05,9.8695e-05,0.00014019,-2.26196e-05,-4.47791e-05,-5.88037e-05,-6.20701e-05,-0.000155285,-2.22627e-05,0.000494391,-4.96341e-05,-3.75089e-05,0.000156312,2.46235e-05
0.506992,0.000118193,-0.000924899,7.62293e-06,-0.000114465,-1.89808e-05,-4.17212e-05,3.47119e-05,-0.000105521,-0.000205932,3.76955e-05,0.000232337,-0.000313785,-0.000800633,-0.000828404,6.89919e-05,0.000104991,-0.000328925,-0.000654177,-0.000372206,-0.000152218,-2.86703e-05,-3.65005e-05,0.000212176,-4.10379e-05,-9.10198e-05,-0.000153675,-0.00066354,6.58935e-05,-0.000197,-0.000109278,0.000178837,-0.000834357,3.4504e-05,-6.96095e-05,-0.000658752,-0.000144077,4.73719e-06,0.000107182,-1.82587e-05,-0.000160182,4.23453e-05,0.000154615,-0.000229512,-1.72284e-05,-4.44449e-05,-4.38675e-05,-4.36637e-05,-0.00010568,5.02225e-06,-0.000138042,-0.000106622,-9.86955e-05,-0.000372511,-8.25281e-05,-0.000100618,8.81241e-05,0.000150473,-1.46702e-05,-4.82866e-05,-6.43452e-05,-6.16287e-05,-0.00012533,-2.17698e-05,0.000543212,-3.71833e-05,-4.11123e-05,0.000125385,3.97021e-05
0.507992,0.000136152,-0.000843153,-3.12299e-07,-0.000112075,-2.10879e-05,-2.68319e-05,3.57401e-05,-0.000109421,-0.000175909,3.82613e-05,0.000230044,-0.000312823,-0.000769374,-0.000778789,6.29071e-05,0.000100247,-0.000350645,-0.000647761,-0.000396041,-0.000168366,-2.67828e-05,-3.81477e-05,0.000221719,-4.64276e-05,-9.35163e-05,-0.000150448,-0.00062528,5.95273e-05,-0.000200199,-0.000110186,0.000226064,-0.000896576,3.46021e-05,-8.23822e-05,-0.000714747,-0.000131741,2.7477e-06,0.000102993,-1.6844e-05,-0.000113551,3.71372e-05,0.000122659,-0.00022179,-1.27423e-05,-4.7688e-05,-5.02993e-05,-4.31588e-05,-0.000112245,1.60631e-05,-0.000134475,-0.000109279,-9.99669e-05,-0.000335655,-8.71129e-05,-0.000102543,7.67942e-05,0.000158214,-6.85821e-06,-5.10649e-05,-6.87281e-05,-6.03999e-05,-9.48804e-05,-2.10325e-05,0.000582153,-2.45316e-05,-4.39123e-05,9.40484e-05,5.29937e-05
0.508992,0.000151435,-0.000752434,-7.89004e-06,-0.000108061,-2.28454e-05,-1.22106e-05,3.6202e-05,-0.000111709,-0.000144592,3.84004e-05,0.000224335,-0.000307374,-0.000729114,-0.00071898,5.61783e-05,9.34794e-05,-0.000367103,-0.000631146,-0.000413609,-0.000181259,-2.44662e-05,-3.86991e-05,0.000227535,-5.08824e-05,-9.44845e-05,-0.000145189,-0.000580192,5.29601e-05,-0.00020033,-0.000109427,0.00026882,-0.00094301,3.41872e-05,-9.34265e-05,-0.000759708,-0.000117933,8.43351e-07,9.75733e-05,-1.52069e-05,-6.68751e-05,3.154e-05,9.04045e-05,-0.000211012,-7.96739e-06,-5.01357e-05,-5.5869e-05,-4.21583e-05,-0.000117012,2.66399e-05,-0.000129325,-0.000110292,-9.97584e-05,-0.000294585,-9.03097e-05,-0.000102823,6.48225e-05,0.000163279,6.93063e-07,-5.30572e-05,-7.18349e-05,-5.83788e-05,-6.44779e-05,-2.00526e-05,0.000610675,-1.17372e-05,-4.58114e-05,6.26289e-05,6.4578e-05
0.509992,0.000163807,-0.000654308,-1.48967e-05,-0.000102438,-2.42061e-05,1.97109e-06,3.60689e-05,-0.000112341,-0.000112292,3.81199e-05,0.00021519,-0.000297385,-0.00068026,-0.000650058,4.89313e-05,8.47025e-05,-0.000378127,-0.000604751,-0.000424645,-0.000190732,-2.17095e-05,-3.80252e-05,0.000229432,-5.42768e-05,-9.38607e-05,-0.000137896,-0.000528717,4.63774e-05,-0.000197297,-0.000106953,0.000306653,-0.000972748,3.32735e-05,-0.000102544,-0.000793175,-0.000102637,-9.43066e-07,9.09939e-05,-1.33524e-05,-2.05988e-05,2.5588e-05,5.82317e-05,-0.000197319,-2.88359e-06,-5.17467e-05,-6.05311e-05,-4.06912e-05,-0.000119942,3.65938e-05,-0.000122734,-0.000109618,-9.80355e-05,-0.000250125,-9.20397e-05,-0.000101428,5.2339e-05,0.000165587,7.86593e-06,-5.42206e-05,-7.35747e-05,-5.55753e-05,-3.46369e-05,-1.88367e-05,0.000628443,1.13027e-06,-4.67327e-05,3.14619e-05,7.45473e-05
0.510992,0.000173089,-0.000550445,-2.11374e-05,-9.52497e-05,-2.51311e-05,1.55482e-05,3.53242e-05,-0.000111305,-7.93434e-05,3.74324e-05,0.000202666,-0.000282892,-0.000623377,-0.000573266,4.12983e-05,7.39975e-05,-0.000383631,-0.000569187,-0.000429003,-0.000196684,-1.85135e-05,-3.60327e-05,0.0002273,-5.65114e-05,-9.1615e-05,-0.00012861,-0.000471418,3.99531e-05,-0.000191069,-0.000102754,0.000339186,-0.000985246,3.18846e-05,-0.000109577,-0.000814876,-8.58761e-05,-2.58193e-06,8.33491e-05,-1.12906e-05,2.48236e-05,1.93254e-05,2.65198e-05,-0.000180909,2.51425e-06,-5.24958e-05,-6.42541e-05,-3.87905e-05,-0.000121029,4.57772e-05,-0.000114861,-0.000107246,-9.47937e-05,-0.000203148,-9.22525e-05,-9.83611e-05,3.94851e-05,0.000165111,1.4551e-05,-5.45276e-05,-7.38863e-05,-5.20144e-05,-5.8351e-06,-1.73959e-05,0.000635336,1.39886e-05,-4.66227e-05,8.84858e-07,8.30001e-05
0.511992,0.000179159,-0.000442579,-2.64414e-05,-8.65796e-05,-2.55907e-05,2.8365e-05,3.39649e-05,-0.000108617,-4.61029e-05,3.63556e-05,0.000186889,-0.000264028,-0.000559186,-0.000489985,3.34153e-05,6.15081e-05,-0.000383619,-0.000525241,-0.000426658,-0.00019908,-1.48915e-05,-3.26688e-05,0.000221123,-5.75153e-05,-8.7753e-05,-0.000117413,-0.000408977,3.38451e-05,-0.000181683,-9.68551e-05,0.00036612,-0.000980339,3.00522e-05,-0.000114413,-0.000824727,-6.7717e-05,-4.04738e-06,7.47543e-05,-9.03799e-06,6.89352e-05,1.28067e-05,-4.35817e-06,-0.000162033,8.21499e-06,-5.23753e-05,-6.70209e-05,-3.64935e-05,-0.000120296,5.40571e-05,-0.000105878,-0.000103199,-9.00601e-05,-0.000154555,-9.09272e-05,-9.36638e-05,2.6412e-05,0.000161886,2.06495e-05,-5.39671e-05,-7.27406e-05,-4.77365e-05,2.14938e-05,-1.57459e-05,0.000631448,2.67436e-05,-4.54527e-05,-2.87669e-05,9.00354e-05
0.512992,0.000181963,-0.000332483,-3.06675e-05,-7.65438e-05,-2.55657e-05,4.02775e-05,3.20021e-05,-0.000104328,-1.29457e-05,3.49124e-05,0.000168062,-0.000241025,-0.000488554,-0.000401702,2.54193e-05,4.7437e-05,-0.000378192,-0.00047386,-0.000417712,-0.000197956,-1.08702e-05,-2.79235e-05,0.000210973,-5.7249e-05,-8.23169e-05,-0.000104434,-0.000342184,2.81919e-05,-0.000169246,-8.93223e-05,0.000387243,-0.000958257,2.78162e-05,-0.000116985,-0.000822844,-4.8274e-05,-5.3179e-06,6.53441e-05,-6.61642e-06,0.000111283,6.09604e-06,-3.40407e-05,-0.00014099,1.41905e-05,-5.1395e-05,-6.88289e-05,-3.38413e-05,-0.000117798,6.13175e-05,-9.59678e-05,-9.75339e-05,-8.38941e-05,-0.00010526,-8.8075e-05,-8.74123e-05,1.32785e-05,0.000156001,2.60761e-05,-5.25455e-05,-7.01419e-05,-4.27972e-05,4.69662e-05,-1.3907e-05,0.000617085,3.92896e-05,-4.32212e-05,-5.71651e-05,9.57484e-05
0.513992,0.000181509,-0.000221935,-3.37076e-05,-6.5292e-05,-2.50481e-05,5.11562e-05,2.94608e-05,-9.85175e-05,1.97409e-05,3.31308e-05,0.000146461,-0.000214207,-0.000412485,-0.000309987,1.74461e-05,3.20389e-05,-0.000367543,-0.000416131,-0.000402396,-0.000193416,-6.48926e-06,-2.18307e-05,0.000197019,-5.57055e-05,-7.53857e-05,-8.9843e-05,-0.000271932,2.31092e-05,-0.000153938,-8.02588e-05,0.000402435,-0.000919614,2.52235e-05,-0.000117278,-0.000809541,-2.7709e-05,-6.37673e-06,5.52701e-05,-4.05349e-06,0.000151422,-7.33286e-07,-6.21836e-05,-0.000118126,2.03953e-05,-4.95824e-05,-6.96901e-05,-3.08782e-05,-0.00011362,6.7462e-05,-8.53232e-05,-9.0344e-05,-7.63866e-05,-5.61643e-05,-8.37397e-05,-7.97183e-05,2.48808e-07,0.000147602,3.07602e-05,-5.02872e-05,-6.61291e-05,-3.72668e-05,7.02534e-05,-1.19038e-05,0.000592759,5.15104e-05,-3.99538e-05,-8.39938e-05,0.000100227
0.514992,0.000177872,-0.000112685,-3.54904e-05,-5.30041e-05,-2.40417e-05,6.08877e-05,2.63803e-05,-9.12967e-05,5.15633e-05,3.10432e-05,0.000122429,-0.00018399,-0.000332104,-0.000216456,9.62697e-06,1.56137e-05,-0.000351957,-0.000353253,-0.000381064,-0.000185631,-1.80136e-06,-1.44685e-05,0.000179518,-5.29107e-05,-6.70743e-05,-7.38526e-05,-0.0001992,1.86878e-05,-0.000136003,-6.98057e-05,0.00041167,-0.000865402,2.23272e-05,-0.000115325,-0.000785325,-6.231e-06,-7.21225e-06,4.46973e-05,-1.38198e-06,0.000188927,-7.59987e-06,-8.84657e-05,-9.38263e-05,2.67675e-05,-4.69823e-05,-6.96305e-05,-2.76515e-05,-0.000107877,7.24161e-05,-7.41395e-05,-8.17547e-05,-6.76599e-05,-8.13999e-06,-7.79978e-05,-7.07262e-05,-1.25103e-05,0.000136884,3.46477e-05,-4.72341e-05,-6.07751e-05,-3.12293e-05,9.1085e-05,-9.76475e-06,0.000559178,6.32814e-05,-3.57035e-05,-0.000108955,0.000103549
0.515992,0.000171195,-6.42462e-06,-3.59828e-05,-3.98873e-05,-2.25624e-05,6.93774e-05,2.28133e-05,-8.28053e-05,8.21278e-05,2.86864e-05,9.63717e-05,-0.000150876,-0.000248641,-0.000122742,2.0866e-06,-1.50305e-06,-0.000331805,-0.000286516,-0.00035419,-0.000174836,3.12873e-06,-5.9578e-06,0.000158813,-4.89235e-05,-5.75317e-05,-5.6712e-05,-0.000125038,1.49919e-05,-0.000115753,-5.81389e-05,0.000415017,-0.000796963,1.91853e-05,-0.00011121,-0.000750891,1.59054e-05,-7.81813e-06,3.38012e-05,1.36068e-06,0.000223393,-1.44156e-05,-0.000112594,-6.85063e-05,3.32291e-05,-4.3656e-05,-6.86893e-05,-2.4211e-05,-0.00010071,7.61284e-05,-6.26142e-05,-7.19228e-05,-5.78646e-05,3.79884e-05,-7.09575e-05,-6.06111e-05,-2.48324e-05,0.000124094,3.77023e-05,-4.34455e-05,-5.4186e-05,-2.4781e-05,0.000109251,-7.52201e-06,0.000517227,7.4471e-05,-3.05497e-05,-0.000131773,0.000105783
0.516992,0.000161681,9.52454e-05,-3.51913e-05,-2.61718e-05,-2.06383e-05,7.65506e-05,1.88251e-05,-7.32094e-05,0.000111048,2.61004e-05,6.87483e-05,-0.000115439,-0.000163402,-3.04559e-05,-5.05948e-06,-1.89504e-05,-0.000307542,-0.000217267,-0.000322359,-0.000161323,8.22525e-06,3.5404e-06,0.000135324,-4.38339e-05,-4.69381e-05,-3.87032e-05,-5.05498e-05,1.20584e-05,-9.35559e-05,-4.5466e-05,0.000412642,-0.000715955,1.58599e-05,-0.000105066,-0.00070711,3.84046e-05,-8.19349e-06,2.27637e-05,4.13314e-06,0.000254449,-2.10874e-05,-0.000134308,-4.26049e-05,3.96884e-05,-3.96799e-05,-6.69187e-05,-2.06085e-05,-9.2285e-05,7.85716e-05,-5.09422e-05,-6.10335e-05,-4.71776e-05,8.14611e-05,-6.27572e-05,-4.95744e-05,-3.65542e-05,0.000109518,3.99059e-05,-3.89968e-05,-4.64984e-05,-1.80286e-05,0.000124601,-5.21046e-06,0.000467946,8.49443e-05,-2.45967e-05,-0.000152201,0.000106987
0.517991,0.000149591,0.000190842,-3.31612e-05,-1.21051e-05,-1.83085e-05,8.23542e-05,1.44921e-05,-6.26978e-05,0.000137954,2.33284e-05,4.00632e-05,-7.8317e-05,-7.77507e-05,5.88395e-05,-1.1707e-05,-3.63523e-05,-0.000279692,-0.00014688,-0.000286255,-0.000145438,1.34031e-05,1.38289e-05,0.000109542,-3.77615e-05,-3.55008e-05,-2.01357e-05,2.3132e-05,9.89646e-06,-6.98313e-05,-3.20223e-05,0.000404799,-0.000624313,1.24156e-05,-9.70665e-05,-0.000655009,6.09356e-05,-8.34276e-06,1.17694e-05,6.89102e-06,0.000281761,-2.75188e-05,-0.000153385,-1.65753e-05,4.60417e-05,-3.51435e-05,-6.43819e-05,-1.68974e-05,-8.27892e-05,7.97432e-05,-3.93132e-05,-4.92967e-05,-3.57983e-05,0.000121597,-5.35623e-05,-3.78392e-05,-4.75192e-05,9.34782e-05,4.12589e-05,-3.39782e-05,-3.78771e-05,-1.10873e-05,0.000137048,-2.86719e-06,0.000412512,9.4565e-05,-1.79715e-05,-0.000170025,0.000107209
0.518991,0.000135239,0.000279025,-2.9975e-05,2.05266e-06,-1.56232e-05,8.67576e-05,9.90044e-06,-5.14783e-05,0.000162497,2.0416e-05,1.08539e-05,-4.01983e-05,6.9254e-06,0.000143667,-1.77647e-05,-5.33293e-05,-0.000248843,-7.67293e-05,-0.000246645,-0.000127568,1.85697e-05,2.46796e-05,8.20114e-05,-3.08516e-05,-2.34498e-05,-1.33905e-06,9.48665e-05,8.48909e-06,-4.50399e-05,-1.8065e-05,0.000391832,-0.000524195,8.91782e-06,-8.74294e-05,-0.000595752,8.31394e-05,-8.27556e-06,1.00119e-06,9.5879e-06,0.00030504,-3.36127e-05,-0.000169644,9.12494e-06,5.21765e-05,-3.01481e-05,-6.11525e-05,-1.31321e-05,-7.24263e-05,7.96653e-05,-2.79083e-05,-3.69419e-05,-2.3944e-05,0.000157808,-4.35624e-05,-2.56454e-05,-5.75805e-05,7.63248e-05,4.17796e-05,-2.84929e-05,-2.85108e-05,-4.07828e-06,0.00014656,-5.30668e-07,0.000352205,0.0001032,-1.08204e-05,-0.000185069,0.000106492
0.519991,0.000118985,0.000358623,-2.57496e-05,1.60358e-05,-1.26418e-05,8.97528e-05,5.14346e-06,-3.97732e-05,0.000184358,1.741e-05,-1.83218e-05,-1.8025e-06,8.92399e-05,0.000222666,-2.3156e-05,-6.95094e-05,-0.00021563,-8.15204e-06,-0.000204365,-0.000108139,2.36275e-05,3.58396e-05,5.33225e-05,-2.32718e-05,-1.10324e-05,1.73445e-05,0.00016353,7.79416e-06,-1.9673e-05,-3.86741e-06,0.000374162,-0.000417929,5.43215e-06,-7.64056e-05,-0.000530616,0.000104637,-8.0063e-06,-9.36326e-06,1.21765e-05,0.00032405,-3.92732e-05,-0.000182949,3.40441e-05,5.7974e-05,-2.48036e-05,-5.73125e-05,-9.36701e-06,-6.14135e-05,7.83836e-05,-1.68972e-05,-2.42137e-05,-1.1845e-05,0.000189605,-3.29663e-05,-1.32436e-05,-6.66041e-05,5.84267e-05,4.15036e-05,-2.26544e-05,-1.86078e-05,2.87398e-06,0.000153163,1.7601e-06,0.000288379,0.000110722,-3.30519e-06,-0.000197198,0.000104872
0.520991,0.000101225,0.000428653,-2.06325e-05,2.95792e-05,-9.43181e-06,9.13552e-05,3.1982e-07,-2.78142e-05,0.000203257,1.43579e-05,-4.68991e-05,3.61339e-05,0.000167841,0.000294614,-2.78202e-05,-8.45389e-05,-0.000180727,5.7577e-05,-0.000160299,-8.75982e-05,2.84761e-05,4.70385e-05,2.40926e-05,-1.52074e-05,1.49308e-06,3.55681e-05,0.000228039,7.74706e-06,5.75948e-06,1.02875e-05,0.000352282,-0.000307947,2.02231e-06,-6.42747e-05,-0.000460965,0.000125042,-7.55377e-06,-1.91559e-05,1.46099e-05,0.000338613,-4.44083e-05,-0.00019321,5.77461e-05,6.33135e-05,-1.92262e-05,-5.29509e-05,-5.6565e-06,-4.99762e-05,7.59665e-05,-6.43563e-06,-1.13656e-05,2.60388e-07,0.00021661,-2.19975e-05,-8.88999e-07,-7.4472e-05,4.01638e-05,4.04826e-05,-1.65841e-05,-8.3903e-06,9.64466e-06,0.000156932,3.96648e-06,0.000222434,0.000117013,4.4005e-06,-0.000206321,0.000102385
0.521991,8.23795e-05,0.000488333,-1.47964e-05,4.24246e-05,-6.06702e-06,9.16024e-05,-4.46917e-06,-1.58368e-05,0.000218959,1.1307e-05,-7.43201e-05,7.28767e-05,0.00024144,0.00035846,-3.17134e-05,-9.80927e-05,-0.000144827,0.000119275,-0.000115358,-6.64095e-05,3.30155e-05,5.79961e-05,-5.04869e-06,-6.85624e-06,1.38639e-05,5.29892e-05,0.00028738,8.26366e-06,3.07415e-05,2.41144e-05,0.000326747,-0.000196723,-1.25098e-06,-5.13377e-05,-0.000388217,0.000143967,-6.94057e-06,-2.82219e-05,1.68425e-05,0.000348614,-4.8932e-05,-0.000200388,7.98206e-05,6.80756e-05,-1.35358e-05,-4.81619e-05,-2.05351e-06,-3.83428e-05,7.25031e-05,3.33745e-06,1.34591e-06,1.21325e-05,0.000238557,-1.08886e-05,1.11652e-05,-8.10849e-05,2.19168e-05,3.87825e-05,-1.04086e-05,1.91086e-06,1.61114e-05,0.000157993,6.05113e-06,0.000155778,0.000121969,1.21164e-05,-0.000212394,9.90657e-05
0.522991,6.28875e-05,0.000537096,-8.43396e-06,5.43279e-05,-2.62546e-06,9.05536e-05,-9.12217e-06,-4.07501e-06,0.000231279,8.30337e-06,-0.000100048,0.000107712,0.000308845,0.000413337,-3.48084e-05,-0.000109883,-0.000108629,0.000175879,-7.04586e-05,-4.50393e-05,3.71487e-05,6.84309e-05,-3.34755e-05,1.57709e-06,2.58193e-05,6.92779e-05,0.000340628,9.24393e-06,5.47642e-05,3.7333e-05,0.000298156,-8.67109e-05,-4.33131e-06,-3.79091e-05,-0.000313817,0.000161038,-6.19239e-06,-3.64229e-05,1.88319e-05,0.000354004,-5.27674e-05,-0.000204493,9.98929e-05,7.2146e-05,-7.85241e-06,-4.30428e-05,1.39096e-06,-2.67405e-05,6.8101e-05,1.23014e-05,1.36679e-05,2.35357e-05,0.000255292,1.24685e-07,2.26743e-05,-8.63645e-05,4.05879e-06,3.64814e-05,-4.2561e-06,1.20626e-05,2.21575e-05,0.00015651,7.97894e-06,8.97964e-05,0.000125505,1.96605e-05,-0.000215424,9.4955e-05
0.523991,4.31922e-05,0.000574595,-1.75114e-06,6.50651e-05,8.12654e-07,8.82885e-05,-1.35405e-05,7.24436e-06,0.000240088,5.39109e-06,-0.000123582,0.000139966,0.000368985,0.000458585,-3.70954e-05,-0.000119669,-7.28221e-05,0.000226463,-2.65029e-05,-2.39464e-05,4.07845e-05,7.80686e-05,-6.05828e-05,9.88665e-06,3.71078e-05,8.41261e-05,0.000386972,1.0576e-05,7.73394e-05,4.96754e-05,0.000267149,1.97273e-05,-7.16779e-06,-2.43085e-05,-0.0002392,0.000175905,-5.33731e-06,-4.36405e-05,2.05395e-05,0.000354804,-5.58483e-05,-0.000205582,0.000117632,7.54199e-05,-2.29378e-06,-3.76924e-05,4.62883e-06,-1.53895e-05,6.28831e-05,2.03558e-05,2.53572e-05,3.42447e-05,0.000266778,1.08095e-05,3.34079e-05,-9.02557e-05,-1.30541e-05,3.36673e-05,1.74656e-06,2.18359e-05,2.76745e-05,0.000152686,9.71784e-06,2.58199e-05,0.000127554,2.68539e-05,-0.000215463,9.00992e-05
0.524991,2.37309e-05,0.00060071,5.03955e-06,7.44379e-05,4.16722e-06,8.4905e-05,-1.76308e-05,1.79074e-05,0.000245317,2.61147e-06,-0.00014447,0.00016902,0.000420939,0.000493757,-3.85813e-05,-0.000127259,-3.80705e-05,0.000270264,1.56459e-05,-3.57035e-06,4.38404e-05,8.66507e-05,-8.58022e-05,1.78712e-05,4.74939e-05,9.72554e-05,0.000425736,1.21404e-05,9.80122e-05,6.0893e-05,0.000234383,0.000120377,-9.71611e-06,-1.08526e-05,-0.000165764,0.000188254,-4.40492e-06,-4.97783e-05,2.1932e-05,0.000351108,-5.81217e-05,-0.000203765,0.000132759,7.78054e-05,3.02782e-06,-3.22088e-05,7.61582e-06,-4.49832e-06,5.69853e-05,2.74217e-05,3.61865e-05,4.40503e-05,0.000273086,2.0942e-05,4.31567e-05,-9.27279e-05,-2.90914e-05,3.04357e-05,7.47713e-06,3.10117e-05,3.25653e-05,0.000146751,1.12397e-05,-3.49079e-05,0.000128073,3.35259e-05,-0.000212613,8.45532e-05
0.525991,4.92375e-06,0.00061554,1.1726e-05,8.22795e-05,7.3605e-06,8.05173e-05,-2.13076e-05,2.77181e-05,0.00024696,2.0991e-09,-0.000162319,0.00019433,0.000463959,0.000518627,-3.92888e-05,-0.000132522,-4.99668e-06,0.000306691,5.51833e-05,1.56785e-05,4.62454e-05,9.39422e-05,-0.000108617,2.534e-05,5.67639e-05,0.000108425,0.000456395,1.38146e-05,0.000116373,7.07638e-05,0.000200525,0.00021323,-1.19394e-05,2.15353e-06,-9.48355e-05,0.000197817,-3.42555e-06,-5.47642e-05,2.29822e-05,0.000343081,-5.95494e-05,-0.000199194,0.000145053,7.92269e-05,8.00832e-06,-2.6688e-05,1.03123e-05,5.74056e-06,5.05523e-05,3.34422e-05,4.59503e-05,5.27649e-05,0.000274389,3.03133e-05,5.17373e-05,-9.37766e-05,-4.37555e-05,2.68868e-05,1.28212e-05,3.93873e-05,3.67465e-05,0.000138962,1.2521e-05,-9.12578e-05,0.000127045,3.95195e-05,-0.000207023,7.83824e-05
0.526991,-1.28368e-05,0.000619396,1.81033e-05,8.8459e-05,1.03193e-05,7.52532e-05,-2.44959e-05,3.65034e-05,0.000245075,-2.40373e-06,-0.00017681,0.000215439,0.000497487,0.000533192,-3.92557e-05,-0.000135384,2.58318e-05,0.000335338,9.13833e-05,3.34293e-05,4.7942e-05,9.974e-05,-0.000128577,3.21181e-05,6.47328e-05,0.000117439,0.000478591,1.54778e-05,0.000132071,7.9098e-05,0.000166234,0.000296534,-1.38091e-05,1.44242e-05,-2.76425e-05,0.000204379,-2.42933e-06,-5.85516e-05,2.367e-05,0.000330955,-6.01096e-05,-0.000192065,0.000154359,7.96285e-05,1.25544e-05,-2.12214e-05,1.26843e-05,1.51553e-05,4.37344e-05,3.83828e-05,5.44704e-05,6.02277e-05,0.000270954,3.8735e-05,5.89971e-05,-9.3423e-05,-5.67893e-05,2.31226e-05,1.76752e-05,4.67819e-05,4.01509e-05,0.000129591,1.35434e-05,-0.000142241,0.000124482,4.46951e-05,-0.000198884,7.16635e-05
0.527991,-2.91959e-05,0.000612793,2.39808e-05,9.28846e-05,1.29774e-05,6.92513e-05,-2.71329e-05,4.41176e-05,0.000239786,-4.57771e-06,-0.000187702,0.000231991,0.000521171,0.000537666,-3.85331e-05,-0.000135833,5.39148e-05,0.000355987,0.000123616,4.9359e-05,4.88887e-05,0.000103879,-0.000145309,3.80514e-05,7.12483e-05,0.000124149,0.00049214,1.70147e-05,0.000144818,8.57436e-05,0.00013215,0.000368834,-1.5305e-05,2.57004e-05,3.47144e-05,0.000207793,-1.44538e-06,-6.11205e-05,2.39834e-05,0.000315032,-5.97978e-05,-0.000182615,0.000160586,7.8976e-05,1.65856e-05,-1.58951e-05,1.47039e-05,2.35982e-05,3.66838e-05,4.22317e-05,6.16002e-05,6.63089e-05,0.000263136,4.60445e-05,6.48182e-05,-9.17146e-05,-6.79815e-05,1.92443e-05,2.1949e-05,5.30413e-05,4.27286e-05,0.000118921,1.42945e-05,-0.000187029,0.000120423,4.89351e-05,-0.000188429,6.44842e-05
0.528991,-4.38449e-05,0.000596433,2.91874e-05,9.55062e-05,1.52768e-05,6.26579e-05,-2.917e-05,5.04452e-05,0.000231276,-6.49699e-06,-0.000194843,0.000243741,0.000534873,0.00053247,-3.71837e-05,-0.000133919,7.88311e-05,0.000368612,0.000151363,6.31999e-05,4.90612e-05,0.000106237,-0.000158527,4.3011e-05,7.61957e-05,0.000128464,0.000497042,1.83201e-05,0.000154404,9.05906e-05,9.88746e-05,0.000429008,-1.64163e-05,3.57568e-05,9.12839e-05,0.000207976,-5.01027e-07,-6.24771e-05,2.39184e-05,0.000295673,-5.86277e-05,-0.00017111,0.000163715,7.72595e-05,2.00365e-05,-1.07874e-05,1.63505e-05,3.09488e-05,2.95508e-05,4.49983e-05,6.72288e-05,7.0913e-05,0.000251357,5.21093e-05,6.91203e-05,-8.87236e-05,-7.71713e-05,1.53497e-05,2.55683e-05,5.80427e-05,4.44492e-05,0.00010724,1.47676e-05,-0.000224974,0.000114937,5.21473e-05,-0.000175926,5.69433e-05
0.529991,-5.6529e-05,0.000571179,3.35777e-05,9.63168e-05,1.71702e-05,5.56238e-05,-3.05744e-05,5.54045e-05,0.000219791,-8.14456e-06,-0.000198172,0.00025056,0.000538673,0.000518214,-3.52802e-05,-0.000129746,0.000100247,0.00037337,0.000174228,7.47452e-05,4.84538e-05,0.00010674,-0.000168039,4.6897e-05,7.95011e-05,0.000130347,0.000493478,1.93022e-05,0.000160697,9.35742e-05,6.69659e-05,0.000476282,-1.71407e-05,4.44068e-05,0.000141284,0.000204925,3.78991e-07,-6.26535e-05,2.34798e-05,0.000273297,-5.66309e-05,-0.000157848,0.000163794,7.44939e-05,2.2858e-05,-5.96853e-06,1.76108e-05,3.71162e-05,2.24805e-05,4.67131e-05,7.12833e-05,7.39817e-05,0.000236103,5.68302e-05,7.18622e-05,-8.45462e-05,-8.42515e-05,1.15309e-05,2.84765e-05,6.16975e-05,4.5302e-05,9.48333e-05,1.49626e-05,-0.000255614,0.000108122,5.42678e-05,-0.000161671,4.91492e-05
0.530991,-6.70528e-05,0.000538039,3.70358e-05,9.53524e-05,1.86219e-05,4.8301e-05,-3.13296e-05,5.89486e-05,0.000205627,-9.50947e-06,-0.000197718,0.00025244,0.000532865,0.000495685,-3.29026e-05,-0.000123477,0.000117921,0.000370595,0.000191947,8.38533e-05,4.70796e-05,0.000105366,-0.000173751,4.96405e-05,8.11326e-05,0.000129821,0.000481808,1.98858e-05,0.000163649,9.46761e-05,3.69223e-05,0.000510251,-1.74852e-05,5.15075e-05,0.000184115,0.000198711,1.17312e-06,-6.17062e-05,2.26808e-05,0.000248366,-5.38568e-05,-0.000143147,0.00016094,7.07199e-05,2.5018e-05,-1.49885e-06,1.84796e-05,4.20406e-05,1.56091e-05,4.74254e-05,7.37309e-05,7.54951e-05,0.000217902,6.01444e-05,7.30426e-05,-7.92998e-05,-8.91699e-05,7.87158e-06,3.06361e-05,6.39542e-05,4.52968e-05,8.19815e-05,1.48855e-05,-0.000278688,0.000100103,5.52622e-05,-0.000145986,4.12175e-05
0.531991,-7.52846e-05,0.000498136,3.9479e-05,9.26911e-05,1.96089e-05,4.08393e-05,-3.14361e-05,6.10664e-05,0.000189131,-1.05869e-05,-0.000193606,0.000249493,0.000517952,0.000465816,-3.01366e-05,-0.00011532,0.000131713,0.000360782,0.000204391,9.04498e-05,4.49709e-05,0.000102142,-0.000175672,5.12062e-05,8.11019e-05,0.000126966,0.000462561,2.00149e-05,0.000163296,9.39256e-05,9.17553e-06,0.00053087,-1.74647e-05,5.69624e-05,0.000219373,0.00018948,1.86353e-06,-5.97146e-05,2.15431e-05,0.000221385,-5.03716e-05,-0.00012734,0.000155332,6.60034e-05,2.65024e-05,2.57157e-06,1.89597e-05,4.56942e-05,9.06126e-06,4.72021e-05,7.45795e-05,7.5472e-05,0.000197315,6.20267e-05,7.26998e-05,-7.3121e-05,-9.19297e-05,4.44574e-06,3.20297e-05,6.47991e-05,4.4463e-05,6.89522e-05,1.45482e-05,-0.000294129,9.10297e-05,5.51273e-05,-0.000129207,3.32692e-05
0.532991,-8.1158e-05,0.000452678,4.08596e-05,8.845e-05,2.01216e-05,3.33833e-05,-3.09111e-05,6.17826e-05,0.000170689,-1.13782e-05,-0.000186047,0.00024195,0.000494629,0.00042966,-2.70706e-05,-0.000105525,0.000141579,0.000344569,0.000211568,9.45277e-05,4.21783e-05,9.71498e-05,-0.000173907,5.15923e-05,7.9463e-05,0.000121916,0.000436423,1.96539e-05,0.000159758,9.1398e-05,-1.59178e-05,0.000538449,-1.71024e-05,6.07232e-05,0.00024685,0.000177454,2.43656e-06,-5.67779e-05,2.00962e-05,0.000192884,-4.62565e-05,-0.000110767,0.000147211,6.04339e-05,2.73146e-05,6.20359e-06,1.90619e-05,4.80806e-05,2.94717e-06,4.61248e-05,7.38765e-05,7.39692e-05,0.000174919,6.24898e-05,7.09092e-05,-6.61619e-05,-9.25873e-05,1.31578e-06,3.26597e-05,6.42566e-05,4.28493e-05,5.59966e-05,1.39685e-05,-0.000302065,8.10748e-05,5.38905e-05,-0.000111681,2.54271e-05
0.533991,-8.46727e-05,0.000402929,4.11659e-05,8.27827e-05,2.01637e-05,2.60695e-05,-2.9788e-05,6.11559e-05,0.000150717,-1.18905e-05,-0.000175331,0.000230148,0.000463766,0.000388364,-2.3794e-05,-9.43754e-05,0.000147571,0.000322719,0.000213618,9.61456e-05,3.87697e-05,9.05165e-05,-0.000168653,5.08303e-05,7.63108e-05,0.000114858,0.000404217,1.87888e-05,0.000153234,8.72124e-05,-3.80813e-05,0.00053363,-1.6428e-05,6.27899e-05,0.000266532,0.000162923,2.88293e-06,-5.30129e-05,1.83766e-05,0.000163409,-4.16065e-05,-9.37682e-05,0.000136865,5.41231e-05,2.74754e-05,9.36929e-06,1.8805e-05,4.9234e-05,-2.63951e-06,4.42881e-05,7.17075e-05,7.10797e-05,0.000151292,6.15834e-05,6.77811e-05,-5.85866e-05,-9.12501e-05,-1.46848e-06,3.25485e-05,6.23881e-05,4.05218e-05,4.33458e-05,1.31693e-05,-0.000302805,7.0429e-05,5.16094e-05,-9.37563e-05,1.78126e-05
0.534991,-8.5892e-05,0.000350178,4.04216e-05,7.58736e-05,1.97523e-05,1.90231e-05,-2.81155e-05,5.92768e-05,0.000129653,-1.21364e-05,-0.000161824,0.000214526,0.000426378,0.000343134,-2.03946e-05,-8.21786e-05,0.000149836,0.00029609,0.00021081,9.54239e-05,3.4828e-05,8.24166e-05,-0.000160197,4.89835e-05,7.17773e-05,0.000106023,0.000366882,1.74271e-05,0.000143993,8.15279e-05,-5.71216e-05,0.000517354,-1.54774e-05,6.32094e-05,0.000278597,0.000146236,3.1979e-06,-4.855e-05,1.64272e-05,0.000133513,-3.65273e-05,-7.66779e-05,0.000124626,4.72018e-05,2.70213e-05,1.20519e-05,1.82152e-05,4.92174e-05,-7.62327e-06,4.17961e-05,6.81928e-05,6.69293e-05,0.000127005,5.93926e-05,6.34568e-05,-5.05676e-05,-8.80715e-05,-3.8705e-06,3.17371e-05,5.92895e-05,3.75625e-05,3.12074e-05,1.2178e-05,-0.000296829,5.92972e-05,4.83689e-05,-7.57748e-05,1.05425e-05
0.535991,-8.49391e-05,0.00029571,3.86842e-05,6.7933e-05,1.89168e-05,1.23563e-05,-2.59556e-05,5.62646e-05,0.000107946,-1.21336e-05,-0.000145953,0.000195606,0.000383605,0.000295204,-1.69567e-05,-6.92571e-05,0.000148607,0.000265614,0.000203524,9.25399e-05,3.04495e-05,7.30635e-05,-0.000148899,4.61443e-05,6.60279e-05,9.5682e-05,0.000325448,1.5597e-05,0.00013237,7.45385e-05,-7.29296e-05,0.000490823,-1.42913e-05,6.20729e-05,0.000283399,0.000127797,3.3812e-06,-4.35296e-05,1.42955e-05,0.000103739,-3.1133e-05,-5.98148e-05,0.000110862,3.98161e-05,2.60034e-05,1.42457e-05,1.7325e-05,4.81194e-05,-1.19479e-05,3.876e-05,6.34838e-05,6.16729e-05,0.000102601,5.60341e-05,5.81031e-05,-4.22811e-05,-8.3245e-05,-5.86727e-06,3.02838e-05,5.50881e-05,3.40665e-05,1.97627e-05,1.10258e-05,-0.000284763,4.78934e-05,4.42793e-05,-5.80654e-05,3.72534e-06
0.536991,-8.19915e-05,0.000240772,3.60421e-05,5.91905e-05,1.76981e-05,6.16586e-06,-2.33817e-05,5.2263e-05,8.60444e-05,-1.19041e-05,-0.00012819,0.000173983,0.000336673,0.000245802,-1.35591e-05,-5.59384e-05,0.000144189,0.000232266,0.000192243,8.772e-05,2.57407e-05,6.27037e-05,-0.000135183,4.24311e-05,5.92556e-05,8.41372e-05,0.000281005,1.33458e-05,0.000118752,6.64671e-05,-8.54788e-05,0.000455454,-1.2914e-05,5.95113e-05,0.000281453,0.000108049,3.43686e-06,-3.80985e-05,1.2033e-05,7.46127e-05,-2.55429e-05,-4.34776e-05,9.596e-05,3.2124e-05,2.44855e-05,1.59552e-05,1.61729e-05,4.60516e-05,-1.5577e-05,3.5295e-05,5.77579e-05,5.54893e-05,7.85909e-05,5.16529e-05,5.19077e-05,-3.39031e-05,-7.69981e-05,-7.44914e-06,2.82619e-05,4.99378e-05,3.01393e-05,9.16523e-06,9.74671e-06,-0.000267359,3.64352e-05,3.94718e-05,-4.09365e-05,-2.5419e-06
0.537991,-7.7274e-05,0.000186547,3.26103e-05,4.98883e-05,1.61469e-05,5.31638e-07,-2.04763e-05,4.74353e-05,6.43858e-05,-1.14735e-05,-0.000109045,0.0001503,0.000286862,0.000196122,-1.02734e-05,-4.25459e-05,0.000136957,0.000197038,0.000177533,8.12315e-05,2.0815e-05,5.16085e-05,-0.000119523,3.79833e-05,5.1675e-05,7.17115e-05,0.000234679,1.07377e-05,0.000103567,5.75583e-05,-9.48213e-05,0.000412824,-1.1392e-05,5.56905e-05,0.000273411,8.74601e-05,3.37288e-06,-3.24055e-05,9.69309e-06,4.66273e-05,-1.98786e-05,-2.79378e-05,8.03222e-05,2.42901e-05,2.25413e-05,1.71948e-05,1.4802e-05,4.31438e-05,-1.84938e-05,3.15175e-05,5.12124e-05,4.85755e-05,5.54415e-05,4.64166e-05,4.50725e-05,-2.56048e-05,-6.95838e-05,-8.6192e-06,2.57571e-05,4.40142e-05,2.58937e-05,-4.61122e-07,8.37654e-06,-0.000245467,2.51385e-05,3.40948e-05,-2.46698e-05,-8.17659e-06
0.538991,-7.10493e-05,0.000134127,2.85259e-05,4.02737e-05,1.43219e-05,-4.48427e-06,-1.73284e-05,4.19592e-05,4.33858e-05,-1.08704e-05,-8.90433e-05,0.000125231,0.000235468,0.00014729,-7.16269e-06,-2.93893e-05,0.000127333,0.00016091,0.000160024,7.33734e-05,1.57898e-05,4.00655e-05,-0.000102427,3.29569e-05,4.3515e-05,5.874e-05,0.000187593,7.8507e-06,8.72699e-05,4.80709e-05,-0.000101082,0.000364618,-9.77259e-06,5.08042e-05,0.000260043,6.65149e-05,3.20077e-06,-2.65976e-05,7.32997e-06,2.02343e-05,-1.42603e-05,-1.34351e-05,6.43495e-05,1.64816e-05,2.02525e-05,1.79876e-05,1.32587e-05,3.95403e-05,-2.07007e-05,2.75421e-05,4.40589e-05,4.11408e-05,3.35651e-05,4.05102e-05,3.78071e-05,-1.75487e-05,-6.12728e-05,-9.39232e-06,2.28648e-05,3.75084e-05,2.14464e-05,-9.02213e-06,6.95193e-06,-0.000220008,1.42117e-05,2.83084e-05,-9.5141e-06,-1.3113e-05
0.539991,-6.36088e-05,8.44927e-05,2.3942e-05,3.05922e-05,1.22878e-05,-8.83819e-06,-1.40303e-05,3.60208e-05,2.34282e-05,-1.01252e-05,-6.87134e-05,9.9464e-05,0.000183771,0.000100341,-4.28032e-06,-1.67564e-05,0.000115777,0.000124822,0.000140388,6.44653e-05,1.07825e-05,2.83691e-05,-8.44194e-05,2.75187e-05,3.5012e-05,4.55597e-05,0.000140845,4.77318e-06,7.0327e-05,3.82695e-05,-0.000104451,0.000312569,-8.10287e-06,4.50671e-05,0.000242202,4.56955e-05,2.93496e-06,-2.08162e-05,4.99686e-06,-4.16691e-06,-8.80358e-06,-1.72518e-07,4.84328e-05,8.86246e-06,1.77055e-05,1.83644e-05,1.15914e-05,3.53945e-05,-2.22178e-05,2.34787e-05,3.65156e-05,3.33999e-05,1.33154e-05,3.41298e-05,3.03227e-05,-9.88463e-06,-5.23448e-05,-9.79384e-06,1.96867e-05,3.06211e-05,1.69147e-05,-1.64534e-05,5.50925e-06,-0.000191939,3.85043e-06,2.22792e-05,4.31889e-06,-1.73039e-05
0.540991,-5.52624e-05,3.84901e-05,1.90223e-05,2.10799e-05,1.01128e-05,-1.25049e-05,-1.06749e-05,2.9809e-05,4.85557e-06,-9.26956e-06,-4.85705e-05,7.36734e-05,0.000132995,5.61946e-05,-1.6693e-06,-4.90569e-06,0.000102772,8.96534e-05,0.000119319,5.48375e-05,5.90714e-06,1.6811e-05,-6.6024e-05,2.18407e-05,2.6402e-05,3.24996e-05,9.54715e-05,1.60022e-06,5.3204e-05,2.84166e-05,-0.000105175,0.000258404,-6.42802e-06,3.87074e-05,0.000220801,2.54687e-05,2.59217e-06,-1.51933e-05,2.74449e-06,-2.62376e-05,-3.6165e-06,1.16866e-05,3.29418e-05,1.58912e-06,1.49887e-05,1.83624e-05,9.84927e-06,3.08642e-05,-2.30816e-05,1.94306e-05,2.88014e-05,2.55665e-05,-5.01863e-06,2.74757e-05,2.28252e-05,-2.74599e-06,-4.30796e-05,-9.85796e-06,1.63275e-05,2.35553e-05,1.24127e-05,-2.27197e-05,4.08363e-06,-0.000162231,-5.76814e-06,1.61752e-05,1.66587e-05,-2.07222e-05
0.541991,-4.63267e-05,-3.18082e-06,1.39339e-05,1.19571e-05,7.8664e-06,-1.5477e-05,-7.35281e-06,2.35093e-05,-1.2038e-05,-8.33512e-06,-2.91008e-05,4.85045e-05,8.42777e-05,1.5634e-05,6.38187e-07,5.94033e-06,8.88049e-05,5.61973e-05,9.75056e-05,4.48194e-05,1.27094e-06,5.67049e-06,-4.77497e-05,1.60941e-05,1.79134e-05,1.98706e-05,5.24233e-05,-1.57055e-06,3.63496e-05,1.87645e-05,-0.000103546,0.000203788,-4.79032e-06,3.19579e-05,0.000196778,6.27142e-06,2.1907e-06,-9.84852e-06,6.19699e-07,-4.57066e-05,1.20356e-06,2.20211e-05,1.82149e-05,-5.19453e-06,1.219e-05,1.80237e-05,8.0804e-06,2.61067e-05,-2.33423e-05,1.54917e-05,2.11284e-05,1.78464e-05,-2.1215e-05,2.07465e-05,1.55093e-05,3.75292e-06,-3.37487e-05,-9.62595e-06,1.28915e-05,1.65103e-05,8.04846e-06,-2.78135e-05,2.70791e-06,-0.000131828,-1.44895e-05,1.01599e-05,2.73785e-05,-2.33607e-05
0.542991,-3.71154e-05,-3.99783e-05,8.84183e-06,3.42174e-06,5.617e-06,-1.77642e-05,-4.14913e-06,1.72983e-05,-2.70138e-05,-7.35296e-06,-1.07474e-05,2.45526e-05,3.86377e-05,-2.07056e-05,2.62089e-06,1.55999e-05,7.43541e-05,2.51437e-05,7.56167e-05,3.47298e-05,-3.0291e-06,-4.79425e-06,-3.00732e-05,1.04435e-05,9.75997e-06,7.9567e-06,1.25408e-05,-4.64293e-06,2.01824e-05,9.54724e-06,-9.98872e-05,0.000150277,-3.22806e-06,2.50489e-05,0.00017107,-1.1502e-05,1.74962e-06,-4.88598e-06,-1.33593e-06,-6.23753e-05,5.57247e-06,3.07526e-05,4.55099e-06,-1.13614e-05,9.39347e-06,1.73943e-05,6.33086e-06,2.12743e-05,-2.30622e-05,1.17447e-05,1.36959e-05,1.04318e-05,-3.51205e-05,1.41323e-05,8.55251e-06,9.51954e-06,-2.46075e-05,-9.14418e-06,9.47919e-06,9.67475e-06,3.92059e-06,-3.17534e-05,1.4118e-06,-0.00010163,-2.2186e-05,4.38693e-06,3.63966e-05,-2.52325e-05
0.543991,-2.79282e-05,-7.15238e-05,3.90236e-06,-4.35539e-06,3.42943e-06,-1.93917e-05,-1.1412e-06,1.13385e-05,-3.98934e-05,-6.35261e-06,6.10185e-06,2.34637e-06,-3.04835e-06,-5.23485e-05,4.2682e-06,2.39356e-05,5.98742e-05,-2.93575e-06,5.4275e-05,2.48662e-05,-6.90901e-06,-1.43545e-05,-1.34254e-05,5.04188e-06,2.13419e-06,-2.99298e-06,-2.34677e-05,-7.52611e-06,5.07875e-06,9.74332e-07,-9.45476e-05,9.9268e-05,-1.77456e-06,1.82002e-05,0.000144582,-2.7512e-05,1.28806e-06,-3.92436e-07,-3.0872e-06,-7.61204e-05,9.42146e-06,3.78461e-05,-7.79819e-06,-1.68049e-05,6.67731e-06,1.65226e-05,4.64315e-06,1.6509e-05,-2.23124e-05,8.26021e-06,6.68456e-06,3.49512e-06,-4.66494e-05,7.80852e-06,2.11081e-06,1.44847e-05,-1.58877e-05,-8.46217e-06,6.18401e-06,3.22133e-06,1.15627e-07,-3.45817e-05,2.21104e-07,-7.24597e-05,-2.87601e-05,-1.00425e-06,4.36763e-05,-2.6369e-05
0.544991,-1.90415e-05,-9.76031e-05,-7.42129e-07,-1.12354e-05,1.36289e-06,-2.03986e-05,1.60383e-06,5.77355e-06,-5.05612e-05,-5.36137e-06,2.1125e-05,-1.76668e-05,-4.00683e-05,-7.8982e-05,5.5796e-06,3.08561e-05,4.57827e-05,-2.75975e-05,3.40417e-05,1.54968e-05,-1.03002e-05,-2.28181e-05,1.82121e-06,2.53108e-08,-4.79804e-06,-1.27709e-05,-5.50415e-05,-1.01383e-05,-8.63852e-06,-6.77564e-06,-8.78841e-05,5.19708e-05,-4.57481e-07,1.16136e-05,0.000118159,-4.14829e-05,8.24463e-07,3.56453e-06,-4.60623e-06,-8.6895e-05,1.26988e-05,4.3308e-05,-1.86335e-05,-2.14421e-05,4.11141e-06,1.54574e-05,3.05514e-06,1.19397e-05,-2.11699e-05,5.0949e-06,2.50872e-07,-2.81542e-06,-5.57817e-05,1.9312e-06,-3.68585e-06,1.86038e-05,-7.79169e-06,-7.63051e-06,3.0898e-06,-2.69898e-06,-3.29417e-06,-3.63618e-05,-8.42952e-07,-4.50427e-05,-3.41466e-05,-5.89311e-06,4.92249e-05,-2.68193e-05
0.545991,-1.07002e-05,-0.000118162,-4.96806e-06,-1.71141e-05,-5.30922e-07,-2.08357e-05,4.03088e-06,7.24573e-07,-5.89653e-05,-4.40362e-06,3.40738e-05,-3.51322e-05,-7.18889e-05,-0.000100456,6.56382e-06,3.63169e-05,3.24487e-05,-4.85326e-05,1.53999e-05,6.85283e-06,-1.31515e-05,-3.00348e-05,1.53617e-05,-4.49083e-06,-1.09021e-05,-2.12163e-05,-8.17788e-05,-1.24098e-05,-2.07082e-05,-1.35596e-05,-8.02523e-05,9.37358e-06,7.01695e-07,5.46761e-06,9.25671e-05,-5.32108e-05,3.75914e-07,6.93743e-06,-5.87308e-06,-9.47268e-05,1.5371e-05,4.71837e-05,-2.7812e-05,-2.5216e-05,1.7555e-06,1.42476e-05,1.59911e-06,7.67784e-06,-1.97154e-05,2.29147e-06,-5.47651e-06,-8.37993e-06,-6.25589e-05,-3.36804e-06,-8.73629e-06,2.18569e-05,-4.87105e-07,-6.69903e-06,2.68203e-07,-7.96097e-06,-6.25263e-06,-3.71749e-05,-1.76415e-06,-1.99905e-05,-3.83138e-05,-1.01814e-05,5.30912e-05,-2.66467e-05
0.546991,-3.11068e-06,-0.000133298,-8.67452e-06,-2.19242e-05,-2.20942e-06,-2.07631e-05,6.09835e-06,-3.71284e-06,-6.51167e-05,-3.50034e-06,4.47785e-05,-4.97957e-05,-9.81647e-05,-0.000116776,7.23779e-06,4.03186e-05,2.01837e-05,-6.55676e-05,-1.25704e-06,-8.77339e-07,-1.54301e-05,-3.59005e-05,2.69662e-05,-8.41518e-06,-1.60777e-05,-2.82184e-05,-0.000103442,-1.42859e-05,-3.09372e-05,-1.92731e-05,-7.19955e-05,-2.77731e-05,1.68797e-06,-8.8556e-08,6.84687e-05,-6.25679e-05,-4.24693e-08,9.69919e-06,-6.87619e-06,-9.97148e-05,1.74229e-05,4.95548e-05,-3.52491e-05,-2.80964e-05,-3.42275e-07,1.29401e-05,3.00935e-07,3.81531e-06,-1.80298e-05,-1.21761e-07,-1.04e-05,-1.31095e-05,-6.70789e-05,-7.98529e-06,-1.297e-05,2.42483e-05,5.89649e-06,-5.71501e-06,-2.22316e-06,-1.24685e-05,-8.72074e-06,-3.71174e-05,-2.53156e-06,2.21339e-06,-4.12633e-05,-1.37955e-05,5.53619e-05,-2.59267e-05
0.547991,3.56439e-06,-0.000143246,-1.17861e-05,-2.56353e-05,-3.64026e-06,-2.02481e-05,7.77893e-06,-7.47047e-06,-6.90859e-05,-2.6687e-06,5.31504e-05,-6.15074e-05,-0.000118739,-0.000128095,7.62539e-06,4.29046e-05,9.23465e-06,-7.86611e-05,-1.56342e-05,-7.55209e-06,-1.71223e-05,-4.03591e-05,3.64841e-05,-1.16825e-05,-2.0261e-05,-3.37182e-05,-0.000119958,-1.57282e-05,-3.92039e-05,-2.38528e-05,-6.34344e-05,-5.89663e-05,2.49291e-06,-4.93812e-06,4.64107e-05,-6.95043e-05,-4.18013e-07,1.18427e-05,-7.61237e-06,-0.000102023,1.8858e-05,5.05337e-05,-4.09178e-05,-3.00808e-05,-2.14632e-06,1.15791e-05,-8.20314e-07,4.22541e-07,-1.61918e-05,-2.13048e-06,-1.4455e-05,-1.69479e-05,-6.94893e-05,-1.18467e-05,-1.63477e-05,2.58051e-05,1.12697e-05,-4.72166e-06,-4.342e-06,-1.61568e-05,-1.06772e-05,-3.62967e-05,-3.13966e-06,2.12214e-05,-4.30297e-05,-1.66886e-05,5.61573e-05,-2.47433e-05
