,bankssts-lh,bankssts-rh,caudalanteriorcingulate-lh,caudalanteriorcingulate-rh,caudalmiddlefrontal-lh,caudalmiddlefrontal-rh,cuneus-lh,cuneus-rh,entorhinal-lh,entorhinal-rh,frontalpole-lh,frontalpole-rh,fusiform-lh,fusiform-rh,inferiorparietal-lh,inferiorparietal-rh,inferiortemporal-lh,inferiortemporal-rh,insula-lh,insula-rh,isthmuscingulate-lh,isthmuscingulate-rh,lateraloccipital-lh,lateraloccipital-rh,lateralorbitofrontal-lh,lateralorbitofrontal-rh,lingual-lh,lingual-rh,medialorbitofrontal-lh,medialorbitofrontal-rh,middletemporal-lh,middletemporal-rh,paracentral-lh,paracentral-rh,parahippocampal-lh,parahippocampal-rh,parsopercularis-lh,parsopercularis-rh,parsorbitalis-lh,parsorbitalis-rh,parstriangularis-lh,parstriangularis-rh,pericalcarine-lh,pericalcarine-rh,postcentral-lh,postcentral-rh,posteriorcingulate-lh,posteriorcingulate-rh,precentral-lh,precentral-rh,precuneus-lh,precuneus-rh,rostralanteriorcingulate-lh,rostralanteriorcingulate-rh,rostralmiddlefrontal-lh,rostralmiddlefrontal-rh,superiorfrontal-lh,superiorfrontal-rh,superiorparietal-lh,superiorparietal-rh,superiortemporal-lh,superiortemporal-rh,supramarginal-lh,supramarginal-rh,temporalpole-lh,temporalpole-rh,transversetemporal-lh,transversetemporal-rh
bankssts-lh,0.31235288801145533,-0.04684561500370952,-0.013517321572052612,-0.007807820304130422,-0.038666221907823733,0.02018254465135966,0.019040383033560628,0.05024422100754938,-0.016465074305708635,0.044720288331992694,0.08898972339380157,0.013702890164418132,-0.024989903771889865,0.054705272543735466,-0.009666991083980263,-0.050563520956384875,-0.007754676247161891,-0.03367372980195234,-0.021351713904667294,-0.023051016906587226,-0.008923409893445195,-0.047642340251213125,0.005045200555815581,-0.050563520956384875,0.00876310650849094,0.06238023270544457,-0.0009034489684649917,0.013065161480795793,0.024272023395790387,0.0067183671362755805,0.014525751833381671,-0.00446192275023476,-0.040312816459799464,-0.04833277738477967,-0.013278608922718567,-0.01609350151395327,-0.02623791789660163,-0.01723522752472797,-0.00982598764786152,0.039382359855825874,-0.017845948572841722,-0.03529375232544381,-0.022652872086347586,0.007993388896495937,0.005762209717866398,-0.02714093125804229,-0.019837979495112894,-0.027725080277671767,-0.039542663240780124,-0.0269814990871367,-0.049102930603799,0.0036111822317139715,0.019890252338032755,0.02350187017677106,-0.009693127505440198,0.055077280942515176,0.006426510429973002,-0.06989663191029676,0.024643596187545757,-0.006692666321839982,0.007116511956515212,-0.016916798789941137,0.06572656586636456,-0.03346115357407823,-0.028388945382754053,0.03632875461525713,-0.008471685409212695,-0.016358786191771578
bankssts-rh,-0.04074368713195339,0.6576337446609548,-0.008238598189989977,0.03092844099881214,-0.047577189745663474,0.029498837941550615,-0.02505481472354909,-0.010031728881812287,0.058005122903345384,0.01731045073335524,-0.0014296030572615228,-0.006433213757676853,-0.012964457439280212,0.01406320950328978,-0.044317694775107205,-0.012976711179771021,0.018715546309635137,0.053230248692091885,-0.0044236003171835075,0.0786608447906926,-0.033995960701679005,-0.044317694775107205,0.03121844619042805,-0.0044236003171835075,-0.032880870317015025,0.06088883649885006,-0.01795581439920473,-0.04969708685057413,-0.023588450444815126,-0.02501805350207665,-0.0204637466196578,0.016922415617812825,-0.04789170241826101,-0.03824800865199114,-0.01687748523601318,-0.042585832785738964,-0.030021664202491978,-0.0008128314525572675,-0.02576961625217985,-0.010432017737845512,0.004591068103891289,-0.013993771640508508,-0.03645487796016883,0.024920023578150142,-0.014757588131102518,0.0009312842773017878,-0.025455103579582316,-0.0314512672597535,-0.048606503946891776,-0.04362740072745807,-0.04147074240107497,-0.03502527490290731,-0.024303251973445888,-0.014296030572615229,-0.01572563362987675,-0.027174711828459746,0.004942341997961263,-0.026484417780810614,-0.0357645839125197,-0.03931408407469187,-0.03899957140209434,0.028273463892469316,-0.0007148015286307614,-0.022269131051970925,-0.03727996315321691,0.05624875343299551,-0.029306862673861216,0.09466422987169444
caudalanteriorcingulate-lh,-0.02068373597122929,-0.016190349547989664,0.5128334355288299,0.05186192564970549,0.03871181073085263,-0.036244609626842623,0.046842381565664976,0.003218171583516736,-0.040598325107396915,-0.006661155985739308,-0.015490081533978298,-0.05752338207992311,-0.0071854003459554715,-0.011399444883824444,0.028658372808386103,-0.026296403236536273,0.022310998118542605,-0.03016031376739956,0.0910616280296644,-0.02225646905187778,-0.0037060632326230193,0.011243510886168907,-0.01608511801582949,0.02556360911258449,-0.020963077856599954,-0.06163219508563189,-0.027118165837678034,-0.020544065028543963,-0.03816747671449679,-0.053011819301128534,-0.011644347358669949,0.029427519643447766,0.0022911774502147996,0.020633033505733936,-0.028761691039961554,-0.0029369163975613505,-0.013269696205398529,-0.002465287803425276,-0.039916233448940484,-0.022187590230827482,-0.03619199386076253,0.009004949202034195,0.01946113689758649,-0.002884300631481263,-0.010472450750522506,0.009792272392650807,-0.021365827629685724,-0.017186222502341898,0.10135996842697644,-0.033639650880732015,0.008341033899132707,-0.014773550464996716,-0.06336277546452065,-0.0665972101030076,-0.018566668874224982,-0.01966968666132212,-0.04710163379489595,0.025668840644744666,-0.028761691039961554,-0.01792092992687842,-0.02087602267999471,-0.0378010796525209,-0.009179059555244673,0.06995696592979439,0.023325047428449774,-0.027118165837678034,0.03526691302804533,-0.040266367455946174
caudalanteriorcingulate-rh,-0.00799752279667713,0.015608498658181535,0.06370026907553335,0.37991565585381654,0.04415299043998833,-0.013975671087193288,-0.03171684249115539,-0.013709086993970717,-0.016274958891237964,0.05095754941949445,-0.03633541190623643,-0.04321994611370933,-0.01834765021604345,0.04481278607071419,0.026185222556787038,-0.00026658409322257104,-0.010616711512588892,0.09551041599931664,0.03478255956321496,-0.012409489539510684,-0.005225048227162392,-0.014162279952449086,-0.02389259935507293,-0.01184299834141272,-0.0009463735309401289,-0.0454459232921178,-0.023965909980709136,-0.03324303642485461,0.0009197151216178683,-0.024572388792790487,-0.0043386561171973445,-0.050404387426057615,0.0055782721506823,-0.013502484321723223,-0.007657628077818352,0.006238067781408163,-0.0008730629053039167,-0.012369501925527297,0.012836024088666796,-0.019800533524106465,5.331681864451248e-05,-0.007337727165951269,-0.04483944448003645,-0.0193273467586364,-0.013502484321723223,0.009537045935037479,0.021453354902086403,-0.034396012628042226,-3.998761398338652e-05,-0.007337727165951269,0.019020775051430443,-0.02949086531274692,-0.059228320911724724,0.02442576754151808,0.00469188004071725,-0.01714135719421132,-0.007584317452182144,-0.06243399463272614,-0.0104101088403414,-0.02000713619635396,-0.023306114349983274,-0.01804774311116806,-0.006957844833109105,0.05056433788199116,0.037555034132729696,-0.06232069639310654,0.00450527117546145,-0.012182893060271495
caudalmiddlefrontal-lh,-0.038100901346538235,-0.053719937324482984,0.06133764259091919,0.06000998033631405,0.3705715727847048,-0.02329331273858518,0.003944093861550057,0.020887256375712194,-0.00688404370097531,0.020599095327109476,0.04733089419779455,-0.006350150224423039,-0.020385184364649794,-0.002943485557813013,-0.031764893995666246,-0.04127597645874975,-0.02435756397330196,0.00102889405083914,0.05841183562504499,-0.015081606783004717,-0.040218796660808506,-0.04127597645874975,-0.013244801080561643,-0.0034632361608142367,-0.01773693129221502,0.007136847565700391,0.0010324297692269064,-0.024891457449854226,-0.00741793717752758,-0.023813063341586397,-0.03255512705533137,-0.03308548481349587,-0.033608771134884856,-0.01403856985861452,-0.011664334961231404,-0.04974402199744306,-0.019591415586596918,-0.026194369675745035,0.07640157078198509,-0.028575676009903673,0.15732355752272567,-0.026988138453797914,-0.008225848829131518,-0.021431757007427756,-0.06350150224423039,-0.037307132568485356,0.0007654830309507725,-0.019851290888097527,0.008169277334927304,-0.030163213566009435,-0.03942502788275562,-0.03413205745627383,0.04678639356607898,0.017178287786948406,0.13247099297513687,-0.023813063341586397,0.05181948869106017,-0.013508212100450015,0.03381561066056901,-0.009542903928573376,-0.04683235790511991,-0.04841989546122567,0.005018952251430124,-0.04895025321939018,-0.048426966898001196,-0.007937687780528798,0.03779152598760894,-0.006097346359697956
caudalmiddlefrontal-rh,0.014951543133786296,0.00978430012262624,-0.0491768866118926,-0.02511268842308882,-0.029438967460374686,0.11506888738838848,-0.003415737460599503,-0.04051065432636357,-0.029691538180409593,0.01942662976090164,0.024400020722608155,0.07095025228267274,0.021741995422113386,-0.02245466312259405,0.03822665891381859,-0.0186061771034634,-0.0031563296350859377,-0.007645090473158588,0.007669623616346693,-0.057590548177386715,-0.017720168669965144,0.015591817952728296,-0.00350582637984762,-0.020378193970459917,0.0489488490350458,-0.022402781557491334,-0.000252570720034909,0.012539251447847783,0.007513978921038555,-0.011479902281331937,0.0198730525303901,-0.0008409639738741965,0.005800680724623407,-0.0033051372249154214,-0.0029105960205296827,-0.02077957228032431,-0.004585686862799422,0.029671026863973632,0.01774470181315325,-0.03544033733993029,-0.02009425300175825,0.06952773216043791,0.006136503258427786,-0.03873863745936706,-0.002962477585632393,0.03674542012100239,0.03926147493714632,-0.023877183244828886,-0.0003494967447616823,0.014550164823921895,-0.014965217344743598,-0.02446557649866817,-0.031010295172439,0.014892824463204928,-0.05232637914149989,0.045307889276326,-0.004346790353721814,0.012830029522028098,0.027154972047829698,0.0003358225338043763,0.013373378316243328,-0.054932522876891945,0.0017651797615178646,0.0031426554241286357,0.00014197048435083401,-0.012552925658805086,-0.004430042167491286,-0.0496164722759024
cuneus-lh,0.012465599543601172,-0.03540953514855404,0.037562680390590616,-0.03219142900868428,-0.011628726065475247,0.007147430324826712,0.24086155932406902,0.06711119826146691,-0.02654937565392551,-0.009685421249569358,0.0674661852274113,0.0027167285209132464,0.016801748744435994,-0.05166719172088834,0.03527475621872702,-0.041835379818306866,-0.009215146460572927,-0.05375688718980635,-0.022557845809048394,-0.006300189236714097,0.005235228338880908,0.02851465980300319,-0.040424555451317574,0.010856546473666292,0.0031559004799495975,0.007857404256715505,0.009571377539715722,-0.002674013967768067,0.016341841565426254,0.028869646768947585,-0.01806493834521476,0.004764953549884478,-0.03637081994652029,-0.03123014421071803,-0.04022632674837199,-0.05408077132579066,0.0025081322079809664,-0.006780831635697222,0.023425822117134402,-0.014993222858357119,0.021179368385217587,-0.003729851368812966,0.02992548416999248,0.04303760787236388,-0.03123014421071803,-0.03813663127945398,-0.02576558433893146,-0.04827159209804638,0.028211510886992256,-0.017730686599243754,-0.007135818601641617,-0.0284926804698314,-0.00872413645160311,-0.009027285367614036,0.015725176123417704,0.0213257590382297,0.03693564733859537,0.009738503412701233,0.01342688434156742,-0.03428112447760229,-0.04698642316409581,-0.043151651582217516,0.05140675735802259,-0.032181061398697586,0.0007526884850339668,0.0454408198672795,-0.02494032258399063,-0.0001878610929588923
cuneus-rh,0.009195806381357865,-0.029177271328755257,-0.05225863133265942,-0.04513786708557132,-0.0022751988236559767,-0.07927345032734967,0.004046205480377052,0.20868361771696695,-0.033128465722398345,-0.009751937942374002,0.0003382394687729179,-0.0034127982354839625,0.024435584693485595,-0.004967179614451604,-0.0009032387312175448,-0.01865257654761169,0.0037599054056853764,-0.031330855961391756,0.03465624399708048,-0.0640944791107317,0.03573303631339873,0.03059230311384642,-0.004611204742821689,0.05850149313832572,0.00536622617873425,-0.03343250119994703,-0.017159002264153782,0.05198879984633497,-0.009161602390133642,-0.018843865535569403,0.007884653384429173,0.057251147236906746,0.04541529945883449,0.018756455335774153,-0.015726235076205616,-0.02331572068451461,0.024669945374096038,0.0035255447250749335,-0.02488783746633926,-0.024453320096342594,-0.07060717240272243,0.02133568963697881,0.05145040368817585,0.04509352857842881,-0.021882953496566444,-0.02487010206348225,0.02007647603413135,-0.02009421143698836,0.05766792920404641,-0.04621465940188957,0.04075215532193157,0.03692257511930795,-0.029055657137735783,-0.03426606513422634,-0.05710419675609156,0.013980564709280264,-0.04921067567023387,0.026884337102242275,0.020910039968410656,0.0365057931521683,-0.020745354084738453,-0.0034127982354839625,-0.06588322117030977,0.0,0.017210941658235016,0.01511816412110825,0.01828773397455327,-0.057694532308331915
entorhinal-lh,-0.02666803642552698,0.030640493111038124,-0.04943988473752772,-0.028204767014243914,-0.018609531564314434,-0.02655119946418842,-0.03402065131198571,-0.0015529579444583982,0.405841298887369,0.06463680338941165,-0.015552297742622038,-0.017496334960449795,0.0231385865517579,0.03743650969556453,0.02563922207151797,-0.0025249765533722737,0.007178982180025032,0.01481395305638529,0.06906524877125798,0.01798802383941625,0.02758325928934572,-0.03499266992089959,-0.036247044519715,0.05047194456268502,0.00911490571998205,-0.03304863270307183,-0.03263321239609027,0.027865615279247254,-0.04069983093517355,-0.05734909792591877,-0.015975831727474327,-0.01846835356936367,-0.019033065549166728,-0.023344673969674528,-0.017661853989012762,0.025647335749388704,-0.030423046544102463,0.014564051777966694,0.006198849893240421,-0.0101518337518618,-0.05248900488134938,-0.005832111653483265,-0.03693670713872734,0.006223190926852624,-0.027922411024342387,-0.033746408999954916,0.007469451847797288,-0.010176174785474001,-0.022082185692988386,-0.04860093044569387,0.01773000888312692,-0.03611398020263496,-0.010849610048744882,-0.04389012907394598,-0.043740837401124485,0.013999339798163642,-0.007102713608040138,-0.024034336588686877,-0.016540543707277384,-0.022929253662692967,0.0213357273288809,0.01134941260558207,0.0070540315408157365,-0.0038961881135262445,0.032576416650995144,0.04855224837846947,0.029825879852816473,-0.016407479390197353
entorhinal-rh,0.009667651257475202,-0.021041467590602173,-0.0073578754827826895,0.013377309850301108,-0.014317151777605473,0.014532043361509499,-0.02102108994040438,0.009800414736036597,0.04089794394697498,0.11257787227909824,-0.0008379536763153966,-0.011200297554169984,0.0094734460760447,0.053631505302391184,-0.022380217458142178,-0.007265867304616889,-0.000858331326513194,0.07756536421197738,0.015053217202931894,0.024567418579372186,-0.002616058032210892,-0.024005180685278477,-0.016565485849428883,-0.0044759817411732915,0.02807268316566869,-0.05339592731601365,-0.024005180685278477,-0.03818956898432257,-0.0010627253330425922,-0.006959276294822787,-0.012947835434768786,-0.03526661119004185,-0.024005180685278477,-0.019355371412872482,-0.002616058032210892,-0.02158301908222237,-0.00550814059891919,0.007010529172592999,0.0062849613246412,-0.01719904551921488,-0.0022890893722189954,-0.007276056129715784,-0.006335905450135689,-0.012416472768247488,-0.014000371942712482,-0.024005180685278477,0.042849875834103185,-0.01606468965820428,-0.013877797289249986,-0.045843846651800454,0.026212759456706293,0.016913140911894293,-0.027122034908713972,-0.018558173036952678,-0.0011547335112083942,-0.015798853948805768,-0.02112328694366908,-0.03737199295820496,0.005753598658119905,0.03551237800151829,0.020101625663297797,0.05115839957384059,0.027898855634435983,-0.028787753436245872,0.008134696208504703,0.010178636273798707,0.006080567318111799,0.034756243678269794
frontalpole-lh,0.05166790647209335,-0.0036314998129981825,-0.04663522423048202,-0.0575586599229666,0.023054403501764437,0.014087503718336194,0.06464581616236972,0.029723096998388734,-0.022752798705772247,-0.011011357385781186,-0.04888780027139778,-0.07974720168568335,0.024096108627405348,-0.005987578606782171,0.011235056883915616,-0.004829015534354617,0.010232304407203583,0.0030472100790649792,0.017183682841768907,-0.025225735446342875,0.058930906098089715,0.034562128928182216,0.010115446460416939,0.021817935131479116,-0.003865215706571465,-0.040735567316996464,0.005403288872848964,0.026335329474402692,-0.07710843795395834,0.0556399637300126,0.011468772777488897,-0.02993789303391085,0.013746946273415123,0.028691408268186683,0.020581466761193806,-0.0029014158787883104,-0.012715257543213065,-0.0001168579467866408,0.002501872994060654,-0.010281273451571317,-0.016074088813709083,0.01938395103983737,0.007058219985913105,0.02389132898732209,0.003164068025851619,-0.0042157895469313875,0.002200268198068467,0.02274278231033339,0.028847218863902204,-0.022373288611922296,0.03687925507303732,0.044833385984314675,-0.11223593675802261,-0.06479272329547293,-0.059106749484682954,0.0019565359090563334,-0.0383405358742836,-0.00800309995564509,0.050743059293239086,0.08542204616820794,0.022937545554977793,0.011429820128560017,-0.03407577728298448,0.013902756869130645,0.011546678075346657,-0.07579406428581527,0.01853700915884086,-0.025303640744200637
frontalpole-rh,0.0008616826305821866,-0.01136102114768229,-0.067133306781759,-0.06908721711106774,-0.010328201043347538,0.07397444554144757,-0.0042168491542152985,0.009407110818373537,-0.01652512166935606,-0.019794719456112886,-0.06153536731388445,-0.03949896496113367,0.015518462707505775,0.03818109740847854,0.0016116353818036232,-0.0058154039647766885,-0.005065451213555252,-0.018761899351778133,-0.012393841252017045,-0.018590761878025566,0.00048016596935035303,0.011288532982048242,0.0397665716477977,-0.012393841252017045,0.03112249415188783,0.008367205404615904,-0.012393841252017045,-0.0011053082699688042,0.03426019617861879,0.10652435703014423,0.051509109456711825,-0.07746150782510654,-0.0034668964029938615,0.005275830401034521,-0.014459481460686555,-0.012847846078882931,-0.03511588354738163,-0.013426661356351798,0.051706408072948865,-0.001756611713071719,-0.015959386963129426,0.13891021635451117,0.028392469928873176,-0.008065262218440996,0.01608419741373241,0.055002167002190155,0.0067757359034773925,-0.015959386963129426,-0.010328201043347538,0.04344384723827083,-0.012393841252017045,-0.009946684382115703,-0.08343496869239354,-0.07868563128385897,0.011104314937053444,-0.017111022256247797,0.023057231933446835,0.023721615947791992,0.07077733592032479,0.009505760126492055,0.0655145860905325,-0.05783792584274622,-0.004131280417339015,0.004611446386689367,-0.00826256083467803,-0.09048049137774204,-0.0030984603130042613,-0.01652512166935606
fusiform-lh,-0.03180605722950707,-0.03183400950314056,-0.004009154675432299,-0.016531047230155374,-0.029201413550022575,0.022067049475749584,0.003991729881478952,0.043082440033106614,0.023751083208032313,0.01746218465703728,0.033249047978768514,0.014950110195429939,0.48984217745104813,-0.037722863826290025,0.027230959767131725,-0.038411143187447185,0.06400526137258651,-0.01853998076635985,-0.001673506252602575,-0.0028090219918956104,0.012764750620447827,-0.04581631760107842,-0.03457841455079252,-0.056365941290207174,-0.02485683159098838,0.00011180909453396815,0.01785351648790617,-0.03263409795883169,-0.03474612819259347,-0.009330251128935247,0.0037034947481673513,-0.04015108146699689,-0.03609473464127429,-0.05250526037991902,-0.0075903128493855394,-0.02954555323060116,-0.024112647682564242,0.032356390305200246,0.01002905796977255,-0.03011331110024767,0.02017863743105574,-0.011786421043275607,-0.005813709899225665,0.0035444935033430765,-0.018940024994205416,-0.04941671565168849,-0.03377832609510138,-0.029173461276389086,-0.009562581714979859,-0.042467490013169795,0.0022430792049525756,-0.007246173168806958,-0.01018624413189336,-0.009870056724948274,-0.010409862320961293,-0.011042237134851468,-0.004976956772924373,-0.04083936082815406,0.020597921535558127,-0.00484590780173359,-0.002845686662505777,-0.04898871915020943,0.08791353074273962,-0.019107738636006368,0.013741265114916577,0.039965943031242596,0.008912782107136343,0.028728039980956684
fusiform-rh,0.02816299165956256,-0.023955271452145037,-0.011000492095117045,0.022436910301526405,-0.024801046830600453,-0.02173308151800083,-0.042846222968023866,0.0068660822608175315,0.02811575813057377,0.06981656802061963,-0.002001520790899729,0.02319338478923741,-0.03134141454776616,0.2880342419089851,-0.007407299780480687,-0.033342935338665884,-0.010643288532139363,-0.02054068091899751,-0.037524578701954185,0.0026266270261106695,-0.03058494006005516,-0.025988281262370617,0.014283714375764511,-0.019805117108182592,0.0040817641301140965,0.061064588711739504,-0.03936324222102801,-0.051445923347507874,0.048608959512619024,0.03348463592563224,-0.015712774635638718,0.040739410768753315,-0.03727242053938385,-0.03802889502709485,-0.03802889502709485,0.03860652172535352,-0.015297759201242473,-0.021423111484011933,0.004375989654440066,0.029066578909436543,-0.00624097602560659,0.022778369354841163,-0.004948696193429075,0.019558125112845406,-0.03130992552844031,0.009450641925172563,-0.014793442876101808,-0.014809187385764738,-0.035018741585913796,-0.021496667865093425,-0.027826944781444436,-0.02641904120642979,0.007433376624609907,0.024144205568100173,0.0014393925943405011,0.05170841384454451,0.02207970673854873,-0.02683405664082604,0.016715995110723414,-0.037361721430128274,-0.009335264190298911,-0.03422561191164379,0.011031981114442901,-0.05003801977249322,-0.02533685217506697,0.016836785020793686,0.005058907761069568,0.014283714375764511
inferiorparietal-lh,-0.015428524960121775,-0.04738065945955379,0.009697582329035538,0.013688557239855677,-0.04301857255245311,0.04035995054631226,0.02361732409116433,0.014668049557907575,0.02419528539684713,-0.005779613056827953,0.011711321194098746,-0.0025004431224803034,0.011413214836430784,-0.012532634628490085,0.3761919719673226,-0.05097010335800484,0.033838113496923235,-0.03391720293875352,-0.0008456486472621937,-0.011431466246083918,-0.0472954862145058,-0.0015635374269524014,-0.009283883710231006,-0.040347782939876835,0.042075583053707497,-0.005061724277137746,-0.03136200558731379,-0.006643513113743288,0.051292544928543654,0.012307533909434685,-0.03363126418752098,-0.007531748383529478,-0.04749625172069035,-0.017466599038055846,-0.04525741213657172,-0.024901006570101903,-0.021195970410514305,-0.02799766240791815,0.013086260721302029,-3.6502819306282923e-05,0.016560112358616513,-0.007270144845167791,0.03312022471723303,0.006886865242451835,-0.017351006776919285,-0.009198710465183014,-0.01870161109125171,-0.00885193368177334,-0.004203908023440119,-0.021913859190204513,-0.03075970906876014,-0.03632638901296811,0.0009369056955278966,-0.012009427551766714,0.013718976255944246,0.010701409859958284,0.04222767813415035,-0.0035711924887979014,0.009977437277050359,-0.018586018830115156,-0.002883722725196264,-0.05467513951759243,0.056037911438360295,-0.015166921421760094,-0.011808662045582166,0.04753275453999664,-0.025843996068847522,-0.025843996068847522
inferiorparietal-rh,-0.05142332415059689,-0.005509641873278237,-0.020890725436179983,0.023324150596877875,-0.0441919191919192,-0.013659320477502297,-0.03856749311294766,-0.006427915518824611,0.02908631772268136,0.011891643709825527,-0.0024104683195592287,-0.0006657483930211196,-0.025206611570247933,-0.02695133149678604,-0.05383379247015611,1.0,-0.024862258953168046,-0.03347107438016529,-0.05463728191000919,-0.02330119375573921,-0.028374655647382917,-0.01613865932047751,-0.03432047750229568,0.13941689623507808,-0.027846648301193756,0.0001377410468319568,-0.05383379247015611,-0.025252525252525256,-0.03213957759412305,0.03011937557392103,0.012488521579430673,-0.011409550045913687,-0.058654729109274564,-0.050619834710743807,-0.04570707070707072,-0.04660238751147842,0.004843893480257118,0.020247933884297523,0.008539944903581268,-0.029729109274563823,-0.007851239669421488,-0.014944903581267219,-0.036157024793388434,0.03930211202938476,-0.0474058769513315,-0.04901285583103765,-0.05624426078971534,-0.03852157943067034,-0.055440771349862264,-0.04017447199265382,0.0027089072543618007,-0.030257116620752988,-0.028925619834710745,-0.020890725436179983,-0.009641873278236915,-0.024908172635445366,-0.0015151515151515162,-0.025298438934802568,-0.05383379247015611,-0.0326216712580349,-0.04400826446280993,0.00101010101010101,0.0,0.08675390266299358,0.037672176308539945,0.007552800734618916,-0.011685032139577594,0.060881542699724525
inferiortemporal-lh,-0.012030363468590606,-0.008750349856473957,0.0208179116115262,-0.007909012142091807,-0.03862385608690926,0.006000958860059973,-0.010470223571699905,0.01880428083997827,0.016856294103362635,0.0204842211006204,0.022098517326330246,-0.0018139634986288858,0.08015136665232339,-0.008162835743829986,0.07208262069189635,-0.03219511693254054,0.16294709384516912,0.008667747779184163,0.09167408291743764,0.003573770668438635,-0.023553079733704855,-0.009149684402312045,-0.023019721949880015,-0.034049013885753245,0.023444767076066585,-0.004734576019491257,-0.01779172160114773,-0.022112740200565573,0.012295674776441936,0.0027067223737079955,0.03262016205872711,-0.023433279369953434,-0.012030363468590606,-0.03219511693254054,-0.011899075398726035,-0.03314203213643879,-0.012110230377758225,-0.02083213448576153,0.012215807867274322,-0.031168334819474675,0.0025469885553727665,-0.021779049689659782,-0.010590023935451326,-0.020752267576593916,-0.02285998813154479,-0.034088947340337045,0.016776427194195014,-0.017378164181074317,-0.023553079733704855,-0.038823523359828305,-0.03219511693254054,-0.019271994588870824,0.02583202181310412,0.0016400068060583226,0.01839072341990486,0.013362390344091613,0.029953373139602914,-0.011576872593933385,0.005253710929080769,-0.006762429665274516,0.04558321785698065,-0.026727515856305405,-0.018325079384972572,0.007187474791461077,-0.05798994045918302,0.040942731620892334,-0.047639517251234546,0.026579269744083325
inferiortemporal-rh,-0.02630456523425422,0.019576106169622527,-0.021448424476760583,0.07530764500801593,-0.006243408346278789,0.007313787399554645,-0.03525969440839792,0.005769906454553336,0.019269358067249526,0.1414176354827117,0.00936581671616376,-0.007307308789495344,-0.008041363477083998,0.0057532874113577475,-0.026946229308823268,-0.029270360247923035,0.00566596701490629,0.36679777565526933,0.027340297807647726,0.03457831363737837,-0.038705469923851495,-0.04049187622802926,-0.016273986790266502,-0.03517885262200577,0.0032032501562771197,0.009319621409653964,-0.030449748957414095,-0.030657627836708196,-0.024495061276821557,-0.025055883564998462,-0.02686538752243112,-0.010423238549321017,-0.010388592069438665,-0.017476473153012456,-0.00685042594096549,-0.09888246197771848,0.007943902647496252,-0.014967560987873496,0.05055203093533118,0.002081605579923314,0.014586449709167644,0.006903099857534595,-0.019135842364288277,-0.011313906593125821,-0.04346922006832553,-0.018095039574326614,0.045649694871327744,0.001393746198844463,-0.010365494416183764,-0.02457590306321371,-0.014533775792598543,-0.023934238988644656,-0.032155313475199704,-0.0008726406071180548,-0.009527500288948061,0.007886158514358999,-0.013146508203813384,-0.029258811421295588,-0.029270360247923035,-0.007445894709024746,-0.03290091698941581,0.025698956033058665,0.002358777418982115,-0.027483953943745275,0.011539812909106672,0.013852395021578985,-0.019055000577896122,0.03339892492788731
insula-lh,-0.03251029316234232,-0.026176915878395393,0.05009692039544757,0.021216657366934434,0.01177482219607158,0.00952918130344917,-0.02284930998857473,0.03937901771052797,0.048518428637382295,0.015482493336644174,0.019389902228435653,-0.007892458790326354,-0.01727606320613167,-0.04063160508141634,-6.386598941795094e-05,-0.05682570329034976,0.05030636327250937,0.0024939042730559194,0.37001574947587146,-0.006664916905484244,-0.038824260194603416,-0.009554226789495432,-0.0463657691117066,-0.03942347344826008,0.0010957400145236986,0.0029863611424404257,-0.032700325787718296,-0.030931801404277055,0.019267805483960156,-0.027803933265675287,-0.02558740775058165,-0.04340852334679495,-0.024388981243268312,-0.0354772440530969,0.015750166968763527,-0.046565506862925495,0.05271292141297897,-0.027224130263704467,0.04653075625103631,-0.02999134340324015,0.05622085480233268,-0.019112523470473368,-0.0016908833766978444,0.03481416481002228,0.003283150152088555,-0.048933244500023405,-0.020043276345667355,-0.008204588160177823,0.04799685639046901,-0.041040785709697054,-0.023200259861797898,-0.027974555639365403,-0.018323277591440736,-0.0003412447473802322,0.08072629755571607,0.013114755699546267,0.012676459693736788,-0.020652194725166943,-0.046546096611239644,-0.045566818106831046,-0.03863422756922744,-0.023999210866673452,0.02373560712603661,0.0018752807677134018,-0.0351068839281879,0.004374820275129729,0.030136920290884012,0.003005771394126274
insula-rh,-0.035700242290623664,0.06397731327047254,-0.028468636691094687,-0.018905845414273065,-0.022192042504982277,-0.05510753912551073,-0.007962654159356698,-0.024585205324148568,0.0375961794033946,0.07125681029781297,-0.012872934081436561,-0.01736768543868178,-0.005837119907372043,0.015585842609814589,-0.012896879795342283,-0.033770499464103466,0.0007211885599841913,0.045754624988215746,0.0006972428460784631,0.5841697764442256,-0.03280562805084336,-0.004762379924426855,-0.018686108274902878,-0.01579149403512258,-0.051248053472470335,0.02157086251483964,-0.03473537087736356,0.016660582592759786,-0.06368151327516652,-0.06464638468842664,-0.023266782487927466,0.14085150633628737,-0.030875885224323166,-0.043419213596704455,-0.036665113703883756,-0.022741385353407733,-0.046313827836484744,0.016049262602460684,-0.05383700771710108,-0.0016480285452763733,-0.06464638468842664,0.022363888216541006,-0.02605152815802267,0.01387583692266458,-0.04245434218344435,0.009796614130253992,-0.027981270984542866,-0.05403279914256554,-0.02155677680077745,-0.01507030547513839,0.04619409926695613,-0.010991082682727811,-0.024671128179927934,-0.054582141990991,-0.05499767055582564,-0.011908062668176459,-0.033880368033788556,-0.03859485653040396,-0.013006748365027378,-0.0007071028459219978,-0.028530613832968333,0.05176359060714654,-0.018332556851941878,0.009185294139954897,-0.009123316998081256,0.11581274101933627,-0.003969354222725487,0.09199661568298334
isthmuscingulate-lh,-0.01997893518775139,-0.04888799502240464,-0.0024744068903907344,-0.006936559430639677,-0.041364023107863586,-0.010775654642762889,-0.002510051734615091,0.04339323316835013,0.030481433932427637,-0.0029847101194394217,0.058613217929249777,0.0004924808069365078,0.013789826317122444,-0.03852771193172557,-0.04472845993516248,-0.04382060757614215,-0.016483921839263286,-0.04796232024127214,-0.028808308591284405,-0.02276177909755288,0.45543017370269057,-0.014003695382468578,-0.0173324873655431,-0.054465685697715815,-0.005459117009830156,0.02361616419023667,-0.02353323536898001,-0.02616186076907612,0.016264233207513176,0.015753929978464493,-0.008728622160164169,-0.04796232024127214,-0.04372567589917729,-0.03255247212644275,-0.04259231534200286,-0.028487868716165453,0.0033702563937028644,-0.02217436661365151,0.022275117857020355,0.01647191898355509,0.006354966513142277,0.007132242350973381,0.022239473012795993,0.08143428385954317,-0.03710955634365656,-0.04431308838307865,-0.04291275521712182,-0.019450809536590525,-0.05771736842593766,-0.03983311342071754,0.05546228644439679,0.00214196415956358,-0.003910384900571925,-0.020323017051386498,0.052412469925812874,0.01830544612370791,0.03893108062810119,0.015320736004268493,0.013279523088073753,0.0251528934437867,0.011048446817949285,-0.0115649333363022,0.04157752845030948,-0.040853719878814906,-0.025443871763985524,0.032332783494692645,-0.0188277522084648,-0.014632572276998278
isthmuscingulate-rh,-0.044047411072503345,-0.05139884862612135,0.006442173267184935,-0.015637555836321374,-0.04219308469308469,0.02923821647980644,0.026870907532490707,0.04544996913322965,-0.023014409832591655,-0.021480115843752208,0.03143799169245655,0.012106818176049925,-0.038601132783608494,-0.026646813263472152,0.012218865310559197,-0.037783152903884246,-0.0004875661252448234,-0.05063170163170164,0.004471146038405194,0.0006504461450586261,-0.0245891553428354,0.29349941434056737,-0.028501139642890798,-0.026941429211399092,0.014814922241745306,0.03537539243516421,-0.013376566374466515,0.017345111208874837,0.11786213020565882,0.059319829281989374,0.013356877580862646,-0.019691657428390134,-0.04825401132048568,-0.040557124933636196,-0.046770550216950764,-0.037066838794769054,-0.028653638298804383,-0.014027012519525142,0.06342476375936267,-0.0070464402417908575,0.04557705134649096,-0.02991873278236915,0.04662377921008558,0.09347057875499312,-0.04679596665960303,-0.04756311365402275,-0.04129885548540365,-0.03674680640418985,-0.03238770750029393,-0.03989164370982553,0.020388282743901465,-0.035187095972698146,-0.01558672295101685,0.05646960792428065,0.047035096007373614,0.013448161987571481,0.07104540081825536,0.048208906084229536,-0.0529331426149608,-0.03978997793921647,-0.04129885548540365,-0.034714564926205366,0.0,-0.02555963387847323,-0.015063359019219538,0.01371736149284616,-0.02915158578794943,0.011415920509586994
lateraloccipital-lh,0.004633661941785898,0.00837830734822916,-0.014152661160323128,-0.020503386936718188,-0.020503386936718188,0.005419881509325765,-0.03662053359898267,0.020638795356375642,-0.022138922141690658,-0.012629139203025405,0.017920701738749087,0.03907277298953308,-0.03407045985286825,0.029915335519819414,0.0020998939215988123,-0.04084584344797961,-0.012444813605585945,-0.026781800363348526,-0.045344096970108064,-0.00864416157530531,-0.01354367774416736,-0.030783083716995972,0.3794285707722917,0.01096808199225362,-0.021585945349372263,0.08075162634901796,0.03377199417393743,0.001073342132782107,-0.0043465393765436625,0.017759771313292323,-0.01683105388003964,0.0040806851494675075,-0.034952386942155536,-0.00943038114284518,-0.03996391635869234,-0.025570922977092368,-0.03906568354347771,-0.004899516168862051,0.010744055496904124,0.04276850121819433,0.00890788896856485,0.01219526510443713,-0.05305032483228871,0.012283883180129181,-0.018170250239897903,0.01565066111182154,-0.04046088652717335,-0.05092490890489059,-0.03976328503532554,-0.01938112762615407,-0.026340836818704895,-0.03888135794603825,0.017575445715852865,0.004152997499232223,-0.01325442834510851,0.035624466428204035,0.023172563376562733,-0.037742792909546796,0.005900545951879441,-0.04363624941537088,0.03377199417393743,-0.01607744576435445,0.010135072080748358,-0.00566943001047458,-0.029299262657608287,0.06384117067315824,-0.003632632158768506,0.019299598996517384
lateraloccipital-rh,-0.05072534842880096,-0.010082513002123747,0.021790290119166902,-0.010308028118547963,-0.017677447382847683,-0.014602751820412398,0.014827834915540792,0.10863693909246894,0.06790337919366703,0.016320036471344005,0.01871645859932328,-0.00768565885284863,-0.05303104608465555,-0.018084411443521287,-0.04258779530051221,0.042766652116986596,-0.02717111535875261,-0.04077935415616009,-0.03011015623429669,-0.0015375637918655582,-0.05533674374051013,-0.01826542836647483,0.019619815128907682,0.5330123220306878,0.0024404883001541305,-0.008454224738133493,-0.05379961196994042,0.05949408467030003,-0.004385880195284951,-0.0297481223883896,-0.044350874208802,-0.0212489674354896,-0.029341590349011834,0.008769600284090746,-0.03594201170673085,-0.04534538723180692,-0.018310358581241342,-0.015823644002433208,0.017088602356628867,-0.029205503640824797,-0.019982713017406437,-0.029205503640824797,0.009493235954609094,0.08992048049314565,-0.038609311187196696,-0.04841965077294637,-0.031240323944192815,-0.04227112369066747,-0.005245170552694499,-0.03169221821963293,0.025813272425953104,-0.04611395311709179,-0.022198118222432173,-0.0076407286380821195,-0.0065554911429525076,0.015415815899167946,0.009132066151293666,-0.014648546077770568,-0.05176522368786823,-0.014286944253159317,-0.029341590349011834,-0.020797073160049476,0.0,-0.004024278370673697,0.02029808856336369,0.018806751050152143,0.04760442658771167,0.0301088601704092
lateralorbitofrontal-lh,-0.014065924556910364,-0.0403887358432813,-0.0225785617974916,-0.01373492307036611,-0.03134518532725284,0.043525056859349154,-0.00572206530204229,0.023039014360456633,0.005674545286647316,0.0318285785873051,0.002552971861564113,0.020785910182246972,-0.03305262863903064,-0.012912335217667015,0.024407263079587592,-0.04056570693509705,0.004951913328399708,-0.01912598688586414,0.000837335443683739,-0.035428629408779014,-0.017872441652169307,-0.009682612792029746,-0.03295267274457915,-0.020879311591816385,0.3202652403074344,0.009112372607290135,-0.030822465157908197,-0.008828891136140852,0.08928027719982076,-0.015719293368411134,-0.013412114689924436,-0.003891725398725782,-0.01456570402916778,-0.03605949857867772,-0.04114250160471872,-0.025685387631590166,-0.02165601805034103,0.003075692030908757,0.08407437758224104,0.0014682046135824453,0.05767455109850583,-0.011727612075233861,0.011988152849295925,0.0029527954393700467,-0.041419428590985935,-0.04650243161702694,-0.0008389740649042472,-0.054269496202273344,-0.022855488783758832,-0.04590269625031805,-0.011435937497981994,-0.05221630381296665,0.008104620556672723,0.015994581733457837,0.01001197565735349,0.030951916234328972,0.0808987296568808,0.0011372031270381806,-0.0367591898398381,-0.025439594448512744,-0.009482701003126776,-0.02829243399343131,0.016856496495449316,-0.02553135723686165,0.0343815504488692,0.033635977793534375,0.00921232850174162,-0.003914666095813008
lateralorbitofrontal-rh,0.031824630148234875,0.025232818664316748,-0.06648607284970923,-0.07741014596045853,0.00017641683944312548,-0.03149636083939768,0.004081035114965973,-0.0032491962201233906,-0.0341414968687696,-0.05489838956021075,-0.019925053796598577,-0.0069517167238791104,-0.008178446476631308,0.06168411069254633,-0.010075857969207373,-0.01064716566656011,-0.006289223107404925,-0.006834849872433665,-0.0012174250671275603,-0.002619455097047926,0.01710461749005848,0.02563589764557604,0.04902973824303944,-0.013476906658724842,0.011621552345172141,0.0827458248850506,-0.01257844621480985,-0.001847166190203021,0.04533540586263341,0.0720964260939406,0.055948702473519824,-0.0024091692019311203,-0.0005876839440521005,-0.010873827808376276,-0.013208187337885311,-0.010781525326979874,-0.030824562537298844,-0.0035938417756599577,0.016240026101817163,0.02175696030237719,-0.013711756923890693,0.007305666965040316,0.018271797254813,0.024863608738731134,-0.011906647912711031,0.039281033020394325,-0.004987683682230643,-0.0005035695860053744,-0.008086143995234904,-0.008094332118584586,0.011176416184889487,0.009287192815663103,0.005307764867718161,-0.07971882455764358,-0.01739790118094705,0.023074875974250838,-0.004466621287250949,-0.031723022981213836,0.05675486043603842,0.017146674669081843,0.012343595949644003,-0.03432610183156241,-0.025022532769199943,0.00673435926768758,-0.004492302219574947,-0.027708609415320277,0.009295380939012783,-0.04860916645280583
lingual-lh,0.011870564602548173,-0.02670068775046532,-0.02076408043193417,-0.02076408043193417,-0.007162513284762957,0.013649797775328192,0.03276661675328551,0.005106616508708827,-0.022302160463929296,-0.021533120447931733,0.021520400282263957,-0.00769040015997562,0.04546717216565599,-0.04537336094385615,-0.019647355887684098,-0.05460184113582689,-0.002091407238543337,-0.03488346432316439,-0.015261548766815845,-0.02307120047992686,-0.02023619355672151,0.0011522350067392799,0.045695605140773116,-0.05306376110383177,-0.014035642800584034,-0.00769040015997562,0.5820027000185987,0.03402803318200652,-0.019502664003213155,-0.03306872068789516,0.010921322239590463,-0.0020076661478971507,-0.046959671604008255,-0.04921856102384396,0.15859714557342963,-0.014444278122661301,-0.002368070841817441,0.05307383123498543,-0.011583830868120407,-0.029223520607907352,-0.003941661336301769,-0.021581351076088714,-0.03728704562747104,-0.0007690400159975619,-0.044424118580898446,-0.047680480991848836,-0.051525681071836645,-0.03999008083187322,0.0059466774496847955,-0.03922104081587566,-0.05460184113582689,-0.03524386901708468,-0.028454480591909793,-0.02076408043193417,0.0023908611386388706,0.017398536599002038,0.0515002407405011,-0.03755098906507737,0.026746268344108173,-0.04673123862889113,-0.02823876778246044,-0.006850339218999643,0.03436564757910539,-0.028322508873106625,-0.015165087510501891,-0.0040736330551049355,0.054792113613940686,0.00867515298542253
lingual-rh,0.018312886406988953,-0.05082496763787122,-0.013096855655354662,-0.026883019503096416,-0.03335095302905099,0.018393207602686486,0.0024587979820859347,0.0815800227128698,0.033672930235942,-0.024137211731211937,0.03205300405202478,0.004744836151012073,-0.021196140362890335,-0.05389240640459629,0.00441178015850761,-0.027020811899163742,-0.012166237663824532,-0.04244975192615047,-0.018128701596165277,0.016141444426751975,-0.02395337313243868,0.034707065630547845,0.007846896122779173,0.04629893750272486,0.01086828868679832,0.012453593665673496,0.013177523063102627,0.2669021401221727,0.004802307351381865,0.010937184884831983,-0.032282542641453534,-0.057212579968128265,-0.01712918740660148,0.011488700681151742,-0.03484451181456476,-0.09281529617311378,-0.011419458271067653,-0.017301601007710853,0.03448860582673254,-0.004779111144003692,0.03711947119787744,-0.02550440311832224,0.00766305752400593,0.05414548741345363,-0.0496301898518703,-0.037911950581289815,0.0061006025404585,-0.0022860381689261385,-0.017692128200585102,-0.0246312563271619,0.02933039248751848,0.015061609041490636,-0.004721639943633901,0.015452136234364887,-0.009903049490226143,0.023390778550505475,0.03399456123078259,0.011741435477958652,-0.011867456664311696,0.035970739614582435,-0.034603202015421705,-0.023585695934892178,0.010017991890965729,-0.04957271865150051,-0.007605240111585713,-0.012304030059891866,-0.0035268621576329774,-0.015497836225020385
medialorbitofrontal-lh,-0.0026001154074482818,-0.028922034962135554,-0.04564588534198887,-0.015666281804074783,-0.015556647035467589,0.007546127610421625,-0.0006913214230077913,0.009012552484848817,-0.03026206866227323,0.00015990398565416,-0.05424575149260451,0.017030731981063845,-0.037821122642792644,0.02840737393046424,0.037023996486762197,-0.034113169442518854,0.0024478714929631893,-0.03502759043832557,0.009471678000544438,-0.044495438403285466,-0.001984915941683038,0.0690258588133085,-0.02079422069731333,-0.021788593685947117,0.0967213248794981,0.03132729730922083,-0.027611684037777987,-0.006388020600549148,0.2120197586073143,0.027210487810298403,0.02567703731314191,0.0014070593228669654,-0.024645321477558952,-0.031066854889472743,-0.0347283689082841,-0.016976632728432348,-0.006733681312053046,-0.00648472899905855,0.055723666473785294,0.009834095117730653,0.036345601433852195,0.019331625858470668,0.047958269326149286,0.024602712331681056,-0.027910905567819447,-0.01869583995143857,0.014599616893782986,-0.04968657288366877,-0.02328853137173895,-0.04195468854739741,-0.0026001154074482818,-0.04114990232019789,-0.05367316117271717,0.006193167540186158,0.03831759100543744,0.03273052659650327,0.03686792253669258,0.045876644985956866,-0.0234613617274909,-0.029394086847928966,-0.003278510460358284,-0.027674879624922745,0.0006319558714475668,-0.015573403441149913,-0.014579030452516129,0.01371487867375639,-0.011123859600821366,-0.028922034962135554
medialorbitofrontal-rh,-0.011421527350576742,-0.03163798731241966,-0.04889710045487769,-0.03544902815092712,-0.027779696176758725,-0.010537975781719156,0.015191985111774471,0.009466292661618594,-0.04321286071940246,-0.007669331974168393,0.038665816785970655,0.059318254949769535,-0.02310249651681213,0.03348219829702333,0.015574915434104159,-0.014561208138731786,-0.0049125815083430405,-0.039796345368170324,-0.030153516320254394,-0.0470711518550634,0.004942439058078056,0.03728164397058516,-0.0049772245529149705,-0.03450663111997042,-0.008452585366246216,0.0777734093563701,-0.037811253129477154,-0.007286401651838708,0.047466546979709645,0.2272820459236695,0.029847693844813207,-0.00965442421286156,-0.02161222794217405,-0.02977058599792471,-0.039354569583741526,-0.014172480233929282,-0.041840283068962605,-0.010031556952718427,0.05121874235611798,0.023898214711206518,-0.021064356398492672,0.044674141381676455,0.02714978884108696,0.033270006778518164,-0.03368192501321194,-0.0001823339687701512,-0.03240964553955184,-0.04949801987818537,-0.019462194482129182,-0.013023689266940228,0.02885224893423021,-0.027844339221330658,0.02168353820658972,0.01936276594272034,0.01816672467857782,0.0069333288792440455,0.024393038375261602,0.04763728578353416,0.019651195670743086,-0.018366451394766423,-0.020457639392712175,-0.040568003595302514,-0.007716582271321868,-0.017748139224040296,-0.020063113905436854,0.03470142989105713,-0.010031556952718427,-0.030094670858155287
middletemporal-lh,0.006014218597367163,-0.03952678111491859,-0.006582228131562944,-0.001570379300423647,-0.04186564390278359,0.029068723220607925,-0.01303080696096217,0.011727726264865956,-0.009489100453623736,-0.008553555338477736,0.011995024869193386,0.04450521762051696,-0.0018710902302919998,-0.010959242777424596,-0.028935073918444205,-0.020247869277802758,0.017240759979119183,-0.03962701809154137,-0.01851042834967447,-0.017374409281282897,-0.002104976509078505,0.01453436161030396,-0.019178674860493045,-0.04774621319798703,0.002706398368815224,0.06816114410349444,-0.0082862567341503,-0.035751188328793655,0.05025213761355669,0.04851469668542839,0.29265855941299407,-0.04774621319798703,-0.036586496467316876,-0.04106374808980131,0.043135312273338874,-0.023522277180813768,-0.02539336741110577,-0.01309763161204403,0.08199384687743891,-0.013465167192994244,0.05917322853298463,-0.0011026067428506448,0.008286256734150309,0.014768247889090463,-0.023555689506354695,-0.031407586008472925,-0.05265782505250354,-0.034147396702829076,-0.057335550628233554,-0.0005345972086548584,-0.02492559485353277,-0.0396604304170823,-0.004410426971402579,0.04634289552526804,0.05970782574163949,0.04995142668368832,0.04681066808284104,0.009789811383492091,-0.0071168253402177995,-0.042533890413602164,0.008085782780904731,-0.04510663948025368,0.0003007109298683578,-0.04106374808980131,-0.04366990948199374,0.019379148813738617,-0.010758768824179027,-0.013030806960962173
middletemporal-rh,-0.0002896213791134205,-0.000957223202154533,0.032393414928296116,-0.03834783412939071,-0.02368513820715696,0.008467743711366995,0.011309960296225831,0.08259609025360062,-0.010234925007652282,0.03281557490463094,-0.011084153797256044,-0.052539281705948376,-0.031387103356800325,0.0802889368945615,0.005684433169717672,-0.01942426774833577,-0.011236327742213946,0.007662694454170365,-0.03343408835833078,0.09414167472266449,-0.03616340169370473,-0.005929875016423959,0.004138149535468041,-0.0142159917612283,0.013955823403719632,0.040041382871664095,-0.0032840119089301545,-0.057315580042852775,0.0191640993908271,-0.0019340817520455608,-0.030439697828514047,0.33534719515480366,-0.020872374643902878,-0.030022446689113358,-0.030022446689113358,-0.027695657982337737,-0.018575038958732006,-0.017210382291045035,-0.00887026833996531,0.04343829803007916,-0.00238078591305101,-0.006931277750985621,0.008664097188732027,0.030680230838286218,-0.0375280583613917,0.024303651660856806,-0.036929180255428344,-0.019272093803377868,-0.03504909570965817,-0.017126932063164894,-0.013018235549301609,-0.013715290393947466,-0.00729453168411093,-0.0026016835750866715,0.002312062195973249,0.020626932797196584,0.03349299440154029,-0.04067462283616633,-0.01609607630699848,-0.02805891191546304,-0.03616340169370473,0.03103366709754327,-0.001364656667686971,-0.03818093367363043,-0.03889271502907867,-0.00912552786053985,-0.03343408835833078,0.006450211731441292
paracentral-lh,-0.037587524690006244,-0.05497929512296369,0.010600561383828401,0.008114207721055517,-0.034242740991252664,0.020571386447825413,-0.038318902661459535,0.09089525656401398,-0.004292150179903423,-0.022491529823030598,0.02148063730961705,0.002422827630509191,-0.028500540074895386,-0.044995764852513935,-0.04504658567832489,-0.05581231474603889,-0.005175990628789584,-0.01606877176103097,0.015293754167413926,-0.021658510199955388,-0.031025009357026494,-0.041752622805382285,-0.02928273887215964,-0.0177729266265396,0.016215710235658296,0.005742200916357281,-0.05000658779741792,-0.008647826392070535,-0.01428838565680591,-0.00934108874416562,-0.024398967991783045,-0.027654815245367448,0.6484825757522656,0.11204555850585982,-0.049981177384512444,-0.04664909889221162,-0.0019455537881106608,-0.029206507633443214,0.05939297336458896,0.003910993986321267,-0.0009473664811498563,-0.02838619321682074,0.012126843358998694,0.028106678674860493,-0.030115758495234853,0.005411865548586076,-0.030217400146856758,-0.038331607867912273,-0.020297395908670697,-0.03253858612574404,0.013627714921263507,-0.02761669962600923,-0.010135992747882612,0.008947227344130724,0.014816480325015391,-0.010943601958052341,0.05617524173036277,0.012870926536904722,-0.003713234685882988,-0.004508138689599979,-0.03843324951953418,-0.045866900094947365,0.005780316535715498,0.0070906100011892325,-0.02598877599921703,-0.00916321585382728,-0.017633169355559482,-0.014161333592278525
paracentral-rh,-0.051050733443769494,-0.04156975450462633,0.029373502317857514,-0.0008001964206578885,-0.01747395217470342,0.012591854911588445,-0.030744625398198274,0.06081942345550877,-0.001987004595116778,-0.010159797251049584,0.04932896249370225,0.01919122763926136,-0.05480446384404667,-0.04579551088338146,-0.004446035168711524,-0.048483811217951214,-0.025525366721884747,-0.023758640916724357,-0.025102791084009233,-0.02927909712216192,-0.024509386996779785,-0.03505579600163038,0.010168788222068216,0.01984307303811188,-0.01080265167888148,-0.00462585458908408,-0.05255222560388037,0.025534357692903378,-0.012654791708718839,-0.015815118021766564,-0.030115257426894314,-0.03753730400277169,0.1146753398570902,0.666788392683486,-0.03778006022027464,-0.042792526563159725,-0.025296096960909738,-0.017388537950026456,0.020013901487465815,-0.03002984320221735,-0.012412035491215886,-0.0032097766536501784,0.01779762713137403,0.030331040731341387,-0.05014264537088808,0.061592646963110766,-0.047297003043492325,-0.03418367181282347,-0.015028408057636623,-0.045044764803326025,-0.0035379470958300948,-0.019690226530795208,-0.031531335362328224,0.009467492482615232,0.011526424845881032,-0.006684786952349883,0.04257224777320334,0.002625363537439358,-0.01092402978763296,0.062064672941588746,-0.05480446384404667,-0.05029998736371406,0.0,-0.033032827522439086,-0.03362623160966853,-0.0056912846547914914,-0.002459030573594746,-0.018768652001385847
parahippocampal-lh,-0.013484598365103108,-0.024580532993252923,-0.020957566441756167,0.005899711639462942,-0.011380527764145587,0.01608111102160387,-0.03757908465418347,0.0005212211367113598,0.007536921590359976,0.017654367458793986,0.04051455093333088,-0.008672096458657724,0.004179362120746922,-0.04408315699817676,-0.0465165881947249,-0.04106455115121036,0.03483228124047146,-0.0006779072452933032,0.06117793121203524,-0.0231255905564206,-0.031148558850953127,-0.04362588937517232,-0.0417872258560985,-0.027077917703507964,-0.03311512939744078,-0.0020401170872506,0.1460122671442585,-0.03856716644095531,-0.02372035823389491,-0.032520361719966466,0.0890232910800262,-0.03613373524440718,-0.04513519229865552,-0.02930989533187931,0.6172569305693498,-0.03567646762140274,0.017580820918031034,0.08167823003078696,-0.018789542327091735,-0.03541106053951904,-0.01806686762220359,-0.02384826526130874,-0.031340419392073875,0.015230529289301896,-0.017225878916957656,-0.04585786700354366,-0.023464544179067254,-0.013283144796926325,-0.011709888359736204,-0.025431114725554895,-0.04730321641331995,-0.042637807588400474,-0.028906988195525746,-0.0136029123654609,-0.013008144687986587,0.0014997098964271652,-0.008672096458657724,-0.04480583170306491,0.0494232753927042,-0.046973855817729344,-0.03515524648469138,-0.0010072678408839205,0.014050586961409307,-0.03179768701507832,-0.03935379465955037,0.04648780911355678,0.05593694076375353,-0.012944191174279671
parahippocampal-rh,0.002910817594520598,-0.04568163331268515,0.018530133921664752,0.022297203735091184,-0.04500411068346743,0.0017196536213991889,-0.034894065216309555,-0.009000822136693487,0.0468502498606459,0.012536918326522959,0.013973904227615413,0.007742565825289153,-0.009663496461537113,0.15217202247205847,0.0035063995810812962,-0.039465143214732976,-0.025617724542896847,-0.12126170232559726,-0.038080401347549364,-0.0069088610315439745,-0.008472332488415708,-0.021835806425096322,-0.012142613354811033,-0.03877277228114117,0.0032011844356139023,-0.005538967468734454,-0.002434571980151651,-0.07426241948401142,0.004280711157330121,0.010817264705123779,-0.00649200863467139,-0.02202938431915853,-0.04084988508191659,-0.03669565948036575,-0.030754687919132797,0.4569406189338346,0.00795099202372545,0.013988752531989503,0.016549810067920435,-0.028387208277264073,0.006052608812638144,0.007452198984195844,-0.016795631995891472,-0.01869401520697878,0.005196356593732311,-0.04015751414832479,-0.02035427561088161,0.009737737983407557,-0.04015751414832479,-0.03461854667959033,-0.01768158082354548,-0.03254143387881491,0.005970668169981131,0.05477154527562317,0.012187158267933302,0.0043923484087353155,0.014956642002300527,-0.010854660434658518,0.029250609679757428,-0.03600328854677395,0.055106457029838754,-0.037246696553804186,0.03564582936739771,-0.05192782001938549,-0.010162289501066714,0.02796265675960492,0.0008188564893710884,0.005970668169981131
parsopercularis-lh,-0.03691271557067282,-0.035638752569826265,-0.005150611474977602,7.005991218309165e-05,-0.025353635346809705,0.00760431897407966,0.0047906484778989615,0.0629613130348849,-0.018272752498235893,-0.002602685473284494,0.0029384898799551685,-0.022274220356141416,-0.026228981605924878,-0.01148902031168003,-0.024001559570310735,-0.021907009781940386,-0.010238410614894505,-0.009394470523309684,0.0901824074202301,-0.031183908498597982,0.008581131312908276,-0.030152336688177985,-0.046033388736025596,-0.025486507594053496,-0.009660215017797274,-0.017585037957955896,-0.01588910491131693,-0.019413843251838654,0.032308893525262096,-0.028456403641539018,-0.023337198334091765,-0.02657283887606487,-0.008862981534334506,-0.025752252088541084,-0.011965749829063822,-0.00981644056910209,0.3480294587034545,0.010972831763296564,0.05033925483307144,-0.0304414344867266,0.03620889530345418,0.0007658273159324106,-0.017053548968980724,0.05267619581186834,-0.022759002736994532,-0.04096894290016972,-0.007987635275219328,-0.03129342744178075,0.10903335551556324,-0.04454844071228283,0.0009454061712982649,-0.022571371018159345,-0.029542734923550397,-0.010215057310833471,0.08297670518788183,-0.0188275947912721,0.02226616749267209,-0.026971455617796257,0.002907083712424814,-0.0291988776534104,-0.018726128711558657,-0.02055493400544142,0.043477409870863154,-0.025244116403626934,0.02634574812623003,-0.008276733073767948,0.010707087268808974,-0.022274220356141416
parsopercularis-rh,-0.030660927132378713,-0.026591799811225628,-0.001576994137801452,-0.018923929653617423,-0.04257884172063921,0.04528807543538989,-0.013241624772763055,0.0024197663395519415,0.04132749837993633,0.027134551139723264,-0.00704219848725677,-0.014192947240213067,0.0535710637652954,-0.03696890368358452,-0.046503235354192915,-0.009136314029710137,-0.028385894480426135,-0.03696890368358452,-0.04888681827184501,0.030216172571526485,-0.028975382728877726,-0.019477234480169175,-0.011664630634961601,-0.02743457201297612,0.03435766673647924,-0.003153988275602904,0.0694857388309093,-0.028241160792826767,-0.0006980385141511209,-0.014192947240213067,-0.01863446227841869,-0.036089948059934186,-0.05358161726334953,-0.02431676715927306,0.09486237872333189,-0.004369148194405937,0.020826574588517454,0.8304638077342262,0.02225883503871954,-0.04415583585844066,0.009534331670608395,-0.059672493283156276,-0.037847859307234846,-0.009461964826808712,-0.03469387103163195,-0.058348783098653725,-0.05992577723645518,-0.0045862487258049875,-0.025749027609475148,0.025629923845721495,-0.032972143206231125,-0.02996288861822759,-0.02365491206702178,-0.014192947240213067,0.0,-0.026808900342624686,-0.004730982413404356,-0.045732829996242105,-0.03300832662813096,-0.0346576876097321,-0.0020217486986536712,-0.02739838859107628,-0.02039237352571935,-0.051823706016048854,-0.031286598802730145,0.0414722320675357,-0.07954774540422371,0.07627465336486716
parsorbitalis-lh,-0.02323744046234072,-0.04831802899729416,-0.06088686553420034,-0.019747837782531256,0.010145225571874923,-0.007096476857926892,0.005754679952683649,-0.0052660487097337975,-0.026996643491434887,-0.004504714696909081,0.0020112992685992846,0.02391004524628692,-0.011528284670967262,-0.006404947308380715,0.003305629138813107,-0.02356102292989417,0.00013960892655710228,0.008597117697386197,0.02243174183507675,-0.0644335527528687,-0.003210384826695261,0.023979849709565473,-0.011978756140658168,-0.013625210747854897,0.05011371003487748,0.004149487539336019,-0.025334366539228357,0.00797849503170874,0.03370314608117895,0.012578454040735664,0.043486629412241476,-0.016987924425526903,0.004980626015439286,-0.018072840905905076,-0.03197726950687417,-0.01446906914837781,0.0006028003206676569,0.0031945624816854565,0.20075298275822412,-0.024785548336829444,0.044003802924620763,0.035254356376257824,0.00482519474387238,-0.003886092031231622,-0.03255462997870254,-0.013428517282438896,-0.009824745524911626,-0.036805566671336706,0.0020112992685992846,-0.020677322991342523,0.02243174183507675,-0.03490533405986508,0.012143804916054558,0.002163628119576031,0.011931289105628752,0.006684165161494916,0.02527417957977929,0.0426554909361382,0.02143245216298693,0.0033754336020916558,-0.015173318622343624,-0.026657238678871625,-0.020985083113886173,-0.007347152441611631,0.020109580023343652,0.0029407844774105513,0.010935101854129093,-0.045320159981024705
parsorbitalis-rh,0.049823480152847016,-0.013672821295138105,-0.018564013542529685,-0.024428766795462353,-0.029863847872765147,-0.027442454802000405,-0.009439734531939095,0.0012678048625230473,0.003342740748634342,0.0048079772564151675,0.010870162154605598,0.0050228133442300925,-0.03309237196711814,0.055275965672706984,0.017309805900754413,-0.032285240943529886,-0.024626198440720122,0.0049395983532536806,-0.032285240943529886,0.007575827511833351,0.027324430925909676,-0.0037240068184021084,0.057614143752495295,-0.032285240943529886,0.029004503521505423,0.07395419586951801,-0.032285240943529886,-0.012931500819969114,0.04076501169067568,0.05568823340577967,-0.004662758938828873,0.06306662927235525,0.0021233419919733957,-0.03389950299070638,-0.03954942015582412,-0.036320896061471125,-0.030670978896353396,-0.025021061731235666,-0.015138057802918926,0.11676531733831967,0.01329155522537034,-0.003478169067282242,-0.014958030600218315,-0.010492703306647215,-0.03389950299070638,0.01823115357862402,-0.029863847872765147,-0.02979803732434589,-0.029863847872765147,-0.028530232461822843,-0.032285240943529886,-0.032285240943529886,0.10897247818335178,-0.014348331221887842,-0.012106965353823709,0.029860040650955766,0.0633646803511466,-0.05536298788549277,0.008909442922775655,-0.03389950299070638,0.015629733305158666,0.011050189357306206,0.010080435573574511,-0.023275178587220655,-0.03147810991994164,0.05608309669629522,-0.016142620471764943,-0.01775688251894144
parstriangularis-lh,-0.03182709118859657,-0.009962299257341252,-0.06031229820660649,-0.02001962839631056,0.09378657401008936,-0.020795705762939688,0.016630229284909877,-0.04006301426302813,-0.06604576773149923,-0.012638974256531505,-0.00149672063564189,-0.022015255910499743,0.0031359860937258607,-0.020439343706834475,0.018301171370203196,-0.028429772920393552,-0.0033577224841913264,-0.005234562646345445,0.05546577424357561,-0.0770533956867491,-0.009392119967572913,0.032745713377667775,-0.005044502883089333,-0.03522440945679958,0.06554686085295193,-0.02001962839631056,-0.019964194298694192,0.02591148105725005,0.03550157994488141,-0.04452149954274444,0.04246251877413655,-0.011728271224262631,-0.019148521148053373,-0.03704581552133734,-0.0341236466612746,-0.009962299257341252,0.00030884711529117906,0.003682407913087187,0.1108206802919185,-0.005994801699369896,0.34696201698083634,0.00616902314902133,0.026006510938878107,-0.010112763236585675,-0.014420784537057564,-0.033022883865749614,-0.00149672063564189,-0.0300215234376635,0.003191420191342228,-0.0448461849716403,-0.00551965229122961,-0.04604197764879334,0.02557095731474952,-0.04045897210314502,0.06998950781906356,3.9595784011690506e-05,0.032500219516795305,0.004331778770878904,0.0005543409761636584,-0.014230724773801448,-0.017287519299503933,-0.030821358274699638,-0.024216781501549715,-0.011007627955249871,0.023860419445444505,-0.0075152798054187965,-0.001100762795524987,-0.03949283497325979
parstriangularis-rh,-0.05666061864083086,-0.03443739609959038,0.010169560650428363,-0.02476465727725509,-0.033921465739647556,0.07996156237839634,-0.0042688460152305475,0.023793943859288614,-0.002422961838546254,-0.01648301957358043,0.021867803848835438,0.13338901743025222,-0.018091957955328027,0.044530522622619806,-0.0021630858053898736,-0.033325279545935865,-0.023018137466189414,-0.0041694816496119285,-0.02434809128293089,0.019960772370231996,-0.00035541869240505216,-0.039978870336013196,0.004192411887831608,-0.038767389416740065,-0.006175877493833986,0.0230410677044091,-0.034934217927683454,-0.03755590849746694,0.04415217369199507,0.08175012095953144,-0.0028777448965699205,-0.03236985295344918,-0.03686035793813663,-0.020912377256348744,-0.03270998482037443,-0.01153773153086931,-0.0037529156552877315,-0.06321484506528957,0.05918676655136567,-0.026411812722702144,0.006554226424458716,0.23342218166360904,0.019089423317884133,0.010983584107227027,-0.027864061143281927,0.10220771515785651,-0.04724775585165196,-0.015451158853694804,-0.035350783922007654,0.04695348446116605,-0.035946970115719346,-0.004566939112086396,-0.009412862789178904,0.024669114618006426,0.042046413482154404,0.038870575488728625,0.004528722048386927,-0.02450478124409872,0.030608046316903708,-0.01707920576729213,0.0017694500492853535,-0.028479355868843353,-0.02059517562764316,-0.059064471947527376,-0.05088219860947134,0.007926219011269605,-0.0714773742371145,-0.001211480919273127
pericalcarine-lh,-0.023778550739053314,-0.0411770124109679,0.012018323025125887,-0.04440658201182813,-0.02468593818130337,0.009331969733699054,0.018763934509433113,0.07490979932773538,-0.024321767048486705,-0.0027863483334618355,0.011246739660234175,0.024265013105710085,-0.010488669138860707,-0.009209678499858947,0.03982032292173624,-0.03794744281010767,-0.013889851852402626,-0.030309308011420462,-0.003993720901816905,-0.018570025204946307,0.008996175572270696,0.036390763236806005,-0.05105827923368356,0.002501227335226896,0.027502014770505352,0.018813256388274694,-0.04396336074442973,0.0024728503638385907,0.06734328259969487,0.03315376157201075,-0.0031505194662785007,-0.005744309779605365,-0.010824463300289062,0.0007506384574384366,-0.03135249953102887,-0.03131669049570552,-0.02048479513148143,-0.02260698720602159,0.02770200485457535,-0.023542751619659966,0.0271945975804653,0.009603577888415746,0.12746597726541628,0.04004868997719455,-0.02788713081077529,-0.029466106575882063,-0.01859840217633462,-0.027615522656058593,-0.002950529382208498,-0.016712009221187808,-0.0014357396238133863,-0.027551336649346937,-0.017591019692049556,0.00936034670508736,0.06855065516804994,0.02504402853453683,0.04361405373948314,0.035719174913949304,-0.0008641463429916786,-0.01721941649529786,-0.031116700411635518,-0.02229957001598155,0.02295021343138498,-0.029873518807957102,-0.02717973345259524,0.027866185903322013,-0.017391029607979547,-0.008038114966827223
pericalcarine-rh,-0.0052736484340257924,-0.003646961322776074,-0.040495506811973364,-0.04660238751147842,-0.04504897459442914,-0.07120367482717398,0.015900500141494998,0.04232108102176713,-0.01928786146196095,-0.026408019589837774,-0.006747506511657455,-0.02745479379270117,-0.006393696831089627,0.021354193738413296,-0.00556046456561036,0.018427413067207236,-0.03746195517207524,-0.03572849709213346,0.039274968091434645,-0.026368242170128963,0.07374314904332058,0.09191724275343488,-0.002093548405726792,0.05123541013335182,-0.002453638731511802,-0.002953996800480511,-0.007767064585246404,0.02284061310647932,0.026560848623455823,0.022080655035200486,0.010986942033254213,0.009000164596219487,0.013693900121858959,0.007986887167847716,-0.011160706550929534,-0.049709213345576986,0.029341080906261013,-0.006213651668197123,-0.011807613008299115,-0.029514845423936335,-0.023441461498922903,0.007660293616554338,0.03270122609745252,0.0005296677466488521,0.0035066935795923806,-0.010293977510958644,0.04704203267668105,0.014600406581538657,0.04144179069136188,-0.021927826001582433,0.0896771459593072,0.02081405824973578,0.0003998677454938178,-0.027994929281378686,-0.00046058064925989426,-0.005813783922703306,-0.04172232617772928,0.0029330613164232364,0.01420053883604484,0.06803613608930933,-0.00820042910523185,-0.007767064585246404,-0.08388429752066116,0.015680677558893685,-0.010727342030944088,-0.0021270451802184193,-0.0328017164209274,-0.05136939723131833
postcentral-lh,0.006328647019285978,-0.026610556750035225,-0.002167147614112718,-0.0017855568382058246,-0.057965798808044804,0.025631380419406227,-0.027114544567270738,0.0005039878172355159,-0.005277472429051897,0.010014957911065749,0.014658845655592997,0.03204642535021828,0.005947056243379089,-0.02166427631516666,-0.0015407627555485794,-0.045394902680998946,-0.0068686339663240285,-0.05377550009902951,0.028604908541095767,-0.02653855849043015,-0.030988050934023695,-0.04507811033873661,-0.00839499706995159,-0.03447996652486977,-0.017596374647480005,-0.0019079538795344516,-0.03923905148476514,-0.055172266335367946,-0.010230952689880965,-0.01334127750482015,-0.013406075938464716,-0.04120460397198365,-0.024450608961883013,-0.04444452565421197,-0.023500231935096046,-0.017027588396599916,-0.016710796054337597,-0.019554727308738005,-0.008639791152608836,-0.028633707844937795,0.022902646380373926,-0.018539551848306468,-0.016005213110207875,0.028367314284399023,0.6267448498621662,-0.03238481717036213,-0.03092325250037914,0.024925797475276498,0.05716661812642848,-0.01550122529297236,-0.036510317445732854,-0.019691524001987648,-0.017337180912901734,0.02010911390769707,0.0021527479621917013,0.0023399434371648943,0.010785339288840035,-0.03339999263079367,0.06217769699494161,-0.028324115328635976,0.061666509351745585,-0.05377550009902951,0.05882977792330568,-0.018993140883818427,-0.038411071499306795,0.027604132732585242,0.01522043208051257,-0.014226856097962554
postcentral-rh,-0.02436344045961139,-0.013712590037483102,0.021147722409392253,0.018304794254107793,-0.033515837586665286,0.06507939070181396,-0.032811183643957235,-0.008553096850305645,-0.022103604324773672,-0.020669984054905312,0.0020410246747673646,0.06865938931240949,-0.047754790747539855,0.04296768224888953,0.0096544478659931,-0.04632927460582225,-0.02637204862177574,-0.01728448451992787,-0.04704203267668105,0.013339800142548425,-0.04278169250782974,-0.04704203267668105,0.026655287900644586,-0.044207208649547344,-0.03211463382939994,0.07926971909378401,-0.044207208649547344,-0.04276548425152823,0.005499461363101586,0.03242218549272105,-0.02504378201786718,0.028834082753974765,-0.002381398057099031,0.05430697835742437,-0.048467548818398654,-0.04419100039324583,-0.03209842557309844,-0.029223080905210953,0.019009448196815843,0.02595873808608729,-0.01710619370061129,0.1146807070485031,-0.014392931595738892,0.009873259326063453,-0.0321389462138522,0.4042938827079191,-0.04206083030882018,-0.017932409565580648,-0.04347824232238703,0.03588062218105527,-0.04704203267668105,-0.020078787906307818,0.0012553294505517755,0.006236531818412652,-0.011404129133740861,0.03318356833248438,-0.0014660367824713767,-0.02933653869932151,0.0018546297273000247,0.023836672129812393,0.016028749862968563,-0.0563078875978455,-0.0021382742125764112,-0.0037177687891583426,-0.027838085404247117,0.023966338180224447,-0.02637204862177574,-0.016393435629752488
posteriorcingulate-lh,-0.017765509612359273,-0.03715554017074116,-0.01750247618016213,0.02787823521626581,-0.011818858600170604,0.05146466916882015,-0.025937191859171583,0.045201495745559865,0.020023075380525113,0.09193211456760333,0.006980036026732585,0.013422425100860946,-0.03277992112570063,-0.006409854540586158,-0.012535721203642903,-0.056007923776518816,0.019822905284324777,0.05957348807963566,0.0054415385931266495,-0.02012784760718645,-0.031050627953016677,-0.04570660816462188,-0.04550643806842154,-0.03383426058557681,0.0248525235968408,-0.001233555110744256,-0.0533825523494945,0.008942033829159075,0.04408429294968689,-0.03150445712429183,-0.053740983651230645,-0.051632304731478285,-0.021803651800995923,-0.049882057113462074,-0.027887609573388136,-0.028404302080660096,-0.007780716411533956,-0.03850544759635669,0.014972502622676817,-0.028879085697267517,0.0189896903659812,-0.0393805714053648,-0.013885628629258434,0.056557150817332986,-0.03695537007454082,-0.04429383740300955,0.5805974997748812,0.0957281777693751,-0.0549745387619749,-0.025937191859171583,0.008404386876554855,-0.03904309454896091,-0.010722610249629887,0.015489195129948773,0.025990680838046055,0.009880020974163987,0.013780856402597097,-0.016531954501615022,-0.0408142966123094,-0.001875974290009815,-0.020390881039383593,-0.0446522687047457,0.020244199922057723,-0.049006933304453965,-0.002055189940877889,-0.008751238090081066,-0.03850544759635669,-0.0037006653322327675
posteriorcingulate-rh,-0.03215536982254184,-0.03712370059356902,0.002168440455231831,-0.017021390197387815,-0.025644265948965718,-0.008053876976125068,-0.047518336759768354,0.018617362372438447,0.028325036602420327,-0.0035423643276667294,0.06516308130668681,-0.011879584189942088,-0.018848662687663182,-0.012166396580820754,0.013247725554496355,-0.036495720237733884,-0.006283273063079769,0.0070222775702227765,0.014447017688936576,-0.03712370059356902,-0.002743221738565289,-0.029299967431092564,-0.0571704989140963,-0.04529091472415421,-0.054943076878482155,0.033409017531059876,-0.04306349268854007,0.013704543677065195,-0.04529091472415421,-0.031241733577404163,-0.035638752569826265,-0.021931895889608814,-0.03426829820211974,-0.03809516191751288,-0.021247246956543623,0.001711622332662996,-0.021076084723277315,-0.003198883359558005,0.00034116796495647304,-0.0246161360477918,0.003025408123139455,-0.01365018810298739,-0.024845123359864277,0.05950894510101831,0.02478382877632973,-0.012737708359425837,0.11553335095317609,0.6885232133452124,-0.017706039130453013,-0.04974575879538249,0.008621719250001773,-0.05420060286661078,-0.0050273123514094865,-0.03489627855795488,-0.015249629782766392,-0.007939383320088828,0.00890853164088044,-0.04020809029709079,-0.01930548081023202,-0.005827611442087051,-0.027815019407349803,-0.01959113669953456,-0.002969896047485522,-0.023759168379884177,-0.0046271628060707065,0.07846978844156546,0.022044076542492807,-0.024501642391755556
precentral-lh,-0.04644959679056535,-0.0566642666332749,0.08360318783562418,-0.0034102789364078233,-0.02148399650094511,0.0032191283323314236,0.030671588471005342,0.09152785442153782,-0.015914952035913258,-0.005612790374422471,0.03526776195111103,-0.007083033329159363,-0.005825813933194175,-0.042454454065565556,0.015166516586121583,-0.05577888746712999,-0.023861491576522228,-0.024162006954075176,0.0772143830685333,-0.018139336428623212,-0.056210640572854784,-0.029452408996249395,-0.04515433747339094,-0.004464935751933837,-0.017964352791060734,-0.004426895830724601,-0.011613587945179126,-0.028588902784799777,-0.014488454990566982,-0.016259213322856823,-0.057549645799419825,-0.045542344669725114,-0.03254029960040895,-0.013428092186859586,-0.028157149679074973,-0.04513246451869563,0.10340962381124204,-0.019756984078045884,0.024665084912067297,-0.02921751248278237,0.02019444317195208,-0.03001539983014605,0.006547621438139395,0.05489921428916645,0.04099562308719143,-0.04869585413797062,-0.05484976239159444,-0.020210610138466003,0.44237480272445373,-0.03807130414423158,-0.054439882240564945,0.011515635148065357,-0.0028910340119017836,-0.00744916757079824,0.07593529071787282,-0.013171322718697255,0.06608675511680216,0.020910544688715903,-0.0075965722654840135,-0.009864702567584595,-0.05312274996869522,-0.045542344669725114,0.06517950299596192,-0.02100849748582968,-0.040639949823885094,-0.0008197603020589911,0.003006104773559713,0.0027873752266066197
precentral-rh,-0.019418079975385704,-0.03990194329678279,-0.016587932602784086,0.008543059572912558,-0.03017107266282184,0.06482358517237005,-0.00510557242592946,-0.00904516443707863,-0.02610049677406413,-0.04257927614550777,0.011949759911056039,0.10296116444256258,-0.04182807800982118,-0.0071626910165764075,-0.00924164025349144,-0.034328971136651905,-0.028113954072174895,-0.02293393354486964,-0.039770959419174245,0.005049036649696718,-0.0377138408285273,-0.039770959419174245,0.01301554325706741,-0.033001220035423454,-0.03508016927233849,0.02827572475862305,-0.04045666561605656,-0.027493739814096852,-0.020081955525999933,0.03960527041160105,0.026795159133517973,-0.013268554849712969,-0.03227185254600496,-0.041186033105475056,-0.03028022589416229,-0.037028134631644984,-0.04182807800982118,0.022235352864290757,0.0580101844960831,-0.009883685157837573,-0.015880395759633684,0.1144653552656853,0.014496108882172488,0.002633671556188809,-0.02488189890417614,0.08022370671410575,-0.0180030062890849,-0.044570902797350445,-0.03359960364723341,0.4096089756883336,-0.039770959419174245,-0.041186033105475056,-0.026851694909750715,0.08305385408670739,-0.017828361118940178,0.00027092391778860614,-0.004996419194589013,-0.0072718442479168515,0.02874312449282446,0.01580202933713284,-0.010613052647256066,-0.0038651439097733696,-0.0006857061968823145,-0.00026196775521708174,-0.023314010693998695,0.007346292349292649,0.002524518324848359,-0.015216520209019462
precuneus-lh,-0.05093017051262294,-0.048161229635913926,0.003658670281020519,0.013657426801878094,-0.04309475966452711,-0.006936349742979626,-0.011771779673753185,0.049263335679229255,0.015402454852359564,0.032328229415392054,0.027342848706170333,-0.007835410848095838,0.005865778412728498,-0.03394197008903479,-0.023346950065034643,-0.03184105027682872,-0.026640396883525846,-0.02502955225496044,-0.020034839844934014,0.028953693334735745,0.03519402691079827,0.02116204494558615,-0.03472551117384437,-0.003652234625293138,0.0029813175157128533,0.011618932850227701,-0.05406433485186128,0.006952117099511735,0.014191264444464998,0.04129374140921736,-0.02485160637409814,-0.033398800745643185,-0.010098509184632096,-0.020212785725796302,-0.050146629427813366,-0.032918057262807235,-0.009243210538462134,-0.023390712523980887,0.06130058615173723,-0.029774561222764184,0.010888485925169075,-0.025198166435018026,0.005937535974088891,0.08932078762321523,-0.04267644204224684,-0.048579547258194196,-0.0179870141924789,-0.02002550814412929,-0.050992596373178614,-0.0397202235838708,0.3582697365158696,-0.0065366955223087825,-0.01977580470190661,-0.004532632328799919,0.04715308416621847,-0.007907168409456225,0.02468942784976794,0.01749404296376092,0.0053226090693368885,0.031766396670391016,-0.03358607832731019,-0.05328079376705169,0.0430043387015573,-0.03381711836792345,0.010932248384115316,0.042817061119890275,-0.010079845783022675,0.011974824611952302
precuneus-rh,-0.0006296524152619475,-0.04223206814059909,-0.002795550003014704,-0.022444974189121482,-0.036089221865602865,-0.009371682516309833,-0.030694488036536505,0.10053094494521282,-0.025122597765210003,0.05743230432801593,0.06912729753589401,-0.002086924233974136,0.010927671027245301,-0.020475976382073522,-0.036246634969418344,-0.033746167835589966,-0.009745738739274772,-0.031816656705431316,-0.01449054321089278,-0.005099117356138288,0.039791364625846426,-0.03354926805488517,-0.052214193337467976,-0.05067848176871892,-0.04431899237457323,0.03912169192995342,-0.043177080367233764,0.011478883692470375,-0.02567381043043508,0.00224487094153137,-0.03549852252348847,-0.013959073884112353,-0.027977377783558674,-0.015435555437527447,-0.049910625984344384,-0.039928500787475514,-0.00775699759378216,-0.019196394609363225,-0.003957205348798826,-0.03224994294373022,-0.01878285170950898,0.00949014254697776,-0.023586886196460953,0.06509111883331657,-0.026028123314955375,-0.01968837725925434,-0.04126731257551977,-0.05144633755309344,0.027072385837555057,-0.05067848176871892,0.025359517826545858,0.38999550033467434,-0.03185614338232063,-0.03224994294373022,0.014687976595339321,0.011616553457841208,-0.005158347371472252,0.0369168412690531,0.038452552837802155,0.19517517341146817,0.008230304112712116,-0.021617888389412993,-0.000767855784374529,0.001043728918857944,-0.0255163973266196,-0.009214269412494348,-0.01226594921154781,0.034908356785115835
rostralanteriorcingulate-lh,0.01828954177581019,-0.025780313962132147,-0.04183410576890582,-0.04801028090919843,0.029179566466075443,-0.019674450128995585,0.0031180072753190908,-0.003982686754812645,-0.0011107690545397297,-0.013375230201179887,-0.02201192709561958,-0.041640749674226665,-0.008555913690473177,0.021822310964087054,0.023179169593672954,-0.027137172591718047,0.031893283725247246,-0.03799204162840527,-0.015445673799136764,-0.014159126476706911,0.0010299858505731984,-0.01407123734276185,0.018950393263814137,-0.022996285395804294,0.04094137656581277,0.04555686508502987,-0.027815601906510997,-0.005754307297356314,-0.011227369366088431,0.05486151939745205,0.0003164008822022281,-0.0050055666754073086,-0.01341038585475791,-0.031207748480475753,-0.029850889850889854,-0.007181477234098264,-0.024926106379449073,-0.010141284068316242,0.0483513655481682,0.08767221608255987,0.044210478352254445,-0.005234078423664474,-0.00652062574609432,0.01658112661044404,-0.016784954601933653,-0.006485470092516302,-0.012053527225172007,-0.009234343005266129,0.012686328989576461,-0.033868732259280526,-0.01407123734276185,-0.025710002654976093,0.1360097437670857,-0.05228468478944573,0.04424563400583246,-0.008362557595794042,0.0910714685865032,-0.0392434332972571,0.02098568120819299,0.018271963949021187,-0.013375230201179887,-0.016661909814410566,0.026114292671123383,-0.018996020814202635,-0.01210626070553905,0.01241218969093079,-0.014925444925444927,-0.017533695223882657
rostralanteriorcingulate-rh,0.006638118195881637,-0.017016296286268738,-0.05112346226882571,-0.00727077188888346,0.004892015697279491,0.03152638364380927,-0.011111709268942595,0.0029967663786383404,-0.03289256851536659,-0.013283558144746998,-0.022831937563644347,-0.032474143891148055,-0.012270986824700347,0.028491110267997218,-0.009567632917484201,-0.02178085924642399,-0.002005889141506452,-0.01396420999619775,0.0006974647657096929,-0.04194306873137007,-0.021100207394973234,0.03745022415972226,-0.0017124766700842558,-0.014570288437628993,0.029171762119447966,-0.04198401631287169,-0.021468193276414936,0.006087359665883037,0.023779426634946702,0.032113208586653647,0.03401089848962271,-0.020549448864974642,-0.000865865084335556,-0.006734385688815899,-0.021836179157856635,0.01738184158338253,-0.016006165550549997,-0.010209777771761243,0.052845430100185185,-0.021285420627858043,-0.009052940800331402,0.021299792957789075,0.002169408291476492,-0.004471150488733051,-0.005060416015905356,-0.0014551306115078567,0.005149361755855887,-0.036074548126889726,-0.009069753714590345,0.022733229486382168,-0.011222349091807896,-0.03267128886963598,-0.06173973291920237,0.2580844709236102,0.026504474625077618,0.02218247095638357,0.01200875959746812,0.0405576303612259,0.019883169343454927,-0.023308122683623436,0.02317578877784337,-0.030335920843861528,-0.011571081474662742,0.03715681168830006,0.008975926805983987,-0.0687458369965257,0.021429686279241227,-0.03675519997834048
rostralmiddlefrontal-lh,-0.021405931724093004,-0.03379883956435737,-0.06332417315892382,-0.014166659316250453,0.08639332123191543,-0.06623129889575063,0.009579711014248997,-0.03552899972261882,-0.05633139927392895,-0.011026527607300253,-0.045973790815998526,0.008431287369908095,-0.02021391676202746,-0.006520015665385936,0.02112933443424497,-0.018026047767657268,0.00836590039332113,-0.02365918769505016,0.08882094247377116,-0.07097756308515049,0.03707649150184365,0.03829030212277151,-0.025912443666007322,-0.021384136065230683,0.0030814910077253802,-0.029830472818638952,-0.016725054511280115,-0.016790441487867076,0.053939066241659846,0.00793673349143684,0.05079218825734749,-0.006694380936284511,0.00030513922407250166,-0.010917549312988644,-0.0270390716514859,-0.0031183360500878768,0.041975325303279756,-0.0022532559709571584,0.04501322499328049,-0.021405931724093004,0.07825212370257967,0.02992440172945039,0.0658088782692285,0.015823129389786902,-0.015533039549214568,-0.022532559709571583,0.009448937061075064,-0.03249784630798022,0.05653430647905199,-0.036052095535314535,0.04058714941145332,-0.01767731722586012,0.020177071719664968,0.007006266435719167,0.021446409376265883,0.001606132480449656,-0.009609809781249343,0.07300455935934641,0.005007812095747711,0.013221142877032592,-0.022532559709571583,-0.019152675753135846,-0.01769911288472244,-0.006759767912871475,-0.01351953582574295,-0.011266279854785791,0.006934133183770049,-0.051824887332014645
rostralmiddlefrontal-rh,0.023900136305344426,-0.03584289778228893,-0.024261816753866145,-0.019863197965783803,-0.03023867749913418,0.04031458332764839,0.013338336540937407,0.025149577854783098,0.011182867201262502,-0.022734721526774443,0.013897297234107335,-0.03284350739606334,-0.015713006152443653,0.04392408113713789,0.001260401563030238,-0.03023867749913418,0.0018632023105664406,-0.017813675424160718,0.01230078858760237,-0.012618628981757819,0.010225692680932295,0.005037952914257104,0.010057639139194923,-0.0053375266190932745,0.036953512492901075,0.01186604138180353,-0.001187334805753125,0.008044649976210398,0.041414238024668974,0.010642173197411845,0.03408929560763816,-0.007456462580129624,-0.018825650012448764,-0.019863197965783803,-0.013637910245773576,-0.025032671043139713,-0.02121127963754658,-0.020484265402639285,0.015208845527231557,-0.010426626263444363,0.0015965086465049706,0.022321894348158726,0.022676268120952744,0.0060572341782728625,-0.016812660849464235,0.007050942077241632,-0.008450170479098386,-0.014923885173850807,-0.015713006152443653,-0.03296041420770673,-0.012600362292438539,-0.0024112029901448063,-0.03734076630646979,0.0016330420251435304,0.008318650315999581,0.08415829103178141,-0.005754007135572828,0.04129002453729788,0.002962857007587029,0.007050942077241632,0.04135213128098342,-0.018825650012448764,0.011413027486685415,-0.022062507359824977,-0.020962852662804385,-0.01540247243401591,-0.01322142972929402,-0.00548000679578365
superiorfrontal-lh,-0.00894887286947503,-0.012259025733035486,-0.09282047312239822,-0.04394049380750397,0.01046360413468684,-0.01994396165862215,0.027442877955147726,-0.02790128346961972,-0.02528039976731244,-0.035607810959293835,-0.026898106184325934,-0.004123988740702767,-0.010912044311887704,0.015736928440659968,0.036350228585993044,-0.010692806891922837,0.0185355273243024,-0.028768267812208058,0.0059210712285966,-0.04029650214536065,0.02275418676908091,0.053037185846500766,0.006537261249861492,-0.0010231079598360471,0.0846256441064387,-0.024235700243388947,0.022608028489104325,0.020791015326668234,0.02305812955585039,0.0014001298865938137,0.031807695679902805,0.015736928440659968,0.024790437351481866,0.014389947019512185,-0.015893052057907676,-0.0037486277034901897,-0.001973136779683803,0.0,0.035139440107550705,0.02835138453636577,0.020342575149467367,0.00039695260130002475,0.03347855056236232,-0.023390307464888054,-0.005241767404614551,-0.010003537730669657,-0.002547804562318986,-0.014660672015377896,0.047513067219204196,-0.03138915151451533,0.012792171277040958,-0.018294698340250083,0.004356513277029144,-0.02293024106087088,-0.03028133818787468,-0.012122832790330043,0.03260824444068358,0.011362145378633755,0.003884820646195637,0.006464182109873205,-0.002004693681042384,0.0029032349249893,-0.010880487410529126,-0.005346403445961418,0.015559213259324812,-0.01971475890138616,0.005670276907273154,-0.052733243059731295
superiorfrontal-rh,-0.06142766051357848,-0.033770031731577235,0.020609436575479874,-0.055133027620933035,-0.020044523751964576,0.024528406999039645,0.005231282675551456,0.040113173721743986,-0.009642530607290386,-0.024558949764145646,0.005049052732482005,0.028799774199830895,-0.035033834886047624,-0.02392704818691046,0.006622646790170457,-0.034067759525887885,-0.007339760115432491,-0.03440193330881242,-0.005188933463429679,-0.022104235432432662,0.00890719428772141,0.04205738755097087,-0.035052057880354565,-0.02158783170643867,0.02922506295429016,-0.013470386059315427,-0.0357021824518967,-0.0003038876797101826,0.08393870504427181,0.05773326924520993,0.009855046653574192,-0.04250115596162872,-0.004222858103269954,-0.011076500595922807,-0.04290822172178105,-0.022310848255208588,-0.022310848255208588,-0.019485514151957168,0.08022634744348797,-0.04088495602992685,0.02181857074702942,-0.010669434835770486,0.038472590910335634,0.027056013307980412,-0.03274928738849667,-0.0297417233421758,-0.01768708427718585,-0.03607280222343514,0.015444885991756667,-0.024911346541377135,0.008591243499103809,0.008573020504796863,-0.03666825781205644,0.04593991198591675,0.06873071797850543,0.04057490846481714,0.03801085616726248,0.2683667005537878,-0.014697743225171924,-0.002217815405722708,-0.028477920187705417,-0.040307723435612494,0.0,-0.026004982861685483,-0.013190881259311721,-0.014898196162548316,-0.0014704159772463098,-0.016253114288553427
superiorparietal-lh,-0.009231063536616377,-0.04620116733640948,-0.022281542133762336,-0.014299534304463549,-0.011034483234167261,0.023273561905758734,-0.003249767852520429,0.02928681340884057,-0.009390842631545776,0.010180012422153557,0.03930704673606474,0.04565097149647871,0.009971604907028263,0.003494299336934104,0.009336656677613195,-0.056088019853953466,-0.004482150958628002,-0.04209276052157284,-0.045534263288008546,-0.013766011065742795,-0.001217099888331718,-0.05171285141975644,-0.01079967743379277,-0.052747942078212075,-0.033107617852804305,0.055569779833008565,-0.013206089541772837,-0.026763693092390333,-0.01680737140313793,0.02223291371356643,-0.011301244853527646,-0.030669249925838363,-0.02402660772707814,-0.023658421117023442,0.0014560738390087269,-0.017378407994581232,-0.006589845628261816,-0.02405300601232734,0.042241424549028884,-0.0029135370614516184,0.009646489183432805,0.0184607376897986,-4.307088645922838e-05,0.02010437829242009,0.0064661905026208106,-0.015943174907085036,-0.0460677865267293,-0.02796412037951204,-0.020051581721921678,-0.007358174667357067,-0.009199107717630507,0.0024592086784784805,0.005970180616622604,0.007474882875827234,0.00817930027695073,0.009545064192738494,0.005842357340679093,-0.021620195619098066,0.3741873571068616,-0.0003473458585421557,-0.004188991054018424,-0.04052414662439646,0.0586111401704037,-0.03146953478391949,-0.013936905228145538,0.06291683943289228,-0.021347876466001014,0.002800997003283959
superiorparietal-rh,-0.025520984716975597,-0.045712922044998446,-0.010269460329268117,-0.013818660331929616,-0.024034334965352563,0.004928278362594193,-0.03351275201182456,0.05422680414341765,-0.017223885209737264,0.056828851160708016,0.08715840827086628,0.008807079733087407,-0.006695991171164281,-0.04496352988032634,-0.016791959835175698,-0.038956257985228324,-0.0025656432841268634,-0.015293175505831489,-0.05136632341682241,-0.005970868161934509,0.022896308352043062,-0.03827278609412257,-0.04911814692280609,-0.029951417431441894,-0.015227255232265148,0.02947259355379582,-0.05170805936237529,0.011775131851372987,-0.02294320685512757,0.000653955350702923,-0.040940753384979274,-0.03672021606893318,-0.01706777550716224,0.028561844301588195,-0.05170805936237529,-0.04196596122163792,-0.026756087952054437,-0.018866644663935325,0.03562384057374769,-0.030725078751556334,0.0014571332112202052,-0.00979588383658255,-0.018105117921542055,0.07986224744484426,-0.037181657983897574,0.005438258588443263,-0.021366367674495845,-0.02027523956427086,-0.014070206848473819,-0.019525847399598756,0.041379565952301495,0.114551069610942,0.005965620776974005,-0.01681622899061804,0.02354337650998532,0.008411558091689352,0.016037320285543093,-0.0014502460184595348,0.011169714811554732,0.4253907404779307,-0.011402239557617115,-0.03963972987633409,0.0,-0.03113273497067556,-0.0028293243783922336,-0.008992705976065269,-0.018866644663935325,0.021978671907074764
superiortemporal-lh,-0.0023976165629009524,-0.04699638082858159,-0.017628319356341186,-0.017256775869596244,-0.04475776681686575,0.024369640502124854,-0.041832184379137126,-0.006241414544694549,0.02364525971112734,0.037502025652542,0.02665501997007161,0.06425992962632163,0.010744121678762378,-0.01814015921177888,0.0012429935745789976,-0.04698702773733541,0.033137034724064526,-0.038609883184633036,-0.03310220252218219,-0.01982952100307229,0.011830692865258658,-0.041507406348623106,0.022455804520923044,-0.03419812679992465,0.01078153404374711,0.025902579905335545,-0.031634734757694793,-0.03785744311989697,0.009360831735490632,-0.004161803084163827,0.00783724542352613,-0.04182283128789095,-0.04149805325737693,-0.049160170110327965,-0.03673345956841596,-0.0020634854411407458,-0.021353107315036795,-0.009975555594636337,0.0075872921229815675,0.003166182647026996,0.0017454803387705127,0.014496968911196536,-0.02681402252125673,0.0007243807909975175,0.022056201760439546,0.005283206472542444,-0.023953911722251392,-0.028300196468236494,-0.04842643622808426,-0.01989499264179558,-0.033473746008927135,-0.011146304602348263,-0.015826720470093578,0.02511272747561474,-0.010272274351411812,0.05725672192564483,0.008005601065957426,-0.03160667548395624,0.012564426747502353,-0.007877237951613257,0.42933107722890484,-0.02291410599198603,0.023014409832591655,-0.03269324667045252,0.027239104392376375,0.01712583259214968,0.011942929960212859,0.02256804161587725
superiortemporal-rh,-0.011367150654964424,0.02054245260158815,-0.022649451066420186,-0.008841117176083444,-0.03755040571538083,-0.0334490787811955,-0.025530186382919366,0.019960324291614755,0.01531268697811746,0.12343763047873202,0.024991178688499555,-0.03337813841367185,-0.03378256805793653,-0.0011986835630097507,-0.045894940318798795,-0.005023551711992658,-0.01935698342076419,0.05038017983017091,0.0005324005033269238,0.04671840497711242,0.013290538756794094,-0.012296678117663882,0.0032500425239016624,-0.008791389369436972,-0.009770644638782904,-0.008770176808559803,0.0034416510655954123,-0.009791857199660064,-0.018023026313800056,-0.029801909297921297,-0.030610768586450645,0.049734413837565994,-0.037621346082904475,-0.03755040571538083,-0.011367150654964424,-0.034087542088908254,-0.0059318666138149555,-0.009032725717777195,-0.012254252995909551,0.01316987058262398,-0.01311284009108537,-0.006911121883160884,-0.013730090837920964,-0.002384152743833704,-0.0382173842688629,-0.046490978504757224,-0.03497464442985338,-0.01771074959793619,-0.03437860624389495,-0.0063362962580796245,-0.037025307896946046,-0.014468009758926667,-0.017973298507153585,-0.017519141056242443,-0.007152458231501111,-0.008032257887554099,0.016384095175864203,-0.03371162769041289,-0.025650854557089483,-0.026771990561482693,0.005542042339334559,0.41217083799724025,0.011637002249073958,0.026978204472960732,-0.00991252537383018,0.07446304361684816,-0.015042835384007927,0.04929416626263988
supramarginal-lh,0.07306681404598223,0.0,-0.061557676392594005,-0.04056565771493523,-0.004700915379552932,-0.04753598051909992,0.060949799403858716,-0.14459367305383505,-0.057262012338864604,0.05333107447837637,-0.10682424948708218,-0.018722611253047024,0.14285109235279386,0.03428426216467053,0.13142300496457035,0.0,-0.08704798478689395,0.0076187249254823395,0.05333107447837637,-0.07177000980334694,0.060949799403858716,0.0,0.014710623127394093,0.0,0.01365696968025292,-0.09726031819764688,0.03428426216467053,0.01142808738822351,-0.02082991814732937,-0.04368609292377639,0.005714043694111755,0.0,0.01142808738822351,-0.0031204352088411713,-0.009037104565864687,0.0380936246274117,0.04741440512135286,-0.0423082384159764,-0.07801088022102928,0.0013778545077999973,-0.08113131542987045,-0.034324787297252884,0.04952171201563521,-0.1809852421127879,0.04810333237525287,-0.012481740835364685,0.02285617477644702,-0.02496348167072937,0.10666214895675274,-0.015602176044205855,0.08571065541167631,-0.008672378372623515,0.028043391746988187,-0.06552913938566458,-0.07302628891339986,0.020951493545076433,-0.06556966451824695,-0.0031204352088411713,0.12951832373319977,-0.006240870417682343,0.04190298709015287,0.01904681231370585,0.2745577732454407,0.009158679963611749,-0.07302628891339986,0.043807668321523455,-0.018236309662058796,-0.07801088022102928
supramarginal-rh,-0.03901921410220696,-0.026117779124150628,0.10439566950842677,0.06569464487809151,-0.05389867229200189,0.027036264197594768,-0.03493195552538057,0.0,0.00021321974919238915,-0.030503545349846357,0.028610810037784703,0.021564717402934724,-0.0134525260221228,-0.07503695019655184,-0.0011481063418051615,0.053072035725902175,0.030250961954649224,-0.043680525849935925,0.048942133199237306,0.015561761387210573,-0.04293589687967943,-0.017454496699272234,0.0017254398165414758,-0.0021485990110925203,-0.02801379474004602,0.022522566122383608,-0.035889804244829446,-0.06481880375448587,-0.017008375377885084,-0.01800886804717244,-0.037805501683727205,-0.045425647489479776,0.01637199643414165,-0.038018721432919594,-0.038018721432919594,-0.07303596485797713,-0.030014780078620736,-0.028417272111594692,0.01243235152983307,-0.02701330207075866,-0.006002956015724146,-0.043723169799774406,-0.03301625808648281,0.028653453987623183,-0.034462872077157314,0.0018107277162184314,-0.05002463346436789,-0.026012809401471305,-0.010152540365391384,-0.00031818947187171805,-0.02867313581062556,0.0037264251551161936,-0.024011824062896585,0.0901329084393729,-0.004001970677149431,-0.005576516517339371,-0.0050024633464367885,-0.03401675075577017,-0.02567165780276348,-0.03701822876363224,-0.035633940545798576,0.008538630879196698,0.007344600283719325,0.6873876683579206,0.022588172199058183,0.04408728352531832,-0.05702808214937939,-0.020498618656972785
temporalpole-lh,-0.030999354020232666,-0.06186158942792262,0.027022914256494075,0.041125036177232795,-0.05544865739515587,0.005843362411435488,0.005917195510496944,0.043740837401124485,0.03942687489881923,0.025978703284053443,0.015083047379698098,-0.0055058396728688164,0.031431805029021216,-0.02857340933678472,0.002447039854608359,-0.0003058799818260514,-0.045523379364179724,0.022445262114683603,-0.03165330432620559,-0.0028794908633969097,-0.02476573094232946,-0.0129629826780762,-0.033035038037212895,0.016612447288828328,0.08316771229994371,-0.0027529198364344082,-0.023194140690878405,-0.011127702787119926,-0.014418549488144966,-0.01835279890956272,-0.039258113529535885,-0.04863491711034121,-0.022076096619376307,-0.03309832355069415,-0.04863491711034121,-0.02588377501383156,0.03306668079395352,-0.014471287416046011,0.07713449334806448,-0.025430228833882594,0.036399717837299395,-0.04404671738295053,-0.02280388002441069,0.00787904642841572,-0.0431290774374724,-0.033425298703680606,-0.003385774971246912,-0.010020206301198037,-0.03446950967612125,-0.02569391847338781,0.02684360530163053,-0.029691453408286817,-0.014808810154612677,0.016137805937718942,-0.007341119563825088,-0.024185613735418,0.028657790021426387,-0.0037865832232948362,0.003955344592578174,0.0010020206301198013,0.03562974408994418,-0.02364768687082737,-0.010146777328160541,0.004683127997612557,0.30993025468884544,0.03338310836135978,-0.035587553747623346,0.05207343000948917
temporalpole-rh,0.020371677810531716,0.021385597180952252,-0.027165919596582155,-0.08344008132864328,-0.012073742042925403,-0.013072113012992435,0.024481774693451114,0.023335693920025807,0.041632887788655946,0.015465339162140821,-0.06836345217534003,-0.09946066205077629,0.03456654899641921,-0.0186192094233198,0.05300367846823087,-0.002948467709140588,0.019373306840464687,-0.02183977413864668,0.002121129142962087,0.07612169478330764,0.023413435921793322,0.008243516366369056,0.04166398458936295,0.009218564735905831,0.04065006521894242,-0.03460869334474581,-0.011059822672504868,-0.04108091957610659,0.009358500339087356,0.03359150062688243,0.006176806624644228,-0.06556596761700055,-0.012073742042925403,-0.012073742042925403,0.015302080958429042,-0.03903753243491202,-0.018009548462090335,0.004187838884686914,0.007167403394534508,0.017586468305102916,-0.007043016191706485,-0.0008117901658249983,0.020371677810531716,0.010325774508447384,0.011246403476746901,0.0032905325169176537,-0.012073742042925403,0.030510871514737064,-0.008018064561243262,-0.0069885967904692245,0.039636145848521875,-0.012073742042925403,-0.03685420969053592,-0.10262680736486592,-0.008049161361950267,-0.026019838823156848,-0.01903124203268762,-0.023094693714546515,0.06092845262735312,-0.012073742042925403,0.014288161588008507,-0.00820791871292813,0.02230622614925177,0.011223080876216648,0.015286532558075541,0.033846003390563456,0.006122387223406967,0.03565821036860726
transversetemporal-lh,-0.013962859487928915,-0.049384816420624415,0.039431157219071485,0.004083794945792301,0.01002195008693408,-0.002821989509749967,-0.03527486887187459,0.030594316650751685,0.056139310299322315,0.02116282006511302,0.028292388498904263,-0.0014109947548749835,0.021755374824420165,0.018562513275600306,-0.042329842646249505,-0.035424058190707236,-0.06460948134459565,-0.03668586362674957,0.05279515817365807,0.004603856303694845,-0.03267666334037359,-0.04515183215599947,-0.01106627531876262,0.05873541457281157,0.033117927522836356,0.012995230173528423,0.04306738420836583,-0.012626459392470256,-0.015520942303624817,-0.01269895279387485,-0.0025278133881081306,-0.06349476396937426,-0.035498652850123553,-0.016264787639776335,0.03571613305433735,-0.01166093133608149,0.021979158802669135,-0.07166445511897059,0.04314408012579389,-0.022575916077999737,0.0,-0.08183769578274903,-0.030150951210277197,-0.02836908441633232,0.00021958146222551733,-0.04091884789137452,-0.05361780068524937,0.014107846290738104,0.011803816880878953,-0.019012182490109976,0.001705170876516825,-0.023095977435902283,-0.023541444134388502,0.04128761867243269,0.011138768720167218,-0.003565834845901486,0.012475168815625878,-0.006907885713553996,-0.025621689565998675,-0.020423177244984964,0.030072154034837418,-0.03720592498465211,0.004750944364515764,-0.07196073249862416,-0.046712016229707096,0.019901014629070686,0.448871787094224,0.015742625023862065
transversetemporal-rh,-0.02703249417367243,0.08230415477638336,-0.05302527703297284,-0.023814701492696256,-0.025233869491145658,-0.06030325623357696,-0.009873462919693383,-0.024004429834734956,-0.013083666466988003,0.09228386556761842,-0.013561781888925498,-0.018714803658696298,0.03749032038684497,0.023837468893740908,-0.03950902994613663,0.01744741833387785,0.021416535249327233,0.04586113483759194,0.009789982449196362,0.06670848506080311,-0.022873648916184364,0.008135551306618994,0.022790168445687337,0.017022426847711193,0.008279744846568399,-0.04271923349343125,-0.0017910355488452258,-0.0444191994380979,-0.04470758651799671,-0.04470758651799671,-0.019754514973068314,0.0007665025018363037,-0.018525075316657605,-0.03015162811678848,-0.028072205488044448,-0.017242511724476065,-0.03535018468864856,0.054171236218886525,-0.03648096560719915,-0.02703249417367243,-0.031092680693300376,-0.0031191339431160493,-0.009023479947360056,-0.013227860006937408,-0.03790013360564855,-0.028072205488044448,-0.009827928117604098,-0.038469318631764615,9.865873786012015e-05,-0.030432426063005735,0.021371000447237946,0.015322460903044536,-0.033741288348160474,-0.062382678862320996,-0.04470758651799671,-0.0046293715457440135,-0.04574729783236873,-0.03015162811678848,0.00047811542193749865,0.028368181701624803,0.01801660335999392,0.046096397981719925,-0.021833937601812344,-0.029863241036889674,0.04604327404594909,0.07885109895127922,0.011156026511874922,0.42210002623399406
