timestamp,bankssts-lh,bankssts-rh,caudalanteriorcingulate-lh,caudalanteriorcingulate-rh,caudalmiddlefrontal-lh,caudalmiddlefrontal-rh,cuneus-lh,cuneus-rh,entorhinal-lh,entorhinal-rh,frontalpole-lh,frontalpole-rh,fusiform-lh,fusiform-rh,inferiorparietal-lh,inferiorparietal-rh,inferiortemporal-lh,inferiortemporal-rh,insula-lh,insula-rh,isthmuscingulate-lh,isthmuscingulate-rh,lateraloccipital-lh,lateraloccipital-rh,lateralorbitofrontal-lh,lateralorbitofrontal-rh,lingual-lh,lingual-rh,medialorbitofrontal-lh,medialorbitofrontal-rh,middletemporal-lh,middletemporal-rh,paracentral-lh,paracentral-rh,parahippocampal-lh,parahippocampal-rh,parsopercularis-lh,parsopercularis-rh,parsorbitalis-lh,parsorbitalis-rh,parstriangularis-lh,parstriangularis-rh,pericalcarine-lh,pericalcarine-rh,postcentral-lh,postcentral-rh,posteriorcingulate-lh,posteriorcingulate-rh,precentral-lh,precentral-rh,precuneus-lh,precuneus-rh,rostralanteriorcingulate-lh,rostralanteriorcingulate-rh,rostralmiddlefrontal-lh,rostralmiddlefrontal-rh,superiorfrontal-lh,superiorfrontal-rh,superiorparietal-lh,superiorparietal-rh,superiortemporal-lh,superiortemporal-rh,supramarginal-lh,supramarginal-rh,temporalpole-lh,temporalpole-rh,transversetemporal-lh,transversetemporal-rh
0,0.0170969,0.0281473,0.232718,0.172434,0.0337978,-0.147235,0.282219,-0.0235661,0.294847,0.230484,0.396166,0.454571,0.827055,0.471699,0.144384,0.259058,0.170233,0.103207,0.487923,0.796951,0.775879,1.25269,0.40482,0.303199,0.482758,0.188354,0.536388,0.556342,0.290989,0.229027,-0.0288818,0.0396655,0.597536,0.416004,0.587273,0.780745,0.0121027,0.122479,0.161468,0.0417849,0.263716,0.0859703,0.443151,0.0810795,-0.0188197,0.0216126,0.28766,0.30744,-0.0356399,0.11706,0.699097,0.553444,0.6099,0.382546,0.507101,0.0685344,0.134618,-0.00915426,0.41014,0.411613,0.139729,0.104442,0.0544115,0.143458,0.315381,0.186747,0.0223857,-0.17786
0.000999984,0.0205386,0.0282881,0.234945,0.174698,0.0343246,-0.14713,0.282144,-0.0231337,0.294096,0.230518,0.398113,0.453377,0.825695,0.472842,0.143814,0.260271,0.167987,0.103165,0.487315,0.798325,0.775844,1.25137,0.404747,0.304496,0.484035,0.188914,0.534668,0.556852,0.292129,0.229283,-0.0265182,0.040025,0.59921,0.418409,0.584505,0.780358,0.0115348,0.123073,0.16186,0.0421245,0.265065,0.0854089,0.44289,0.0794498,-0.0191943,0.021234,0.288674,0.310252,-0.0356945,0.116887,0.699981,0.554594,0.61358,0.387484,0.510021,0.0684363,0.135653,-0.00835704,0.411941,0.412971,0.139931,0.104793,0.0547036,0.144364,0.316083,0.189181,0.0234529,-0.178337
0.00199997,0.0239964,0.0284259,0.237188,0.176936,0.0348733,-0.147009,0.282053,-0.0226719,0.293324,0.230519,0.400058,0.452178,0.824278,0.47397,0.14323,0.261474,0.16572,0.103111,0.486734,0.799662,0.77577,1.24999,0.404677,0.305794,0.485295,0.189482,0.532912,0.557335,0.293271,0.229542,-0.0241347,0.0403863,0.600881,0.420811,0.581683,0.779929,0.0109742,0.123658,0.162246,0.0424665,0.266409,0.084837,0.442643,0.0778385,-0.0195659,0.0208525,0.28969,0.313066,-0.0357407,0.116706,0.700833,0.555727,0.617256,0.392451,0.512929,0.0683948,0.136689,-0.00756173,0.413742,0.414323,0.140131,0.10514,0.0549867,0.145267,0.316773,0.191629,0.0245378,-0.178807
0.00299995,0.0274698,0.0285606,0.239448,0.179149,0.0354399,-0.146873,0.281948,-0.0221809,0.292531,0.230489,0.402,0.450974,0.822804,0.475081,0.142632,0.262667,0.163431,0.103047,0.48618,0.800963,0.775657,1.24853,0.404611,0.307092,0.486538,0.190059,0.531122,0.557791,0.294416,0.229802,-0.0217317,0.0407493,0.60255,0.42321,0.578806,0.779455,0.0104208,0.124234,0.162626,0.042811,0.267749,0.0842542,0.442411,0.0762469,-0.0199344,0.0204684,0.290709,0.31588,-0.0357799,0.116516,0.701654,0.556844,0.620929,0.397445,0.515825,0.0684121,0.137727,-0.00676849,0.415544,0.41567,0.140327,0.105484,0.0552606,0.146166,0.317451,0.194091,0.0256405,-0.17927
0.00399993,0.0309581,0.0286921,0.241725,0.181339,0.0360217,-0.146723,0.281827,-0.021661,0.291718,0.230426,0.403939,0.449765,0.821273,0.476177,0.14202,0.263851,0.161122,0.102972,0.485654,0.802227,0.775506,1.24701,0.404548,0.308391,0.487764,0.190644,0.529295,0.55822,0.295563,0.230065,-0.0193093,0.0411139,0.604216,0.425606,0.575875,0.778939,0.00987467,0.1248,0.163,0.0431578,0.269085,0.0836602,0.442195,0.0746766,-0.0202996,0.0200815,0.29173,0.318694,-0.0358147,0.116319,0.702443,0.557943,0.624599,0.402466,0.518709,0.0684901,0.138766,-0.00597744,0.417345,0.417011,0.140521,0.105824,0.055525,0.147061,0.318115,0.196566,0.0267614,-0.179727
0.00499992,0.0344609,0.0288205,0.244019,0.183508,0.0366165,-0.146557,0.281691,-0.0211125,0.290885,0.230332,0.405875,0.448552,0.819685,0.477258,0.141393,0.265024,0.158793,0.102886,0.485157,0.803454,0.775316,1.24542,0.404489,0.309691,0.488974,0.191238,0.527434,0.558623,0.296713,0.230329,-0.0168679,0.0414798,0.605877,0.427997,0.572889,0.77838,0.00933582,0.125357,0.163367,0.0435067,0.270417,0.0830546,0.441995,0.0731289,-0.0206612,0.0196918,0.292752,0.321506,-0.0358481,0.116113,0.703201,0.559026,0.628266,0.407514,0.521581,0.0686299,0.139807,-0.00518872,0.419146,0.418347,0.140713,0.10616,0.0557799,0.147952,0.318766,0.199056,0.0279005,-0.180178
0.0059999,0.0379775,0.0289458,0.246328,0.185658,0.037223,-0.146376,0.28154,-0.0205357,0.290032,0.230208,0.407809,0.447335,0.81804,0.478322,0.140754,0.266188,0.156443,0.10279,0.48469,0.804644,0.775089,1.24376,0.404435,0.310992,0.490165,0.191841,0.525538,0.558997,0.297865,0.230596,-0.0144076,0.0418468,0.607534,0.430384,0.56985,0.777778,0.00880429,0.125904,0.163728,0.0438577,0.271743,0.0824372,0.441811,0.0716052,-0.0210192,0.0192996,0.293773,0.324317,-0.0358821,0.115898,0.703927,0.560092,0.631928,0.412588,0.52444,0.0688322,0.14085,-0.00440246,0.420946,0.419677,0.140901,0.106492,0.0560249,0.148839,0.319405,0.201561,0.0290581,-0.180622
0.00699988,0.0415075,0.0290679,0.248653,0.187792,0.0378406,-0.14618,0.281373,-0.0199307,0.289158,0.230053,0.40974,0.446115,0.816338,0.479372,0.1401,0.267342,0.154074,0.102684,0.484253,0.805797,0.774823,1.24203,0.404385,0.312292,0.49134,0.192454,0.523607,0.559344,0.299019,0.230865,-0.0119287,0.0422148,0.609185,0.432766,0.566756,0.777133,0.00828015,0.126442,0.164082,0.0442107,0.273065,0.0818076,0.441644,0.0701067,-0.0213732,0.0189046,0.294794,0.327126,-0.0359164,0.115675,0.704621,0.561141,0.635586,0.417687,0.527287,0.0690966,0.141894,-0.00361883,0.422746,0.421001,0.141087,0.106821,0.0562599,0.149722,0.32003,0.204081,0.0302344,-0.18106
0.00799987,0.0450502,0.0291867,0.250993,0.18991,0.0384688,-0.145969,0.281192,-0.0192979,0.288265,0.229868,0.411667,0.44489,0.814578,0.480406,0.139434,0.268486,0.151685,0.102568,0.483848,0.806913,0.774518,1.24024,0.404341,0.313593,0.492496,0.193075,0.521642,0.559663,0.300176,0.231136,-0.00943156,0.0425834,0.610831,0.435144,0.563607,0.776446,0.00776346,0.126969,0.164429,0.0445656,0.274382,0.0811652,0.441495,0.0686345,-0.0217232,0.0185071,0.295814,0.329933,-0.0359493,0.115444,0.705284,0.562174,0.63924,0.422811,0.53012,0.0694217,0.14294,-0.00283801,0.424545,0.42232,0.14127,0.107147,0.0564847,0.1506,0.320642,0.206617,0.0314294,-0.181491
0.00899985,0.0486051,0.0293023,0.253347,0.192015,0.0391072,-0.145743,0.280996,-0.0186373,0.287351,0.229655,0.413591,0.443663,0.812762,0.481425,0.138754,0.269619,0.149278,0.102441,0.483475,0.807992,0.774176,1.23839,0.404301,0.314895,0.493636,0.193706,0.519642,0.559954,0.301334,0.231409,-0.00691635,0.0429525,0.612469,0.437516,0.560405,0.775716,0.00725432,0.127488,0.16477,0.0449222,0.275694,0.0805098,0.441363,0.0671896,-0.0220689,0.0181069,0.296831,0.332737,-0.0359789,0.115204,0.705915,0.56319,0.64289,0.427959,0.532941,0.069805,0.143987,-0.0020602,0.426344,0.423633,0.141451,0.107469,0.056699,0.151475,0.321241,0.209169,0.0326435,-0.181916
0.00999984,0.0521715,0.0294147,0.255715,0.194108,0.0397559,-0.145501,0.280784,-0.0179492,0.286418,0.229413,0.415511,0.442434,0.810888,0.482429,0.138062,0.270743,0.146851,0.102305,0.483134,0.809033,0.773796,1.23647,0.404266,0.316196,0.494757,0.194346,0.517608,0.560217,0.302494,0.231685,-0.00438338,0.0433219,0.6141,0.439884,0.557149,0.774944,0.0067528,0.127996,0.165104,0.0452804,0.277,0.079841,0.44125,0.0657731,-0.0224102,0.0177042,0.297847,0.335538,-0.0360031,0.114955,0.706514,0.564188,0.646535,0.433132,0.535748,0.0702435,0.145036,-0.00128562,0.428141,0.42494,0.141628,0.107787,0.0569027,0.152344,0.321827,0.211737,0.0338766,-0.182334
0.0109998,0.0557489,0.0295238,0.258096,0.196189,0.0404149,-0.145245,0.280558,-0.0172338,0.285464,0.229143,0.417428,0.441204,0.808957,0.483417,0.137357,0.271855,0.144407,0.102159,0.482826,0.810037,0.773378,1.23448,0.404237,0.317498,0.49586,0.194995,0.515541,0.560451,0.303657,0.231963,-0.00183294,0.0436914,0.615723,0.442246,0.553838,0.774129,0.00625902,0.128494,0.165431,0.0456401,0.278302,0.0791581,0.441156,0.0643857,-0.0227467,0.017299,0.29886,0.338335,-0.0360202,0.114698,0.707082,0.565171,0.650175,0.438329,0.538542,0.0707336,0.146087,-0.000514498,0.429937,0.426241,0.141804,0.108102,0.0570956,0.15321,0.322399,0.214322,0.0351289,-0.182746
0.0119998,0.0593367,0.0296296,0.260489,0.198261,0.0410845,-0.144972,0.280318,-0.0164911,0.284492,0.228847,0.419341,0.439973,0.806969,0.484391,0.13664,0.272958,0.141944,0.102004,0.482552,0.811004,0.772922,1.23243,0.404214,0.318799,0.496946,0.195655,0.513439,0.560656,0.304821,0.232243,0.000734687,0.0440609,0.617338,0.444602,0.550474,0.773272,0.00577306,0.128982,0.165752,0.0460013,0.279597,0.0784609,0.44108,0.0630282,-0.0230784,0.0168913,0.29987,0.341128,-0.0360295,0.114432,0.707618,0.566136,0.653809,0.44355,0.541322,0.0712715,0.147138,0.000252932,0.431733,0.427536,0.141976,0.108413,0.0572775,0.154071,0.322958,0.216923,0.0364004,-0.183151
0.0129998,0.0629343,0.0297321,0.262895,0.200323,0.0417648,-0.144685,0.280063,-0.0157214,0.283499,0.228523,0.42125,0.438742,0.804924,0.485349,0.135911,0.27405,0.139464,0.10184,0.482312,0.811933,0.772429,1.23031,0.404196,0.320101,0.498013,0.196324,0.511304,0.560833,0.305986,0.232526,0.00331921,0.0444302,0.618943,0.446952,0.547055,0.772374,0.00529503,0.129461,0.166065,0.0463639,0.280888,0.0777488,0.441024,0.0617011,-0.0234049,0.0164811,0.300877,0.343917,-0.0360305,0.114157,0.708122,0.567085,0.657438,0.448794,0.544089,0.0718534,0.148191,0.00101645,0.433527,0.428826,0.142146,0.108721,0.0574483,0.154927,0.323503,0.219541,0.0376913,-0.183549
0.0139998,0.066541,0.0298313,0.265312,0.202377,0.0424563,-0.144381,0.279793,-0.0149246,0.282488,0.228175,0.423155,0.437514,0.802821,0.486293,0.13517,0.275131,0.136967,0.101666,0.482107,0.812824,0.771898,1.22813,0.404184,0.321403,0.499062,0.197003,0.509136,0.56098,0.307154,0.232811,0.00592032,0.0447992,0.620539,0.449296,0.543583,0.771433,0.00482502,0.129929,0.166371,0.0467276,0.282172,0.0770213,0.440987,0.0604049,-0.0237262,0.0160685,0.301882,0.346701,-0.0360235,0.113874,0.708594,0.568017,0.661062,0.45406,0.546841,0.072476,0.149245,0.00177583,0.435319,0.43011,0.142313,0.109025,0.0576077,0.155778,0.324035,0.222176,0.0390015,-0.183942
0.0149998,0.0701562,0.0299271,0.26774,0.204423,0.0431595,-0.144063,0.279509,-0.0141009,0.281457,0.227801,0.425055,0.43629,0.800662,0.487222,0.134417,0.276201,0.134452,0.101483,0.481938,0.813677,0.77133,1.22589,0.404178,0.322705,0.500092,0.197692,0.506934,0.561098,0.308322,0.233099,0.00853772,0.0451678,0.622125,0.451634,0.540057,0.77045,0.00436311,0.130386,0.166671,0.0470926,0.283451,0.0762779,0.440971,0.0591402,-0.024042,0.0156535,0.302883,0.349481,-0.0360088,0.113582,0.709035,0.568933,0.664679,0.45935,0.54958,0.0731374,0.1503,0.00253086,0.43711,0.431387,0.142477,0.109326,0.0577556,0.156625,0.324554,0.224828,0.0403312,-0.184327
0.0159997,0.0737793,0.0300197,0.270178,0.206461,0.0438748,-0.143728,0.279212,-0.0132502,0.280407,0.227403,0.426952,0.435071,0.798445,0.488137,0.133654,0.277261,0.131922,0.101291,0.481805,0.814493,0.770725,1.22358,0.404178,0.324007,0.501104,0.198392,0.504699,0.561186,0.309493,0.233389,0.0111711,0.0455359,0.6237,0.453965,0.536477,0.769426,0.00390938,0.130834,0.166962,0.0474586,0.284723,0.075518,0.440974,0.057907,-0.0243522,0.0152361,0.303882,0.352255,-0.0359865,0.113281,0.709444,0.569832,0.668291,0.464662,0.552304,0.0738362,0.151356,0.00328134,0.438899,0.432659,0.142639,0.109623,0.0578918,0.157467,0.325058,0.227497,0.0416801,-0.184706
0.0169997,0.0774095,0.0301088,0.272627,0.208493,0.0446028,-0.143378,0.2789,-0.0123727,0.279338,0.226981,0.428843,0.433861,0.796172,0.489036,0.13288,0.27831,0.129375,0.101091,0.481708,0.81527,0.770083,1.22121,0.404184,0.325309,0.502098,0.199102,0.502432,0.561245,0.310664,0.233681,0.0138201,0.0459035,0.625265,0.456289,0.532843,0.76836,0.00346389,0.131271,0.167247,0.0478257,0.285989,0.0747411,0.440997,0.0567057,-0.0246565,0.0148163,0.304878,0.355023,-0.0359566,0.112972,0.709822,0.570714,0.671896,0.469996,0.555013,0.0745681,0.152412,0.00402705,0.440687,0.433925,0.142798,0.109917,0.0580161,0.158304,0.32555,0.230184,0.0430485,-0.185079
0.0179997,0.0810464,0.0301946,0.275085,0.210519,0.0453441,-0.143012,0.278575,-0.0114683,0.27825,0.226536,0.43073,0.43266,0.793842,0.489921,0.132095,0.279347,0.126813,0.100881,0.481648,0.816009,0.769403,1.21878,0.404196,0.326613,0.503072,0.199822,0.500131,0.561274,0.311837,0.233976,0.0164845,0.0462703,0.626819,0.458606,0.529156,0.767253,0.00302669,0.131698,0.167524,0.0481938,0.28725,0.0739466,0.441041,0.0555363,-0.0249549,0.0143943,0.305871,0.357786,-0.0359189,0.112654,0.710168,0.57158,0.675495,0.475351,0.557707,0.075326,0.153469,0.0047678,0.442472,0.435185,0.142955,0.110208,0.0581284,0.159136,0.326027,0.232887,0.0444361,-0.185445
0.0189997,0.0846891,0.0302771,0.277553,0.212538,0.046099,-0.142631,0.278236,-0.0105369,0.277143,0.22607,0.432612,0.431473,0.791455,0.490792,0.1313,0.280374,0.124235,0.100664,0.481625,0.81671,0.768687,1.21629,0.404213,0.327917,0.504028,0.200553,0.497797,0.561273,0.313011,0.234274,0.0191639,0.0466365,0.628361,0.460916,0.525415,0.766104,0.0025978,0.132114,0.167794,0.0485628,0.288503,0.073134,0.441105,0.0543989,-0.0252472,0.01397,0.306861,0.360543,-0.035873,0.112327,0.710482,0.572428,0.679087,0.480729,0.560387,0.076112,0.154526,0.00550337,0.444256,0.436439,0.143109,0.110494,0.0582285,0.159963,0.326491,0.235607,0.0458429,-0.185805
0.0199997,0.0883371,0.0303562,0.280029,0.214553,0.0468678,-0.142233,0.277884,-0.00957855,0.276018,0.225582,0.434489,0.430303,0.789011,0.491649,0.130496,0.281389,0.121643,0.100438,0.48164,0.817373,0.767935,1.21374,0.404236,0.329222,0.504965,0.201296,0.495431,0.561242,0.314186,0.234574,0.021858,0.0470019,0.629892,0.463219,0.521621,0.764914,0.00217725,0.13252,0.168057,0.0489328,0.28975,0.0723028,0.441189,0.0532936,-0.0255333,0.0135434,0.307849,0.363293,-0.0358193,0.111992,0.710765,0.573261,0.682672,0.486128,0.563051,0.0769346,0.155583,0.00623356,0.446038,0.437687,0.143261,0.110778,0.0583161,0.160785,0.32694,0.238343,0.0472688,-0.186158
0.0209997,0.0919895,0.0304319,0.282514,0.216564,0.0476505,-0.14182,0.27752,-0.00859307,0.274874,0.225073,0.43636,0.429153,0.786511,0.492491,0.129682,0.282393,0.119036,0.100205,0.481693,0.817997,0.767145,1.21113,0.404265,0.330528,0.505882,0.202049,0.493032,0.56118,0.315362,0.234876,0.0245664,0.0473665,0.631412,0.465514,0.517773,0.763684,0.00176502,0.132915,0.168312,0.0493037,0.290991,0.0714524,0.441295,0.0522202,-0.0258132,0.0131147,0.308834,0.366036,-0.0357586,0.111649,0.711015,0.574076,0.686249,0.491548,0.5657,0.0778009,0.156639,0.00695816,0.447817,0.438928,0.143411,0.111058,0.058391,0.161602,0.327376,0.241097,0.0487138,-0.186505
0.0219996,0.0956458,0.0305042,0.285006,0.218571,0.0484468,-0.141391,0.277142,-0.00758038,0.273712,0.224545,0.438227,0.428028,0.783954,0.493319,0.128858,0.283386,0.116416,0.0999637,0.481785,0.818582,0.76632,1.20845,0.404299,0.331836,0.506781,0.202814,0.4906,0.561089,0.316538,0.235181,0.0272888,0.0477303,0.632919,0.467801,0.513872,0.762412,0.0013611,0.133299,0.168559,0.0496755,0.292224,0.0705824,0.441421,0.0511788,-0.0260867,0.0126837,0.309817,0.368773,-0.0356918,0.111298,0.711235,0.574875,0.68982,0.496989,0.568334,0.0787171,0.157695,0.00767694,0.449595,0.440164,0.143558,0.111334,0.0584531,0.162414,0.327799,0.243868,0.0501775,-0.186845
0.0229996,0.0993051,0.0305731,0.287506,0.220575,0.0492562,-0.140945,0.276752,-0.00654034,0.272531,0.223997,0.440087,0.426931,0.781341,0.494134,0.128027,0.284368,0.113782,0.099715,0.481915,0.819128,0.765459,1.20572,0.404337,0.333146,0.50766,0.20359,0.488136,0.560967,0.317715,0.235489,0.0300249,0.0480933,0.634414,0.47008,0.509918,0.761099,0.000965447,0.133673,0.168799,0.0500483,0.293451,0.0696922,0.441568,0.0501693,-0.0263539,0.0122507,0.310798,0.371502,-0.0356197,0.110939,0.711422,0.575658,0.693382,0.50245,0.570951,0.0796877,0.158751,0.00838967,0.45137,0.441394,0.143704,0.111607,0.0585021,0.16322,0.328207,0.246655,0.05166,-0.187178
0.0239996,0.102967,0.0306387,0.290014,0.222577,0.0500781,-0.140484,0.27635,-0.00547282,0.271333,0.223431,0.441942,0.425868,0.778672,0.494934,0.127187,0.285338,0.111134,0.099459,0.482085,0.819636,0.764561,1.20293,0.404381,0.334459,0.50852,0.204379,0.485639,0.560815,0.318893,0.235798,0.0327742,0.0484553,0.635897,0.472351,0.50591,0.759746,0.000578006,0.134035,0.169031,0.0504221,0.29467,0.0687817,0.441737,0.0491915,-0.0266148,0.0118156,0.311776,0.374223,-0.0355424,0.110571,0.711579,0.576424,0.696937,0.507932,0.573553,0.0807165,0.159806,0.0090961,0.453143,0.442618,0.143847,0.111876,0.0585379,0.164021,0.328601,0.249459,0.053161,-0.187505
0.0249996,0.10663,0.0307008,0.292527,0.224577,0.0509115,-0.140006,0.275936,-0.00437766,0.270116,0.222848,0.443792,0.424843,0.775948,0.49572,0.126339,0.286296,0.108474,0.0991961,0.482295,0.820105,0.763629,1.20008,0.404429,0.335774,0.509361,0.205179,0.48311,0.560633,0.320071,0.236111,0.0355364,0.0488165,0.637367,0.474614,0.50185,0.758353,0.000198707,0.134387,0.169255,0.0507969,0.295883,0.0678504,0.441928,0.0482455,-0.0268692,0.0113783,0.312752,0.376937,-0.0354593,0.110196,0.711703,0.577173,0.700484,0.513434,0.576138,0.0818086,0.160859,0.00979595,0.454914,0.443835,0.143989,0.112142,0.0585604,0.164817,0.328982,0.25228,0.0546804,-0.187825
0.0259996,0.110294,0.0307596,0.295048,0.226577,0.0517557,-0.139512,0.27551,-0.00325469,0.268882,0.222247,0.445635,0.423859,0.773167,0.496493,0.125483,0.287243,0.105802,0.0989263,0.482544,0.820534,0.76266,1.19718,0.404481,0.337092,0.510182,0.205991,0.480548,0.560421,0.321249,0.236425,0.0383112,0.0491768,0.638825,0.476868,0.497737,0.756919,-0.000172537,0.134728,0.169472,0.0511727,0.297087,0.0668983,0.44214,0.0473312,-0.0271174,0.0109391,0.313726,0.379643,-0.0353696,0.109814,0.711796,0.577906,0.704022,0.518956,0.578706,0.0829699,0.161912,0.0104889,0.456682,0.445047,0.14413,0.112404,0.0585692,0.165607,0.329348,0.255118,0.0562178,-0.188139
0.0269996,0.113958,0.0308149,0.297574,0.228576,0.05261,-0.139002,0.275073,-0.00210375,0.267631,0.221631,0.447472,0.422921,0.770331,0.497252,0.124621,0.288178,0.103119,0.09865,0.482834,0.820924,0.761657,1.19422,0.404537,0.338413,0.510983,0.206816,0.477953,0.560178,0.322428,0.236742,0.0410981,0.0495361,0.640271,0.479114,0.493571,0.755445,-0.000535827,0.135057,0.16968,0.0515498,0.298285,0.0659252,0.442375,0.0464487,-0.0273593,0.0104979,0.314697,0.382341,-0.0352726,0.109423,0.711858,0.578622,0.707552,0.524497,0.581258,0.0841989,0.162962,0.0111746,0.458448,0.446252,0.144268,0.112663,0.0585645,0.166391,0.329701,0.257972,0.0577732,-0.188446
0.0279995,0.117622,0.0308669,0.300106,0.230576,0.0534735,-0.138476,0.274625,-0.000924687,0.266361,0.220999,0.449303,0.422031,0.76744,0.497998,0.123752,0.289101,0.100424,0.0983674,0.483165,0.821275,0.760618,1.1912,0.404597,0.339738,0.511765,0.207653,0.475326,0.559905,0.323606,0.237062,0.0438967,0.0498946,0.641704,0.48135,0.489353,0.753931,-0.000891274,0.135376,0.169881,0.051928,0.299474,0.0649312,0.442633,0.045598,-0.0275949,0.0100547,0.315666,0.38503,-0.0351679,0.109026,0.711888,0.579321,0.711073,0.530058,0.583793,0.0854874,0.164011,0.0118527,0.460211,0.447451,0.144406,0.112918,0.058546,0.16717,0.330039,0.260843,0.0593462,-0.188747
0.0289995,0.121284,0.0309155,0.302643,0.232577,0.0543456,-0.137933,0.274167,0.000282662,0.265075,0.220352,0.451127,0.421191,0.764493,0.498729,0.122876,0.290013,0.0977183,0.0980787,0.483538,0.821587,0.759545,1.18813,0.40466,0.341066,0.512527,0.208503,0.472666,0.559602,0.324785,0.237384,0.0467067,0.0502521,0.643125,0.483578,0.485083,0.752378,-0.001239,0.135683,0.170074,0.0523075,0.300656,0.0639165,0.442915,0.0447792,-0.0278245,0.00960964,0.316632,0.387711,-0.0350548,0.108621,0.711886,0.580004,0.714585,0.535638,0.586311,0.0868293,0.165058,0.0125227,0.461971,0.448645,0.144543,0.11317,0.0585136,0.167944,0.330364,0.26373,0.0609366,-0.189041
0.0299995,0.124944,0.0309607,0.305184,0.234579,0.0552258,-0.137374,0.273697,0.00151843,0.263772,0.219692,0.452945,0.420401,0.761492,0.499448,0.121994,0.290912,0.0950025,0.097784,0.483952,0.821859,0.758438,1.185,0.404726,0.342398,0.513269,0.209367,0.469973,0.559269,0.325963,0.237708,0.0495277,0.0506087,0.644533,0.485797,0.48076,0.750785,-0.00157914,0.135978,0.170258,0.0526884,0.30183,0.0628814,0.443221,0.0439924,-0.028048,0.00916267,0.317596,0.390383,-0.0349326,0.108208,0.711853,0.580671,0.718087,0.541237,0.588812,0.0882215,0.166103,0.013184,0.463729,0.449832,0.144679,0.113418,0.0584674,0.168712,0.330674,0.266635,0.0625442,-0.189329
0.0309995,0.1286,0.0310025,0.307731,0.236584,0.0561136,-0.136799,0.273218,0.00278273,0.262451,0.219018,0.454756,0.41966,0.758436,0.500153,0.121107,0.2918,0.0922771,0.0974837,0.484408,0.822091,0.757296,1.18182,0.404794,0.343733,0.513991,0.210243,0.467247,0.558906,0.327141,0.238035,0.0523591,0.0509644,0.645929,0.488006,0.476386,0.749153,-0.00191184,0.136262,0.170435,0.0530709,0.302995,0.0618262,0.443553,0.043238,-0.0282655,0.00871387,0.318556,0.393046,-0.0348005,0.107789,0.711788,0.581321,0.72158,0.546854,0.591295,0.0896627,0.167146,0.0138358,0.465484,0.451013,0.144815,0.113662,0.0584072,0.169474,0.330971,0.269556,0.0641687,-0.18961
0.0319995,0.132252,0.0310409,0.310281,0.238591,0.0570085,-0.136208,0.272729,0.00407565,0.261114,0.218332,0.45656,0.418967,0.755326,0.500844,0.120214,0.292675,0.0895425,0.0971778,0.484907,0.822284,0.756121,1.17858,0.404864,0.345072,0.514693,0.211133,0.464489,0.558514,0.328319,0.238364,0.0552007,0.0513191,0.647312,0.490206,0.47196,0.747482,-0.00223724,0.136535,0.170604,0.0534549,0.304152,0.0607514,0.443911,0.042516,-0.0284772,0.00826327,0.319514,0.3957,-0.0346577,0.107363,0.711692,0.581955,0.725064,0.552489,0.59376,0.0911533,0.168186,0.0144775,0.467236,0.452188,0.144951,0.113902,0.0583331,0.17023,0.331254,0.272493,0.0658099,-0.189884
0.0329995,0.1359,0.0310759,0.312836,0.240602,0.0579103,-0.1356,0.272231,0.00539725,0.259761,0.217634,0.458357,0.418319,0.752162,0.501522,0.119317,0.293538,0.0867994,0.0968666,0.485449,0.822436,0.754912,1.1753,0.404936,0.346416,0.515375,0.212036,0.461698,0.558091,0.329496,0.238696,0.058052,0.0516729,0.648683,0.492396,0.467483,0.745772,-0.00255549,0.136796,0.170764,0.0538406,0.305301,0.0596576,0.444297,0.0418269,-0.0286831,0.0078109,0.320468,0.398344,-0.0345035,0.10693,0.711565,0.582572,0.728537,0.558141,0.596207,0.0926956,0.169223,0.015108,0.468985,0.453356,0.145087,0.114139,0.0582449,0.17098,0.331522,0.275448,0.0674673,-0.190152
0.0339994,0.139542,0.0311074,0.315394,0.242617,0.0588186,-0.134976,0.271723,0.00674754,0.258391,0.216925,0.460146,0.417713,0.748944,0.502187,0.118414,0.29439,0.0840483,0.0965503,0.486034,0.822549,0.75367,1.17196,0.405008,0.347764,0.516037,0.212954,0.458874,0.557639,0.330672,0.23903,0.0609125,0.0520258,0.650041,0.494576,0.462955,0.744024,-0.00286675,0.137046,0.170916,0.0542281,0.306442,0.0585454,0.444711,0.0411707,-0.0288833,0.0073568,0.321418,0.400979,-0.0343372,0.10649,0.711406,0.583173,0.732001,0.563812,0.598636,0.0942903,0.170257,0.015726,0.470731,0.454519,0.145223,0.114373,0.0581425,0.171725,0.331777,0.27842,0.0691409,-0.190413
0.0349994,0.143176,0.0311356,0.317955,0.244635,0.0597332,-0.134335,0.271206,0.00812651,0.257005,0.216206,0.461929,0.417145,0.745673,0.502837,0.117508,0.295228,0.0812897,0.0962291,0.486664,0.822622,0.752395,1.16857,0.405082,0.349118,0.516678,0.213885,0.456017,0.557157,0.331847,0.239366,0.0637817,0.0523777,0.651387,0.496747,0.458376,0.742237,-0.00317117,0.137283,0.17106,0.0546175,0.307573,0.0574153,0.445155,0.040548,-0.029078,0.00690102,0.322365,0.403605,-0.0341586,0.106044,0.711216,0.583758,0.735453,0.569499,0.601046,0.0959354,0.171287,0.0163302,0.472474,0.455675,0.145361,0.114602,0.0580261,0.172463,0.332017,0.281409,0.0708302,-0.190668
0.0359994,0.146804,0.0311604,0.32052,0.246658,0.0606541,-0.133679,0.27068,0.00953411,0.255603,0.215476,0.463704,0.416612,0.742349,0.503475,0.116598,0.296055,0.0785243,0.0959032,0.487339,0.822655,0.751088,1.16514,0.405156,0.350476,0.5173,0.214831,0.453127,0.556646,0.333021,0.239705,0.0666593,0.0527288,0.652721,0.498907,0.453748,0.740413,-0.00346892,0.137509,0.171195,0.0550089,0.308696,0.056268,0.44563,0.0399588,-0.0292673,0.00644359,0.323307,0.406221,-0.0339674,0.105591,0.710994,0.584327,0.738896,0.575203,0.603437,0.0976278,0.172315,0.0169191,0.474214,0.456825,0.145499,0.114828,0.0578954,0.173196,0.332244,0.284415,0.072535,-0.190916
0.0369994,0.150422,0.0311818,0.323087,0.248686,0.0615811,-0.133006,0.270145,0.0109702,0.254186,0.214737,0.465471,0.416109,0.738972,0.504099,0.115684,0.296869,0.0757527,0.0955727,0.488059,0.822647,0.749749,1.16165,0.40523,0.351841,0.5179,0.215791,0.450204,0.556106,0.334195,0.240047,0.0695448,0.0530789,0.654043,0.501057,0.449069,0.738552,-0.00376015,0.137723,0.171322,0.0554025,0.309809,0.0551041,0.446139,0.0394035,-0.0294512,0.00598455,0.324246,0.408827,-0.0337636,0.105132,0.710741,0.584879,0.742327,0.580923,0.60581,0.0993641,0.173339,0.0174911,0.47595,0.45797,0.14564,0.11505,0.0577505,0.173923,0.332457,0.287438,0.074255,-0.191157
0.0379994,0.154031,0.0311998,0.325656,0.250719,0.0625143,-0.132316,0.269602,0.0124347,0.252753,0.21399,0.467231,0.415635,0.735542,0.504708,0.114768,0.297671,0.0729755,0.0952378,0.488826,0.8226,0.748378,1.15812,0.405304,0.353213,0.518481,0.216765,0.447248,0.555536,0.335367,0.240391,0.0724376,0.0534281,0.655352,0.503196,0.444341,0.736653,-0.00404501,0.137925,0.171441,0.0557984,0.310914,0.0539242,0.446681,0.0388821,-0.0296298,0.00552393,0.32518,0.411423,-0.0335474,0.104666,0.710457,0.585416,0.745747,0.586659,0.608163,0.101141,0.174359,0.0180452,0.477683,0.459108,0.145782,0.115268,0.0575912,0.174643,0.332655,0.290478,0.07599,-0.191392
0.0389994,0.157629,0.0312144,0.328228,0.252758,0.0634538,-0.131611,0.269051,0.0139274,0.251305,0.213233,0.468982,0.415185,0.73206,0.505304,0.113848,0.29846,0.0701934,0.0948989,0.489639,0.822512,0.746976,1.15454,0.405378,0.354592,0.519041,0.217755,0.44426,0.554938,0.336537,0.240738,0.0753373,0.0537764,0.65665,0.505326,0.439565,0.734717,-0.00432366,0.138115,0.171551,0.0561966,0.312009,0.0527287,0.447259,0.0383948,-0.0298033,0.00506178,0.32611,0.414009,-0.0333191,0.104195,0.710142,0.585936,0.749156,0.592411,0.610497,0.102954,0.175375,0.0185809,0.479413,0.460239,0.145926,0.115483,0.0574175,0.175358,0.33284,0.293536,0.0777395,-0.19162
0.0399993,0.161216,0.0312255,0.330802,0.254802,0.0643998,-0.13089,0.268491,0.015448,0.249842,0.212469,0.470726,0.414757,0.728527,0.505886,0.112926,0.299237,0.067407,0.094556,0.490499,0.822384,0.745544,1.15091,0.405451,0.355978,0.51958,0.218759,0.441239,0.55431,0.337706,0.241087,0.0782434,0.0541238,0.657935,0.507444,0.434741,0.732745,-0.00459624,0.138292,0.171653,0.0565973,0.313094,0.0515184,0.447875,0.0379416,-0.0299717,0.00459814,0.327035,0.416585,-0.0330793,0.103717,0.709795,0.586441,0.752553,0.598178,0.612811,0.104795,0.176388,0.0190985,0.481139,0.461365,0.146074,0.115693,0.0572295,0.176066,0.333011,0.296612,0.0795033,-0.191842
0.0409993,0.16479,0.0312332,0.333377,0.256851,0.0653529,-0.130152,0.267924,0.0169963,0.248364,0.211697,0.472461,0.414349,0.724942,0.506454,0.112001,0.300001,0.0646171,0.0942093,0.491407,0.822215,0.744082,1.14724,0.405522,0.357371,0.520099,0.219779,0.438186,0.553654,0.338874,0.241439,0.0811554,0.0544702,0.659209,0.509552,0.429869,0.730736,-0.00486291,0.138457,0.171747,0.0570005,0.31417,0.0502938,0.448529,0.0375223,-0.030135,0.00413304,0.327955,0.41915,-0.0328286,0.103234,0.709417,0.58693,0.755939,0.60396,0.615105,0.106654,0.177396,0.0195989,0.482861,0.462485,0.146224,0.1159,0.057027,0.176769,0.333168,0.299705,0.0812812,-0.192057
0.0419993,0.16835,0.0312375,0.335953,0.258906,0.0663135,-0.129399,0.267348,0.0185719,0.246871,0.210918,0.474188,0.413959,0.721306,0.507007,0.111075,0.300752,0.0618243,0.0938591,0.492364,0.822007,0.74259,1.14352,0.405593,0.358769,0.520598,0.220814,0.4351,0.552969,0.34004,0.241794,0.0840728,0.0548157,0.660471,0.511648,0.42495,0.728692,-0.00512379,0.13861,0.171831,0.0574064,0.315236,0.0490556,0.449224,0.0371368,-0.0302934,0.00366652,0.328871,0.421706,-0.0325678,0.102745,0.709008,0.587403,0.759312,0.609756,0.617379,0.108538,0.178399,0.0200828,0.48458,0.463598,0.146379,0.116103,0.05681,0.177465,0.333311,0.302816,0.0830728,-0.192266
0.0429993,0.171896,0.0312383,0.338531,0.260966,0.0672827,-0.128629,0.266764,0.0201747,0.245365,0.210132,0.475907,0.413586,0.717619,0.507546,0.110147,0.301491,0.0590294,0.0935056,0.493369,0.821758,0.741069,1.13977,0.405662,0.360172,0.521075,0.221864,0.431982,0.552255,0.341204,0.242152,0.086995,0.0551603,0.661721,0.513734,0.419985,0.726613,-0.00537901,0.13875,0.171907,0.0578151,0.316292,0.0478046,0.44996,0.0367849,-0.0304469,0.00319861,0.329781,0.42425,-0.0322974,0.10225,0.708568,0.587861,0.762673,0.615565,0.619633,0.110452,0.179398,0.0205507,0.486295,0.464705,0.146537,0.116302,0.0565786,0.178155,0.33344,0.305945,0.0848778,-0.192468
0.0439993,0.175425,0.0312357,0.34111,0.263032,0.0682616,-0.127844,0.266173,0.0218041,0.243844,0.20934,0.477617,0.41323,0.713882,0.508069,0.109217,0.302217,0.0562332,0.093149,0.494425,0.821469,0.73952,1.13597,0.40573,0.361579,0.521532,0.222931,0.428832,0.551512,0.342366,0.242512,0.0899216,0.0555039,0.662959,0.515808,0.414975,0.724499,-0.00562872,0.138878,0.171975,0.0582265,0.317338,0.0465419,0.45074,0.0364662,-0.0305955,0.00272937,0.330687,0.426785,-0.0320175,0.10175,0.708097,0.588304,0.766021,0.621389,0.621866,0.112397,0.180392,0.0210028,0.488005,0.465806,0.146699,0.116497,0.0563327,0.178838,0.333556,0.309091,0.086696,-0.192663
0.0449993,0.178938,0.0312296,0.343689,0.265103,0.0692519,-0.127043,0.265573,0.0234598,0.242309,0.208541,0.479319,0.412888,0.710095,0.508577,0.108287,0.30293,0.0534363,0.0927895,0.49553,0.821139,0.737944,1.13213,0.405795,0.362989,0.521968,0.224013,0.42565,0.550741,0.343526,0.242876,0.0928518,0.0558465,0.664186,0.517871,0.409921,0.72235,-0.00587302,0.138993,0.172034,0.058641,0.318374,0.0452687,0.451566,0.0361804,-0.0307393,0.00225883,0.331588,0.429308,-0.0317272,0.101244,0.707595,0.588731,0.769357,0.627225,0.624078,0.114371,0.181381,0.0214394,0.489711,0.466901,0.146867,0.116689,0.0560723,0.179516,0.333658,0.312255,0.0885271,-0.192852
0.0459992,0.182432,0.0312201,0.346269,0.267179,0.0702557,-0.126226,0.264965,0.0251415,0.240762,0.207735,0.481012,0.412562,0.706259,0.50907,0.107355,0.303631,0.0506397,0.0924274,0.496686,0.820769,0.73634,1.12825,0.405859,0.364402,0.522384,0.225111,0.422436,0.549942,0.344683,0.243243,0.0957853,0.0561883,0.665401,0.519922,0.404823,0.720168,-0.00611202,0.139096,0.172084,0.0590584,0.319399,0.0439861,0.452437,0.035927,-0.0308781,0.00178702,0.332484,0.431821,-0.0314244,0.100733,0.707062,0.589143,0.77268,0.633074,0.62627,0.116377,0.182365,0.0218604,0.491413,0.46799,0.14704,0.116876,0.0557974,0.180187,0.333746,0.315436,0.0903708,-0.193034
0.0469992,0.185906,0.031207,0.348848,0.26926,0.0712752,-0.125394,0.26435,0.0268487,0.2392,0.206924,0.482696,0.412251,0.702373,0.509547,0.106422,0.304318,0.0478441,0.0920628,0.497893,0.820359,0.734711,1.12433,0.405921,0.365816,0.522779,0.226225,0.419191,0.549113,0.345839,0.243612,0.0987213,0.056529,0.666605,0.521962,0.399682,0.717952,-0.00634584,0.139185,0.172126,0.0594788,0.320413,0.0426958,0.453358,0.0357057,-0.0310121,0.00131398,0.333374,0.434323,-0.031106,0.100217,0.706498,0.589541,0.775989,0.638934,0.62844,0.118415,0.183344,0.022266,0.49311,0.469073,0.147218,0.11706,0.0555081,0.180852,0.33382,0.318635,0.0922268,-0.19321
0.0479992,0.18936,0.0311905,0.351428,0.271346,0.0723127,-0.124546,0.263726,0.028581,0.237626,0.206107,0.484371,0.411955,0.698439,0.510008,0.105489,0.304992,0.0450505,0.0916961,0.499152,0.819909,0.733056,1.12038,0.405981,0.367231,0.523153,0.227356,0.415914,0.548257,0.346991,0.243985,0.101659,0.0568688,0.667798,0.523989,0.3945,0.715703,-0.00657458,0.139262,0.172159,0.0599024,0.321417,0.0413992,0.454328,0.0355161,-0.0311412,0.00083975,0.33426,0.436814,-0.0307687,0.099696,0.705904,0.589924,0.779285,0.644807,0.630588,0.120486,0.184317,0.0226563,0.494802,0.47015,0.147402,0.117239,0.0552044,0.18151,0.333881,0.321852,0.0940948,-0.193379
0.0489992,0.192792,0.0311704,0.354007,0.273435,0.0733698,-0.123683,0.263095,0.030338,0.23604,0.205284,0.486037,0.411676,0.694457,0.510452,0.104556,0.305654,0.0422596,0.0913273,0.500462,0.819418,0.731377,1.11639,0.406038,0.368647,0.523506,0.228502,0.412606,0.547372,0.348142,0.244362,0.104598,0.0572075,0.668979,0.526005,0.389278,0.713421,-0.00679832,0.139325,0.172183,0.0603292,0.322409,0.0400979,0.455351,0.0353579,-0.0312653,0.00036437,0.335141,0.439294,-0.0304106,0.0991703,0.705279,0.590292,0.782567,0.65069,0.632715,0.122589,0.185285,0.0230314,0.496488,0.47122,0.147593,0.117415,0.0548862,0.182162,0.333928,0.325085,0.0959746,-0.193542
0.0499992,0.196201,0.0311468,0.356586,0.275528,0.0744469,-0.122804,0.262455,0.0321193,0.23444,0.204456,0.487694,0.411413,0.690427,0.51088,0.103623,0.306302,0.0394724,0.0909567,0.501824,0.818887,0.729675,1.11237,0.406094,0.370064,0.523838,0.229664,0.409267,0.546459,0.349289,0.244741,0.107538,0.0575452,0.670148,0.528009,0.384016,0.711108,-0.00701715,0.139376,0.172198,0.0607591,0.323391,0.0387935,0.456427,0.035231,-0.0313844,-0.000112126,0.336017,0.441763,-0.0300324,0.0986398,0.704623,0.590647,0.785835,0.656585,0.63482,0.124724,0.186247,0.0233915,0.498169,0.472285,0.147791,0.117587,0.0545534,0.182808,0.333962,0.328336,0.0978659,-0.193698
0.0509992,0.199585,0.0311196,0.359164,0.277625,0.0755434,-0.121911,0.261807,0.0339245,0.232829,0.203622,0.489342,0.411169,0.68635,0.51129,0.102689,0.306937,0.0366898,0.0905846,0.503238,0.818317,0.72795,1.10831,0.406147,0.37148,0.52415,0.230843,0.405897,0.545518,0.350434,0.245125,0.110478,0.0578819,0.671306,0.530001,0.378717,0.708763,-0.00723115,0.139413,0.172204,0.0611923,0.324361,0.0374876,0.45756,0.0351352,-0.0314985,-0.000589699,0.336888,0.444221,-0.0296368,0.0981048,0.703936,0.590987,0.78909,0.662489,0.636903,0.126889,0.187202,0.0237366,0.499843,0.473343,0.147997,0.117754,0.0542062,0.183447,0.333982,0.331603,0.0997685,-0.193848
0.0519991,0.202944,0.0310888,0.361741,0.279725,0.0766573,-0.121002,0.261152,0.0357532,0.231206,0.202783,0.49098,0.410944,0.682226,0.511684,0.101757,0.30756,0.0339127,0.0902111,0.504704,0.817706,0.726204,1.10422,0.406198,0.372897,0.52444,0.232038,0.402496,0.544549,0.351576,0.245511,0.113417,0.0582175,0.672453,0.53198,0.373381,0.706387,-0.00744039,0.139437,0.172202,0.0616286,0.32532,0.0361818,0.458749,0.0350707,-0.0316076,-0.00106831,0.337755,0.446667,-0.0292266,0.0975655,0.703219,0.591314,0.792329,0.668403,0.638963,0.129082,0.188152,0.0240671,0.501511,0.474396,0.148209,0.117918,0.0538443,0.18408,0.333989,0.334888,0.101682,-0.193991
0.0529991,0.206275,0.0310544,0.364317,0.281827,0.0777866,-0.120078,0.260488,0.037605,0.229572,0.201938,0.492609,0.41074,0.678055,0.51206,0.100824,0.308169,0.0311422,0.0898365,0.506223,0.817055,0.724438,1.1001,0.406247,0.374314,0.52471,0.233249,0.399064,0.543552,0.352715,0.245902,0.116354,0.0585521,0.673589,0.533947,0.36801,0.703981,-0.00764495,0.139447,0.172191,0.0620683,0.326267,0.0348777,0.459998,0.0350377,-0.0317117,-0.00154793,0.338616,0.449102,-0.0288039,0.0970219,0.702472,0.591627,0.795554,0.674326,0.641001,0.131302,0.189095,0.0243828,0.503173,0.475443,0.14843,0.118078,0.0534676,0.184706,0.333982,0.338188,0.103606,-0.194128
0.0539991,0.209578,0.0310164,0.366891,0.283931,0.0789294,-0.119139,0.259817,0.0394795,0.227926,0.201089,0.494229,0.410559,0.673838,0.512418,0.0998929,0.308764,0.0283793,0.089461,0.507795,0.816365,0.722653,1.09596,0.406293,0.375731,0.524959,0.234476,0.395602,0.542526,0.353851,0.246296,0.119289,0.0588855,0.674713,0.535901,0.362604,0.701545,-0.00784487,0.139444,0.172171,0.0625111,0.327203,0.0335769,0.461308,0.0350365,-0.0318109,-0.00202852,0.339474,0.451525,-0.0283701,0.0964743,0.701695,0.591927,0.798764,0.680258,0.643016,0.133547,0.190031,0.024684,0.504828,0.476483,0.148659,0.118233,0.0530761,0.185326,0.333962,0.341504,0.105541,-0.194259
0.0549991,0.212851,0.0309747,0.369464,0.286037,0.0800843,-0.118186,0.259138,0.0413764,0.226269,0.200235,0.495839,0.410402,0.669576,0.512758,0.0989625,0.309347,0.0256249,0.0890847,0.509419,0.815635,0.72085,1.09178,0.406338,0.377147,0.525187,0.23572,0.392108,0.541473,0.354983,0.246694,0.122221,0.0592179,0.675826,0.537842,0.357167,0.699079,-0.00804023,0.139428,0.172142,0.0629571,0.328126,0.032281,0.462679,0.0350676,-0.0319052,-0.00251004,0.340326,0.453936,-0.0279263,0.0959229,0.700887,0.592214,0.801959,0.686198,0.645008,0.135815,0.190961,0.0249707,0.506475,0.477518,0.148897,0.118385,0.0526695,0.18594,0.333929,0.344836,0.107486,-0.194383
0.0559991,0.216093,0.0309293,0.372035,0.288144,0.0812505,-0.117218,0.258453,0.0432954,0.224602,0.199376,0.49744,0.410272,0.665269,0.51308,0.0980333,0.309916,0.0228801,0.0887079,0.511096,0.814865,0.719032,1.08758,0.40638,0.378564,0.525395,0.23698,0.388583,0.540392,0.356112,0.247097,0.125149,0.059549,0.676927,0.539771,0.351699,0.696585,-0.00823107,0.139398,0.172104,0.0634062,0.329038,0.0309915,0.464113,0.0351319,-0.0319949,-0.00299245,0.341175,0.456336,-0.0274731,0.0953677,0.700049,0.592489,0.805139,0.692146,0.646976,0.138104,0.191884,0.025243,0.508116,0.478547,0.149143,0.118533,0.0522477,0.186547,0.333883,0.348184,0.109442,-0.194501
0.0569991,0.219302,0.0308802,0.374603,0.290251,0.0824282,-0.116236,0.25776,0.0452361,0.222925,0.198512,0.499031,0.41017,0.660917,0.513384,0.0971056,0.310472,0.0201461,0.0883307,0.512825,0.814056,0.717198,1.08335,0.406419,0.379979,0.525582,0.238257,0.385027,0.539283,0.357238,0.247503,0.128071,0.059879,0.678017,0.541687,0.346203,0.694062,-0.00841744,0.139354,0.172058,0.0638583,0.329937,0.0297101,0.46561,0.0352302,-0.0320801,-0.00347573,0.342019,0.458724,-0.0270112,0.094809,0.699181,0.592752,0.808303,0.698101,0.648922,0.140411,0.1928,0.0255012,0.509748,0.479571,0.149398,0.118677,0.0518103,0.187147,0.333823,0.351546,0.111407,-0.194612
0.057999,0.222477,0.0308273,0.377169,0.292358,0.0836176,-0.11524,0.257062,0.0471981,0.221237,0.197644,0.500613,0.410099,0.656521,0.513669,0.0961796,0.311015,0.0174238,0.0879534,0.514607,0.813208,0.715352,1.0791,0.406456,0.381395,0.525748,0.239551,0.38144,0.538146,0.35836,0.247913,0.130988,0.0602078,0.679095,0.543589,0.340679,0.691511,-0.00859938,0.139296,0.172002,0.0643134,0.330823,0.0284382,0.467172,0.0353635,-0.0321609,-0.00395983,0.342859,0.461099,-0.0265411,0.094247,0.698284,0.593003,0.811451,0.704063,0.650843,0.142733,0.193708,0.0257454,0.511373,0.480588,0.149663,0.118816,0.0513571,0.187741,0.333751,0.354923,0.113381,-0.194717
0.058999,0.225616,0.0307706,0.379733,0.294465,0.0848196,-0.114229,0.256358,0.0491812,0.21954,0.196772,0.502185,0.410061,0.652082,0.513936,0.0952555,0.311544,0.0147145,0.0875761,0.516441,0.812321,0.713495,1.07483,0.406491,0.382811,0.525893,0.240862,0.377821,0.536982,0.359479,0.248328,0.133898,0.0605353,0.680162,0.545478,0.33513,0.688933,-0.00877694,0.139225,0.171938,0.0647713,0.331698,0.0271773,0.468798,0.035533,-0.0322375,-0.00444472,0.343695,0.463463,-0.026063,0.0936818,0.697357,0.593243,0.814583,0.710032,0.652741,0.145068,0.194608,0.0259761,0.51299,0.4816,0.149937,0.118952,0.050888,0.188329,0.333665,0.358314,0.115365,-0.194816
0.059999,0.228718,0.0307102,0.382294,0.29657,0.0860342,-0.113204,0.255649,0.051185,0.217834,0.195896,0.503747,0.410058,0.6476,0.514185,0.0943337,0.31206,0.0120193,0.0871989,0.518328,0.811395,0.711628,1.07054,0.406522,0.384227,0.526017,0.242189,0.374171,0.535791,0.360594,0.248747,0.136799,0.0608616,0.681217,0.547354,0.329557,0.686329,-0.00895015,0.13914,0.171864,0.0652318,0.332559,0.0259289,0.47049,0.0357401,-0.0323102,-0.00493037,0.344528,0.465814,-0.0255776,0.0931137,0.6964,0.593472,0.817699,0.716006,0.654615,0.147414,0.195501,0.0261934,0.514599,0.482607,0.15022,0.119084,0.0504027,0.18891,0.333566,0.361718,0.117358,-0.194909
0.060999,0.231781,0.0306458,0.384851,0.298674,0.087261,-0.112166,0.254936,0.0532093,0.216118,0.195017,0.5053,0.410092,0.643076,0.514415,0.0934142,0.312563,0.00933928,0.0868221,0.520268,0.81043,0.709754,1.06623,0.406549,0.385643,0.526121,0.243534,0.37049,0.534573,0.361705,0.249171,0.139691,0.0611866,0.68226,0.549217,0.323963,0.683698,-0.00911904,0.139041,0.171782,0.0656947,0.333408,0.0246942,0.472248,0.0359862,-0.032379,-0.00541674,0.345356,0.468153,-0.0250849,0.0925428,0.695414,0.59369,0.820799,0.721985,0.656465,0.14977,0.196386,0.0263978,0.5162,0.483608,0.150513,0.119211,0.0499013,0.189485,0.333455,0.365136,0.11936,-0.194995
0.061999,0.234804,0.0305775,0.387406,0.300776,0.0884984,-0.111114,0.25422,0.0552537,0.214394,0.194134,0.506843,0.410166,0.63851,0.514627,0.0924974,0.313052,0.00667574,0.0864458,0.52226,0.809426,0.707874,1.0619,0.406573,0.387059,0.526205,0.244896,0.366777,0.533328,0.362812,0.249599,0.142573,0.0615103,0.683292,0.551065,0.318351,0.681042,-0.00928364,0.138928,0.171691,0.0661599,0.334243,0.0234746,0.474075,0.0362727,-0.0324441,-0.00590379,0.346181,0.470479,-0.0245854,0.0919693,0.694398,0.593899,0.823882,0.727969,0.65829,0.152133,0.197263,0.0265893,0.517792,0.484604,0.150816,0.119335,0.0493835,0.190053,0.33333,0.368567,0.121371,-0.195075
0.062999,0.237785,0.0305054,0.389957,0.302875,0.0897449,-0.110048,0.253503,0.057318,0.212662,0.193249,0.508376,0.410281,0.633902,0.514821,0.0915835,0.313527,0.00402986,0.0860702,0.524305,0.808385,0.705992,1.05755,0.406594,0.388476,0.526268,0.246275,0.363032,0.532057,0.363915,0.250032,0.145443,0.0618326,0.684311,0.552901,0.312721,0.678361,-0.00944399,0.138802,0.171591,0.0666271,0.335066,0.0222713,0.475974,0.0366013,-0.0325056,-0.00639149,0.347003,0.472793,-0.0240793,0.0913934,0.693353,0.594098,0.826948,0.733958,0.660091,0.154505,0.198131,0.0267681,0.519375,0.485594,0.151128,0.119455,0.0488493,0.190614,0.333193,0.37201,0.123391,-0.19515
0.0639989,0.240722,0.0304292,0.392504,0.304971,0.0909991,-0.108969,0.252785,0.0594016,0.210922,0.19236,0.5099,0.410439,0.629255,0.514997,0.0906727,0.313989,0.00140286,0.0856955,0.526402,0.807304,0.704108,1.05319,0.406612,0.389894,0.52631,0.247671,0.359256,0.530759,0.365014,0.250469,0.1483,0.0621536,0.685318,0.554722,0.307077,0.675656,-0.00960011,0.138662,0.171482,0.0670958,0.335875,0.0210853,0.47795,0.0369735,-0.0325636,-0.00687982,0.347821,0.475094,-0.0235668,0.0908153,0.692279,0.594288,0.829997,0.73995,0.661866,0.156883,0.198991,0.0269341,0.52095,0.48658,0.151449,0.11957,0.0482983,0.191169,0.333043,0.375465,0.125419,-0.195218
0.0649989,0.243614,0.030349,0.395047,0.307064,0.0922608,-0.107877,0.252068,0.0615043,0.209174,0.19147,0.511414,0.410642,0.624568,0.515155,0.0897653,0.314438,-0.00120403,0.0853217,0.528552,0.806186,0.702226,1.04881,0.406628,0.391313,0.526332,0.249085,0.355447,0.529436,0.366109,0.250911,0.151143,0.0624732,0.686313,0.556529,0.301421,0.672927,-0.00975203,0.138508,0.171365,0.0675658,0.33667,0.0199176,0.480007,0.037391,-0.0326182,-0.00736872,0.348636,0.477382,-0.0230479,0.0902353,0.691176,0.59447,0.833029,0.745946,0.663617,0.159267,0.199842,0.0270872,0.522516,0.48756,0.151781,0.119682,0.0477297,0.191718,0.33288,0.378931,0.127456,-0.19528
0.0659989,0.246458,0.0302647,0.397586,0.309153,0.0935298,-0.106772,0.251354,0.0636257,0.207418,0.190577,0.512919,0.410892,0.619841,0.515296,0.0888615,0.314873,-0.00378953,0.0849491,0.530755,0.805031,0.700347,1.04442,0.406642,0.392733,0.526334,0.250516,0.351607,0.528088,0.367199,0.251358,0.153971,0.0627913,0.687296,0.558322,0.295756,0.670174,-0.00989976,0.13834,0.171238,0.0680367,0.337452,0.0187694,0.482154,0.0378553,-0.0326695,-0.00785817,0.349447,0.479657,-0.0225227,0.0896535,0.690045,0.594643,0.836043,0.751945,0.665343,0.161658,0.200684,0.0272272,0.524073,0.488536,0.152121,0.11979,0.0471416,0.19226,0.332705,0.382409,0.1295,-0.195336
0.0669989,0.249254,0.0301764,0.400121,0.311237,0.0948062,-0.105654,0.250644,0.0657652,0.205656,0.189684,0.514414,0.41119,0.615077,0.51542,0.0879616,0.315295,-0.00635239,0.0845778,0.533011,0.803838,0.698475,1.04002,0.406654,0.394154,0.526315,0.251964,0.347733,0.526715,0.368286,0.251809,0.156781,0.063108,0.688267,0.560101,0.290084,0.667399,-0.0100433,0.138159,0.171103,0.068508,0.33822,0.0176414,0.484399,0.0383679,-0.0327173,-0.00834814,0.350256,0.481919,-0.0219912,0.0890701,0.688885,0.594809,0.83904,0.757947,0.667044,0.164055,0.201517,0.0273539,0.525621,0.489507,0.152471,0.119893,0.0465308,0.192795,0.332517,0.385897,0.131553,-0.195386
0.0679989,0.252,0.0300839,0.402651,0.313317,0.0960896,-0.104523,0.24994,0.0679224,0.203887,0.188789,0.515899,0.411538,0.610275,0.515528,0.0870657,0.315703,-0.00889132,0.0842079,0.53532,0.802607,0.696611,1.03562,0.406667,0.395576,0.526277,0.253428,0.343825,0.525318,0.369367,0.252266,0.159573,0.0634232,0.689225,0.561866,0.284408,0.664602,-0.0101828,0.137965,0.170959,0.0689792,0.338975,0.0165347,0.486751,0.0389303,-0.0327619,-0.00883858,0.351062,0.484168,-0.0214534,0.0884853,0.687697,0.594968,0.842019,0.76395,0.668719,0.166457,0.202341,0.0274674,0.52716,0.490474,0.152829,0.119993,0.0458944,0.193324,0.332317,0.389396,0.133613,-0.19543
0.0689989,0.254693,0.0299871,0.405177,0.315391,0.0973791,-0.10338,0.249244,0.0700967,0.202111,0.187894,0.517375,0.411938,0.605436,0.515619,0.0861742,0.316097,-0.0114051,0.0838396,0.537683,0.80134,0.694758,1.0312,0.406679,0.396999,0.526218,0.254908,0.339879,0.523898,0.370445,0.252727,0.162345,0.063737,0.69017,0.563617,0.278732,0.661784,-0.0103181,0.137757,0.170806,0.0694498,0.339715,0.0154504,0.489223,0.0395437,-0.0328031,-0.00932947,0.351865,0.486403,-0.0209092,0.0878993,0.686481,0.59512,0.844979,0.769955,0.670369,0.168867,0.203155,0.0275679,0.52869,0.491437,0.153197,0.120089,0.0452342,0.193846,0.332104,0.392904,0.135682,-0.195468
0.0699988,0.257332,0.0298862,0.407697,0.31746,0.0986736,-0.102225,0.248558,0.0722874,0.20033,0.186999,0.518842,0.412392,0.600562,0.515694,0.0852872,0.316478,-0.0138923,0.083473,0.540099,0.800035,0.692918,1.02677,0.406691,0.398422,0.526139,0.256405,0.335892,0.522454,0.371518,0.253193,0.165094,0.0640492,0.691103,0.565353,0.273058,0.658945,-0.0104493,0.137536,0.170645,0.0699191,0.340441,0.0143894,0.491827,0.0402096,-0.032841,-0.00982077,0.352665,0.488625,-0.0203584,0.0873123,0.685237,0.595266,0.847922,0.775962,0.671993,0.171283,0.203959,0.027656,0.53021,0.492396,0.153573,0.12018,0.0445537,0.194362,0.331879,0.396422,0.137758,-0.1955
0.0709988,0.259915,0.0297809,0.410212,0.319523,0.0999723,-0.101057,0.247884,0.0744937,0.198543,0.186104,0.520299,0.412901,0.595652,0.515753,0.0844051,0.316845,-0.0163517,0.0831083,0.542568,0.798694,0.691093,1.02234,0.406704,0.399845,0.526041,0.257916,0.331863,0.520989,0.372586,0.253664,0.167821,0.0643599,0.692022,0.567074,0.26739,0.656086,-0.0105764,0.137301,0.170475,0.0703866,0.341153,0.0133529,0.494575,0.0409288,-0.0328757,-0.0103124,0.353463,0.490833,-0.0198007,0.0867246,0.683966,0.595406,0.850846,0.781969,0.67359,0.173708,0.204754,0.0277324,0.531722,0.493351,0.153958,0.120268,0.0438555,0.194872,0.331642,0.399949,0.139842,-0.195527
0.0719988,0.262441,0.0296714,0.412722,0.32158,0.101275,-0.0998781,0.247223,0.0767148,0.19675,0.185211,0.521747,0.413467,0.59071,0.515798,0.0835279,0.317199,-0.0187821,0.0827456,0.545092,0.797317,0.689286,1.0179,0.406716,0.401268,0.525922,0.259443,0.327804,0.519503,0.373649,0.254141,0.170522,0.064669,0.692929,0.568781,0.261731,0.653207,-0.0106994,0.137054,0.170296,0.0708516,0.34185,0.012342,0.49748,0.0417026,-0.0329072,-0.0108044,0.354258,0.493028,-0.0192361,0.0861363,0.682669,0.59554,0.853752,0.787976,0.675162,0.176141,0.205538,0.0277979,0.533224,0.494303,0.154351,0.120352,0.0431405,0.195375,0.331392,0.403485,0.141933,-0.195548
0.0729988,0.264907,0.0295574,0.415226,0.32363,0.102582,-0.0986871,0.246578,0.0789499,0.194953,0.18432,0.523186,0.414092,0.585734,0.515829,0.082656,0.317539,-0.0211822,0.082385,0.547669,0.795904,0.687499,1.01347,0.406729,0.40269,0.525784,0.260984,0.323748,0.517996,0.374708,0.254622,0.173196,0.0649766,0.693823,0.570472,0.256086,0.65031,-0.0108184,0.136794,0.170108,0.0713134,0.342533,0.0113579,0.500553,0.0425316,-0.0329356,-0.0112967,0.355051,0.495208,-0.0186641,0.0855476,0.681346,0.595669,0.856638,0.793984,0.676708,0.178583,0.206312,0.0278531,0.534718,0.495251,0.154752,0.120432,0.0424094,0.195871,0.331131,0.407028,0.144032,-0.195563
0.0739988,0.267311,0.029439,0.417724,0.325673,0.103894,-0.0974845,0.245951,0.0811978,0.193151,0.183431,0.524616,0.414779,0.580727,0.515846,0.0817896,0.317865,-0.0235506,0.0820268,0.5503,0.794455,0.685732,1.00903,0.406746,0.404114,0.525627,0.262539,0.319721,0.516471,0.375762,0.255109,0.175841,0.0652826,0.694703,0.572149,0.250459,0.647395,-0.0109333,0.136522,0.169913,0.0717716,0.343201,0.0104017,0.5038,0.0434167,-0.0329611,-0.0117893,0.355841,0.497375,-0.0180848,0.0849587,0.679999,0.595792,0.859506,0.79999,0.678227,0.181033,0.207075,0.0278988,0.536202,0.496198,0.155162,0.120508,0.0416623,0.196361,0.330857,0.41058,0.146138,-0.195573
0.0749988,0.269652,0.0293161,0.420216,0.32771,0.105215,-0.0962707,0.245343,0.0834575,0.191344,0.182546,0.526037,0.41553,0.57569,0.515849,0.080929,0.318178,-0.0258861,0.0816709,0.552986,0.792971,0.683987,1.00459,0.406767,0.405547,0.52545,0.264107,0.315703,0.514928,0.37681,0.2556,0.178455,0.065587,0.69557,0.573811,0.244853,0.644463,-0.0110442,0.136237,0.169708,0.0722254,0.343855,0.00947436,0.507218,0.0443586,-0.0329837,-0.0122821,0.35663,0.499527,-0.0174977,0.0843698,0.678628,0.59591,0.862355,0.805996,0.67972,0.183493,0.207828,0.0279356,0.537677,0.497141,0.155579,0.12058,0.040899,0.196845,0.330571,0.414139,0.148252,-0.195577
0.0759988,0.271927,0.0291887,0.422701,0.329739,0.106547,-0.0950457,0.244757,0.0857279,0.189534,0.181664,0.52745,0.416347,0.570625,0.51584,0.0800743,0.318477,-0.0281874,0.0813176,0.555726,0.791452,0.682264,1.00015,0.406793,0.40701,0.525253,0.265689,0.311681,0.513367,0.377854,0.256097,0.181036,0.0658898,0.696424,0.575458,0.239272,0.641515,-0.0111511,0.13594,0.169495,0.0726743,0.344493,0.00857701,0.510798,0.0453578,-0.0330037,-0.0127751,0.357416,0.501665,-0.0169028,0.0837812,0.677236,0.596024,0.865185,0.812001,0.681187,0.185959,0.20857,0.0279638,0.539144,0.498083,0.156004,0.120648,0.0401192,0.197322,0.330273,0.417705,0.150373,-0.195576
0.0769987,0.274135,0.0290568,0.425181,0.33176,0.107892,-0.0938099,0.244193,0.0880077,0.18772,0.180787,0.528853,0.417233,0.565531,0.515819,0.0792257,0.318763,-0.0304534,0.0809669,0.558521,0.789898,0.680565,0.995711,0.406826,0.408496,0.525038,0.267283,0.307664,0.511791,0.378893,0.2566,0.183582,0.0661911,0.697264,0.577089,0.233723,0.63855,-0.011254,0.13563,0.169274,0.0731178,0.345117,0.00771059,0.514524,0.0464147,-0.0330211,-0.0132682,0.3582,0.503789,-0.0162998,0.0831929,0.675826,0.596132,0.867995,0.818004,0.682627,0.188432,0.209302,0.0279841,0.540601,0.499023,0.156437,0.120712,0.0393225,0.197792,0.329963,0.421278,0.152502,-0.195569
0.0779987,0.276274,0.0289201,0.427653,0.333774,0.109252,-0.0925633,0.243653,0.0902957,0.185902,0.179915,0.530248,0.418192,0.560412,0.515787,0.0783836,0.319035,-0.0326828,0.0806191,0.561371,0.788309,0.678889,0.99128,0.406865,0.409988,0.524803,0.268889,0.303673,0.5102,0.379927,0.257107,0.186091,0.0664908,0.69809,0.578706,0.228209,0.635571,-0.0113529,0.13531,0.169044,0.0735555,0.345725,0.00687599,0.518376,0.0475297,-0.0330362,-0.0137614,0.358982,0.505897,-0.0156888,0.0826052,0.674403,0.596235,0.870786,0.824005,0.684039,0.19091,0.210022,0.0279966,0.54205,0.499963,0.156877,0.120773,0.0385088,0.198257,0.329641,0.424857,0.154638,-0.195556
0.0789987,0.278342,0.0287789,0.430118,0.33578,0.110628,-0.0913063,0.243138,0.0925905,0.184082,0.179049,0.531635,0.419227,0.555269,0.515745,0.0775482,0.319294,-0.0348743,0.0802742,0.564275,0.786686,0.677234,0.986855,0.40691,0.411477,0.52455,0.270508,0.299731,0.508596,0.380955,0.25762,0.18856,0.0667888,0.698902,0.580306,0.222735,0.632578,-0.0114478,0.134977,0.168806,0.073987,0.346318,0.00607411,0.522335,0.0487034,-0.0330491,-0.0142548,0.359762,0.507992,-0.0150695,0.0820182,0.672974,0.596334,0.873557,0.830004,0.685425,0.193392,0.21073,0.0280017,0.543491,0.500901,0.157325,0.120829,0.0376776,0.198714,0.329307,0.428442,0.156782,-0.195539
0.0799987,0.280338,0.0286329,0.432576,0.337777,0.112022,-0.0900389,0.242649,0.0948907,0.182259,0.17819,0.533013,0.42034,0.550101,0.515692,0.0767196,0.319538,-0.0370268,0.0799323,0.567235,0.785029,0.675601,0.982438,0.406959,0.412964,0.524278,0.272138,0.295855,0.506979,0.381978,0.258138,0.190987,0.0670853,0.699701,0.581892,0.217308,0.629571,-0.0115387,0.134634,0.16856,0.0744121,0.346896,0.00530585,0.526384,0.0499358,-0.0330599,-0.0147481,0.36054,0.510071,-0.014442,0.0814321,0.671555,0.596427,0.876308,0.836,0.686785,0.195877,0.211427,0.0279997,0.544923,0.501839,0.157781,0.120882,0.0368289,0.199166,0.328961,0.432033,0.158934,-0.195516
0.0809987,0.282258,0.0284821,0.435027,0.339766,0.113434,-0.0887614,0.242187,0.0971949,0.180434,0.177339,0.534384,0.421537,0.544912,0.51563,0.0758981,0.31977,-0.0391392,0.0795936,0.570249,0.783338,0.673986,0.97803,0.407014,0.414447,0.523987,0.273779,0.292051,0.505352,0.382996,0.258661,0.193371,0.0673803,0.700486,0.583461,0.211932,0.626553,-0.0116256,0.13428,0.168306,0.0748304,0.347459,0.00457217,0.530508,0.0512275,-0.0330687,-0.0152414,0.361316,0.512135,-0.0138064,0.0808472,0.670167,0.596516,0.879039,0.841992,0.688116,0.198365,0.212113,0.0279908,0.546347,0.502778,0.158244,0.12093,0.0359621,0.199611,0.328604,0.43563,0.161094,-0.195488
0.0819987,0.284102,0.0283265,0.43747,0.341746,0.114867,-0.087474,0.241751,0.0995018,0.178607,0.176496,0.535746,0.422822,0.539701,0.51556,0.0750841,0.319988,-0.0412103,0.0792583,0.573318,0.781614,0.672389,0.973634,0.407075,0.415927,0.523678,0.275432,0.288312,0.503714,0.384009,0.25919,0.195708,0.0676737,0.701257,0.585015,0.206613,0.623522,-0.0117086,0.133915,0.168044,0.0752418,0.348006,0.00387406,0.534695,0.0525786,-0.0330757,-0.0157346,0.362091,0.514183,-0.0131628,0.0802635,0.668828,0.596599,0.88175,0.847982,0.689421,0.200854,0.212787,0.0279751,0.547763,0.503718,0.158714,0.120975,0.0350767,0.200049,0.328235,0.439231,0.163261,-0.195454
0.0829986,0.285867,0.028166,0.439906,0.343718,0.11632,-0.086177,0.241344,0.10181,0.176778,0.175663,0.537101,0.424198,0.534471,0.515482,0.0742776,0.320192,-0.043239,0.0789263,0.576443,0.779856,0.670806,0.969251,0.407141,0.417405,0.52335,0.277095,0.284628,0.502068,0.385016,0.259725,0.197996,0.0679655,0.702013,0.586553,0.201357,0.620481,-0.0117876,0.133539,0.167773,0.0756461,0.348538,0.00321262,0.538932,0.0539894,-0.0330809,-0.0162278,0.362864,0.516217,-0.0125111,0.0796811,0.667531,0.596676,0.884441,0.853967,0.690699,0.203344,0.213449,0.0279529,0.54917,0.504658,0.159192,0.121016,0.034172,0.200481,0.327854,0.442837,0.165437,-0.195416
0.0839986,0.287552,0.0280006,0.442333,0.34568,0.117796,-0.0848704,0.240963,0.104118,0.174948,0.174839,0.538448,0.425671,0.529221,0.515397,0.0734791,0.320383,-0.0452243,0.0785978,0.579622,0.778067,0.669233,0.964883,0.407214,0.418883,0.523005,0.278769,0.280991,0.500413,0.386017,0.260265,0.200233,0.0682559,0.702756,0.588076,0.19617,0.61743,-0.0118627,0.133154,0.167495,0.0760432,0.349054,0.00258901,0.543212,0.0554601,-0.0330845,-0.0167208,0.363635,0.518234,-0.0118516,0.0791003,0.66626,0.596747,0.887112,0.859949,0.691949,0.205833,0.214098,0.0279243,0.55057,0.505601,0.159677,0.121053,0.033248,0.200907,0.327462,0.446448,0.167621,-0.195372
0.0849986,0.289156,0.0278302,0.444752,0.347633,0.119295,-0.0835546,0.240611,0.106425,0.173117,0.174026,0.539788,0.427247,0.523953,0.515305,0.0726886,0.32056,-0.047165,0.0782731,0.582856,0.776244,0.667669,0.960532,0.407296,0.420365,0.522641,0.280454,0.277393,0.498752,0.387013,0.26081,0.202417,0.0685447,0.703484,0.589582,0.191059,0.61437,-0.0119338,0.132759,0.167209,0.076433,0.349554,0.00200447,0.547527,0.056991,-0.0330866,-0.0172136,0.364405,0.520236,-0.0111843,0.0785212,0.665,0.596813,0.889762,0.865926,0.693172,0.208321,0.214736,0.0278895,0.551962,0.506545,0.160169,0.121086,0.0323055,0.201326,0.327058,0.450062,0.169813,-0.195324
0.0859986,0.290676,0.0276549,0.447163,0.349576,0.120816,-0.0822297,0.240285,0.108729,0.171285,0.173225,0.541121,0.428932,0.518668,0.515208,0.0719065,0.320724,-0.0490601,0.077952,0.586144,0.77439,0.666109,0.956199,0.407388,0.421856,0.52226,0.282149,0.273833,0.497085,0.388003,0.261362,0.204545,0.0688321,0.704197,0.591072,0.186029,0.611303,-0.012001,0.132354,0.166916,0.0768153,0.350039,0.0014603,0.551871,0.058582,-0.0330872,-0.0177061,0.365173,0.522222,-0.0105093,0.0779438,0.663744,0.596871,0.892392,0.871898,0.694367,0.210806,0.215361,0.0278486,0.553346,0.507492,0.160668,0.121116,0.0313467,0.201739,0.326643,0.453681,0.172014,-0.19527
0.0869986,0.292112,0.0274744,0.449565,0.35151,0.122361,-0.0808959,0.239987,0.111029,0.169453,0.172437,0.542447,0.430731,0.513367,0.515105,0.0711331,0.320874,-0.0509087,0.0776349,0.589488,0.772503,0.66455,0.951887,0.407489,0.423359,0.521861,0.283855,0.27031,0.495412,0.388988,0.261919,0.206614,0.0691181,0.704896,0.592546,0.181087,0.608228,-0.0120643,0.131941,0.166614,0.0771901,0.350507,0.000957839,0.556238,0.0602334,-0.0330864,-0.0181984,0.365939,0.524191,-0.00982669,0.0773682,0.662488,0.596923,0.895001,0.877865,0.695535,0.213289,0.215974,0.0278018,0.554722,0.508443,0.161174,0.121141,0.0303736,0.202146,0.326216,0.457303,0.174225,-0.195212
0.0879986,0.293462,0.0272889,0.451959,0.353434,0.123927,-0.0795536,0.239716,0.113324,0.167621,0.171661,0.543767,0.432651,0.508053,0.514998,0.0703686,0.321011,-0.0527096,0.0773217,0.592885,0.770586,0.662987,0.947598,0.407602,0.42487,0.521445,0.28557,0.266822,0.493735,0.389967,0.262481,0.208623,0.0694026,0.705581,0.594004,0.176238,0.605148,-0.0121236,0.131519,0.166305,0.0775571,0.35096,0.000498412,0.560625,0.0619448,-0.0330844,-0.0186903,0.366704,0.526144,-0.00913646,0.0767944,0.66123,0.596967,0.897589,0.883827,0.696675,0.215768,0.216574,0.0277492,0.55609,0.509397,0.161687,0.121163,0.0293879,0.202546,0.325778,0.460928,0.176445,-0.195149
0.0889985,0.294724,0.0270982,0.454343,0.355347,0.125515,-0.0782029,0.239472,0.115614,0.16579,0.1709,0.545079,0.434699,0.502726,0.514887,0.0696132,0.321135,-0.0544619,0.0770126,0.596338,0.768637,0.661418,0.943332,0.407725,0.426385,0.521012,0.287296,0.263373,0.492054,0.39094,0.26305,0.210569,0.0696858,0.706251,0.595445,0.171491,0.602062,-0.0121791,0.131088,0.165989,0.0779162,0.351397,8.33593e-05,0.565029,0.0637161,-0.0330813,-0.0191818,0.367467,0.528081,-0.00843862,0.0762226,0.65997,0.597004,0.900157,0.889784,0.697788,0.218243,0.217162,0.027691,0.557449,0.510355,0.162206,0.121181,0.0283907,0.20294,0.325328,0.464557,0.178674,-0.195081
0.0899985,0.295897,0.0269023,0.456718,0.357251,0.127123,-0.0768441,0.239256,0.117896,0.163959,0.170153,0.546386,0.43688,0.497388,0.514773,0.0688674,0.321245,-0.0561647,0.0767076,0.599844,0.766657,0.659839,0.939092,0.407859,0.4279,0.520561,0.289031,0.259964,0.49037,0.391907,0.263625,0.212449,0.0699677,0.706907,0.59687,0.166849,0.598973,-0.0122306,0.13065,0.165665,0.0782672,0.351818,-0.000285964,0.569446,0.0655469,-0.033077,-0.0196729,0.368229,0.53,-0.00773314,0.0756527,0.65871,0.597032,0.902703,0.895735,0.698873,0.220714,0.217736,0.0276273,0.558799,0.511318,0.162731,0.121195,0.0273832,0.203328,0.324867,0.468188,0.180914,-0.195008
0.0909985,0.29698,0.0267011,0.459083,0.359143,0.12875,-0.0754776,0.239066,0.12017,0.162129,0.169422,0.547687,0.439199,0.492042,0.514656,0.0681312,0.321342,-0.0578168,0.076407,0.603405,0.764646,0.658247,0.93488,0.408003,0.429411,0.520094,0.290776,0.256595,0.488683,0.392869,0.264205,0.214262,0.0702483,0.707547,0.598278,0.16232,0.595881,-0.0122783,0.130204,0.165334,0.0786099,0.352224,-0.000608133,0.573875,0.0674366,-0.0330718,-0.0201635,0.368989,0.531903,-0.00701999,0.0750847,0.65745,0.597051,0.905229,0.901679,0.699931,0.22318,0.218298,0.0275582,0.56014,0.512286,0.163262,0.121205,0.0263667,0.20371,0.324395,0.471821,0.183164,-0.194931
0.0919985,0.297973,0.0264947,0.461439,0.361025,0.130394,-0.0741035,0.238905,0.122436,0.160301,0.168707,0.548982,0.441661,0.486689,0.514537,0.0674051,0.321425,-0.0594173,0.0761108,0.607019,0.762606,0.656639,0.930697,0.408158,0.430919,0.51961,0.29253,0.253269,0.486994,0.393824,0.264791,0.216005,0.0705277,0.708173,0.59967,0.15791,0.592786,-0.012322,0.129752,0.164996,0.078944,0.352613,-0.000881629,0.578314,0.0693842,-0.0330656,-0.0206535,0.369748,0.533789,-0.00629909,0.0745185,0.656194,0.597061,0.907733,0.907617,0.70096,0.22564,0.218847,0.0274838,0.561471,0.513258,0.163798,0.121211,0.025343,0.204085,0.323911,0.475456,0.185425,-0.194849
0.0929985,0.298873,0.0262829,0.463785,0.362896,0.132053,-0.0727223,0.238772,0.124692,0.158475,0.168008,0.550272,0.444267,0.481332,0.514416,0.0666894,0.321496,-0.0609651,0.075819,0.610687,0.760535,0.655011,0.926544,0.408325,0.432422,0.51911,0.294294,0.249988,0.485303,0.394773,0.265384,0.217676,0.0708059,0.708784,0.601045,0.153625,0.589691,-0.0123619,0.129292,0.164651,0.0792693,0.352986,-0.00110498,0.58276,0.0713887,-0.0330585,-0.0211429,0.370505,0.535657,-0.00557041,0.073954,0.654944,0.597062,0.910216,0.913549,0.701962,0.228095,0.219382,0.0274043,0.562792,0.514235,0.164339,0.121214,0.0243133,0.204454,0.323416,0.479094,0.187697,-0.194762
0.0939985,0.299681,0.0260657,0.466121,0.364756,0.133725,-0.0713343,0.238667,0.126939,0.15665,0.167327,0.551556,0.44702,0.475974,0.514294,0.0659842,0.321553,-0.0624593,0.0755318,0.614408,0.758435,0.653362,0.922423,0.408503,0.433922,0.518593,0.296067,0.246755,0.48361,0.395716,0.265983,0.219272,0.071083,0.709381,0.602403,0.14947,0.586596,-0.0123979,0.128826,0.164299,0.0795855,0.353342,-0.0012773,0.587212,0.0734488,-0.0330506,-0.0216316,0.371261,0.537507,-0.00483387,0.0733912,0.653704,0.597052,0.912678,0.919473,0.702937,0.230543,0.219904,0.0273198,0.564103,0.515215,0.164885,0.121213,0.0232776,0.204816,0.32291,0.482733,0.189981,-0.194671
0.0949984,0.300395,0.0258431,0.468447,0.366604,0.135409,-0.0699399,0.238593,0.129175,0.154828,0.166663,0.552836,0.449918,0.470616,0.514172,0.0652901,0.321597,-0.0638987,0.0752492,0.618182,0.756306,0.651689,0.918335,0.408693,0.435419,0.518061,0.297849,0.243576,0.481916,0.396653,0.266587,0.220791,0.0713591,0.709962,0.603744,0.145451,0.583502,-0.01243,0.128355,0.16394,0.0798923,0.353683,-0.00139902,0.59167,0.0755631,-0.0330419,-0.0221195,0.372015,0.53934,-0.00408944,0.0728299,0.652478,0.597031,0.915119,0.925391,0.703883,0.232986,0.220412,0.0272304,0.565404,0.516198,0.165436,0.121208,0.0222351,0.205173,0.322393,0.486373,0.192277,-0.194576
0.0959984,0.301015,0.0256151,0.470762,0.368441,0.137102,-0.0685394,0.23855,0.1314,0.153009,0.166017,0.55411,0.452961,0.465262,0.514048,0.0646072,0.321627,-0.0652822,0.0749714,0.62201,0.754148,0.649989,0.91428,0.408896,0.436916,0.517512,0.29964,0.240456,0.480221,0.397584,0.267198,0.222232,0.0716341,0.710528,0.605068,0.141573,0.58041,-0.0124582,0.127879,0.163575,0.0801892,0.354008,-0.00147225,0.596131,0.0777299,-0.0330324,-0.0226067,0.372768,0.541155,-0.00333711,0.07227,0.65127,0.597,0.917538,0.931301,0.704802,0.235422,0.220908,0.0271363,0.566693,0.517182,0.16599,0.121199,0.0211848,0.205523,0.321864,0.490015,0.194585,-0.194476
0.0969984,0.30154,0.0253815,0.473067,0.370266,0.138804,-0.0671335,0.238539,0.133614,0.151194,0.16539,0.555381,0.456145,0.459914,0.513925,0.0639359,0.321645,-0.0666087,0.0746984,0.625889,0.751961,0.64826,0.91026,0.409114,0.438414,0.516948,0.30144,0.237402,0.478525,0.398509,0.267816,0.223591,0.0719082,0.711079,0.606375,0.137842,0.577321,-0.0124826,0.127398,0.163203,0.0804761,0.354316,-0.00150023,0.600595,0.0799475,-0.033022,-0.0230931,0.373519,0.542951,-0.00257688,0.0717114,0.650081,0.596957,0.919935,0.937204,0.705693,0.237851,0.221389,0.0270375,0.567972,0.518167,0.166548,0.121186,0.0201263,0.205867,0.321325,0.493658,0.196907,-0.194372
0.0979984,0.30197,0.0251424,0.475361,0.372079,0.14051,-0.0657224,0.238563,0.135817,0.149381,0.164781,0.556647,0.459466,0.454576,0.513802,0.0632767,0.32165,-0.0678771,0.0744303,0.629821,0.749746,0.646499,0.906275,0.409347,0.439914,0.516369,0.303248,0.234422,0.476828,0.399427,0.26844,0.224867,0.0721814,0.711616,0.607665,0.134264,0.574237,-0.0125031,0.126912,0.162824,0.0807525,0.354608,-0.00148644,0.605061,0.0822141,-0.0330106,-0.0235785,0.374269,0.544729,-0.00180879,0.071154,0.648911,0.596902,0.922311,0.943099,0.706556,0.240272,0.221857,0.0269343,0.569239,0.519149,0.167108,0.12117,0.0190594,0.206204,0.320774,0.497301,0.199242,-0.194263
0.0989984,0.302303,0.0248977,0.477643,0.373879,0.142221,-0.0643069,0.238622,0.138007,0.147573,0.164192,0.55791,0.462921,0.44925,0.513679,0.0626297,0.321641,-0.0690861,0.0741671,0.633804,0.747503,0.644705,0.902326,0.409598,0.441416,0.515774,0.305065,0.231523,0.475131,0.400339,0.26907,0.226056,0.0724538,0.712137,0.608937,0.130842,0.571158,-0.0125198,0.126424,0.162439,0.0810181,0.354884,-0.00143407,0.609527,0.0845276,-0.032998,-0.0240629,0.375017,0.546489,-0.00103291,0.0705976,0.647758,0.596834,0.924666,0.948986,0.707392,0.242687,0.22231,0.0268265,0.570494,0.520129,0.167671,0.121149,0.0179845,0.206536,0.320212,0.500944,0.201591,-0.194151
0.0999984,0.30254,0.0246473,0.479915,0.375667,0.143934,-0.0628872,0.238719,0.140186,0.145769,0.163621,0.559169,0.466504,0.44394,0.513557,0.0619955,0.32162,-0.0702345,0.073909,0.637839,0.745232,0.642875,0.898413,0.409865,0.442919,0.515164,0.30689,0.228715,0.473434,0.401244,0.269707,0.227158,0.0727254,0.712642,0.610192,0.127583,0.568086,-0.0125326,0.125932,0.162048,0.0812726,0.355144,-0.0013459,0.613993,0.0868863,-0.0329842,-0.0245462,0.375764,0.548229,-0.000249333,0.0700422,0.646618,0.596754,0.926999,0.954864,0.7082,0.245094,0.22275,0.0267145,0.571738,0.521105,0.168236,0.121125,0.0169019,0.206861,0.319639,0.504588,0.203954,-0.194034
0.100998,0.30268,0.0243913,0.482175,0.377442,0.145649,-0.0614642,0.238855,0.142352,0.143969,0.163069,0.560424,0.470208,0.438648,0.513435,0.0613743,0.321585,-0.0713211,0.0736561,0.641923,0.742934,0.641009,0.894536,0.410151,0.444419,0.51454,0.308723,0.226005,0.471738,0.402143,0.27035,0.228168,0.0729964,0.713133,0.61143,0.12449,0.565021,-0.0125417,0.125438,0.161651,0.0815155,0.355388,-0.00122427,0.618458,0.0892881,-0.0329687,-0.0250285,0.37651,0.549951,0.000541771,0.0694877,0.645489,0.596661,0.92931,0.960735,0.70898,0.247493,0.223176,0.0265982,0.57297,0.522075,0.168802,0.121097,0.0158122,0.20718,0.319055,0.508232,0.206332,-0.193913
0.101998,0.302722,0.0241296,0.484423,0.379204,0.147362,-0.0600383,0.23903,0.144505,0.142174,0.162536,0.561677,0.474029,0.433378,0.513315,0.0607667,0.321538,-0.0723445,0.0734083,0.646058,0.740608,0.639104,0.890696,0.410454,0.445917,0.513901,0.310564,0.223401,0.470042,0.403035,0.271,0.229086,0.0732668,0.713608,0.61265,0.121568,0.561964,-0.0125468,0.124943,0.161248,0.0817465,0.355616,-0.00107122,0.622921,0.0917313,-0.0329514,-0.0255095,0.377254,0.551653,0.00134019,0.0689342,0.644368,0.596554,0.931599,0.966596,0.709733,0.249885,0.223588,0.0264778,0.57419,0.52304,0.169369,0.121065,0.0147157,0.207493,0.31846,0.511875,0.208724,-0.193788
0.102998,0.302666,0.0238622,0.486659,0.380953,0.149073,-0.0586101,0.239247,0.146645,0.140385,0.162022,0.562927,0.477959,0.428132,0.513195,0.0601728,0.321478,-0.0733036,0.0731657,0.650241,0.738257,0.63716,0.886893,0.410775,0.447408,0.513248,0.312412,0.220912,0.468348,0.40392,0.271656,0.229907,0.0735366,0.714068,0.613852,0.118821,0.558918,-0.0125482,0.124446,0.160839,0.0819653,0.355827,-0.000888519,0.627381,0.0942139,-0.032932,-0.0259893,0.377997,0.553336,0.00214566,0.0683817,0.643255,0.596434,0.933866,0.972449,0.710458,0.252269,0.223985,0.0263533,0.575397,0.523999,0.169937,0.12103,0.013613,0.2078,0.317855,0.515518,0.211131,-0.193658
0.103998,0.302511,0.0235889,0.488883,0.382689,0.150782,-0.0571804,0.239505,0.148771,0.138601,0.161526,0.564174,0.481991,0.422914,0.513077,0.0595931,0.321405,-0.074197,0.0729284,0.654472,0.735878,0.635177,0.883127,0.411113,0.448894,0.512581,0.314268,0.218543,0.466655,0.404799,0.272319,0.23063,0.0738059,0.714513,0.615037,0.116253,0.555881,-0.0125458,0.123949,0.160424,0.0821717,0.356022,-0.000677719,0.631838,0.0967343,-0.0329102,-0.0264677,0.378739,0.554999,0.00295785,0.0678304,0.642148,0.5963,0.936112,0.978293,0.711155,0.254645,0.224369,0.0262248,0.576593,0.52495,0.170504,0.12099,0.0125053,0.2081,0.317238,0.519161,0.213553,-0.193525
0.104998,0.302258,0.0233099,0.491095,0.384411,0.152486,-0.0557498,0.239805,0.150883,0.136824,0.161049,0.565419,0.486119,0.417726,0.51296,0.059028,0.32132,-0.0750234,0.0726965,0.658751,0.733474,0.633155,0.879397,0.411467,0.450372,0.511899,0.316131,0.2163,0.464966,0.405671,0.27299,0.231251,0.0740749,0.714943,0.616203,0.113867,0.552857,-0.0125396,0.123452,0.160004,0.0823653,0.356201,-0.00044019,0.636291,0.0992909,-0.0328859,-0.0269447,0.379479,0.556642,0.00377634,0.0672803,0.641047,0.596152,0.938335,0.984128,0.711825,0.257012,0.224738,0.0260924,0.577776,0.525894,0.171071,0.120947,0.0113937,0.208395,0.31661,0.522802,0.21599,-0.193388
0.105998,0.301905,0.023025,0.493295,0.386119,0.154186,-0.0543191,0.240148,0.15298,0.135052,0.160589,0.566662,0.490336,0.412571,0.512845,0.0584778,0.321222,-0.0757814,0.0724699,0.663075,0.731044,0.631095,0.875705,0.411838,0.451843,0.511205,0.318001,0.214189,0.463279,0.406537,0.273666,0.231768,0.0743436,0.715357,0.617352,0.111666,0.549846,-0.0125296,0.122957,0.159578,0.082546,0.356364,-0.000177133,0.640739,0.101882,-0.0328587,-0.0274202,0.380218,0.558265,0.0046007,0.0667316,0.63995,0.595989,0.940537,0.989953,0.712467,0.259372,0.225092,0.0259561,0.578948,0.526831,0.171636,0.120899,0.0102772,0.208683,0.315971,0.526443,0.218442,-0.193247
0.106998,0.301453,0.0227342,0.495481,0.387813,0.155879,-0.052889,0.240534,0.155062,0.133288,0.160148,0.567904,0.494636,0.407452,0.51273,0.0579428,0.321111,-0.0764697,0.0722488,0.667445,0.728589,0.628997,0.87205,0.412224,0.453307,0.510496,0.319878,0.212215,0.461596,0.407395,0.27435,0.232178,0.074612,0.715755,0.618483,0.109654,0.546849,-0.0125158,0.122463,0.159147,0.0827136,0.356511,0.000110407,0.645182,0.104506,-0.0328285,-0.0278941,0.380956,0.559868,0.00543043,0.0661845,0.638857,0.595812,0.942716,0.995769,0.713082,0.261724,0.225432,0.0258161,0.580107,0.52776,0.172201,0.120848,0.00915328,0.208965,0.315322,0.530082,0.220908,-0.193102
0.107998,0.300901,0.0224375,0.497655,0.389492,0.157565,-0.0514603,0.240962,0.157128,0.131531,0.159723,0.569144,0.499012,0.402371,0.512617,0.0574232,0.320988,-0.0770871,0.0720332,0.671858,0.726108,0.626863,0.868432,0.412625,0.454763,0.509775,0.321761,0.210381,0.459918,0.408247,0.275041,0.232477,0.0748802,0.716138,0.619595,0.107832,0.543867,-0.0124983,0.121973,0.158711,0.0828679,0.356642,0.00042153,0.649618,0.107162,-0.0327953,-0.0283664,0.381693,0.56145,0.006265,0.0656392,0.637766,0.595619,0.944874,1.00157,0.71367,0.264068,0.225758,0.0256722,0.581254,0.528681,0.172763,0.120793,0.0080205,0.209241,0.314661,0.533719,0.223389,-0.192953
0.108998,0.300249,0.0221348,0.499816,0.391158,0.159244,-0.0500338,0.241433,0.159178,0.129782,0.159316,0.570383,0.50346,0.397331,0.512505,0.0569194,0.320852,-0.077632,0.0718231,0.676313,0.723603,0.624693,0.864851,0.413041,0.456211,0.50904,0.323651,0.208692,0.458245,0.409091,0.275738,0.232662,0.0751484,0.716506,0.620689,0.106201,0.540901,-0.012477,0.121485,0.158269,0.0830089,0.356756,0.000755471,0.654048,0.109848,-0.032759,-0.0288369,0.382429,0.563012,0.00710389,0.0650961,0.636677,0.595412,0.947009,1.00737,0.71423,0.266404,0.226069,0.0255247,0.582389,0.529595,0.173322,0.120734,0.00687841,0.209511,0.31399,0.537355,0.225884,-0.192801
0.109998,0.299497,0.0218262,0.501963,0.392808,0.160914,-0.0486103,0.241947,0.161211,0.12804,0.158924,0.571621,0.507973,0.392335,0.512395,0.0564314,0.320704,-0.0781031,0.0716185,0.68081,0.721073,0.62249,0.861308,0.413471,0.457653,0.508293,0.325547,0.20715,0.456579,0.409929,0.276443,0.232731,0.0754165,0.716858,0.621765,0.104765,0.537953,-0.012452,0.121002,0.157823,0.0831367,0.356855,0.00111159,0.658471,0.112564,-0.0327195,-0.0293056,0.383163,0.564553,0.00794652,0.0645553,0.635588,0.59519,0.949122,1.01316,0.714763,0.268732,0.226365,0.0253735,0.583512,0.5305,0.173879,0.120671,0.00572746,0.209775,0.313308,0.540989,0.228392,-0.192644
0.110998,0.298645,0.0215115,0.504097,0.394444,0.162575,-0.0471908,0.242505,0.163226,0.126307,0.158549,0.572858,0.512546,0.387385,0.512285,0.0559596,0.320543,-0.0784991,0.0714194,0.685347,0.718519,0.620255,0.857802,0.413916,0.459089,0.507533,0.32745,0.20576,0.45492,0.410759,0.277155,0.23268,0.0756846,0.717194,0.622822,0.103523,0.535023,-0.0124233,0.120524,0.157372,0.0832513,0.356938,0.00148938,0.662887,0.115308,-0.0326769,-0.0297725,0.383897,0.566072,0.00879236,0.0640173,0.634497,0.594953,0.951213,1.01893,0.715269,0.271053,0.226646,0.0252187,0.584623,0.531396,0.174433,0.120604,0.00456861,0.210032,0.312615,0.544621,0.230913,-0.192484
0.111998,0.297692,0.0211908,0.506217,0.396064,0.164227,-0.045776,0.243107,0.165223,0.124583,0.158188,0.574095,0.517176,0.382485,0.512177,0.0555039,0.32037,-0.0788185,0.071226,0.689922,0.715941,0.617989,0.854335,0.414374,0.46052,0.50676,0.329358,0.204524,0.453269,0.411583,0.277873,0.232505,0.0759529,0.717515,0.623861,0.102476,0.532114,-0.0123909,0.120051,0.156917,0.0833528,0.357005,0.00188844,0.667294,0.118079,-0.0326312,-0.0302373,0.384629,0.567571,0.00964085,0.0634823,0.633406,0.5947,0.953281,1.02469,0.715748,0.273366,0.226913,0.0250604,0.585722,0.532284,0.174983,0.120534,0.00340305,0.210284,0.311912,0.548251,0.233446,-0.19232
0.112998,0.296639,0.020864,0.508323,0.397669,0.165868,-0.0443669,0.243754,0.1672,0.122868,0.157843,0.575331,0.521858,0.377636,0.512071,0.0550646,0.320185,-0.0790599,0.0710382,0.694533,0.71334,0.615694,0.850906,0.414848,0.461948,0.505976,0.331272,0.203445,0.451627,0.412399,0.278599,0.232203,0.0762214,0.71782,0.624881,0.101625,0.529226,-0.0123549,0.119586,0.156457,0.0834414,0.357056,0.00230846,0.671692,0.120875,-0.0325825,-0.0307,0.385361,0.569048,0.0104915,0.0629509,0.632311,0.594432,0.955328,1.03045,0.716199,0.275673,0.227165,0.0248984,0.586809,0.533164,0.17553,0.120459,0.0022321,0.210529,0.311197,0.551878,0.23599,-0.192153
0.113998,0.295486,0.0205312,0.510415,0.399259,0.167499,-0.0429643,0.244446,0.169158,0.121162,0.157511,0.576567,0.526589,0.372843,0.511965,0.0546417,0.319988,-0.0792217,0.0708559,0.699181,0.710716,0.613372,0.847516,0.415336,0.463378,0.505179,0.333191,0.202526,0.449995,0.413208,0.279332,0.231772,0.0764901,0.71811,0.625883,0.100971,0.52636,-0.0123152,0.119128,0.155992,0.0835174,0.357091,0.00274926,0.67608,0.123698,-0.0325309,-0.0311605,0.386091,0.570503,0.0113436,0.0624233,0.631214,0.594149,0.957352,1.03619,0.716624,0.277971,0.227402,0.024733,0.587884,0.534034,0.176072,0.12038,0.00105702,0.210768,0.310472,0.555503,0.238545,-0.191982
0.114998,0.294233,0.0201922,0.512492,0.400833,0.169119,-0.0415691,0.245184,0.171096,0.119467,0.157193,0.577804,0.531365,0.368108,0.511861,0.0542352,0.319779,-0.0793025,0.0706793,0.703862,0.708069,0.611023,0.844166,0.415839,0.464812,0.504371,0.335116,0.201771,0.448375,0.414009,0.280073,0.231209,0.0767591,0.718384,0.626865,0.100512,0.523518,-0.0122718,0.118678,0.155524,0.0835809,0.35711,0.00321071,0.680459,0.126544,-0.0324764,-0.0316188,0.386821,0.571937,0.0121969,0.0619001,0.630114,0.59385,0.959353,1.04192,0.717022,0.280263,0.227625,0.0245641,0.588948,0.534896,0.17661,0.120297,-0.000120957,0.211001,0.309736,0.559125,0.241109,-0.191807
0.115998,0.292881,0.019847,0.514555,0.402392,0.170728,-0.0401822,0.245969,0.173013,0.117782,0.156888,0.579041,0.536185,0.363435,0.511758,0.0538453,0.319557,-0.0793008,0.0705083,0.708575,0.705399,0.60865,0.840855,0.416357,0.466252,0.503551,0.337046,0.201182,0.446766,0.414804,0.28082,0.230509,0.0770286,0.718642,0.627829,0.10025,0.520701,-0.0122249,0.118237,0.155051,0.0836325,0.357113,0.00369279,0.684827,0.129414,-0.0324191,-0.0320746,0.38755,0.573348,0.0130506,0.0613817,0.62901,0.593535,0.961332,1.04764,0.717392,0.282548,0.227832,0.0243917,0.589999,0.535749,0.177144,0.120211,-0.00130057,0.211228,0.308989,0.562744,0.243682,-0.191628
0.116998,0.29143,0.0194957,0.516603,0.403934,0.172325,-0.0388045,0.246801,0.17491,0.116108,0.156595,0.580278,0.541045,0.358828,0.511656,0.0534719,0.319324,-0.079215,0.0703429,0.713319,0.702707,0.606254,0.837586,0.416892,0.467702,0.50272,0.338981,0.200763,0.44517,0.415591,0.281575,0.229671,0.0772984,0.718885,0.628773,0.100184,0.517911,-0.0121743,0.117806,0.154574,0.0836724,0.357101,0.00419554,0.689183,0.132307,-0.032359,-0.0325281,0.388278,0.574738,0.0139044,0.0608688,0.627903,0.593205,0.963289,1.05335,0.717737,0.284826,0.228025,0.0242159,0.591039,0.536592,0.177673,0.12012,-0.00248008,0.211449,0.308232,0.566359,0.246262,-0.191446
0.117998,0.28988,0.0191381,0.518635,0.40546,0.17391,-0.0374369,0.247679,0.176784,0.114446,0.156314,0.581516,0.545943,0.354291,0.511556,0.0531151,0.319079,-0.0790435,0.0701831,0.718091,0.699993,0.603836,0.834357,0.417443,0.46916,0.501878,0.340921,0.200515,0.443588,0.41637,0.282337,0.228692,0.0775688,0.719111,0.629699,0.100313,0.515148,-0.0121202,0.117386,0.154093,0.083701,0.357073,0.00471903,0.693528,0.135222,-0.0322962,-0.0329789,0.389005,0.576105,0.0147578,0.0603618,0.626792,0.592859,0.965223,1.05905,0.718054,0.287097,0.228203,0.0240367,0.592066,0.537426,0.178197,0.120025,-0.00365671,0.211663,0.307464,0.569972,0.248848,-0.19126
0.118998,0.288231,0.0187744,0.520653,0.40697,0.175484,-0.0360802,0.248604,0.178637,0.112795,0.156044,0.582755,0.550878,0.349828,0.511456,0.0527748,0.318822,-0.0787846,0.0700288,0.722892,0.697258,0.601398,0.831171,0.41801,0.470628,0.501025,0.342866,0.200442,0.44202,0.417143,0.283106,0.227569,0.0778397,0.719322,0.630605,0.100638,0.512415,-0.0120625,0.116978,0.153609,0.0837187,0.35703,0.0052634,0.697859,0.138158,-0.0322308,-0.0334271,0.389731,0.57745,0.0156103,0.0598615,0.625676,0.592498,0.967135,1.06473,0.718345,0.28936,0.228366,0.0238541,0.593081,0.53825,0.178715,0.119927,-0.00482603,0.211872,0.306685,0.573581,0.25144,-0.191071
0.119998,0.286485,0.0184044,0.522655,0.408463,0.177046,-0.0347356,0.249574,0.180469,0.111157,0.155785,0.583995,0.555847,0.345443,0.511359,0.0524513,0.318553,-0.0784368,0.0698801,0.727718,0.694502,0.598942,0.828027,0.418596,0.472103,0.500161,0.344815,0.200544,0.440467,0.417907,0.283883,0.2263,0.0781113,0.719518,0.631492,0.101158,0.509712,-0.0120013,0.116581,0.153121,0.0837261,0.356971,0.00582879,0.702176,0.141115,-0.0321628,-0.0338726,0.390457,0.578772,0.0164616,0.0593686,0.624558,0.592122,0.969024,1.0704,0.718609,0.291617,0.228514,0.0236682,0.594084,0.539065,0.179228,0.119824,-0.00598375,0.212074,0.305895,0.577186,0.254035,-0.190878
0.120998,0.284642,0.0180281,0.524641,0.40994,0.178597,-0.0334039,0.250588,0.182278,0.109532,0.155537,0.585236,0.560849,0.341142,0.511262,0.0521444,0.318273,-0.0779983,0.0697369,0.732569,0.691725,0.596467,0.824927,0.419199,0.473582,0.499287,0.346769,0.200823,0.43893,0.418665,0.284667,0.224884,0.0783835,0.719697,0.63236,0.101872,0.507041,-0.0119366,0.116197,0.15263,0.0837235,0.356896,0.00641532,0.706479,0.144092,-0.0320923,-0.0343151,0.391181,0.580071,0.0173112,0.0588838,0.623435,0.59173,0.97089,1.07606,0.718848,0.293867,0.228647,0.0234789,0.595074,0.539869,0.179736,0.119717,-0.00712933,0.21227,0.305095,0.580788,0.256633,-0.190682
0.121998,0.282702,0.0176456,0.526612,0.411399,0.180135,-0.0320863,0.251644,0.184066,0.107919,0.155298,0.586478,0.565883,0.336929,0.511167,0.0518543,0.317981,-0.0774676,0.0695991,0.737442,0.688928,0.593976,0.821871,0.419822,0.475063,0.498403,0.348726,0.201278,0.437409,0.419415,0.285458,0.223319,0.0786564,0.719861,0.633208,0.102779,0.504404,-0.0118685,0.115827,0.152135,0.0837114,0.356806,0.00702311,0.710767,0.147088,-0.0320192,-0.0347548,0.391905,0.581348,0.0181589,0.058408,0.622308,0.591323,0.972734,1.0817,0.719059,0.29611,0.228765,0.0232862,0.596051,0.540664,0.180238,0.119606,-0.00826477,0.21246,0.304285,0.584385,0.259232,-0.190482
0.122998,0.280666,0.0172567,0.528566,0.412842,0.181662,-0.0307838,0.252741,0.185832,0.106321,0.155068,0.587721,0.570947,0.33281,0.511074,0.0515811,0.317677,-0.076843,0.0694668,0.742337,0.68611,0.59147,0.81886,0.420464,0.476545,0.497508,0.350688,0.201909,0.435906,0.420157,0.286257,0.221603,0.0789301,0.720008,0.634036,0.103878,0.501801,-0.0117969,0.11547,0.151638,0.0836904,0.356701,0.00765221,0.715038,0.150103,-0.0319436,-0.0351913,0.392629,0.582601,0.0190044,0.057942,0.621178,0.590901,0.974555,1.08734,0.719245,0.298345,0.228869,0.0230903,0.597015,0.541449,0.180734,0.119491,-0.00939198,0.212644,0.303463,0.587979,0.261832,-0.190279
0.123998,0.278534,0.0168615,0.530503,0.414268,0.183176,-0.0294978,0.253875,0.187577,0.104737,0.154847,0.588965,0.576041,0.328789,0.510982,0.0513247,0.317362,-0.0761229,0.0693398,0.747251,0.683273,0.58895,0.815895,0.421125,0.478028,0.496604,0.352654,0.202713,0.434419,0.420891,0.287063,0.219736,0.0792046,0.72014,0.634845,0.105167,0.499234,-0.0117219,0.115127,0.151137,0.0836608,0.35658,0.00830261,0.719291,0.153136,-0.0318655,-0.0356247,0.393351,0.583832,0.0198475,0.0574869,0.620043,0.590464,0.976353,1.09295,0.719404,0.300573,0.228957,0.022891,0.597966,0.542224,0.181223,0.119372,-0.0105124,0.212822,0.302631,0.591568,0.26443,-0.190072
0.124998,0.276307,0.01646,0.532425,0.415677,0.184678,-0.0282295,0.255045,0.189301,0.103167,0.154635,0.590211,0.581162,0.324871,0.510891,0.0510854,0.317035,-0.0753057,0.0692181,0.752184,0.680417,0.586417,0.812976,0.421807,0.479513,0.495689,0.354624,0.203689,0.432949,0.421619,0.287877,0.217716,0.0794799,0.720256,0.635634,0.106646,0.496706,-0.0116435,0.114799,0.150633,0.0836231,0.356444,0.0089742,0.723527,0.156187,-0.0317851,-0.0360549,0.394073,0.585039,0.0206881,0.0570435,0.618905,0.590011,0.978128,1.09856,0.719538,0.302793,0.22903,0.0226885,0.598902,0.542988,0.181706,0.119248,-0.0116272,0.212993,0.301789,0.595153,0.267027,-0.189862
0.125998,0.273986,0.0160522,0.534329,0.417068,0.186168,-0.0269803,0.256249,0.191005,0.101613,0.15443,0.591458,0.58631,0.321061,0.510803,0.0508632,0.316698,-0.0743899,0.0691016,0.757133,0.677542,0.583872,0.810104,0.422509,0.481002,0.494766,0.356597,0.204832,0.431498,0.422338,0.288699,0.215543,0.0797561,0.720356,0.636403,0.10831,0.494216,-0.0115618,0.114486,0.150126,0.0835779,0.356292,0.00966678,0.727744,0.159255,-0.0317022,-0.0364816,0.394794,0.586222,0.0215261,0.0566126,0.617763,0.589544,0.979881,1.10415,0.719646,0.305006,0.229089,0.0224826,0.599825,0.543742,0.182183,0.119121,-0.0127372,0.213158,0.300935,0.598734,0.269619,-0.189648
0.126998,0.27157,0.015638,0.536216,0.418442,0.187646,-0.0257516,0.257483,0.192688,0.100074,0.154232,0.592706,0.591483,0.317365,0.510716,0.0506583,0.316349,-0.0733742,0.0689902,0.762098,0.674648,0.581316,0.807279,0.423232,0.482496,0.493833,0.358574,0.206139,0.430064,0.42305,0.289527,0.213217,0.0800332,0.72044,0.637152,0.110159,0.491766,-0.0114767,0.114188,0.149617,0.0835255,0.356126,0.01038,0.731941,0.162339,-0.031617,-0.036905,0.395514,0.587382,0.0223614,0.0561951,0.616618,0.589062,0.98161,1.10973,0.719727,0.307211,0.229133,0.0222734,0.600734,0.544486,0.182652,0.118989,-0.0138427,0.213317,0.300072,0.602309,0.272207,-0.18943
0.127998,0.269061,0.0152174,0.538086,0.419799,0.18911,-0.024545,0.258745,0.194352,0.0985515,0.154042,0.593956,0.596681,0.313787,0.510632,0.0504706,0.315989,-0.0722574,0.068884,0.767076,0.671737,0.57875,0.804501,0.423976,0.483994,0.49289,0.360554,0.207606,0.428648,0.423755,0.290364,0.210739,0.0803112,0.720508,0.637881,0.112189,0.489357,-0.0113883,0.113906,0.149106,0.0834664,0.355944,0.0111136,0.736118,0.165439,-0.0315294,-0.0373247,0.396233,0.588519,0.0231939,0.0557916,0.61547,0.588566,0.983317,1.11529,0.719784,0.309407,0.229162,0.022061,0.601627,0.545219,0.183114,0.118854,-0.0149438,0.21347,0.299197,0.60588,0.274789,-0.189209
0.128998,0.266459,0.0147905,0.539938,0.421137,0.190562,-0.0233618,0.260034,0.195997,0.0970457,0.153859,0.595207,0.601902,0.310332,0.51055,0.0503005,0.315618,-0.0710382,0.0687827,0.772068,0.668807,0.576175,0.801772,0.424741,0.485497,0.491939,0.362537,0.209227,0.427249,0.424452,0.291208,0.208108,0.0805902,0.720561,0.63859,0.114396,0.486992,-0.0112967,0.113639,0.148591,0.0834009,0.355748,0.011867,0.740274,0.168555,-0.0314396,-0.0377409,0.396952,0.589632,0.0240236,0.055403,0.614319,0.588055,0.985001,1.12083,0.719814,0.311596,0.229176,0.0218453,0.602506,0.545941,0.183568,0.118714,-0.0160404,0.213616,0.298312,0.609446,0.277364,-0.188985
0.129998,0.263764,0.0143571,0.541773,0.422459,0.192,-0.0222036,0.261346,0.197624,0.0955572,0.153681,0.596459,0.607144,0.307004,0.510469,0.050148,0.315236,-0.0697158,0.0686863,0.77707,0.665861,0.573592,0.79909,0.425527,0.487002,0.490979,0.364523,0.210997,0.425868,0.425141,0.29206,0.205327,0.0808702,0.720597,0.639278,0.116777,0.48467,-0.0112018,0.113389,0.148075,0.0833296,0.355536,0.0126397,0.744408,0.171684,-0.0313475,-0.0381533,0.39767,0.590721,0.0248506,0.0550299,0.613166,0.58753,0.986661,1.12636,0.71982,0.313776,0.229175,0.0216262,0.60337,0.546652,0.184014,0.11857,-0.0171322,0.213757,0.297417,0.613007,0.27993,-0.188757
0.130998,0.260978,0.0139174,0.543589,0.423762,0.193425,-0.0210717,0.262681,0.199233,0.0940864,0.15351,0.597712,0.612406,0.303807,0.510392,0.0500132,0.314842,-0.0682895,0.0685947,0.782083,0.662898,0.571002,0.796456,0.426334,0.488507,0.490011,0.366512,0.212911,0.424505,0.425822,0.292919,0.202396,0.0811511,0.720617,0.639947,0.119327,0.482393,-0.0111038,0.113155,0.147556,0.0832528,0.35531,0.0134312,0.748521,0.174828,-0.0312531,-0.0385619,0.398387,0.591785,0.0256747,0.0546733,0.612011,0.58699,0.988299,1.13188,0.719799,0.315947,0.22916,0.0214039,0.604218,0.547353,0.184452,0.118421,-0.0182191,0.21389,0.296511,0.616563,0.282487,-0.188525
0.131998,0.258101,0.0134713,0.545388,0.425047,0.194837,-0.019967,0.264035,0.200825,0.0926339,0.153344,0.598967,0.617688,0.300744,0.510316,0.0498961,0.314439,-0.0667585,0.0685079,0.787105,0.659919,0.568406,0.79387,0.427162,0.490011,0.489034,0.368503,0.214964,0.423158,0.426496,0.293786,0.199318,0.0814331,0.720622,0.640595,0.122043,0.480162,-0.0110026,0.112938,0.147036,0.0831708,0.355068,0.0142408,0.752611,0.177985,-0.0311567,-0.0389665,0.399103,0.592826,0.0264959,0.0543343,0.610857,0.586437,0.989913,1.13738,0.719754,0.318109,0.229129,0.0211783,0.60505,0.548043,0.184881,0.118269,-0.0193007,0.214018,0.295595,0.620113,0.285034,-0.18829
0.132998,0.255134,0.0130188,0.547168,0.426315,0.196234,-0.0188903,0.265407,0.2024,0.0912001,0.153184,0.600222,0.622986,0.297821,0.510243,0.049797,0.314024,-0.0651226,0.0684257,0.792134,0.656924,0.565805,0.791332,0.428011,0.491511,0.488049,0.370497,0.217149,0.421829,0.427163,0.294661,0.196096,0.0817161,0.72061,0.641222,0.124919,0.477978,-0.0108982,0.112739,0.146513,0.0830839,0.354812,0.0150683,0.756679,0.181155,-0.031058,-0.0393672,0.399819,0.593843,0.0273143,0.0540146,0.609703,0.585869,0.991504,1.14286,0.719684,0.320262,0.229084,0.0209494,0.605866,0.548722,0.185301,0.118112,-0.0203767,0.214139,0.294668,0.623658,0.287569,-0.188052
0.133998,0.252079,0.01256,0.548929,0.427564,0.197618,-0.0178415,0.266796,0.20396,0.0897857,0.153029,0.601478,0.628301,0.295039,0.510173,0.0497159,0.313599,-0.0633814,0.0683481,0.79717,0.653914,0.563199,0.788841,0.428879,0.493005,0.487055,0.372494,0.219462,0.420517,0.427822,0.295544,0.192731,0.0820001,0.720583,0.641829,0.127951,0.475842,-0.0107908,0.112558,0.145988,0.0829925,0.354542,0.0159131,0.760724,0.184337,-0.0309573,-0.0397639,0.400534,0.594835,0.0281296,0.0537164,0.608551,0.585288,0.993071,1.14833,0.719588,0.322406,0.229025,0.0207172,0.606666,0.54939,0.185712,0.117951,-0.0214469,0.214254,0.29373,0.627198,0.290091,-0.18781
0.134998,0.248936,0.0120947,0.550671,0.428796,0.198987,-0.0168204,0.268201,0.205504,0.088391,0.152878,0.602735,0.633629,0.292401,0.510106,0.0496527,0.313163,-0.0615348,0.0682749,0.802211,0.65089,0.56059,0.786396,0.429767,0.494494,0.486054,0.374492,0.221897,0.419221,0.428473,0.296434,0.189229,0.0822852,0.720539,0.642415,0.131134,0.473754,-0.0106803,0.112396,0.145462,0.0828968,0.354256,0.0167749,0.764746,0.187531,-0.0308545,-0.0401564,0.401248,0.595804,0.028942,0.0534427,0.607402,0.584693,0.994616,1.15377,0.719468,0.32454,0.22895,0.0204818,0.607449,0.550047,0.186112,0.117786,-0.0225108,0.214362,0.292782,0.630731,0.292601,-0.187564
0.135998,0.245707,0.011623,0.552395,0.430009,0.200342,-0.0158259,0.269619,0.207033,0.0870166,0.152732,0.603992,0.63897,0.289911,0.510041,0.0496076,0.312717,-0.0595829,0.0682062,0.807256,0.647851,0.557979,0.783999,0.430675,0.495976,0.485045,0.376493,0.224449,0.417941,0.429117,0.297333,0.185592,0.0825713,0.72048,0.642981,0.134462,0.471716,-0.0105667,0.112254,0.144934,0.0827972,0.353956,0.0176534,0.768745,0.190735,-0.0307497,-0.0405447,0.401961,0.596747,0.0297513,0.0531968,0.606256,0.584085,0.996136,1.1592,0.719323,0.326664,0.228862,0.020243,0.608215,0.550693,0.186503,0.117616,-0.023568,0.214463,0.291824,0.634259,0.295096,-0.187314
0.136998,0.242393,0.011145,0.554099,0.431204,0.201683,-0.0148569,0.271049,0.208549,0.0856629,0.15259,0.60525,0.644321,0.287569,0.509979,0.0495806,0.31226,-0.0575258,0.0681419,0.812304,0.644798,0.555366,0.781647,0.431601,0.497451,0.484029,0.378495,0.227113,0.416677,0.429754,0.298239,0.181825,0.0828585,0.720404,0.643525,0.137932,0.469728,-0.0104502,0.112132,0.144405,0.0826939,0.353641,0.0185485,0.772721,0.19395,-0.0306429,-0.0409288,0.402673,0.597666,0.0305575,0.0529827,0.605116,0.583464,0.997634,1.16462,0.719153,0.328778,0.228758,0.020001,0.608963,0.551327,0.186883,0.117442,-0.0246181,0.214559,0.290855,0.637781,0.297577,-0.187061
0.137998,0.238996,0.0106606,0.555783,0.432381,0.203008,-0.0139119,0.272491,0.21005,0.0843305,0.152452,0.606508,0.649682,0.285379,0.509921,0.0495715,0.311793,-0.0553637,0.068082,0.817355,0.641732,0.552752,0.77934,0.432545,0.498919,0.483005,0.380499,0.229883,0.41543,0.430383,0.299153,0.177932,0.0831467,0.720313,0.644049,0.141537,0.467791,-0.0103307,0.112033,0.143874,0.082587,0.353312,0.0194599,0.776675,0.197174,-0.0305342,-0.0413086,0.403384,0.598561,0.0313603,0.0528037,0.60398,0.582829,0.999107,1.17001,0.718959,0.330881,0.22864,0.0197556,0.609695,0.55195,0.187251,0.117264,-0.0256603,0.214647,0.289876,0.641297,0.300043,-0.186804
0.138998,0.235517,0.0101699,0.557448,0.43354,0.20432,-0.0129894,0.273944,0.211538,0.0830197,0.152318,0.607765,0.65505,0.283341,0.509865,0.0495804,0.311316,-0.0530971,0.0680264,0.822407,0.638654,0.550138,0.777078,0.433506,0.50038,0.481973,0.382504,0.232756,0.414197,0.431005,0.300075,0.17392,0.083436,0.720205,0.644552,0.145273,0.465906,-0.0102083,0.111956,0.143342,0.0824768,0.352969,0.0203872,0.780605,0.200407,-0.0304235,-0.0416841,0.404095,0.59943,0.0321599,0.0526625,0.602852,0.582182,1.00056,1.17539,0.718741,0.332974,0.228508,0.019507,0.610408,0.552562,0.187609,0.117082,-0.0266941,0.21473,0.288887,0.644807,0.302492,-0.186544
0.139998,0.231958,0.00967283,0.559093,0.43468,0.205616,-0.0120878,0.275406,0.213013,0.0817311,0.152187,0.609023,0.660424,0.281458,0.509813,0.0496071,0.310828,-0.0507262,0.0679751,0.827458,0.635563,0.547525,0.774861,0.434485,0.501834,0.480935,0.384511,0.235725,0.41298,0.431619,0.301005,0.169792,0.0837263,0.720082,0.645034,0.149137,0.464072,-0.010083,0.111903,0.142809,0.0823635,0.352611,0.0213297,0.784512,0.203648,-0.0303111,-0.0420554,0.404804,0.600275,0.032956,0.0525599,0.60173,0.581522,1.00198,1.18075,0.718498,0.335056,0.228361,0.0192551,0.611104,0.553162,0.187954,0.116895,-0.0277186,0.214805,0.287887,0.64831,0.304926,-0.186279
0.140998,0.228321,0.00916944,0.560717,0.435802,0.206897,-0.0112055,0.276877,0.214475,0.080465,0.15206,0.610279,0.665802,0.279729,0.509764,0.0496516,0.310331,-0.0482516,0.0679282,0.832509,0.632461,0.544913,0.772687,0.43548,0.503283,0.479889,0.386519,0.238787,0.411779,0.432226,0.301943,0.165555,0.0840176,0.719942,0.645494,0.153122,0.462291,-0.0099548,0.111873,0.142275,0.0822473,0.352239,0.0222862,0.788397,0.206898,-0.0301968,-0.0424224,0.405513,0.601095,0.0337486,0.0524951,0.600616,0.580849,1.00339,1.18608,0.718231,0.337127,0.2282,0.0189999,0.611782,0.553751,0.188287,0.116704,-0.0287329,0.214874,0.286876,0.651808,0.307342,-0.186011
0.141998,0.224607,0.00865975,0.562322,0.436905,0.208164,-0.0103412,0.278355,0.215925,0.0792218,0.151936,0.611535,0.671182,0.278156,0.509718,0.0497136,0.309824,-0.0456739,0.0678856,0.837559,0.629347,0.542304,0.770556,0.436491,0.504728,0.478837,0.388527,0.241936,0.410592,0.432826,0.302889,0.161213,0.0843099,0.719787,0.645934,0.157224,0.460562,-0.00982381,0.111868,0.14174,0.0821283,0.351852,0.0232555,0.792258,0.210154,-0.0300809,-0.0427853,0.406221,0.60189,0.0345375,0.0524663,0.59951,0.580164,1.00476,1.1914,0.717941,0.339186,0.228025,0.0187414,0.612441,0.554329,0.188608,0.116509,-0.0297358,0.214936,0.285856,0.655298,0.309743,-0.185739
0.142998,0.220819,0.00814378,0.563905,0.43799,0.209416,-0.00949312,0.279841,0.217364,0.0780018,0.151814,0.612789,0.676563,0.276738,0.509676,0.0497931,0.309306,-0.0429937,0.0678475,0.842605,0.626222,0.539697,0.768468,0.437518,0.506171,0.477778,0.390537,0.245169,0.409421,0.433418,0.303844,0.156774,0.0846032,0.719616,0.646352,0.161441,0.458886,-0.00969004,0.111889,0.141203,0.0820067,0.351452,0.024236,0.796097,0.213416,-0.0299632,-0.0431442,0.406928,0.60266,0.0353226,0.0524715,0.598412,0.579466,1.00612,1.1967,0.717626,0.341234,0.227836,0.0184797,0.613081,0.554895,0.188914,0.11631,-0.0307264,0.214991,0.284825,0.658782,0.312126,-0.185464
0.143998,0.216958,0.00762155,0.565468,0.439056,0.210652,-0.00865953,0.281333,0.218791,0.0768055,0.151696,0.614042,0.681943,0.275477,0.509637,0.0498897,0.308779,-0.0402119,0.0678139,0.847648,0.623087,0.537093,0.766423,0.43856,0.507614,0.476713,0.392546,0.248481,0.408265,0.434004,0.304806,0.152241,0.0848975,0.719428,0.646748,0.165768,0.457264,-0.00955351,0.111936,0.140666,0.0818826,0.351037,0.025226,0.799913,0.216684,-0.0298439,-0.0434991,0.407634,0.603404,0.0361038,0.0525093,0.597324,0.578756,1.00745,1.20197,0.717288,0.34327,0.227632,0.0182147,0.613703,0.55545,0.189207,0.116106,-0.0317036,0.21504,0.283783,0.66226,0.314492,-0.185184
0.144998,0.213026,0.00709311,0.56701,0.440104,0.211874,-0.00783846,0.28283,0.220206,0.0756329,0.15158,0.615293,0.68732,0.274372,0.509602,0.0500033,0.308243,-0.0373293,0.0677848,0.852686,0.619941,0.534493,0.764419,0.439617,0.509056,0.475641,0.394557,0.251868,0.407123,0.434582,0.305777,0.147621,0.0851928,0.719225,0.647124,0.1702,0.455695,-0.00941427,0.112008,0.140129,0.0817561,0.350609,0.026224,0.803707,0.219957,-0.029723,-0.0438503,0.40834,0.604124,0.0368811,0.0525789,0.596243,0.578035,1.00875,1.20723,0.716926,0.345294,0.227415,0.0179464,0.614306,0.555994,0.189486,0.115898,-0.0326666,0.215082,0.282731,0.66573,0.31684,-0.1849
0.145998,0.209025,0.00655847,0.56853,0.441134,0.21308,-0.00702775,0.284333,0.22161,0.0744845,0.151466,0.616541,0.692694,0.273422,0.50957,0.0501335,0.307696,-0.034347,0.0677604,0.857719,0.616785,0.531898,0.762458,0.440688,0.510496,0.474562,0.396567,0.255325,0.405997,0.435154,0.306756,0.142918,0.0854891,0.719006,0.647477,0.174736,0.454179,-0.00927234,0.112107,0.139591,0.0816273,0.350166,0.0272284,0.807478,0.223235,-0.0296006,-0.0441979,0.409044,0.604817,0.0376543,0.0526805,0.595172,0.577301,1.01004,1.21246,0.71654,0.347305,0.227183,0.0176749,0.61489,0.556525,0.18975,0.115685,-0.0336151,0.215117,0.281669,0.669194,0.319172,-0.184613
0.146998,0.204956,0.00601767,0.57003,0.442144,0.214272,-0.00622504,0.28584,0.223004,0.0733603,0.151355,0.617787,0.698063,0.272628,0.509542,0.0502802,0.30714,-0.0312663,0.0677407,0.862746,0.61362,0.529306,0.760538,0.441773,0.511932,0.473478,0.398578,0.258848,0.404886,0.435718,0.307743,0.138139,0.0857863,0.718771,0.647809,0.179371,0.452718,-0.00912776,0.112232,0.139052,0.0814964,0.349709,0.0282377,0.811226,0.226516,-0.0294767,-0.0445423,0.409747,0.605486,0.0384233,0.052815,0.594109,0.576556,1.01129,1.21767,0.716132,0.349304,0.226938,0.0174001,0.615455,0.557046,0.189998,0.115468,-0.0345489,0.215145,0.280597,0.672651,0.321486,-0.184321
0.147998,0.200822,0.00547074,0.571507,0.443137,0.215448,-0.00542782,0.28735,0.224387,0.0722605,0.151246,0.619031,0.703425,0.271989,0.509518,0.0504431,0.306575,-0.0280885,0.0677258,0.867766,0.610445,0.526719,0.75866,0.442872,0.513362,0.472387,0.400588,0.262433,0.403789,0.436276,0.308738,0.133288,0.0860843,0.71852,0.64812,0.184102,0.45131,-0.00898056,0.112384,0.138513,0.0813633,0.349239,0.0292504,0.814952,0.229801,-0.0293514,-0.0448835,0.41045,0.606129,0.0391881,0.0529828,0.593054,0.5758,1.01253,1.22286,0.7157,0.351291,0.226678,0.017122,0.616,0.557555,0.19023,0.115247,-0.0354681,0.215166,0.279514,0.6761,0.323782,-0.184025
0.148998,0.196624,0.00491774,0.572963,0.44411,0.216609,-0.00463349,0.288864,0.225759,0.0711853,0.151139,0.62027,0.708779,0.271503,0.509498,0.0506218,0.306,-0.0248151,0.0677159,0.872777,0.607262,0.524137,0.756824,0.443984,0.514785,0.471291,0.402598,0.266077,0.402708,0.436826,0.309742,0.12837,0.0863833,0.718253,0.648409,0.188926,0.449956,-0.00883078,0.112562,0.137973,0.0812282,0.348754,0.0302653,0.818655,0.233088,-0.0292248,-0.0452217,0.411151,0.606746,0.0399484,0.0531841,0.592006,0.575032,1.01373,1.22803,0.715245,0.353264,0.226405,0.0168407,0.616526,0.558053,0.190446,0.115022,-0.0363725,0.215179,0.278422,0.679543,0.326061,-0.183725
0.149998,0.192364,0.0043587,0.574397,0.445066,0.217754,-0.00383945,0.29038,0.227121,0.0701346,0.151034,0.621506,0.714123,0.271169,0.509482,0.0508161,0.305416,-0.0214479,0.0677109,0.87778,0.604069,0.52156,0.75503,0.445109,0.516199,0.470189,0.404607,0.269775,0.401643,0.43737,0.310753,0.123389,0.0866832,0.717971,0.648675,0.193842,0.448656,-0.00867844,0.112766,0.137433,0.0810911,0.348256,0.0312812,0.822336,0.236376,-0.0290968,-0.0455571,0.411852,0.607337,0.0407043,0.0534191,0.590965,0.574253,1.01492,1.23317,0.714768,0.355224,0.226119,0.0165562,0.617032,0.558539,0.190645,0.114792,-0.0372623,0.215186,0.277318,0.682978,0.328323,-0.183421
0.150998,0.188044,0.00379367,0.575809,0.446002,0.218885,-0.00304314,0.291899,0.228473,0.0691084,0.15093,0.622738,0.719457,0.270987,0.50947,0.0510255,0.304823,-0.0179886,0.067711,0.882774,0.600868,0.518988,0.753279,0.446247,0.517605,0.469081,0.406615,0.273525,0.400593,0.437908,0.311774,0.11835,0.0869839,0.717672,0.64892,0.198844,0.447409,-0.00852358,0.112997,0.136893,0.0809522,0.347745,0.0322972,0.825994,0.239666,-0.0289676,-0.0458898,0.412551,0.607902,0.0414557,0.0536888,0.589929,0.573463,1.01608,1.23829,0.714267,0.357171,0.225818,0.0162685,0.617518,0.559014,0.190827,0.114558,-0.0381372,0.215186,0.276205,0.686406,0.330567,-0.183113
0.151998,0.183665,0.00322269,0.577198,0.44692,0.219999,-0.00224218,0.293419,0.229814,0.0681068,0.150828,0.623965,0.724778,0.270955,0.509462,0.0512499,0.304221,-0.0144393,0.0677163,0.887757,0.597659,0.51642,0.751571,0.447397,0.519002,0.467967,0.408623,0.277322,0.399558,0.438439,0.312802,0.113258,0.0872854,0.717358,0.649143,0.203932,0.446217,-0.00836623,0.113253,0.136353,0.0808113,0.347219,0.0333124,0.82963,0.242957,-0.0288372,-0.0462198,0.413249,0.608441,0.0422025,0.0539954,0.588897,0.572662,1.01721,1.24338,0.713744,0.359104,0.225505,0.0159776,0.617984,0.559478,0.190991,0.11432,-0.0389971,0.215179,0.275081,0.689827,0.332792,-0.1828
0.152997,0.179229,0.00264583,0.578565,0.447819,0.221098,-0.00143442,0.294941,0.231146,0.0671297,0.150728,0.625188,0.730087,0.271071,0.509459,0.0514888,0.30361,-0.010802,0.0677267,0.892729,0.594442,0.513858,0.749907,0.448559,0.520391,0.466849,0.410629,0.281163,0.398539,0.438963,0.313839,0.108115,0.0875877,0.717028,0.649345,0.209102,0.445078,-0.00820641,0.113535,0.135813,0.0806686,0.34668,0.0343265,0.833243,0.246248,-0.0287057,-0.0465469,0.413946,0.608954,0.0429446,0.0543414,0.587867,0.57185,1.01832,1.24845,0.713199,0.361023,0.225178,0.0156834,0.61843,0.55993,0.191137,0.114077,-0.0398419,0.215164,0.273947,0.69324,0.334999,-0.182482
0.153997,0.174737,0.00206314,0.579909,0.4487,0.222182,-0.00061811,0.296463,0.232467,0.066177,0.150629,0.626405,0.735382,0.271333,0.509459,0.0517421,0.30299,-0.00707899,0.0677425,0.897689,0.591217,0.5113,0.748287,0.449733,0.52177,0.465724,0.412634,0.285046,0.397536,0.439481,0.314884,0.102926,0.0878908,0.716682,0.649523,0.214351,0.443992,-0.00804417,0.113842,0.135273,0.0805242,0.346128,0.0353392,0.836834,0.249538,-0.028573,-0.0468712,0.414642,0.609441,0.0436819,0.0547284,0.586836,0.571027,1.0194,1.25349,0.712632,0.362928,0.224837,0.0153861,0.618856,0.560371,0.191264,0.11383,-0.0406717,0.215143,0.272803,0.696645,0.337188,-0.182161
0.154997,0.170191,0.00147467,0.581231,0.449562,0.223249,0.000207979,0.297985,0.233779,0.0652486,0.150531,0.627615,0.740661,0.271741,0.509464,0.0520093,0.302361,-0.00327243,0.0677635,0.902637,0.587984,0.508747,0.746713,0.450919,0.52314,0.464595,0.414638,0.288967,0.396549,0.439993,0.315937,0.0976941,0.0881946,0.716321,0.64968,0.219677,0.44296,-0.00787953,0.114174,0.134733,0.0803779,0.345562,0.0363503,0.840401,0.252827,-0.0284392,-0.0471922,0.415336,0.609901,0.0444144,0.0551562,0.585804,0.570194,1.02046,1.25851,0.712042,0.36482,0.224484,0.0150857,0.619261,0.560801,0.191374,0.113579,-0.0414866,0.215114,0.271649,0.700042,0.339357,-0.181834
0.155997,0.165592,0.000880492,0.582529,0.450406,0.224301,0.00104442,0.299508,0.235081,0.0643444,0.150434,0.62882,0.745923,0.27229,0.509474,0.0522901,0.301724,0.000615301,0.0677899,0.907571,0.584745,0.506199,0.745186,0.452116,0.524501,0.463461,0.41664,0.292925,0.395578,0.440498,0.316998,0.0924226,0.0884992,0.715943,0.649815,0.225078,0.441981,-0.00771251,0.114529,0.134193,0.0802299,0.344982,0.03736,0.843946,0.256114,-0.0283044,-0.0475098,0.416029,0.610335,0.0451421,0.0556227,0.584768,0.569351,1.02149,1.26351,0.71143,0.366696,0.224117,0.0147821,0.619646,0.561219,0.191465,0.113323,-0.0422864,0.215078,0.270485,0.703432,0.341505,-0.181503
0.156997,0.160942,0.000280671,0.583804,0.451231,0.225337,0.00189103,0.30103,0.236373,0.0634643,0.150339,0.630018,0.751169,0.272981,0.509487,0.0525844,0.301077,0.00458185,0.0678217,0.912492,0.581499,0.503655,0.743705,0.453324,0.525852,0.462321,0.418639,0.296916,0.394624,0.440998,0.318068,0.0871148,0.0888044,0.71555,0.649927,0.23055,0.441055,-0.00754315,0.114907,0.133654,0.0800802,0.344389,0.0383685,0.847468,0.259399,-0.0281686,-0.0478235,0.41672,0.610742,0.0458648,0.0561249,0.583728,0.568497,1.0225,1.26847,0.710796,0.368559,0.223737,0.0144754,0.62001,0.561627,0.191538,0.113063,-0.0430711,0.215035,0.26931,0.706814,0.343633,-0.181168
0.157997,0.156242,-0.000324722,0.585056,0.452038,0.226357,0.00274686,0.30255,0.237655,0.0626082,0.150245,0.631209,0.756396,0.273809,0.509506,0.0528917,0.300423,0.00862481,0.0678588,0.917397,0.578247,0.501116,0.742274,0.454543,0.527195,0.461177,0.420637,0.300938,0.393686,0.441491,0.319145,0.0817735,0.0891103,0.715142,0.650017,0.236092,0.440181,-0.00737147,0.115307,0.133115,0.0799287,0.343783,0.0393761,0.850967,0.262681,-0.0280317,-0.0481331,0.41741,0.611122,0.0465825,0.0566592,0.582683,0.567633,1.02348,1.27341,0.710141,0.370406,0.223344,0.0141655,0.620354,0.562023,0.191592,0.112799,-0.0438404,0.214985,0.268125,0.710188,0.345739,-0.180827
0.158997,0.151494,-0.000935616,0.586285,0.452826,0.22736,0.00361019,0.30407,0.238928,0.0617762,0.150151,0.632392,0.761603,0.274773,0.509529,0.0532119,0.29976,0.0127418,0.0679012,0.922288,0.574988,0.498581,0.740893,0.455772,0.528527,0.460028,0.422633,0.304989,0.392764,0.441979,0.32023,0.0764017,0.0894168,0.714718,0.650085,0.2417,0.43936,-0.0071975,0.115728,0.132576,0.0797755,0.343164,0.0403829,0.854443,0.265959,-0.027894,-0.0484379,0.418098,0.611475,0.0472951,0.0572218,0.581633,0.566759,1.02444,1.27832,0.709465,0.372239,0.222939,0.0138526,0.620677,0.562408,0.191628,0.112531,-0.0445939,0.214927,0.26693,0.713554,0.347821,-0.180482
0.159997,0.146699,-0.00155193,0.58749,0.453595,0.228348,0.00447863,0.305588,0.240191,0.0609682,0.150059,0.633566,0.766791,0.275869,0.509556,0.0535446,0.299088,0.0169303,0.067949,0.927162,0.571725,0.496051,0.739563,0.457012,0.52985,0.458875,0.424625,0.309067,0.39186,0.44246,0.321324,0.071002,0.0897239,0.714278,0.65013,0.247371,0.43859,-0.00702127,0.116169,0.132038,0.0796205,0.342531,0.0413893,0.857896,0.269234,-0.0277553,-0.0487376,0.418784,0.611802,0.0480026,0.057809,0.580579,0.565875,1.02537,1.28321,0.708766,0.374056,0.22252,0.0135365,0.620979,0.562782,0.191646,0.112259,-0.045331,0.214863,0.265725,0.716911,0.34988,-0.180132
0.160997,0.141857,-0.0021736,0.588671,0.454346,0.229319,0.00534924,0.307103,0.241444,0.0601843,0.149967,0.634733,0.771957,0.277095,0.509589,0.0538897,0.298409,0.021188,0.068002,0.932019,0.568456,0.493525,0.738286,0.458262,0.531162,0.457717,0.426616,0.31317,0.390972,0.442936,0.322425,0.0655772,0.0900316,0.713823,0.650153,0.253104,0.437872,-0.0068428,0.116629,0.131501,0.0794638,0.341885,0.0423953,0.861325,0.272504,-0.0276158,-0.0490313,0.419467,0.612101,0.0487049,0.0584177,0.579519,0.564981,1.02627,1.28806,0.708047,0.375859,0.222089,0.0132174,0.62126,0.563145,0.191646,0.111982,-0.0460513,0.214791,0.26451,0.72026,0.351914,-0.179776
0.161997,0.136971,-0.00280052,0.589829,0.455079,0.230273,0.00621863,0.308617,0.242687,0.0594248,0.149876,0.63589,0.777101,0.278449,0.509626,0.054247,0.297721,0.0255124,0.0680603,0.936859,0.565182,0.491004,0.737064,0.459521,0.532462,0.456555,0.428603,0.317296,0.3901,0.443407,0.323533,0.0601297,0.0903398,0.713352,0.650153,0.258895,0.437205,-0.00666212,0.117105,0.130964,0.0793054,0.341226,0.0434013,0.864731,0.275769,-0.0274754,-0.0493183,0.420149,0.612373,0.0494019,0.0590449,0.578456,0.564077,1.02715,1.29289,0.707307,0.377645,0.221646,0.0128951,0.62152,0.563497,0.191628,0.111701,-0.0467543,0.214712,0.263285,0.723601,0.35392,-0.179416
0.162997,0.132041,-0.00343262,0.590962,0.455793,0.231211,0.00708309,0.310128,0.243921,0.05869,0.149785,0.637037,0.782223,0.279926,0.509668,0.0546161,0.297026,0.029901,0.0681238,0.941682,0.561904,0.488488,0.735898,0.46079,0.533752,0.455388,0.430587,0.321445,0.389246,0.443872,0.324649,0.0546619,0.0906486,0.712866,0.650131,0.264742,0.436589,-0.00647924,0.117596,0.130428,0.0791452,0.340554,0.0444073,0.868114,0.279028,-0.0273343,-0.0495971,0.420829,0.612618,0.0500937,0.059687,0.577389,0.563164,1.028,1.29769,0.706546,0.379416,0.22119,0.0125698,0.621759,0.563838,0.191592,0.111416,-0.0474395,0.214626,0.26205,0.726933,0.355899,-0.17905
0.163997,0.127069,-0.00406981,0.592072,0.456488,0.232133,0.00793869,0.311635,0.245145,0.0579803,0.149695,0.638175,0.787321,0.281525,0.509715,0.0549969,0.296322,0.0343516,0.0681925,0.946485,0.558621,0.485977,0.734789,0.462069,0.535029,0.454217,0.432568,0.325613,0.388408,0.444332,0.325772,0.0491763,0.0909578,0.712365,0.650086,0.270641,0.436022,-0.0062942,0.118101,0.129893,0.0789833,0.339869,0.0454133,0.871473,0.282281,-0.0271923,-0.0498657,0.421506,0.612835,0.05078,0.0603398,0.576318,0.562242,1.02883,1.30246,0.705764,0.381172,0.220721,0.0122414,0.621977,0.564169,0.19154,0.111127,-0.0481065,0.214534,0.260804,0.730257,0.357847,-0.178679
0.164997,0.122056,-0.004712,0.593157,0.457166,0.233037,0.00878145,0.31314,0.246359,0.0572961,0.149606,0.639302,0.792394,0.283241,0.509766,0.0553892,0.295611,0.0388616,0.0682661,0.95127,0.555336,0.483471,0.733741,0.463356,0.536295,0.453042,0.434545,0.329801,0.387587,0.444786,0.326902,0.043675,0.0912675,0.711848,0.650019,0.276591,0.435505,-0.00610702,0.118618,0.129358,0.0788196,0.339171,0.0464195,0.874809,0.285528,-0.0270497,-0.0501217,0.42218,0.613024,0.051461,0.0609989,0.575244,0.56131,1.02963,1.3072,0.704961,0.382911,0.22024,0.0119099,0.622173,0.564488,0.19147,0.110834,-0.0487552,0.214434,0.259549,0.733572,0.359765,-0.178303
0.165997,0.117004,-0.00535909,0.594218,0.457825,0.233925,0.00960743,0.314642,0.247564,0.0566382,0.149517,0.640418,0.797443,0.285072,0.509823,0.0557928,0.294891,0.0434286,0.0683448,0.956034,0.552047,0.48097,0.732753,0.464652,0.53755,0.451863,0.436519,0.334006,0.386782,0.445236,0.328039,0.0381604,0.0915777,0.711316,0.649928,0.282588,0.435037,-0.00591772,0.119145,0.128824,0.0786541,0.338461,0.0474259,0.878121,0.288768,-0.0269063,-0.0503624,0.422851,0.613186,0.0521365,0.0616604,0.574166,0.560368,1.0304,1.31191,0.704138,0.384634,0.219747,0.0115752,0.622349,0.564796,0.191383,0.110537,-0.0493855,0.214327,0.258283,0.736879,0.361649,-0.177921
0.166997,0.111913,-0.00601098,0.595255,0.458466,0.234796,0.0104129,0.316139,0.248758,0.0560073,0.149428,0.641522,0.802465,0.287015,0.509885,0.0562076,0.294165,0.0480503,0.0684283,0.960779,0.548755,0.478475,0.731828,0.465956,0.538795,0.450681,0.438489,0.338228,0.385995,0.44568,0.329182,0.0326344,0.0918882,0.710769,0.649815,0.288629,0.434617,-0.00572631,0.11968,0.128292,0.0784867,0.337737,0.0484324,0.881409,0.292,-0.0267621,-0.0505891,0.42352,0.613321,0.0528066,0.0623209,0.573086,0.559418,1.03115,1.31658,0.703295,0.386341,0.219242,0.0112375,0.622503,0.565094,0.191279,0.110236,-0.0499975,0.214213,0.257007,0.740176,0.363498,-0.177533
0.167997,0.106786,-0.00666757,0.596267,0.459088,0.235651,0.0111943,0.317633,0.249943,0.0554044,0.14934,0.642615,0.807461,0.289065,0.509951,0.0566334,0.293431,0.0527243,0.0685166,0.965502,0.54546,0.475985,0.730968,0.467268,0.540029,0.449494,0.440454,0.342465,0.385224,0.446119,0.330332,0.0270991,0.0921992,0.710206,0.649679,0.294712,0.434245,-0.00553283,0.120222,0.12776,0.0783176,0.337,0.0494391,0.884673,0.295225,-0.0266171,-0.0508389,0.424185,0.613427,0.0534711,0.0629778,0.572002,0.558458,1.03187,1.32123,0.702432,0.388031,0.218725,0.0108967,0.622636,0.565381,0.191159,0.109931,-0.0505915,0.214093,0.255722,0.743464,0.365312,-0.17714
0.168997,0.101623,-0.00732877,0.597255,0.459693,0.236488,0.0119486,0.319123,0.251118,0.0548304,0.149252,0.643695,0.81243,0.291221,0.510023,0.05707,0.292689,0.0574481,0.0686096,0.970204,0.542164,0.473502,0.730174,0.468588,0.541254,0.448304,0.442416,0.346716,0.384469,0.446554,0.331488,0.0215563,0.0925105,0.709629,0.649521,0.300834,0.433919,-0.00533728,0.120768,0.12723,0.0781466,0.336251,0.050446,0.887913,0.298441,-0.026471,-0.0510967,0.424847,0.613506,0.05413,0.0636291,0.570916,0.55749,1.03256,1.32585,0.701549,0.389705,0.218195,0.0105528,0.622748,0.565657,0.191022,0.109622,-0.0511678,0.213965,0.254426,0.746744,0.367086,-0.17674
0.169997,0.096427,-0.00799446,0.598218,0.460279,0.237309,0.0126732,0.320609,0.252283,0.0542865,0.149164,0.644762,0.817371,0.293478,0.5101,0.0575173,0.29194,0.0622194,0.0687072,0.974885,0.538867,0.471026,0.729448,0.469916,0.54247,0.447111,0.444373,0.350981,0.383731,0.446984,0.33265,0.016008,0.0928222,0.709036,0.649339,0.306991,0.433639,-0.00513969,0.121317,0.1267,0.0779738,0.335489,0.0514529,0.891129,0.301648,-0.0263239,-0.0513307,0.425505,0.613556,0.0547834,0.064273,0.569827,0.556513,1.03323,1.33043,0.700646,0.391361,0.217654,0.0102058,0.622839,0.565922,0.190868,0.109309,-0.0517268,0.213831,0.25312,0.750014,0.368821,-0.176335
0.170997,0.0911986,-0.00866454,0.599156,0.460847,0.238112,0.013366,0.322091,0.253438,0.053774,0.149076,0.645816,0.822283,0.295834,0.510181,0.0579752,0.291184,0.0670359,0.0688093,0.979542,0.535568,0.468557,0.728791,0.471251,0.543678,0.445914,0.446325,0.355257,0.383009,0.447409,0.333817,0.0104556,0.0931342,0.708428,0.649135,0.313182,0.433405,-0.00494008,0.121868,0.126172,0.0777992,0.334714,0.0524599,0.894321,0.304846,-0.0261754,-0.051531,0.42616,0.613579,0.0554312,0.0649082,0.568735,0.555527,1.03387,1.33499,0.699723,0.393001,0.217102,0.00985583,0.622908,0.566177,0.190698,0.108992,-0.0522693,0.21369,0.251805,0.753275,0.370515,-0.175924
0.171997,0.0859397,-0.0093389,0.60007,0.461397,0.238899,0.0140253,0.323568,0.254583,0.0532943,0.148989,0.646856,0.827166,0.298286,0.510268,0.0584435,0.290422,0.0718952,0.0689158,0.984177,0.532269,0.466095,0.728206,0.472593,0.544878,0.444714,0.448272,0.359544,0.382304,0.44783,0.33499,0.00490095,0.0934466,0.707806,0.648908,0.319403,0.433215,-0.00473846,0.122417,0.125645,0.0776227,0.333927,0.053467,0.897488,0.308034,-0.0260254,-0.0516959,0.42681,0.613574,0.0560734,0.0655335,0.567642,0.554533,1.03448,1.33951,0.698782,0.394623,0.216537,0.00950286,0.622956,0.566421,0.190511,0.108671,-0.0527956,0.213542,0.250479,0.756526,0.372165,-0.175507
0.172997,0.0806521,-0.0100174,0.600959,0.461929,0.239669,0.01465,0.325041,0.255718,0.0528487,0.148901,0.647882,0.83202,0.300831,0.51036,0.0589221,0.289652,0.076795,0.0690265,0.988788,0.528969,0.463642,0.727693,0.473942,0.54607,0.44351,0.450214,0.363842,0.381614,0.448246,0.336168,-0.000654605,0.0937593,0.707168,0.648657,0.325651,0.433068,-0.00453484,0.122965,0.125119,0.0774443,0.333127,0.054474,0.900631,0.311213,-0.0258736,-0.0518316,0.427457,0.613541,0.05671,0.066148,0.566548,0.55353,1.03507,1.34399,0.69782,0.396228,0.215961,0.00914697,0.622982,0.566655,0.190308,0.108346,-0.0533065,0.213387,0.249143,0.759768,0.37377,-0.175083
0.173997,0.0753373,-0.0107,0.601822,0.462444,0.240422,0.0152395,0.32651,0.256842,0.052439,0.148814,0.648894,0.836843,0.303465,0.510456,0.0594108,0.288875,0.081733,0.0691414,0.993376,0.525671,0.461197,0.727254,0.475297,0.547254,0.442304,0.452151,0.368149,0.38094,0.448658,0.33735,-0.00620968,0.0940723,0.706516,0.648384,0.331925,0.432965,-0.00432925,0.123509,0.124595,0.0772641,0.332314,0.0554809,0.90375,0.314381,-0.0257196,-0.0519415,0.428099,0.613479,0.057341,0.0667513,0.565454,0.55252,1.03563,1.34845,0.69684,0.397815,0.215373,0.00878823,0.622987,0.566878,0.190089,0.108018,-0.0538024,0.213226,0.247798,0.763,0.375329,-0.174653
0.174997,0.0699971,-0.0113865,0.602661,0.46294,0.241159,0.0157935,0.327973,0.257957,0.0520665,0.148726,0.64989,0.841635,0.306186,0.510558,0.0599096,0.288092,0.086707,0.0692604,0.997939,0.522373,0.458761,0.72689,0.476659,0.54843,0.441095,0.454083,0.372464,0.380281,0.449066,0.338537,-0.011763,0.0943856,0.705849,0.648088,0.338221,0.432903,-0.0041217,0.124049,0.124073,0.0770821,0.331489,0.0564877,0.906843,0.317538,-0.0255632,-0.0520256,0.428737,0.61339,0.0579664,0.0673431,0.564362,0.551501,1.03616,1.35287,0.695841,0.399385,0.214774,0.00842672,0.622971,0.567092,0.189853,0.107686,-0.054284,0.213057,0.246442,0.766223,0.37684,-0.174217
0.175997,0.0646331,-0.0120768,0.603475,0.463419,0.241878,0.016312,0.329433,0.259062,0.051733,0.148638,0.650871,0.846396,0.308991,0.510664,0.0604184,0.287302,0.0917149,0.0693834,1.00248,0.519078,0.456336,0.726602,0.478026,0.549599,0.439883,0.456009,0.376787,0.379638,0.44947,0.339728,-0.0173135,0.0946993,0.705168,0.647769,0.344536,0.432882,-0.00391221,0.124582,0.123551,0.0768982,0.330652,0.0574942,0.909912,0.320683,-0.0254041,-0.0520859,0.42937,0.613272,0.0585863,0.0679234,0.563272,0.550474,1.03666,1.35726,0.694823,0.400937,0.214164,0.00806252,0.622934,0.567295,0.189602,0.10735,-0.0547518,0.212882,0.245077,0.769435,0.378302,-0.173774
0.176997,0.0592468,-0.0127709,0.604264,0.46388,0.242581,0.0167953,0.330887,0.260156,0.0514401,0.148551,0.651835,0.851125,0.311877,0.510775,0.060937,0.286505,0.0967545,0.0695101,1.00699,0.515785,0.453922,0.726393,0.479398,0.550759,0.438668,0.457929,0.381117,0.37901,0.449871,0.340923,-0.0228601,0.0950133,0.704472,0.647427,0.350869,0.432901,-0.00370077,0.125109,0.123032,0.0767125,0.329802,0.0585005,0.912956,0.323818,-0.025242,-0.0521281,0.429998,0.613126,0.0592007,0.0684924,0.562187,0.54944,1.03714,1.36161,0.693786,0.402471,0.213542,0.00769574,0.622875,0.567488,0.189333,0.107011,-0.0552062,0.2127,0.243701,0.772638,0.379713,-0.173324
0.177997,0.0538399,-0.0134685,0.605027,0.464324,0.243267,0.017244,0.332336,0.26124,0.0511894,0.148463,0.652783,0.855822,0.314843,0.510891,0.0614653,0.285703,0.101824,0.0696406,1.01148,0.512496,0.451519,0.726262,0.480776,0.551911,0.43745,0.459842,0.385453,0.378398,0.450267,0.342121,-0.0284018,0.0953275,0.703761,0.647062,0.357217,0.43296,-0.00348741,0.125629,0.122514,0.076525,0.32894,0.0595065,0.915975,0.32694,-0.0250767,-0.052158,0.430621,0.612953,0.0598096,0.0690505,0.561106,0.548398,1.03759,1.36593,0.692731,0.403986,0.21291,0.00732646,0.622795,0.567672,0.189049,0.106668,-0.0556477,0.212512,0.242316,0.77583,0.381072,-0.172867
0.178997,0.0484138,-0.0141696,0.605766,0.46475,0.243936,0.0176586,0.333781,0.262313,0.0509826,0.148375,0.653714,0.860485,0.317884,0.511011,0.0620033,0.284894,0.10692,0.0697748,1.01594,0.509211,0.449129,0.726211,0.482158,0.553054,0.43623,0.46175,0.389793,0.377799,0.45066,0.343323,-0.033938,0.0956422,0.703036,0.646675,0.363578,0.433057,-0.00327215,0.126142,0.121997,0.0763357,0.328066,0.0605122,0.918968,0.33005,-0.0249078,-0.0521802,0.431238,0.612751,0.0604129,0.0695982,0.560028,0.547349,1.03801,1.37021,0.691658,0.405483,0.212266,0.00695478,0.622694,0.567847,0.188749,0.106321,-0.0560767,0.212316,0.240921,0.779012,0.382379,-0.172403
0.179997,0.0429699,-0.014874,0.60648,0.465159,0.244589,0.0180398,0.335221,0.263376,0.0508212,0.148287,0.654628,0.865115,0.320999,0.511136,0.0625508,0.284079,0.112042,0.0699125,1.02037,0.505931,0.446753,0.726241,0.483546,0.554187,0.435008,0.463651,0.394138,0.377216,0.451049,0.344527,-0.0394677,0.0959571,0.702297,0.646264,0.369949,0.433191,-0.00305498,0.126649,0.121482,0.0761447,0.327179,0.0615174,0.921936,0.333147,-0.0247353,-0.0521972,0.431851,0.612521,0.0610108,0.070136,0.558952,0.546293,1.03841,1.37446,0.690566,0.406961,0.211611,0.0065808,0.622571,0.568012,0.188433,0.105971,-0.0564934,0.212113,0.239516,0.782184,0.383632,-0.171933
0.180997,0.0375096,-0.0155816,0.607168,0.46555,0.245225,0.0183883,0.336657,0.264429,0.0507067,0.148198,0.655524,0.869711,0.324185,0.511265,0.0631076,0.283257,0.117188,0.0700536,1.02478,0.502659,0.444392,0.726353,0.484937,0.55531,0.433784,0.465546,0.398487,0.376646,0.451434,0.345733,-0.0449905,0.0962725,0.701544,0.64583,0.376329,0.433362,-0.00283591,0.127149,0.12097,0.0759519,0.32628,0.0625221,0.924877,0.336232,-0.0245588,-0.0522105,0.432457,0.612263,0.0616033,0.0706645,0.557877,0.545229,1.03877,1.37868,0.689457,0.408421,0.210945,0.0062046,0.622428,0.568169,0.188101,0.105617,-0.0568982,0.211904,0.238101,0.785345,0.384831,-0.171454
0.181997,0.0320341,-0.0162922,0.607831,0.465924,0.245845,0.0187048,0.338087,0.265471,0.0506406,0.148109,0.656402,0.874273,0.327441,0.511398,0.0636739,0.28243,0.122355,0.0701981,1.02916,0.499393,0.442047,0.726548,0.486332,0.556423,0.432557,0.467433,0.402838,0.376091,0.451816,0.346942,-0.0505058,0.0965882,0.700776,0.645374,0.382715,0.433568,-0.00261497,0.127646,0.120459,0.0757574,0.325369,0.0635262,0.927793,0.339303,-0.0243783,-0.0522203,0.433058,0.611977,0.0621904,0.0711843,0.5568,0.544159,1.03911,1.38286,0.68833,0.409862,0.210269,0.00582626,0.622263,0.568318,0.187753,0.10526,-0.0572913,0.211687,0.236676,0.788496,0.385975,-0.170969
0.182997,0.0265448,-0.0170059,0.608469,0.466282,0.246449,0.01899,0.339513,0.266503,0.0506243,0.14802,0.657262,0.878801,0.330764,0.511536,0.0642493,0.281597,0.127543,0.0703458,1.03352,0.496137,0.439719,0.726826,0.48773,0.557525,0.431328,0.469314,0.407192,0.375549,0.452195,0.348153,-0.0560133,0.0969043,0.699994,0.644894,0.389105,0.433809,-0.00239214,0.12814,0.119949,0.0755612,0.324446,0.0645297,0.930682,0.342361,-0.0241936,-0.0522264,0.433653,0.611663,0.0627721,0.0716956,0.555722,0.543083,1.03943,1.387,0.687185,0.411283,0.209582,0.00544585,0.622077,0.568459,0.18739,0.104899,-0.0576729,0.211464,0.235241,0.791636,0.387063,-0.170476
0.183997,0.0210426,-0.0177224,0.609082,0.466622,0.247035,0.0192442,0.340934,0.267524,0.0506592,0.147931,0.658102,0.883292,0.334151,0.511677,0.0648339,0.280758,0.132748,0.0704967,1.03784,0.49289,0.43741,0.727188,0.489132,0.558617,0.430098,0.471187,0.411546,0.375021,0.452571,0.349365,-0.0615125,0.0972208,0.699199,0.644392,0.395498,0.434084,-0.00216745,0.128633,0.119442,0.0753635,0.323511,0.0655326,0.933545,0.345404,-0.0240047,-0.0522279,0.434242,0.611321,0.0633485,0.0721992,0.554643,0.542,1.03971,1.39111,0.686022,0.412686,0.208884,0.00506342,0.621871,0.568593,0.187012,0.104535,-0.0580431,0.211233,0.233797,0.794765,0.388096,-0.169976
0.184997,0.0155288,-0.0184415,0.609669,0.466945,0.247606,0.019468,0.34235,0.268535,0.0507464,0.147841,0.658923,0.887749,0.337602,0.511823,0.0654275,0.279913,0.137969,0.0706506,1.04214,0.489655,0.435122,0.727635,0.490537,0.559697,0.428866,0.473053,0.415901,0.374507,0.452944,0.350579,-0.0670032,0.0975378,0.69839,0.643867,0.401892,0.434392,-0.0019409,0.129127,0.118937,0.0751641,0.322563,0.0665347,0.936381,0.348434,-0.0238114,-0.052224,0.434825,0.610952,0.0639196,0.0726952,0.553562,0.540911,1.03997,1.39518,0.684843,0.414069,0.208175,0.00467903,0.621643,0.568719,0.186618,0.104167,-0.0584022,0.210995,0.232343,0.797882,0.389073,-0.169468
0.185997,0.0100044,-0.0191633,0.610232,0.467251,0.24816,0.0196615,0.343761,0.269535,0.0508872,0.147751,0.659725,0.892169,0.341113,0.511972,0.06603,0.279062,0.143205,0.0708075,1.04641,0.486433,0.432855,0.728167,0.491944,0.560768,0.427632,0.474911,0.420256,0.374005,0.453314,0.351793,-0.0724853,0.0978553,0.697567,0.643319,0.408285,0.434732,-0.00171248,0.129624,0.118434,0.0749632,0.321604,0.0675361,0.939189,0.351449,-0.0236138,-0.052214,0.435401,0.610554,0.0644854,0.0731843,0.552479,0.539816,1.0402,1.39921,0.683646,0.415433,0.207456,0.0042927,0.621395,0.56884,0.18621,0.103796,-0.0587503,0.21075,0.230879,0.800989,0.389994,-0.168951
0.186997,0.00447039,-0.0198875,0.610769,0.467541,0.248698,0.0198251,0.345168,0.270524,0.0510829,0.14766,0.660506,0.896553,0.344684,0.512124,0.0666414,0.278205,0.148453,0.0709673,1.05064,0.483224,0.430613,0.728786,0.493353,0.561828,0.426397,0.476761,0.42461,0.373516,0.453681,0.353008,-0.0779588,0.0981732,0.69673,0.642748,0.414676,0.435103,-0.00148222,0.130125,0.117933,0.0747608,0.320633,0.0685366,0.941971,0.354449,-0.0234117,-0.0521977,0.43597,0.610129,0.0650459,0.0736666,0.551394,0.538716,1.0404,1.40321,0.682432,0.416777,0.206727,0.00390445,0.621125,0.568955,0.185787,0.103422,-0.0590874,0.210497,0.229405,0.804084,0.390859,-0.168427
0.187997,-0.00107223,-0.020614,0.611281,0.467814,0.24922,0.0199586,0.34657,0.271502,0.0513345,0.147569,0.661266,0.900901,0.348312,0.51228,0.0672616,0.277343,0.153713,0.0711298,1.05485,0.48003,0.428396,0.72949,0.494763,0.562879,0.425161,0.478603,0.428963,0.37304,0.454045,0.354224,-0.0834235,0.0984917,0.69588,0.642155,0.421062,0.435504,-0.0012501,0.130631,0.117435,0.0745569,0.319649,0.0695362,0.944724,0.357435,-0.0232053,-0.0521747,0.436533,0.609677,0.0656012,0.0741425,0.550309,0.53761,1.04057,1.40718,0.681201,0.418101,0.205987,0.00351427,0.620835,0.569065,0.18535,0.103044,-0.0594137,0.210237,0.227921,0.807168,0.391669,-0.167895
0.188997,-0.0066225,-0.0213426,0.611768,0.46807,0.249726,0.0200622,0.347967,0.27247,0.0516434,0.147477,0.662006,0.905211,0.351996,0.512439,0.0678905,0.276475,0.158982,0.0712951,1.05903,0.476852,0.426207,0.730282,0.496175,0.563923,0.423924,0.480438,0.433313,0.372576,0.454407,0.355439,-0.0888796,0.0988106,0.695016,0.641539,0.427442,0.435935,-0.00101614,0.131145,0.116938,0.0743516,0.318654,0.0705349,0.947449,0.360405,-0.0229944,-0.052145,0.437089,0.609196,0.0661513,0.0746123,0.549223,0.536499,1.04072,1.4111,0.679954,0.419405,0.205238,0.00312215,0.620525,0.569171,0.184899,0.102663,-0.0597293,0.20997,0.226428,0.81024,0.392424,-0.167354
0.189997,-0.0121795,-0.0220734,0.61223,0.46831,0.250216,0.0201356,0.34936,0.273426,0.0520107,0.147385,0.662724,0.909484,0.355733,0.512601,0.0685279,0.275601,0.164258,0.071463,1.06318,0.47369,0.424049,0.731161,0.497588,0.56496,0.422685,0.482263,0.43766,0.372124,0.454766,0.356654,-0.094327,0.0991302,0.694139,0.6409,0.433816,0.436394,-0.000780328,0.131667,0.116444,0.074145,0.317647,0.0715325,0.950146,0.363359,-0.0227791,-0.0521085,0.437638,0.608689,0.0666962,0.075076,0.548138,0.535383,1.04084,1.41499,0.67869,0.42069,0.204478,0.00272805,0.620194,0.569273,0.184434,0.102279,-0.0600342,0.209695,0.224925,0.8133,0.393124,-0.166805
0.190997,-0.0177421,-0.0228061,0.612667,0.468534,0.25069,0.0201786,0.350748,0.274372,0.0524376,0.147292,0.66342,0.913719,0.359524,0.512766,0.0691738,0.274721,0.169541,0.0716335,1.0673,0.470546,0.421922,0.732128,0.499002,0.565988,0.421446,0.48408,0.442004,0.371683,0.455122,0.357869,-0.0997659,0.0994503,0.693249,0.640239,0.44018,0.436881,-0.000542675,0.132197,0.115952,0.073937,0.316629,0.0725291,0.952814,0.366298,-0.0225594,-0.0520652,0.438179,0.608154,0.0672359,0.075534,0.547055,0.534263,1.04093,1.41884,0.67741,0.421955,0.203708,0.00233189,0.619842,0.569373,0.183955,0.101891,-0.0603286,0.209413,0.223413,0.816349,0.393769,-0.166248
0.191997,-0.0233096,-0.0235405,0.613079,0.468742,0.251148,0.0201911,0.352131,0.275307,0.0529257,0.147199,0.664095,0.917917,0.363365,0.512933,0.0698281,0.273836,0.174829,0.0718065,1.07139,0.46742,0.419831,0.733182,0.500416,0.567007,0.420206,0.485888,0.446343,0.371255,0.455476,0.359083,-0.105196,0.099771,0.692346,0.639555,0.446535,0.437395,-0.000303178,0.132737,0.115463,0.0737277,0.315598,0.0735246,0.955453,0.36922,-0.0223353,-0.0520148,0.438713,0.607591,0.0677704,0.0759861,0.545975,0.533139,1.04099,1.42265,0.676114,0.423199,0.202928,0.00193359,0.61947,0.569471,0.183464,0.1015,-0.0606124,0.209123,0.221891,0.819385,0.394362,-0.165682
0.192997,-0.0288808,-0.0242767,0.613466,0.468934,0.251589,0.0201727,0.353509,0.276231,0.0534761,0.147105,0.664746,0.922076,0.367255,0.513103,0.0704907,0.272945,0.18012,0.0719818,1.07545,0.464313,0.417777,0.734325,0.50183,0.568015,0.418965,0.487687,0.450677,0.370837,0.455828,0.360296,-0.110618,0.100092,0.69143,0.638848,0.452879,0.437935,-6.18364e-05,0.133287,0.114976,0.0735173,0.314556,0.0745188,0.958063,0.372127,-0.0221067,-0.0519572,0.43924,0.607002,0.0682999,0.0764325,0.544903,0.532011,1.04103,1.42642,0.674801,0.424424,0.202138,0.00153305,0.619078,0.569566,0.182959,0.101105,-0.0608858,0.208824,0.220359,0.822409,0.394901,-0.165107
0.193997,-0.0344548,-0.0250144,0.613828,0.46911,0.252016,0.020123,0.354883,0.277144,0.0540905,0.14701,0.665375,0.926196,0.371194,0.513275,0.0711614,0.272048,0.185413,0.0721595,1.07947,0.461224,0.415764,0.735556,0.503243,0.56901,0.417725,0.489477,0.455006,0.37043,0.456178,0.361507,-0.116032,0.100414,0.690501,0.63812,0.459209,0.438499,0.00018135,0.133848,0.114492,0.0733056,0.313502,0.0755118,0.960643,0.375016,-0.0218736,-0.0518922,0.43976,0.606385,0.0688241,0.0768731,0.543841,0.530879,1.04104,1.43016,0.673473,0.425628,0.201338,0.00113011,0.618666,0.569661,0.182442,0.100707,-0.0611489,0.208518,0.218817,0.82542,0.395389,-0.164522
0.194997,-0.0400305,-0.0257535,0.614165,0.46927,0.252426,0.0200417,0.356253,0.278046,0.0547703,0.146915,0.665981,0.930277,0.375178,0.513449,0.0718403,0.271145,0.190707,0.0723394,1.08347,0.458155,0.413793,0.736875,0.504655,0.569992,0.416483,0.491258,0.459328,0.370034,0.456525,0.362717,-0.121436,0.100737,0.68956,0.637368,0.465527,0.439088,0.000426384,0.13442,0.11401,0.0730928,0.312437,0.0765035,0.963193,0.377889,-0.0216361,-0.0518198,0.440271,0.605742,0.0693432,0.0773077,0.542793,0.529744,1.04102,1.43386,0.672129,0.426813,0.200528,0.000724639,0.618233,0.569755,0.181912,0.100306,-0.0614016,0.208204,0.217266,0.828419,0.395825,-0.163929
0.195997,-0.045607,-0.0264939,0.614477,0.469415,0.25282,0.0199285,0.357618,0.278937,0.0555169,0.146819,0.666563,0.93432,0.379208,0.513624,0.0725272,0.270237,0.195999,0.0725216,1.08743,0.455104,0.411868,0.738283,0.506066,0.570961,0.415242,0.493029,0.463644,0.369648,0.45687,0.363926,-0.126832,0.10106,0.688606,0.636595,0.471829,0.439701,0.000673267,0.135002,0.113532,0.0728789,0.31136,0.0774939,0.965713,0.380745,-0.0213939,-0.05174,0.440775,0.605071,0.0698572,0.0777364,0.541765,0.528607,1.04097,1.43752,0.67077,0.427977,0.199709,0.00031647,0.617781,0.569848,0.18137,0.0999014,-0.0616441,0.207881,0.215706,0.831405,0.396211,-0.163327
0.196997,-0.0511831,-0.0272355,0.614764,0.469544,0.253199,0.0197828,0.358978,0.279817,0.0563322,0.146722,0.667121,0.938323,0.383281,0.513801,0.073222,0.269322,0.201289,0.0727058,1.09136,0.452073,0.409992,0.739779,0.507475,0.571917,0.414001,0.49479,0.467952,0.369271,0.457214,0.365132,-0.132218,0.101384,0.687639,0.635799,0.478115,0.440336,0.000922003,0.135596,0.113056,0.072664,0.310271,0.0784828,0.968202,0.383584,-0.0211472,-0.0516529,0.441271,0.604374,0.0703661,0.0781588,0.540758,0.527468,1.0409,1.44114,0.669395,0.429121,0.19888,-9.45635e-05,0.617308,0.56994,0.180817,0.0994934,-0.0618765,0.20755,0.214136,0.834378,0.396548,-0.162715
0.197997,-0.0567577,-0.0279782,0.615027,0.469658,0.253562,0.0196044,0.360333,0.280686,0.0572175,0.146625,0.667654,0.942286,0.387396,0.513979,0.0739245,0.268402,0.206575,0.0728921,1.09526,0.449059,0.408166,0.741363,0.508883,0.57286,0.41276,0.496541,0.472252,0.368905,0.457555,0.366336,-0.137594,0.101709,0.68666,0.634981,0.484383,0.440993,0.0011726,0.1362,0.112582,0.072448,0.309171,0.0794702,0.97066,0.386405,-0.0208957,-0.0515586,0.441759,0.603651,0.0708698,0.0785749,0.539774,0.526327,1.04079,1.44473,0.668004,0.430244,0.198042,-0.000508618,0.616816,0.570031,0.180251,0.099082,-0.0620988,0.20721,0.212556,0.837338,0.396836,-0.162093
0.198997,-0.0623297,-0.0287217,0.615265,0.469756,0.25391,0.0193929,0.361684,0.281544,0.0581744,0.146527,0.668163,0.946209,0.391551,0.514158,0.0746348,0.267476,0.211857,0.0730804,1.09912,0.446065,0.406395,0.743034,0.510287,0.573791,0.41152,0.498282,0.476543,0.368548,0.457895,0.367537,-0.142959,0.102034,0.685669,0.63414,0.490633,0.441671,0.00142505,0.136815,0.112112,0.072231,0.308059,0.0804561,0.973087,0.389208,-0.0206396,-0.0514571,0.442239,0.6029,0.0713683,0.0789843,0.538814,0.525184,1.04066,1.44827,0.666599,0.431348,0.197194,-0.000925836,0.616305,0.570121,0.179675,0.0986672,-0.062311,0.206861,0.210967,0.840284,0.397076,-0.161462
0.199997,-0.067898,-0.0294661,0.615478,0.46984,0.254242,0.0191479,0.36303,0.28239,0.0592045,0.146428,0.668647,0.950093,0.395745,0.514339,0.0753526,0.266545,0.217132,0.0732706,1.10295,0.443088,0.404679,0.744792,0.511689,0.574709,0.410281,0.500013,0.480825,0.368199,0.458232,0.368736,-0.148312,0.10236,0.684666,0.633278,0.496864,0.442369,0.00167937,0.13744,0.111645,0.0720131,0.306936,0.0814404,0.975483,0.391994,-0.0203787,-0.0513487,0.442711,0.602124,0.0718617,0.079387,0.537882,0.524041,1.04051,1.45178,0.665179,0.432431,0.196336,-0.00134633,0.615773,0.570208,0.179087,0.0982489,-0.0625133,0.206503,0.209369,0.843217,0.39727,-0.160821
0.200997,-0.0734615,-0.0302111,0.615667,0.469908,0.254558,0.0188692,0.364371,0.283226,0.0603092,0.146328,0.669105,0.953936,0.399978,0.514519,0.0760779,0.265607,0.2224,0.0734626,1.10675,0.440129,0.403021,0.746634,0.513088,0.575615,0.409042,0.501734,0.485097,0.36786,0.458568,0.369932,-0.153653,0.102687,0.683651,0.632393,0.503074,0.443087,0.00193556,0.138075,0.111181,0.0717943,0.305802,0.082423,0.977847,0.394762,-0.020113,-0.0512334,0.443175,0.601321,0.0723499,0.0797826,0.536976,0.522899,1.04032,1.45524,0.663744,0.433495,0.19547,-0.00177017,0.615222,0.570293,0.178488,0.0978271,-0.0627057,0.206135,0.207761,0.846137,0.397418,-0.16017
0.201997,-0.0790191,-0.0309567,0.615831,0.469962,0.254859,0.0185565,0.365708,0.28405,0.0614899,0.146228,0.669537,0.957738,0.404246,0.5147,0.0768105,0.264664,0.22766,0.0736564,1.11052,0.437187,0.401424,0.74856,0.514483,0.576509,0.407804,0.503443,0.489359,0.367529,0.458902,0.371125,-0.15898,0.103014,0.682625,0.631487,0.509262,0.443824,0.00219362,0.13872,0.11072,0.0715747,0.304656,0.0834039,0.980179,0.397511,-0.0198425,-0.0511115,0.44363,0.600491,0.0728328,0.0801709,0.53609,0.521757,1.04011,1.45867,0.662295,0.434538,0.194594,-0.00219741,0.614652,0.570375,0.177878,0.0974018,-0.0628883,0.205758,0.206144,0.849043,0.397521,-0.159509
0.202997,-0.0845696,-0.0317028,0.615971,0.470001,0.255145,0.0182096,0.367039,0.284863,0.0627479,0.146127,0.669943,0.9615,0.408549,0.514882,0.0775504,0.263716,0.232911,0.0738519,1.11425,0.434262,0.399889,0.750567,0.515874,0.577391,0.406567,0.505142,0.49361,0.367206,0.459235,0.372315,-0.164292,0.103342,0.681586,0.630558,0.515428,0.444579,0.00245357,0.139374,0.110262,0.0713542,0.303499,0.0843829,0.982478,0.400242,-0.0195672,-0.0509831,0.444077,0.599636,0.0733105,0.0805518,0.535215,0.520616,1.03987,1.46206,0.660831,0.435561,0.193709,-0.00262804,0.614063,0.570453,0.177257,0.0969729,-0.0630611,0.205369,0.204517,0.851934,0.397581,-0.158837
0.203997,-0.0901119,-0.0324491,0.616086,0.470026,0.255415,0.0178285,0.368366,0.285664,0.0640844,0.146025,0.670322,0.965221,0.412886,0.515063,0.0782974,0.262761,0.238151,0.0740491,1.11794,0.431353,0.398418,0.752652,0.517261,0.57826,0.405332,0.506829,0.49785,0.366891,0.459566,0.373501,-0.169588,0.103671,0.680536,0.629607,0.52157,0.445351,0.00271542,0.140035,0.109807,0.0711329,0.302331,0.0853602,0.984746,0.402954,-0.019287,-0.0508485,0.444516,0.598755,0.0737829,0.080925,0.534346,0.519478,1.0396,1.46541,0.659352,0.436564,0.192815,-0.00306203,0.613455,0.570527,0.176626,0.0965404,-0.0632243,0.20497,0.202881,0.854812,0.397597,-0.158155
0.204997,-0.0956448,-0.0331957,0.616177,0.470037,0.25567,0.0174131,0.369688,0.286455,0.0655006,0.145922,0.670674,0.9689,0.417255,0.515244,0.0790514,0.261802,0.243381,0.0742478,1.1216,0.428461,0.397012,0.754811,0.518643,0.579117,0.404098,0.508506,0.502077,0.366583,0.459895,0.374683,-0.174868,0.104001,0.679475,0.628635,0.527687,0.44614,0.00297916,0.140704,0.109356,0.0709108,0.301151,0.0863355,0.98698,0.405647,-0.0190021,-0.050708,0.444946,0.597848,0.07425,0.0812903,0.53348,0.518343,1.03931,1.46872,0.65786,0.437547,0.191912,-0.00349928,0.612827,0.570596,0.175984,0.0961042,-0.0633777,0.20456,0.201236,0.857675,0.39757,-0.157462
0.205997,-0.101167,-0.0339424,0.616244,0.470033,0.255909,0.0169636,0.371005,0.287234,0.0669975,0.145818,0.670998,0.972539,0.421655,0.515424,0.0798122,0.260836,0.2486,0.0744481,1.12523,0.425585,0.395673,0.757042,0.52002,0.579961,0.402866,0.510171,0.506293,0.366282,0.460223,0.375862,-0.18013,0.104332,0.678403,0.62764,0.533779,0.446945,0.0032448,0.14138,0.108909,0.070688,0.29996,0.0873088,0.989182,0.408321,-0.0187124,-0.050562,0.445367,0.596915,0.0747117,0.0816477,0.532615,0.517213,1.03899,1.47199,0.656354,0.438509,0.191,-0.00393972,0.612181,0.570659,0.175332,0.0956644,-0.0635216,0.204138,0.199582,0.860523,0.397502,-0.156758
0.206997,-0.106679,-0.0346891,0.616287,0.470015,0.256134,0.0164801,0.372316,0.288002,0.0685762,0.145714,0.671295,0.976136,0.426085,0.515604,0.0805799,0.259866,0.253806,0.0746498,1.12882,0.422724,0.394402,0.75934,0.521392,0.580793,0.401636,0.511824,0.510495,0.365989,0.460549,0.377036,-0.185373,0.104664,0.677319,0.626624,0.539845,0.447765,0.00351237,0.14206,0.108465,0.0704645,0.298759,0.0882801,0.99135,0.410976,-0.0184181,-0.0504106,0.44578,0.595957,0.0751679,0.0819969,0.53175,0.516087,1.03864,1.47523,0.654834,0.439452,0.190079,-0.0043832,0.611516,0.570717,0.174669,0.0952207,-0.063656,0.203703,0.197918,0.863357,0.397393,-0.156044
0.207997,-0.112177,-0.0354356,0.616306,0.469983,0.256343,0.0159629,0.373623,0.288758,0.0702378,0.145609,0.671564,0.979691,0.430543,0.515782,0.0813542,0.25889,0.258999,0.0748528,1.13238,0.419879,0.393202,0.761703,0.522757,0.581611,0.400409,0.513465,0.514684,0.365701,0.460873,0.378207,-0.190597,0.104996,0.676225,0.625585,0.545883,0.4486,0.00378185,0.142744,0.108024,0.0702403,0.297546,0.0892492,0.993486,0.413612,-0.0181191,-0.050254,0.446184,0.594974,0.0756187,0.0823379,0.530885,0.514967,1.03827,1.47842,0.6533,0.440375,0.189149,-0.00482959,0.610832,0.570768,0.173997,0.0947732,-0.063781,0.203254,0.196245,0.866176,0.397244,-0.155318
0.208997,-0.117663,-0.0361819,0.616301,0.469937,0.256537,0.0154123,0.374924,0.289503,0.0719832,0.145503,0.671804,0.983205,0.435027,0.51596,0.082135,0.257909,0.264179,0.0750572,1.1359,0.41705,0.392072,0.764127,0.524117,0.582416,0.399183,0.515095,0.518859,0.365421,0.461196,0.379373,-0.195799,0.10533,0.675119,0.624525,0.551893,0.44945,0.00405327,0.14343,0.107587,0.0700154,0.296322,0.0902162,0.995587,0.416228,-0.0178156,-0.0500923,0.44658,0.593965,0.0760639,0.0826706,0.530018,0.513853,1.03786,1.48157,0.651752,0.441278,0.18821,-0.00527871,0.610129,0.570812,0.173314,0.0943219,-0.0638965,0.202792,0.194563,0.86898,0.397055,-0.154581
0.209997,-0.123133,-0.0369278,0.616272,0.469878,0.256716,0.0148288,0.376219,0.290237,0.0738137,0.145395,0.672014,0.986676,0.439538,0.516136,0.0829222,0.256924,0.269344,0.0752627,1.13938,0.414236,0.391016,0.76661,0.52547,0.583207,0.397961,0.516713,0.52302,0.365146,0.461517,0.380535,-0.20098,0.105665,0.674003,0.623443,0.557873,0.450313,0.00432663,0.144115,0.107155,0.0697899,0.295087,0.091181,0.997656,0.418824,-0.0175077,-0.0499254,0.446966,0.592931,0.0765035,0.0829949,0.529149,0.512746,1.03743,1.48468,0.650192,0.442162,0.187263,-0.00573042,0.609409,0.570849,0.172621,0.0938665,-0.0640026,0.202314,0.192872,0.871768,0.396827,-0.153832
0.210997,-0.128589,-0.0376733,0.616219,0.469805,0.256879,0.0142129,0.377509,0.290959,0.0757303,0.145288,0.672196,0.990106,0.444073,0.51631,0.0837157,0.255935,0.274495,0.0754694,1.14283,0.411438,0.390034,0.76915,0.526815,0.583984,0.396741,0.518318,0.527166,0.364877,0.461837,0.381692,-0.206139,0.106001,0.672877,0.622339,0.563824,0.451189,0.00460194,0.144799,0.106726,0.0695638,0.293842,0.0921434,0.99969,0.4214,-0.0171955,-0.0497532,0.447344,0.591872,0.0769375,0.0833107,0.528279,0.511647,1.03698,1.48775,0.648618,0.443025,0.186308,-0.00618451,0.608669,0.570879,0.171918,0.0934072,-0.0640994,0.201821,0.191172,0.874541,0.396561,-0.153072
0.211997,-0.134028,-0.0384182,0.616143,0.469719,0.257028,0.0135652,0.378793,0.29167,0.0777343,0.145179,0.672348,0.993494,0.448631,0.516483,0.0845154,0.254941,0.27963,0.0756772,1.14624,0.408656,0.389131,0.771747,0.528154,0.584746,0.395524,0.51991,0.531297,0.364614,0.462155,0.382844,-0.211275,0.106338,0.67174,0.621213,0.569744,0.452078,0.00487921,0.145477,0.106301,0.0693372,0.292585,0.0931034,1.00169,0.423956,-0.0168792,-0.0495756,0.447713,0.590788,0.0773657,0.083618,0.527407,0.510556,1.0365,1.49079,0.64703,0.443869,0.185344,-0.00664081,0.607912,0.570901,0.171205,0.0929437,-0.064187,0.201311,0.189462,0.877299,0.396257,-0.1523
0.212996,-0.13945,-0.0391624,0.616043,0.46962,0.257162,0.0128863,0.380071,0.292369,0.0798272,0.145069,0.672469,0.996839,0.453211,0.516654,0.0853211,0.253946,0.284749,0.075886,1.14962,0.405891,0.388309,0.774401,0.529485,0.585493,0.394311,0.52149,0.535412,0.364355,0.462471,0.383991,-0.216387,0.106676,0.670592,0.620066,0.575632,0.452978,0.00515846,0.146149,0.10588,0.0691099,0.291318,0.094061,1.00366,0.426492,-0.0165587,-0.0493928,0.448074,0.589679,0.077788,0.0839169,0.526532,0.509473,1.03599,1.49378,0.645431,0.444694,0.184371,-0.00709914,0.607137,0.570915,0.170482,0.0924762,-0.0642654,0.200782,0.187744,0.88004,0.395915,-0.151516
0.213996,-0.144854,-0.0399058,0.61592,0.469508,0.257281,0.0121769,0.381344,0.293057,0.0820105,0.144958,0.67256,1.00014,0.457813,0.516822,0.0861327,0.25295,0.289852,0.0760957,1.15296,0.403142,0.387573,0.77711,0.530807,0.586224,0.393101,0.523058,0.539511,0.364102,0.462786,0.385133,-0.221475,0.107016,0.669435,0.618897,0.581487,0.45389,0.00543969,0.146811,0.105463,0.0688822,0.290039,0.0950161,1.00559,0.429007,-0.0162344,-0.0492048,0.448425,0.588546,0.0782044,0.0842073,0.525655,0.508398,1.03545,1.49673,0.643818,0.445499,0.18339,-0.0075593,0.606343,0.570921,0.16975,0.0920044,-0.0643345,0.200236,0.186016,0.882766,0.395537,-0.15072
0.214996,-0.150239,-0.0406484,0.615773,0.469383,0.257385,0.0114376,0.38261,0.293733,0.0842857,0.144847,0.67262,1.0034,0.462434,0.516988,0.0869501,0.251954,0.294938,0.0763062,1.15626,0.400411,0.386933,0.779876,0.532122,0.586938,0.391894,0.524612,0.543593,0.363854,0.463099,0.38627,-0.226537,0.107357,0.668268,0.617706,0.587309,0.454814,0.00572291,0.14746,0.105051,0.068654,0.288751,0.0959686,1.00749,0.431502,-0.0159064,-0.0490117,0.448767,0.587388,0.0786149,0.0844892,0.524776,0.507331,1.03489,1.49964,0.642192,0.446284,0.182401,-0.00802111,0.605532,0.570918,0.169007,0.0915283,-0.0643946,0.199669,0.18428,0.885475,0.395122,-0.149911
0.215996,-0.155605,-0.0413899,0.615603,0.469245,0.257474,0.0106692,0.38387,0.294398,0.0866547,0.144734,0.672648,1.00662,0.467074,0.517151,0.0877731,0.250959,0.300007,0.0765175,1.15952,0.397698,0.386404,0.7827,0.533427,0.587636,0.390692,0.526153,0.547658,0.363611,0.46341,0.387402,-0.231573,0.107699,0.66709,0.616494,0.593097,0.455748,0.00600814,0.148095,0.104643,0.0684252,0.287451,0.0969185,1.00935,0.433976,-0.0155747,-0.0488137,0.449101,0.586206,0.0790193,0.0847628,0.523895,0.506273,1.0343,1.50251,0.640555,0.44705,0.181404,-0.00848439,0.604703,0.570906,0.168255,0.0910479,-0.0644455,0.199083,0.182534,0.888168,0.394671,-0.14909
0.216996,-0.160951,-0.0421304,0.615409,0.469094,0.257548,0.0098723,0.385124,0.295052,0.0891194,0.144621,0.672645,1.00979,0.471733,0.517312,0.0886017,0.249964,0.305057,0.0767294,1.16275,0.395004,0.386011,0.785581,0.534724,0.588316,0.389494,0.527681,0.551706,0.363371,0.46372,0.388528,-0.236583,0.108043,0.665903,0.61526,0.59885,0.456691,0.00629539,0.148712,0.104239,0.0681961,0.286141,0.0978656,1.01118,0.436429,-0.0152397,-0.0486108,0.449426,0.585,0.0794175,0.0850281,0.523011,0.505223,1.03369,1.50535,0.638904,0.447797,0.180399,-0.00894897,0.603856,0.570885,0.167493,0.0905631,-0.0644874,0.198475,0.18078,0.890844,0.394185,-0.148256
0.217996,-0.166276,-0.0428697,0.615193,0.468931,0.257608,0.00904761,0.38637,0.295693,0.0916816,0.144506,0.67261,1.01293,0.476408,0.517469,0.0894358,0.248968,0.310089,0.0769419,1.16594,0.39233,0.385787,0.788519,0.536011,0.588978,0.3883,0.529195,0.555736,0.363137,0.464027,0.389648,-0.241565,0.108389,0.664707,0.614005,0.604567,0.457645,0.00658466,0.149311,0.10384,0.0679664,0.284821,0.0988099,1.01297,0.438861,-0.0149014,-0.048403,0.449741,0.58377,0.0798094,0.0852852,0.522124,0.504182,1.03304,1.50814,0.637242,0.448525,0.179386,-0.00941469,0.602992,0.570855,0.166721,0.0900739,-0.0645202,0.197846,0.179017,0.893503,0.393663,-0.147409
0.218996,-0.171579,-0.0436076,0.614953,0.468756,0.257653,0.00819579,0.38761,0.296323,0.0943431,0.144391,0.672541,1.01601,0.481098,0.517623,0.0902751,0.247969,0.315102,0.0771549,1.16909,0.389677,0.385747,0.791516,0.537288,0.58962,0.387112,0.530696,0.559748,0.362906,0.464333,0.390763,-0.24652,0.108736,0.663501,0.612728,0.610247,0.458608,0.00687598,0.14989,0.103446,0.0677364,0.28349,0.0997514,1.01473,0.441272,-0.01456,-0.0481901,0.450048,0.582515,0.080195,0.0855342,0.521236,0.503148,1.03238,1.51089,0.635568,0.449234,0.178365,-0.0098814,0.60211,0.570816,0.165939,0.0895801,-0.0645441,0.197195,0.177244,0.896146,0.393106,-0.146549
0.219996,-0.17686,-0.0443442,0.614691,0.468569,0.257683,0.00731747,0.388843,0.296942,0.0971056,0.144275,0.67244,1.01906,0.485804,0.517774,0.0911196,0.246967,0.320095,0.0773683,1.1722,0.387048,0.385874,0.794572,0.538555,0.590242,0.385928,0.532183,0.563742,0.362679,0.464637,0.391872,-0.251447,0.109084,0.662285,0.611429,0.61589,0.459579,0.00716934,0.150446,0.103057,0.067506,0.282148,0.10069,1.01645,0.443661,-0.0142157,-0.0479719,0.450346,0.581237,0.0805742,0.0857752,0.520346,0.502123,1.03168,1.5136,0.633881,0.449924,0.177336,-0.010349,0.601211,0.570767,0.165148,0.0890818,-0.0645589,0.196522,0.175463,0.898771,0.392515,-0.145676
0.220996,-0.182118,-0.0450792,0.614406,0.46837,0.257699,0.00641328,0.390069,0.297549,0.0999707,0.144158,0.672306,1.02206,0.490524,0.517921,0.0919692,0.245961,0.325068,0.0775821,1.17527,0.384444,0.386145,0.797687,0.539812,0.590843,0.384749,0.533657,0.567716,0.362455,0.464938,0.392974,-0.256344,0.109435,0.66106,0.610109,0.621495,0.460559,0.00746477,0.150981,0.102672,0.0672753,0.280796,0.101625,1.01814,0.446029,-0.0138687,-0.0477479,0.450634,0.579935,0.0809468,0.0860083,0.519455,0.501107,1.03096,1.51626,0.632183,0.450596,0.1763,-0.0108173,0.600295,0.570708,0.164347,0.0885789,-0.0645649,0.195826,0.173673,0.901379,0.391889,-0.144789
0.221996,-0.187353,-0.0458126,0.614098,0.468158,0.2577,0.0054838,0.391288,0.298144,0.10294,0.14404,0.672138,1.02502,0.495257,0.518064,0.0928237,0.244951,0.33002,0.0777961,1.17831,0.381868,0.386548,0.800862,0.541057,0.591422,0.383576,0.535116,0.571671,0.362235,0.465238,0.394071,-0.261213,0.109787,0.659827,0.608768,0.627061,0.461547,0.00776228,0.151492,0.102293,0.0670442,0.279434,0.102558,1.01979,0.448375,-0.0135191,-0.0475177,0.450914,0.57861,0.0813129,0.0862337,0.518565,0.500099,1.03022,1.51889,0.630474,0.451248,0.175256,-0.0112862,0.599361,0.57064,0.163537,0.0880713,-0.0645619,0.195108,0.171874,0.903969,0.39123,-0.143888
0.222996,-0.192565,-0.0465443,0.613768,0.467935,0.257687,0.00452958,0.392499,0.298728,0.106013,0.14392,0.671936,1.02794,0.500002,0.518203,0.0936831,0.243937,0.334952,0.0780102,1.1813,0.379321,0.387072,0.804097,0.542292,0.59198,0.382409,0.536561,0.575606,0.362019,0.465535,0.395162,-0.266051,0.11014,0.658584,0.607406,0.632588,0.462542,0.00806188,0.15198,0.101918,0.0668127,0.278062,0.103487,1.02141,0.450699,-0.0131671,-0.0472808,0.451184,0.577261,0.0816722,0.0864514,0.517679,0.499099,1.02945,1.52148,0.628753,0.451883,0.174205,-0.0117556,0.598411,0.570562,0.162716,0.0875591,-0.0645501,0.194367,0.170066,0.906542,0.390537,-0.142974
0.223996,-0.197752,-0.0472741,0.613415,0.467701,0.25766,0.00355117,0.393702,0.299299,0.109192,0.1438,0.671699,1.03081,0.504759,0.518338,0.0945473,0.24292,0.339862,0.0782244,1.18426,0.376807,0.387709,0.807393,0.543515,0.592516,0.381247,0.537991,0.579521,0.361806,0.465829,0.396246,-0.27086,0.110495,0.657332,0.606023,0.638075,0.463545,0.00836358,0.152446,0.101549,0.066581,0.27668,0.104413,1.02299,0.453002,-0.0128128,-0.0470368,0.451446,0.575889,0.0820246,0.0866615,0.516803,0.498108,1.02865,1.52403,0.62702,0.452499,0.173146,-0.0122256,0.597444,0.570474,0.161886,0.0870422,-0.0645294,0.193603,0.168249,0.909097,0.389811,-0.142045
0.224996,-0.202915,-0.0480021,0.613039,0.467455,0.257618,0.00254905,0.394898,0.299859,0.112475,0.143679,0.671428,1.03364,0.509526,0.518468,0.0954161,0.241899,0.344751,0.0784386,1.18717,0.374328,0.388447,0.810752,0.544726,0.59303,0.380092,0.539407,0.583415,0.361596,0.466122,0.397323,-0.275637,0.110852,0.656072,0.604619,0.64352,0.464555,0.00866739,0.15289,0.101185,0.066349,0.275288,0.105336,1.02454,0.455282,-0.0124565,-0.0467852,0.451699,0.574494,0.0823702,0.0868642,0.515947,0.497125,1.02783,1.52653,0.625277,0.453097,0.17208,-0.0126959,0.59646,0.570375,0.161046,0.0865205,-0.0644999,0.192817,0.166424,0.911633,0.389052,-0.141102
0.225996,-0.208052,-0.048728,0.612642,0.467198,0.257562,0.00152373,0.396085,0.300407,0.115862,0.143557,0.671121,1.03642,0.514303,0.518594,0.0962894,0.240874,0.349617,0.0786528,1.19005,0.371886,0.389276,0.814174,0.545925,0.593523,0.378944,0.540809,0.587288,0.361388,0.466411,0.398395,-0.280383,0.11121,0.654803,0.603194,0.648923,0.46557,0.00897332,0.153313,0.100827,0.0661168,0.273885,0.106255,1.02604,0.457539,-0.0120982,-0.0465255,0.451942,0.573076,0.0827088,0.0870595,0.515114,0.49615,1.02698,1.529,0.623522,0.453678,0.171007,-0.0131665,0.595459,0.570267,0.160196,0.0859942,-0.0644616,0.192008,0.164589,0.914152,0.388261,-0.140144
0.226996,-0.213165,-0.0494517,0.612222,0.466929,0.257492,0.000475671,0.397264,0.300944,0.119351,0.143434,0.670779,1.03916,0.519089,0.518715,0.0971671,0.239844,0.354461,0.0788668,1.19288,0.369482,0.390185,0.817661,0.547111,0.593996,0.377803,0.542195,0.59114,0.361184,0.466697,0.399459,-0.285097,0.11157,0.653526,0.601749,0.654284,0.466592,0.0092814,0.153716,0.100475,0.0658843,0.272473,0.107171,1.02752,0.459775,-0.0117382,-0.0462575,0.452177,0.571636,0.0830403,0.0872476,0.5143,0.495182,1.0261,1.53142,0.621757,0.45424,0.169927,-0.0136373,0.594442,0.570148,0.159336,0.0854633,-0.0644145,0.191175,0.162746,0.916652,0.387437,-0.139172
0.227996,-0.218251,-0.0501732,0.61178,0.46665,0.257408,-0.000594681,0.398434,0.301468,0.122941,0.14331,0.670402,1.04186,0.523884,0.518831,0.0980492,0.238811,0.359283,0.0790805,1.19568,0.367116,0.391168,0.821213,0.548285,0.594449,0.376668,0.543567,0.59497,0.360983,0.466981,0.400517,-0.289779,0.111931,0.652241,0.600283,0.659602,0.46762,0.00959162,0.154101,0.100128,0.0656516,0.271051,0.108083,1.02895,0.461988,-0.0113766,-0.0459808,0.452402,0.570172,0.0833646,0.0874286,0.513495,0.494222,1.0252,1.5338,0.619981,0.454785,0.168841,-0.0141083,0.593409,0.570018,0.158466,0.0849278,-0.0643588,0.19032,0.160894,0.919133,0.386582,-0.138185
0.228996,-0.223312,-0.0508923,0.611316,0.466359,0.25731,-0.00168688,0.399595,0.301981,0.126629,0.143185,0.669988,1.04451,0.528686,0.518941,0.0989355,0.237772,0.364081,0.079294,1.19843,0.36479,0.392218,0.824832,0.549445,0.594881,0.375541,0.544924,0.598778,0.360784,0.467261,0.401568,-0.294429,0.112294,0.650947,0.598797,0.664876,0.468653,0.00990401,0.154468,0.0997864,0.0654188,0.26962,0.108992,1.03036,0.464178,-0.0110134,-0.0456952,0.452619,0.568686,0.0836816,0.0876026,0.512694,0.493269,1.02428,1.53614,0.618195,0.455312,0.167747,-0.0145793,0.592359,0.569878,0.157586,0.0843878,-0.0642943,0.189442,0.159033,0.921595,0.385696,-0.137182
0.229996,-0.228346,-0.051609,0.61083,0.466058,0.257198,-0.0028005,0.400748,0.302481,0.130412,0.143059,0.669537,1.04712,0.533495,0.519047,0.099826,0.23673,0.368856,0.0795071,1.20115,0.362505,0.393331,0.828518,0.550593,0.595295,0.374422,0.546265,0.602564,0.360587,0.467538,0.402612,-0.299045,0.112657,0.649645,0.597291,0.670105,0.469692,0.0102186,0.15482,0.0994512,0.0651858,0.268178,0.109897,1.03172,0.466345,-0.010649,-0.0454006,0.452826,0.567177,0.0839913,0.0877698,0.511894,0.492322,1.02333,1.53844,0.616398,0.455822,0.166647,-0.0150503,0.591293,0.569727,0.156695,0.0838435,-0.0642212,0.18854,0.157162,0.924039,0.384778,-0.136164
0.230996,-0.233354,-0.052323,0.610323,0.465747,0.257073,-0.00393511,0.401891,0.30297,0.134286,0.142932,0.669051,1.04968,0.538311,0.519147,0.100721,0.235682,0.373608,0.0797198,1.20382,0.36026,0.394506,0.832271,0.551726,0.595689,0.373311,0.547591,0.606327,0.360393,0.467812,0.403648,-0.303627,0.113022,0.648335,0.595766,0.675288,0.470734,0.0105353,0.155159,0.0991221,0.0649526,0.266728,0.110798,1.03305,0.46849,-0.0102834,-0.0450968,0.453025,0.565647,0.0842935,0.0879305,0.511092,0.491382,1.02235,1.5407,0.614591,0.456315,0.165541,-0.0155211,0.590212,0.569565,0.155795,0.0832952,-0.0641395,0.187616,0.155283,0.926463,0.383831,-0.135131
0.231996,-0.238335,-0.0530343,0.609793,0.465424,0.256933,-0.00509028,0.403025,0.303447,0.138248,0.142804,0.668527,1.0522,0.543132,0.519241,0.101619,0.234629,0.378336,0.0799321,1.20645,0.358055,0.395742,0.836091,0.552846,0.596065,0.372208,0.548902,0.610067,0.360201,0.468082,0.404678,-0.308174,0.113388,0.647018,0.594221,0.680426,0.471782,0.0108543,0.155486,0.0987991,0.0647194,0.265267,0.111696,1.03434,0.470611,-0.00991671,-0.0447839,0.453214,0.564094,0.0845881,0.0880847,0.510289,0.490448,1.02135,1.54291,0.612774,0.456791,0.164428,-0.0159917,0.589114,0.569393,0.154885,0.0827429,-0.0640493,0.18667,0.153395,0.928868,0.382853,-0.134081
0.232996,-0.243289,-0.0537428,0.609243,0.465092,0.25678,-0.00626559,0.40415,0.303912,0.142294,0.142675,0.667966,1.05468,0.547958,0.519329,0.102521,0.233571,0.383041,0.0801439,1.20904,0.355889,0.397044,0.839979,0.553951,0.596422,0.371114,0.550197,0.613783,0.360011,0.468348,0.4057,-0.312687,0.113756,0.645693,0.592657,0.685516,0.472833,0.0111754,0.155803,0.0984824,0.064486,0.263798,0.112589,1.03559,0.472709,-0.00954917,-0.0444616,0.453395,0.562519,0.0848751,0.0882329,0.509483,0.489519,1.02033,1.54509,0.610947,0.45725,0.163309,-0.0164619,0.588,0.569209,0.153964,0.082187,-0.0639505,0.1857,0.151497,0.931254,0.381845,-0.133016
0.233996,-0.248216,-0.0544484,0.608671,0.464749,0.256614,-0.00746061,0.405264,0.304364,0.14642,0.142545,0.667367,1.05711,0.552789,0.519411,0.103428,0.232508,0.387721,0.0803552,1.21159,0.353761,0.398419,0.843933,0.555041,0.59676,0.370029,0.551476,0.617475,0.359824,0.468609,0.406715,-0.317164,0.114124,0.64436,0.591074,0.690559,0.473888,0.0114988,0.156112,0.0981721,0.0642526,0.262319,0.113479,1.03681,0.474784,-0.00918089,-0.0441301,0.453566,0.560922,0.0851544,0.0883752,0.508674,0.488596,1.01928,1.54722,0.609111,0.457692,0.162184,-0.0169316,0.586871,0.569014,0.153034,0.0816279,-0.0638432,0.184709,0.149591,0.933619,0.380809,-0.131934
0.234996,-0.253115,-0.0551509,0.608077,0.464396,0.256434,-0.0086749,0.406369,0.304805,0.150623,0.142414,0.666732,1.0595,0.557623,0.519488,0.104338,0.231439,0.392377,0.080566,1.21409,0.35167,0.399881,0.847953,0.556117,0.59708,0.368953,0.55274,0.621143,0.359638,0.468866,0.407722,-0.321605,0.114493,0.64302,0.589473,0.695555,0.474947,0.0118244,0.156414,0.0978684,0.0640191,0.260831,0.114364,1.03799,0.476835,-0.00881201,-0.0437892,0.453729,0.559304,0.0854259,0.088512,0.507863,0.487677,1.0182,1.54931,0.607265,0.458118,0.161054,-0.0174007,0.585727,0.568808,0.152093,0.0810657,-0.0637275,0.183695,0.147675,0.935965,0.379744,-0.130835
0.235996,-0.257987,-0.0558501,0.607462,0.464033,0.256241,-0.00990805,0.407463,0.305233,0.154899,0.142282,0.666058,1.06184,0.562461,0.519557,0.105252,0.230364,0.397009,0.0807761,1.21656,0.349614,0.401442,0.852037,0.557178,0.597381,0.367887,0.553987,0.624787,0.359455,0.469119,0.408722,-0.326009,0.114862,0.641672,0.587853,0.700501,0.476008,0.0121523,0.156711,0.0975713,0.0637856,0.259334,0.115245,1.03913,0.478862,-0.00844265,-0.043439,0.453882,0.557664,0.0856895,0.0886435,0.50705,0.486762,1.0171,1.55135,0.60541,0.458527,0.159917,-0.0178692,0.584567,0.568591,0.151142,0.080501,-0.0636035,0.18266,0.14575,0.938291,0.378651,-0.129719
0.236996,-0.262831,-0.056546,0.606826,0.46366,0.256035,-0.0111596,0.408547,0.305649,0.159247,0.142149,0.665346,1.06413,0.567302,0.51962,0.106169,0.229284,0.401617,0.0809856,1.21898,0.347592,0.403116,0.856185,0.558223,0.597664,0.36683,0.555219,0.628405,0.359273,0.469367,0.409714,-0.330376,0.115233,0.640317,0.586216,0.705399,0.477073,0.0124824,0.157003,0.0972809,0.0635521,0.257828,0.116122,1.04023,0.480866,-0.00807294,-0.0430792,0.454027,0.556002,0.0859451,0.0887702,0.506234,0.485852,1.01597,1.55336,0.603545,0.45892,0.158775,-0.0183368,0.583392,0.568362,0.150181,0.0799341,-0.0634711,0.181603,0.143815,0.940597,0.377531,-0.128587
0.237996,-0.267647,-0.0572385,0.60617,0.463277,0.255815,-0.0124291,0.409621,0.306053,0.163663,0.142014,0.664597,1.06639,0.572145,0.519677,0.10709,0.228198,0.4062,0.0811945,1.22136,0.345605,0.404906,0.860394,0.559252,0.597929,0.365784,0.556434,0.631999,0.359093,0.469609,0.410699,-0.334704,0.115604,0.638955,0.584562,0.710248,0.478139,0.0128147,0.15729,0.0969975,0.0633186,0.256313,0.116995,1.0413,0.482846,-0.00770301,-0.0427099,0.454162,0.55432,0.0861927,0.0888922,0.505415,0.484946,1.01482,1.55532,0.601672,0.459297,0.157628,-0.0188036,0.582203,0.568122,0.14921,0.0793653,-0.0633304,0.180525,0.14187,0.942882,0.376384,-0.127437
0.238996,-0.272434,-0.0579273,0.605492,0.462885,0.255582,-0.0137162,0.410684,0.306444,0.168146,0.141879,0.663809,1.06859,0.576989,0.519727,0.108015,0.227107,0.410758,0.0814027,1.22369,0.343652,0.406804,0.864662,0.560266,0.598174,0.364748,0.557633,0.635567,0.358914,0.469846,0.411675,-0.338993,0.115976,0.637587,0.582891,0.715048,0.479208,0.0131494,0.157573,0.0967211,0.0630851,0.254789,0.117863,1.04233,0.484802,-0.00733296,-0.042331,0.454289,0.552616,0.0864321,0.0890101,0.504596,0.484043,1.01365,1.55724,0.599789,0.459658,0.156475,-0.0192695,0.580998,0.56787,0.14823,0.0787953,-0.0631815,0.179425,0.139916,0.945147,0.375211,-0.126269
0.239996,-0.277194,-0.0586124,0.604793,0.462483,0.255337,-0.0150203,0.411735,0.306823,0.172696,0.141743,0.662984,1.07076,0.581835,0.519769,0.108943,0.226009,0.415291,0.0816102,1.22598,0.341733,0.408795,0.868989,0.561263,0.598402,0.363723,0.558816,0.639108,0.358738,0.470078,0.412643,-0.343243,0.116349,0.636211,0.581202,0.719799,0.480279,0.0134863,0.157851,0.0964517,0.0628517,0.253257,0.118727,1.04332,0.486734,-0.00696289,-0.0419422,0.454406,0.550892,0.0866634,0.089124,0.503774,0.483144,1.01245,1.55912,0.597898,0.460002,0.155317,-0.0197343,0.579779,0.567606,0.147239,0.0782243,-0.0630244,0.178304,0.137952,0.947391,0.374013,-0.125084
0.240996,-0.281925,-0.0592935,0.604074,0.462072,0.255078,-0.016341,0.412776,0.30719,0.17731,0.141605,0.66212,1.07287,0.586682,0.519805,0.109874,0.224906,0.419799,0.081817,1.22823,0.33985,0.410861,0.873371,0.562244,0.598611,0.362709,0.559982,0.642624,0.358562,0.470303,0.413604,-0.347451,0.116723,0.634829,0.579497,0.7245,0.481352,0.0138255,0.158122,0.0961896,0.0626184,0.251717,0.119587,1.04427,0.488642,-0.0065929,-0.0415436,0.454515,0.549146,0.0868863,0.0892343,0.502951,0.482247,1.01122,1.56096,0.595999,0.460331,0.154155,-0.0201981,0.578545,0.56733,0.146239,0.0776528,-0.0628592,0.177162,0.135977,0.949614,0.372789,-0.12388
0.241996,-0.286627,-0.0599706,0.603335,0.461651,0.254807,-0.0176779,0.413805,0.307545,0.181988,0.141467,0.661217,1.07494,0.591529,0.519833,0.110809,0.223798,0.424282,0.0820231,1.23044,0.338003,0.412983,0.877808,0.563209,0.598801,0.361707,0.561132,0.646113,0.358388,0.470522,0.414556,-0.351617,0.117097,0.63344,0.577776,0.729152,0.482425,0.014167,0.158386,0.0959349,0.0623852,0.250168,0.120441,1.04518,0.490525,-0.00622305,-0.0411349,0.454615,0.54738,0.087101,0.0893415,0.502128,0.481354,1.00997,1.56275,0.594091,0.460644,0.152987,-0.0206608,0.577297,0.567042,0.145229,0.0770814,-0.0626859,0.175999,0.133992,0.951816,0.371542,-0.122658
0.242996,-0.2913,-0.0606434,0.602575,0.461221,0.254523,-0.0190305,0.414822,0.307887,0.186728,0.141328,0.660277,1.07697,0.596376,0.519854,0.111747,0.222684,0.428739,0.0822284,1.2326,0.336192,0.415148,0.882296,0.564156,0.598972,0.360716,0.562264,0.649576,0.358216,0.470734,0.415499,-0.355741,0.117472,0.632045,0.576038,0.733755,0.4835,0.0145108,0.15864,0.0956876,0.0621521,0.248611,0.121291,1.04605,0.492384,-0.00585342,-0.0407159,0.454706,0.545594,0.0873072,0.0894457,0.501304,0.480464,1.0087,1.5645,0.592176,0.460942,0.151815,-0.0211224,0.576035,0.566742,0.14421,0.0765104,-0.0625047,0.174815,0.131997,0.953997,0.370271,-0.121417
0.243996,-0.295944,-0.0613119,0.601794,0.460782,0.254227,-0.0203984,0.415828,0.308216,0.191528,0.141187,0.659298,1.07895,0.601223,0.519867,0.112689,0.221564,0.43317,0.0824329,1.23472,0.334421,0.417344,0.886835,0.565087,0.599124,0.359737,0.56338,0.653011,0.358044,0.47094,0.416435,-0.359821,0.117848,0.630643,0.574284,0.738309,0.484575,0.0148569,0.158883,0.0954479,0.0619192,0.247045,0.122136,1.04689,0.494218,-0.00548405,-0.0402864,0.454788,0.543787,0.0875049,0.0895475,0.500481,0.479577,1.0074,1.56621,0.590252,0.461224,0.150639,-0.0215829,0.574759,0.566429,0.143182,0.0759403,-0.0623156,0.173611,0.12999,0.956157,0.368977,-0.120157
0.244996,-0.300559,-0.0619758,0.600994,0.460335,0.253917,-0.021781,0.416821,0.308533,0.196385,0.141045,0.65828,1.08089,0.606068,0.519873,0.113634,0.220439,0.437575,0.0826366,1.23679,0.33269,0.419565,0.891422,0.566,0.599258,0.358771,0.564479,0.656418,0.357874,0.471138,0.417361,-0.363857,0.118225,0.629235,0.572513,0.742815,0.48565,0.0152054,0.159112,0.0952159,0.0616865,0.245472,0.122977,1.04768,0.496028,-0.00511498,-0.0398462,0.454861,0.54196,0.0876941,0.0896469,0.499658,0.478692,1.00608,1.56787,0.588321,0.461491,0.149458,-0.0220422,0.573469,0.566104,0.142145,0.0753715,-0.0621185,0.172385,0.127972,0.958295,0.367661,-0.118878
0.245996,-0.305144,-0.0626349,0.600173,0.459878,0.253596,-0.0231781,0.417803,0.308837,0.201295,0.140902,0.657225,1.08278,0.610912,0.51987,0.114582,0.219309,0.441953,0.0828394,1.23882,0.331005,0.421806,0.896057,0.566896,0.599373,0.357817,0.565561,0.659798,0.357705,0.471328,0.41828,-0.367847,0.118603,0.627821,0.570726,0.747272,0.486725,0.0155561,0.159328,0.0949916,0.0614539,0.243891,0.123812,1.04844,0.497812,-0.00474624,-0.0393952,0.454925,0.540113,0.0878746,0.0897443,0.498836,0.477809,1.00473,1.56949,0.586383,0.461743,0.148273,-0.0225003,0.572167,0.565767,0.1411,0.0748045,-0.0619137,0.171138,0.125943,0.960411,0.366324,-0.11758
0.246996,-0.309699,-0.0632891,0.599332,0.459412,0.253261,-0.0245891,0.418772,0.309129,0.206254,0.140758,0.656132,1.08462,0.615754,0.51986,0.115533,0.218172,0.446303,0.0830414,1.2408,0.329377,0.424064,0.900736,0.567774,0.599468,0.356877,0.566626,0.66315,0.357537,0.47151,0.419189,-0.37179,0.118982,0.626401,0.568923,0.751682,0.4878,0.0159092,0.159528,0.0947752,0.0612216,0.242302,0.124643,1.04916,0.499572,-0.00437785,-0.0389334,0.45498,0.538247,0.0880465,0.0898397,0.498016,0.476929,1.00336,1.57107,0.584437,0.461979,0.147085,-0.0229572,0.570851,0.565417,0.140046,0.0742397,-0.0617012,0.16987,0.123901,0.962506,0.364966,-0.116262
0.247996,-0.314225,-0.0639381,0.598472,0.458938,0.252915,-0.0260136,0.419729,0.309408,0.211257,0.140613,0.655,1.08642,0.620594,0.519841,0.116488,0.217031,0.450626,0.0832425,1.24274,0.327826,0.42634,0.90546,0.568634,0.599544,0.35595,0.567673,0.666473,0.357369,0.471684,0.42009,-0.375686,0.119362,0.624976,0.567104,0.756045,0.488875,0.0162647,0.159715,0.0945669,0.0609895,0.240706,0.125468,1.04984,0.501307,-0.00400981,-0.0384606,0.455026,0.536361,0.0882096,0.0899333,0.497199,0.476052,1.00196,1.5726,0.582484,0.4622,0.145893,-0.0234131,0.569522,0.565054,0.138985,0.0736776,-0.0614809,0.168581,0.121847,0.964578,0.363589,-0.114923
0.248996,-0.31872,-0.0645819,0.597592,0.458455,0.252556,-0.0274511,0.420673,0.309674,0.216298,0.140467,0.653831,1.08817,0.62543,0.519814,0.117445,0.215883,0.454921,0.0834426,1.24464,0.326354,0.428634,0.910226,0.569476,0.599601,0.355036,0.568703,0.669767,0.357203,0.471848,0.420981,-0.379534,0.119742,0.623545,0.565269,0.760361,0.489949,0.0166224,0.159888,0.0943666,0.0607576,0.239102,0.126288,1.05047,0.503017,-0.00364213,-0.0379768,0.455064,0.534455,0.088364,0.0900249,0.496386,0.475176,1.00054,1.57409,0.580524,0.462407,0.144697,-0.0238678,0.568181,0.564679,0.137915,0.0731186,-0.0612531,0.167271,0.11978,0.966629,0.362192,-0.113565
0.249996,-0.323185,-0.06522,0.596692,0.457964,0.252185,-0.0289012,0.421604,0.309928,0.22137,0.140319,0.652624,1.08988,0.630263,0.519779,0.118406,0.21473,0.459187,0.0836418,1.24649,0.324945,0.430951,0.915035,0.5703,0.599639,0.354137,0.569716,0.673033,0.357037,0.472004,0.421864,-0.383332,0.120124,0.622108,0.563417,0.76463,0.491021,0.0169825,0.160049,0.0941745,0.0605261,0.237491,0.127103,1.05107,0.504701,-0.0032748,-0.0374822,0.455092,0.53253,0.0885095,0.0901145,0.495578,0.474303,0.999097,1.57553,0.578557,0.462598,0.143498,-0.0243215,0.566827,0.56429,0.136839,0.0725631,-0.0610177,0.165939,0.117699,0.968657,0.360777,-0.112185
0.250996,-0.327618,-0.0658525,0.595773,0.457464,0.251801,-0.0303636,0.422523,0.310169,0.226468,0.140171,0.651379,1.09154,0.635091,0.519735,0.119369,0.213571,0.463423,0.0838401,1.24829,0.323588,0.43329,0.919884,0.571105,0.599656,0.353251,0.570711,0.676269,0.356872,0.47215,0.422738,-0.387081,0.120507,0.620666,0.56155,0.768853,0.492092,0.0173449,0.160201,0.0939907,0.0602948,0.235873,0.127913,1.05163,0.50636,-0.00290781,-0.0369769,0.455112,0.530586,0.0886461,0.0902019,0.494776,0.473432,0.997629,1.57694,0.576584,0.462774,0.142296,-0.0247743,0.565461,0.563889,0.135756,0.0720116,-0.0607749,0.164587,0.115604,0.970663,0.359344,-0.110785
0.251996,-0.332021,-0.0664789,0.594835,0.456956,0.251405,-0.0318378,0.423428,0.310396,0.231583,0.140021,0.650097,1.09316,0.639913,0.519683,0.120336,0.212406,0.46763,0.0840374,1.25005,0.322278,0.435654,0.924773,0.571892,0.599654,0.352381,0.571688,0.679476,0.356707,0.472286,0.423602,-0.390779,0.120892,0.619218,0.559667,0.77303,0.493161,0.0177097,0.160345,0.0938152,0.0600639,0.234247,0.128718,1.05215,0.507994,-0.00254113,-0.0364609,0.455123,0.528623,0.0887737,0.0902869,0.493983,0.472563,0.996136,1.57829,0.574605,0.462936,0.141091,-0.0252261,0.564084,0.563474,0.134667,0.0714645,-0.0605246,0.163213,0.113493,0.972646,0.357894,-0.109363
0.252996,-0.336392,-0.0670991,0.593878,0.456439,0.250997,-0.0333233,0.42432,0.310611,0.236709,0.13987,0.648778,1.09473,0.64473,0.519621,0.121305,0.211235,0.471805,0.0842336,1.25176,0.321014,0.438042,0.9297,0.57266,0.599632,0.351525,0.572648,0.682653,0.356543,0.472412,0.424457,-0.394426,0.121277,0.617766,0.557769,0.777161,0.494228,0.0180768,0.160485,0.0936483,0.0598333,0.232615,0.129517,1.05263,0.509602,-0.00217473,-0.0359345,0.455125,0.526641,0.0888923,0.0903692,0.493201,0.471697,0.994619,1.5796,0.57262,0.463083,0.139883,-0.0256772,0.562695,0.563047,0.133572,0.0709221,-0.060267,0.161819,0.111367,0.974607,0.356429,-0.10792
0.253996,-0.340731,-0.0677128,0.592901,0.455915,0.250577,-0.0348199,0.425198,0.310813,0.241836,0.139718,0.647421,1.09625,0.649539,0.519551,0.122277,0.210058,0.47595,0.0844288,1.25342,0.319797,0.440453,0.934665,0.57341,0.599591,0.350685,0.57359,0.6858,0.356379,0.472527,0.425302,-0.398022,0.121664,0.616308,0.555857,0.781248,0.495293,0.0184462,0.160622,0.0934898,0.059603,0.230977,0.130311,1.05307,0.511185,-0.00180859,-0.0353978,0.455118,0.52464,0.0890019,0.0904488,0.492429,0.470832,0.993078,1.58087,0.570629,0.463216,0.138673,-0.0261276,0.561296,0.562606,0.132472,0.070385,-0.0600022,0.160403,0.109224,0.976545,0.354947,-0.106455
0.254996,-0.345038,-0.0683198,0.591905,0.455382,0.250145,-0.0363271,0.426063,0.311002,0.246957,0.139565,0.646028,1.09773,0.654341,0.519472,0.123252,0.208876,0.480063,0.084623,1.25504,0.318629,0.442886,0.939664,0.57414,0.599528,0.34986,0.574514,0.688916,0.356215,0.47263,0.426138,-0.401566,0.122051,0.614846,0.55393,0.785289,0.496355,0.018818,0.160759,0.09334,0.0593732,0.229332,0.131099,1.05346,0.512742,-0.00144266,-0.0348511,0.455102,0.522621,0.0891023,0.0905254,0.491668,0.469969,0.991513,1.58209,0.568632,0.463333,0.13746,-0.0265775,0.559885,0.562151,0.131367,0.0698536,-0.0597301,0.158967,0.107062,0.978459,0.353451,-0.104968
0.255996,-0.349313,-0.0689198,0.590891,0.454842,0.2497,-0.0378445,0.426914,0.311178,0.25206,0.13941,0.644598,1.09916,0.659133,0.519384,0.12423,0.207688,0.484144,0.084816,1.25662,0.31751,0.44534,0.944697,0.574851,0.599446,0.349051,0.57542,0.692002,0.356052,0.472722,0.426964,-0.405059,0.12244,0.613379,0.55199,0.789285,0.497414,0.0191921,0.160897,0.0931989,0.0591437,0.22768,0.131882,1.05382,0.514273,-0.00107689,-0.0342948,0.455078,0.520584,0.0891936,0.0905989,0.490917,0.469108,0.989923,1.58327,0.56663,0.463437,0.136246,-0.0270269,0.558465,0.561683,0.130257,0.0693281,-0.059451,0.15751,0.104882,0.980351,0.351941,-0.103459
0.256996,-0.353555,-0.0695125,0.589858,0.454293,0.249243,-0.0393718,0.427752,0.311341,0.257134,0.139254,0.643132,1.10054,0.663916,0.519286,0.12521,0.206495,0.488191,0.085008,1.25814,0.316444,0.447815,0.949761,0.575543,0.599343,0.348258,0.576308,0.695057,0.355889,0.472802,0.427781,-0.4085,0.12283,0.611908,0.550036,0.793237,0.498469,0.0195685,0.161038,0.0930665,0.0589147,0.226023,0.132659,1.05414,0.515778,-0.000711214,-0.033729,0.455044,0.518529,0.0892757,0.0906692,0.490175,0.468249,0.98831,1.5844,0.564622,0.463526,0.13503,-0.0274761,0.557034,0.561202,0.129143,0.0688091,-0.0591648,0.156034,0.102682,0.982219,0.350417,-0.101927
0.257996,-0.357763,-0.0700976,0.588807,0.453737,0.248774,-0.0409085,0.428575,0.31149,0.262166,0.139097,0.64163,1.10188,0.668688,0.519179,0.126193,0.205296,0.492205,0.0851987,1.25962,0.315435,0.450309,0.954851,0.576216,0.599219,0.347482,0.577178,0.698081,0.355725,0.47287,0.428587,-0.411888,0.123221,0.610432,0.548071,0.797144,0.499521,0.0199473,0.161183,0.092943,0.0586862,0.224359,0.13343,1.05441,0.517257,-0.000345562,-0.0331543,0.455001,0.516456,0.0893485,0.0907364,0.48944,0.467392,0.986673,1.58548,0.56261,0.4636,0.133812,-0.0279252,0.555594,0.560707,0.128025,0.0682969,-0.0588716,0.154537,0.10046,0.984064,0.348881,-0.100372
0.258996,-0.361938,-0.0706748,0.587737,0.453173,0.248293,-0.0424544,0.429384,0.311627,0.267142,0.138938,0.640092,1.10317,0.673447,0.519062,0.127178,0.204093,0.496184,0.0853883,1.26105,0.31449,0.452822,0.959966,0.576869,0.599075,0.346722,0.57803,0.701073,0.355561,0.472925,0.429384,-0.415225,0.123612,0.608951,0.546093,0.801007,0.50057,0.0203283,0.161331,0.0928284,0.0584581,0.22269,0.134196,1.05465,0.51871,2.01468e-05,-0.0325709,0.45495,0.514366,0.0894121,0.0908005,0.48871,0.466537,0.985011,1.58652,0.560593,0.46366,0.132594,-0.0283744,0.554144,0.560198,0.126905,0.0677918,-0.0585715,0.153022,0.098214,0.985886,0.347332,-0.0987943
0.259996,-0.366078,-0.0712438,0.586649,0.452601,0.247799,-0.0440091,0.430179,0.31175,0.272046,0.138779,0.638519,1.10442,0.678194,0.518936,0.128165,0.202886,0.500129,0.0855767,1.26243,0.313617,0.455357,0.965101,0.577503,0.59891,0.34598,0.578863,0.704034,0.355398,0.472966,0.43017,-0.418511,0.124005,0.607467,0.544105,0.804826,0.501614,0.0207117,0.161483,0.0927228,0.0582305,0.221015,0.134956,1.05484,0.520137,0.000386002,-0.0319793,0.45489,0.512258,0.0894664,0.0908614,0.487984,0.465684,0.983326,1.58752,0.55857,0.463706,0.131374,-0.0288238,0.552686,0.559675,0.125781,0.0672943,-0.0582646,0.151487,0.0959431,0.987683,0.345772,-0.097193
0.260996,-0.370184,-0.0718043,0.585543,0.452021,0.247293,-0.0455723,0.43096,0.31186,0.276863,0.138618,0.63691,1.10562,0.682927,0.5188,0.129155,0.201675,0.504038,0.0857639,1.26377,0.312818,0.457911,0.970253,0.578117,0.598723,0.345256,0.579678,0.706963,0.355233,0.472994,0.430946,-0.421745,0.124398,0.605979,0.542105,0.808601,0.502654,0.0210974,0.161639,0.0926262,0.0580034,0.219335,0.13571,1.05499,0.521537,0.0007521,-0.0313801,0.454821,0.510133,0.0895113,0.0909195,0.487261,0.464833,0.981617,1.58846,0.556544,0.463738,0.130154,-0.0292736,0.551219,0.559139,0.124655,0.0668047,-0.057951,0.149934,0.0936448,0.989457,0.344202,-0.095568
0.261996,-0.374255,-0.0723559,0.584419,0.451434,0.246775,-0.0471435,0.431726,0.311957,0.281582,0.138455,0.635267,1.10677,0.687644,0.518654,0.130147,0.200459,0.50791,0.0859497,1.26506,0.312083,0.460488,0.975416,0.578711,0.598515,0.344549,0.580475,0.70986,0.355069,0.473008,0.431712,-0.424929,0.124792,0.604486,0.540095,0.812331,0.503689,0.0214854,0.161797,0.0925386,0.0577769,0.217649,0.136459,1.05511,0.522912,0.00111855,-0.0307736,0.454743,0.507991,0.0895469,0.0909747,0.48654,0.463984,0.979884,1.58936,0.554513,0.463755,0.128933,-0.0297241,0.549744,0.558589,0.123528,0.0663233,-0.0576306,0.148363,0.0913168,0.991207,0.342621,-0.0939193
0.262996,-0.37829,-0.0728982,0.583277,0.450839,0.246245,-0.0487226,0.432477,0.31204,0.286194,0.138292,0.633588,1.10787,0.692346,0.518499,0.131141,0.19924,0.511746,0.0861343,1.2663,0.311405,0.463087,0.980588,0.579286,0.598286,0.34386,0.581253,0.712725,0.354903,0.473008,0.432467,-0.428061,0.125186,0.60299,0.538073,0.816017,0.504719,0.0218756,0.161956,0.0924602,0.0575509,0.215958,0.137201,1.05518,0.52426,0.00148545,-0.0301602,0.454656,0.505832,0.0895731,0.0910272,0.485822,0.463136,0.978127,1.59022,0.552478,0.463758,0.127713,-0.0301753,0.54826,0.558025,0.122398,0.0658503,-0.0573037,0.146776,0.0889561,0.992933,0.341031,-0.0922465
0.263996,-0.382289,-0.0734309,0.582117,0.450237,0.245702,-0.0503091,0.433214,0.31211,0.290695,0.138127,0.631876,1.10893,0.697031,0.518333,0.132137,0.198017,0.515544,0.0863174,1.26749,0.310779,0.465712,0.985764,0.579841,0.598035,0.34319,0.582013,0.715557,0.354737,0.472992,0.433212,-0.431143,0.12558,0.601491,0.53604,0.81966,0.505743,0.0222681,0.162115,0.092391,0.0573254,0.214263,0.137938,1.05521,0.525581,0.00185293,-0.0295405,0.45456,0.503656,0.0895898,0.0910771,0.485106,0.462291,0.976346,1.59103,0.55044,0.463747,0.126493,-0.0306275,0.546769,0.557446,0.121267,0.0653862,-0.0569703,0.145171,0.0865595,0.994634,0.339432,-0.0905496
0.264996,-0.386252,-0.0739535,0.58094,0.449627,0.245147,-0.0519027,0.433936,0.312167,0.295088,0.13796,0.630129,1.10995,0.701698,0.518157,0.133134,0.19679,0.519303,0.0864991,1.26863,0.310203,0.468364,0.990941,0.580376,0.597763,0.342539,0.582753,0.718356,0.354571,0.472962,0.433946,-0.434174,0.125975,0.599988,0.533996,0.823258,0.506762,0.0226629,0.162269,0.0923309,0.0571006,0.212562,0.138668,1.0552,0.526876,0.00222109,-0.0289148,0.454455,0.501464,0.0895971,0.0911245,0.484391,0.461448,0.974541,1.59179,0.548397,0.463721,0.125274,-0.0310808,0.54527,0.556854,0.120136,0.064931,-0.0566304,0.143551,0.0841233,0.996312,0.337824,-0.0888284
0.265996,-0.390177,-0.0744657,0.579745,0.449011,0.244579,-0.0535032,0.434643,0.31221,0.299377,0.137792,0.628348,1.11091,0.706347,0.517971,0.134134,0.195559,0.523023,0.0866793,1.26972,0.309675,0.471047,0.996114,0.580891,0.597468,0.341907,0.583476,0.721123,0.354403,0.472916,0.43467,-0.437156,0.126369,0.598481,0.531941,0.826813,0.507776,0.0230599,0.162418,0.0922801,0.0568764,0.210858,0.139392,1.05514,0.528144,0.00259005,-0.0282836,0.454341,0.499256,0.0895949,0.0911693,0.483679,0.460607,0.972712,1.5925,0.546351,0.463682,0.124056,-0.0315354,0.543765,0.556247,0.119004,0.0644851,-0.0562842,0.141915,0.0816428,0.997964,0.336209,-0.0870828
0.266996,-0.394065,-0.0749669,0.578534,0.448386,0.243999,-0.0551102,0.435335,0.31224,0.303566,0.137623,0.626534,1.11183,0.710976,0.517774,0.135135,0.194322,0.526704,0.0868579,1.27077,0.309197,0.473763,1.00128,0.581386,0.597152,0.341295,0.584179,0.723856,0.354235,0.472854,0.435382,-0.440087,0.126764,0.596972,0.529873,0.830323,0.508783,0.0234592,0.162556,0.0922386,0.0566528,0.209149,0.140111,1.05505,0.529386,0.0029599,-0.0276472,0.454219,0.497032,0.0895832,0.0912116,0.482969,0.459768,0.97086,1.59316,0.544302,0.463628,0.122839,-0.0319914,0.542252,0.555626,0.117872,0.0640487,-0.0559318,0.140265,0.079113,0.999592,0.334587,-0.0853127
0.267996,-0.397915,-0.0754568,0.577305,0.447755,0.243406,-0.0567233,0.436012,0.312256,0.307659,0.137453,0.624686,1.1127,0.715585,0.517568,0.136137,0.193081,0.530344,0.0870348,1.27176,0.308769,0.476513,1.00644,0.581861,0.596813,0.340703,0.584863,0.726557,0.354065,0.472776,0.436083,-0.442968,0.127158,0.595459,0.527794,0.83379,0.509784,0.0238606,0.162681,0.0922064,0.0564298,0.207435,0.140823,1.05492,0.530601,0.00333077,-0.027006,0.454087,0.494793,0.089562,0.0912513,0.482262,0.45893,0.968983,1.59378,0.54225,0.463561,0.121625,-0.0324489,0.540733,0.554991,0.11674,0.0636219,-0.0555732,0.138601,0.0765277,1.0012,0.332958,-0.0835179
0.268996,-0.401727,-0.0759349,0.576059,0.447116,0.242801,-0.0583424,0.436674,0.312259,0.311657,0.137281,0.622806,1.11353,0.720172,0.51735,0.137141,0.191834,0.533943,0.0872101,1.27271,0.308393,0.4793,1.01159,0.582316,0.596452,0.340132,0.585529,0.729223,0.353894,0.472681,0.436774,-0.445799,0.127551,0.593943,0.525702,0.837212,0.510778,0.0242643,0.16279,0.0921835,0.0562075,0.205718,0.141529,1.05474,0.531789,0.00370273,-0.0263603,0.453947,0.492537,0.0895314,0.0912883,0.481557,0.458095,0.967083,1.59435,0.540194,0.463479,0.120413,-0.0329082,0.539207,0.554342,0.115608,0.0632049,-0.0552085,0.136924,0.0738798,1.00277,0.331322,-0.0816986
0.269996,-0.405499,-0.0764006,0.574796,0.44647,0.242183,-0.059967,0.437321,0.312248,0.315559,0.137107,0.620893,1.1143,0.724738,0.517122,0.138146,0.190582,0.537501,0.0873835,1.27361,0.308068,0.482122,1.01672,0.582751,0.596069,0.339581,0.586175,0.731857,0.353722,0.472569,0.437453,-0.44858,0.127944,0.592425,0.523599,0.84059,0.511765,0.0246701,0.162885,0.0921699,0.0559859,0.203998,0.142229,1.05453,0.53295,0.00407586,-0.0257106,0.453798,0.490267,0.0894912,0.0913225,0.480854,0.457262,0.965159,1.59486,0.538136,0.463383,0.119205,-0.0333692,0.537674,0.553678,0.114478,0.0627978,-0.0548378,0.135235,0.0711616,1.00433,0.329682,-0.0798546
0.270996,-0.409231,-0.0768535,0.573517,0.445817,0.241553,-0.0615969,0.437952,0.312223,0.319363,0.136933,0.618948,1.11503,0.729281,0.516884,0.139153,0.189323,0.541017,0.087555,1.27445,0.307799,0.484979,1.02184,0.583166,0.595664,0.339051,0.586802,0.734456,0.353548,0.47244,0.43812,-0.45131,0.128337,0.590903,0.521484,0.843924,0.512745,0.0250781,0.162966,0.0921657,0.055765,0.202274,0.142923,1.05427,0.534084,0.00445022,-0.0250572,0.453639,0.487982,0.0894415,0.0913538,0.480155,0.456431,0.963212,1.59534,0.536075,0.463273,0.118,-0.0338323,0.536136,0.553,0.113349,0.0624007,-0.0544612,0.133534,0.0683645,1.00586,0.328036,-0.0779861
0.271996,-0.412923,-0.077293,0.572221,0.445157,0.24091,-0.0632317,0.438568,0.312185,0.323064,0.136756,0.61697,1.11572,0.733801,0.516634,0.14016,0.188057,0.54449,0.0877246,1.27525,0.307585,0.487866,1.02693,0.583561,0.595235,0.338543,0.58741,0.737021,0.353373,0.472293,0.438776,-0.453989,0.128728,0.589379,0.519357,0.847214,0.513717,0.0254883,0.163038,0.0921708,0.0555448,0.200546,0.14361,1.05397,0.535191,0.00482586,-0.0244005,0.453472,0.485682,0.0893822,0.0913821,0.479459,0.455602,0.96124,1.59576,0.534011,0.463149,0.1168,-0.0342973,0.534592,0.552307,0.112221,0.0620138,-0.0540787,0.131823,0.0654794,1.00736,0.326385,-0.076093
0.272996,-0.416575,-0.0777185,0.570909,0.444489,0.240254,-0.0648712,0.439168,0.312134,0.326657,0.136578,0.614961,1.11635,0.738297,0.516374,0.141169,0.186785,0.547921,0.087892,1.276,0.30743,0.490783,1.03201,0.583936,0.594784,0.338057,0.587999,0.739552,0.353196,0.472128,0.439421,-0.456617,0.129119,0.587853,0.517218,0.850459,0.514682,0.0259005,0.163102,0.0921853,0.0553254,0.198816,0.144291,1.05363,0.536271,0.00520278,-0.0237408,0.453296,0.483367,0.0893135,0.0914074,0.478766,0.454775,0.959245,1.59613,0.531946,0.46301,0.115604,-0.0347645,0.533042,0.551599,0.111095,0.061637,-0.0536906,0.130101,0.0624976,1.00884,0.32473,-0.0741756
0.273995,-0.420185,-0.0781295,0.569581,0.443815,0.239586,-0.066515,0.439753,0.312069,0.330138,0.136399,0.61292,1.11694,0.742769,0.516102,0.142178,0.185506,0.551309,0.0880572,1.27669,0.307334,0.493726,1.03706,0.584291,0.59431,0.337594,0.588569,0.742049,0.353018,0.471945,0.440054,-0.459193,0.129508,0.586324,0.515069,0.853661,0.515639,0.0263149,0.163163,0.0922092,0.0551067,0.197083,0.144966,1.05325,0.537325,0.005581,-0.0230785,0.453111,0.481038,0.0892352,0.0914296,0.478077,0.45395,0.957226,1.59645,0.529878,0.462858,0.114413,-0.035234,0.531487,0.550878,0.109972,0.0612705,-0.0532969,0.128371,0.0594111,1.01029,0.323071,-0.072234
0.274995,-0.423752,-0.0785253,0.568237,0.443134,0.238905,-0.0681628,0.440322,0.31199,0.333504,0.136218,0.610849,1.11749,0.747215,0.51582,0.143189,0.184221,0.554653,0.0882201,1.27734,0.3073,0.496693,1.04209,0.584626,0.593813,0.337153,0.589119,0.744512,0.352837,0.471742,0.440675,-0.461717,0.129897,0.584792,0.512909,0.856817,0.516587,0.0267313,0.16322,0.0922425,0.0548888,0.195347,0.145634,1.05283,0.538351,0.00596048,-0.0224139,0.452917,0.478695,0.0891475,0.0914486,0.477391,0.453126,0.955183,1.59672,0.527808,0.462692,0.113229,-0.0357058,0.529926,0.550141,0.108851,0.0609141,-0.0528976,0.126631,0.056214,1.01172,0.321409,-0.0702683
0.275995,-0.427278,-0.0789053,0.566877,0.442445,0.238211,-0.0698143,0.440876,0.311897,0.336754,0.136036,0.608746,1.11798,0.751636,0.515527,0.1442,0.182928,0.557953,0.0883806,1.27793,0.307329,0.49968,1.04709,0.584941,0.593294,0.336736,0.58965,0.74694,0.352655,0.471521,0.441284,-0.464188,0.130284,0.583259,0.510738,0.85993,0.517527,0.0271498,0.163275,0.0922851,0.0546716,0.193608,0.146296,1.05237,0.539349,0.00634118,-0.0217474,0.452714,0.476338,0.0890502,0.0914643,0.47671,0.452304,0.953116,1.59695,0.525736,0.462511,0.112052,-0.03618,0.52836,0.54939,0.107733,0.0605679,-0.0524929,0.124883,0.0529029,1.01312,0.319744,-0.0682788
0.276995,-0.43076,-0.0792688,0.565501,0.44175,0.237504,-0.0714691,0.441414,0.311791,0.339887,0.135852,0.606612,1.11843,0.756032,0.515222,0.145211,0.181628,0.561209,0.0885386,1.27847,0.30742,0.502685,1.05207,0.585236,0.592751,0.336343,0.590161,0.749333,0.352471,0.47128,0.441882,-0.466605,0.13067,0.581723,0.508557,0.862998,0.518458,0.0275702,0.163327,0.0923371,0.0544553,0.191868,0.146952,1.05187,0.540321,0.00672305,-0.0210792,0.452503,0.473968,0.0889435,0.0914765,0.476033,0.451483,0.951026,1.59712,0.523663,0.462316,0.110882,-0.0366568,0.526789,0.548624,0.106618,0.0602319,-0.0520829,0.123128,0.0494761,1.01449,0.318077,-0.0662658
0.277995,-0.434198,-0.0796152,0.56411,0.441048,0.236784,-0.073127,0.441936,0.311671,0.342901,0.135667,0.604448,1.11883,0.760401,0.514906,0.146223,0.18032,0.564419,0.0886938,1.27896,0.307575,0.505705,1.05701,0.585511,0.592185,0.335973,0.590653,0.751691,0.352285,0.471018,0.442467,-0.468968,0.131055,0.580185,0.506366,0.866021,0.51938,0.0279927,0.163375,0.0923984,0.0542397,0.190126,0.147601,1.05133,0.541265,0.00710601,-0.0204096,0.452282,0.471585,0.0888273,0.0914848,0.475361,0.450664,0.948912,1.59724,0.521588,0.462107,0.109721,-0.0371361,0.525213,0.547843,0.105506,0.0599059,-0.0516677,0.121366,0.0459329,1.01584,0.316407,-0.0642296
0.278995,-0.437593,-0.0799437,0.562703,0.440339,0.236052,-0.0747876,0.442442,0.311538,0.34579,0.13548,0.602254,1.11918,0.764745,0.514579,0.147236,0.179006,0.567583,0.0888463,1.2794,0.307791,0.508739,1.06193,0.585767,0.591595,0.335628,0.591126,0.754015,0.352096,0.470737,0.44304,-0.471275,0.131438,0.578645,0.504166,0.869,0.520293,0.0284172,0.163416,0.092469,0.054025,0.188381,0.148244,1.05075,0.542182,0.00748998,-0.019739,0.452053,0.469188,0.0887016,0.0914889,0.474694,0.449845,0.946774,1.59731,0.519512,0.461884,0.108568,-0.0376182,0.523632,0.547048,0.104399,0.05959,-0.0512473,0.119598,0.0422695,1.01716,0.314735,-0.0621706
0.279995,-0.440942,-0.0802537,0.561281,0.439623,0.235307,-0.0764506,0.442932,0.31139,0.348548,0.135291,0.60003,1.11949,0.769063,0.51424,0.148249,0.177684,0.5707,0.0889958,1.27979,0.30807,0.511785,1.06681,0.586002,0.590983,0.335309,0.591578,0.756303,0.351905,0.470435,0.4436,-0.473527,0.13182,0.577103,0.501957,0.871934,0.521197,0.0288435,0.163447,0.0925489,0.0538112,0.186636,0.14888,1.05013,0.543072,0.00787487,-0.0190675,0.451815,0.466779,0.0885666,0.0914883,0.474032,0.449027,0.944613,1.59733,0.517435,0.461647,0.107426,-0.038103,0.522046,0.546238,0.103296,0.0592839,-0.0508219,0.117824,0.0384764,1.01846,0.313062,-0.0600891
0.280995,-0.444246,-0.0805443,0.559844,0.4389,0.234549,-0.0781156,0.443407,0.311229,0.351164,0.135101,0.597777,1.11975,0.773358,0.51389,0.149262,0.176355,0.573769,0.0891423,1.28012,0.308409,0.514839,1.07166,0.586218,0.590347,0.335014,0.592011,0.758556,0.351712,0.470112,0.444149,-0.475722,0.132201,0.575559,0.49974,0.874824,0.52209,0.0292718,0.163468,0.092638,0.0535981,0.184889,0.14951,1.04947,0.543935,0.00826058,-0.0183954,0.451568,0.464358,0.0884221,0.091483,0.473377,0.44821,0.942428,1.59729,0.515358,0.461395,0.106295,-0.0385907,0.520455,0.545413,0.102197,0.0589876,-0.0503916,0.116046,0.0345368,1.01973,0.311388,-0.0579857
0.281995,-0.447504,-0.0808148,0.558392,0.438171,0.233778,-0.0797823,0.443866,0.311054,0.353632,0.134909,0.595494,1.11996,0.77763,0.513528,0.150275,0.175018,0.576788,0.0892857,1.2804,0.308809,0.517901,1.07648,0.586415,0.589688,0.334746,0.592424,0.760775,0.351516,0.469767,0.444684,-0.47786,0.13258,0.574013,0.497515,0.877669,0.522974,0.0297019,0.163479,0.0927365,0.053386,0.183141,0.150133,1.04877,0.54477,0.00864704,-0.017723,0.451312,0.461924,0.0882682,0.0914727,0.472728,0.447394,0.940219,1.59721,0.513279,0.461129,0.105175,-0.0390814,0.518859,0.544574,0.101104,0.0587008,-0.0499565,0.114262,0.0304331,1.02097,0.309713,-0.0558608
0.282995,-0.450715,-0.0810645,0.556925,0.437434,0.232994,-0.0814504,0.444308,0.310866,0.355947,0.134715,0.593182,1.12013,0.781882,0.513155,0.151289,0.173674,0.579756,0.0894257,1.28063,0.309267,0.520968,1.08126,0.586592,0.589005,0.334504,0.592817,0.762957,0.351317,0.469401,0.445207,-0.479942,0.132958,0.572465,0.495282,0.880469,0.523848,0.0301338,0.163481,0.0928441,0.0531747,0.181392,0.150749,1.04803,0.545578,0.00903417,-0.0170503,0.451047,0.459478,0.088105,0.0914574,0.472086,0.446577,0.937987,1.59707,0.5112,0.460849,0.104068,-0.0395751,0.517258,0.54372,0.100015,0.0584234,-0.0495166,0.112475,0.0261608,1.02219,0.308038,-0.053715
0.283995,-0.45388,-0.0812924,0.555444,0.436691,0.232197,-0.0831195,0.444735,0.310663,0.358114,0.13452,0.590841,1.12025,0.786116,0.51277,0.152302,0.172322,0.582672,0.0895623,1.2808,0.309782,0.524039,1.08601,0.586749,0.588298,0.334288,0.59319,0.765105,0.351116,0.469012,0.445718,-0.481967,0.133335,0.570916,0.493043,0.883224,0.524711,0.0305676,0.163477,0.0929608,0.0529643,0.179643,0.151359,1.04725,0.546358,0.0094219,-0.0163777,0.450774,0.457021,0.0879324,0.0914373,0.471452,0.445761,0.935731,1.59688,0.50912,0.460555,0.102974,-0.040072,0.515652,0.542851,0.0989327,0.0581552,-0.0490721,0.110685,0.0217352,1.02338,0.306362,-0.0515488
0.284995,-0.456996,-0.0814978,0.553948,0.435941,0.231388,-0.0847893,0.445145,0.310447,0.360141,0.134323,0.588472,1.12032,0.790333,0.512373,0.153316,0.170964,0.585533,0.0896953,1.28092,0.310353,0.527113,1.09072,0.586887,0.587568,0.3341,0.593544,0.767217,0.350913,0.468601,0.446215,-0.483936,0.13371,0.569365,0.490797,0.885934,0.525563,0.031003,0.163473,0.0930867,0.0527549,0.177893,0.151963,1.04643,0.547111,0.00981018,-0.0157051,0.450492,0.454553,0.0877506,0.0914124,0.470825,0.444946,0.933451,1.59664,0.507041,0.460247,0.101896,-0.0405721,0.514042,0.541967,0.097856,0.0578959,-0.0486231,0.108891,0.0171825,1.02454,0.304687,-0.0493629
0.285995,-0.460065,-0.0816799,0.552438,0.435184,0.230566,-0.0864594,0.44554,0.310218,0.362037,0.134125,0.586074,1.12034,0.794532,0.511964,0.154329,0.169597,0.588339,0.0898246,1.28098,0.310979,0.530186,1.09539,0.587005,0.586815,0.333938,0.593877,0.769293,0.350706,0.468167,0.4467,-0.485848,0.134085,0.567813,0.488546,0.8886,0.526405,0.0314402,0.16347,0.0932217,0.0525463,0.176144,0.15256,1.04557,0.547836,0.010199,-0.0150327,0.450201,0.452074,0.0875594,0.0913832,0.470208,0.44413,0.931148,1.59634,0.504962,0.459924,0.100833,-0.0410757,0.512426,0.541068,0.0967856,0.0576452,-0.0481697,0.107095,0.0125273,1.02568,0.303011,-0.047158
0.286995,-0.463085,-0.0818379,0.550914,0.43442,0.229731,-0.0881295,0.445918,0.309974,0.363806,0.133925,0.583647,1.12032,0.798712,0.511543,0.155342,0.168224,0.591087,0.0899501,1.28099,0.311656,0.533259,1.10003,0.587105,0.586038,0.333805,0.59419,0.771334,0.350497,0.467709,0.447172,-0.487704,0.134458,0.566259,0.486289,0.891221,0.527236,0.0318791,0.163471,0.0933657,0.0523387,0.174394,0.15315,1.04467,0.548534,0.0105883,-0.0143606,0.449901,0.449584,0.087359,0.0913498,0.469599,0.443313,0.928822,1.596,0.502882,0.459587,0.0997865,-0.0415826,0.510805,0.540155,0.095722,0.0574029,-0.0477119,0.105297,0.00779,1.02679,0.301337,-0.0449348
0.287995,-0.466055,-0.0819708,0.549376,0.43365,0.228883,-0.0897992,0.446281,0.309717,0.365449,0.133723,0.581193,1.12025,0.802867,0.511111,0.156354,0.166843,0.593775,0.0900717,1.28095,0.312385,0.536328,1.10462,0.587185,0.585237,0.333699,0.594483,0.773339,0.350284,0.467228,0.44763,-0.489506,0.134829,0.564703,0.484029,0.893797,0.528055,0.0323196,0.163478,0.0935187,0.0521319,0.172644,0.153734,1.04374,0.549205,0.0109782,-0.0136889,0.449593,0.447084,0.0871494,0.0913125,0.469,0.442497,0.926471,1.59559,0.500804,0.459235,0.0987585,-0.0420931,0.509178,0.539227,0.0946655,0.0571687,-0.04725,0.103498,0.00299115,1.02787,0.299663,-0.042694
0.288995,-0.468976,-0.0820779,0.547824,0.432873,0.228022,-0.0914683,0.446627,0.309446,0.366958,0.133519,0.578711,1.12013,0.806996,0.510666,0.157366,0.165454,0.596401,0.0901892,1.28084,0.313162,0.539394,1.10917,0.587246,0.584413,0.333621,0.594756,0.775309,0.350069,0.466722,0.448076,-0.491253,0.1352,0.563146,0.481764,0.896328,0.528863,0.0327617,0.163492,0.0936807,0.0519262,0.170896,0.154312,1.04276,0.549848,0.0113687,-0.0130176,0.449277,0.444573,0.0869305,0.0912717,0.468411,0.44168,0.924097,1.59514,0.498726,0.458869,0.0977498,-0.0426073,0.507547,0.538285,0.0936166,0.0569423,-0.0467838,0.101697,-0.00184079,1.02892,0.29799,-0.0404364
0.289995,-0.471846,-0.0821582,0.546259,0.432089,0.227149,-0.0931362,0.446957,0.309161,0.368327,0.133313,0.576201,1.11997,0.811096,0.510209,0.158378,0.164059,0.598963,0.0903026,1.28069,0.313986,0.542454,1.11369,0.587289,0.583565,0.333572,0.595009,0.777243,0.34985,0.466191,0.448508,-0.492946,0.13557,0.561588,0.479497,0.898814,0.529659,0.0332053,0.163514,0.0938515,0.0517213,0.169148,0.154882,1.04175,0.550464,0.0117598,-0.0123468,0.448951,0.442053,0.0867024,0.0912276,0.467833,0.440863,0.9217,1.59463,0.49665,0.458489,0.0967616,-0.0431251,0.505909,0.537328,0.0925755,0.0567234,-0.0463137,0.0998959,-0.00666028,1.02995,0.296318,-0.0381628
0.290995,-0.474665,-0.0822111,0.54468,0.431299,0.226263,-0.0948028,0.447271,0.308863,0.369552,0.133106,0.573664,1.11976,0.815164,0.50974,0.159389,0.162656,0.601459,0.0904117,1.28048,0.314855,0.545507,1.11816,0.587312,0.582693,0.333551,0.595241,0.779141,0.349629,0.465636,0.448927,-0.494587,0.135938,0.560029,0.477227,0.901256,0.530444,0.0336504,0.163546,0.0940311,0.0515175,0.167401,0.155447,1.0407,0.551052,0.0121517,-0.0116766,0.448617,0.439524,0.0864652,0.0911806,0.467265,0.440044,0.919279,1.59406,0.494575,0.458095,0.0957952,-0.0436466,0.504266,0.536357,0.0915427,0.0565116,-0.0458396,0.0980947,-0.0113986,1.03095,0.294648,-0.0358742
0.291995,-0.477433,-0.0822356,0.543088,0.430501,0.225364,-0.0964675,0.447568,0.30855,0.370642,0.132897,0.5711,1.1195,0.819199,0.509259,0.160398,0.161246,0.603888,0.0905163,1.28021,0.315768,0.548552,1.12259,0.587317,0.581798,0.333558,0.595453,0.781003,0.349404,0.465055,0.449333,-0.496175,0.136305,0.558468,0.474957,0.903652,0.531217,0.0340969,0.163588,0.0942194,0.0513146,0.165655,0.156005,1.03961,0.551613,0.0125445,-0.011007,0.448275,0.436985,0.0862187,0.0911309,0.466707,0.439225,0.916834,1.59344,0.492501,0.457686,0.0948518,-0.0441718,0.502618,0.535371,0.0905186,0.0563067,-0.0453617,0.0962938,-0.0159707,1.03192,0.292979,-0.0335713
0.292995,-0.480149,-0.0822308,0.541484,0.429697,0.224453,-0.0981301,0.44785,0.308224,0.371617,0.132686,0.568509,1.1192,0.8232,0.508766,0.161407,0.159829,0.606249,0.0906165,1.27989,0.316722,0.551587,1.12697,0.587303,0.580879,0.333594,0.595645,0.78283,0.349175,0.464448,0.449725,-0.497712,0.136671,0.556906,0.472685,0.906004,0.531977,0.0345448,0.16364,0.0944165,0.0511126,0.16391,0.156556,1.03848,0.552146,0.0129382,-0.010338,0.447924,0.434438,0.0859632,0.0910788,0.46616,0.438406,0.914366,1.59277,0.490429,0.457262,0.0939326,-0.0447008,0.500963,0.53437,0.0895037,0.0561084,-0.0448799,0.0944937,-0.0203029,1.03287,0.291312,-0.0312551
0.293995,-0.482813,-0.0821961,0.539866,0.428887,0.22353,-0.0997903,0.448115,0.307885,0.372497,0.132473,0.56589,1.11885,0.827167,0.50826,0.162415,0.158405,0.608541,0.090712,1.27952,0.317717,0.554612,1.13132,0.587271,0.579937,0.333658,0.595816,0.78462,0.348944,0.463815,0.450103,-0.499198,0.137037,0.555344,0.470415,0.908311,0.532725,0.0349941,0.163703,0.0946221,0.0509117,0.162168,0.157101,1.03732,0.552652,0.0133332,-0.00966968,0.447565,0.431882,0.0856985,0.0910245,0.465623,0.437585,0.911875,1.59204,0.48836,0.456825,0.093039,-0.0452335,0.499303,0.533356,0.0884982,0.0559163,-0.0443945,0.0926948,-0.0243631,1.03378,0.289647,-0.0289266
0.294995,-0.485425,-0.0821305,0.538235,0.428069,0.222593,-0.101448,0.448364,0.307531,0.373302,0.132259,0.563245,1.11845,0.831097,0.507742,0.163422,0.156973,0.610765,0.0908029,1.27909,0.318751,0.557626,1.13561,0.587221,0.57897,0.333751,0.595967,0.786375,0.348709,0.463155,0.450468,-0.500634,0.1374,0.55378,0.468145,0.910573,0.533461,0.0354446,0.163778,0.0948363,0.0507117,0.160427,0.15764,1.03612,0.55313,0.0137295,-0.00900218,0.447198,0.429318,0.0854246,0.0909684,0.465095,0.436762,0.90936,1.59126,0.486292,0.456373,0.0921722,-0.0457699,0.497637,0.532327,0.0875027,0.0557302,-0.0439055,0.0908977,-0.0281573,1.03467,0.287985,-0.0265866
0.295995,-0.487982,-0.0820333,0.536592,0.427245,0.221645,-0.103102,0.448596,0.307164,0.374046,0.132042,0.560574,1.11801,0.834992,0.507211,0.164427,0.155535,0.612919,0.0908889,1.27861,0.319824,0.560627,1.13987,0.587152,0.577981,0.333872,0.596097,0.788095,0.348471,0.462468,0.45082,-0.502021,0.137763,0.552216,0.465876,0.912791,0.534184,0.0358963,0.163865,0.0950589,0.0505127,0.158689,0.158172,1.03488,0.553581,0.0141273,-0.00833558,0.446822,0.426746,0.0851416,0.0909106,0.464577,0.435939,0.906821,1.59042,0.484228,0.455906,0.0913335,-0.0463098,0.495965,0.531284,0.0865175,0.0555497,-0.043413,0.0891027,-0.031703,1.03553,0.286324,-0.0242361
0.296995,-0.490487,-0.0819037,0.534937,0.426415,0.220684,-0.104752,0.448813,0.306784,0.37474,0.131824,0.557876,1.11752,0.83885,0.506668,0.165431,0.15409,0.615007,0.0909701,1.27807,0.320933,0.563614,1.14407,0.587065,0.576967,0.334022,0.596207,0.789778,0.348229,0.461753,0.451157,-0.503358,0.138125,0.550652,0.46361,0.914964,0.534894,0.0363493,0.163965,0.09529,0.0503147,0.156953,0.158698,1.03361,0.554004,0.0145267,-0.00767,0.446438,0.424167,0.0848495,0.0908515,0.464067,0.435114,0.90426,1.58952,0.482167,0.455425,0.0905239,-0.0468531,0.494287,0.530227,0.085543,0.0553747,-0.042917,0.0873104,-0.0350136,1.03636,0.284666,-0.0218762
0.297995,-0.492937,-0.081741,0.533269,0.425577,0.21971,-0.106399,0.449013,0.306389,0.375392,0.131603,0.555152,1.11699,0.84267,0.506112,0.166433,0.152638,0.617028,0.0910464,1.27748,0.322079,0.566587,1.14824,0.58696,0.575931,0.334199,0.596296,0.791426,0.347984,0.46101,0.451481,-0.504647,0.138485,0.549087,0.461347,0.917092,0.535592,0.0368033,0.164079,0.0955293,0.0501177,0.155219,0.159217,1.0323,0.5544,0.014928,-0.00700562,0.446045,0.421581,0.0845483,0.0907914,0.463565,0.434288,0.901674,1.58857,0.480109,0.45493,0.0897445,-0.0473997,0.492604,0.529156,0.0845797,0.0552048,-0.0424176,0.0855213,-0.038094,1.03716,0.283011,-0.0195077
0.298995,-0.495333,-0.0815443,0.53159,0.424733,0.218725,-0.108042,0.449197,0.305982,0.376007,0.131381,0.552401,1.11641,0.846453,0.505544,0.167433,0.151179,0.618984,0.0911175,1.27685,0.323259,0.569546,1.15235,0.586837,0.57487,0.334404,0.596364,0.793038,0.347735,0.460239,0.451791,-0.505888,0.138844,0.547521,0.459087,0.919176,0.536276,0.0372584,0.164207,0.0957768,0.0499217,0.153488,0.15973,1.03095,0.554769,0.0153313,-0.00634259,0.445645,0.418988,0.084238,0.0907307,0.463072,0.43346,0.899066,1.58756,0.478054,0.454421,0.0889964,-0.0479494,0.490914,0.528071,0.0836279,0.0550399,-0.0419149,0.0837357,-0.040943,1.03794,0.281358,-0.0171316
0.299995,-0.497674,-0.0813129,0.529899,0.423883,0.217727,-0.10968,0.449364,0.30556,0.37659,0.131157,0.549625,1.11578,0.850198,0.504963,0.168431,0.149714,0.620877,0.0911836,1.27616,0.324474,0.572488,1.15642,0.586697,0.573787,0.334637,0.596412,0.794614,0.347483,0.45944,0.452087,-0.507081,0.139201,0.545956,0.456829,0.921216,0.536947,0.0377145,0.16435,0.0960325,0.0497266,0.151761,0.160237,1.02957,0.55511,0.0157367,-0.00568113,0.445236,0.416389,0.0839185,0.0906698,0.462587,0.43263,0.896434,1.5865,0.476004,0.453897,0.0882804,-0.048502,0.489219,0.526973,0.082688,0.0548798,-0.041409,0.0819543,-0.0435553,1.03868,0.279708,-0.014749
0.300995,-0.49996,-0.0810462,0.528196,0.423025,0.216717,-0.111313,0.449515,0.305125,0.377145,0.13093,0.546823,1.11511,0.853905,0.504369,0.169427,0.148242,0.622709,0.0912445,1.27542,0.325722,0.575414,1.16044,0.586538,0.57268,0.334897,0.596439,0.796154,0.347227,0.458611,0.452368,-0.508226,0.139557,0.544391,0.454574,0.923211,0.537605,0.0381715,0.16451,0.0962962,0.0495326,0.150036,0.160738,1.02815,0.555424,0.0161443,-0.00502142,0.444819,0.413784,0.0835898,0.0906091,0.46211,0.4318,0.893779,1.58538,0.473959,0.453359,0.0875974,-0.0490573,0.487518,0.52586,0.0817603,0.0547242,-0.0408998,0.0801775,-0.0459246,1.0394,0.278062,-0.0123607
0.301995,-0.502191,-0.0807434,0.526481,0.422161,0.215695,-0.11294,0.44965,0.304676,0.377675,0.130702,0.543995,1.11439,0.857574,0.503763,0.170421,0.146763,0.624481,0.0913002,1.27463,0.327001,0.578323,1.16441,0.586363,0.571549,0.335184,0.596445,0.797659,0.346968,0.457753,0.452636,-0.509324,0.139912,0.542826,0.452321,0.925162,0.538249,0.0386293,0.164687,0.0965679,0.0493397,0.148316,0.161233,1.0267,0.55571,0.0165541,-0.0043637,0.444395,0.411173,0.083252,0.090549,0.461642,0.430967,0.891101,1.5842,0.471918,0.452807,0.086948,-0.0496149,0.485811,0.524735,0.0808452,0.054573,-0.0403876,0.0784058,-0.0480466,1.04009,0.276418,-0.00996769
0.302995,-0.504366,-0.0804039,0.524756,0.421291,0.214662,-0.114563,0.449769,0.304214,0.378181,0.130472,0.541141,1.11363,0.861204,0.503143,0.171413,0.145279,0.626195,0.0913505,1.27379,0.328312,0.581215,1.16833,0.586169,0.570396,0.335498,0.596431,0.799129,0.346704,0.456865,0.45289,-0.510376,0.140265,0.541262,0.450071,0.927068,0.53888,0.039088,0.164881,0.0968474,0.0491477,0.146598,0.161722,1.02521,0.555969,0.0169663,-0.00370818,0.443962,0.408557,0.0829049,0.0904897,0.461183,0.430133,0.888399,1.58297,0.469883,0.45224,0.0863327,-0.0501748,0.484099,0.523596,0.079943,0.0544261,-0.0398723,0.0766399,-0.0499222,1.04075,0.274778,-0.00757093
0.303995,-0.506485,-0.080027,0.523019,0.420414,0.213616,-0.116179,0.449871,0.303738,0.378666,0.13024,0.538262,1.11282,0.864795,0.502511,0.172402,0.143788,0.627853,0.0913955,1.27291,0.329652,0.584088,1.17221,0.585959,0.569219,0.335838,0.596395,0.800563,0.346438,0.455947,0.45313,-0.51138,0.140616,0.539699,0.447821,0.928931,0.539497,0.0395474,0.165094,0.0971347,0.0489567,0.144885,0.162204,1.02368,0.5562,0.0173807,-0.00305507,0.443521,0.405937,0.0825487,0.0904314,0.460733,0.429298,0.885675,1.58168,0.467853,0.451659,0.0857519,-0.0507366,0.482382,0.522444,0.0790541,0.0542834,-0.039354,0.0748804,-0.0515582,1.04138,0.27314,-0.00517132
0.304995,-0.508548,-0.079612,0.521272,0.41953,0.212558,-0.117789,0.449957,0.303249,0.379131,0.130005,0.535357,1.11196,0.868346,0.501866,0.173389,0.142291,0.629456,0.0914352,1.27197,0.331022,0.586943,1.17603,0.585731,0.568019,0.336204,0.596339,0.801961,0.346167,0.454999,0.453355,-0.512339,0.140966,0.538137,0.445572,0.930749,0.540101,0.0400074,0.165324,0.0974296,0.0487667,0.143176,0.162681,1.02213,0.556404,0.0177974,-0.00240458,0.443073,0.403312,0.0821832,0.0903741,0.460294,0.428461,0.882927,1.58033,0.46583,0.451064,0.0852057,-0.0512999,0.480659,0.521278,0.0781787,0.0541448,-0.0388328,0.0731276,-0.0529661,1.04198,0.271507,-0.00276975
0.305995,-0.510555,-0.0791584,0.519514,0.41864,0.211489,-0.119392,0.450026,0.302746,0.379578,0.129769,0.532427,1.11107,0.871859,0.501208,0.174372,0.140788,0.631005,0.0914693,1.27099,0.332418,0.589779,1.17981,0.585486,0.566796,0.336596,0.596262,0.803324,0.345893,0.45402,0.453566,-0.513251,0.141315,0.536577,0.443322,0.932524,0.54069,0.040468,0.165574,0.0977321,0.0485778,0.141471,0.163152,1.02054,0.556581,0.0182162,-0.00175691,0.442617,0.400682,0.0818084,0.0903177,0.459865,0.427623,0.880156,1.57892,0.463814,0.450455,0.0846943,-0.0518647,0.478932,0.5201,0.0773171,0.0540103,-0.0383088,0.0713824,-0.0541598,1.04255,0.269877,-0.000367096
0.306995,-0.512505,-0.0786657,0.517745,0.417743,0.210408,-0.120989,0.450079,0.30223,0.380006,0.129531,0.529472,1.11012,0.875332,0.500537,0.175353,0.13928,0.632501,0.0914981,1.26996,0.333842,0.592595,1.18353,0.585224,0.56555,0.337012,0.596164,0.804651,0.345615,0.45301,0.453763,-0.514117,0.141662,0.535018,0.441071,0.934255,0.541266,0.0409292,0.165841,0.0980421,0.0483899,0.139771,0.163616,1.01891,0.55673,0.018637,-0.00111225,0.442153,0.39805,0.0814243,0.0902616,0.459447,0.426784,0.877362,1.57746,0.461805,0.449831,0.0842173,-0.0524305,0.4772,0.518909,0.0764695,0.0538798,-0.0377819,0.0696453,-0.0551541,1.04309,0.26825,0.00203578
0.307995,-0.514399,-0.0781332,0.515966,0.416839,0.209316,-0.122578,0.450116,0.3017,0.380418,0.12929,0.526491,1.10914,0.878766,0.499853,0.176331,0.137765,0.633945,0.0915213,1.26889,0.335291,0.595392,1.1872,0.584946,0.564281,0.337454,0.596046,0.805944,0.345334,0.451969,0.453946,-0.514938,0.142007,0.533462,0.438818,0.935943,0.541827,0.0413908,0.166126,0.0983594,0.0482029,0.138075,0.164075,1.01725,0.556852,0.0190597,-0.000470774,0.441681,0.395414,0.0810309,0.0902055,0.459041,0.425943,0.874546,1.57594,0.459804,0.449194,0.0837744,-0.0529971,0.475463,0.517706,0.0756363,0.0537534,-0.0372524,0.067917,-0.0559635,1.04361,0.266627,0.00443806
0.308995,-0.516235,-0.0775604,0.514177,0.415929,0.208213,-0.12416,0.450136,0.301157,0.380815,0.129047,0.523486,1.10811,0.88216,0.499156,0.177306,0.136245,0.635338,0.0915389,1.26777,0.336764,0.598168,1.19083,0.58465,0.562989,0.337919,0.595906,0.807201,0.345048,0.450897,0.454114,-0.515714,0.14235,0.531909,0.436562,0.937586,0.542375,0.0418527,0.166427,0.0986839,0.048017,0.136384,0.164528,1.01556,0.556947,0.019484,0.000167342,0.441202,0.392775,0.080628,0.0901485,0.458648,0.425103,0.871706,1.57436,0.457812,0.448542,0.0833651,-0.0535642,0.473722,0.51649,0.0748177,0.053631,-0.0367202,0.066198,-0.0566011,1.04409,0.265008,0.00683893
0.309995,-0.518015,-0.0769469,0.512378,0.415013,0.207098,-0.125734,0.45014,0.3006,0.381195,0.128802,0.520456,1.10703,0.885515,0.498446,0.178277,0.13472,0.636681,0.091551,1.2666,0.338261,0.600923,1.1944,0.584338,0.561675,0.338409,0.595746,0.808423,0.34476,0.449793,0.454268,-0.516445,0.142692,0.530358,0.434303,0.939187,0.542908,0.042315,0.166743,0.0990156,0.0478322,0.134699,0.164975,1.01383,0.557015,0.0199097,0.000801945,0.440715,0.390134,0.0802158,0.0900902,0.458269,0.424261,0.868844,1.57272,0.455828,0.447877,0.0829885,-0.0541316,0.471977,0.515262,0.0740138,0.0535128,-0.0361856,0.0644891,-0.0570784,1.04454,0.263393,0.00923761
0.310995,-0.519738,-0.0762923,0.51057,0.41409,0.205972,-0.1273,0.450127,0.30003,0.381562,0.128555,0.5174,1.10591,0.88883,0.497723,0.179245,0.133189,0.637974,0.0915575,1.26538,0.33978,0.603658,1.19792,0.584009,0.560337,0.338922,0.595564,0.80961,0.344467,0.448658,0.454407,-0.517131,0.143032,0.528812,0.43204,0.940744,0.543427,0.0427774,0.167072,0.0993542,0.0476483,0.133019,0.165417,1.01207,0.557055,0.0203364,0.00143289,0.44022,0.387491,0.0797941,0.09003,0.457903,0.423419,0.865959,1.57102,0.453855,0.447197,0.0826439,-0.0546991,0.470228,0.514021,0.0732249,0.0533988,-0.0356485,0.062791,-0.057405,1.04497,0.261782,0.0116333
0.311995,-0.521404,-0.075596,0.508752,0.41316,0.204835,-0.128857,0.450098,0.299447,0.381914,0.128306,0.51432,1.10475,0.892105,0.496986,0.180209,0.131652,0.639218,0.0915584,1.26412,0.34132,0.606371,1.20138,0.583664,0.558978,0.339459,0.595362,0.810762,0.344171,0.447491,0.454532,-0.517774,0.143371,0.527269,0.429772,0.942259,0.543932,0.04324,0.167411,0.0996998,0.0474654,0.131344,0.165852,1.01028,0.557067,0.020764,0.00206004,0.439718,0.384847,0.079363,0.0899673,0.45755,0.422577,0.863051,1.56927,0.451891,0.446504,0.0823302,-0.0552663,0.468475,0.512769,0.0724512,0.0532891,-0.0351092,0.0611042,-0.0575888,1.04536,0.260176,0.0140254
0.312995,-0.523013,-0.0748578,0.506924,0.412225,0.203687,-0.130405,0.450052,0.29885,0.382252,0.128055,0.511215,1.10355,0.895341,0.496236,0.18117,0.130111,0.640413,0.0915537,1.26282,0.34288,0.609062,1.2048,0.583302,0.557595,0.340018,0.595139,0.81188,0.343871,0.446292,0.454643,-0.518374,0.143708,0.525731,0.4275,0.94373,0.544422,0.0437027,0.167756,0.100052,0.0472836,0.129675,0.166282,1.00846,0.557053,0.0211919,0.00268327,0.439209,0.382201,0.0789224,0.0899017,0.457213,0.421735,0.860121,1.56746,0.449939,0.445797,0.0820462,-0.0558332,0.466719,0.511506,0.0716929,0.0531839,-0.0345676,0.0594296,-0.0576367,1.04573,0.258573,0.016413
0.313995,-0.524565,-0.0740772,0.505088,0.411282,0.202528,-0.131945,0.44999,0.298241,0.382576,0.127801,0.508085,1.1023,0.898537,0.495474,0.182127,0.128564,0.641561,0.0915433,1.26147,0.344459,0.611731,1.20816,0.582924,0.556191,0.340599,0.594895,0.812962,0.343567,0.445061,0.454739,-0.51893,0.144043,0.524199,0.425223,0.945158,0.544898,0.0441653,0.168105,0.100411,0.0471027,0.128012,0.166706,1.0066,0.557011,0.0216199,0.00330246,0.438692,0.379555,0.0784723,0.0898327,0.456889,0.420894,0.857169,1.56559,0.447999,0.445076,0.0817908,-0.0563994,0.464961,0.51023,0.0709501,0.0530831,-0.0340241,0.0577676,-0.0575554,1.04606,0.256975,0.0187955
0.314995,-0.526059,-0.0732539,0.503242,0.410333,0.201359,-0.133475,0.449911,0.297617,0.382888,0.127545,0.504931,1.10101,0.901693,0.494697,0.18308,0.127011,0.642662,0.0915273,1.26007,0.346057,0.614379,1.21147,0.58253,0.554764,0.341203,0.59463,0.81401,0.34326,0.443798,0.45482,-0.519445,0.144377,0.522672,0.42294,0.946544,0.545359,0.0446278,0.168454,0.100777,0.0469229,0.126355,0.167125,1.00472,0.556941,0.0220477,0.00391751,0.438167,0.376909,0.0780127,0.0897599,0.456581,0.420053,0.854194,1.56366,0.446071,0.444341,0.0815627,-0.0569647,0.463199,0.508944,0.070223,0.052987,-0.0334786,0.056119,-0.0573521,1.04637,0.255381,0.0211723
0.315995,-0.527497,-0.0723877,0.501388,0.409378,0.200179,-0.134996,0.449815,0.296981,0.383187,0.127287,0.501752,1.09968,0.904809,0.493908,0.184028,0.125454,0.643716,0.0915055,1.25864,0.347672,0.617003,1.21472,0.58212,0.553314,0.341827,0.594345,0.815024,0.342949,0.442503,0.454887,-0.519917,0.144709,0.521152,0.420651,0.947888,0.545806,0.0450901,0.168801,0.101149,0.0467441,0.124705,0.167537,1.0028,0.556845,0.0224747,0.00452831,0.437635,0.374264,0.0775436,0.0896831,0.456286,0.419213,0.851197,1.56167,0.444156,0.443593,0.0813605,-0.057529,0.461435,0.507646,0.0695116,0.0528956,-0.0329314,0.0544844,-0.0570349,1.04665,0.253791,0.0235427
0.316995,-0.528879,-0.0714782,0.499526,0.408417,0.198989,-0.136506,0.449703,0.296332,0.383473,0.127027,0.498549,1.0983,0.907886,0.493105,0.184973,0.123891,0.644724,0.0914781,1.25715,0.349303,0.619605,1.21792,0.581693,0.551843,0.342473,0.594038,0.816003,0.342634,0.441175,0.454939,-0.520349,0.14504,0.51964,0.418357,0.949189,0.546239,0.0455522,0.169146,0.101527,0.0465662,0.12306,0.167944,1.00085,0.556721,0.0229007,0.00513477,0.437095,0.371619,0.0770651,0.0896021,0.456005,0.418374,0.848178,1.55962,0.442255,0.442831,0.0811832,-0.0580922,0.459669,0.506338,0.068816,0.0528091,-0.0323826,0.0528644,-0.0566126,1.04689,0.252207,0.0259061
0.317995,-0.530203,-0.0705252,0.497655,0.407449,0.197788,-0.138007,0.449575,0.295669,0.383747,0.126764,0.495322,1.09689,0.910923,0.492289,0.185913,0.122323,0.645687,0.091445,1.25562,0.35095,0.622183,1.22107,0.581251,0.55035,0.343139,0.593711,0.816948,0.342316,0.439816,0.454977,-0.52074,0.145369,0.518136,0.416056,0.950448,0.546656,0.0460138,0.169491,0.101912,0.0463894,0.121423,0.168345,0.998868,0.55657,0.0233253,0.0057368,0.436548,0.368975,0.076577,0.0895164,0.455738,0.417537,0.845137,1.55752,0.440368,0.442056,0.0810292,-0.058654,0.457901,0.505019,0.0681362,0.0527276,-0.0318324,0.0512596,-0.0560946,1.04711,0.250626,0.0282618
0.318995,-0.531471,-0.0695285,0.495776,0.406475,0.196578,-0.139496,0.44943,0.294993,0.384009,0.126499,0.49207,1.09543,0.913921,0.491459,0.186849,0.120751,0.646605,0.0914061,1.25405,0.352612,0.624738,1.22416,0.580792,0.548834,0.343826,0.593362,0.817859,0.341994,0.438425,0.455,-0.521091,0.145697,0.516641,0.41375,0.951665,0.54706,0.046475,0.16984,0.102302,0.0462136,0.119792,0.168741,0.996857,0.556391,0.0237482,0.00633433,0.435993,0.366334,0.0760796,0.089426,0.455483,0.416702,0.842074,1.55536,0.438495,0.441267,0.0808975,-0.0592142,0.456132,0.50369,0.0674721,0.0526512,-0.0312809,0.0496705,-0.0554903,1.04729,0.249051,0.0306093
0.319995,-0.532682,-0.0684878,0.493889,0.405494,0.195358,-0.140976,0.449267,0.294304,0.384259,0.126232,0.488793,1.09393,0.916879,0.490616,0.18778,0.119173,0.647479,0.0913615,1.25244,0.354288,0.62727,1.22719,0.580318,0.547297,0.344533,0.592994,0.818735,0.341669,0.437003,0.455009,-0.521404,0.146024,0.515156,0.411438,0.952841,0.547448,0.0469357,0.170193,0.102699,0.0460387,0.118169,0.169131,0.994816,0.556186,0.024169,0.00692729,0.435431,0.363695,0.0755727,0.0893305,0.455241,0.415868,0.838989,1.55314,0.436639,0.440465,0.0807867,-0.0597728,0.454362,0.502351,0.0668237,0.05258,-0.0307282,0.0480977,-0.0548089,1.04745,0.24748,0.0329479
0.320995,-0.533838,-0.067403,0.491994,0.404508,0.194128,-0.142444,0.449089,0.293602,0.384497,0.125963,0.485493,1.09239,0.919798,0.48976,0.188706,0.11759,0.648309,0.0913112,1.25078,0.355978,0.629777,1.23018,0.579828,0.545738,0.345259,0.592604,0.819578,0.34134,0.435548,0.455003,-0.521677,0.146349,0.513682,0.409119,0.953974,0.547822,0.0473958,0.170552,0.103101,0.0458649,0.116552,0.169515,0.992744,0.555952,0.0245875,0.0075156,0.434861,0.361058,0.0750566,0.0892299,0.45501,0.415037,0.835883,1.55086,0.434798,0.43965,0.0806955,-0.0603297,0.452591,0.501001,0.0661906,0.052514,-0.0301746,0.0465417,-0.054059,1.04757,0.245915,0.0352773
0.321995,-0.534937,-0.0662737,0.490092,0.403515,0.192888,-0.143901,0.448893,0.292887,0.384724,0.125691,0.482168,1.09081,0.922678,0.48889,0.189627,0.116002,0.649096,0.0912551,1.24908,0.35768,0.632261,1.2331,0.579322,0.544158,0.346004,0.592193,0.820387,0.341007,0.434062,0.454982,-0.521913,0.146673,0.512221,0.406795,0.955067,0.548182,0.0478551,0.170919,0.103509,0.045692,0.114943,0.169894,0.990643,0.555692,0.0250034,0.0080992,0.434283,0.358425,0.0745311,0.089124,0.454789,0.414208,0.832755,1.54852,0.432975,0.438821,0.0806226,-0.0608846,0.45082,0.499642,0.0655727,0.0524534,-0.0296202,0.045003,-0.0532483,1.04767,0.244354,0.0375968
0.322995,-0.53598,-0.0650999,0.488182,0.402516,0.191639,-0.145346,0.448681,0.292159,0.384939,0.125416,0.47882,1.08919,0.925518,0.488007,0.190543,0.114409,0.64984,0.0911932,1.24733,0.359395,0.63472,1.23598,0.578801,0.542555,0.346768,0.591762,0.821163,0.340671,0.432544,0.454946,-0.522112,0.146996,0.510773,0.404465,0.956118,0.548526,0.0483136,0.171292,0.103923,0.0455201,0.113342,0.170267,0.988512,0.555404,0.0254164,0.00867804,0.433698,0.355796,0.0739965,0.0890126,0.454579,0.413382,0.829606,1.54612,0.43117,0.43798,0.0805664,-0.0614375,0.449049,0.498274,0.0649696,0.052398,-0.0290652,0.0434821,-0.0523837,1.04773,0.242799,0.0399058
0.323995,-0.536967,-0.0638813,0.486266,0.401511,0.190381,-0.14678,0.448451,0.291418,0.385143,0.12514,0.475447,1.08754,0.92832,0.48711,0.191453,0.112811,0.650542,0.0911255,1.24554,0.361121,0.637154,1.23879,0.578264,0.540932,0.34755,0.591311,0.821905,0.340332,0.430996,0.454896,-0.522274,0.147317,0.50934,0.402128,0.957128,0.548856,0.0487711,0.171672,0.104342,0.0453492,0.111748,0.170634,0.986352,0.555089,0.0258266,0.00925207,0.433105,0.353172,0.0734527,0.0888956,0.454377,0.412558,0.826436,1.54367,0.429384,0.437125,0.0805256,-0.0619883,0.447279,0.496897,0.064381,0.0523481,-0.0285097,0.0419795,-0.0514713,1.04777,0.241249,0.042204
0.324995,-0.537899,-0.0626178,0.484342,0.4005,0.189114,-0.148201,0.448205,0.290664,0.385336,0.124861,0.472051,1.08584,0.931083,0.4862,0.192358,0.111209,0.651202,0.091052,1.24371,0.362857,0.639564,1.24155,0.577711,0.539287,0.34835,0.590839,0.822613,0.339989,0.429416,0.454831,-0.522399,0.147637,0.507923,0.399787,0.958097,0.549172,0.0492277,0.172056,0.104766,0.0451793,0.110162,0.170996,0.984162,0.554746,0.0262337,0.00982125,0.432504,0.350552,0.0728998,0.0887729,0.454184,0.411737,0.823245,1.54115,0.427618,0.436258,0.0804988,-0.0625368,0.445509,0.495511,0.0638064,0.0523034,-0.0279539,0.0404955,-0.0505163,1.04777,0.239704,0.0444907
0.325995,-0.538775,-0.0613092,0.482412,0.399482,0.187838,-0.149611,0.447942,0.289897,0.385517,0.124579,0.468631,1.0841,0.933807,0.485276,0.193256,0.109603,0.65182,0.0909727,1.24184,0.364604,0.641948,1.24425,0.577143,0.53762,0.349169,0.590346,0.823289,0.339643,0.427806,0.454752,-0.52249,0.147956,0.506523,0.397439,0.959025,0.549473,0.0496831,0.17244,0.105196,0.0450104,0.108585,0.171352,0.981944,0.554376,0.0266376,0.0103855,0.431895,0.347938,0.072338,0.0886443,0.453998,0.41092,0.820033,1.53858,0.425875,0.435378,0.0804848,-0.0630831,0.443741,0.494117,0.0632455,0.0522641,-0.0273978,0.0390307,-0.0495232,1.04775,0.238164,0.0467656
0.326995,-0.539597,-0.0599553,0.480475,0.398459,0.186554,-0.151008,0.447661,0.289117,0.385688,0.124296,0.465187,1.08232,0.936492,0.484338,0.194147,0.107991,0.652398,0.0908875,1.23993,0.36636,0.644307,1.2469,0.576559,0.535933,0.350004,0.589833,0.823931,0.339293,0.426166,0.454658,-0.522545,0.148274,0.505143,0.395087,0.959913,0.549759,0.0501374,0.172791,0.10563,0.0448424,0.107015,0.171703,0.979697,0.553979,0.0270384,0.0109449,0.431278,0.34533,0.0717673,0.0885097,0.453819,0.410105,0.8168,1.53595,0.424155,0.434485,0.0804824,-0.063627,0.441974,0.492714,0.0626977,0.05223,-0.0268418,0.0375854,-0.048496,1.04769,0.236631,0.0490281
0.327995,-0.540364,-0.058556,0.478532,0.397429,0.185261,-0.152392,0.447364,0.288324,0.385848,0.124009,0.461719,1.08051,0.939139,0.483387,0.195032,0.106376,0.652936,0.0907965,1.23797,0.368125,0.646641,1.24949,0.57596,0.534224,0.350857,0.589299,0.82454,0.33894,0.424496,0.454549,-0.522566,0.14859,0.503783,0.392729,0.960761,0.55003,0.0505903,0.173081,0.106069,0.0446754,0.105454,0.172048,0.977421,0.553554,0.027436,0.0114992,0.430654,0.342729,0.0711879,0.0883692,0.453646,0.409293,0.813547,1.53326,0.42246,0.433579,0.080491,-0.0641684,0.440209,0.491303,0.0621627,0.052201,-0.0262858,0.0361601,-0.0474379,1.0476,0.235102,0.0512777
0.328995,-0.541076,-0.057111,0.476583,0.396394,0.18396,-0.153763,0.447049,0.287519,0.385997,0.123721,0.458228,1.07866,0.941748,0.482423,0.195909,0.104756,0.653433,0.0906995,1.23597,0.369899,0.648948,1.25203,0.575346,0.532494,0.351726,0.588745,0.825117,0.338583,0.422796,0.454425,-0.522552,0.148905,0.502445,0.390365,0.961568,0.550287,0.0510418,0.173355,0.106514,0.0445093,0.103902,0.172387,0.975117,0.553102,0.0278306,0.0120486,0.430022,0.340135,0.0705998,0.0882225,0.453478,0.408485,0.810274,1.53052,0.420793,0.432661,0.0805099,-0.0647073,0.438447,0.489885,0.06164,0.0521771,-0.02573,0.034755,-0.0463517,1.04749,0.23358,0.0535141
0.329995,-0.541735,-0.0556202,0.474628,0.395353,0.182651,-0.155121,0.446717,0.286701,0.386135,0.12343,0.454714,1.07677,0.944319,0.481445,0.196779,0.103132,0.65389,0.0905967,1.23393,0.37168,0.65123,1.2545,0.574716,0.530743,0.352612,0.588171,0.825661,0.338224,0.421066,0.454287,-0.522506,0.149219,0.50113,0.387998,0.962336,0.55053,0.0514918,0.173631,0.106962,0.0443442,0.102358,0.172721,0.972786,0.552622,0.0282223,0.012593,0.429382,0.337548,0.0700032,0.0880698,0.453315,0.407681,0.806981,1.52771,0.419154,0.431731,0.080539,-0.0652436,0.436686,0.488459,0.0611292,0.052158,-0.0251747,0.0333705,-0.04524,1.04734,0.232063,0.0557367
0.330995,-0.542339,-0.0540835,0.472667,0.394306,0.181334,-0.156466,0.446368,0.28587,0.386263,0.123136,0.451176,1.07484,0.946851,0.480453,0.197641,0.101504,0.654309,0.0904879,1.23185,0.373469,0.653486,1.25692,0.574071,0.528972,0.353514,0.587577,0.826173,0.337861,0.419308,0.454134,-0.522426,0.149531,0.499841,0.385625,0.963064,0.550757,0.0519402,0.17391,0.107416,0.0441801,0.100823,0.17305,0.970426,0.552115,0.028611,0.0131323,0.428735,0.33497,0.0693983,0.087911,0.453156,0.40688,0.803669,1.52485,0.417546,0.430789,0.0805783,-0.0657772,0.434928,0.487027,0.0606298,0.0521437,-0.0246198,0.0320071,-0.0441047,1.04717,0.230552,0.0579452
0.331995,-0.54289,-0.0525006,0.4707,0.393253,0.18001,-0.157798,0.446001,0.285026,0.38638,0.12284,0.447616,1.07288,0.949345,0.479448,0.198494,0.0998724,0.654688,0.0903731,1.22973,0.375265,0.655715,1.25928,0.57341,0.52718,0.354433,0.586962,0.826652,0.337495,0.417522,0.453966,-0.522314,0.149842,0.498578,0.383248,0.963752,0.550971,0.0523868,0.174194,0.107873,0.0440169,0.0992975,0.173373,0.968039,0.55158,0.028997,0.0136666,0.428081,0.332401,0.068785,0.0877461,0.453002,0.406084,0.800336,1.52193,0.415969,0.429834,0.080628,-0.0663082,0.433173,0.485587,0.0601416,0.052134,-0.0240656,0.0306648,-0.0429476,1.04696,0.229047,0.060139
0.332995,-0.543387,-0.0508714,0.468728,0.392195,0.178679,-0.159115,0.445617,0.28417,0.386487,0.122542,0.444032,1.07088,0.951802,0.478429,0.199339,0.0982364,0.655029,0.0902523,1.22757,0.377068,0.657917,1.26159,0.572735,0.525367,0.355367,0.586327,0.827099,0.337125,0.415707,0.453783,-0.522169,0.150152,0.497343,0.380866,0.9644,0.551169,0.0528316,0.174482,0.108335,0.0438546,0.0977811,0.173691,0.965624,0.551017,0.0293805,0.0141958,0.427419,0.329841,0.0681637,0.0875751,0.452852,0.405291,0.796985,1.51895,0.414424,0.428867,0.0806884,-0.0668363,0.431421,0.484141,0.059664,0.0521287,-0.0235121,0.0293441,-0.0417703,1.04672,0.227548,0.0623177
0.333995,-0.543832,-0.0491959,0.466751,0.39113,0.17734,-0.160419,0.445216,0.283301,0.386583,0.122241,0.440425,1.06884,0.95422,0.477397,0.200174,0.0965965,0.655332,0.0901256,1.22536,0.378877,0.660092,1.26384,0.572044,0.523534,0.356316,0.585673,0.827514,0.336753,0.413865,0.453586,-0.521993,0.15046,0.496137,0.378481,0.96501,0.551354,0.0532745,0.174774,0.108801,0.0436933,0.0962741,0.174003,0.963182,0.550427,0.0297616,0.01472,0.42675,0.32729,0.0675344,0.0873982,0.452705,0.404502,0.793614,1.51592,0.412912,0.427888,0.0807598,-0.0673617,0.429672,0.482689,0.0591968,0.0521277,-0.0229594,0.0280451,-0.040574,1.04646,0.226055,0.0644809
0.334994,-0.544224,-0.0474738,0.464769,0.39006,0.175995,-0.161709,0.444796,0.282419,0.386669,0.121938,0.436795,1.06677,0.956601,0.476351,0.200999,0.094953,0.655596,0.0899928,1.22312,0.380691,0.662241,1.26602,0.571338,0.52168,0.357281,0.584998,0.827897,0.336377,0.411996,0.453374,-0.521785,0.150766,0.49496,0.376092,0.96558,0.551524,0.0537153,0.175069,0.10927,0.0435329,0.0947767,0.174311,0.960713,0.54981,0.0301405,0.015239,0.426074,0.32475,0.0668974,0.0872153,0.452562,0.403718,0.790225,1.51283,0.411433,0.426897,0.0808425,-0.0678842,0.427927,0.481231,0.0587396,0.0521306,-0.0224078,0.0267681,-0.0393598,1.04616,0.224569,0.0666282
0.335994,-0.544563,-0.045705,0.462781,0.388985,0.174644,-0.162984,0.444359,0.281525,0.386745,0.121632,0.433143,1.06467,0.958944,0.475292,0.201815,0.0933058,0.655823,0.0898539,1.22083,0.38251,0.664362,1.26815,0.570617,0.519806,0.358261,0.584304,0.828249,0.335998,0.410101,0.453147,-0.521547,0.151071,0.493814,0.3737,0.966111,0.551679,0.0541539,0.175368,0.109744,0.0433734,0.093289,0.174613,0.958218,0.549164,0.0305174,0.015753,0.425391,0.32222,0.0662527,0.0870267,0.452423,0.402939,0.786817,1.50968,0.409984,0.425895,0.0809367,-0.0684038,0.426185,0.479768,0.0582923,0.0521373,-0.0218572,0.0255132,-0.0381288,1.04583,0.223088,0.068759
0.336994,-0.544851,-0.0438895,0.46079,0.387903,0.173286,-0.164245,0.443904,0.280618,0.38681,0.121324,0.429468,1.06253,0.961249,0.474219,0.20262,0.0916551,0.656012,0.0897089,1.21851,0.384335,0.666456,1.27023,0.56988,0.517912,0.359256,0.58359,0.828569,0.335617,0.408179,0.452906,-0.521278,0.151375,0.492699,0.371304,0.966604,0.55182,0.0545903,0.175671,0.110221,0.0432149,0.0918111,0.17491,0.955695,0.548491,0.0308924,0.0162618,0.424702,0.319701,0.0656007,0.0868323,0.452288,0.402164,0.783391,1.50647,0.408566,0.424881,0.0810423,-0.0689205,0.424447,0.478299,0.0578544,0.0521477,-0.0213079,0.0242805,-0.0368816,1.04547,0.221615,0.070873
0.337994,-0.545087,-0.0420272,0.458794,0.386817,0.171922,-0.165492,0.443431,0.279699,0.386865,0.121013,0.425771,1.06035,0.963516,0.473132,0.203415,0.0900012,0.656164,0.0895578,1.21614,0.386164,0.668521,1.27224,0.569129,0.515998,0.360265,0.582857,0.828857,0.335232,0.406231,0.45265,-0.520978,0.151677,0.491616,0.368905,0.967058,0.551947,0.0550242,0.175977,0.110702,0.0430572,0.0903433,0.175202,0.953146,0.54779,0.0312659,0.0167655,0.424006,0.317194,0.0649414,0.0866323,0.452157,0.401394,0.779947,1.50321,0.407176,0.423855,0.0811592,-0.0694342,0.422713,0.476825,0.0574257,0.0521614,-0.0207599,0.0230703,-0.035619,1.04509,0.220148,0.0729697
0.338994,-0.545271,-0.0401181,0.456793,0.385725,0.170552,-0.166723,0.44294,0.278768,0.38691,0.1207,0.422052,1.05814,0.965745,0.472032,0.204198,0.0883443,0.656279,0.0894006,1.21374,0.387997,0.670559,1.27419,0.568362,0.514064,0.361289,0.582103,0.829114,0.334844,0.404259,0.452379,-0.520649,0.151977,0.490563,0.366503,0.967474,0.55206,0.0554557,0.176287,0.111186,0.0429005,0.0888856,0.175489,0.950571,0.547062,0.0316378,0.0172642,0.423304,0.314698,0.064275,0.0864267,0.452031,0.400628,0.776485,1.49989,0.405815,0.422818,0.081287,-0.0699448,0.420983,0.475346,0.0570061,0.0521783,-0.0202133,0.0218826,-0.0343416,1.04467,0.218687,0.0750485
0.339994,-0.545405,-0.0381623,0.454788,0.384627,0.169177,-0.16794,0.442431,0.277824,0.386945,0.120385,0.418311,1.0559,0.967936,0.470918,0.20497,0.0866844,0.656358,0.0892372,1.21129,0.389834,0.672569,1.27609,0.567581,0.512111,0.362327,0.581331,0.829341,0.334453,0.402262,0.452093,-0.52029,0.152276,0.489541,0.364099,0.967851,0.552158,0.0558845,0.176601,0.111673,0.0427447,0.0874383,0.175771,0.947969,0.546305,0.0320085,0.0177577,0.422596,0.312215,0.0636018,0.0862154,0.45191,0.399868,0.773006,1.49652,0.404479,0.42177,0.0814252,-0.0704523,0.419258,0.473863,0.0565952,0.0521982,-0.0196683,0.0207174,-0.0330499,1.04422,0.217233,0.0771091
0.340994,-0.545488,-0.0361597,0.45278,0.383524,0.167797,-0.169142,0.441903,0.276867,0.386969,0.120067,0.414548,1.05363,0.97009,0.469791,0.205729,0.0850218,0.656399,0.0890676,1.20881,0.391674,0.674551,1.27792,0.566784,0.510138,0.363379,0.580539,0.829536,0.33406,0.400241,0.451792,-0.519902,0.152573,0.48855,0.361693,0.968191,0.552242,0.0563105,0.176919,0.112164,0.0425898,0.0860013,0.176049,0.945342,0.545521,0.0323781,0.0182461,0.421882,0.309743,0.0629219,0.0859986,0.451795,0.399113,0.769509,1.49308,0.403169,0.42071,0.0815732,-0.0709567,0.417537,0.472376,0.056193,0.0522208,-0.0191249,0.0195748,-0.0317443,1.04375,0.215786,0.0791509
0.341994,-0.54552,-0.0341105,0.450767,0.382416,0.166412,-0.170328,0.441357,0.275898,0.386984,0.119746,0.410764,1.05132,0.972205,0.46865,0.206477,0.0833568,0.656405,0.0888918,1.20628,0.393518,0.676504,1.2797,0.565972,0.508145,0.364446,0.579727,0.8297,0.333663,0.398196,0.451477,-0.519485,0.152869,0.487589,0.359285,0.968492,0.552313,0.0567338,0.177244,0.112657,0.0424358,0.0845749,0.176322,0.942688,0.544708,0.0327466,0.0187293,0.421163,0.307284,0.0622356,0.0857761,0.451686,0.398363,0.765996,1.4896,0.401882,0.41964,0.08173,-0.0714579,0.415822,0.470884,0.0557993,0.0522461,-0.0185833,0.0184549,-0.0304253,1.04324,0.214346,0.0811734
0.342994,-0.545503,-0.0320148,0.448751,0.381303,0.165023,-0.171499,0.440793,0.274917,0.386989,0.119423,0.406958,1.04898,0.974282,0.467496,0.207212,0.0816895,0.656374,0.0887098,1.20372,0.395364,0.678428,1.28142,0.565146,0.506134,0.365525,0.578897,0.829833,0.333264,0.396128,0.451147,-0.519039,0.153162,0.486658,0.356876,0.968756,0.552369,0.057154,0.177575,0.113153,0.0422826,0.0831592,0.17659,0.940009,0.543868,0.0331142,0.0192075,0.420438,0.304838,0.0615429,0.0855479,0.451584,0.397618,0.762467,1.48605,0.400617,0.418558,0.0818947,-0.0719557,0.414111,0.469389,0.0554138,0.0522737,-0.0180436,0.0173576,-0.0290932,1.04271,0.212913,0.0831761
0.343994,-0.545436,-0.0298729,0.446731,0.380184,0.163629,-0.172655,0.44021,0.273924,0.386983,0.119098,0.403131,1.0466,0.97632,0.466328,0.207935,0.0800203,0.656308,0.0885215,1.20112,0.397212,0.680323,1.28308,0.564304,0.504103,0.366619,0.578048,0.829936,0.332862,0.394037,0.450802,-0.518565,0.153455,0.485755,0.354465,0.968982,0.552411,0.0575711,0.177915,0.113652,0.0421303,0.0817543,0.176853,0.937304,0.543,0.0334809,0.0196805,0.419708,0.302405,0.0608441,0.085314,0.45149,0.396879,0.758921,1.48246,0.399373,0.417466,0.0820663,-0.0724502,0.412406,0.467891,0.0550366,0.0523037,-0.0175058,0.0162829,-0.0277483,1.04214,0.211486,0.0851584
0.344994,-0.545319,-0.0276851,0.444708,0.379061,0.162231,-0.173795,0.439608,0.272919,0.386968,0.11877,0.399283,1.0442,0.978321,0.465146,0.208644,0.0783493,0.656206,0.088327,1.19848,0.399063,0.68219,1.28467,0.563448,0.502054,0.367725,0.577179,0.830009,0.332457,0.391925,0.450442,-0.518063,0.153745,0.48488,0.352054,0.96917,0.552439,0.0579849,0.178265,0.114153,0.0419789,0.0803603,0.177112,0.934573,0.542103,0.0338468,0.0201485,0.418972,0.299985,0.0601394,0.0850743,0.451404,0.396145,0.755359,1.4788,0.398149,0.416363,0.0822435,-0.0729412,0.410706,0.466389,0.0546674,0.0523357,-0.0169701,0.0152306,-0.0263908,1.04155,0.210067,0.0871197
0.345994,-0.545154,-0.0254516,0.442682,0.377932,0.160829,-0.174919,0.438987,0.271901,0.386942,0.118439,0.395414,1.04176,0.980282,0.463952,0.209341,0.0766769,0.656068,0.0881261,1.19579,0.400915,0.684026,1.28621,0.562576,0.499986,0.368844,0.576292,0.830051,0.33205,0.389791,0.450068,-0.517533,0.154034,0.484033,0.349642,0.969322,0.552453,0.0583955,0.178626,0.114657,0.0418284,0.0789773,0.177367,0.931817,0.541179,0.0342118,0.0206113,0.418232,0.297578,0.059429,0.0848288,0.451329,0.395417,0.751782,1.47509,0.396943,0.415249,0.0824254,-0.0734287,0.409011,0.464885,0.0543062,0.0523696,-0.0164367,0.0142008,-0.0250211,1.04092,0.208655,0.0890593
0.346994,-0.544939,-0.0231729,0.440652,0.376798,0.159424,-0.176028,0.438347,0.270871,0.386907,0.118107,0.391525,1.0393,0.982205,0.462743,0.210023,0.0750033,0.655896,0.087919,1.19307,0.402768,0.685834,1.28769,0.56169,0.497899,0.369977,0.575386,0.830063,0.33164,0.387635,0.449678,-0.516975,0.154322,0.483212,0.347229,0.969436,0.552454,0.0588025,0.178998,0.115163,0.0416787,0.0776055,0.177617,0.929036,0.540226,0.034576,0.0210689,0.417487,0.295185,0.0587129,0.0845775,0.451263,0.394694,0.74819,1.47133,0.395754,0.414125,0.0826108,-0.0739125,0.407322,0.463378,0.0539528,0.0524053,-0.0159056,0.0131931,-0.0236392,1.04027,0.207251,0.0909768
0.347994,-0.544677,-0.0208494,0.43862,0.37566,0.158016,-0.17712,0.437687,0.269829,0.386862,0.117771,0.387616,1.0368,0.984089,0.461522,0.210692,0.0733288,0.655688,0.0877055,1.19031,0.404623,0.687612,1.28911,0.560789,0.495794,0.371121,0.574461,0.830045,0.331227,0.38546,0.449274,-0.51639,0.154608,0.482418,0.344817,0.969513,0.55244,0.0592059,0.179384,0.115671,0.0415298,0.0762449,0.177863,0.92623,0.539245,0.0349393,0.0215215,0.416737,0.292805,0.0579915,0.0843205,0.451208,0.393977,0.744583,1.46751,0.394582,0.41299,0.0827987,-0.0743925,0.405638,0.46187,0.0536072,0.0524426,-0.0153769,0.0122072,-0.0222455,1.03958,0.205854,0.0928713
0.348994,-0.544366,-0.0184816,0.436585,0.374517,0.156606,-0.178197,0.437008,0.268775,0.386807,0.117434,0.383687,1.03428,0.985934,0.460286,0.211347,0.0716536,0.655445,0.0874857,1.18751,0.406478,0.689359,1.29046,0.559873,0.493672,0.372277,0.573517,0.829997,0.330812,0.383264,0.448855,-0.515778,0.154893,0.48165,0.342406,0.969553,0.552413,0.0596056,0.179782,0.116181,0.0413818,0.0748956,0.178105,0.923399,0.538236,0.0353016,0.021969,0.415982,0.290439,0.0572647,0.0840579,0.451165,0.393265,0.740962,1.46364,0.393427,0.411845,0.0829881,-0.0748687,0.40396,0.460359,0.0532693,0.0524815,-0.0148507,0.0112429,-0.0208402,1.03887,0.204464,0.0947422
0.349994,-0.544008,-0.0160701,0.434547,0.373368,0.155192,-0.179257,0.43631,0.26771,0.386742,0.117094,0.379739,1.03172,0.98774,0.459038,0.211987,0.0699781,0.655168,0.0872596,1.18467,0.408334,0.691077,1.29176,0.558942,0.491531,0.373446,0.572555,0.829919,0.330394,0.381049,0.448422,-0.515139,0.155176,0.480908,0.339995,0.969556,0.552373,0.0600014,0.180193,0.116693,0.0412345,0.0735578,0.178343,0.920543,0.537198,0.0356628,0.0224113,0.415223,0.288088,0.0565329,0.0837896,0.451134,0.392559,0.737327,1.45971,0.392287,0.41069,0.0831783,-0.0753408,0.402287,0.458847,0.0529391,0.0525216,-0.0143272,0.0102997,-0.0194233,1.03813,0.203081,0.0965886
0.350994,-0.543602,-0.0136154,0.432506,0.372216,0.153777,-0.180302,0.435592,0.266632,0.386667,0.116751,0.375772,1.02914,0.989507,0.457776,0.212613,0.0683025,0.654857,0.0870272,1.1818,0.41019,0.692765,1.29299,0.557997,0.489373,0.374625,0.571575,0.829811,0.329974,0.378815,0.447973,-0.514473,0.155458,0.480191,0.337586,0.969523,0.552319,0.0603933,0.180618,0.117206,0.0410881,0.0722315,0.178577,0.917663,0.536132,0.0360228,0.0228485,0.414459,0.28575,0.0557962,0.0835157,0.451115,0.391858,0.733678,1.45573,0.391163,0.409525,0.0833684,-0.0758088,0.400619,0.457333,0.0526165,0.052563,-0.0138065,0.00937717,-0.0179952,1.03736,0.201706,0.0984098
0.351994,-0.54315,-0.0111181,0.430463,0.371058,0.15236,-0.18133,0.434853,0.265542,0.386582,0.116406,0.371785,1.02652,0.991234,0.456501,0.213224,0.0666272,0.654512,0.0867884,1.17888,0.412045,0.694422,1.29417,0.557037,0.487198,0.375816,0.570577,0.829674,0.329551,0.376562,0.447509,-0.51378,0.155738,0.4795,0.335179,0.969453,0.552251,0.060781,0.181058,0.117721,0.0409425,0.0709168,0.178807,0.914757,0.535038,0.0363815,0.0232807,0.413691,0.283426,0.0550547,0.0832364,0.451108,0.391162,0.730016,1.4517,0.390054,0.40835,0.0835578,-0.0762725,0.398958,0.455819,0.0523015,0.0526054,-0.0132887,0.00847473,-0.016556,1.03655,0.200339,0.100205
0.352994,-0.54265,-0.00857905,0.428418,0.369896,0.150941,-0.182341,0.434095,0.26444,0.386488,0.116059,0.367781,1.02388,0.992921,0.455212,0.213821,0.0649524,0.654132,0.0865433,1.17592,0.4139,0.696048,1.29528,0.556062,0.485006,0.377017,0.56956,0.829507,0.329126,0.374292,0.447031,-0.513062,0.156017,0.478835,0.332774,0.969346,0.55217,0.0611645,0.181514,0.118238,0.0407976,0.0696139,0.179032,0.911828,0.533915,0.0367386,0.0237077,0.412919,0.281117,0.0543085,0.0829517,0.451115,0.39047,0.726341,1.44761,0.388961,0.407165,0.0837461,-0.0767318,0.397302,0.454304,0.0519939,0.0526485,-0.0127739,0.00759193,-0.0151059,1.03572,0.19898,0.101973
0.353994,-0.542104,-0.00599883,0.426371,0.368729,0.149521,-0.183336,0.433316,0.263327,0.386383,0.115709,0.363758,1.02121,0.994569,0.453911,0.214402,0.0632786,0.653719,0.0862919,1.17293,0.415755,0.697643,1.29633,0.555073,0.482796,0.378228,0.568525,0.82931,0.328699,0.372005,0.446537,-0.512317,0.156295,0.478197,0.330372,0.969204,0.552075,0.0615436,0.181987,0.118755,0.0406535,0.0683227,0.179254,0.908874,0.532763,0.0370941,0.0241295,0.412143,0.278822,0.0535578,0.0826617,0.451134,0.389783,0.722653,1.44347,0.387883,0.40597,0.0839326,-0.0771865,0.395651,0.452788,0.0516938,0.0526923,-0.0122623,0.00672836,-0.0136451,1.03486,0.197628,0.103714
0.354994,-0.541512,-0.00337823,0.424321,0.367558,0.148099,-0.184315,0.432517,0.262201,0.386269,0.115357,0.359718,1.01851,0.996177,0.452596,0.214967,0.0616059,0.653273,0.0860342,1.1699,0.417608,0.699208,1.29732,0.554069,0.480571,0.379448,0.567472,0.829084,0.32827,0.369702,0.446029,-0.511547,0.156571,0.477587,0.327974,0.969025,0.551967,0.0619182,0.18248,0.119274,0.0405101,0.0670433,0.179472,0.905896,0.531583,0.0374479,0.0245463,0.411362,0.276542,0.0528027,0.0823665,0.451166,0.389099,0.718954,1.43927,0.386822,0.404766,0.0841172,-0.0776365,0.394007,0.451273,0.0514012,0.0527365,-0.0117539,0.00588381,-0.0121738,1.03398,0.196284,0.105426
0.355994,-0.540874,-0.000717998,0.42227,0.366383,0.146678,-0.185276,0.431697,0.261064,0.386145,0.115003,0.35566,1.01579,0.997745,0.451268,0.215517,0.0599348,0.652793,0.0857702,1.16682,0.41946,0.700741,1.29825,0.553051,0.478329,0.380677,0.566401,0.828829,0.327838,0.367383,0.445506,-0.510751,0.156846,0.477006,0.325579,0.96881,0.551846,0.0622881,0.182991,0.119794,0.0403675,0.0657759,0.179686,0.902893,0.530374,0.0377997,0.0249579,0.410577,0.274276,0.0520434,0.0820662,0.451212,0.388419,0.715242,1.43503,0.385777,0.403552,0.0842995,-0.0780816,0.392368,0.449758,0.0511159,0.0527809,-0.0112489,0.00505844,-0.0106921,1.03306,0.194947,0.107108
0.356994,-0.54019,0.00198106,0.420217,0.365204,0.145256,-0.186222,0.430856,0.259915,0.386011,0.114646,0.351586,1.01304,0.999273,0.449926,0.216051,0.0582656,0.652281,0.0855,1.16371,0.42131,0.702243,1.29912,0.552018,0.476072,0.381915,0.565312,0.828545,0.327404,0.365049,0.444968,-0.509929,0.157119,0.476456,0.32319,0.968558,0.551711,0.0626533,0.183519,0.120315,0.0402255,0.0645205,0.179896,0.899867,0.529137,0.0381493,0.0253644,0.409788,0.272026,0.0512799,0.0817609,0.45127,0.387742,0.71152,1.43073,0.38475,0.402328,0.0844794,-0.0785217,0.390735,0.448244,0.050838,0.0528251,-0.0107474,0.00425308,-0.00920038,1.03211,0.193619,0.10876
0.357994,-0.539462,0.00471815,0.418162,0.36402,0.143834,-0.18715,0.429995,0.258755,0.385867,0.114287,0.347495,1.01026,1.00076,0.448572,0.216568,0.0565986,0.651735,0.0852235,1.16056,0.423159,0.703714,1.29992,0.550971,0.473798,0.38316,0.564206,0.828231,0.326969,0.362701,0.444415,-0.509082,0.157392,0.475938,0.320807,0.968271,0.551564,0.0630137,0.18406,0.120837,0.0400843,0.0632772,0.180102,0.896817,0.527871,0.0384967,0.0257658,0.408995,0.269791,0.0505125,0.0814505,0.451342,0.387068,0.707787,1.42638,0.38374,0.401096,0.0846568,-0.0789566,0.389107,0.44673,0.0505675,0.0528689,-0.0102495,0.00346986,-0.00769876,1.03114,0.192298,0.11038
0.358994,-0.538688,0.00749244,0.416105,0.362832,0.142412,-0.188062,0.429111,0.257583,0.385713,0.113926,0.343389,1.00745,1.00221,0.447204,0.21707,0.0549343,0.651157,0.0849408,1.15738,0.425006,0.705153,1.30066,0.54991,0.47151,0.384413,0.563082,0.827889,0.326531,0.360338,0.443847,-0.50821,0.157663,0.475453,0.318431,0.967948,0.551403,0.063369,0.184612,0.121359,0.0399437,0.0620461,0.180304,0.893743,0.526576,0.0388417,0.0261621,0.408198,0.267571,0.049741,0.0811353,0.451428,0.386397,0.704043,1.42198,0.382749,0.399854,0.0848319,-0.0793862,0.387486,0.445217,0.0503043,0.0529119,-0.00975535,0.00271288,-0.0061875,1.03013,0.190985,0.111968
0.359994,-0.537869,0.0103031,0.414046,0.36164,0.140991,-0.188957,0.428207,0.256399,0.38555,0.113562,0.339268,1.00462,1.00362,0.445823,0.217554,0.0532729,0.650547,0.0846519,1.15415,0.42685,0.70656,1.30134,0.548834,0.469206,0.385671,0.56194,0.827517,0.326092,0.357963,0.443264,-0.507312,0.157932,0.475002,0.316063,0.96759,0.551229,0.0637191,0.18517,0.121882,0.0398037,0.0608272,0.180502,0.890645,0.525252,0.0391841,0.0265532,0.407396,0.265367,0.0489658,0.0808152,0.451527,0.385728,0.70029,1.41752,0.381778,0.398603,0.0850051,-0.0798102,0.38587,0.443706,0.0500484,0.052954,-0.00926498,0.00198762,-0.00466681,1.0291,0.189681,0.113523
0.360994,-0.537006,0.0131493,0.411986,0.360444,0.139571,-0.189835,0.427281,0.255204,0.385377,0.113197,0.335132,1.00177,1.00498,0.44443,0.218021,0.0516149,0.649904,0.0843569,1.15089,0.428692,0.707935,1.30196,0.547744,0.466888,0.386936,0.560781,0.827116,0.325651,0.355575,0.442666,-0.50639,0.1582,0.474585,0.313705,0.967195,0.551042,0.0640641,0.185732,0.122406,0.0396644,0.0596206,0.180696,0.887524,0.523899,0.0395238,0.0269391,0.40659,0.263178,0.0481869,0.0804902,0.45164,0.385062,0.696527,1.41302,0.380828,0.397343,0.0851767,-0.0802285,0.38426,0.442197,0.0497998,0.0529946,-0.00877851,0.00129751,-0.00313694,1.02804,0.188384,0.115045
0.361994,-0.536099,0.0160301,0.409925,0.359244,0.138152,-0.190696,0.426333,0.253998,0.385193,0.112829,0.330982,0.998889,1.00631,0.443023,0.218471,0.0499608,0.649229,0.0840558,1.14759,0.43053,0.709278,1.30252,0.54664,0.464556,0.388205,0.559605,0.826686,0.325208,0.353176,0.442053,-0.505444,0.158467,0.474202,0.311359,0.966765,0.550843,0.0644036,0.186294,0.122929,0.0395256,0.0584264,0.180885,0.884379,0.522517,0.0398606,0.02732,0.40578,0.261005,0.0474042,0.0801605,0.451765,0.384399,0.692755,1.40846,0.379899,0.396073,0.0853476,-0.0806409,0.382657,0.440689,0.0495585,0.0530337,-0.00829603,0.000646491,-0.00159813,1.02694,0.187095,0.116532
0.362994,-0.535148,0.0189447,0.407862,0.35804,0.136734,-0.19154,0.425363,0.25278,0.385001,0.112458,0.326819,0.995985,1.00759,0.441604,0.218904,0.0483109,0.648522,0.0837487,1.14425,0.432366,0.710588,1.30301,0.545522,0.46221,0.389478,0.558411,0.826228,0.324764,0.350765,0.441425,-0.504473,0.158732,0.473851,0.309027,0.9663,0.55063,0.0647376,0.186856,0.123453,0.0393874,0.0572447,0.181071,0.881211,0.521106,0.0401945,0.0276956,0.404966,0.258848,0.046618,0.079826,0.451903,0.383738,0.688974,1.40385,0.378993,0.394796,0.0855184,-0.0810472,0.381059,0.439184,0.0493244,0.0530707,-0.00781763,7.96329e-05,-5.06372e-05,1.02582,0.185815,0.117985
0.363994,-0.534154,0.0218923,0.405798,0.356833,0.135319,-0.192367,0.42437,0.251551,0.384798,0.112086,0.322643,0.993056,1.00884,0.440171,0.219319,0.0466657,0.647784,0.0834355,1.14087,0.434199,0.711866,1.30344,0.544391,0.45985,0.390754,0.557199,0.825741,0.324319,0.348344,0.440782,-0.503477,0.158995,0.473532,0.306711,0.965799,0.550405,0.0650661,0.187416,0.123977,0.0392498,0.0560756,0.181252,0.87802,0.519666,0.0405253,0.0280661,0.404147,0.256708,0.0458283,0.0794867,0.452053,0.38308,0.685186,1.39919,0.378111,0.393509,0.0856901,-0.0814473,0.379467,0.437682,0.0490976,0.0531056,-0.00734336,-0.000420307,0.0015053,1.02467,0.184542,0.119404
0.364994,-0.533116,0.0248719,0.403732,0.355622,0.133905,-0.193177,0.423356,0.250311,0.384585,0.111711,0.318456,0.990103,1.01004,0.438726,0.219715,0.0450256,0.647014,0.0831164,1.13746,0.436028,0.713112,1.30381,0.543245,0.457477,0.392032,0.555971,0.825224,0.323872,0.345913,0.440124,-0.502457,0.159257,0.473242,0.304416,0.965262,0.550167,0.0653888,0.187973,0.124501,0.0391126,0.0549191,0.181428,0.874806,0.518197,0.0408527,0.0284314,0.403324,0.254583,0.0450351,0.0791426,0.452214,0.382425,0.68139,1.39448,0.377253,0.392213,0.0858637,-0.081841,0.377882,0.436184,0.048878,0.0531379,-0.0068733,-0.000869845,0.00306941,1.0235,0.183278,0.120787
0.365994,-0.532035,0.0278828,0.401666,0.354408,0.132495,-0.19397,0.422319,0.249059,0.384363,0.111334,0.314257,0.987127,1.0112,0.437268,0.220094,0.0433914,0.646212,0.0827914,1.134,0.437853,0.714324,1.30411,0.542085,0.455091,0.393312,0.554726,0.82468,0.323424,0.343473,0.439451,-0.501413,0.159517,0.472982,0.302146,0.964691,0.549916,0.0657056,0.188525,0.125025,0.0389759,0.0537753,0.1816,0.871568,0.516699,0.0411768,0.0287915,0.402497,0.252476,0.0442384,0.0787935,0.452384,0.381773,0.677586,1.38973,0.376422,0.390909,0.0860402,-0.082228,0.376302,0.434689,0.0486657,0.0531674,-0.00640749,-0.00126718,0.00464144,1.02229,0.182021,0.122136
0.366994,-0.530911,0.030924,0.399598,0.35319,0.131086,-0.194745,0.421259,0.247796,0.38413,0.110955,0.310048,0.984127,1.01232,0.435797,0.220454,0.0417634,0.64538,0.0824605,1.13051,0.439674,0.715504,1.30436,0.540912,0.452693,0.394592,0.553463,0.824106,0.322976,0.341023,0.438763,-0.500345,0.159775,0.472749,0.299903,0.964084,0.549652,0.0660165,0.189072,0.125549,0.0388397,0.0526444,0.181767,0.868308,0.515171,0.0414971,0.0291464,0.401664,0.250385,0.0434384,0.0784394,0.452564,0.381124,0.673776,1.38492,0.375617,0.389597,0.0862205,-0.0826082,0.37473,0.433198,0.0484605,0.053194,-0.00594595,-0.00162007,0.00622113,1.02105,0.180773,0.123451
0.367994,-0.529745,0.0339946,0.397529,0.351968,0.129682,-0.195504,0.420177,0.246523,0.383888,0.110574,0.30583,0.981105,1.0134,0.434313,0.220796,0.0401423,0.644516,0.0821239,1.12699,0.441491,0.716651,1.30453,0.539725,0.450283,0.395872,0.552183,0.823504,0.322527,0.338565,0.438059,-0.499253,0.160032,0.472544,0.297694,0.963442,0.549376,0.0663214,0.189613,0.126072,0.0387038,0.0515265,0.181929,0.865024,0.513614,0.0418134,0.0294961,0.400828,0.248311,0.0426349,0.0780802,0.452752,0.380479,0.66996,1.38006,0.37484,0.388276,0.0864056,-0.0829814,0.373163,0.431712,0.0482625,0.0532174,-0.00548873,-0.00192951,0.00780821,1.01979,0.179533,0.124732
0.368994,-0.528537,0.0370939,0.395459,0.350744,0.12828,-0.196246,0.419072,0.245238,0.383636,0.110191,0.301603,0.978061,1.01444,0.432817,0.22112,0.0385287,0.643621,0.0817815,1.12342,0.443302,0.717764,1.30465,0.538524,0.447861,0.397151,0.550887,0.822874,0.322077,0.336099,0.437341,-0.498138,0.160287,0.472366,0.295521,0.962764,0.549088,0.0666201,0.190146,0.126595,0.0385683,0.0504216,0.182086,0.861718,0.512028,0.0421253,0.0298405,0.399986,0.246255,0.0418279,0.0777157,0.452948,0.379838,0.666138,1.37515,0.37409,0.386946,0.0865963,-0.0833473,0.371604,0.430231,0.0480718,0.0532374,-0.00503581,-0.00218842,0.00940243,1.0185,0.178301,0.125979
0.369994,-0.527286,0.0402208,0.393389,0.349516,0.126882,-0.19697,0.417944,0.243942,0.383374,0.109806,0.297369,0.974994,1.01544,0.431308,0.221425,0.0369234,0.642696,0.0814335,1.11982,0.445109,0.718844,1.3047,0.537311,0.445428,0.398428,0.549573,0.822215,0.321627,0.333626,0.436608,-0.496999,0.160539,0.472217,0.293387,0.962052,0.548787,0.0669127,0.190673,0.127118,0.0384331,0.0493298,0.182238,0.858389,0.510412,0.0424324,0.0301797,0.399139,0.244216,0.0410175,0.0773461,0.453151,0.3792,0.662311,1.3702,0.373368,0.385609,0.0867934,-0.0837058,0.370051,0.428755,0.0478882,0.0532539,-0.00458719,-0.00238649,0.0110035,1.01717,0.177077,0.127193
0.370994,-0.525994,0.0433747,0.391317,0.348285,0.125489,-0.197677,0.416794,0.242636,0.383102,0.109418,0.293128,0.971905,1.0164,0.429787,0.221711,0.0353271,0.64174,0.0810798,1.11618,0.446911,0.719891,1.30469,0.536083,0.442984,0.399702,0.548243,0.821528,0.321177,0.331145,0.43586,-0.495836,0.16079,0.472095,0.291294,0.961304,0.548473,0.0671988,0.191192,0.12764,0.0382982,0.0482514,0.182385,0.855038,0.508767,0.0427342,0.0305136,0.398288,0.242194,0.0402036,0.0769714,0.453361,0.378567,0.65848,1.36519,0.372675,0.384263,0.0869974,-0.0840566,0.368506,0.427285,0.0477118,0.0532667,-0.00414284,-0.0025181,0.0126112,1.01582,0.175861,0.128375
0.371994,-0.524661,0.0465544,0.389245,0.347051,0.1241,-0.198367,0.41562,0.241319,0.38282,0.109029,0.288882,0.968795,1.01731,0.428253,0.22198,0.0337403,0.640753,0.0807206,1.11251,0.448707,0.720904,1.30462,0.534843,0.44053,0.400972,0.546896,0.820812,0.320728,0.328657,0.435097,-0.49465,0.161039,0.472,0.289243,0.960522,0.548147,0.0674787,0.191702,0.128161,0.0381636,0.0471863,0.182525,0.851664,0.507092,0.0430301,0.0308422,0.397431,0.24019,0.039386,0.0765917,0.453577,0.377938,0.654644,1.36014,0.37201,0.382909,0.087209,-0.0843995,0.366967,0.425821,0.0475426,0.0532757,-0.00370272,-0.002588,0.0142253,1.01444,0.174653,0.129525
0.372994,-0.523286,0.0497593,0.387171,0.345814,0.122715,-0.19904,0.414424,0.239991,0.382528,0.108638,0.284632,0.965665,1.01819,0.426706,0.22223,0.0321639,0.639736,0.080356,1.10879,0.450498,0.721883,1.30448,0.533589,0.438066,0.402238,0.545532,0.820068,0.320278,0.326162,0.434319,-0.493441,0.161285,0.471928,0.287233,0.959705,0.547809,0.067752,0.192203,0.128682,0.0380291,0.0461349,0.18266,0.848268,0.505388,0.0433193,0.0311654,0.39657,0.238205,0.0385648,0.0762072,0.453801,0.377313,0.650804,1.35504,0.371372,0.381547,0.0874284,-0.0847343,0.365437,0.424362,0.0473806,0.0532808,-0.00326678,-0.00260479,0.0158454,1.01303,0.173453,0.130644
0.373994,-0.52187,0.0529884,0.385097,0.344574,0.121336,-0.199696,0.413204,0.238653,0.382227,0.108244,0.28038,0.962513,1.01902,0.425148,0.222462,0.0305986,0.638689,0.0799858,1.10505,0.452282,0.722828,1.30428,0.532323,0.435592,0.403498,0.544152,0.819296,0.319829,0.323661,0.433525,-0.492208,0.161529,0.471876,0.285264,0.958852,0.547458,0.0680188,0.192695,0.129202,0.0378948,0.0450971,0.182789,0.844849,0.503654,0.0436012,0.0314834,0.395703,0.236237,0.0377398,0.0758182,0.454032,0.376693,0.646962,1.34989,0.370763,0.380176,0.0876562,-0.0850608,0.363915,0.42291,0.0472258,0.0532819,-0.00283495,-0.00257509,0.0174714,1.0116,0.172261,0.131733
0.374994,-0.520414,0.0562409,0.383022,0.343332,0.119962,-0.200335,0.411962,0.237304,0.381915,0.107849,0.276126,0.959341,1.01981,0.423576,0.222677,0.0290449,0.637611,0.0796104,1.10126,0.454059,0.72374,1.30402,0.531043,0.433108,0.404751,0.542754,0.818496,0.319381,0.321154,0.432717,-0.490953,0.161771,0.47184,0.283335,0.957965,0.547095,0.068279,0.193177,0.129721,0.0377606,0.0440731,0.182911,0.841408,0.50189,0.043875,0.0317959,0.39483,0.234288,0.036911,0.0754248,0.454272,0.376077,0.643117,1.34469,0.370182,0.378798,0.0878923,-0.0853787,0.362401,0.421463,0.0470782,0.0532789,-0.00240713,-0.00250411,0.019103,1.01013,0.171077,0.132792
0.375994,-0.518917,0.0595158,0.380947,0.342087,0.118594,-0.200956,0.410697,0.235945,0.381593,0.107452,0.271871,0.956149,1.02056,0.421993,0.222873,0.0275037,0.636503,0.0792296,1.09744,0.45583,0.724617,1.30369,0.529751,0.430617,0.405998,0.541341,0.817668,0.318934,0.318641,0.431894,-0.489674,0.162011,0.471816,0.281443,0.957043,0.54672,0.0685326,0.193649,0.130239,0.0376264,0.0430632,0.183027,0.837945,0.500097,0.0441397,0.0321031,0.393952,0.232357,0.0360782,0.0750274,0.454522,0.375465,0.639269,1.33945,0.369629,0.377412,0.0881371,-0.0856878,0.360897,0.420021,0.0469378,0.0532718,-0.00198325,-0.00239691,0.02074,1.00863,0.169901,0.133822
0.376994,-0.51738,0.0628123,0.378871,0.340839,0.117233,-0.20156,0.40941,0.234576,0.381262,0.107053,0.267619,0.952937,1.02126,0.420398,0.223052,0.0259755,0.635366,0.0788435,1.09358,0.457593,0.725461,1.3033,0.528446,0.428116,0.407237,0.53991,0.816812,0.318488,0.316122,0.431056,-0.488373,0.162248,0.471801,0.279586,0.956086,0.546332,0.0687795,0.194111,0.130756,0.0374922,0.0420674,0.183136,0.834459,0.498274,0.0443945,0.0324048,0.393069,0.230445,0.0352415,0.0746261,0.454783,0.374858,0.635421,1.33416,0.369103,0.376018,0.0883906,-0.0859879,0.359401,0.418585,0.0468046,0.0532605,-0.00156318,-0.00225837,0.022382,1.00711,0.168733,0.134824
0.377994,-0.515804,0.0661295,0.376794,0.339589,0.115878,-0.202147,0.408099,0.233196,0.380921,0.106652,0.26337,0.949706,1.02193,0.41879,0.223213,0.024461,0.634198,0.0784522,1.08969,0.459349,0.72627,1.30284,0.527128,0.425608,0.408467,0.538463,0.815929,0.318044,0.313598,0.430203,-0.487049,0.162483,0.471792,0.277759,0.955095,0.545932,0.0690197,0.194562,0.131272,0.037358,0.041086,0.183239,0.830952,0.496421,0.0446385,0.0327011,0.392179,0.228552,0.0344007,0.074221,0.455057,0.374254,0.631571,1.32882,0.368605,0.374616,0.0886527,-0.0862787,0.357915,0.417154,0.0466787,0.0532448,-0.00114684,-0.00209262,0.024029,1.00556,0.167573,0.135798
0.378994,-0.514187,0.0694665,0.374717,0.338337,0.114529,-0.202717,0.406767,0.231807,0.380569,0.106249,0.259125,0.946456,1.02255,0.41717,0.223357,0.0229611,0.633001,0.0780558,1.08576,0.461097,0.727044,1.30233,0.525798,0.423092,0.409689,0.537,0.815018,0.317601,0.31107,0.429335,-0.485702,0.162715,0.471788,0.275961,0.954068,0.54552,0.0692532,0.195002,0.131788,0.0372236,0.040119,0.183333,0.827423,0.494538,0.0448708,0.0329919,0.391284,0.226678,0.0335559,0.0738122,0.455346,0.373656,0.627721,1.32344,0.368135,0.373206,0.0889235,-0.08656,0.35644,0.415728,0.04656,0.0532249,-0.000734099,-0.00190278,0.0256806,1.00397,0.166421,0.136744
0.379994,-0.512531,0.0728224,0.372639,0.337082,0.113188,-0.20327,0.405412,0.230408,0.380208,0.105844,0.254888,0.943188,1.02314,0.415538,0.223484,0.0214765,0.631775,0.0776542,1.0818,0.462837,0.727784,1.30174,0.524455,0.420569,0.4109,0.53552,0.814079,0.31716,0.308537,0.428453,-0.484333,0.162945,0.471788,0.274188,0.953008,0.545096,0.0694799,0.195431,0.132302,0.0370891,0.0391668,0.183421,0.823872,0.492626,0.0450903,0.0332772,0.390383,0.224823,0.0327072,0.0734,0.45565,0.373061,0.623871,1.31801,0.367692,0.371789,0.0892029,-0.0868317,0.354974,0.414307,0.0464486,0.0532005,-0.000324856,-0.00169123,0.0273366,1.00236,0.165277,0.137663
0.380994,-0.510836,0.0761963,0.37056,0.335825,0.111855,-0.203805,0.404035,0.228999,0.379837,0.105438,0.250659,0.939901,1.02368,0.413894,0.223593,0.0200084,0.630518,0.0772475,1.0778,0.464568,0.72849,1.3011,0.5231,0.41804,0.412101,0.534023,0.813113,0.316721,0.306,0.427556,-0.482941,0.163173,0.471794,0.272439,0.951912,0.54466,0.0696998,0.195848,0.132814,0.0369543,0.0382294,0.1835,0.820299,0.490683,0.0452962,0.0335571,0.389475,0.222988,0.0318547,0.0729843,0.455971,0.37247,0.620021,1.31254,0.367276,0.370364,0.0894907,-0.0870933,0.35352,0.412891,0.0463444,0.0531717,8.09999e-05,-0.00145978,0.0289968,1.00072,0.16414,0.138556
0.381994,-0.509102,0.0795873,0.368481,0.334567,0.110529,-0.204324,0.402637,0.227581,0.379455,0.105029,0.246441,0.936596,1.02417,0.412239,0.223686,0.0185578,0.629233,0.0768357,1.07376,0.46629,0.729161,1.30039,0.521733,0.415504,0.41329,0.53251,0.81212,0.316284,0.30346,0.426644,-0.481527,0.163398,0.471808,0.270713,0.950782,0.544211,0.069913,0.196253,0.133326,0.0368192,0.037307,0.183572,0.816704,0.48871,0.0454877,0.0338314,0.388562,0.221172,0.0309987,0.0725652,0.456307,0.371882,0.616173,1.30702,0.366888,0.368931,0.0897868,-0.0873448,0.352077,0.411479,0.0462476,0.0531383,0.000483573,-0.00120985,0.030661,0.999047,0.163011,0.139422
0.382994,-0.50733,0.0829944,0.366402,0.333306,0.109212,-0.204825,0.401217,0.226154,0.379064,0.104619,0.242236,0.933274,1.02463,0.410571,0.223761,0.0171263,0.627918,0.0764189,1.06969,0.468003,0.729797,1.29962,0.520353,0.412962,0.414468,0.530981,0.8111,0.315849,0.300916,0.425717,-0.480091,0.163621,0.471834,0.269013,0.949617,0.543751,0.0701195,0.196647,0.133836,0.0366837,0.0363999,0.183635,0.813088,0.486708,0.045664,0.0341002,0.387642,0.219377,0.0301394,0.0721429,0.456656,0.371298,0.612326,1.30145,0.366528,0.367491,0.0900908,-0.087586,0.350646,0.410072,0.0461581,0.0531003,0.00088296,-0.000942321,0.032329,0.997347,0.16189,0.140263
0.383994,-0.505519,0.0864168,0.364322,0.332043,0.107904,-0.205309,0.399775,0.224717,0.378663,0.104207,0.238047,0.929934,1.02505,0.408892,0.223819,0.0157161,0.626574,0.075997,1.06559,0.469706,0.730399,1.29878,0.518962,0.410414,0.415633,0.529435,0.810053,0.315417,0.29837,0.424775,-0.478632,0.163841,0.471874,0.267342,0.948418,0.543278,0.0703192,0.197028,0.134346,0.0365478,0.0355082,0.183689,0.809451,0.484675,0.0458245,0.0343634,0.386715,0.217601,0.0292771,0.0717174,0.457019,0.370717,0.608482,1.29584,0.366197,0.366043,0.0904025,-0.0878166,0.349227,0.408669,0.0460759,0.0530577,0.00127925,-0.000657438,0.0340005,0.995617,0.160777,0.141077
0.384994,-0.50367,0.0898535,0.362241,0.330779,0.106604,-0.205777,0.398312,0.223271,0.378252,0.103794,0.233876,0.926578,1.02542,0.407201,0.223861,0.0143301,0.625201,0.07557,1.06145,0.471398,0.730965,1.29788,0.517559,0.407862,0.416786,0.527873,0.808979,0.314986,0.295823,0.42382,-0.477151,0.164059,0.471931,0.265713,0.947184,0.542794,0.0705122,0.197397,0.134853,0.0364114,0.034632,0.183735,0.805792,0.482611,0.0459687,0.0346211,0.385782,0.215845,0.028412,0.0712888,0.457391,0.370139,0.60464,1.29019,0.365893,0.364588,0.0907216,-0.0880364,0.347821,0.407271,0.0460011,0.0530103,0.00167251,-0.00035477,0.0356754,0.993857,0.159671,0.141866
0.385994,-0.501783,0.0933035,0.360161,0.329513,0.105314,-0.206227,0.396829,0.221817,0.37783,0.103379,0.229726,0.923206,1.02575,0.405498,0.223886,0.0129731,0.623799,0.075138,1.05728,0.47308,0.731497,1.29692,0.516144,0.405305,0.417924,0.526295,0.807879,0.314558,0.293274,0.422849,-0.475649,0.164274,0.472004,0.264149,0.945916,0.542297,0.0706985,0.197754,0.13536,0.0362745,0.0337716,0.183772,0.802112,0.480518,0.0460962,0.0348733,0.384843,0.214109,0.0275445,0.0708572,0.457771,0.369563,0.600802,1.28449,0.365618,0.363125,0.0910477,-0.0882452,0.346429,0.405878,0.0459337,0.0529581,0.00206282,-3.33782e-05,0.0373534,0.992068,0.158572,0.14263
0.386994,-0.499858,0.0967658,0.35808,0.328246,0.104034,-0.20666,0.395324,0.220354,0.377399,0.102962,0.225599,0.919817,1.02604,0.403784,0.223895,0.0116533,0.622369,0.074701,1.05307,0.474752,0.731993,1.29589,0.514717,0.402743,0.419049,0.5247,0.806752,0.314132,0.290725,0.421864,-0.474124,0.164488,0.472086,0.262666,0.944614,0.541788,0.0708782,0.198098,0.135865,0.0361368,0.0329271,0.183799,0.798411,0.478394,0.046207,0.0351199,0.383896,0.212394,0.0266749,0.0704227,0.458158,0.36899,0.596967,1.27875,0.365372,0.361655,0.0913803,-0.088443,0.345052,0.40449,0.0458737,0.0529011,0.00245022,0.000307833,0.0390344,0.990249,0.157481,0.143369
0.387994,-0.497897,0.10024,0.355999,0.326977,0.102763,-0.207076,0.393799,0.218883,0.376958,0.102543,0.221499,0.916413,1.02628,0.402058,0.223887,0.0103831,0.62091,0.0742588,1.04883,0.476412,0.732454,1.2948,0.513279,0.400178,0.420159,0.523088,0.8056,0.313707,0.288176,0.420865,-0.472578,0.164699,0.472169,0.261248,0.943277,0.541268,0.0710513,0.198429,0.136369,0.0359985,0.0320987,0.183817,0.794689,0.476239,0.046301,0.035361,0.382943,0.210699,0.0258033,0.0699854,0.45855,0.368417,0.593138,1.27297,0.365155,0.360177,0.0917191,-0.0886295,0.343691,0.403107,0.0458212,0.0528393,0.00283475,0.000669272,0.0407182,0.9884,0.156397,0.144082
0.388994,-0.495898,0.103724,0.353917,0.325707,0.101503,-0.207476,0.392254,0.217404,0.376507,0.102123,0.217429,0.912993,1.02649,0.400321,0.223864,0.00917379,0.619422,0.0738115,1.04455,0.47806,0.732881,1.29365,0.511829,0.39761,0.421255,0.521461,0.804422,0.313284,0.285629,0.419852,-0.47101,0.164908,0.472245,0.259875,0.941906,0.540735,0.071218,0.198747,0.136871,0.0358593,0.0312865,0.183825,0.790946,0.474054,0.0463784,0.0355965,0.381983,0.209025,0.0249302,0.0695455,0.458947,0.367847,0.589313,1.26714,0.364966,0.358692,0.0920635,-0.0888046,0.342347,0.40173,0.0457761,0.0527726,0.00321643,0.00104967,0.0424045,0.986521,0.15532,0.14477
0.389994,-0.493862,0.107217,0.351835,0.324436,0.100254,-0.207858,0.39069,0.215917,0.376046,0.101702,0.213392,0.909559,1.02665,0.398573,0.223824,0.00802422,0.617906,0.073359,1.04025,0.479696,0.733272,1.29243,0.510369,0.395039,0.422334,0.519817,0.803218,0.312863,0.283084,0.418825,-0.46942,0.165115,0.472306,0.25854,0.9405,0.54019,0.0713781,0.199051,0.137372,0.0357193,0.0304907,0.183822,0.787182,0.471837,0.0464392,0.0358265,0.381016,0.207372,0.0240556,0.0691032,0.459346,0.367277,0.585493,1.26127,0.364806,0.3572,0.0924133,-0.0889682,0.341022,0.40036,0.0457384,0.0527011,0.00359528,0.00144612,0.0440932,0.984612,0.154251,0.145434
0.390994,-0.49179,0.110718,0.349753,0.323163,0.0990154,-0.208223,0.389105,0.214423,0.375575,0.101278,0.209392,0.90611,1.02677,0.396813,0.223769,0.00692641,0.616362,0.0729013,1.0359,0.481319,0.733628,1.29115,0.508897,0.392465,0.423398,0.518157,0.801988,0.312442,0.280542,0.417783,-0.467808,0.165319,0.472349,0.257237,0.93906,0.539633,0.0715319,0.199343,0.137872,0.0355783,0.0297114,0.183809,0.783398,0.46959,0.0464833,0.036051,0.380042,0.205739,0.0231799,0.0686588,0.45975,0.366709,0.58168,1.25536,0.364675,0.3557,0.0927679,-0.0891201,0.339718,0.398996,0.0457083,0.0526247,0.0039713,0.00185516,0.0457841,0.982672,0.153188,0.146072
0.391994,-0.489682,0.114227,0.347671,0.32189,0.097788,-0.208572,0.387501,0.212922,0.375094,0.100854,0.205432,0.902647,1.02685,0.395042,0.223699,0.00587866,0.614789,0.0724382,1.03153,0.48293,0.733948,1.28981,0.507415,0.389889,0.424445,0.51648,0.800734,0.312022,0.278004,0.416728,-0.466175,0.165523,0.472374,0.255962,0.937586,0.539065,0.0716794,0.199621,0.13837,0.0354362,0.0289487,0.183785,0.779594,0.467311,0.0465107,0.0362699,0.379061,0.204127,0.0223033,0.0682125,0.460157,0.366141,0.577873,1.2494,0.364572,0.354192,0.0931268,-0.0892605,0.338434,0.397639,0.0456857,0.0525437,0.00434445,0.00227361,0.047477,0.980703,0.152133,0.146686
0.392994,-0.487537,0.117741,0.345589,0.320615,0.096572,-0.208904,0.385878,0.211414,0.374602,0.100427,0.201516,0.89917,1.02688,0.39326,0.223613,0.00488656,0.613189,0.0719698,1.02713,0.484528,0.734233,1.28841,0.505922,0.387312,0.425475,0.514787,0.799454,0.311603,0.275471,0.415658,-0.464521,0.165724,0.47239,0.254709,0.936078,0.538484,0.0718207,0.199885,0.138867,0.035293,0.0282027,0.18375,0.775769,0.465001,0.0465213,0.0364833,0.378072,0.202537,0.0214258,0.0677648,0.460568,0.365574,0.574074,1.24341,0.364498,0.352678,0.0934897,-0.089389,0.337172,0.396289,0.0456706,0.052458,0.00471473,0.00269877,0.0491718,0.978703,0.151085,0.147274
0.393994,-0.485357,0.121261,0.343507,0.31934,0.0953677,-0.209219,0.384235,0.209899,0.374101,0.0999995,0.197649,0.895681,1.02688,0.391467,0.223512,0.00395617,0.611561,0.0714958,1.02269,0.486112,0.734483,1.28694,0.504419,0.384734,0.426487,0.513078,0.79815,0.311184,0.272945,0.414575,-0.462846,0.165924,0.472406,0.253473,0.934536,0.537892,0.0719559,0.200136,0.139362,0.0351486,0.0274736,0.183703,0.771924,0.462659,0.046515,0.0366911,0.377076,0.200967,0.0205478,0.0673161,0.460984,0.365007,0.570282,1.23738,0.364451,0.351156,0.0938561,-0.0895059,0.335933,0.394947,0.045663,0.0523677,0.0050821,0.00312835,0.0508682,0.976673,0.150043,0.147837
0.394994,-0.483141,0.124784,0.341424,0.318065,0.0941752,-0.209518,0.382574,0.208378,0.37359,0.0995702,0.193833,0.892178,1.02683,0.389663,0.223396,0.00308799,0.609906,0.0710163,1.01822,0.487682,0.734697,1.28541,0.502905,0.382155,0.427482,0.511352,0.796822,0.310764,0.270425,0.413479,-0.461149,0.166122,0.472423,0.252249,0.93296,0.537287,0.072085,0.200373,0.139856,0.0350029,0.0267614,0.183645,0.768059,0.460284,0.0464923,0.0368933,0.376073,0.199418,0.0196692,0.066867,0.461407,0.364441,0.566498,1.2313,0.364432,0.349626,0.0942257,-0.089611,0.334717,0.393613,0.045663,0.052273,0.00544649,0.0035603,0.052566,0.974612,0.149009,0.148376
0.395993,-0.480891,0.128309,0.339342,0.316788,0.0929949,-0.2098,0.380894,0.206851,0.37307,0.0991395,0.190074,0.888663,1.02674,0.387848,0.223266,0.00227856,0.608222,0.0705312,1.01372,0.489238,0.734876,1.28381,0.501382,0.379576,0.428459,0.509611,0.795469,0.310345,0.267914,0.412369,-0.459431,0.16632,0.472441,0.25103,0.93135,0.536671,0.0722083,0.200596,0.140348,0.0348557,0.0260662,0.183575,0.764174,0.457877,0.0464538,0.0370899,0.375063,0.197891,0.0187904,0.0664179,0.461836,0.363875,0.562724,1.22518,0.364441,0.34809,0.0945983,-0.0897044,0.333524,0.392287,0.0456706,0.052174,0.00580787,0.00399276,0.0542652,0.97252,0.147981,0.148889
0.396993,-0.478605,0.131835,0.33726,0.315511,0.0918268,-0.210065,0.379196,0.205319,0.372539,0.0987073,0.186375,0.885137,1.02661,0.386023,0.223121,0.00152312,0.606512,0.0700402,1.00919,0.490779,0.73502,1.28216,0.499848,0.376996,0.429416,0.507853,0.794092,0.309925,0.265413,0.411245,-0.457692,0.166516,0.472453,0.249804,0.929706,0.536042,0.0723257,0.200805,0.140839,0.0347071,0.0253882,0.183491,0.76027,0.455437,0.0464006,0.0372809,0.374045,0.196385,0.0179114,0.065969,0.462273,0.363309,0.558958,1.21903,0.364477,0.346546,0.0949736,-0.089786,0.332354,0.390969,0.0456857,0.0520708,0.00616617,0.0044239,0.0559655,0.970397,0.146959,0.149377
0.397993,-0.476285,0.13536,0.335178,0.314234,0.0906711,-0.210313,0.377479,0.203782,0.371998,0.0982738,0.182741,0.881598,1.02643,0.384186,0.222962,0.000817908,0.604774,0.0695433,1.00462,0.492305,0.735128,1.28044,0.498306,0.374417,0.430355,0.506078,0.792691,0.309505,0.262921,0.410109,-0.455932,0.166712,0.472455,0.248562,0.928029,0.535402,0.0724374,0.201,0.141328,0.0345569,0.0247273,0.183395,0.756347,0.452962,0.0463337,0.0374662,0.37302,0.1949,0.0170323,0.0655205,0.462718,0.362743,0.555202,1.21284,0.36454,0.344995,0.0953515,-0.0898561,0.331209,0.389658,0.0457084,0.0519635,0.00652131,0.00485188,0.0576667,0.968244,0.145944,0.149839
0.398993,-0.47393,0.138884,0.333096,0.312956,0.0895281,-0.210545,0.375744,0.202241,0.371447,0.0978389,0.179175,0.878049,1.02621,0.382339,0.222789,0.000161183,0.60301,0.0690403,1.00003,0.493816,0.7352,1.27866,0.496754,0.371838,0.431274,0.504287,0.791267,0.309084,0.260442,0.408959,-0.454151,0.166907,0.472442,0.247309,0.926317,0.53475,0.0725436,0.20118,0.141816,0.034405,0.0240837,0.183286,0.752404,0.450453,0.046254,0.0376457,0.371987,0.193436,0.0161532,0.0650721,0.463172,0.362177,0.551456,1.2066,0.36463,0.343436,0.0957321,-0.0899145,0.33009,0.388354,0.0457387,0.0518524,0.00687324,0.00527472,0.0593687,0.966059,0.144936,0.150276
0.399993,-0.471541,0.142404,0.331014,0.311679,0.0883976,-0.210761,0.373991,0.200695,0.370887,0.0974026,0.175683,0.874489,1.02595,0.380482,0.222602,-0.000447705,0.601218,0.0685311,0.995411,0.495312,0.735238,1.27682,0.495193,0.36926,0.432172,0.50248,0.789818,0.308664,0.257975,0.407797,-0.45235,0.167101,0.47241,0.246063,0.924572,0.534086,0.0726444,0.201347,0.142303,0.0342513,0.0234574,0.183163,0.748443,0.447908,0.0461624,0.0378194,0.370946,0.191994,0.0152742,0.0646235,0.463636,0.36161,0.547722,1.20033,0.364747,0.34187,0.0961156,-0.0899615,0.328998,0.387057,0.0457765,0.0517376,0.00722186,0.00569019,0.0610713,0.963843,0.143933,0.150687
0.400993,-0.469119,0.145919,0.328933,0.310401,0.08728,-0.21096,0.37222,0.199146,0.370317,0.096965,0.172268,0.87092,1.02565,0.378614,0.222402,-0.00100921,0.5994,0.0680155,0.99076,0.496791,0.735239,1.27491,0.493624,0.366683,0.433051,0.500657,0.788347,0.308244,0.255522,0.406622,-0.450528,0.167296,0.472357,0.244843,0.922793,0.53341,0.0727398,0.201499,0.142788,0.0340958,0.0228485,0.183026,0.744463,0.445326,0.0460596,0.0379872,0.369898,0.190572,0.0143953,0.0641744,0.464108,0.361043,0.543998,1.19402,0.364891,0.340297,0.0965027,-0.0899971,0.327933,0.385767,0.0458219,0.0516192,0.00756711,0.00609589,0.0627744,0.961596,0.142937,0.151073
0.401993,-0.466663,0.149427,0.326852,0.309123,0.0861753,-0.211143,0.370431,0.197593,0.369736,0.096526,0.168935,0.867341,1.02531,0.376735,0.222187,-0.00152373,0.597556,0.0674934,0.98608,0.498255,0.735205,1.27295,0.492046,0.364106,0.433908,0.498818,0.786852,0.307825,0.253083,0.405434,-0.448685,0.167491,0.47228,0.243666,0.920981,0.532722,0.07283,0.201636,0.143272,0.0339382,0.022257,0.182875,0.740464,0.442706,0.045946,0.0381491,0.368842,0.189173,0.0135166,0.0637245,0.464589,0.360476,0.540286,1.18768,0.365061,0.338716,0.096894,-0.0900214,0.326898,0.384484,0.0458749,0.0514973,0.00790891,0.00648958,0.0644776,0.959317,0.141948,0.151432
0.402993,-0.464174,0.152926,0.324771,0.307845,0.0850834,-0.21131,0.368624,0.196038,0.369146,0.0960857,0.165687,0.863753,1.02492,0.374847,0.22196,-0.00199161,0.595685,0.0669647,0.981372,0.499702,0.735136,1.27092,0.490461,0.36153,0.434745,0.496962,0.785334,0.307408,0.250661,0.404234,-0.446822,0.167686,0.472173,0.242535,0.919136,0.532023,0.0729152,0.201759,0.143754,0.0337786,0.0216831,0.182708,0.736448,0.440048,0.0458217,0.0383051,0.367779,0.187794,0.0126381,0.0632736,0.465077,0.359908,0.536587,1.18129,0.365258,0.337129,0.09729,-0.0900345,0.325892,0.383207,0.0459353,0.0513722,0.00824716,0.00686965,0.066181,0.957006,0.140964,0.151765
0.403993,-0.461652,0.156414,0.322691,0.306567,0.0840046,-0.21146,0.3668,0.194481,0.368547,0.0956442,0.162529,0.860156,1.02449,0.372948,0.221719,-0.00241318,0.593789,0.066429,0.976635,0.501132,0.735031,1.26883,0.488868,0.358956,0.43556,0.49509,0.783792,0.306994,0.248255,0.403022,-0.444939,0.167882,0.472032,0.241441,0.917257,0.531312,0.0729956,0.201867,0.144235,0.0336168,0.0211267,0.182526,0.732413,0.437349,0.045687,0.038455,0.366708,0.186437,0.0117598,0.0628215,0.465569,0.35934,0.5329,1.17488,0.365481,0.335533,0.097691,-0.0900365,0.324917,0.381938,0.0460033,0.0512438,0.0085818,0.00723569,0.0678842,0.954664,0.139986,0.152072
0.404993,-0.459098,0.15989,0.320611,0.30529,0.0829387,-0.211594,0.364957,0.192922,0.367937,0.0952014,0.159466,0.856551,1.02402,0.371039,0.221465,-0.00278885,0.591866,0.0658863,0.971871,0.502545,0.734891,1.26668,0.487267,0.356382,0.436353,0.493202,0.782228,0.306584,0.245868,0.401797,-0.443035,0.168079,0.471851,0.240377,0.915345,0.530589,0.0730712,0.201961,0.144715,0.0334527,0.020588,0.182329,0.728361,0.434608,0.0455419,0.0385988,0.365629,0.185101,0.0108817,0.0623681,0.466064,0.358772,0.529227,1.16842,0.36573,0.333931,0.0980963,-0.0900276,0.323975,0.380675,0.0460788,0.0511122,0.00891272,0.0075886,0.0695871,0.95229,0.139014,0.152353
0.405993,-0.456511,0.16335,0.318533,0.304012,0.0818858,-0.211712,0.363097,0.191361,0.367318,0.0947573,0.1565,0.85294,1.02351,0.369121,0.221198,-0.00311903,0.589918,0.0653363,0.96708,0.50394,0.734715,1.26447,0.48566,0.353809,0.437123,0.491297,0.78064,0.306178,0.243499,0.400562,-0.441112,0.168277,0.471622,0.23934,0.9134,0.529855,0.0731422,0.20204,0.145193,0.0332863,0.0200671,0.182115,0.724291,0.431824,0.045386,0.0387366,0.364543,0.183786,0.0100038,0.0619135,0.466561,0.358203,0.525567,1.16193,0.366006,0.332321,0.0985051,-0.0900078,0.323068,0.37942,0.0461617,0.0509777,0.00923986,0.00793035,0.0712896,0.949884,0.138048,0.152607
0.406993,-0.453892,0.166793,0.316454,0.302736,0.0808458,-0.211813,0.36122,0.189801,0.366689,0.0943121,0.153637,0.849321,1.02296,0.367192,0.220918,-0.00340397,0.587944,0.0647787,0.962263,0.505319,0.734504,1.2622,0.484046,0.351238,0.437872,0.489376,0.779029,0.305779,0.241151,0.399314,-0.439168,0.168477,0.47134,0.238337,0.911422,0.529108,0.0732089,0.202105,0.14567,0.0331173,0.019564,0.181885,0.720205,0.428995,0.0452194,0.0388683,0.363449,0.182493,0.00912594,0.0614575,0.46706,0.357633,0.521922,1.1554,0.366308,0.330704,0.0989162,-0.0899772,0.322195,0.378171,0.046252,0.0508401,0.00956312,0.00826361,0.0729915,0.947446,0.137087,0.152835
0.407993,-0.451241,0.170215,0.314377,0.301459,0.0798188,-0.211899,0.359324,0.18824,0.366051,0.0938656,0.150881,0.845696,1.02236,0.365254,0.220626,-0.00364365,0.585945,0.0642133,0.957419,0.506679,0.734258,1.25987,0.482425,0.348668,0.438597,0.48744,0.777396,0.305386,0.238824,0.398055,-0.437205,0.168678,0.471007,0.237422,0.909411,0.528351,0.0732714,0.202154,0.146146,0.0329457,0.0190788,0.181637,0.716101,0.42612,0.0450415,0.0389938,0.362347,0.181221,0.00824831,0.0610003,0.467562,0.357064,0.518291,1.14884,0.366636,0.329079,0.0993291,-0.0899359,0.321359,0.37693,0.0463498,0.0506994,0.00988242,0.00859128,0.0746926,0.944976,0.136132,0.153036
0.408993,-0.448559,0.173615,0.312301,0.300184,0.0788046,-0.211969,0.357412,0.186679,0.365402,0.0934179,0.148235,0.842065,1.02172,0.363306,0.220321,-0.00383792,0.583921,0.0636399,0.95255,0.508021,0.733976,1.25748,0.480798,0.3461,0.439299,0.485486,0.775738,0.305002,0.236518,0.396785,-0.435222,0.168882,0.470627,0.236633,0.907367,0.527581,0.0733299,0.202189,0.14662,0.0327714,0.0186117,0.181372,0.711982,0.423199,0.0448521,0.0391131,0.361238,0.17997,0.00737099,0.0605419,0.468067,0.356494,0.514676,1.14225,0.36699,0.327447,0.0997434,-0.0898841,0.320561,0.375695,0.0464548,0.0505558,0.0101977,0.0089161,0.0763926,0.942473,0.135183,0.15321
0.409993,-0.445846,0.17699,0.310225,0.298909,0.0778032,-0.212023,0.355481,0.18512,0.364745,0.0929691,0.145707,0.838429,1.02104,0.361349,0.220003,-0.00398683,0.581872,0.0630581,0.947655,0.509346,0.733659,1.25503,0.479165,0.343534,0.439979,0.483517,0.774058,0.304626,0.234236,0.395504,-0.433219,0.169087,0.470208,0.235879,0.905291,0.526801,0.0733846,0.202209,0.147094,0.0325943,0.0181627,0.18109,0.707846,0.420231,0.0446506,0.0392261,0.36012,0.17874,0.00649417,0.0600825,0.468572,0.355925,0.511076,1.13562,0.36737,0.325808,0.100159,-0.0898218,0.319803,0.374467,0.0465672,0.0504089,0.0105088,0.00924047,0.0780915,0.939938,0.134239,0.153357
0.410993,-0.443102,0.180338,0.308151,0.297634,0.0768145,-0.212061,0.353534,0.183562,0.364078,0.0925191,0.143299,0.834789,1.02032,0.359382,0.219674,-0.0040911,0.579798,0.0624676,0.942736,0.510651,0.733307,1.25253,0.477525,0.340971,0.440634,0.481532,0.772355,0.304261,0.231977,0.394212,-0.431197,0.169296,0.469754,0.235137,0.903182,0.526008,0.0734357,0.202214,0.147566,0.0324142,0.0177321,0.180789,0.703694,0.417216,0.0444367,0.0393324,0.358995,0.177532,0.00561816,0.059622,0.469074,0.355355,0.507492,1.12896,0.367776,0.324161,0.100575,-0.0897492,0.319086,0.373244,0.0466869,0.0502589,0.0108157,0.00956637,0.0797891,0.93737,0.133301,0.153477
0.411993,-0.440328,0.183656,0.306078,0.29636,0.0758383,-0.212083,0.35157,0.182007,0.363401,0.092068,0.141019,0.831144,1.01956,0.357406,0.219332,-0.00415216,0.5777,0.0618681,0.937793,0.511939,0.732919,1.24996,0.475881,0.33841,0.441267,0.47953,0.770628,0.303907,0.229743,0.39291,-0.429155,0.169507,0.469271,0.234398,0.901041,0.525205,0.0734836,0.202205,0.148037,0.0322312,0.0173199,0.180469,0.699527,0.414156,0.0442097,0.0394317,0.357863,0.176345,0.00474329,0.0591608,0.469572,0.354785,0.503925,1.12227,0.368206,0.322506,0.100992,-0.0896663,0.318414,0.372028,0.0468137,0.0501054,0.0111183,0.00989538,0.0814852,0.934769,0.132367,0.15357
0.412993,-0.437523,0.186941,0.304006,0.295088,0.0748746,-0.212089,0.349588,0.180453,0.362715,0.0916158,0.138871,0.827497,1.01875,0.355421,0.218979,-0.0041719,0.575578,0.0612592,0.932827,0.513207,0.732497,1.24733,0.47423,0.335854,0.441875,0.477512,0.768878,0.303564,0.227534,0.391597,-0.427094,0.169721,0.468763,0.233661,0.898868,0.52439,0.0735285,0.20218,0.148507,0.0320449,0.0169263,0.18013,0.695345,0.411051,0.043969,0.0395236,0.356722,0.17518,0.00386994,0.0586989,0.470062,0.354216,0.500376,1.11555,0.368661,0.320845,0.101411,-0.0895734,0.317786,0.370817,0.0469478,0.0499483,0.0114166,0.0102288,0.0831795,0.932136,0.131439,0.153636
0.413993,-0.434689,0.190192,0.301936,0.293816,0.0739233,-0.21208,0.34759,0.178903,0.362019,0.0911625,0.136862,0.823847,1.01791,0.353428,0.218614,-0.00415221,0.573432,0.0606405,0.927838,0.514457,0.732039,1.24465,0.472573,0.333301,0.44246,0.475479,0.767105,0.303234,0.225351,0.390275,-0.425014,0.169939,0.468231,0.232929,0.896663,0.523564,0.0735707,0.202141,0.148976,0.0318554,0.0165516,0.179772,0.691148,0.407905,0.0437142,0.0396075,0.355574,0.174035,0.0029985,0.0582366,0.470544,0.353647,0.496843,1.10879,0.369141,0.319175,0.10183,-0.0894705,0.317203,0.369612,0.0470889,0.0497873,0.0117104,0.0105675,0.084872,0.929469,0.130516,0.153676
0.414993,-0.431825,0.193406,0.299867,0.292545,0.0729841,-0.212055,0.345576,0.177357,0.361315,0.0907081,0.134998,0.820195,1.01702,0.351425,0.218238,-0.00409465,0.571263,0.0600118,0.922826,0.515687,0.731546,1.24191,0.470911,0.330754,0.443021,0.473429,0.765308,0.302916,0.223193,0.388943,-0.422916,0.170159,0.467677,0.232209,0.894426,0.522727,0.0736105,0.202087,0.149444,0.0316626,0.0161958,0.179394,0.686937,0.40472,0.0434446,0.0396826,0.354418,0.172913,0.00212933,0.0577741,0.471015,0.353079,0.493329,1.10201,0.369643,0.317499,0.102251,-0.0893578,0.316662,0.368411,0.0472371,0.0496222,0.0119997,0.0109123,0.0865624,0.92677,0.129598,0.153688
0.415993,-0.428932,0.196582,0.2978,0.291275,0.0720569,-0.212015,0.343546,0.175814,0.360601,0.0902526,0.133286,0.816541,1.01609,0.349413,0.217851,-0.00400028,0.569069,0.0593726,0.917792,0.516898,0.731019,1.23911,0.469243,0.328214,0.443559,0.471363,0.763489,0.302612,0.221063,0.387601,-0.420798,0.170383,0.467101,0.23151,0.892157,0.521879,0.0736483,0.202018,0.149912,0.0314663,0.0158592,0.178997,0.682712,0.4015,0.0431598,0.0397481,0.353255,0.171811,0.00126276,0.0573117,0.471476,0.352511,0.489834,1.09519,0.370166,0.315814,0.102673,-0.0892356,0.316159,0.367216,0.0473922,0.0494527,0.0122844,0.0112636,0.0882505,0.924037,0.128685,0.153674
0.416993,-0.42601,0.199719,0.295735,0.290006,0.0711415,-0.211959,0.3415,0.174277,0.359877,0.0897961,0.13173,0.812887,1.01512,0.347393,0.217453,-0.00386963,0.566853,0.0587226,0.912737,0.51809,0.730457,1.23625,0.46757,0.325682,0.444072,0.469281,0.761646,0.302322,0.218959,0.38625,-0.418662,0.17061,0.466506,0.230836,0.889857,0.52102,0.0736845,0.201934,0.150378,0.0312663,0.0155422,0.178579,0.678474,0.398249,0.0428593,0.0398031,0.352083,0.170732,0.000399118,0.0568496,0.471925,0.351945,0.486357,1.08834,0.370711,0.314123,0.103097,-0.0891039,0.315692,0.366025,0.0475543,0.0492785,0.0125645,0.0116219,0.0899362,0.921271,0.127777,0.153634
0.417993,-0.423059,0.202813,0.293671,0.288738,0.0702379,-0.211887,0.339439,0.172744,0.359145,0.0893387,0.130336,0.809233,1.0141,0.345365,0.217045,-0.00370271,0.564614,0.0580615,0.907662,0.519263,0.729859,1.23334,0.46589,0.323161,0.444562,0.467184,0.759779,0.302046,0.216881,0.384891,-0.416507,0.17084,0.46589,0.230193,0.887526,0.520151,0.0737195,0.201836,0.150844,0.0310627,0.0152448,0.17814,0.674223,0.39497,0.0425425,0.0398465,0.350904,0.169674,-0.000461298,0.0563878,0.472362,0.351379,0.4829,1.08147,0.371274,0.312423,0.103523,-0.0889629,0.315258,0.364839,0.0477233,0.0490994,0.0128399,0.0119872,0.0916194,0.918472,0.126874,0.153567
0.418993,-0.42008,0.205864,0.29161,0.287471,0.0693457,-0.211801,0.337364,0.171216,0.358403,0.0888802,0.129108,0.805579,1.01305,0.343329,0.216627,-0.00349907,0.562351,0.0573891,0.902566,0.520416,0.729228,1.23037,0.464205,0.320653,0.445028,0.46507,0.75789,0.301783,0.21483,0.383522,-0.414334,0.171072,0.465255,0.229594,0.885164,0.51927,0.0737536,0.201723,0.151309,0.0308553,0.0149675,0.177681,0.669959,0.391669,0.0422093,0.0398771,0.349717,0.168639,-0.00131816,0.0559265,0.472786,0.350815,0.479463,1.07457,0.371854,0.310716,0.10395,-0.088813,0.314855,0.363658,0.0478991,0.0489151,0.0131107,0.0123597,0.0932997,0.915639,0.125975,0.153474
0.419993,-0.417073,0.208869,0.289551,0.286205,0.0684649,-0.211699,0.335276,0.169694,0.357653,0.0884207,0.128047,0.801927,1.01196,0.341284,0.216199,-0.00325771,0.560067,0.0567051,0.89745,0.521549,0.728561,1.22734,0.462514,0.318162,0.44547,0.462941,0.755977,0.301535,0.212806,0.382145,-0.412143,0.171307,0.464601,0.229065,0.88277,0.518379,0.0737873,0.201595,0.151773,0.0306439,0.0147104,0.177201,0.665683,0.388348,0.0418591,0.0398934,0.348523,0.167625,-0.00217109,0.0554657,0.473196,0.350253,0.476047,1.06763,0.372451,0.309002,0.10438,-0.0886542,0.314481,0.362481,0.0480816,0.0487256,0.0133768,0.0127394,0.094977,0.912772,0.125081,0.153355
0.420993,-0.414039,0.211828,0.287494,0.284941,0.0675953,-0.211581,0.333174,0.168179,0.356893,0.0879603,0.127153,0.798277,1.01082,0.339232,0.215762,-0.00297713,0.557759,0.0560095,0.892316,0.522663,0.727861,1.22426,0.460817,0.315693,0.445889,0.460796,0.754041,0.3013,0.210807,0.38076,-0.409934,0.171541,0.463929,0.228592,0.880346,0.517478,0.073821,0.201453,0.152237,0.0304285,0.0144741,0.1767,0.661395,0.385013,0.0414916,0.0398933,0.34732,0.166634,-0.00301966,0.0550055,0.473591,0.349692,0.472651,1.06067,0.373061,0.307279,0.104811,-0.0884869,0.314134,0.361308,0.0482708,0.0485308,0.0136382,0.013126,0.0966511,0.909872,0.124192,0.15321
0.421993,-0.410977,0.214739,0.285439,0.283678,0.0667367,-0.211449,0.331059,0.166669,0.356125,0.087499,0.126424,0.79463,1.00964,0.337172,0.215316,-0.00265555,0.55543,0.0553021,0.887164,0.523757,0.727125,1.22112,0.459113,0.313249,0.446284,0.458635,0.752082,0.30108,0.208834,0.379367,-0.407707,0.171774,0.463238,0.228136,0.877891,0.516566,0.0738548,0.201295,0.152701,0.030209,0.0142587,0.176178,0.657097,0.381668,0.0411063,0.0398749,0.34611,0.165664,-0.00386335,0.0545457,0.47397,0.349133,0.469277,1.05369,0.373683,0.30555,0.105244,-0.0883113,0.313813,0.360139,0.0484667,0.0483308,0.0138949,0.0135195,0.0983219,0.906938,0.123308,0.15304
0.422993,-0.407888,0.217599,0.283388,0.282416,0.0658889,-0.211301,0.328933,0.165167,0.355347,0.0870368,0.125857,0.790986,1.00842,0.335105,0.214862,-0.00229167,0.55308,0.054583,0.881993,0.524832,0.726356,1.21793,0.457404,0.310837,0.446656,0.456458,0.7501,0.300872,0.206886,0.377967,-0.405462,0.172004,0.462529,0.22767,0.875406,0.515644,0.0738892,0.201124,0.153164,0.0299852,0.0140648,0.175635,0.652787,0.378316,0.0407028,0.0398366,0.344893,0.164718,-0.00470157,0.0540865,0.474333,0.348576,0.465925,1.04667,0.374315,0.303812,0.105679,-0.0881275,0.313518,0.358974,0.0486691,0.0481256,0.0141471,0.0139195,0.0999891,0.90397,0.122428,0.152845
0.423993,-0.404773,0.220409,0.281339,0.281156,0.0650518,-0.211139,0.326796,0.163672,0.354561,0.0865737,0.125446,0.787347,1.00717,0.33303,0.214399,-0.0018853,0.550707,0.0538523,0.876806,0.525886,0.725552,1.21468,0.455688,0.30846,0.447004,0.454266,0.748095,0.300678,0.204962,0.376559,-0.403199,0.17223,0.461802,0.227211,0.872891,0.514713,0.0739241,0.200938,0.153627,0.029757,0.0138928,0.17507,0.648468,0.374961,0.0402807,0.0397783,0.343667,0.163794,-0.0055337,0.0536279,0.47468,0.348022,0.462595,1.03963,0.374957,0.302067,0.106116,-0.0879359,0.313246,0.357812,0.0488779,0.0479155,0.0143947,0.014326,0.101653,0.900968,0.121552,0.152625
0.424993,-0.401631,0.223165,0.279293,0.279897,0.0642253,-0.210961,0.32465,0.162184,0.353767,0.0861097,0.125186,0.783712,1.00587,0.330948,0.213929,-0.00143676,0.548313,0.0531101,0.871602,0.526921,0.724715,1.21138,0.453965,0.306125,0.447329,0.452058,0.746067,0.300497,0.203062,0.375145,-0.40092,0.172449,0.461057,0.226783,0.870347,0.513771,0.0739598,0.200737,0.15409,0.0295244,0.013743,0.174484,0.644139,0.371607,0.0398398,0.0397006,0.342434,0.162893,-0.00635907,0.05317,0.475008,0.347471,0.459288,1.03257,0.375605,0.300314,0.106554,-0.0877365,0.312996,0.356654,0.0490933,0.0477008,0.0146379,0.0147385,0.103312,0.897932,0.120681,0.15238
0.425993,-0.398464,0.225866,0.27725,0.278639,0.0634091,-0.210769,0.322494,0.160703,0.352963,0.085645,0.12507,0.780083,1.00453,0.32886,0.213451,-0.000946096,0.545899,0.0523568,0.866383,0.527937,0.723843,1.20803,0.452237,0.303835,0.447631,0.449835,0.744017,0.300329,0.201186,0.373724,-0.398623,0.172661,0.460295,0.226392,0.867772,0.51282,0.0739962,0.200522,0.154552,0.0292872,0.0136161,0.173876,0.639802,0.368257,0.0393803,0.0396038,0.341193,0.162015,-0.00717703,0.0527129,0.475319,0.346922,0.456005,1.02548,0.37626,0.298553,0.106994,-0.0875298,0.312765,0.355499,0.0493149,0.0474819,0.0148769,0.0151568,0.104968,0.894862,0.119815,0.152111
0.426993,-0.395271,0.228513,0.275211,0.277383,0.0626032,-0.210561,0.320329,0.15923,0.352151,0.0851794,0.125092,0.776461,1.00315,0.326764,0.212966,-0.000412814,0.543463,0.0515924,0.861149,0.528932,0.722938,1.20462,0.450501,0.301596,0.44791,0.447596,0.741944,0.300173,0.199332,0.372296,-0.396309,0.172865,0.459516,0.226042,0.865168,0.511859,0.0740332,0.200292,0.155015,0.0290453,0.0135125,0.173247,0.635456,0.364913,0.038903,0.0394868,0.339945,0.16116,-0.00798696,0.052257,0.47561,0.346377,0.452745,1.01837,0.376919,0.296785,0.107435,-0.0873158,0.312551,0.354347,0.0495429,0.0472589,0.0151118,0.0155805,0.106619,0.891758,0.118953,0.151818
0.427993,-0.392052,0.231103,0.273175,0.276128,0.0618075,-0.210339,0.318157,0.157765,0.351331,0.0847131,0.125244,0.772846,1.00173,0.324663,0.212475,0.000163608,0.541007,0.0508174,0.8559,0.529908,0.721999,1.20117,0.44876,0.299411,0.448165,0.445342,0.739848,0.300029,0.197502,0.370863,-0.393978,0.17306,0.458719,0.225734,0.862535,0.510889,0.0740705,0.200048,0.155477,0.0287986,0.0134329,0.172597,0.631102,0.361577,0.0384088,0.0393458,0.338689,0.160329,-0.00878826,0.0518023,0.475883,0.345836,0.44951,1.01123,0.377582,0.295009,0.107878,-0.0870948,0.31235,0.353198,0.0497772,0.0470323,0.0153427,0.0160095,0.108266,0.88862,0.118095,0.151502
0.428993,-0.388809,0.233635,0.271143,0.274875,0.0610218,-0.210103,0.315979,0.156309,0.350502,0.084246,0.125522,0.769239,1.00027,0.322555,0.211977,0.000783043,0.538531,0.0500319,0.850638,0.530864,0.721027,1.19765,0.447012,0.297285,0.448398,0.443073,0.73773,0.299897,0.195695,0.369424,-0.39163,0.173245,0.457906,0.225468,0.859873,0.50991,0.0741078,0.19979,0.15594,0.0285471,0.0133778,0.171926,0.626742,0.358251,0.037899,0.0391727,0.337425,0.159521,-0.0095804,0.0513493,0.476137,0.345298,0.446299,1.00407,0.378247,0.293225,0.108321,-0.0868671,0.312161,0.352052,0.0500176,0.0468023,0.01557,0.0164432,0.109908,0.885447,0.117242,0.151163
0.429993,-0.385541,0.23611,0.269115,0.273623,0.060246,-0.209851,0.313795,0.15486,0.349665,0.0837783,0.125918,0.76564,0.998769,0.320441,0.211472,0.00144462,0.536034,0.0492363,0.845362,0.5318,0.720021,1.19409,0.445257,0.295222,0.448607,0.440789,0.73559,0.299777,0.19391,0.367979,-0.389266,0.173419,0.457077,0.225244,0.857183,0.508922,0.0741448,0.199518,0.156403,0.0282905,0.013348,0.171234,0.622375,0.354937,0.0373749,0.0389516,0.336153,0.158737,-0.0103629,0.0508983,0.47637,0.344765,0.443114,0.996889,0.378914,0.291433,0.108764,-0.0866327,0.311982,0.350909,0.0502642,0.0465691,0.015794,0.0168816,0.111545,0.88224,0.116393,0.1508
0.430993,-0.382249,0.238526,0.267091,0.272373,0.0594801,-0.209585,0.311605,0.15342,0.34882,0.0833098,0.126427,0.762051,0.99723,0.318322,0.210962,0.00214728,0.533518,0.0484307,0.840075,0.532717,0.718983,1.19048,0.443497,0.293228,0.448793,0.438489,0.733429,0.299669,0.192148,0.366529,-0.386886,0.173583,0.456231,0.22506,0.854464,0.507925,0.074181,0.199231,0.156866,0.0280288,0.0133441,0.170521,0.618002,0.351635,0.0368378,0.0386765,0.334874,0.157977,-0.0111351,0.0504496,0.476584,0.344236,0.439954,0.989685,0.379582,0.289633,0.109207,-0.0863919,0.311813,0.349768,0.0505168,0.0463331,0.016015,0.0173241,0.113177,0.878999,0.115548,0.150415
0.431993,-0.378934,0.240883,0.265071,0.271125,0.0587241,-0.209305,0.309412,0.151988,0.347966,0.0828408,0.127044,0.758472,0.995651,0.316197,0.210446,0.00289011,0.530982,0.0476152,0.834776,0.533614,0.717911,1.18682,0.44173,0.291307,0.448956,0.436175,0.731245,0.299573,0.19041,0.365075,-0.38449,0.173737,0.455369,0.224917,0.851716,0.50692,0.0742158,0.198931,0.15733,0.027762,0.0133669,0.169788,0.613624,0.348345,0.0362892,0.0383769,0.333587,0.15724,-0.0118967,0.0500035,0.476777,0.343712,0.436821,0.982459,0.380249,0.287825,0.10965,-0.086145,0.311653,0.34863,0.0507754,0.0460943,0.0162333,0.0177706,0.114804,0.875724,0.114708,0.150008
0.432993,-0.375594,0.243181,0.263055,0.269878,0.0579778,-0.20901,0.307215,0.150565,0.347105,0.0823712,0.127764,0.754903,0.994032,0.314066,0.209925,0.00367243,0.528428,0.0467899,0.829467,0.534492,0.716806,1.1831,0.439957,0.289463,0.449096,0.433846,0.72904,0.299489,0.188695,0.363616,-0.382078,0.173883,0.454492,0.224814,0.848941,0.505906,0.0742487,0.198616,0.157794,0.0274898,0.0134172,0.169034,0.609242,0.345069,0.0357303,0.0380629,0.332293,0.156529,-0.0126471,0.0495603,0.476949,0.343193,0.433714,0.975212,0.380915,0.28601,0.110091,-0.0858921,0.311502,0.347495,0.05104,0.0458527,0.0164493,0.0182207,0.116425,0.872413,0.113872,0.149578
0.433993,-0.372232,0.24542,0.261045,0.268632,0.0572413,-0.2087,0.305016,0.14915,0.346235,0.081901,0.128583,0.751347,0.992374,0.311931,0.209398,0.0044937,0.525854,0.0459547,0.824148,0.535351,0.715668,1.17934,0.438177,0.287701,0.449212,0.431502,0.726813,0.299417,0.187004,0.362152,-0.379649,0.174027,0.4536,0.224749,0.846139,0.504885,0.074279,0.198287,0.158259,0.0272123,0.0134959,0.168261,0.604857,0.341805,0.0351624,0.0377368,0.330991,0.155842,-0.0133857,0.0491204,0.477102,0.342679,0.430635,0.967945,0.381581,0.284186,0.110532,-0.0856334,0.311361,0.346362,0.0513104,0.0456085,0.0166637,0.0186741,0.118041,0.869069,0.113041,0.149127
0.434993,-0.368847,0.247598,0.259039,0.267388,0.0565145,-0.208377,0.302814,0.147745,0.345358,0.0814303,0.129498,0.747802,0.990678,0.309792,0.208866,0.00535346,0.523261,0.0451093,0.81882,0.53619,0.714498,1.17553,0.436393,0.286021,0.449305,0.429143,0.724566,0.299358,0.185338,0.360685,-0.377206,0.174176,0.452692,0.224721,0.843309,0.503855,0.0743063,0.197945,0.158724,0.0269292,0.0136039,0.167467,0.600468,0.338553,0.0345867,0.0373978,0.329681,0.15518,-0.0141118,0.048684,0.477233,0.342171,0.427583,0.960659,0.382244,0.282355,0.11097,-0.0853691,0.311228,0.345231,0.0515867,0.0453616,0.0168767,0.0191305,0.119651,0.86569,0.112213,0.148654
0.435993,-0.36544,0.249718,0.257038,0.266146,0.0557976,-0.208039,0.300611,0.146348,0.344473,0.0809591,0.130504,0.744271,0.988942,0.307647,0.20833,0.00625133,0.52065,0.0442534,0.813483,0.537011,0.713296,1.17167,0.434602,0.284428,0.449374,0.42677,0.722297,0.299313,0.183697,0.359215,-0.374747,0.174326,0.45177,0.22473,0.840452,0.502818,0.0743298,0.197588,0.15919,0.0266406,0.0137422,0.166655,0.596078,0.335314,0.0340044,0.0370451,0.328364,0.154543,-0.0148248,0.0482513,0.477343,0.341669,0.424559,0.953354,0.382905,0.280516,0.111406,-0.0850994,0.311106,0.344103,0.0518688,0.0451119,0.0170888,0.0195897,0.121254,0.862276,0.111391,0.148161
0.436993,-0.362011,0.251777,0.255043,0.264905,0.0550904,-0.207687,0.298408,0.144959,0.34358,0.0804875,0.131598,0.740753,0.987167,0.305499,0.207788,0.00718695,0.51802,0.0433865,0.80814,0.537812,0.712061,1.16776,0.432806,0.282923,0.44942,0.424382,0.720008,0.299281,0.182082,0.357741,-0.372273,0.174471,0.450834,0.224775,0.837568,0.501774,0.0743488,0.197218,0.159656,0.0263464,0.0139117,0.165823,0.591687,0.332085,0.0334165,0.0366806,0.327039,0.153932,-0.015524,0.0478226,0.477432,0.341173,0.421564,0.94603,0.383564,0.278669,0.11184,-0.0848245,0.310994,0.342978,0.0521566,0.0448593,0.0173007,0.0200514,0.122852,0.858828,0.110572,0.147646
0.437993,-0.35856,0.253776,0.253054,0.263666,0.0543932,-0.20732,0.296205,0.14358,0.342679,0.0800156,0.132778,0.73725,0.985354,0.303347,0.207241,0.00816009,0.515373,0.0425081,0.80279,0.538594,0.710795,1.16381,0.431005,0.281508,0.449442,0.42198,0.717698,0.299265,0.180494,0.356265,-0.369784,0.174606,0.449884,0.224855,0.834658,0.500722,0.0743628,0.196834,0.160124,0.0260463,0.0141134,0.164973,0.587295,0.328867,0.032824,0.0363074,0.325707,0.153347,-0.016212,0.0473981,0.477499,0.340684,0.418598,0.938688,0.384219,0.276813,0.11227,-0.0845447,0.310893,0.341855,0.0524501,0.0446034,0.0175126,0.0205152,0.124443,0.855346,0.109758,0.147111
0.438993,-0.355087,0.255716,0.25107,0.262429,0.053706,-0.20694,0.294002,0.14221,0.341771,0.0795434,0.134042,0.733762,0.983503,0.301191,0.20669,0.0091707,0.512707,0.0416175,0.797434,0.539358,0.709497,1.15981,0.429199,0.280186,0.44944,0.419564,0.715369,0.299266,0.178934,0.354786,-0.36728,0.174731,0.448921,0.224969,0.831722,0.499664,0.074371,0.196437,0.160592,0.0257405,0.0143485,0.164105,0.582904,0.325659,0.0322277,0.0359276,0.324367,0.152789,-0.0169379,0.0469778,0.477546,0.340201,0.415661,0.931329,0.384872,0.27495,0.112696,-0.0842601,0.310803,0.340734,0.0527492,0.0443442,0.0177251,0.020981,0.126028,0.851829,0.108948,0.146556
0.439993,-0.351594,0.257595,0.249093,0.261194,0.0530289,-0.206546,0.291801,0.140849,0.340855,0.0790709,0.135387,0.730289,0.981613,0.299032,0.206135,0.010219,0.510025,0.0407141,0.792074,0.540103,0.708167,1.15576,0.427389,0.27896,0.449415,0.417134,0.713019,0.299284,0.177402,0.353304,-0.364762,0.174846,0.447945,0.225116,0.828759,0.498599,0.0743728,0.196025,0.16106,0.0254287,0.0146181,0.163219,0.578514,0.322459,0.0316283,0.0355414,0.323021,0.152259,-0.0176589,0.0465621,0.47757,0.339725,0.412755,0.923953,0.38552,0.273079,0.113118,-0.083971,0.310724,0.339616,0.0530538,0.0440813,0.0179387,0.0214486,0.127606,0.848277,0.108143,0.145981
0.440993,-0.348081,0.259415,0.247121,0.25996,0.0523621,-0.206138,0.289602,0.139497,0.339932,0.0785982,0.136812,0.726833,0.979685,0.29687,0.205575,0.0113053,0.507325,0.0397975,0.786711,0.54083,0.706805,1.15167,0.425574,0.277834,0.449365,0.41469,0.710649,0.299321,0.175901,0.351821,-0.362229,0.174956,0.446957,0.225297,0.825772,0.497528,0.0743675,0.1956,0.16153,0.025111,0.0149232,0.162316,0.574126,0.319269,0.0310266,0.0351476,0.321667,0.151757,-0.0183619,0.046151,0.477574,0.339256,0.40988,0.916561,0.386166,0.271199,0.113536,-0.0836776,0.310653,0.3385,0.053364,0.0438143,0.018154,0.0219176,0.129177,0.844691,0.107343,0.145386
0.441993,-0.344548,0.261176,0.245157,0.258728,0.0517058,-0.205716,0.287405,0.138154,0.339002,0.0781254,0.138316,0.723394,0.97772,0.294705,0.20501,0.0124305,0.504608,0.0388674,0.781344,0.541538,0.705412,1.14754,0.423755,0.276812,0.449292,0.412233,0.70826,0.299379,0.17443,0.350336,-0.359682,0.175066,0.445957,0.225509,0.822758,0.496451,0.0743544,0.195162,0.162,0.0247871,0.0152649,0.161395,0.569742,0.316086,0.0304232,0.0347444,0.320306,0.151283,-0.0190453,0.0457447,0.477555,0.338793,0.407036,0.909153,0.386807,0.269312,0.113948,-0.0833801,0.310591,0.337387,0.0536796,0.0435428,0.0183716,0.0223879,0.130741,0.84107,0.106547,0.144772
0.442993,-0.340994,0.262877,0.243199,0.257498,0.0510602,-0.20528,0.28521,0.13682,0.338065,0.0776525,0.139898,0.719972,0.975717,0.292537,0.204442,0.0135951,0.501874,0.0379239,0.775976,0.542228,0.703989,1.14336,0.421933,0.275898,0.449194,0.409761,0.705852,0.299459,0.172991,0.34885,-0.357121,0.17518,0.444946,0.225752,0.81972,0.495369,0.0743329,0.19471,0.162471,0.0244572,0.0156444,0.160459,0.565362,0.312911,0.0298188,0.0343293,0.318938,0.150839,-0.0197077,0.0453434,0.477515,0.338338,0.404224,0.901731,0.387444,0.267416,0.114355,-0.0830788,0.310537,0.336276,0.0540006,0.0432667,0.0185925,0.0228592,0.132298,0.837415,0.105755,0.144139
0.443993,-0.337422,0.264519,0.241249,0.256269,0.0504256,-0.20483,0.283019,0.135496,0.33712,0.0771796,0.141556,0.716569,0.973676,0.290368,0.203868,0.0147993,0.499124,0.0369676,0.770607,0.5429,0.702534,1.13913,0.420108,0.2751,0.449073,0.407277,0.703426,0.299563,0.171585,0.347363,-0.354547,0.175293,0.443924,0.226025,0.816658,0.494281,0.0743022,0.194245,0.162943,0.024121,0.0160628,0.159506,0.560987,0.309742,0.029214,0.0338997,0.317564,0.150425,-0.0203479,0.0449474,0.477452,0.33789,0.401444,0.894294,0.388077,0.265512,0.114756,-0.0827739,0.310489,0.335167,0.054327,0.0429854,0.0188173,0.0233315,0.133847,0.833726,0.104968,0.143487
0.444993,-0.33383,0.266102,0.239306,0.255043,0.0498022,-0.204367,0.280832,0.134181,0.336168,0.0767068,0.143289,0.713185,0.971598,0.288197,0.203291,0.0160426,0.496358,0.0359992,0.765239,0.543554,0.701049,1.13487,0.418281,0.274424,0.448928,0.404779,0.70098,0.299693,0.170213,0.345875,-0.351958,0.1754,0.442893,0.226329,0.81357,0.493187,0.0742616,0.193766,0.163415,0.0237786,0.0165211,0.158537,0.556617,0.30658,0.0286092,0.0334511,0.316183,0.150043,-0.0209645,0.0445568,0.477368,0.337448,0.398698,0.886843,0.388706,0.2636,0.115151,-0.0824657,0.310447,0.334061,0.0546586,0.0426987,0.0190468,0.0238046,0.135388,0.830002,0.104186,0.142817
0.445993,-0.33022,0.267628,0.237371,0.253818,0.0491905,-0.20389,0.278649,0.132875,0.33521,0.0762341,0.145097,0.70982,0.969484,0.286024,0.202709,0.0173245,0.493576,0.0350197,0.759871,0.544191,0.699534,1.13056,0.416451,0.273878,0.448758,0.402268,0.698517,0.299849,0.168875,0.344387,-0.349357,0.175496,0.441851,0.226665,0.810459,0.492089,0.0742105,0.193274,0.163888,0.0234298,0.0170204,0.157553,0.552255,0.303423,0.028005,0.032972,0.314797,0.149693,-0.0215565,0.044172,0.477262,0.337014,0.395985,0.879379,0.38933,0.26168,0.115539,-0.0821543,0.31041,0.332957,0.0549956,0.0424063,0.0192809,0.0242784,0.136922,0.826244,0.103409,0.142129
0.446993,-0.326592,0.269096,0.235444,0.252596,0.0485906,-0.203399,0.27647,0.13158,0.334245,0.0757617,0.146979,0.706475,0.967332,0.28385,0.202123,0.0186445,0.490778,0.0340305,0.754506,0.54481,0.697988,1.12621,0.41462,0.273469,0.448565,0.399744,0.696035,0.300033,0.167573,0.342899,-0.346742,0.175579,0.440801,0.227033,0.807324,0.490987,0.0741479,0.192769,0.164362,0.0230747,0.0175616,0.156555,0.547901,0.300273,0.0274019,0.0324475,0.313406,0.149376,-0.0221225,0.0437933,0.477134,0.336586,0.393308,0.871903,0.38995,0.259752,0.115921,-0.08184,0.31038,0.331855,0.0553377,0.0421081,0.0195194,0.0247528,0.138447,0.822451,0.102636,0.141423
0.447993,-0.322947,0.270507,0.233525,0.251375,0.0480031,-0.202895,0.274296,0.130294,0.333272,0.0752896,0.148932,0.70315,0.965145,0.281676,0.201533,0.0200024,0.487964,0.033033,0.749143,0.545413,0.696412,1.12182,0.412788,0.2732,0.448347,0.397207,0.693536,0.300243,0.166307,0.341411,-0.344115,0.175648,0.439743,0.227436,0.804166,0.48988,0.0740731,0.19225,0.164836,0.0227132,0.0181458,0.155542,0.543556,0.297127,0.0268003,0.0318855,0.31201,0.149093,-0.0226612,0.0434209,0.476983,0.336166,0.390665,0.864415,0.390565,0.257816,0.116296,-0.081523,0.310355,0.330756,0.055685,0.041804,0.0197615,0.0252277,0.139964,0.818624,0.101869,0.1407
0.448993,-0.319284,0.271863,0.231614,0.250156,0.0474283,-0.202378,0.272127,0.129018,0.332294,0.0748179,0.150955,0.699846,0.962921,0.279501,0.200939,0.0213978,0.485136,0.0320288,0.743785,0.545997,0.694807,1.11739,0.410955,0.273075,0.448106,0.394658,0.691019,0.30048,0.165078,0.339924,-0.341475,0.175702,0.438677,0.227877,0.800985,0.488769,0.0739851,0.191719,0.16531,0.0223452,0.0187738,0.154514,0.53922,0.293986,0.0262009,0.0312941,0.31061,0.148846,-0.0231716,0.0430548,0.47681,0.335752,0.388059,0.856915,0.391175,0.255871,0.116664,-0.0812034,0.310335,0.329659,0.0560373,0.041494,0.0200069,0.0257031,0.141473,0.814763,0.101106,0.13996
0.449993,-0.315604,0.273162,0.229713,0.24894,0.0468666,-0.201847,0.269964,0.127753,0.331308,0.0743467,0.153046,0.696564,0.96066,0.277326,0.20034,0.0228306,0.482292,0.0310195,0.738432,0.546566,0.693172,1.11293,0.409122,0.273093,0.447841,0.392097,0.688485,0.300743,0.163887,0.338437,-0.338822,0.175741,0.437604,0.228365,0.797781,0.487655,0.0738831,0.191174,0.165785,0.0219706,0.0194465,0.153473,0.534896,0.29085,0.0256039,0.0306738,0.309207,0.148635,-0.0236526,0.0426951,0.476615,0.335344,0.385489,0.849404,0.391779,0.253918,0.117026,-0.0808813,0.310318,0.328565,0.0563948,0.041178,0.020255,0.026179,0.142974,0.810868,0.100349,0.139203
0.450993,-0.311907,0.274408,0.22782,0.247725,0.0463185,-0.201303,0.267806,0.126498,0.330317,0.0738761,0.155201,0.693304,0.958364,0.275151,0.199736,0.0243002,0.479434,0.030007,0.733085,0.547117,0.691508,1.10842,0.40729,0.273252,0.447552,0.389523,0.685935,0.301031,0.162733,0.336952,-0.336157,0.17578,0.436525,0.228905,0.794554,0.486538,0.0737658,0.190617,0.16626,0.0215896,0.0201647,0.152419,0.530584,0.287719,0.0250098,0.030024,0.307802,0.148461,-0.0241031,0.0423412,0.476398,0.334943,0.382956,0.841883,0.392379,0.251957,0.11738,-0.0805568,0.310304,0.327474,0.0567572,0.0408563,0.0205057,0.0266554,0.144465,0.806938,0.0995962,0.138431
0.451993,-0.308195,0.275599,0.225937,0.246513,0.0457845,-0.200746,0.265655,0.125255,0.329319,0.0734063,0.157418,0.690066,0.956033,0.272977,0.199129,0.0258057,0.476561,0.0289932,0.727745,0.547652,0.689815,1.10387,0.405459,0.273547,0.447239,0.386938,0.683369,0.301343,0.161617,0.335468,-0.333481,0.175864,0.43544,0.229494,0.791305,0.485418,0.073632,0.190046,0.166734,0.021202,0.0209292,0.151351,0.526285,0.284592,0.0244192,0.0293455,0.306395,0.148326,-0.0245225,0.0419928,0.476158,0.334548,0.380462,0.834353,0.392973,0.249988,0.117728,-0.0802298,0.310292,0.326385,0.0571245,0.0405289,0.0207589,0.0271324,0.145948,0.802974,0.098849,0.137643
0.452993,-0.304466,0.276738,0.224063,0.245303,0.0452648,-0.200175,0.263509,0.124023,0.328314,0.0729372,0.159692,0.68685,0.953666,0.270805,0.198517,0.0273458,0.473674,0.0279803,0.722413,0.54817,0.688093,1.09929,0.403629,0.273972,0.446902,0.384341,0.680786,0.301677,0.160539,0.333986,-0.330792,0.17594,0.434349,0.230123,0.788035,0.484295,0.0734803,0.189463,0.167209,0.0208077,0.0217407,0.150271,0.522001,0.281469,0.0238324,0.0286425,0.304988,0.14823,-0.0249105,0.0416492,0.475896,0.334159,0.378006,0.826813,0.393561,0.248011,0.118069,-0.0799004,0.310281,0.3253,0.0574967,0.0401961,0.0210147,0.02761,0.147421,0.798977,0.0981071,0.13684
0.453993,-0.300723,0.277824,0.2222,0.244095,0.0447601,-0.199591,0.26137,0.122803,0.327303,0.0724691,0.162021,0.683658,0.951264,0.268634,0.1979,0.0289185,0.470773,0.0269707,0.717089,0.548673,0.686343,1.09468,0.401803,0.274522,0.446542,0.381732,0.678188,0.302033,0.159499,0.332507,-0.328091,0.175999,0.433254,0.230785,0.784743,0.48317,0.0733093,0.188867,0.167683,0.0204069,0.0226001,0.149179,0.517732,0.27835,0.0232499,0.0279206,0.303582,0.148174,-0.025267,0.0413102,0.475611,0.333776,0.375589,0.819265,0.394144,0.246025,0.118403,-0.0795683,0.310271,0.324217,0.0578738,0.0398582,0.0212733,0.0280883,0.148886,0.794945,0.0973707,0.136022
0.454993,-0.296964,0.27886,0.220347,0.24289,0.0442707,-0.198995,0.259237,0.121596,0.326287,0.0720021,0.164399,0.680489,0.948827,0.266465,0.197279,0.0305214,0.467858,0.0259672,0.711776,0.54916,0.684564,1.09002,0.399979,0.275189,0.446157,0.379112,0.675574,0.30241,0.158497,0.331029,-0.32538,0.17604,0.432155,0.231473,0.78143,0.482043,0.0731172,0.188258,0.168156,0.0199995,0.0235079,0.148074,0.513479,0.275235,0.0226722,0.0271857,0.302178,0.148159,-0.0255921,0.0409754,0.475303,0.333399,0.373211,0.81171,0.39472,0.244031,0.118731,-0.0792336,0.31026,0.323139,0.0582556,0.0395153,0.0215352,0.0285675,0.15034,0.79088,0.0966398,0.135191
0.455993,-0.293191,0.279845,0.218504,0.241687,0.043797,-0.198385,0.25711,0.120401,0.325264,0.0715362,0.166823,0.677344,0.946356,0.264298,0.196653,0.032152,0.46493,0.0249724,0.706474,0.549631,0.682758,1.08533,0.398158,0.275965,0.445749,0.376481,0.672945,0.302807,0.157533,0.329555,-0.322657,0.176063,0.431052,0.232184,0.778096,0.480915,0.0729024,0.187636,0.168629,0.0195854,0.024465,0.146958,0.509245,0.272125,0.0220996,0.0264432,0.300778,0.148185,-0.0258863,0.0406446,0.474973,0.333027,0.370874,0.804147,0.39529,0.242029,0.119053,-0.078896,0.310248,0.322063,0.0586421,0.0391679,0.0218012,0.0290476,0.151786,0.78678,0.0959146,0.134346
0.456992,-0.289404,0.280781,0.216672,0.240487,0.0433394,-0.197762,0.25499,0.119221,0.324235,0.0710717,0.16929,0.674223,0.943851,0.262133,0.196022,0.0338076,0.461988,0.0239882,0.701183,0.550086,0.680924,1.08061,0.396342,0.276843,0.445317,0.373839,0.670302,0.303224,0.156607,0.328084,-0.319923,0.176066,0.429945,0.232916,0.774742,0.479786,0.0726634,0.187002,0.1691,0.0191648,0.0254721,0.145831,0.505029,0.269018,0.0215328,0.0256976,0.299384,0.148254,-0.0261501,0.0403179,0.47462,0.33266,0.368576,0.796577,0.395853,0.240018,0.119369,-0.0785556,0.310236,0.320991,0.0590333,0.0388161,0.0220719,0.0295288,0.153221,0.782647,0.0951951,0.133489
0.457992,-0.285604,0.281668,0.214851,0.239289,0.0428981,-0.197126,0.252877,0.118056,0.323201,0.0706087,0.171793,0.671127,0.941311,0.25997,0.195386,0.0354857,0.459034,0.0230151,0.695905,0.550527,0.679062,1.07586,0.394531,0.277814,0.444861,0.371187,0.667644,0.30366,0.155718,0.326616,-0.317178,0.176049,0.428835,0.233667,0.771368,0.478656,0.0723989,0.186355,0.169571,0.0187375,0.0265301,0.144692,0.500834,0.265915,0.0209721,0.0249528,0.297996,0.148365,-0.0263842,0.0399955,0.474244,0.332299,0.366318,0.789001,0.396409,0.238,0.119679,-0.0782122,0.310223,0.319923,0.059429,0.0384602,0.0223478,0.0300114,0.154647,0.77848,0.0944814,0.13262
0.458992,-0.28179,0.282508,0.213041,0.238094,0.0424736,-0.196478,0.250771,0.116907,0.322161,0.0701473,0.174331,0.668054,0.938738,0.257809,0.194746,0.0371841,0.456066,0.0220524,0.69064,0.550952,0.677173,1.07107,0.392725,0.278872,0.44438,0.368524,0.664973,0.304116,0.154867,0.325151,-0.314423,0.17601,0.427722,0.234438,0.767974,0.477525,0.0721078,0.185696,0.170039,0.0183036,0.0276396,0.143542,0.496661,0.262816,0.0204181,0.0242117,0.296617,0.14852,-0.026589,0.0396774,0.473846,0.331943,0.364101,0.78142,0.396958,0.235973,0.119984,-0.0778661,0.310209,0.31886,0.0598293,0.0381006,0.0226287,0.0304955,0.156062,0.77428,0.0937737,0.13174
0.459992,-0.277963,0.283302,0.211243,0.236902,0.0420661,-0.195817,0.248671,0.115775,0.321115,0.0696876,0.176898,0.665007,0.936131,0.255649,0.194101,0.0389007,0.453087,0.0210987,0.68539,0.551362,0.675256,1.06625,0.390925,0.280008,0.443875,0.365852,0.662288,0.304591,0.154054,0.323691,-0.311657,0.17595,0.426606,0.235233,0.764561,0.476395,0.07179,0.185024,0.170506,0.0178632,0.0288017,0.142382,0.492511,0.259721,0.0198713,0.0234768,0.295248,0.148718,-0.0267655,0.0393638,0.473425,0.331591,0.361925,0.773834,0.397499,0.233938,0.120284,-0.0775174,0.310195,0.3178,0.0602341,0.0377374,0.0229145,0.0309815,0.157468,0.770045,0.0930721,0.13085
0.460992,-0.274124,0.284049,0.209457,0.235713,0.0416757,-0.195142,0.246578,0.114662,0.320063,0.0692299,0.179492,0.661985,0.933492,0.253488,0.19345,0.0406336,0.450095,0.0201524,0.680155,0.551758,0.673314,1.0614,0.389132,0.281217,0.443345,0.363169,0.65959,0.305084,0.153279,0.322235,-0.308882,0.175867,0.425488,0.236056,0.761128,0.475264,0.0714454,0.18434,0.170971,0.0174163,0.0300172,0.141211,0.488386,0.256629,0.0193321,0.02275,0.29389,0.148961,-0.0269142,0.0390551,0.47298,0.331245,0.359788,0.766244,0.398033,0.231895,0.12058,-0.0771668,0.31018,0.316745,0.0606432,0.0373709,0.0232047,0.0314696,0.158863,0.765778,0.0923767,0.12995
0.461992,-0.270273,0.284751,0.207683,0.234526,0.0413027,-0.194456,0.244491,0.113568,0.319006,0.0687744,0.182109,0.658987,0.930819,0.251326,0.192794,0.0423813,0.447091,0.0192123,0.674937,0.55214,0.671344,1.05652,0.387346,0.282492,0.44279,0.360477,0.656879,0.305594,0.152542,0.320784,-0.306096,0.17576,0.424367,0.236914,0.757677,0.474135,0.0710746,0.183643,0.171433,0.0169628,0.0312871,0.140031,0.484287,0.253541,0.0188012,0.0220327,0.292545,0.149248,-0.0270358,0.0387514,0.472513,0.330902,0.357692,0.75865,0.398558,0.229844,0.120871,-0.0768149,0.310164,0.315695,0.0610567,0.0370012,0.0234991,0.0319602,0.160247,0.761477,0.0916877,0.129041
0.462992,-0.26641,0.285409,0.205921,0.233343,0.0409473,-0.193756,0.242411,0.112496,0.317944,0.0683211,0.184746,0.656015,0.928114,0.249162,0.192133,0.0441422,0.444075,0.0182773,0.669736,0.552507,0.669349,1.05161,0.385568,0.283829,0.44221,0.357776,0.654155,0.306121,0.151844,0.319338,-0.303301,0.175629,0.423244,0.237816,0.754207,0.473006,0.0706782,0.182934,0.171892,0.016503,0.0326124,0.13884,0.480216,0.250456,0.018279,0.0213259,0.291213,0.149581,-0.027131,0.0384531,0.472023,0.330565,0.355637,0.751053,0.399075,0.227784,0.121158,-0.0764624,0.310148,0.31465,0.0614744,0.0366284,0.0237976,0.0324537,0.161621,0.757142,0.0910051,0.128125
0.463992,-0.262536,0.286024,0.204172,0.232163,0.0406097,-0.193044,0.240337,0.111448,0.316876,0.0678703,0.1874,0.653068,0.925376,0.246993,0.191467,0.0459153,0.441047,0.0173462,0.664553,0.55286,0.667328,1.04668,0.383798,0.285223,0.441603,0.355066,0.65142,0.306664,0.151184,0.317897,-0.300496,0.175474,0.42212,0.238769,0.75072,0.471879,0.0702571,0.182213,0.172348,0.0160367,0.0339944,0.13764,0.476174,0.247375,0.0177661,0.02063,0.289895,0.149959,-0.0272005,0.0381606,0.47151,0.330231,0.353622,0.743453,0.399583,0.225717,0.121442,-0.0761098,0.310132,0.31361,0.0618962,0.0362526,0.0241003,0.0329504,0.162984,0.752774,0.0903291,0.127202
0.464992,-0.258651,0.286596,0.202435,0.230987,0.0402899,-0.19232,0.23827,0.110425,0.315804,0.0674223,0.190069,0.650147,0.922607,0.244822,0.190795,0.0476993,0.438009,0.0164179,0.659389,0.5532,0.665281,1.04171,0.382037,0.28667,0.44097,0.352348,0.648673,0.307223,0.150564,0.316462,-0.297682,0.175293,0.420993,0.239772,0.747215,0.470754,0.069812,0.18148,0.172801,0.0155642,0.0354342,0.136431,0.472164,0.244296,0.017263,0.0199453,0.288591,0.150383,-0.0272447,0.0378746,0.470974,0.329902,0.351647,0.735851,0.400082,0.223642,0.121723,-0.0757577,0.310116,0.312575,0.0623222,0.0358739,0.0244071,0.0334505,0.164336,0.748373,0.0896598,0.126273
0.465992,-0.254755,0.287126,0.200712,0.229813,0.0399884,-0.191583,0.236209,0.109429,0.314726,0.0669772,0.192749,0.64725,0.919806,0.24265,0.190118,0.0494934,0.434959,0.015491,0.654245,0.553526,0.663209,1.03672,0.380286,0.288165,0.440311,0.349621,0.645915,0.307795,0.149984,0.315033,-0.29486,0.175088,0.419865,0.240815,0.743692,0.469631,0.0693435,0.180735,0.173249,0.0150854,0.0369333,0.135212,0.468187,0.241221,0.0167702,0.0192715,0.287302,0.150853,-0.0272642,0.0375963,0.470416,0.329576,0.349713,0.728249,0.400571,0.221559,0.122001,-0.0754062,0.310101,0.311546,0.0627522,0.0354923,0.0247183,0.0339543,0.165677,0.743939,0.0889973,0.125339
0.466992,-0.25085,0.287614,0.199001,0.228644,0.0397052,-0.190833,0.234154,0.108463,0.313643,0.0665352,0.195439,0.644379,0.916973,0.240481,0.189436,0.0512966,0.431898,0.0145638,0.649122,0.553838,0.661111,1.03171,0.378545,0.289707,0.439624,0.346886,0.643146,0.308382,0.149445,0.31361,-0.292028,0.174857,0.418737,0.241887,0.740152,0.468511,0.068852,0.179978,0.173693,0.0146005,0.038493,0.133985,0.464245,0.238148,0.0162883,0.0186081,0.286028,0.15137,-0.0272592,0.0373266,0.469834,0.329254,0.347819,0.720645,0.401051,0.219468,0.122276,-0.075055,0.310087,0.310523,0.0631861,0.0351077,0.025034,0.0344617,0.167006,0.739472,0.0883418,0.124401
0.467992,-0.246935,0.288062,0.197304,0.227478,0.0394409,-0.190072,0.232104,0.107529,0.312555,0.0660965,0.198137,0.641534,0.914109,0.23832,0.188747,0.0531081,0.428827,0.0136346,0.64402,0.554138,0.658989,1.02667,0.376814,0.291291,0.438911,0.344143,0.640367,0.308982,0.148947,0.312194,-0.289187,0.174601,0.417607,0.242979,0.736596,0.467393,0.068338,0.179209,0.174132,0.0141096,0.040115,0.132749,0.46034,0.235077,0.0158176,0.0179545,0.284768,0.151932,-0.02723,0.0370639,0.469229,0.328936,0.345966,0.713042,0.401521,0.21737,0.122548,-0.0747041,0.310074,0.309506,0.0636238,0.0347202,0.0253544,0.0349724,0.168324,0.734971,0.0876934,0.123461
0.468992,-0.243011,0.288469,0.195621,0.226315,0.0391959,-0.189298,0.23006,0.10663,0.311462,0.0656615,0.20084,0.638713,0.911215,0.236172,0.188053,0.0549273,0.425746,0.0127022,0.638942,0.554425,0.656842,1.0216,0.375095,0.292916,0.43817,0.341394,0.637577,0.309594,0.148492,0.310784,-0.286338,0.174319,0.416477,0.244087,0.733024,0.466279,0.0678016,0.178428,0.174566,0.0136127,0.041801,0.131505,0.456474,0.232009,0.0153586,0.0173098,0.283522,0.152541,-0.0271764,0.0368007,0.468602,0.328621,0.344155,0.705439,0.401981,0.215264,0.122818,-0.0743531,0.310062,0.308495,0.0640653,0.0343297,0.0256797,0.0354862,0.169631,0.730438,0.0870523,0.122519
0.469992,-0.239078,0.288837,0.193951,0.225157,0.0389708,-0.188511,0.228022,0.105769,0.310364,0.0652304,0.203548,0.635918,0.90829,0.234042,0.187354,0.0567536,0.422654,0.0117665,0.633886,0.554699,0.654672,1.01651,0.373387,0.29458,0.437402,0.338637,0.634778,0.310219,0.148079,0.309382,-0.283481,0.174013,0.415348,0.245209,0.729435,0.465169,0.0672429,0.177636,0.174994,0.0131101,0.0435528,0.130253,0.452649,0.228942,0.0149118,0.0166732,0.282292,0.153195,-0.0270984,0.0365364,0.467952,0.32831,0.342384,0.697837,0.40243,0.213151,0.123085,-0.0740018,0.310052,0.307491,0.0645104,0.0339362,0.0260101,0.0360028,0.170926,0.725871,0.0864185,0.121576
0.470992,-0.235136,0.289166,0.192295,0.224002,0.0387666,-0.187713,0.225988,0.104949,0.309262,0.0648035,0.206258,0.633148,0.905335,0.231936,0.186648,0.0585864,0.419552,0.0108285,0.628855,0.55496,0.652477,1.0114,0.371692,0.296282,0.436606,0.335874,0.63197,0.310857,0.14771,0.307988,-0.280616,0.173682,0.41422,0.246342,0.725831,0.464063,0.066662,0.176832,0.175415,0.0126017,0.0453724,0.128993,0.448867,0.225876,0.0144775,0.0160442,0.281076,0.153894,-0.0269955,0.0362779,0.46728,0.328001,0.340656,0.690236,0.402869,0.211031,0.123351,-0.0736501,0.310045,0.306494,0.0649591,0.0335397,0.0263457,0.0365217,0.172209,0.721272,0.0857922,0.120633
0.471992,-0.231187,0.289456,0.190654,0.222852,0.0385841,-0.186902,0.223959,0.104172,0.308155,0.064381,0.208969,0.630402,0.90235,0.229856,0.185937,0.0604253,0.416441,0.00989023,0.623848,0.555209,0.650258,1.00627,0.370009,0.29802,0.435782,0.333104,0.629154,0.311507,0.147385,0.306601,-0.277743,0.173325,0.413094,0.247489,0.722211,0.462961,0.0660587,0.176017,0.17583,0.0120878,0.0472616,0.127725,0.445131,0.222812,0.0140563,0.0154221,0.279875,0.154638,-0.0268673,0.0360155,0.466585,0.327696,0.33897,0.682638,0.403296,0.208903,0.123614,-0.0732978,0.310041,0.305504,0.0654113,0.0331403,0.0266865,0.0370427,0.17348,0.716639,0.0851735,0.119693
0.472992,-0.22723,0.289709,0.189026,0.221705,0.0384245,-0.186079,0.221935,0.103442,0.307043,0.0639632,0.211679,0.627682,0.899336,0.227805,0.18522,0.0622696,0.41332,0.00895433,0.618868,0.555446,0.648017,1.00112,0.368338,0.299795,0.434931,0.330329,0.626329,0.31217,0.147104,0.305223,-0.274863,0.172944,0.41197,0.24865,0.718577,0.461864,0.0654327,0.17519,0.176238,0.0115685,0.0492227,0.126449,0.441441,0.219748,0.0136484,0.0148064,0.278688,0.155424,-0.0267138,0.0357356,0.465867,0.327393,0.337327,0.675043,0.403711,0.206769,0.123876,-0.0729451,0.310039,0.304522,0.0658668,0.0327379,0.0270325,0.0375656,0.17474,0.711974,0.0845626,0.118754
0.473992,-0.223265,0.289924,0.187414,0.220563,0.038289,-0.185244,0.219914,0.102763,0.305928,0.0635505,0.214388,0.624985,0.896293,0.225783,0.184497,0.0641192,0.410191,0.00802348,0.613913,0.555672,0.645752,0.995954,0.366681,0.301607,0.434053,0.327548,0.623496,0.312845,0.146867,0.303853,-0.271975,0.172536,0.410851,0.249829,0.714927,0.460772,0.0647833,0.174351,0.176638,0.011044,0.0512575,0.125166,0.437802,0.216684,0.0132543,0.0141968,0.277516,0.156253,-0.026535,0.0354208,0.465128,0.327092,0.335728,0.667452,0.404115,0.204629,0.124135,-0.0725918,0.310041,0.303546,0.0663256,0.0323327,0.0273837,0.0380902,0.175987,0.707276,0.0839595,0.11782
0.474992,-0.219294,0.290103,0.185816,0.219425,0.038179,-0.184397,0.217898,0.102138,0.304807,0.0631432,0.217094,0.622313,0.89322,0.223786,0.183769,0.0659735,0.407052,0.00710044,0.608985,0.555885,0.643464,0.990766,0.365037,0.303455,0.433148,0.324762,0.620656,0.313532,0.146675,0.302492,-0.26908,0.172102,0.409737,0.251029,0.711264,0.459686,0.0641098,0.173502,0.17703,0.0105145,0.0533681,0.123876,0.434214,0.213621,0.0128743,0.0135931,0.276359,0.157124,-0.0263323,0.0350677,0.464365,0.326794,0.334173,0.659864,0.404507,0.202482,0.124393,-0.072238,0.310046,0.302579,0.0667875,0.0319248,0.0277398,0.0386161,0.177221,0.702545,0.0833645,0.116889
0.475992,-0.215316,0.290245,0.184233,0.218291,0.0380959,-0.183538,0.215884,0.10157,0.303683,0.0627417,0.219797,0.619665,0.890119,0.221809,0.183034,0.0678323,0.403904,0.00618793,0.604085,0.556087,0.641154,0.985561,0.363406,0.305341,0.432215,0.321972,0.617809,0.314232,0.146528,0.301141,-0.266178,0.17164,0.40863,0.252248,0.707586,0.458606,0.0634106,0.172641,0.177413,0.00998018,0.0555563,0.12258,0.430679,0.210559,0.0125089,0.0129952,0.275217,0.158035,-0.0261078,0.0346823,0.463581,0.326498,0.332664,0.652282,0.404886,0.200329,0.12465,-0.071884,0.310055,0.301619,0.0672524,0.0315144,0.0281008,0.0391433,0.178444,0.697781,0.0827775,0.115964
0.476992,-0.211332,0.290351,0.182665,0.217162,0.0380413,-0.182667,0.213874,0.101063,0.302554,0.0623463,0.222494,0.617041,0.88699,0.219854,0.182294,0.0696952,0.400748,0.0052886,0.599213,0.556278,0.638822,0.980339,0.361788,0.307264,0.431255,0.319177,0.614955,0.314944,0.146425,0.299799,-0.26327,0.171151,0.407532,0.253483,0.703895,0.457533,0.0626842,0.17177,0.177788,0.0094412,0.0578236,0.121276,0.427199,0.207497,0.0121584,0.0124031,0.27409,0.158986,-0.0258651,0.0342756,0.462775,0.326203,0.331201,0.644704,0.405252,0.198171,0.124905,-0.0715298,0.310069,0.300667,0.0677202,0.0311015,0.0284663,0.0396715,0.179653,0.692985,0.0821988,0.115046
0.477992,-0.207343,0.290421,0.181112,0.216037,0.038017,-0.181785,0.211866,0.10062,0.301421,0.0619574,0.225186,0.614441,0.883833,0.217924,0.181548,0.0715619,0.397584,0.00440489,0.594369,0.556458,0.636468,0.975102,0.360184,0.309225,0.430268,0.316378,0.612096,0.31567,0.146368,0.298468,-0.260354,0.170633,0.406443,0.254728,0.700191,0.456466,0.0619283,0.170887,0.178153,0.00889782,0.0601714,0.119966,0.423777,0.204436,0.011823,0.0118168,0.27298,0.159976,-0.0256077,0.0338565,0.461947,0.32591,0.329785,0.637133,0.405605,0.196007,0.12516,-0.0711755,0.310087,0.299722,0.0681909,0.0306865,0.0288362,0.0402005,0.18085,0.688155,0.0816284,0.114134
0.478992,-0.203348,0.290457,0.179575,0.214917,0.0380253,-0.18089,0.20986,0.100246,0.300284,0.0615754,0.227871,0.611863,0.880649,0.216022,0.180796,0.0734323,0.394412,0.00353892,0.589554,0.556627,0.634092,0.969849,0.358593,0.311224,0.429254,0.313576,0.609231,0.316409,0.146354,0.297147,-0.257433,0.170085,0.405366,0.255983,0.696473,0.455406,0.0611404,0.169994,0.178508,0.00835028,0.0626007,0.11865,0.420413,0.201377,0.011503,0.0112364,0.271885,0.161005,-0.0253391,0.0334292,0.461097,0.325618,0.328417,0.629568,0.405946,0.193839,0.125414,-0.0708214,0.310109,0.298786,0.0686642,0.0302695,0.0292101,0.0407299,0.182035,0.683293,0.0810665,0.113231
0.479992,-0.199348,0.290458,0.178054,0.213801,0.0380686,-0.179984,0.207856,0.0999425,0.299142,0.0612007,0.230548,0.609309,0.877437,0.214152,0.180039,0.0753059,0.391231,0.00269253,0.584769,0.556785,0.631695,0.964583,0.357015,0.313261,0.428212,0.310772,0.606361,0.317162,0.146386,0.295837,-0.254505,0.169508,0.404301,0.257243,0.692743,0.454354,0.0603177,0.16909,0.178853,0.00779882,0.0651118,0.117328,0.417108,0.198321,0.0111986,0.0106622,0.270805,0.162071,-0.0250615,0.0329956,0.460226,0.325327,0.327098,0.62201,0.406272,0.191666,0.125669,-0.0704676,0.310136,0.297859,0.0691401,0.0298509,0.0295879,0.0412597,0.183206,0.678398,0.0805131,0.112336
0.480992,-0.195343,0.290425,0.176549,0.212689,0.0381499,-0.179066,0.205853,0.0997143,0.297997,0.0608339,0.233218,0.606777,0.874199,0.212314,0.179275,0.0771825,0.388043,0.00186724,0.580014,0.556932,0.629277,0.959304,0.35545,0.315335,0.427143,0.307964,0.603486,0.31793,0.146461,0.294538,-0.251571,0.1689,0.403252,0.258508,0.689001,0.45331,0.0594575,0.168176,0.179188,0.00724373,0.0677048,0.115999,0.413865,0.19527,0.0109099,0.0100943,0.26974,0.163175,-0.0247772,0.0325566,0.459333,0.325037,0.325828,0.61446,0.406586,0.189489,0.125923,-0.0701143,0.310168,0.296939,0.0696184,0.0294308,0.0299692,0.0417897,0.184364,0.67347,0.0799683,0.11145
0.481992,-0.191335,0.290358,0.17506,0.211582,0.038272,-0.178136,0.203851,0.0995645,0.296849,0.0604753,0.235878,0.604268,0.870934,0.210509,0.178506,0.0790618,0.384848,0.00106429,0.575288,0.55707,0.626839,0.954013,0.353898,0.317447,0.426047,0.305155,0.600608,0.318713,0.14658,0.293251,-0.248631,0.168262,0.402218,0.259776,0.685246,0.452274,0.0585569,0.167252,0.179512,0.00668529,0.0703791,0.114665,0.410684,0.192223,0.0106367,0.0095331,0.26869,0.164316,-0.0244882,0.0321128,0.458419,0.324748,0.32461,0.606918,0.406885,0.187309,0.126179,-0.0697617,0.310205,0.296027,0.070099,0.0290094,0.0303538,0.0423197,0.18551,0.668509,0.0794323,0.110574
0.482992,-0.187322,0.290258,0.173588,0.210479,0.038437,-0.177195,0.20185,0.099496,0.295696,0.0601256,0.23853,0.601781,0.867643,0.208738,0.177732,0.0809435,0.381646,0.000284732,0.570594,0.557197,0.62438,0.94871,0.352359,0.319594,0.424923,0.302345,0.597726,0.319511,0.146743,0.291977,-0.245686,0.167592,0.4012,0.261047,0.68148,0.451246,0.0576131,0.166317,0.179826,0.00612381,0.0731335,0.113326,0.407565,0.189184,0.010379,0.00897879,0.267652,0.165493,-0.0241963,0.0316645,0.457484,0.324459,0.323443,0.599385,0.407171,0.185126,0.126435,-0.0694101,0.310247,0.295124,0.0705818,0.0285872,0.0307415,0.0428497,0.186641,0.663516,0.0789052,0.109708
0.483992,-0.183306,0.290124,0.172132,0.20938,0.0386455,-0.176242,0.19985,0.0995121,0.29454,0.0597851,0.241171,0.599315,0.864325,0.207002,0.176952,0.0828273,0.378436,-0.000470536,0.56593,0.557314,0.621901,0.943397,0.350831,0.321778,0.42377,0.299533,0.594841,0.320326,0.14695,0.290716,-0.242735,0.166892,0.400201,0.262321,0.677702,0.450228,0.056624,0.165372,0.180127,0.0055596,0.0759665,0.111981,0.40451,0.186154,0.0101366,0.0084317,0.266626,0.166706,-0.023903,0.0312122,0.456527,0.32417,0.322327,0.591862,0.407443,0.18294,0.126693,-0.0690597,0.310295,0.294229,0.0710667,0.0281642,0.0311318,0.0433798,0.18776,0.658489,0.0783869,0.108853
0.484992,-0.179287,0.289958,0.170694,0.208285,0.0388963,-0.175277,0.197849,0.0996157,0.29338,0.0594545,0.243801,0.596871,0.860983,0.205301,0.176166,0.0847128,0.37522,-0.00120073,0.561297,0.557422,0.619402,0.938074,0.349316,0.323996,0.422589,0.296722,0.591953,0.321158,0.1472,0.289467,-0.239779,0.16616,0.39922,0.263596,0.673914,0.449219,0.055588,0.164417,0.180417,0.00499301,0.0788756,0.110631,0.401518,0.183134,0.00990941,0.00789213,0.26561,0.167954,-0.0236089,0.030756,0.455549,0.323882,0.321265,0.58435,0.407702,0.180753,0.126952,-0.0687107,0.310347,0.293342,0.0715534,0.0277407,0.0315247,0.0439101,0.188865,0.653428,0.0778777,0.10801
0.485992,-0.175265,0.28976,0.169273,0.207194,0.0391866,-0.174301,0.195849,0.0998094,0.292216,0.0591343,0.24642,0.594448,0.857615,0.203636,0.175374,0.0865997,0.371998,-0.00190515,0.556696,0.55752,0.616883,0.932741,0.347813,0.326249,0.421379,0.29391,0.589064,0.322006,0.147493,0.288233,-0.236818,0.165397,0.398258,0.264872,0.670114,0.448219,0.054504,0.163453,0.180694,0.00442441,0.0818581,0.109276,0.39859,0.180128,0.00969706,0.00736032,0.264602,0.169239,-0.0233151,0.0302961,0.45455,0.323593,0.320255,0.576848,0.407947,0.178564,0.127214,-0.0683633,0.310405,0.292463,0.072042,0.0273169,0.0319198,0.0444409,0.189957,0.648335,0.0773775,0.107178
0.486992,-0.171241,0.28953,0.167871,0.206107,0.0395131,-0.173314,0.19385,0.100096,0.291049,0.0588252,0.249028,0.592046,0.854222,0.20201,0.174578,0.0884876,0.368769,-0.0025831,0.552128,0.557609,0.614346,0.927401,0.346321,0.328537,0.42014,0.291099,0.586173,0.322873,0.147828,0.287014,-0.233852,0.164602,0.397315,0.26615,0.666304,0.44723,0.0533718,0.162479,0.180959,0.00385418,0.0849105,0.107916,0.395725,0.177137,0.00949926,0.00683647,0.263603,0.170558,-0.0230228,0.0298326,0.45353,0.323305,0.319299,0.569359,0.408179,0.176375,0.127478,-0.0680177,0.310469,0.291592,0.0725322,0.026893,0.0323168,0.0449721,0.191034,0.643208,0.0768864,0.106359
0.487992,-0.167215,0.289268,0.166487,0.205023,0.0398725,-0.172315,0.19185,0.100477,0.289879,0.0585279,0.251623,0.589664,0.850805,0.200425,0.173775,0.0903762,0.365534,-0.00323396,0.547591,0.557688,0.61179,0.922053,0.34484,0.330857,0.418872,0.28829,0.583281,0.323756,0.148207,0.285809,-0.230882,0.163776,0.396393,0.267428,0.662484,0.44625,0.0521921,0.161496,0.18121,0.00328271,0.0880289,0.106551,0.392923,0.174164,0.00931557,0.00632072,0.262612,0.171913,-0.0227324,0.0293661,0.452489,0.323016,0.318397,0.561881,0.408397,0.174185,0.127744,-0.0676742,0.310537,0.290729,0.0730239,0.0264692,0.0327155,0.0455041,0.192098,0.638048,0.0764045,0.105552
0.488992,-0.163187,0.288974,0.165122,0.203943,0.040262,-0.171305,0.189852,0.100955,0.288706,0.0582429,0.254206,0.587302,0.847364,0.198885,0.172967,0.092265,0.362293,-0.00385707,0.543088,0.557759,0.609215,0.916699,0.343371,0.33321,0.417574,0.285482,0.580389,0.324657,0.148629,0.28462,-0.227907,0.162918,0.395491,0.268706,0.658654,0.445282,0.0509663,0.160503,0.181448,0.00271044,0.0912086,0.105182,0.390184,0.171211,0.0091455,0.00581315,0.261629,0.173302,-0.0224433,0.028897,0.451427,0.322726,0.317549,0.554417,0.408603,0.171995,0.128013,-0.0673331,0.310611,0.289875,0.073517,0.0260455,0.0331156,0.0460367,0.193148,0.632854,0.0759318,0.104758
0.489992,-0.159159,0.28865,0.163778,0.202866,0.0406795,-0.170283,0.187854,0.101532,0.287529,0.0579711,0.256775,0.58496,0.843899,0.197393,0.172154,0.0941537,0.359047,-0.00445178,0.538617,0.557821,0.606622,0.911338,0.341913,0.335594,0.416246,0.282677,0.577497,0.325573,0.149095,0.283447,-0.224927,0.162028,0.39461,0.269984,0.654814,0.444325,0.0496965,0.159502,0.18167,0.00213781,0.0944444,0.103809,0.387507,0.16828,0.00898846,0.00531378,0.260653,0.174725,-0.0221542,0.0284257,0.450343,0.322437,0.316756,0.546967,0.408797,0.169807,0.128285,-0.0669944,0.31069,0.289029,0.0740114,0.0256222,0.0335167,0.0465699,0.194184,0.627626,0.0754684,0.103978
0.490992,-0.155129,0.288295,0.162454,0.201792,0.0411233,-0.169251,0.185859,0.102209,0.286349,0.0577131,0.259331,0.582638,0.84041,0.195948,0.171336,0.0960418,0.355795,-0.00501745,0.534181,0.557874,0.604011,0.905972,0.340465,0.338008,0.414888,0.279876,0.574606,0.326506,0.149603,0.282291,-0.221944,0.161107,0.39375,0.271263,0.650965,0.443379,0.0483852,0.158491,0.181878,0.00156529,0.0977304,0.102431,0.384893,0.165374,0.0088438,0.00482263,0.259683,0.176183,-0.0218637,0.0279528,0.449238,0.322147,0.316019,0.539532,0.408978,0.16762,0.128561,-0.0666584,0.310774,0.288191,0.0745068,0.0251992,0.0339185,0.0471033,0.195206,0.622363,0.0750143,0.103211
0.491992,-0.151098,0.287909,0.161154,0.20072,0.0415922,-0.168207,0.183865,0.102986,0.285165,0.0574698,0.261874,0.580334,0.836898,0.194546,0.170512,0.097929,0.352538,-0.0055534,0.529779,0.557918,0.601382,0.900602,0.339029,0.34045,0.4135,0.277078,0.571716,0.327452,0.150155,0.281153,-0.218957,0.160154,0.39291,0.272542,0.647107,0.442444,0.0470355,0.157472,0.182069,0.000993372,0.10106,0.10105,0.382341,0.162495,0.00871086,0.00433973,0.258718,0.177675,-0.0215705,0.0274787,0.448112,0.321856,0.315336,0.532112,0.409147,0.165436,0.128839,-0.0663253,0.310863,0.287361,0.0750033,0.0247767,0.0343207,0.0476366,0.196214,0.617067,0.0745695,0.102458
0.492992,-0.147068,0.287493,0.159878,0.199651,0.0420854,-0.167151,0.181875,0.103864,0.283979,0.0572421,0.264402,0.57805,0.833363,0.193186,0.169682,0.0998148,0.349276,-0.00605894,0.525412,0.557955,0.598736,0.895228,0.337603,0.342919,0.412082,0.274284,0.568828,0.328411,0.150751,0.280032,-0.215965,0.15917,0.39209,0.273821,0.64324,0.441522,0.0456507,0.156445,0.182244,0.000422573,0.104425,0.0996647,0.37985,0.159646,0.00858903,0.0038651,0.257756,0.1792,-0.0212733,0.027004,0.446964,0.321566,0.31471,0.524708,0.409306,0.163255,0.129121,-0.0659952,0.310958,0.286539,0.0755005,0.0243546,0.0347227,0.0481694,0.197207,0.611736,0.074134,0.10172
0.493992,-0.143038,0.287048,0.15863,0.198584,0.0426024,-0.166085,0.17989,0.104843,0.28279,0.0570307,0.266915,0.575784,0.829806,0.191866,0.168847,0.101699,0.346009,-0.00653339,0.521081,0.557983,0.596073,0.88985,0.336188,0.345414,0.410633,0.271496,0.565943,0.329382,0.151391,0.27893,-0.21297,0.158155,0.391291,0.2751,0.639365,0.440612,0.0442342,0.155409,0.1824,-0.000146565,0.107819,0.0982758,0.37742,0.156829,0.00847772,0.00339885,0.256796,0.180758,-0.0209709,0.0265291,0.445795,0.321275,0.31414,0.517322,0.409454,0.161077,0.129407,-0.0656683,0.311058,0.285726,0.0759985,0.023933,0.0351242,0.0487013,0.198185,0.60637,0.0737079,0.100997
0.494992,-0.139008,0.286572,0.157415,0.197518,0.0431429,-0.165007,0.17791,0.105922,0.281598,0.0568368,0.269414,0.573536,0.826227,0.190585,0.168006,0.103581,0.342738,-0.00697603,0.516787,0.558003,0.593393,0.88447,0.334783,0.347931,0.409154,0.268714,0.56306,0.330363,0.152075,0.277848,-0.209972,0.157109,0.390511,0.276378,0.635482,0.439714,0.0427891,0.154366,0.182539,-0.000713479,0.111232,0.0968834,0.375052,0.154046,0.00837643,0.00294107,0.255836,0.182348,-0.0206616,0.0260546,0.444604,0.320985,0.313628,0.509955,0.409591,0.158904,0.129696,-0.0653447,0.311163,0.28492,0.076497,0.0235118,0.0355248,0.0492321,0.199149,0.600969,0.0732912,0.100289
0.495992,-0.134979,0.286067,0.156239,0.196454,0.043707,-0.163919,0.175936,0.107099,0.280403,0.0566611,0.271898,0.571306,0.822626,0.189343,0.16716,0.10546,0.339462,-0.00738615,0.51253,0.558016,0.590697,0.879089,0.333389,0.350471,0.407646,0.265939,0.560181,0.331354,0.152804,0.276786,-0.206971,0.156032,0.38975,0.277657,0.631591,0.43883,0.0413188,0.153314,0.182658,-0.00127758,0.114655,0.0954878,0.372744,0.151301,0.00828469,0.00249193,0.254875,0.183971,-0.0203431,0.0255814,0.443391,0.320694,0.313173,0.502606,0.409719,0.156736,0.129988,-0.0650245,0.311274,0.284123,0.076996,0.0230909,0.0359239,0.0497614,0.200099,0.595533,0.0728838,0.0995955
0.496992,-0.130952,0.285532,0.155108,0.19539,0.0442947,-0.162819,0.173971,0.108373,0.279205,0.0565048,0.274366,0.569094,0.819003,0.188139,0.166308,0.107336,0.336182,-0.00776301,0.508311,0.558021,0.587985,0.873706,0.332006,0.353031,0.406106,0.263171,0.557306,0.332352,0.153577,0.275744,-0.203966,0.154924,0.389007,0.278935,0.627692,0.437959,0.0398262,0.152255,0.182758,-0.00183824,0.118078,0.094089,0.370498,0.148595,0.00820205,0.00205158,0.253912,0.185625,-0.0200123,0.0251102,0.442155,0.320403,0.312777,0.495277,0.409838,0.154572,0.130284,-0.0647078,0.31139,0.283335,0.0774952,0.0226704,0.0363211,0.0502892,0.201033,0.59006,0.0724859,0.098918
0.497992,-0.126926,0.284969,0.15403,0.194327,0.0449062,-0.161709,0.172015,0.109742,0.278005,0.056369,0.276818,0.566899,0.815359,0.186974,0.165451,0.109209,0.332899,-0.0081059,0.504131,0.558018,0.585258,0.868324,0.330633,0.35561,0.404536,0.260411,0.554435,0.333358,0.154396,0.274723,-0.200958,0.153787,0.388281,0.280214,0.623786,0.437101,0.0383143,0.151188,0.182837,-0.00239484,0.121492,0.0926873,0.368312,0.14593,0.00812808,0.0016202,0.252947,0.187309,-0.0196651,0.0246418,0.440898,0.320113,0.31244,0.48797,0.409948,0.152415,0.130583,-0.0643946,0.311513,0.282554,0.0779946,0.0222502,0.0367158,0.0508153,0.201952,0.584552,0.0720972,0.0982564
0.498992,-0.122903,0.284376,0.153006,0.193264,0.0455415,-0.160587,0.17007,0.111201,0.276802,0.0562548,0.279254,0.564722,0.811694,0.185847,0.164587,0.111078,0.329611,-0.00841406,0.499992,0.558008,0.582515,0.862941,0.329272,0.358206,0.402935,0.25766,0.551569,0.33437,0.15526,0.273724,-0.197948,0.152618,0.387572,0.281492,0.619873,0.436257,0.0367859,0.150113,0.182896,-0.00294671,0.124887,0.0912828,0.366189,0.143311,0.0080623,0.00119796,0.25198,0.189023,-0.0193025,0.024177,0.439618,0.319823,0.312163,0.480685,0.410049,0.150263,0.130884,-0.064085,0.311641,0.281782,0.078494,0.02183,0.0371076,0.0513396,0.202857,0.579007,0.0717179,0.0976108
0.499992,-0.118882,0.283755,0.152031,0.192201,0.0462002,-0.159455,0.168137,0.112749,0.275597,0.0561634,0.281675,0.562561,0.808009,0.184758,0.163718,0.112943,0.32632,-0.00868676,0.495895,0.557992,0.579756,0.857561,0.327921,0.36082,0.401302,0.254919,0.548709,0.335388,0.156169,0.272747,-0.194935,0.151421,0.386878,0.28277,0.615953,0.435427,0.0352437,0.149032,0.182933,-0.00349316,0.128251,0.0898756,0.364127,0.140737,0.00800419,0.000784989,0.251011,0.190766,-0.0189287,0.0237165,0.438316,0.319534,0.311946,0.473423,0.410143,0.148118,0.131188,-0.0637789,0.311776,0.281019,0.0789932,0.0214099,0.0374959,0.0518622,0.203746,0.573425,0.0713479,0.0969815
0.500992,-0.114864,0.283106,0.151102,0.191137,0.046882,-0.158311,0.166219,0.114381,0.274389,0.0560961,0.284078,0.560417,0.804304,0.183707,0.162842,0.114803,0.323026,-0.00892326,0.49184,0.557968,0.576983,0.852182,0.326582,0.363449,0.399637,0.252189,0.545855,0.336411,0.157123,0.271793,-0.191919,0.150193,0.386199,0.284047,0.612026,0.434612,0.0336905,0.147943,0.182949,-0.00403348,0.131576,0.088466,0.362128,0.138213,0.00795319,0.000381419,0.250039,0.192538,-0.0185471,0.0232607,0.436992,0.319246,0.31179,0.466186,0.41023,0.14598,0.131494,-0.0634765,0.311916,0.280264,0.0794922,0.0209896,0.0378802,0.0523831,0.20462,0.567805,0.0709872,0.0963687
0.501992,-0.110849,0.282428,0.150215,0.190072,0.0475859,-0.157157,0.164317,0.116093,0.273178,0.0560541,0.286465,0.558289,0.800579,0.182693,0.161961,0.116657,0.319729,-0.00912283,0.487829,0.557937,0.574196,0.846806,0.325255,0.366093,0.39794,0.24947,0.543006,0.33744,0.158122,0.270862,-0.188902,0.148937,0.385534,0.285324,0.608094,0.433811,0.032129,0.146847,0.182944,-0.00456693,0.134851,0.0870541,0.360191,0.13574,0.00790871,-1.26527e-05,0.249066,0.194338,-0.0181592,0.0228101,0.435645,0.318958,0.311695,0.458974,0.41031,0.143849,0.131803,-0.0631776,0.312062,0.279518,0.0799908,0.0205691,0.0382599,0.0529025,0.205478,0.562148,0.0706358,0.0957725
0.502992,-0.106837,0.281722,0.149371,0.189005,0.0483107,-0.155992,0.162432,0.117881,0.271965,0.056039,0.288835,0.556177,0.796834,0.181717,0.161073,0.118506,0.316429,-0.00928473,0.483863,0.5579,0.571395,0.841434,0.323939,0.368751,0.39621,0.246763,0.540165,0.338475,0.159165,0.269953,-0.185882,0.147651,0.384882,0.286599,0.604155,0.433025,0.0305617,0.145745,0.182916,-0.00509278,0.138067,0.08564,0.358318,0.13332,0.00787013,-0.000397151,0.24809,0.196165,-0.0177657,0.022365,0.434276,0.318671,0.311662,0.451789,0.410383,0.141726,0.132112,-0.0628822,0.312213,0.278781,0.0804888,0.0201482,0.0386344,0.0534203,0.206321,0.556451,0.0702936,0.0951931
0.503992,-0.10283,0.280988,0.148574,0.187937,0.0490554,-0.154816,0.160566,0.11974,0.27075,0.0560521,0.291188,0.554082,0.793071,0.180778,0.160179,0.120349,0.313127,-0.00940823,0.479944,0.557857,0.568579,0.836067,0.322636,0.371422,0.394447,0.24407,0.53733,0.339515,0.160252,0.269068,-0.18286,0.146337,0.384242,0.287874,0.60021,0.432254,0.0289916,0.144635,0.182866,-0.00561024,0.141215,0.0842241,0.35651,0.130955,0.00783685,-0.000772017,0.247114,0.198018,-0.0173668,0.0219256,0.432884,0.318385,0.311691,0.444631,0.410449,0.13961,0.132424,-0.0625904,0.312369,0.278052,0.0809861,0.0197267,0.0390033,0.0539369,0.207147,0.550716,0.0699606,0.0946307
0.504992,-0.098827,0.280226,0.147831,0.186866,0.0498185,-0.15363,0.158721,0.121665,0.269533,0.056095,0.293524,0.552002,0.789288,0.179876,0.159278,0.122185,0.309822,-0.00949263,0.476073,0.557807,0.565751,0.830705,0.321346,0.374105,0.392651,0.241391,0.534503,0.340562,0.161382,0.268206,-0.179837,0.144995,0.383614,0.289147,0.59626,0.431498,0.0274213,0.143519,0.182793,-0.00611853,0.144286,0.0828063,0.354766,0.128647,0.00780829,-0.0011372,0.246137,0.199897,-0.0169619,0.0214921,0.431469,0.3181,0.311781,0.437502,0.41051,0.137504,0.132736,-0.062302,0.31253,0.277333,0.0814826,0.0193046,0.0393659,0.0544522,0.207959,0.544941,0.0696368,0.0940854
0.505992,-0.0948287,0.279437,0.147151,0.185792,0.0505989,-0.152433,0.156899,0.123652,0.268314,0.0561693,0.295842,0.549937,0.785487,0.179008,0.15837,0.124014,0.306515,-0.00953722,0.472251,0.557751,0.562909,0.825349,0.320069,0.3768,0.390822,0.238727,0.531684,0.341614,0.162555,0.267366,-0.176811,0.143626,0.382996,0.290419,0.592305,0.430759,0.0258538,0.142396,0.182696,-0.00661684,0.147273,0.0813869,0.353087,0.126398,0.0077839,-0.00149263,0.24516,0.201801,-0.0165503,0.0210647,0.430032,0.317815,0.311933,0.430401,0.410565,0.135407,0.133049,-0.0620171,0.312693,0.276622,0.0819781,0.0188816,0.0397219,0.0549666,0.208754,0.539126,0.0693222,0.0935574
0.506992,-0.0908357,0.278621,0.146537,0.184715,0.0513952,-0.151225,0.155102,0.125697,0.267092,0.0562766,0.298143,0.547888,0.781667,0.178174,0.157456,0.125836,0.303206,-0.00954131,0.46848,0.557689,0.560055,0.820001,0.318806,0.379507,0.388961,0.236079,0.528873,0.342673,0.163771,0.266548,-0.173785,0.142229,0.382389,0.291689,0.588344,0.430035,0.0242917,0.141266,0.182574,-0.00710437,0.150171,0.0799661,0.351475,0.124208,0.00776317,-0.00183826,0.244184,0.203728,-0.0161323,0.0206435,0.428572,0.317532,0.312146,0.423331,0.410615,0.13332,0.133362,-0.0617356,0.31286,0.275921,0.0824725,0.0184577,0.0400708,0.0554801,0.209532,0.53327,0.0690166,0.0930468
0.507992,-0.0868481,0.277778,0.145989,0.183634,0.0522062,-0.150006,0.15333,0.127795,0.265869,0.0564186,0.300426,0.545854,0.77783,0.177372,0.156535,0.127649,0.299895,-0.00950423,0.464761,0.557622,0.557188,0.814661,0.317557,0.382223,0.387069,0.233448,0.526069,0.343739,0.165027,0.265751,-0.170757,0.140806,0.381791,0.292957,0.584379,0.429327,0.0227379,0.14013,0.182425,-0.00758028,0.152975,0.0785441,0.349929,0.122078,0.00774566,-0.00217397,0.243209,0.205679,-0.0157098,0.0202285,0.42709,0.31725,0.312419,0.416292,0.41066,0.131242,0.133675,-0.0614575,0.31303,0.275229,0.0829657,0.0180327,0.0404124,0.0559928,0.210295,0.527372,0.0687201,0.0925538
0.508992,-0.0828666,0.276907,0.145499,0.182549,0.0530301,-0.148777,0.151587,0.129941,0.264643,0.0565972,0.302691,0.543836,0.773976,0.176599,0.155606,0.129454,0.296583,-0.00942534,0.461094,0.557548,0.55431,0.80933,0.316323,0.38495,0.385148,0.230834,0.523274,0.344812,0.166325,0.264974,-0.167727,0.139356,0.381202,0.294222,0.580409,0.428636,0.0211953,0.138987,0.182247,-0.00804374,0.155682,0.0771209,0.34845,0.120009,0.00773096,-0.00249967,0.242235,0.207653,-0.0152861,0.0198199,0.425585,0.31697,0.312751,0.409284,0.4107,0.129175,0.133988,-0.0611827,0.313202,0.274547,0.0834574,0.0176066,0.0407464,0.056505,0.211041,0.521432,0.0684327,0.0920786
0.509992,-0.0788914,0.27601,0.145062,0.18146,0.0538641,-0.147538,0.149874,0.132131,0.263416,0.0568142,0.304937,0.541832,0.770104,0.175852,0.154671,0.131249,0.29327,-0.009304,0.457482,0.55747,0.551419,0.80401,0.315104,0.387686,0.3832,0.22824,0.520487,0.345892,0.167663,0.264217,-0.164697,0.13788,0.380622,0.295485,0.576435,0.427962,0.0196665,0.137837,0.182037,-0.0084939,0.15829,0.0756969,0.347038,0.118003,0.00771873,-0.0028152,0.241264,0.209647,-0.0148636,0.0194176,0.424058,0.31669,0.313142,0.402309,0.410737,0.127119,0.134301,-0.0609113,0.313375,0.273874,0.0839475,0.0171792,0.0410726,0.0570165,0.21177,0.515449,0.0681542,0.0916215
0.510992,-0.0749229,0.275087,0.144672,0.180366,0.054703,-0.146287,0.148193,0.134361,0.262187,0.0570715,0.307166,0.539842,0.766215,0.17513,0.153727,0.133035,0.289955,-0.00913962,0.453925,0.557386,0.548518,0.7987,0.313901,0.390431,0.381227,0.225665,0.517709,0.34698,0.169041,0.263476,-0.161666,0.136379,0.380051,0.296744,0.572456,0.427304,0.0181541,0.13668,0.181791,-0.00892992,0.1608,0.0742722,0.345694,0.116059,0.00770868,-0.00312042,0.240294,0.211662,-0.0144443,0.0190218,0.422509,0.316412,0.31359,0.395365,0.41077,0.125072,0.134612,-0.0606432,0.31355,0.27321,0.084436,0.0167507,0.0413908,0.0575275,0.212483,0.509422,0.0678848,0.0911826
0.511992,-0.0709617,0.274137,0.144324,0.179267,0.0555402,-0.145026,0.146545,0.136627,0.260956,0.0573712,0.309376,0.537868,0.76231,0.17443,0.152777,0.134812,0.28664,-0.00893161,0.450424,0.557297,0.545605,0.793402,0.312715,0.393184,0.379234,0.22311,0.51494,0.348076,0.170459,0.262751,-0.158634,0.134853,0.379489,0.298,0.568474,0.426664,0.0166605,0.135517,0.181506,-0.00935095,0.163212,0.0728469,0.344417,0.114177,0.00770051,-0.00341515,0.239328,0.213696,-0.014029,0.0186324,0.420939,0.316135,0.314094,0.388454,0.410801,0.123035,0.134922,-0.0603785,0.313727,0.272557,0.0849225,0.016321,0.0417009,0.0580378,0.213179,0.50335,0.0676243,0.0907622
0.512992,-0.067008,0.273161,0.144018,0.178162,0.0563738,-0.143755,0.144933,0.138926,0.259723,0.0577152,0.311568,0.535907,0.758388,0.173753,0.151818,0.136578,0.283325,-0.00867944,0.446979,0.557202,0.542682,0.788116,0.311546,0.395945,0.377223,0.220578,0.512179,0.349178,0.171916,0.262039,-0.155602,0.133302,0.378935,0.299252,0.564488,0.426041,0.0151879,0.134347,0.181177,-0.00975613,0.165529,0.0714213,0.343208,0.112358,0.00769391,-0.00369926,0.238364,0.215748,-0.0136179,0.0182496,0.419347,0.31586,0.314652,0.381576,0.41083,0.121008,0.135231,-0.060117,0.313905,0.271914,0.0854069,0.0158901,0.0420025,0.0585476,0.213858,0.497233,0.0673728,0.0903607
0.513992,-0.0630624,0.272159,0.143754,0.177051,0.0572114,-0.142473,0.143358,0.141255,0.258489,0.0581057,0.313742,0.533961,0.754451,0.173099,0.150852,0.138333,0.280009,-0.00838258,0.443592,0.557103,0.539749,0.782845,0.310395,0.398714,0.375198,0.218067,0.509427,0.350288,0.173413,0.261338,-0.152569,0.131728,0.37839,0.3005,0.560498,0.425435,0.0137384,0.13317,0.180802,-0.0101446,0.167754,0.0699955,0.342067,0.110603,0.00768855,-0.00397261,0.237402,0.217817,-0.0132105,0.0178736,0.417733,0.315587,0.315262,0.374731,0.410857,0.11899,0.135538,-0.0598589,0.314084,0.27128,0.0858891,0.0154582,0.0422955,0.0590566,0.214519,0.49107,0.0671302,0.0899783
0.514992,-0.0591252,0.271132,0.143532,0.175934,0.0580635,-0.141181,0.141822,0.14361,0.257254,0.0585449,0.315896,0.53203,0.750498,0.172469,0.149877,0.140078,0.276693,-0.00804055,0.440262,0.557,0.536806,0.777587,0.309262,0.401489,0.373163,0.21558,0.506684,0.351405,0.174948,0.260647,-0.149536,0.130131,0.377853,0.301743,0.556505,0.424848,0.0123138,0.131986,0.180376,-0.0105155,0.169889,0.0685698,0.340993,0.10891,0.00768402,-0.00423512,0.236444,0.219902,-0.0128058,0.0175046,0.416098,0.315315,0.315924,0.36792,0.410884,0.116982,0.135843,-0.0596042,0.314265,0.270657,0.0863688,0.0150254,0.0425798,0.0595649,0.215163,0.48486,0.0668966,0.0896154
0.515992,-0.0551969,0.270079,0.143356,0.17481,0.0589371,-0.139879,0.140326,0.145988,0.256016,0.0590348,0.318032,0.530112,0.746529,0.171866,0.148894,0.141811,0.273377,-0.0076529,0.43699,0.556891,0.533853,0.772345,0.308148,0.404271,0.371123,0.213118,0.50395,0.352528,0.176523,0.259962,-0.146503,0.128511,0.377325,0.302981,0.552509,0.424279,0.010916,0.130795,0.179898,-0.0108679,0.171936,0.0671444,0.339987,0.10728,0.0076799,-0.00448674,0.235488,0.222001,-0.0124026,0.0171431,0.414443,0.315045,0.316635,0.361143,0.410911,0.114984,0.136146,-0.0593529,0.314447,0.270045,0.0868459,0.0145919,0.0428549,0.0600722,0.215789,0.478601,0.0666719,0.0892723
0.516992,-0.0512779,0.269001,0.143228,0.173679,0.0598349,-0.138565,0.138873,0.148387,0.254778,0.0595778,0.320149,0.528209,0.742546,0.17129,0.147902,0.143533,0.270061,-0.00721923,0.433777,0.556779,0.530892,0.767119,0.307053,0.407059,0.369081,0.210681,0.501224,0.353655,0.178138,0.25928,-0.14347,0.126869,0.376807,0.304214,0.54851,0.423729,0.00954664,0.129597,0.179367,-0.011201,0.173898,0.0657194,0.339047,0.105713,0.00767572,-0.00472748,0.234535,0.224114,-0.0119993,0.0167898,0.412768,0.314777,0.317394,0.354401,0.410939,0.112997,0.136446,-0.0591049,0.314632,0.269443,0.0873201,0.0141578,0.04312,0.0605785,0.216398,0.472294,0.0664561,0.0889496
0.517991,-0.0473686,0.267898,0.143151,0.172541,0.0607577,-0.137242,0.137463,0.150803,0.253538,0.060176,0.322247,0.526319,0.738549,0.170743,0.146902,0.145244,0.266746,-0.00673916,0.430621,0.556662,0.527922,0.761909,0.305978,0.409852,0.367042,0.20827,0.498507,0.354788,0.179792,0.2586,-0.140437,0.125205,0.376298,0.305441,0.544508,0.423197,0.00820749,0.128391,0.178784,-0.0115138,0.175775,0.0642951,0.338174,0.10421,0.00767104,-0.00495742,0.233585,0.226239,-0.0115946,0.0164452,0.411073,0.314511,0.318198,0.347694,0.410969,0.111022,0.136743,-0.0588605,0.314818,0.268852,0.0877912,0.0137236,0.0433739,0.0610836,0.216988,0.465937,0.0662493,0.0886475
0.518991,-0.0434696,0.266771,0.143128,0.171396,0.0617052,-0.135908,0.136099,0.153236,0.252297,0.0608317,0.324327,0.524444,0.734537,0.170225,0.145892,0.146943,0.263432,-0.00621233,0.427524,0.556541,0.524944,0.756717,0.304922,0.412651,0.365009,0.205886,0.495798,0.355924,0.181486,0.257918,-0.137405,0.123521,0.375799,0.306662,0.540504,0.422684,0.00690031,0.127178,0.17815,-0.0118053,0.177568,0.0628717,0.337367,0.102769,0.00766546,-0.00517669,0.232638,0.228375,-0.0111873,0.0161101,0.409358,0.314247,0.319047,0.341023,0.411001,0.10906,0.137037,-0.0586195,0.315006,0.268272,0.0882589,0.0132893,0.043615,0.0615876,0.217561,0.45953,0.0660515,0.0883664
0.519991,-0.0395811,0.265619,0.14316,0.170242,0.0626782,-0.134564,0.134781,0.155683,0.251055,0.0615473,0.326387,0.522582,0.730511,0.169737,0.144873,0.148629,0.26012,-0.00563845,0.424485,0.556417,0.521958,0.751543,0.303887,0.415454,0.362987,0.203531,0.493097,0.357062,0.18322,0.257233,-0.134372,0.121818,0.37531,0.307877,0.536497,0.422191,0.00562687,0.125958,0.177469,-0.0120747,0.179279,0.0614494,0.336626,0.101391,0.00765863,-0.00538546,0.231693,0.230521,-0.0107763,0.0157854,0.407625,0.313985,0.319938,0.33439,0.411036,0.107115,0.137329,-0.0583821,0.315195,0.267704,0.0887229,0.0128553,0.0438414,0.0620902,0.218115,0.45307,0.0658628,0.0881069
0.520991,-0.0357038,0.264442,0.143245,0.169081,0.063681,-0.133209,0.133512,0.158141,0.249811,0.0623249,0.328428,0.520734,0.726471,0.169279,0.143844,0.150304,0.256808,-0.00501725,0.421504,0.556288,0.518965,0.746388,0.302872,0.418262,0.36098,0.201205,0.490405,0.358203,0.184995,0.256541,-0.131341,0.120095,0.374832,0.309086,0.532488,0.421717,0.00438893,0.12473,0.176742,-0.0123208,0.180907,0.0600285,0.335951,0.100077,0.00765031,-0.00558398,0.230752,0.232676,-0.0103609,0.0154716,0.405873,0.313724,0.32087,0.327796,0.411074,0.105188,0.137617,-0.0581482,0.315386,0.267146,0.089183,0.0124218,0.0440513,0.0625913,0.21865,0.446557,0.0656831,0.0878693
0.521991,-0.0318381,0.263241,0.14338,0.167911,0.0647248,-0.131844,0.132292,0.16061,0.248567,0.0631668,0.33045,0.5189,0.722419,0.168852,0.142806,0.151967,0.253498,-0.00434847,0.41858,0.556156,0.515965,0.741254,0.301877,0.421073,0.35899,0.198909,0.487721,0.359344,0.18681,0.255843,-0.12831,0.118353,0.374366,0.310288,0.528477,0.421263,0.00318814,0.123495,0.175974,-0.0125426,0.182457,0.0586092,0.335342,0.0988247,0.00764032,-0.00577251,0.229813,0.234838,-0.00994056,0.0151696,0.404103,0.313466,0.321842,0.321243,0.411117,0.103285,0.137901,-0.057918,0.315578,0.266601,0.0896388,0.0119892,0.0442436,0.063091,0.219167,0.439991,0.0655125,0.087654
0.522991,-0.0279843,0.262017,0.143561,0.166733,0.0658231,-0.130468,0.131122,0.163088,0.247322,0.0640752,0.332453,0.51708,0.718353,0.168457,0.141757,0.153618,0.25019,-0.00363191,0.415713,0.556021,0.512959,0.73614,0.300902,0.423888,0.357021,0.196646,0.485045,0.360485,0.188666,0.255136,-0.12528,0.116594,0.373911,0.311483,0.524465,0.420829,0.00202594,0.122252,0.175168,-0.0127388,0.183929,0.0571918,0.334798,0.0976349,0.00762857,-0.00595135,0.228877,0.237006,-0.0095147,0.0148802,0.402317,0.31321,0.322852,0.314735,0.411164,0.101411,0.138183,-0.0576915,0.31577,0.266067,0.09009,0.0115578,0.0444181,0.063589,0.219664,0.433368,0.0653511,0.0874615
0.523991,-0.0241431,0.260769,0.143786,0.165547,0.0669721,-0.129083,0.130005,0.165572,0.246075,0.0650522,0.334437,0.515273,0.714275,0.168092,0.140697,0.155256,0.246885,-0.00286737,0.412903,0.555882,0.509946,0.731047,0.299947,0.426706,0.355077,0.194414,0.482377,0.361625,0.190562,0.25442,-0.122252,0.114818,0.373469,0.312671,0.52045,0.420415,0.000903451,0.121002,0.174325,-0.0129082,0.185326,0.0557765,0.33432,0.0965071,0.00761504,-0.00612079,0.227944,0.23918,-0.00908301,0.0146039,0.400513,0.312955,0.323898,0.308275,0.411216,0.0995706,0.13846,-0.0574687,0.315962,0.265546,0.0905362,0.0111278,0.0445746,0.0640853,0.220143,0.426688,0.0651989,0.0872921
0.524991,-0.0203149,0.259497,0.144051,0.164352,0.0681578,-0.127686,0.12894,0.168063,0.244828,0.0661,0.336401,0.51348,0.710184,0.16776,0.139627,0.156883,0.243581,-0.00205471,0.41015,0.555741,0.506929,0.725978,0.299012,0.429527,0.353159,0.192217,0.479717,0.362764,0.1925,0.253696,-0.119224,0.113027,0.37304,0.313851,0.516434,0.420023,-0.00017869,0.119743,0.173449,-0.0130495,0.186652,0.0543635,0.333909,0.0954406,0.00759972,-0.00628114,0.227014,0.241358,-0.00864523,0.0143414,0.398693,0.312702,0.32498,0.301868,0.411274,0.0977709,0.138734,-0.0572496,0.316153,0.265037,0.0909771,0.0106995,0.0447116,0.0645799,0.220602,0.419948,0.065056,0.0871461
0.525991,-0.0165001,0.258202,0.144352,0.163148,0.0693711,-0.12628,0.127929,0.170558,0.24358,0.0672205,0.338347,0.511701,0.706082,0.167459,0.138546,0.158497,0.240281,-0.00119376,0.407453,0.555596,0.503906,0.720933,0.298097,0.43235,0.351271,0.190055,0.477064,0.363901,0.194477,0.252964,-0.116198,0.111221,0.372624,0.315023,0.512417,0.419651,-0.00122041,0.118477,0.17254,-0.0131612,0.18791,0.0529533,0.333563,0.0944347,0.00758263,-0.0064327,0.226086,0.243539,-0.00820117,0.0140934,0.396858,0.312451,0.326095,0.295519,0.411337,0.0960172,0.139004,-0.0570343,0.316342,0.264541,0.0914121,0.0102731,0.0448229,0.0650725,0.221041,0.413147,0.0649225,0.087024
0.526991,-0.0126992,0.256885,0.144686,0.161935,0.0706071,-0.124863,0.126973,0.173057,0.242332,0.0684156,0.340273,0.509936,0.701968,0.16719,0.137453,0.1601,0.236983,-0.000284396,0.404812,0.555449,0.500879,0.715913,0.2972,0.435175,0.349414,0.18793,0.474418,0.365034,0.196495,0.252226,-0.113173,0.109401,0.372221,0.316187,0.508398,0.419301,-0.00222226,0.117202,0.171601,-0.0132418,0.189102,0.051546,0.333285,0.0934884,0.0075638,-0.00657571,0.225162,0.245721,-0.00775069,0.0138605,0.395007,0.312202,0.327244,0.289238,0.411407,0.094314,0.139271,-0.0568229,0.316529,0.264058,0.0918409,0.00984886,0.0449022,0.0655633,0.221461,0.406282,0.0647985,0.0869261
0.527991,-0.00891283,0.255544,0.145052,0.160713,0.0718621,-0.123435,0.126073,0.175559,0.241083,0.0696873,0.342179,0.508185,0.697843,0.166954,0.136349,0.16169,0.233688,0.000673485,0.402226,0.555299,0.497847,0.710919,0.296323,0.438002,0.347591,0.185843,0.47178,0.366165,0.198552,0.251483,-0.11015,0.107568,0.371833,0.317343,0.504378,0.418972,-0.00318541,0.11592,0.170632,-0.0132896,0.190231,0.050142,0.333074,0.0926007,0.00754322,-0.00671043,0.22424,0.247905,-0.0072937,0.0136433,0.393141,0.311954,0.328423,0.283034,0.411483,0.0926644,0.139533,-0.0566153,0.316712,0.263588,0.0922631,0.00942702,0.0449553,0.0660519,0.22186,0.399349,0.0646841,0.0868526
0.528991,-0.00514135,0.254181,0.145447,0.159482,0.0731331,-0.121997,0.125229,0.178063,0.239833,0.0710371,0.344067,0.506447,0.693707,0.16675,0.135233,0.163269,0.230397,0.00167999,0.399694,0.555147,0.494813,0.705954,0.295464,0.44083,0.345802,0.183796,0.469148,0.367292,0.200647,0.250738,-0.107129,0.105725,0.37146,0.31849,0.500357,0.418665,-0.00411153,0.114629,0.169633,-0.0133029,0.191298,0.0487416,0.332932,0.0917702,0.00752089,-0.00683704,0.223321,0.250089,-0.00683015,0.0134425,0.391261,0.311707,0.329634,0.276923,0.411565,0.0910708,0.139792,-0.0564116,0.316892,0.263132,0.0926781,0.00900776,0.0449877,0.0665385,0.222239,0.392345,0.0645793,0.0868038
0.529991,-0.00138532,0.252795,0.145868,0.158243,0.0744176,-0.120549,0.124443,0.180567,0.238584,0.0724664,0.345935,0.504723,0.689561,0.166579,0.134105,0.164835,0.22711,0.0027352,0.397217,0.554992,0.491775,0.701018,0.294623,0.443658,0.344049,0.18179,0.466523,0.368415,0.20278,0.249994,-0.104109,0.103871,0.371101,0.319628,0.496335,0.418381,-0.00500271,0.11333,0.168606,-0.0132799,0.192307,0.0473452,0.332859,0.0909956,0.00749677,-0.00695571,0.222405,0.252272,-0.00636002,0.013259,0.389366,0.311462,0.330874,0.270921,0.411654,0.0895351,0.140047,-0.0562118,0.317068,0.26269,0.0930855,0.00859126,0.0449988,0.0670229,0.222598,0.385267,0.0644843,0.08678
0.530991,0.00235477,0.251387,0.146314,0.156994,0.0757125,-0.11909,0.123714,0.183071,0.237333,0.0739768,0.347784,0.503013,0.685405,0.16644,0.132965,0.16639,0.223826,0.00383922,0.394794,0.554836,0.488735,0.696114,0.293799,0.446487,0.342333,0.179828,0.463905,0.369534,0.20495,0.249252,-0.101092,0.10201,0.370757,0.320758,0.492312,0.418119,-0.0058612,0.112023,0.167549,-0.0132189,0.19326,0.045953,0.332856,0.0902753,0.00747082,-0.00706656,0.221491,0.254453,-0.00588329,0.0130935,0.387457,0.311218,0.332142,0.265053,0.411749,0.0880598,0.140297,-0.056016,0.317238,0.262262,0.0934849,0.00817765,0.0449852,0.067505,0.222936,0.378109,0.0643991,0.0867813
0.531991,0.0060784,0.249957,0.146783,0.155737,0.0770132,-0.117621,0.123043,0.185575,0.236083,0.0755692,0.349614,0.501317,0.681238,0.166334,0.131813,0.167933,0.220547,0.0049921,0.392424,0.554678,0.485693,0.691243,0.292992,0.449315,0.340655,0.177911,0.461293,0.370648,0.207155,0.248514,-0.0980772,0.100142,0.370429,0.321877,0.488289,0.41788,-0.00668934,0.110708,0.166462,-0.0131181,0.194159,0.0445655,0.332924,0.0896078,0.00744298,-0.00716969,0.22058,0.256631,-0.00539996,0.012947,0.385535,0.310975,0.333438,0.259347,0.411851,0.086647,0.140544,-0.055824,0.317404,0.26185,0.0938758,0.00776707,0.0449444,0.0679847,0.223252,0.370866,0.0643239,0.086808
0.532991,0.00978505,0.248506,0.147274,0.154472,0.0783138,-0.116141,0.122431,0.188078,0.234832,0.0772446,0.351424,0.499635,0.677063,0.166261,0.130649,0.169465,0.217272,0.00619395,0.390107,0.554518,0.48265,0.686406,0.292202,0.452143,0.339014,0.176041,0.458687,0.371758,0.209394,0.247782,-0.0950646,0.0982691,0.370116,0.322987,0.484264,0.417664,-0.00748933,0.109384,0.165344,-0.0129759,0.195008,0.043183,0.333065,0.0889913,0.00741321,-0.00726515,0.219671,0.258806,-0.00491,0.0128207,0.383599,0.310734,0.33476,0.253837,0.411959,0.0852995,0.140786,-0.0556361,0.317565,0.261454,0.0942577,0.00735963,0.0448779,0.068462,0.223548,0.363533,0.0642586,0.0868602
0.533991,0.0134742,0.247032,0.147784,0.153199,0.0796124,-0.114651,0.121875,0.190579,0.233581,0.0790035,0.353215,0.497967,0.672878,0.166221,0.129473,0.170984,0.214002,0.00744486,0.387842,0.554357,0.479606,0.681607,0.291427,0.45497,0.337411,0.17422,0.456087,0.372862,0.211666,0.247056,-0.0920545,0.0963943,0.369818,0.324087,0.48024,0.417471,-0.00826316,0.108052,0.164194,-0.0127906,0.195808,0.041806,0.333279,0.088424,0.00738147,-0.00735301,0.218765,0.260976,-0.00441339,0.0127156,0.381651,0.310493,0.336108,0.248553,0.412074,0.08402,0.141024,-0.0554521,0.31772,0.261074,0.0946304,0.00695541,0.0447884,0.0689368,0.223822,0.356105,0.0642035,0.086938
0.534991,0.0171453,0.245538,0.148313,0.151917,0.0809145,-0.11315,0.121378,0.193078,0.23233,0.0808464,0.354987,0.496314,0.668684,0.166214,0.128284,0.172492,0.210737,0.00874495,0.385629,0.554194,0.476562,0.676847,0.290668,0.457796,0.335846,0.172452,0.453492,0.373961,0.213969,0.246335,-0.0890472,0.0945197,0.369535,0.325177,0.476214,0.417302,-0.00901253,0.106712,0.163011,-0.0125607,0.196562,0.0404349,0.333567,0.0879041,0.00734778,-0.00743328,0.217861,0.26314,-0.00391007,0.0126327,0.379689,0.310254,0.33748,0.243524,0.412195,0.0828111,0.141258,-0.0552722,0.317868,0.260712,0.0949933,0.00655447,0.0446767,0.069409,0.224074,0.348577,0.0641585,0.0870416
0.535991,0.0207979,0.244021,0.148859,0.150629,0.0822285,-0.111639,0.120937,0.195574,0.23108,0.0827732,0.35674,0.494674,0.664482,0.16624,0.127083,0.173988,0.207478,0.0100944,0.383468,0.55403,0.473519,0.672128,0.289923,0.46062,0.33432,0.170738,0.450903,0.375054,0.216302,0.245618,-0.0860427,0.0926482,0.369268,0.326256,0.472188,0.417157,-0.00973885,0.105363,0.161793,-0.012285,0.197272,0.0390701,0.33393,0.0874299,0.0073122,-0.00750601,0.216959,0.265299,-0.00339997,0.0125732,0.377716,0.310016,0.338876,0.238773,0.412322,0.0816749,0.141487,-0.0550962,0.318011,0.260367,0.0953463,0.00615686,0.0445425,0.0698786,0.224305,0.340941,0.0641238,0.0871711
0.536991,0.0244314,0.242484,0.149421,0.149334,0.0835642,-0.110116,0.120551,0.198066,0.229829,0.0847837,0.358473,0.493049,0.660273,0.166299,0.12587,0.175472,0.204224,0.0114935,0.381358,0.553866,0.470477,0.667451,0.289192,0.463442,0.332831,0.169082,0.448319,0.376141,0.218664,0.244903,-0.0830413,0.0907829,0.369016,0.327324,0.468162,0.417036,-0.0104432,0.104007,0.160538,-0.0119623,0.197942,0.0377122,0.334369,0.0869994,0.00727484,-0.00757124,0.216059,0.26745,-0.00288299,0.0125378,0.37573,0.30978,0.340295,0.234316,0.412455,0.080613,0.141712,-0.0549243,0.318148,0.260042,0.095689,0.0057626,0.0443845,0.0703454,0.224513,0.333195,0.0640994,0.0873264
0.537991,0.0280452,0.240926,0.149999,0.148034,0.084934,-0.108583,0.12022,0.200554,0.228579,0.0868772,0.360188,0.491438,0.656055,0.16639,0.124645,0.176945,0.200975,0.0129425,0.379298,0.553701,0.467437,0.66282,0.288474,0.466262,0.331379,0.167486,0.445739,0.37722,0.221053,0.244187,-0.0800431,0.0889274,0.368778,0.328382,0.464135,0.416939,-0.0111266,0.102641,0.159244,-0.0115913,0.198571,0.0363615,0.334884,0.086611,0.00723588,-0.00762899,0.215162,0.269593,-0.00235903,0.0125271,0.373733,0.309544,0.341736,0.230159,0.412595,0.079626,0.141932,-0.0547566,0.318278,0.259737,0.0960211,0.0053717,0.0442014,0.0708093,0.224698,0.325333,0.0640852,0.0875078
0.538991,0.0316389,0.239347,0.150591,0.146728,0.0863468,-0.10704,0.119942,0.203038,0.227329,0.0890528,0.361883,0.489841,0.65183,0.166514,0.123407,0.178406,0.197733,0.0144419,0.377288,0.553535,0.464399,0.658235,0.287769,0.469078,0.329965,0.165955,0.443163,0.378291,0.223468,0.243467,-0.0770483,0.0870857,0.368555,0.329427,0.460108,0.416867,-0.0117896,0.101268,0.15791,-0.0111709,0.199162,0.0350187,0.335475,0.0862629,0.00719556,-0.00767931,0.214267,0.271728,-0.00182797,0.0125413,0.371725,0.30931,0.343199,0.226295,0.412739,0.0787136,0.142147,-0.054593,0.318401,0.259452,0.0963427,0.00498414,0.0439911,0.0712704,0.224861,0.31735,0.0640813,0.0877153
0.539991,0.0352118,0.237747,0.151197,0.14542,0.0878011,-0.105485,0.119715,0.205517,0.226079,0.091309,0.363559,0.488259,0.647599,0.16667,0.122158,0.179856,0.194498,0.0159925,0.375329,0.553369,0.461365,0.653698,0.287075,0.471892,0.328587,0.164492,0.440592,0.379353,0.225908,0.24274,-0.0740571,0.0852626,0.368347,0.330461,0.45608,0.416819,-0.012433,0.0998855,0.156533,-0.0107,0.199717,0.0336842,0.336144,0.0859532,0.00715415,-0.00772222,0.213374,0.273853,-0.00128969,0.0125802,0.369706,0.309078,0.344682,0.222707,0.41289,0.0778752,0.142357,-0.0544336,0.318519,0.259189,0.0966534,0.00459988,0.0437508,0.0717285,0.225002,0.309243,0.0640878,0.0879489
0.540991,0.0387634,0.236127,0.151815,0.14411,0.0892914,-0.10392,0.119539,0.20799,0.22483,0.0936443,0.365217,0.486692,0.643361,0.166858,0.120896,0.181294,0.191269,0.0175948,0.373418,0.553203,0.458334,0.649211,0.286392,0.474701,0.327246,0.1631,0.438023,0.380406,0.228371,0.242002,-0.0710697,0.083463,0.368152,0.331483,0.452052,0.416796,-0.0130572,0.0984951,0.155112,-0.0101771,0.200236,0.0323587,0.336891,0.0856804,0.00711198,-0.00775768,0.212483,0.275968,-0.000744044,0.0126434,0.367677,0.308847,0.346185,0.219371,0.413046,0.0771101,0.142562,-0.0542785,0.31863,0.258948,0.0969534,0.00421888,0.0434779,0.0721836,0.225119,0.301007,0.0641045,0.0882087
0.541991,0.0422932,0.234486,0.152445,0.1428,0.090817,-0.102343,0.119411,0.210458,0.223581,0.0960567,0.366855,0.485139,0.639116,0.167078,0.119622,0.18272,0.188047,0.01925,0.371557,0.553037,0.455308,0.644775,0.285718,0.477507,0.325941,0.161786,0.435459,0.381447,0.230857,0.241251,-0.0680862,0.0816925,0.367971,0.332493,0.448023,0.416797,-0.0136629,0.0970965,0.153648,-0.00960066,0.20072,0.0310428,0.337715,0.0854429,0.00706938,-0.00778563,0.211595,0.278072,-0.00019091,0.0127297,0.365638,0.308618,0.347707,0.216266,0.413207,0.0764175,0.142762,-0.0541277,0.318735,0.258729,0.0972425,0.00384106,0.0431712,0.0726356,0.225212,0.292636,0.0641313,0.0884946
0.542991,0.0458006,0.232826,0.153086,0.141494,0.0923823,-0.100756,0.119331,0.21292,0.222333,0.0985439,0.368474,0.483601,0.634866,0.167328,0.118337,0.184135,0.184832,0.0209591,0.369745,0.552871,0.452288,0.640392,0.285053,0.480308,0.324672,0.160553,0.432896,0.382477,0.233365,0.240485,-0.065107,0.0799569,0.367804,0.33349,0.443993,0.416823,-0.0142507,0.0956895,0.15214,-0.00896874,0.201169,0.0297371,0.338619,0.085239,0.00702671,-0.0078059,0.210709,0.280164,0.000369863,0.0128377,0.36359,0.308391,0.349247,0.213373,0.413373,0.0757963,0.142956,-0.0539814,0.318834,0.258531,0.0975209,0.00346633,0.0428317,0.0730844,0.225283,0.284125,0.0641683,0.0888068
0.543991,0.0492851,0.231145,0.153737,0.140196,0.0939942,-0.0991571,0.119295,0.215374,0.221086,0.101104,0.370074,0.482078,0.630611,0.16761,0.11704,0.185538,0.181624,0.022723,0.367981,0.552705,0.449274,0.636061,0.284396,0.483104,0.323439,0.159407,0.430336,0.383494,0.235893,0.239703,-0.0621323,0.0782621,0.367649,0.334475,0.439963,0.416873,-0.0148212,0.0942743,0.150594,-0.00827892,0.201585,0.0284423,0.3396,0.0850672,0.00698435,-0.00781819,0.209826,0.282244,0.000938448,0.0129659,0.361533,0.308166,0.350806,0.210682,0.413543,0.0752456,0.143144,-0.0538394,0.318927,0.258354,0.0977886,0.00309457,0.0424606,0.07353,0.225329,0.275467,0.0642153,0.0891453
0.544991,0.052746,0.229444,0.154399,0.138912,0.0956569,-0.0975473,0.119304,0.217822,0.219839,0.103733,0.371655,0.480571,0.626351,0.167921,0.115732,0.18693,0.178425,0.0245424,0.366265,0.55254,0.446267,0.631783,0.283747,0.485895,0.322242,0.158355,0.427778,0.384496,0.238441,0.238904,-0.0591622,0.0766137,0.367508,0.335447,0.435932,0.416948,-0.0153752,0.0928509,0.149012,-0.00752827,0.201968,0.027159,0.340661,0.0849261,0.00694266,-0.00782207,0.208945,0.28431,0.00151506,0.0131123,0.359468,0.307942,0.352381,0.208182,0.413719,0.074764,0.143326,-0.0537016,0.319015,0.258197,0.0980457,0.00272566,0.0420589,0.0739723,0.225352,0.266655,0.064272,0.08951
0.545991,0.0561828,0.227724,0.155069,0.13765,0.0973698,-0.0959262,0.119355,0.220262,0.218594,0.106429,0.373218,0.479078,0.622086,0.168262,0.114413,0.18831,0.175233,0.0264176,0.364597,0.552376,0.443268,0.62756,0.283103,0.488681,0.321081,0.157401,0.425221,0.385485,0.241008,0.238088,-0.056197,0.0750171,0.367379,0.336406,0.4319,0.417047,-0.0159135,0.0914193,0.147404,-0.00671327,0.202317,0.0258881,0.341802,0.0848142,0.00690202,-0.00781695,0.208069,0.286363,0.00209997,0.0132749,0.357396,0.307721,0.353974,0.205867,0.4139,0.0743502,0.143501,-0.053568,0.319099,0.258059,0.0982924,0.00235943,0.0416283,0.0744113,0.22535,0.257681,0.0643385,0.089901
0.546991,0.0595949,0.225984,0.155749,0.136426,0.099129,-0.0942938,0.119448,0.222694,0.217349,0.109189,0.374761,0.477601,0.617816,0.168632,0.113083,0.189678,0.17205,0.0283478,0.362977,0.552212,0.440277,0.623391,0.282465,0.49146,0.319956,0.156551,0.422664,0.386457,0.243593,0.237257,-0.0532371,0.0734775,0.367262,0.337352,0.427867,0.417171,-0.0164368,0.0899795,0.145777,-0.0058298,0.202635,0.0246303,0.343022,0.0847304,0.00686282,-0.00780202,0.207195,0.2884,0.0026935,0.0134516,0.355316,0.307502,0.355582,0.203731,0.414085,0.0740028,0.14367,-0.0534383,0.319178,0.257939,0.0985288,0.00199567,0.0411722,0.0748469,0.225325,0.248539,0.0644144,0.0903184
0.547991,0.0629817,0.224224,0.156437,0.135262,0.100931,-0.0926499,0.11958,0.225118,0.216106,0.11201,0.376286,0.476139,0.613543,0.169031,0.111742,0.191035,0.168876,0.0303309,0.361405,0.552049,0.437297,0.619276,0.281831,0.494232,0.318867,0.155813,0.420108,0.387414,0.246196,0.236412,-0.0502827,0.0719997,0.367157,0.338284,0.423832,0.417319,-0.0169458,0.0885318,0.144139,-0.00487333,0.202921,0.0233864,0.344321,0.0846733,0.00682542,-0.00777619,0.206325,0.290423,0.00329604,0.0136406,0.35323,0.307284,0.357206,0.201772,0.414276,0.0737204,0.143833,-0.0533121,0.319252,0.257836,0.0987549,0.00163416,0.0406938,0.075279,0.225275,0.239228,0.0644996,0.090762
