timestamp,bankssts-lh,bankssts-rh,caudalanteriorcingulate-lh,caudalanteriorcingulate-rh,caudalmiddlefrontal-lh,caudalmiddlefrontal-rh,cuneus-lh,cuneus-rh,entorhinal-lh,entorhinal-rh,frontalpole-lh,frontalpole-rh,fusiform-lh,fusiform-rh,inferiorparietal-lh,inferiorparietal-rh,inferiortemporal-lh,inferiortemporal-rh,insula-lh,insula-rh,isthmuscingulate-lh,isthmuscingulate-rh,lateraloccipital-lh,lateraloccipital-rh,lateralorbitofrontal-lh,lateralorbitofrontal-rh,lingual-lh,lingual-rh,medialorbitofrontal-lh,medialorbitofrontal-rh,middletemporal-lh,middletemporal-rh,paracentral-lh,paracentral-rh,parahippocampal-lh,parahippocampal-rh,parsopercularis-lh,parsopercularis-rh,parsorbitalis-lh,parsorbitalis-rh,parstriangularis-lh,parstriangularis-rh,pericalcarine-lh,pericalcarine-rh,postcentral-lh,postcentral-rh,posteriorcingulate-lh,posteriorcingulate-rh,precentral-lh,precentral-rh,precuneus-lh,precuneus-rh,rostralanteriorcingulate-lh,rostralanteriorcingulate-rh,rostralmiddlefrontal-lh,rostralmiddlefrontal-rh,superiorfrontal-lh,superiorfrontal-rh,superiorparietal-lh,superiorparietal-rh,superiortemporal-lh,superiortemporal-rh,supramarginal-lh,supramarginal-rh,temporalpole-lh,temporalpole-rh,transversetemporal-lh,transversetemporal-rh
0,-0.419952,0.0623494,0.215974,0.257113,0.147599,-0.121794,0.301557,0.173663,0.260104,0.0734146,0.884599,0.707482,1.01729,0.316729,0.140338,-0.0193992,0.523833,-0.0281267,1.15439,0.301333,0.435917,0.926669,0.18,0.382376,0.5975,0.250681,0.811734,0.437361,0.465601,0.279962,-0.369421,0.0971512,0.200487,0.402293,0.859893,0.557502,0.0012155,0.170671,0.204803,0.088028,-0.0684941,0.0451377,0.549991,0.327468,0.0851054,0.000732315,0.200974,0.264978,0.0405106,0.023016,0.449838,0.282598,0.798708,0.502066,0.631911,0.160068,0.097231,-0.0258312,0.319757,0.35697,0.121508,0.0169638,0.054536,0.0273251,0.24261,0.497604,0.0741392,0.00645624
0.000999984,-0.421843,0.062266,0.215937,0.258088,0.147323,-0.122681,0.302363,0.174304,0.261827,0.0733585,0.888607,0.711007,1.02194,0.317188,0.14029,-0.0198011,0.526487,-0.0279101,1.15785,0.302483,0.436919,0.929341,0.179267,0.381762,0.598374,0.252024,0.815324,0.439564,0.467148,0.281043,-0.37119,0.0970193,0.200353,0.404,0.864446,0.56077,0.000864388,0.171038,0.205364,0.0892839,-0.0687093,0.0451343,0.5505,0.327715,0.0852024,0.000517059,0.202091,0.267497,0.0404587,0.0226701,0.450606,0.283305,0.80162,0.504642,0.631909,0.160488,0.0970968,-0.026209,0.319805,0.357674,0.12163,0.0169382,0.0550101,0.0264894,0.244712,0.497557,0.0748981,0.00584439
0.00199997,-0.423714,0.0621645,0.215905,0.259063,0.147039,-0.123559,0.303161,0.174941,0.263539,0.0733006,0.892586,0.714511,1.02655,0.317636,0.140238,-0.0201871,0.529118,-0.0276797,1.16126,0.303625,0.437897,0.931966,0.178525,0.381125,0.599222,0.253363,0.818878,0.441754,0.46868,0.282119,-0.372943,0.0968788,0.200226,0.405698,0.868961,0.564038,0.000510991,0.171387,0.20592,0.0905411,-0.0689211,0.0451293,0.550982,0.327943,0.0852956,0.000299279,0.203197,0.270019,0.0403985,0.0223203,0.451351,0.284,0.804496,0.507202,0.631879,0.160901,0.0969602,-0.0265854,0.319844,0.358364,0.121747,0.0169156,0.0554816,0.0256555,0.246806,0.497481,0.0756548,0.00522711
0.00299995,-0.425566,0.0620443,0.215878,0.260036,0.146746,-0.12443,0.30395,0.175573,0.265241,0.0732409,0.896537,0.717993,1.0311,0.318074,0.140181,-0.0205568,0.531724,-0.0274351,1.16462,0.304758,0.438852,0.934545,0.177774,0.380464,0.600043,0.254699,0.822394,0.443931,0.470198,0.283189,-0.374681,0.0967297,0.200105,0.407387,0.873438,0.567306,0.000155321,0.171716,0.206474,0.0917994,-0.0691297,0.0451224,0.551437,0.328152,0.0853851,7.90046e-05,0.204291,0.272545,0.0403297,0.0219665,0.452076,0.284684,0.807337,0.509746,0.631818,0.161305,0.0968213,-0.0269603,0.319873,0.359042,0.121859,0.016896,0.0559504,0.0248277,0.248891,0.497376,0.0764091,0.00460443
0.00399993,-0.427397,0.0619047,0.215856,0.261008,0.146444,-0.125294,0.30473,0.176202,0.266932,0.0731794,0.900459,0.721452,1.03561,0.318501,0.140121,-0.0209101,0.534305,-0.0271761,1.16793,0.305882,0.439782,0.937076,0.177014,0.37978,0.600837,0.256031,0.825873,0.446094,0.4717,0.284253,-0.376403,0.096572,0.199991,0.409067,0.877877,0.570574,-0.000202602,0.172026,0.207024,0.0930587,-0.069335,0.0451138,0.551864,0.328342,0.085471,-0.000143731,0.205372,0.275072,0.0402519,0.0216087,0.452778,0.285355,0.810143,0.512274,0.631729,0.1617,0.09668,-0.0273338,0.319894,0.359707,0.121966,0.0168792,0.0564165,0.0240124,0.250966,0.497241,0.0771608,0.00397636
0.00499992,-0.429207,0.0617451,0.215838,0.26198,0.146133,-0.126149,0.3055,0.176826,0.268612,0.0731162,0.904352,0.72489,1.04006,0.318918,0.140057,-0.0212469,0.536862,-0.0269024,1.17119,0.306997,0.440689,0.93956,0.176246,0.379072,0.601604,0.257359,0.829315,0.448242,0.473187,0.285312,-0.378109,0.0964056,0.199883,0.410738,0.882277,0.573841,-0.000562763,0.172318,0.207571,0.0943188,-0.069537,0.0451033,0.552264,0.328513,0.0855534,-0.000368893,0.20644,0.277601,0.040165,0.0212468,0.453459,0.286014,0.812913,0.514786,0.63161,0.162088,0.0965363,-0.0277057,0.319905,0.360359,0.122068,0.0168654,0.0568799,0.0232182,0.253033,0.497076,0.0779099,0.00334291
0.0059999,-0.430997,0.0615651,0.215825,0.262951,0.145814,-0.126997,0.306262,0.177445,0.270282,0.0730514,0.908217,0.728305,1.04446,0.319326,0.139988,-0.0215673,0.539393,-0.0266137,1.17439,0.308103,0.441571,0.941996,0.175469,0.378342,0.602343,0.258683,0.832718,0.450377,0.474659,0.286366,-0.379798,0.0962305,0.199783,0.4124,0.886637,0.577108,-0.000925143,0.172592,0.208115,0.0955793,-0.0697356,0.0450909,0.552636,0.328666,0.0856323,-0.000596446,0.207491,0.280131,0.0400685,0.0208809,0.454118,0.286662,0.815648,0.517283,0.631462,0.162468,0.0963903,-0.0280762,0.319907,0.360998,0.122165,0.0168544,0.0573404,0.022453,0.25509,0.496882,0.0786564,0.00270411
0.00699988,-0.432767,0.0613641,0.215817,0.263921,0.145487,-0.127837,0.307015,0.17806,0.27194,0.0729849,0.912052,0.731698,1.04881,0.319723,0.139916,-0.0218714,0.541898,-0.0263096,1.17754,0.3092,0.442428,0.944384,0.174684,0.377588,0.603056,0.260003,0.836082,0.452497,0.476117,0.287414,-0.381471,0.0960467,0.199692,0.414052,0.890957,0.580373,-0.00128972,0.172847,0.208656,0.0968403,-0.0699309,0.0450766,0.552981,0.328799,0.0857077,-0.000826353,0.208524,0.282663,0.0399622,0.020511,0.454755,0.287297,0.818346,0.519763,0.631284,0.162839,0.0962422,-0.0284451,0.319901,0.361624,0.122258,0.0168463,0.057798,0.0217163,0.257138,0.496659,0.0794,0.00205997
0.00799987,-0.434515,0.0611415,0.215813,0.264891,0.145151,-0.128668,0.307758,0.178671,0.273587,0.072917,0.915859,0.735067,1.05311,0.320112,0.13984,-0.0221591,0.544378,-0.0259899,1.18064,0.310288,0.443262,0.946723,0.173891,0.376812,0.603742,0.261318,0.839407,0.454603,0.477559,0.288456,-0.383127,0.095854,0.199611,0.415694,0.895237,0.583638,-0.00165649,0.173083,0.209193,0.0981015,-0.0701228,0.0450603,0.553298,0.328913,0.0857799,-0.00105858,0.209537,0.285195,0.0398459,0.020137,0.455371,0.28792,0.821008,0.522227,0.631077,0.163202,0.096092,-0.0288124,0.319887,0.362238,0.122345,0.0168411,0.0582527,0.0210023,0.259176,0.496405,0.0801407,0.00141053
0.00899985,-0.436243,0.0608968,0.215815,0.265861,0.144808,-0.129492,0.308492,0.179277,0.275221,0.0728476,0.919636,0.738412,1.05735,0.32049,0.13976,-0.0224305,0.546831,-0.0256542,1.18369,0.311366,0.44407,0.949014,0.17309,0.376012,0.6044,0.262629,0.842693,0.456694,0.478987,0.289493,-0.384767,0.0956524,0.199539,0.417328,0.899476,0.586902,-0.00202541,0.1733,0.209727,0.0993628,-0.0703114,0.0450419,0.553588,0.329008,0.085849,-0.00129308,0.210527,0.287727,0.0397193,0.019759,0.455964,0.28853,0.823633,0.524674,0.630841,0.163558,0.0959401,-0.0291782,0.319864,0.362838,0.122427,0.0168387,0.0587044,0.0203087,0.261204,0.496122,0.0808785,0.000755814
0.00999984,-0.437949,0.0606295,0.215822,0.266831,0.144456,-0.130308,0.309218,0.179878,0.276844,0.0727767,0.923383,0.741734,1.06154,0.32086,0.139676,-0.0226854,0.549258,-0.0253022,1.18668,0.312435,0.444854,0.951256,0.172281,0.37519,0.60503,0.263934,0.845939,0.45877,0.480399,0.290524,-0.386389,0.0954419,0.199479,0.418951,0.903673,0.590164,-0.00239649,0.173498,0.210258,0.100624,-0.0704965,0.0450215,0.55385,0.329084,0.0859151,-0.00152981,0.211494,0.290259,0.0395821,0.0193771,0.456535,0.289129,0.826222,0.527105,0.630576,0.163906,0.0957865,-0.0295423,0.319833,0.363426,0.122505,0.0168391,0.059153,0.0196359,0.263222,0.495808,0.0816132,9.58469e-05
0.0109998,-0.439634,0.0603391,0.215834,0.267801,0.144097,-0.131116,0.309934,0.180474,0.278455,0.0727046,0.927102,0.745031,1.06567,0.321221,0.139588,-0.0229241,0.551658,-0.0249337,1.18962,0.313495,0.445613,0.953448,0.171465,0.374346,0.605634,0.265235,0.849145,0.460831,0.481797,0.29155,-0.387993,0.0952223,0.199429,0.420565,0.907829,0.593425,-0.00276968,0.173677,0.210785,0.101885,-0.0706783,0.044999,0.554085,0.32914,0.0859783,-0.00176875,0.212433,0.292791,0.039434,0.0189914,0.457084,0.289715,0.828773,0.52952,0.630282,0.164245,0.0956314,-0.0299048,0.319795,0.364001,0.122577,0.0168423,0.0595986,0.0189847,0.265231,0.495465,0.0823448,-0.000569337
0.0119998,-0.441297,0.0600252,0.215852,0.26877,0.14373,-0.131915,0.31064,0.181066,0.280054,0.0726312,0.930791,0.748305,1.06976,0.321573,0.139496,-0.0231467,0.554031,-0.0245483,1.1925,0.314545,0.446347,0.955591,0.170642,0.373479,0.606209,0.26653,0.85231,0.462876,0.483179,0.29257,-0.389581,0.0949935,0.19939,0.422168,0.911942,0.596685,-0.00314498,0.173836,0.21131,0.103146,-0.0708566,0.0449743,0.554292,0.329178,0.0860389,-0.00200985,0.213342,0.295322,0.0392747,0.0186019,0.457612,0.290288,0.831288,0.531918,0.629959,0.164577,0.0954749,-0.0302656,0.319748,0.364562,0.122645,0.0168485,0.060041,0.0183565,0.267229,0.495091,0.0830731,-0.00123971
0.0129998,-0.442939,0.0596872,0.215875,0.26974,0.143356,-0.132707,0.311338,0.181653,0.281639,0.0725565,0.93445,0.751553,1.07378,0.321917,0.139401,-0.0233541,0.556377,-0.0241458,1.19533,0.315586,0.447056,0.957684,0.169811,0.37259,0.606758,0.26782,0.855435,0.464907,0.484547,0.293585,-0.39115,0.0947555,0.199361,0.423762,0.916012,0.599942,-0.00352237,0.173977,0.211831,0.104407,-0.0710314,0.0449474,0.554471,0.329195,0.0860971,-0.00225308,0.214217,0.297851,0.039104,0.0182089,0.458116,0.290849,0.833765,0.534299,0.629606,0.164901,0.0953171,-0.0306247,0.319694,0.365111,0.122707,0.0168576,0.0604802,0.0177537,0.269217,0.494687,0.0837982,-0.00191523
0.0139998,-0.444558,0.0593246,0.215903,0.27071,0.142974,-0.13349,0.312027,0.182236,0.283212,0.0724808,0.938079,0.754777,1.07775,0.322252,0.139301,-0.023547,0.558695,-0.0237259,1.1981,0.316617,0.44774,0.959726,0.168974,0.371679,0.607278,0.269105,0.858518,0.466921,0.4859,0.294593,-0.392702,0.0945081,0.199341,0.425346,0.92004,0.603198,-0.00390182,0.174097,0.212349,0.105668,-0.0712028,0.0449183,0.554623,0.329194,0.086153,-0.0024984,0.215056,0.300379,0.0389213,0.0178125,0.458599,0.291397,0.836205,0.536664,0.629225,0.165218,0.0951579,-0.0309821,0.319633,0.365646,0.122764,0.0168699,0.0609162,0.0171799,0.271195,0.494252,0.0845199,-0.00259586
0.0149998,-0.446155,0.0589372,0.215938,0.271681,0.142585,-0.134264,0.312706,0.182813,0.284773,0.072404,0.941679,0.757975,1.08167,0.32258,0.139198,-0.0237263,0.560986,-0.0232883,1.20082,0.317638,0.448399,0.961718,0.168129,0.370746,0.607771,0.270383,0.86156,0.468919,0.487238,0.295597,-0.394235,0.0942513,0.199329,0.42692,0.924023,0.606452,-0.00428331,0.174199,0.212864,0.106928,-0.0713707,0.0448869,0.554747,0.329173,0.0862071,-0.00274578,0.21586,0.302905,0.0387265,0.0174128,0.45906,0.291933,0.838607,0.539012,0.628815,0.165526,0.0949974,-0.0313376,0.319565,0.366169,0.122816,0.0168853,0.0613489,0.0166385,0.273162,0.493787,0.0852381,-0.00328158
0.0159997,-0.447731,0.0585244,0.215979,0.272651,0.14219,-0.135031,0.313376,0.183385,0.286319,0.0723262,0.945249,0.761148,1.08553,0.3229,0.139091,-0.0238928,0.563248,-0.0228329,1.20348,0.31865,0.449032,0.963659,0.167279,0.369791,0.608236,0.271656,0.86456,0.470902,0.488561,0.296594,-0.39575,0.0939849,0.199325,0.428483,0.927963,0.609703,-0.00466682,0.174281,0.213375,0.108187,-0.0715351,0.0448533,0.554844,0.329132,0.0862597,-0.0029952,0.216632,0.305429,0.0385191,0.01701,0.459498,0.292456,0.840972,0.541343,0.628377,0.165827,0.0948356,-0.0316914,0.319489,0.366678,0.122864,0.0169041,0.0617783,0.0161311,0.275118,0.493292,0.0859529,-0.00397234
0.0169997,-0.449283,0.0580858,0.216027,0.273623,0.141787,-0.135788,0.314037,0.183952,0.287853,0.0722474,0.948789,0.764296,1.08933,0.323213,0.138981,-0.024047,0.565481,-0.0223593,1.20609,0.319651,0.449639,0.96555,0.166422,0.368815,0.608674,0.272923,0.867517,0.472868,0.489869,0.297586,-0.397246,0.0937087,0.199328,0.430036,0.931857,0.612952,-0.00505233,0.174345,0.213884,0.109446,-0.071696,0.0448173,0.554913,0.329071,0.0863113,-0.00324663,0.217373,0.30795,0.0382989,0.0166043,0.459914,0.292967,0.843298,0.543657,0.627909,0.166121,0.0946721,-0.0320433,0.319406,0.367175,0.122905,0.0169265,0.0622042,0.0156594,0.277064,0.492766,0.0866641,-0.0046681
0.0179997,-0.450813,0.0576212,0.216081,0.274595,0.141378,-0.136538,0.314689,0.184515,0.289373,0.0721678,0.952298,0.767417,1.09307,0.323519,0.138867,-0.0241897,0.567686,-0.0218675,1.20864,0.320643,0.450221,0.967388,0.165558,0.367817,0.609083,0.274183,0.870432,0.474818,0.491162,0.298572,-0.398724,0.0934227,0.199338,0.431579,0.935707,0.616199,-0.00543981,0.17439,0.214389,0.110704,-0.0718533,0.044779,0.554955,0.328991,0.0863628,-0.00350006,0.218084,0.310468,0.0380657,0.016196,0.460307,0.293464,0.845587,0.545955,0.627413,0.166407,0.0945071,-0.0323933,0.319317,0.367658,0.122942,0.0169526,0.0626268,0.0152258,0.278998,0.492209,0.0873717,-0.00536884
0.0189997,-0.452321,0.0571301,0.216143,0.275568,0.140962,-0.137278,0.315331,0.185072,0.290879,0.0720875,0.955778,0.770512,1.09676,0.323818,0.138749,-0.0243212,0.569862,-0.021357,1.21113,0.321624,0.450778,0.969176,0.164689,0.366798,0.609465,0.275438,0.873304,0.476751,0.492441,0.299552,-0.400183,0.0931268,0.199354,0.433111,0.939512,0.619442,-0.00582925,0.174417,0.214892,0.111961,-0.072007,0.0447383,0.554969,0.328892,0.0864149,-0.00375547,0.218764,0.312983,0.0378194,0.0157853,0.460678,0.293949,0.847837,0.548235,0.626889,0.166685,0.0943405,-0.0327414,0.319221,0.368129,0.122974,0.0169829,0.0630459,0.0148336,0.280921,0.491622,0.0880756,-0.00607451
0.0199997,-0.453806,0.0566123,0.216213,0.276541,0.140541,-0.138011,0.315965,0.185624,0.292371,0.0720064,0.959227,0.773581,1.10038,0.32411,0.138627,-0.0244419,0.572009,-0.0208277,1.21357,0.322596,0.451308,0.970911,0.163815,0.365758,0.609819,0.276685,0.876133,0.478668,0.493705,0.300527,-0.401623,0.0928208,0.199377,0.434633,0.943271,0.622682,-0.00622063,0.174427,0.215391,0.113218,-0.0721572,0.0446953,0.554955,0.328772,0.0864683,-0.00401285,0.219409,0.315494,0.03756,0.0153723,0.461026,0.29442,0.850049,0.550499,0.626336,0.166956,0.094172,-0.0330876,0.319118,0.368586,0.123,0.0170174,0.0634615,0.0144842,0.282833,0.491004,0.0887758,-0.00678507
0.0209997,-0.455267,0.0560675,0.216291,0.277516,0.140113,-0.138734,0.316589,0.186171,0.293849,0.0719247,0.962646,0.776624,1.10395,0.324397,0.138502,-0.0245518,0.574127,-0.0202794,1.21595,0.323557,0.451813,0.972594,0.162935,0.364698,0.610145,0.277926,0.878919,0.480567,0.494954,0.301496,-0.403044,0.0925047,0.199404,0.436145,0.946984,0.625919,-0.00661391,0.174419,0.215887,0.114474,-0.0723037,0.0446497,0.554914,0.328632,0.0865225,-0.00427219,0.220017,0.318001,0.0372876,0.0149574,0.461352,0.294879,0.852222,0.552746,0.625754,0.167219,0.0940017,-0.0334317,0.319009,0.36903,0.123021,0.0170566,0.0638735,0.0141763,0.284734,0.490355,0.0894723,-0.00750048
0.0219996,-0.456706,0.0554955,0.216377,0.278491,0.139679,-0.139449,0.317204,0.186712,0.295312,0.0718425,0.966034,0.779639,1.10746,0.324677,0.138373,-0.0246512,0.576215,-0.0197117,1.21827,0.324508,0.452291,0.974225,0.16205,0.363617,0.610443,0.27916,0.88166,0.482449,0.496189,0.302459,-0.404445,0.0921782,0.199437,0.437646,0.95065,0.629153,-0.00700907,0.174396,0.216381,0.115728,-0.0724467,0.0446018,0.554845,0.328473,0.0865769,-0.00453349,0.220585,0.320504,0.0370021,0.0145407,0.461656,0.295325,0.854357,0.554975,0.625145,0.167475,0.0938295,-0.0337739,0.318894,0.369462,0.123036,0.0171005,0.064282,0.0139064,0.286623,0.489676,0.0901649,-0.0082207
0.0229996,-0.458121,0.0548961,0.216474,0.279468,0.139239,-0.140154,0.31781,0.187248,0.296761,0.0717597,0.969392,0.782628,1.11091,0.324952,0.138241,-0.0247397,0.578273,-0.0191244,1.22053,0.325448,0.452744,0.975803,0.16116,0.362515,0.610714,0.280387,0.884357,0.484314,0.497408,0.303416,-0.405827,0.0918413,0.199475,0.439136,0.95427,0.632383,-0.0074061,0.174358,0.216871,0.116982,-0.072586,0.0445513,0.554749,0.328294,0.0866326,-0.00479677,0.221111,0.323002,0.0367038,0.0141225,0.461936,0.295758,0.856453,0.557187,0.624507,0.167724,0.0936553,-0.034114,0.318773,0.36988,0.123047,0.0171495,0.0646868,0.0136711,0.2885,0.488965,0.0908537,-0.0089457
0.0239996,-0.459513,0.0542693,0.21658,0.280445,0.138794,-0.140851,0.318406,0.187779,0.298195,0.0716766,0.97272,0.78559,1.1143,0.325221,0.138105,-0.024817,0.580302,-0.0185172,1.22274,0.326378,0.45317,0.977329,0.160265,0.361394,0.610956,0.281607,0.88701,0.486162,0.498614,0.304368,-0.40719,0.091494,0.199517,0.440615,0.957842,0.635608,-0.00780496,0.174306,0.217358,0.118235,-0.0727216,0.0444983,0.554625,0.328094,0.0866911,-0.00506202,0.221596,0.325495,0.0363928,0.0137031,0.462195,0.296177,0.85851,0.559383,0.623841,0.167965,0.0934792,-0.034452,0.318646,0.370285,0.123052,0.0172036,0.0650879,0.0134677,0.290365,0.488224,0.0915387,-0.00967543
0.0249996,-0.460882,0.0536148,0.216698,0.281424,0.138343,-0.14154,0.318994,0.188305,0.299615,0.0715931,0.976016,0.788524,1.11763,0.325486,0.137965,-0.0248825,0.5823,-0.0178897,1.22488,0.327298,0.45357,0.978801,0.159366,0.360252,0.611171,0.282819,0.889618,0.487992,0.499804,0.305314,-0.408532,0.0911361,0.199563,0.442083,0.961366,0.63883,-0.00820564,0.17424,0.217842,0.119486,-0.0728535,0.0444428,0.554474,0.327875,0.0867527,-0.00532925,0.222044,0.327983,0.0360692,0.0132828,0.46243,0.296584,0.860528,0.561561,0.623148,0.168199,0.093301,-0.0347879,0.318514,0.370677,0.123051,0.0172629,0.0654853,0.0132944,0.292218,0.487451,0.0922197,-0.0104098
0.0259996,-0.462227,0.0529326,0.216827,0.282404,0.137887,-0.142219,0.319572,0.188825,0.301019,0.0715094,0.979282,0.79143,1.1209,0.325746,0.137822,-0.0249362,0.584267,-0.0172415,1.22697,0.328207,0.453944,0.98022,0.158463,0.359091,0.611357,0.284024,0.892182,0.489804,0.50098,0.306254,-0.409855,0.0907675,0.199614,0.443541,0.964843,0.642047,-0.00860811,0.174162,0.218323,0.120736,-0.0729818,0.0443847,0.554295,0.327635,0.0868163,-0.0055985,0.222461,0.330466,0.0357334,0.0128618,0.462643,0.296977,0.862508,0.563722,0.622426,0.168426,0.0931209,-0.0351216,0.318376,0.371055,0.123045,0.0173274,0.065879,0.0131499,0.294059,0.486648,0.0928968,-0.0111489
0.0269996,-0.463548,0.0522229,0.216969,0.283385,0.137426,-0.142889,0.320141,0.189339,0.302408,0.0714255,0.982517,0.794309,1.12411,0.326001,0.137676,-0.0249783,0.586204,-0.0165721,1.229,0.329105,0.454292,0.981585,0.157556,0.35791,0.611516,0.285222,0.894699,0.491598,0.502142,0.307188,-0.411158,0.0903883,0.199669,0.444987,0.968271,0.64526,-0.00901235,0.174073,0.218801,0.121985,-0.0731063,0.044324,0.554089,0.327376,0.0868806,-0.00586976,0.222852,0.332942,0.0353858,0.0124403,0.462833,0.297357,0.864448,0.565866,0.621677,0.168645,0.0929387,-0.0354532,0.318234,0.371421,0.123034,0.017397,0.0662689,0.0130337,0.295888,0.485814,0.0935699,-0.0118926
0.0279995,-0.464845,0.0514856,0.217125,0.284367,0.13696,-0.14355,0.320701,0.189848,0.303782,0.0713415,0.985721,0.797161,1.12726,0.326252,0.137526,-0.0250095,0.588111,-0.015881,1.23097,0.329993,0.454613,0.982896,0.156646,0.35671,0.611646,0.286412,0.897172,0.493373,0.503289,0.308116,-0.41244,0.0899985,0.199728,0.446423,0.971651,0.648467,-0.00941833,0.173972,0.219276,0.123233,-0.0732271,0.0442608,0.553856,0.327095,0.086944,-0.00614306,0.223221,0.335412,0.0350271,0.0120187,0.463001,0.297724,0.866348,0.567992,0.6209,0.168857,0.0927544,-0.0357827,0.318088,0.371774,0.123017,0.0174716,0.0666549,0.0129456,0.297704,0.484949,0.0942391,-0.0126408
0.0289995,-0.466119,0.0507208,0.217296,0.28535,0.136489,-0.144202,0.321252,0.190351,0.30514,0.0712574,0.988894,0.799984,1.13034,0.326499,0.137373,-0.0250303,0.589986,-0.0151678,1.23288,0.33087,0.454907,0.984154,0.155733,0.35549,0.611749,0.287594,0.899598,0.495131,0.504421,0.309038,-0.413703,0.0895981,0.199792,0.447847,0.974981,0.65167,-0.00982603,0.173862,0.219749,0.124479,-0.0733442,0.0441948,0.553595,0.326795,0.0870053,-0.00641842,0.22357,0.337876,0.034658,0.0115972,0.463146,0.298077,0.86821,0.570101,0.620096,0.169061,0.0925682,-0.0361099,0.317938,0.372113,0.122995,0.017551,0.0670371,0.0128854,0.299507,0.484052,0.0949043,-0.0133935
0.0299995,-0.467369,0.0499287,0.217483,0.286335,0.136014,-0.144844,0.321794,0.190849,0.306482,0.0711734,0.992036,0.802779,1.13337,0.326743,0.137217,-0.0250409,0.59183,-0.0144316,1.23474,0.331737,0.455176,0.985357,0.154816,0.354252,0.611823,0.288768,0.901978,0.496869,0.50554,0.309955,-0.414945,0.0891873,0.19986,0.449261,0.978263,0.654867,-0.0102354,0.173742,0.220218,0.125723,-0.0734574,0.0441263,0.553307,0.326474,0.0870634,-0.00669586,0.223902,0.340333,0.0342798,0.0111759,0.463268,0.298417,0.870032,0.572193,0.619264,0.169259,0.0923799,-0.0364349,0.317785,0.37244,0.122967,0.017635,0.0674154,0.0128535,0.301298,0.483125,0.0955655,-0.0141507
0.0309995,-0.468594,0.0491093,0.217686,0.287322,0.135534,-0.145478,0.322327,0.191341,0.307808,0.0710895,0.995146,0.805545,1.13633,0.326983,0.137057,-0.0250414,0.593643,-0.013672,1.23653,0.332592,0.455417,0.986506,0.153898,0.352995,0.61187,0.289933,0.904312,0.498589,0.506643,0.310865,-0.416167,0.0887663,0.199933,0.450663,0.981494,0.658058,-0.0106465,0.173614,0.220684,0.126966,-0.0735669,0.044055,0.552991,0.326133,0.0871174,-0.00697539,0.224218,0.342783,0.033894,0.0107553,0.463368,0.298743,0.871814,0.574268,0.618406,0.169449,0.0921896,-0.0367576,0.317629,0.372753,0.122933,0.0177234,0.0677898,0.0128502,0.303075,0.482167,0.0962227,-0.0149123
0.0319995,-0.469796,0.048263,0.217907,0.288309,0.13505,-0.146102,0.322851,0.191827,0.309119,0.0710058,0.998226,0.808284,1.13922,0.327221,0.136894,-0.0250316,0.595425,-0.0128881,1.23826,0.333437,0.455632,0.9876,0.152977,0.35172,0.611889,0.291091,0.906599,0.500291,0.507733,0.31177,-0.417368,0.0883352,0.20001,0.452054,0.984676,0.661244,-0.0110592,0.173476,0.221148,0.128207,-0.0736726,0.0439811,0.552649,0.325772,0.0871666,-0.00725704,0.22452,0.345225,0.0335023,0.0103353,0.463444,0.299056,0.873557,0.576325,0.61752,0.169632,0.0919973,-0.0370781,0.31747,0.373053,0.122894,0.0178161,0.0681601,0.0128758,0.304839,0.481178,0.0968759,-0.0156783
0.0329995,-0.470973,0.0473898,0.218147,0.289298,0.134561,-0.146717,0.323366,0.192307,0.310413,0.0709224,1.00127,0.810993,1.14206,0.327456,0.136728,-0.0250112,0.597175,-0.0120793,1.23993,0.33427,0.45582,0.988639,0.152054,0.350426,0.61188,0.29224,0.908839,0.501973,0.508808,0.312668,-0.418548,0.0878945,0.200094,0.453433,0.987808,0.664423,-0.0114736,0.173331,0.221608,0.129447,-0.0737744,0.0439044,0.552279,0.32539,0.0872105,-0.00754082,0.224809,0.34766,0.0331064,0.00991631,0.463498,0.299356,0.875261,0.578366,0.616607,0.169807,0.0918031,-0.0373964,0.317309,0.37334,0.12285,0.0179128,0.0685265,0.0129307,0.30659,0.480158,0.0975251,-0.0164486
0.0339994,-0.472126,0.04649,0.218406,0.290289,0.134068,-0.147322,0.323872,0.192782,0.31169,0.0708392,1.00429,0.813674,1.14482,0.327689,0.136558,-0.0249797,0.598893,-0.0112448,1.24155,0.335093,0.455981,0.989623,0.15113,0.349115,0.611843,0.293381,0.911033,0.503636,0.509869,0.313561,-0.419708,0.0874445,0.200182,0.454801,0.990889,0.667596,-0.0118895,0.173176,0.222066,0.130685,-0.0738724,0.0438251,0.551882,0.324987,0.0872489,-0.00782673,0.225086,0.350087,0.0327083,0.00949846,0.46353,0.299642,0.876924,0.580388,0.615668,0.169976,0.091607,-0.0377123,0.317144,0.373615,0.122799,0.0180133,0.0688889,0.0130151,0.308327,0.479107,0.0981703,-0.0172231
0.0349994,-0.473255,0.0455637,0.218685,0.291281,0.133572,-0.147918,0.324369,0.19325,0.312952,0.0707565,1.00728,0.816326,1.14753,0.32792,0.136386,-0.0249366,0.600579,-0.010384,1.2431,0.335905,0.456116,0.990552,0.150205,0.347785,0.611778,0.294512,0.913179,0.50528,0.510916,0.314447,-0.420848,0.0869856,0.200276,0.456158,0.993919,0.670762,-0.012307,0.173013,0.222521,0.131921,-0.0739666,0.043743,0.551458,0.324564,0.0872814,-0.00811478,0.225353,0.352505,0.0323096,0.00908196,0.463538,0.299914,0.878548,0.582393,0.614702,0.170137,0.091409,-0.0380259,0.316976,0.373876,0.122743,0.0181174,0.0692472,0.0131292,0.31005,0.478025,0.0988115,-0.0180018
0.0359994,-0.47436,0.0446112,0.218984,0.292274,0.133071,-0.148505,0.324857,0.193713,0.314197,0.0706742,1.01023,0.818949,1.15017,0.32815,0.13621,-0.0248815,0.602234,-0.00949622,1.24459,0.336705,0.456224,0.991425,0.149279,0.346438,0.611685,0.295635,0.915277,0.506904,0.511949,0.315328,-0.421966,0.0865183,0.200377,0.457503,0.996898,0.673921,-0.0127261,0.172841,0.222973,0.133155,-0.0740568,0.0436582,0.551008,0.32412,0.0873081,-0.00840495,0.225611,0.354915,0.0319119,0.008667,0.463524,0.300173,0.880133,0.584381,0.613709,0.170291,0.0912093,-0.0383373,0.316806,0.374123,0.122681,0.0182249,0.0696014,0.0132727,0.31176,0.476912,0.0994487,-0.0187847
0.0369994,-0.47544,0.0436325,0.219302,0.293269,0.132567,-0.149082,0.325336,0.19417,0.315425,0.0705924,1.01315,0.821543,1.15275,0.328379,0.136032,-0.0248141,0.603856,-0.00858087,1.24602,0.337495,0.456305,0.992243,0.148353,0.345073,0.611565,0.29675,0.917327,0.508508,0.512967,0.316202,-0.423063,0.086043,0.200484,0.458836,0.999826,0.677073,-0.0131466,0.17266,0.223422,0.134387,-0.0741432,0.0435706,0.55053,0.323655,0.0873289,-0.00869725,0.225862,0.357316,0.0315165,0.00825379,0.463487,0.300418,0.881677,0.586352,0.61269,0.170438,0.0910079,-0.0386463,0.316633,0.374358,0.122613,0.0183356,0.0699514,0.0134456,0.313455,0.475769,0.100082,-0.0195717
0.0379994,-0.476495,0.042628,0.219639,0.294265,0.132059,-0.149649,0.325806,0.19462,0.316636,0.0705112,1.01604,0.824108,1.15526,0.328607,0.135851,-0.0247343,0.605447,-0.0076375,1.24739,0.338273,0.456359,0.993005,0.147426,0.343691,0.611417,0.297855,0.91933,0.510093,0.513972,0.317071,-0.42414,0.0855602,0.200598,0.460158,1.0027,0.680217,-0.0135687,0.17247,0.223868,0.135617,-0.0742256,0.0434803,0.550025,0.32317,0.0873439,-0.00899165,0.226107,0.359707,0.0311251,0.00784251,0.463427,0.300649,0.883182,0.588305,0.611645,0.170577,0.0908048,-0.038953,0.316458,0.37458,0.122539,0.0184492,0.0702973,0.0136474,0.315137,0.474594,0.100711,-0.0203627
0.0389994,-0.477526,0.0415979,0.219996,0.295263,0.131547,-0.150207,0.326268,0.195065,0.31783,0.0704307,1.0189,0.826644,1.1577,0.328836,0.135666,-0.0246423,0.607005,-0.00666573,1.2487,0.339041,0.456386,0.993711,0.146501,0.342291,0.611241,0.29895,0.921284,0.511658,0.514963,0.317933,-0.425196,0.0850703,0.200718,0.461469,1.00553,0.683353,-0.0139923,0.172269,0.224312,0.136845,-0.0743041,0.0433873,0.549494,0.322664,0.0873531,-0.00928812,0.226346,0.362089,0.0307393,0.00743339,0.463344,0.300867,0.884646,0.590241,0.610574,0.170709,0.0906003,-0.0392574,0.316281,0.374789,0.12246,0.0185655,0.0706391,0.0138775,0.316804,0.473389,0.101337,-0.0211576
0.0399993,-0.478533,0.0405422,0.220372,0.296262,0.131032,-0.150755,0.326721,0.195503,0.319007,0.0703509,1.02172,0.82915,1.16008,0.329065,0.135479,-0.0245383,0.60853,-0.00566525,1.24995,0.339797,0.456386,0.99436,0.145577,0.340875,0.611037,0.300037,0.92319,0.513203,0.515939,0.318789,-0.42623,0.0845739,0.200846,0.462767,1.0083,0.68648,-0.0144173,0.172058,0.224753,0.138071,-0.0743786,0.0432916,0.548936,0.322137,0.0873568,-0.00958665,0.22658,0.364462,0.0303606,0.00702662,0.463239,0.301071,0.886071,0.592159,0.609477,0.170834,0.0903943,-0.0395594,0.316102,0.374984,0.122374,0.0186842,0.0709766,0.0141354,0.318456,0.472154,0.101958,-0.0219565
0.0409993,-0.479514,0.0394614,0.220766,0.297262,0.130513,-0.151293,0.327166,0.195936,0.320167,0.0702718,1.02452,0.831627,1.16239,0.329296,0.135289,-0.0244225,0.610023,-0.00463584,1.25113,0.340542,0.456359,0.994954,0.144654,0.339442,0.610806,0.301114,0.925048,0.514727,0.516902,0.319639,-0.427243,0.0840712,0.200981,0.464054,1.01102,0.6896,-0.0148437,0.171837,0.225191,0.139295,-0.0744492,0.0431932,0.548351,0.321589,0.0873551,-0.00988717,0.226809,0.366824,0.0299897,0.00662243,0.463111,0.301261,0.887456,0.59406,0.608355,0.170952,0.0901871,-0.0398591,0.315923,0.375167,0.122283,0.0188052,0.0713098,0.0144202,0.320093,0.470887,0.102576,-0.0227592
0.0419993,-0.480472,0.0383556,0.221177,0.298264,0.129991,-0.151821,0.327602,0.196362,0.321309,0.0701935,1.02728,0.834074,1.16464,0.329528,0.135097,-0.0242951,0.611484,-0.00357738,1.25226,0.341276,0.456306,0.995491,0.143733,0.337992,0.610547,0.302181,0.926856,0.516231,0.517851,0.320483,-0.428236,0.0835628,0.201123,0.465329,1.01369,0.69271,-0.0152716,0.171605,0.225626,0.140516,-0.0745158,0.043092,0.54774,0.32102,0.0873483,-0.0101897,0.227033,0.369176,0.0296262,0.00622103,0.46296,0.301437,0.888801,0.595943,0.607207,0.171063,0.0899786,-0.0401565,0.315741,0.375336,0.122185,0.0189282,0.0716388,0.0147313,0.321716,0.469591,0.103189,-0.0235656
0.0429993,-0.481404,0.0372252,0.221606,0.299267,0.129465,-0.15234,0.328029,0.196782,0.322434,0.0701161,1.03001,0.836492,1.16682,0.329763,0.134901,-0.0241562,0.612912,-0.00248979,1.25332,0.341999,0.456225,0.995972,0.142815,0.336525,0.61026,0.303238,0.928616,0.517714,0.518787,0.321321,-0.429207,0.0830491,0.201272,0.466592,1.0163,0.69581,-0.0157008,0.171361,0.226058,0.141735,-0.0745783,0.0429883,0.547103,0.32043,0.0873366,-0.0104941,0.227253,0.371517,0.0292687,0.00582263,0.462786,0.301599,0.890105,0.597809,0.606034,0.171166,0.0897692,-0.0404516,0.315557,0.375492,0.122082,0.019053,0.0719635,0.0150682,0.323323,0.468264,0.103799,-0.0243757
0.0439993,-0.482312,0.0360706,0.222052,0.300271,0.128935,-0.152849,0.328448,0.197195,0.323542,0.0700396,1.03271,0.838879,1.16893,0.330001,0.134703,-0.0240057,0.614307,-0.00137307,1.25433,0.342711,0.456117,0.996396,0.141899,0.335042,0.609947,0.304286,0.930326,0.519177,0.519708,0.322153,-0.430157,0.0825303,0.201429,0.467842,1.01886,0.698901,-0.0161313,0.171105,0.226488,0.142952,-0.0746368,0.0428819,0.546439,0.319819,0.0873203,-0.0108004,0.227468,0.373848,0.0289158,0.00542746,0.46259,0.301748,0.89137,0.599657,0.604836,0.171262,0.0895588,-0.0407444,0.315371,0.375636,0.121972,0.0191793,0.0722838,0.0154304,0.324915,0.466906,0.104406,-0.0251894
0.0449993,-0.483196,0.0348921,0.222515,0.301277,0.128402,-0.153348,0.328859,0.197602,0.324631,0.0699641,1.03538,0.841237,1.17098,0.330244,0.134503,-0.0238435,0.61567,-0.000227301,1.25527,0.343412,0.455982,0.996763,0.140988,0.333543,0.609605,0.305324,0.931987,0.520619,0.520616,0.322978,-0.431086,0.0820068,0.201594,0.469081,1.02137,0.701982,-0.0165632,0.170837,0.226915,0.144166,-0.0746913,0.0427729,0.545748,0.319187,0.0872996,-0.0111085,0.227678,0.376167,0.0285665,0.00503573,0.462371,0.301882,0.892595,0.601488,0.603613,0.17135,0.0893476,-0.0410348,0.315182,0.375766,0.121857,0.019307,0.0725998,0.0158175,0.326491,0.465519,0.105008,-0.0260067
0.0459992,-0.484054,0.0336902,0.222994,0.302283,0.127866,-0.153837,0.329261,0.198003,0.325704,0.0698896,1.03801,0.843565,1.17296,0.330491,0.1343,-0.0236694,0.616999,0.00094735,1.25615,0.344101,0.45582,0.997073,0.14008,0.332028,0.609237,0.306351,0.933599,0.52204,0.52151,0.323798,-0.431993,0.0814788,0.201766,0.470308,1.02383,0.705053,-0.0169963,0.170556,0.227339,0.145378,-0.0747418,0.0426613,0.545032,0.318533,0.0872746,-0.0114184,0.227885,0.378475,0.0282198,0.00464766,0.462129,0.302003,0.89378,0.603301,0.602366,0.171432,0.0891359,-0.0413229,0.314991,0.375883,0.121735,0.0194358,0.0729114,0.0162294,0.328052,0.464101,0.105607,-0.0268274
0.0469992,-0.484888,0.0324655,0.223488,0.303291,0.127326,-0.154316,0.329655,0.198398,0.326758,0.0698161,1.04061,0.845863,1.17487,0.330743,0.134095,-0.0234831,0.618296,0.00215064,1.25697,0.34478,0.455631,0.997326,0.139177,0.330497,0.608841,0.307368,0.935161,0.52344,0.522391,0.324611,-0.43288,0.0809463,0.201945,0.471523,1.02623,0.708112,-0.0174307,0.170262,0.227761,0.146587,-0.0747881,0.0425473,0.544289,0.317859,0.0872456,-0.01173,0.228088,0.380771,0.0278755,0.00426345,0.461865,0.30211,0.894924,0.605097,0.601094,0.171506,0.0889238,-0.0416087,0.314796,0.375987,0.121607,0.0195656,0.0732186,0.0166659,0.329597,0.462653,0.106202,-0.0276515
0.0479992,-0.485698,0.0312186,0.223999,0.3043,0.126782,-0.154784,0.330041,0.198786,0.327794,0.0697437,1.04318,0.848131,1.17671,0.331002,0.133887,-0.0232842,0.61956,0.00338224,1.25773,0.345447,0.455415,0.997522,0.13828,0.32895,0.608418,0.308375,0.936674,0.524819,0.523258,0.325418,-0.433745,0.0804094,0.202131,0.472725,1.02858,0.711161,-0.0178664,0.169956,0.22818,0.147794,-0.0748303,0.0424308,0.54352,0.317163,0.0872124,-0.0120434,0.228288,0.383056,0.0275335,0.00388332,0.461578,0.302202,0.896029,0.606876,0.599798,0.171573,0.0887113,-0.0418922,0.314598,0.376079,0.121473,0.0196961,0.0735214,0.017127,0.331126,0.461176,0.106793,-0.0284788
0.0489992,-0.486482,0.0299499,0.224526,0.30531,0.126235,-0.155243,0.330418,0.199167,0.328813,0.0696724,1.04571,0.850369,1.17849,0.331269,0.133678,-0.0230725,0.620791,0.00464174,1.25843,0.346104,0.455172,0.997661,0.137389,0.327387,0.607968,0.309371,0.938136,0.526176,0.524111,0.326219,-0.434589,0.0798677,0.202324,0.473916,1.03087,0.714197,-0.0183032,0.169637,0.228596,0.148998,-0.0748684,0.042312,0.542726,0.316446,0.0871751,-0.0123584,0.228486,0.385328,0.0271941,0.00350745,0.461268,0.302281,0.897094,0.608637,0.598477,0.171632,0.0884989,-0.0421734,0.314396,0.376157,0.121332,0.0198272,0.0738197,0.0176124,0.332639,0.459669,0.107381,-0.0293094
0.0499992,-0.487243,0.0286603,0.225069,0.306321,0.125683,-0.155692,0.330788,0.199542,0.329813,0.0696023,1.04822,0.852576,1.18019,0.331544,0.133466,-0.0228477,0.621989,0.00592868,1.25906,0.346749,0.454902,0.997742,0.136504,0.325809,0.607491,0.310356,0.939549,0.527512,0.524952,0.327014,-0.435411,0.0793207,0.202524,0.475094,1.03312,0.717222,-0.0187412,0.169304,0.22901,0.150199,-0.0749023,0.0421908,0.541905,0.315708,0.0871335,-0.012675,0.228681,0.387588,0.0268588,0.00313603,0.460936,0.302346,0.898118,0.61038,0.597133,0.171684,0.0882866,-0.0424524,0.314191,0.376222,0.121186,0.0199586,0.0741135,0.018122,0.334136,0.458132,0.107965,-0.0301431
0.0509992,-0.487978,0.0273501,0.225628,0.307334,0.125128,-0.15613,0.33115,0.199911,0.330795,0.0695333,1.05069,0.854753,1.18183,0.331827,0.133252,-0.0226098,0.623153,0.00724251,1.25964,0.347382,0.454604,0.997766,0.135627,0.324216,0.606987,0.311331,0.940911,0.528826,0.525779,0.327802,-0.436213,0.0787676,0.202731,0.476259,1.0353,0.720234,-0.0191803,0.168958,0.229421,0.151397,-0.0749321,0.0420674,0.541059,0.314949,0.0870874,-0.0129932,0.228875,0.389835,0.0265313,0.0027692,0.460581,0.302396,0.899103,0.612106,0.595766,0.171729,0.0880746,-0.042729,0.313983,0.376274,0.121033,0.0200903,0.0744028,0.0186552,0.335615,0.456566,0.108546,-0.0309798
0.0519991,-0.488689,0.0260202,0.226203,0.308346,0.124569,-0.156559,0.331504,0.200272,0.331759,0.0694656,1.05313,0.8569,1.1834,0.332121,0.133035,-0.0223587,0.624285,0.00858266,1.26015,0.348005,0.45428,0.997732,0.134757,0.322607,0.606456,0.312295,0.942223,0.530119,0.526592,0.328585,-0.436993,0.0782083,0.202945,0.477413,1.03743,0.723233,-0.0196205,0.168599,0.229829,0.152593,-0.0749577,0.0419418,0.540187,0.314168,0.0870368,-0.013313,0.229068,0.392069,0.0262134,0.00240713,0.460204,0.302433,0.900048,0.613815,0.594374,0.171766,0.0878632,-0.0430034,0.313771,0.376313,0.120874,0.020222,0.0746875,0.0192115,0.337079,0.454971,0.109123,-0.0318194
0.0529991,-0.489375,0.0246712,0.226796,0.30936,0.124005,-0.156977,0.33185,0.200628,0.332705,0.069399,1.05553,0.859016,1.18489,0.332426,0.132817,-0.0220944,0.625384,0.00994852,1.2606,0.348616,0.453929,0.997641,0.133897,0.320983,0.605899,0.313247,0.943485,0.53139,0.527392,0.329361,-0.437752,0.0776428,0.203164,0.478553,1.03951,0.726219,-0.0200618,0.168226,0.230235,0.153786,-0.074979,0.0418142,0.53929,0.313365,0.0869812,-0.0136344,0.22926,0.39429,0.0259008,0.00204993,0.459803,0.302455,0.900953,0.615506,0.59296,0.171796,0.0876526,-0.0432754,0.313554,0.376339,0.120708,0.0203536,0.0749677,0.0197902,0.338525,0.453346,0.109697,-0.0326619
0.0539991,-0.490037,0.0233035,0.227405,0.310375,0.123437,-0.157385,0.332189,0.200976,0.333632,0.0693337,1.0579,0.861102,1.18632,0.332742,0.132597,-0.0218171,0.626449,0.0113394,1.26099,0.349216,0.453551,0.997492,0.133045,0.319344,0.605315,0.314188,0.944696,0.532638,0.52818,0.330131,-0.438489,0.0770725,0.203391,0.479682,1.04154,0.729191,-0.0205042,0.167841,0.230638,0.154976,-0.0749961,0.0416845,0.538367,0.312541,0.0869205,-0.0139573,0.229453,0.396498,0.025589,0.00169772,0.459381,0.302464,0.901818,0.61718,0.591523,0.171818,0.087443,-0.0435453,0.313334,0.376352,0.120536,0.0204849,0.0752433,0.0203904,0.339954,0.451693,0.110267,-0.0335071
0.0549991,-0.490674,0.0219179,0.228033,0.31139,0.122865,-0.157783,0.33252,0.201318,0.334542,0.0692697,1.06024,0.863157,1.18768,0.33307,0.132376,-0.0215267,0.627482,0.0127548,1.26132,0.349804,0.453145,0.997286,0.132204,0.31769,0.604704,0.315118,0.945857,0.533865,0.528953,0.330894,-0.439206,0.0764998,0.203623,0.480797,1.04351,0.732149,-0.0209475,0.167442,0.231039,0.156162,-0.075009,0.041553,0.53742,0.311696,0.0868543,-0.0142817,0.229648,0.398692,0.0252761,0.00135057,0.458936,0.302458,0.902643,0.618837,0.590063,0.171833,0.0872348,-0.0438129,0.31311,0.376352,0.120358,0.0206157,0.0755143,0.0210113,0.341366,0.450011,0.110834,-0.034355
0.0559991,-0.491287,0.0205148,0.22868,0.312406,0.122288,-0.15817,0.332844,0.201654,0.335432,0.0692069,1.06255,0.865182,1.18897,0.333412,0.132152,-0.0212235,0.628481,0.0141938,1.26159,0.350381,0.452713,0.997021,0.131373,0.316021,0.604067,0.316036,0.946967,0.535069,0.529714,0.331652,-0.439901,0.0759277,0.203861,0.4819,1.04542,0.735091,-0.0213918,0.16703,0.231437,0.157346,-0.0750175,0.0414197,0.536446,0.310829,0.0867824,-0.0146076,0.229844,0.400873,0.0249615,0.00100856,0.458468,0.302438,0.903429,0.620476,0.588581,0.17184,0.0870281,-0.0440782,0.312882,0.376339,0.120173,0.0207459,0.0757807,0.0216523,0.342761,0.4483,0.111398,-0.0352054
0.0569991,-0.491875,0.0190947,0.229346,0.313422,0.121705,-0.158548,0.33316,0.201982,0.336304,0.0691454,1.06482,0.867176,1.19019,0.333767,0.131927,-0.0209073,0.629447,0.0156559,1.2618,0.350946,0.452254,0.996699,0.130554,0.314338,0.603404,0.316943,0.948026,0.536251,0.530462,0.332403,-0.440576,0.0753597,0.204105,0.482991,1.04728,0.738019,-0.021837,0.166606,0.231833,0.158527,-0.0750218,0.0412848,0.535448,0.309941,0.0867044,-0.014935,0.230042,0.403039,0.024646,0.00067173,0.457978,0.302404,0.904174,0.622098,0.587077,0.17184,0.0868232,-0.0443413,0.31265,0.376313,0.119982,0.0208753,0.0760424,0.0223128,0.344138,0.446561,0.111959,-0.0360582
0.057999,-0.492439,0.0176583,0.230032,0.314438,0.121118,-0.158914,0.333469,0.202304,0.337158,0.0690852,1.06707,0.86914,1.19135,0.334136,0.1317,-0.0205784,0.63038,0.0171404,1.26194,0.351499,0.451768,0.99632,0.129747,0.312641,0.602715,0.317838,0.949035,0.537411,0.531197,0.333148,-0.441229,0.0747994,0.204354,0.484069,1.04909,0.74093,-0.022283,0.166169,0.232226,0.159704,-0.0750216,0.0411482,0.534425,0.309031,0.08662,-0.0152639,0.230244,0.405192,0.0243316,0.000340119,0.457465,0.302356,0.904881,0.623702,0.58555,0.171833,0.0866204,-0.0446021,0.312414,0.376273,0.119784,0.0210039,0.0762994,0.0229925,0.345497,0.444795,0.112517,-0.0369134
0.058999,-0.492978,0.0162059,0.230739,0.315455,0.120525,-0.159271,0.333771,0.202619,0.337993,0.0690262,1.06927,0.871072,1.19243,0.33452,0.131472,-0.0202368,0.63128,0.0186465,1.26203,0.35204,0.451255,0.995882,0.128953,0.31093,0.602,0.31872,0.949992,0.538548,0.531919,0.333887,-0.441861,0.0742512,0.204609,0.485134,1.05084,0.743825,-0.02273,0.165719,0.232617,0.160878,-0.0750171,0.0410102,0.533377,0.308099,0.0865289,-0.0155942,0.23045,0.407329,0.0240214,1.37471e-05,0.45693,0.302293,0.905547,0.62529,0.584002,0.171817,0.08642,-0.0448608,0.312173,0.376221,0.11958,0.0211314,0.0765517,0.0236913,0.346839,0.443,0.113071,-0.0377709
0.059999,-0.493493,0.014738,0.231468,0.316473,0.119926,-0.159617,0.334066,0.202928,0.338809,0.0689685,1.07145,0.872974,1.19344,0.334918,0.131242,-0.0198823,0.632146,0.0201734,1.26206,0.35257,0.450716,0.995386,0.128172,0.309205,0.60126,0.319591,0.950899,0.539662,0.532628,0.33462,-0.442472,0.0737189,0.204869,0.486186,1.05253,0.746703,-0.0231777,0.165256,0.233005,0.162048,-0.0750082,0.0408708,0.532305,0.307146,0.0864309,-0.015926,0.230662,0.409453,0.023717,-0.000307376,0.456373,0.302217,0.906174,0.62686,0.582432,0.171795,0.0862223,-0.0451172,0.311927,0.376156,0.119369,0.0212578,0.0767992,0.0244091,0.348162,0.441178,0.113623,-0.0386305
0.060999,-0.493984,0.0132551,0.232219,0.31749,0.119321,-0.159953,0.334355,0.203229,0.339607,0.0689121,1.07359,0.874845,1.19437,0.335332,0.131011,-0.0195148,0.63298,0.0217205,1.26202,0.353087,0.450149,0.994833,0.127405,0.307466,0.600493,0.32045,0.951754,0.540754,0.533324,0.335347,-0.443062,0.0732054,0.205134,0.487225,1.05417,0.749564,-0.0236262,0.164782,0.233391,0.163215,-0.0749949,0.0407302,0.531208,0.306171,0.0863257,-0.016259,0.230878,0.411561,0.0234165,-0.000623249,0.455793,0.302126,0.906762,0.628413,0.580841,0.171765,0.0860274,-0.0453713,0.311675,0.376078,0.119152,0.0213831,0.077042,0.0251462,0.349467,0.439328,0.114171,-0.0394921
0.061999,-0.494451,0.0117578,0.232993,0.318507,0.118709,-0.160278,0.334636,0.203524,0.340386,0.0688569,1.0757,0.876684,1.19524,0.335761,0.130778,-0.0191341,0.63378,0.0232868,1.26192,0.353593,0.449556,0.994222,0.126653,0.305714,0.599702,0.321296,0.952559,0.541822,0.534007,0.336067,-0.443631,0.0727112,0.205404,0.488252,1.05576,0.752407,-0.0240754,0.164295,0.233774,0.164379,-0.0749771,0.0405885,0.530087,0.305175,0.0862133,-0.0165934,0.231102,0.413654,0.0231172,-0.000933876,0.455191,0.302021,0.90731,0.629949,0.57923,0.171727,0.0858358,-0.0456233,0.311414,0.375987,0.118928,0.021507,0.0772801,0.0259024,0.350754,0.437451,0.114716,-0.0403557
0.062999,-0.494894,0.0102465,0.233791,0.319525,0.118091,-0.160593,0.334911,0.203812,0.341146,0.068803,1.07777,0.878493,1.19604,0.336205,0.130545,-0.01874,0.634547,0.0248715,1.26177,0.354086,0.448936,0.993552,0.125916,0.303949,0.598885,0.322129,0.953312,0.542868,0.534678,0.336782,-0.444179,0.0722345,0.205679,0.489265,1.05729,0.755231,-0.0245252,0.163797,0.234155,0.165538,-0.0749548,0.0404458,0.528941,0.304156,0.0860936,-0.016929,0.231333,0.415733,0.022817,-0.00123927,0.454567,0.301902,0.907819,0.631468,0.577597,0.171681,0.0856477,-0.0458731,0.311139,0.375883,0.118697,0.0216297,0.0775133,0.0266777,0.352022,0.435547,0.115259,-0.0412211
0.0639989,-0.495312,0.00872168,0.234613,0.320542,0.117465,-0.160898,0.335179,0.204093,0.341888,0.0687503,1.07981,0.880271,1.19677,0.336664,0.13031,-0.0183321,0.635281,0.0264737,1.26155,0.354567,0.448289,0.992826,0.125196,0.30217,0.598042,0.32295,0.954014,0.54389,0.535336,0.33749,-0.444706,0.0717729,0.205958,0.490266,1.05876,0.758036,-0.0249757,0.163286,0.234534,0.166694,-0.074928,0.0403023,0.527771,0.303116,0.0859669,-0.0172657,0.231572,0.417796,0.0225146,-0.00153944,0.453921,0.301769,0.908288,0.632969,0.575944,0.171628,0.0854633,-0.0461206,0.310849,0.375766,0.11846,0.0217509,0.0777417,0.0274717,0.353272,0.433617,0.115799,-0.0420882
0.0649989,-0.495706,0.00718399,0.235459,0.321559,0.116832,-0.161192,0.335441,0.204367,0.342611,0.0686989,1.08182,0.882018,1.19743,0.337138,0.130074,-0.0179101,0.635982,0.0280923,1.26127,0.355036,0.447616,0.992041,0.124492,0.300379,0.597175,0.323759,0.954665,0.54489,0.535981,0.338192,-0.445212,0.0713243,0.206241,0.491254,1.06018,0.760821,-0.0254268,0.162765,0.23491,0.167846,-0.0748966,0.040158,0.526578,0.302055,0.0858333,-0.0176033,0.231819,0.419843,0.0222091,-0.00183441,0.453252,0.301622,0.908719,0.634454,0.574271,0.171567,0.085283,-0.0463659,0.310543,0.375636,0.118217,0.0218708,0.0779653,0.028284,0.354503,0.43166,0.116335,-0.0429569
0.0659989,-0.496077,0.00563398,0.236329,0.322576,0.11619,-0.161476,0.335697,0.204635,0.343315,0.0686486,1.08379,0.883734,1.19801,0.337627,0.129838,-0.017474,0.63665,0.0297261,1.26093,0.355492,0.446916,0.991198,0.123805,0.298576,0.596284,0.324554,0.955265,0.545866,0.536614,0.338888,-0.445697,0.0708876,0.206529,0.492228,1.06154,0.763586,-0.0258784,0.162231,0.235284,0.168993,-0.0748605,0.0400131,0.52536,0.300971,0.0856932,-0.0179418,0.232074,0.421875,0.0218999,-0.0021242,0.452561,0.30146,0.909111,0.635923,0.572578,0.171499,0.0851071,-0.046609,0.310225,0.375493,0.117966,0.0219893,0.078184,0.0291137,0.355714,0.429678,0.116869,-0.0438271
0.0669989,-0.496423,0.00407224,0.237223,0.323592,0.115539,-0.161749,0.335947,0.204895,0.344,0.0685994,1.08573,0.885418,1.19853,0.33813,0.1296,-0.0170233,0.637285,0.0313739,1.26054,0.355936,0.44619,0.990298,0.123136,0.29676,0.595368,0.325336,0.955813,0.546818,0.537234,0.339578,-0.446162,0.0704623,0.206821,0.49319,1.06285,0.76633,-0.0263305,0.161687,0.235656,0.170137,-0.0748199,0.0398677,0.524119,0.299866,0.0855471,-0.0182808,0.232338,0.42389,0.0215866,-0.00240883,0.451848,0.301284,0.909464,0.637374,0.570866,0.171422,0.0849357,-0.0468499,0.309903,0.375337,0.11771,0.0221063,0.0783978,0.0299601,0.356907,0.427669,0.117401,-0.0446988
0.0679989,-0.496746,0.0024994,0.238141,0.324607,0.114879,-0.162012,0.33619,0.205149,0.344666,0.0685514,1.08764,0.887071,1.19897,0.338647,0.129362,-0.0165583,0.637887,0.0330344,1.26008,0.356369,0.445437,0.98934,0.122485,0.294932,0.594427,0.326106,0.956311,0.547747,0.537842,0.340262,-0.446606,0.0700488,0.207116,0.494138,1.0641,0.769053,-0.026783,0.161132,0.236026,0.171276,-0.0747746,0.0397219,0.522854,0.298739,0.0853953,-0.0186203,0.23261,0.42589,0.0212687,-0.00268833,0.451113,0.301094,0.909778,0.638809,0.569134,0.171339,0.0847692,-0.0470886,0.309576,0.375168,0.117446,0.022222,0.0786067,0.0308221,0.358081,0.425635,0.11793,-0.0455717
0.0689989,-0.497044,0.000916077,0.239083,0.325622,0.114209,-0.162264,0.336428,0.205396,0.345314,0.0685045,1.08951,0.888693,1.19934,0.339177,0.129122,-0.0160788,0.638455,0.0347062,1.25956,0.356789,0.444658,0.988325,0.121853,0.293092,0.593462,0.326862,0.956757,0.548652,0.538437,0.34094,-0.447029,0.0696479,0.207416,0.495073,1.0653,0.771753,-0.0272359,0.160566,0.236393,0.17241,-0.0747245,0.0395759,0.521566,0.29759,0.0852387,-0.01896,0.23289,0.427874,0.020946,-0.00296273,0.450356,0.30089,0.910054,0.640227,0.567383,0.171247,0.0846079,-0.047325,0.309247,0.374986,0.117176,0.0223362,0.0788106,0.0316991,0.359235,0.423577,0.118456,-0.0464457
0.0699988,-0.497319,-0.000677069,0.240048,0.326636,0.113527,-0.162506,0.336661,0.205635,0.345943,0.0684586,1.09135,0.890284,1.19964,0.33972,0.128883,-0.0155852,0.638991,0.036388,1.25899,0.357196,0.443853,0.987252,0.121241,0.29124,0.592474,0.327604,0.957152,0.549534,0.53902,0.341612,-0.447431,0.0692605,0.207719,0.495995,1.06644,0.774431,-0.0276891,0.159989,0.236758,0.17354,-0.0746697,0.0394298,0.520254,0.296419,0.0850778,-0.0192995,0.23318,0.429841,0.0206184,-0.00323205,0.449577,0.300672,0.910291,0.641628,0.565613,0.171148,0.084452,-0.0475592,0.308915,0.374791,0.116899,0.022449,0.0790096,0.0325905,0.360369,0.421493,0.118979,-0.0473209
0.0709988,-0.497571,-0.00227939,0.241036,0.32765,0.112834,-0.162738,0.336887,0.205868,0.346552,0.0684138,1.09316,0.891843,1.19987,0.340276,0.128642,-0.0150776,0.639494,0.0380785,1.25835,0.357592,0.443021,0.986121,0.120648,0.289377,0.591462,0.328333,0.957495,0.550392,0.53959,0.342278,-0.447813,0.0688871,0.208026,0.496904,1.06753,0.777085,-0.0281426,0.159402,0.237121,0.174665,-0.0746101,0.0392836,0.51892,0.295226,0.0849135,-0.0196386,0.233481,0.431791,0.0202856,-0.00349634,0.448776,0.300439,0.91049,0.643013,0.563826,0.17104,0.0843018,-0.0477912,0.308583,0.374583,0.116616,0.0225604,0.0792037,0.0334961,0.361484,0.419385,0.1195,-0.0481969
0.0719988,-0.497798,-0.00389023,0.242047,0.328662,0.112129,-0.162958,0.337109,0.206094,0.347143,0.0683699,1.09493,0.893371,1.20003,0.340843,0.128401,-0.0145563,0.639964,0.0397769,1.25766,0.357976,0.442163,0.984933,0.120075,0.287502,0.590427,0.329049,0.957787,0.551225,0.540149,0.342938,-0.448174,0.068527,0.208337,0.497799,1.06856,0.779716,-0.0285964,0.158806,0.237482,0.175784,-0.0745457,0.0391377,0.517563,0.294012,0.0847463,-0.0199769,0.233792,0.433725,0.0199478,-0.00375562,0.447953,0.300193,0.910651,0.644382,0.56202,0.170926,0.0841575,-0.0480209,0.30825,0.374362,0.116326,0.0226705,0.0793927,0.0344161,0.36258,0.417252,0.120019,-0.0490739
0.0729988,-0.498003,-0.00550892,0.243081,0.329673,0.11141,-0.163169,0.337325,0.206314,0.347716,0.068327,1.09667,0.894867,1.20012,0.341421,0.12816,-0.0140214,0.640401,0.0414826,1.25691,0.358348,0.441279,0.983688,0.119522,0.285615,0.589368,0.329751,0.958028,0.552035,0.540695,0.343592,-0.448514,0.0681768,0.208651,0.498681,1.06954,0.782322,-0.0290503,0.1582,0.237841,0.176899,-0.0744763,0.0389919,0.516183,0.292776,0.0845769,-0.0203142,0.234116,0.435643,0.0196053,-0.00400994,0.447108,0.299932,0.910774,0.645735,0.560196,0.170803,0.0840195,-0.0482483,0.307916,0.374128,0.116029,0.0227792,0.0795767,0.0353506,0.363655,0.415096,0.120535,-0.0499515
0.0739988,-0.498183,-0.0071348,0.244136,0.330682,0.110677,-0.163369,0.337536,0.206526,0.348269,0.068285,1.09838,0.896332,1.20014,0.34201,0.127919,-0.0134733,0.640805,0.0431953,1.2561,0.358708,0.44037,0.982386,0.118991,0.283716,0.588287,0.330439,0.958218,0.552821,0.541229,0.34424,-0.448834,0.067829,0.208968,0.499549,1.07046,0.784902,-0.0295043,0.157585,0.238198,0.178007,-0.074402,0.0388466,0.51478,0.291518,0.0844056,-0.02065,0.234452,0.437543,0.0192582,-0.00425933,0.446241,0.299657,0.91086,0.647071,0.558355,0.170672,0.083888,-0.0484735,0.307582,0.373881,0.115726,0.0228867,0.0797557,0.0362999,0.36471,0.412917,0.121049,-0.0508297
0.0749988,-0.49834,-0.00876722,0.245213,0.33169,0.109928,-0.163558,0.337742,0.206731,0.348803,0.0682439,1.10005,0.897765,1.20008,0.342608,0.127677,-0.0129119,0.641176,0.0449152,1.25523,0.359057,0.439434,0.981026,0.11848,0.281806,0.587183,0.331113,0.958357,0.553582,0.541751,0.344882,-0.449134,0.0674762,0.209289,0.500405,1.07132,0.787457,-0.0299584,0.156961,0.238553,0.179111,-0.0743228,0.0387017,0.513355,0.290238,0.0842325,-0.0209839,0.234801,0.439426,0.0189065,-0.00450383,0.445353,0.299368,0.910907,0.648391,0.556497,0.170534,0.0837633,-0.0486964,0.307247,0.373621,0.115416,0.0229929,0.0799296,0.0372638,0.365745,0.410715,0.12156,-0.0517085
0.0759988,-0.498474,-0.0104055,0.246312,0.332697,0.109163,-0.163737,0.337943,0.20693,0.349319,0.0682035,1.10168,0.899167,1.19996,0.343215,0.127435,-0.0123376,0.641515,0.0466421,1.2543,0.359393,0.438472,0.979609,0.117991,0.279884,0.586056,0.331773,0.958444,0.554319,0.542261,0.345518,-0.449413,0.0671214,0.209614,0.501246,1.07213,0.789985,-0.0304125,0.156329,0.238905,0.180208,-0.0742385,0.0385574,0.511908,0.288936,0.0840576,-0.0213156,0.235162,0.441292,0.0185507,-0.0047435,0.444443,0.299065,0.910918,0.649696,0.554622,0.170388,0.0836458,-0.048917,0.306912,0.373348,0.115099,0.023098,0.0800985,0.0382422,0.36676,0.408489,0.122069,-0.0525875
0.0769987,-0.498584,-0.012049,0.247432,0.333702,0.10838,-0.163905,0.33814,0.207121,0.349816,0.0681639,1.10329,0.900537,1.19976,0.343831,0.127193,-0.0117502,0.64182,0.0483763,1.25332,0.359719,0.437484,0.978136,0.117523,0.277951,0.584908,0.332419,0.95848,0.555031,0.542758,0.346149,-0.449672,0.0667749,0.209942,0.502075,1.07289,0.792486,-0.0308666,0.15569,0.239257,0.181299,-0.0741491,0.0384138,0.510439,0.287613,0.0838809,-0.0216446,0.235534,0.443141,0.018191,-0.00497838,0.443511,0.298747,0.910891,0.650985,0.552731,0.170234,0.0835358,-0.0491353,0.306575,0.373062,0.114776,0.0232019,0.0802623,0.0392346,0.367755,0.406242,0.122576,-0.0534669
0.0779987,-0.498672,-0.013697,0.248572,0.334705,0.107579,-0.164063,0.338332,0.207306,0.350294,0.0681249,1.10485,0.901876,1.19949,0.344455,0.126951,-0.0111498,0.642093,0.0501178,1.25227,0.360033,0.436471,0.976606,0.117076,0.276007,0.583738,0.33305,0.958465,0.555719,0.543244,0.346773,-0.44991,0.0664435,0.210273,0.502889,1.07359,0.79496,-0.0313206,0.155044,0.239606,0.182384,-0.0740546,0.0382711,0.508947,0.286268,0.0837023,-0.0219705,0.235916,0.444972,0.017828,-0.00520851,0.442558,0.298416,0.910827,0.652258,0.550824,0.170072,0.0834335,-0.0493512,0.306237,0.372763,0.114447,0.0233049,0.0804209,0.04024,0.368729,0.403973,0.123081,-0.0543463
0.0789987,-0.498736,-0.0153488,0.249733,0.335706,0.106757,-0.164211,0.33852,0.207484,0.350753,0.0680866,1.10639,0.903182,1.19915,0.345087,0.12671,-0.0105364,0.642333,0.0518667,1.25117,0.360337,0.435432,0.975019,0.116651,0.274052,0.582546,0.333668,0.958399,0.556383,0.543718,0.347392,-0.450128,0.0661291,0.210608,0.50369,1.07423,0.797404,-0.0317744,0.154392,0.239953,0.183462,-0.0739549,0.0381293,0.507434,0.284901,0.0835218,-0.0222929,0.236307,0.446786,0.0174622,-0.00543395,0.441583,0.298071,0.910726,0.653515,0.548901,0.169902,0.0833395,-0.0495648,0.305897,0.372451,0.11411,0.023407,0.0805744,0.0412575,0.369682,0.401682,0.123583,-0.0552258
0.0799987,-0.498776,-0.0170038,0.250914,0.336705,0.105915,-0.164348,0.338704,0.207655,0.351193,0.0680489,1.10789,0.904457,1.19874,0.345725,0.126468,-0.00991001,0.642541,0.0536229,1.25002,0.360629,0.434368,0.973376,0.116249,0.272085,0.581333,0.334271,0.958282,0.557021,0.544181,0.348005,-0.450325,0.0658305,0.210946,0.504478,1.07482,0.79982,-0.032228,0.153734,0.240299,0.184534,-0.07385,0.0379885,0.5059,0.283512,0.0833395,-0.0226112,0.236703,0.448581,0.0170951,-0.00565475,0.440587,0.297711,0.910589,0.654757,0.546964,0.169725,0.083254,-0.049776,0.305555,0.372126,0.113767,0.0235084,0.0807228,0.0422854,0.370615,0.39937,0.124083,-0.0561051
0.0809987,-0.498794,-0.0186613,0.252114,0.337701,0.10505,-0.164474,0.338884,0.207819,0.351614,0.0680116,1.10936,0.9057,1.19826,0.346371,0.126227,-0.00927062,0.642715,0.0553863,1.2488,0.360911,0.433278,0.971676,0.115867,0.270109,0.580099,0.334859,0.958114,0.557635,0.544631,0.348612,-0.450503,0.0655448,0.211287,0.505252,1.07535,0.802206,-0.0326813,0.153072,0.240643,0.185598,-0.0737397,0.0378489,0.504344,0.282102,0.0831554,-0.022925,0.237106,0.450359,0.0167285,-0.00587096,0.43957,0.297338,0.910416,0.655984,0.545012,0.169539,0.0831775,-0.0499848,0.305209,0.371788,0.113418,0.0236091,0.080866,0.043322,0.371527,0.397038,0.124582,-0.0569842
0.0819987,-0.498789,-0.0203207,0.253335,0.338696,0.104161,-0.16459,0.33906,0.207976,0.352017,0.0679748,1.11079,0.906912,1.19771,0.347023,0.125986,-0.00861822,0.642857,0.0571568,1.24753,0.361182,0.432163,0.96992,0.115508,0.268122,0.578845,0.335433,0.957896,0.558224,0.54507,0.349213,-0.45066,0.0652689,0.211632,0.506012,1.07583,0.804562,-0.0331343,0.152406,0.240986,0.186655,-0.0736242,0.0377105,0.502768,0.28067,0.0829695,-0.0232338,0.237512,0.452119,0.0163648,-0.00608264,0.438531,0.296951,0.910206,0.657196,0.543045,0.169346,0.0831104,-0.0501912,0.304859,0.371437,0.113062,0.0237093,0.081004,0.0443654,0.372419,0.394685,0.125078,-0.0578628
0.0829986,-0.49876,-0.0219812,0.254575,0.339687,0.103248,-0.164696,0.339233,0.208127,0.352401,0.0679384,1.11219,0.908091,1.19708,0.347682,0.125746,-0.00795282,0.642967,0.0589343,1.24621,0.361444,0.431023,0.968108,0.115171,0.266126,0.577571,0.335992,0.957626,0.558788,0.545497,0.349809,-0.450797,0.0649998,0.211981,0.506758,1.07625,0.806886,-0.0335869,0.151736,0.241327,0.187705,-0.0735031,0.0375735,0.50117,0.279216,0.0827819,-0.023537,0.237922,0.453861,0.0160054,-0.00628982,0.43747,0.296549,0.90996,0.658393,0.541065,0.169145,0.0830531,-0.0503951,0.304505,0.371073,0.112699,0.0238091,0.0811368,0.0454138,0.373289,0.392313,0.125572,-0.058741
0.0839986,-0.498709,-0.0236422,0.255834,0.340676,0.102309,-0.164791,0.339402,0.20827,0.352766,0.0679023,1.11355,0.909238,1.19639,0.348347,0.125507,-0.00727446,0.643043,0.0607188,1.24482,0.361695,0.429857,0.96624,0.114855,0.264122,0.576276,0.336537,0.957305,0.559327,0.545912,0.350399,-0.450914,0.0647351,0.212333,0.507491,1.07662,0.809179,-0.034039,0.151064,0.241666,0.188747,-0.0733766,0.0374378,0.499551,0.277741,0.0825926,-0.0238341,0.238334,0.455585,0.0156498,-0.00649256,0.436389,0.296134,0.909679,0.659575,0.539072,0.168936,0.0830061,-0.0505966,0.304145,0.370696,0.11233,0.0239087,0.0812644,0.0464656,0.374138,0.389921,0.126064,-0.0596185
0.0849986,-0.498635,-0.0253031,0.257111,0.341663,0.101344,-0.164875,0.339567,0.208407,0.353112,0.0678664,1.11488,0.910354,1.19562,0.349018,0.125268,-0.00658318,0.643088,0.06251,1.24339,0.361938,0.428666,0.964317,0.114562,0.262109,0.574962,0.337067,0.956934,0.55984,0.546316,0.350983,-0.45101,0.064473,0.212688,0.50821,1.07693,0.81144,-0.0344907,0.150391,0.242005,0.189781,-0.0732446,0.0373037,0.497912,0.276244,0.0824016,-0.0241245,0.238749,0.45729,0.015297,-0.0066909,0.435286,0.295705,0.909362,0.660743,0.537066,0.168719,0.0829697,-0.0507955,0.303779,0.370306,0.111954,0.0240082,0.0813867,0.0475198,0.374966,0.387511,0.126554,-0.0604952
0.0859986,-0.498538,-0.0269632,0.258408,0.342646,0.100351,-0.16495,0.33973,0.208537,0.353439,0.0678308,1.11617,0.911437,1.19479,0.349695,0.12503,-0.00587905,0.643099,0.0643079,1.24189,0.362171,0.42745,0.962337,0.11429,0.26009,0.573629,0.337582,0.956512,0.560329,0.546709,0.351561,-0.451087,0.0642121,0.213047,0.508915,1.07719,0.813667,-0.0349418,0.149716,0.242342,0.190807,-0.0731069,0.0371712,0.496253,0.274725,0.0822091,-0.0244077,0.239165,0.458977,0.0149463,-0.00688488,0.434163,0.295262,0.909011,0.661896,0.535049,0.168495,0.0829445,-0.0509919,0.303404,0.369903,0.111572,0.0241077,0.0815038,0.0485763,0.375773,0.385082,0.127042,-0.061371
0.0869986,-0.498418,-0.0286219,0.259723,0.343626,0.0993299,-0.165013,0.339889,0.208661,0.353748,0.0677952,1.11743,0.912488,1.19388,0.350379,0.124793,-0.00516216,0.643078,0.0661125,1.24034,0.362396,0.42621,0.960303,0.114041,0.258065,0.572277,0.338082,0.956039,0.560792,0.54709,0.352134,-0.451143,0.0639521,0.213409,0.509606,1.07739,0.815861,-0.0353922,0.149042,0.242677,0.191824,-0.0729636,0.0370404,0.494573,0.273185,0.0820151,-0.0246831,0.239583,0.460646,0.014598,-0.00707451,0.433018,0.294805,0.908624,0.663035,0.53302,0.168262,0.0829309,-0.0511857,0.303021,0.369487,0.111183,0.0242075,0.0816156,0.0496349,0.376559,0.382635,0.127528,-0.0622457
0.0879986,-0.498276,-0.0302788,0.261056,0.344602,0.0982802,-0.165066,0.340046,0.208777,0.354037,0.0677596,1.11866,0.913507,1.1929,0.351069,0.124557,-0.0044326,0.643025,0.0679235,1.23874,0.362613,0.424945,0.958213,0.113813,0.256035,0.570907,0.338567,0.955516,0.561229,0.547459,0.352701,-0.45118,0.0636928,0.213775,0.510284,1.07753,0.818021,-0.035842,0.148367,0.243012,0.192833,-0.0728145,0.0369113,0.492874,0.271623,0.0818197,-0.0249502,0.240003,0.462296,0.0142529,-0.00725982,0.431853,0.294334,0.908203,0.664159,0.530981,0.168022,0.0829294,-0.051377,0.302628,0.369058,0.110788,0.0243076,0.0817222,0.0506958,0.377323,0.380171,0.128012,-0.0631191
0.0889985,-0.49811,-0.0319331,0.262407,0.345576,0.0972014,-0.165109,0.3402,0.208887,0.354309,0.067724,1.11985,0.914494,1.19186,0.351766,0.124322,-0.00369049,0.642939,0.069741,1.23708,0.362822,0.423654,0.956068,0.113608,0.254002,0.569518,0.339038,0.954942,0.561641,0.547818,0.353262,-0.451196,0.0634351,0.214145,0.510947,1.07762,0.820146,-0.036291,0.147694,0.243346,0.193833,-0.0726596,0.0367841,0.491155,0.27004,0.081623,-0.0252082,0.240424,0.463927,0.0139128,-0.00744081,0.430666,0.29385,0.907747,0.66527,0.528932,0.167773,0.0829403,-0.0515655,0.302226,0.368616,0.110387,0.0244083,0.0818234,0.051759,0.378066,0.377689,0.128494,-0.0639912
0.0899985,-0.497922,-0.0335844,0.263777,0.346545,0.0960936,-0.165142,0.340351,0.20899,0.354561,0.0676883,1.12101,0.915448,1.19074,0.35247,0.124088,-0.00293593,0.64282,0.0715647,1.23537,0.363023,0.42234,0.953868,0.113425,0.251966,0.568112,0.339493,0.954318,0.562027,0.548165,0.353818,-0.451193,0.0631797,0.214517,0.511596,1.07766,0.822235,-0.0367393,0.147022,0.243678,0.194824,-0.0724988,0.0366587,0.489416,0.268436,0.081425,-0.0254567,0.240846,0.465539,0.0135797,-0.00761747,0.429459,0.293352,0.907257,0.666367,0.526874,0.167517,0.0829641,-0.0517514,0.301814,0.368161,0.109979,0.0245095,0.0819193,0.0528243,0.378787,0.375192,0.128975,-0.0648618
0.0909985,-0.497712,-0.0352321,0.265164,0.347511,0.0949566,-0.165164,0.3405,0.209087,0.354794,0.0676524,1.12213,0.91637,1.18955,0.35318,0.123856,-0.00216909,0.642669,0.0733946,1.23361,0.363216,0.421001,0.951614,0.113264,0.249929,0.566688,0.339933,0.953643,0.562388,0.5485,0.354368,-0.451169,0.0629275,0.214893,0.512232,1.07764,0.824289,-0.0371867,0.146351,0.24401,0.195805,-0.0723321,0.0365354,0.487658,0.26681,0.0812258,-0.025695,0.24127,0.467133,0.0132556,-0.00778978,0.428231,0.29284,0.906733,0.66745,0.524808,0.167254,0.0830012,-0.0519346,0.301391,0.367693,0.109565,0.0246116,0.0820099,0.0538913,0.379487,0.372678,0.129454,-0.0657306
0.0919985,-0.497478,-0.0368759,0.266569,0.348473,0.0937909,-0.165175,0.340647,0.209177,0.355009,0.0676162,1.12322,0.91726,1.18829,0.353898,0.123625,-0.00139011,0.642486,0.0752306,1.23179,0.3634,0.419637,0.949305,0.113126,0.24789,0.565247,0.340358,0.952919,0.562723,0.548825,0.354913,-0.451125,0.0626791,0.215273,0.512853,1.07757,0.826306,-0.0376332,0.145684,0.244341,0.196777,-0.0721593,0.036414,0.485881,0.265163,0.0810256,-0.0259228,0.241696,0.468707,0.0129409,-0.0079577,0.426983,0.292314,0.906176,0.668519,0.522736,0.166982,0.0830519,-0.052115,0.300959,0.367212,0.109144,0.0247145,0.0820952,0.0549595,0.380165,0.370149,0.129931,-0.0665976
0.0929985,-0.497222,-0.0385152,0.267991,0.349431,0.0925967,-0.165176,0.340791,0.20926,0.355205,0.0675796,1.12428,0.918117,1.18696,0.354624,0.123396,-0.000599207,0.64227,0.0770723,1.22991,0.363577,0.418249,0.946942,0.113011,0.245852,0.563789,0.340768,0.952144,0.563031,0.549138,0.355452,-0.451062,0.0624348,0.215656,0.51346,1.07744,0.828285,-0.0380787,0.145019,0.244672,0.197739,-0.0719804,0.0362947,0.484086,0.263495,0.0808245,-0.0261394,0.242123,0.470262,0.0126352,-0.00812118,0.425714,0.291775,0.905585,0.669576,0.520657,0.166702,0.0831167,-0.0522927,0.300516,0.366718,0.108717,0.0248185,0.0821751,0.0560285,0.380821,0.367605,0.130406,-0.0674626
0.0939985,-0.496944,-0.0401497,0.269431,0.350384,0.0913749,-0.165167,0.340934,0.209337,0.355383,0.0675426,1.1253,0.918941,1.18557,0.355358,0.123168,0.000203394,0.642022,0.0789197,1.22799,0.363744,0.416837,0.944524,0.112918,0.243815,0.562316,0.341163,0.951319,0.563314,0.549441,0.355986,-0.450978,0.0621939,0.216042,0.514053,1.07726,0.830227,-0.0385233,0.144357,0.245002,0.19869,-0.0717953,0.0361776,0.482271,0.261806,0.0806226,-0.0263444,0.242552,0.471798,0.0123385,-0.00828016,0.424425,0.291222,0.904961,0.670619,0.518575,0.166415,0.0831958,-0.0524675,0.300066,0.36621,0.108284,0.0249236,0.0822496,0.0570977,0.381455,0.365046,0.130879,-0.0683254
0.0949984,-0.496643,-0.0417789,0.270887,0.351334,0.0901262,-0.165148,0.341075,0.209407,0.355541,0.0675051,1.12628,0.919733,1.1841,0.3561,0.122942,0.00101742,0.641741,0.0807725,1.22601,0.363903,0.4154,0.942053,0.112848,0.241779,0.560826,0.341543,0.950444,0.563571,0.549732,0.356514,-0.450875,0.0619552,0.216432,0.514632,1.07702,0.83213,-0.0389667,0.143698,0.245331,0.199632,-0.0716039,0.0360626,0.480438,0.260096,0.08042,-0.0265374,0.242984,0.473314,0.0120506,-0.00843456,0.423115,0.290656,0.904305,0.671649,0.51649,0.16612,0.0832897,-0.0526394,0.29961,0.36569,0.107845,0.02503,0.0823188,0.0581664,0.382068,0.362474,0.131351,-0.0691858
0.0959984,-0.496319,-0.0434024,0.272361,0.352278,0.0888515,-0.165118,0.341215,0.20947,0.355681,0.067467,1.12723,0.920492,1.18256,0.35685,0.122718,0.00184254,0.641428,0.0826304,1.22398,0.364053,0.41394,0.939528,0.1128,0.239745,0.559321,0.341907,0.949519,0.563801,0.550013,0.357036,-0.450752,0.061717,0.216825,0.515196,1.07673,0.833994,-0.0394091,0.143043,0.24566,0.200563,-0.0714061,0.0359498,0.478588,0.258364,0.0802169,-0.026718,0.243419,0.474812,0.0117709,-0.00858428,0.421785,0.290076,0.903616,0.672667,0.514404,0.165817,0.0833987,-0.0528084,0.299151,0.365157,0.107399,0.0251378,0.0823825,0.0592337,0.382659,0.359889,0.131821,-0.0700436
0.0969984,-0.495973,-0.04502,0.273852,0.353218,0.0875518,-0.165078,0.341353,0.209527,0.355803,0.0674282,1.12815,0.921218,1.18096,0.357609,0.122496,0.00267841,0.641083,0.0844931,1.2219,0.364194,0.412455,0.93695,0.112776,0.237713,0.557801,0.342256,0.948544,0.564006,0.550282,0.357553,-0.450609,0.0614776,0.217221,0.515746,1.07638,0.835819,-0.0398503,0.142392,0.24599,0.201484,-0.0712019,0.0358393,0.476719,0.256612,0.0800134,-0.0268859,0.243857,0.476289,0.0114981,-0.00872924,0.420435,0.289483,0.902895,0.673672,0.512318,0.165507,0.0835231,-0.0529744,0.29869,0.364611,0.106948,0.0252471,0.0824409,0.0602987,0.383227,0.35729,0.132289,-0.0708987
0.0979984,-0.495605,-0.0466313,0.275359,0.354153,0.0862284,-0.165028,0.341489,0.209577,0.355905,0.0673886,1.12903,0.921911,1.17928,0.358378,0.122276,0.00352461,0.640705,0.0863605,1.21976,0.364326,0.410947,0.934318,0.112775,0.235686,0.556266,0.34259,0.947519,0.564183,0.550541,0.358064,-0.450446,0.0612349,0.21762,0.516282,1.07598,0.837604,-0.0402902,0.141744,0.246319,0.202393,-0.0709912,0.0357311,0.474833,0.254839,0.0798097,-0.0270409,0.2443,0.477747,0.0112306,-0.00886933,0.419065,0.288876,0.902141,0.674664,0.510234,0.165188,0.0836633,-0.0531374,0.29823,0.364051,0.10649,0.025358,0.0824939,0.0613602,0.383774,0.35468,0.132756,-0.0717509
0.0989984,-0.495214,-0.048236,0.276882,0.355082,0.0848824,-0.164967,0.341625,0.209621,0.355989,0.0673482,1.12988,0.922572,1.17753,0.359155,0.122058,0.00438073,0.640295,0.0882321,1.21757,0.364449,0.409415,0.931633,0.112797,0.233662,0.554717,0.342909,0.946445,0.564335,0.550789,0.35857,-0.450263,0.0609876,0.218021,0.516803,1.07552,0.839348,-0.0407289,0.1411,0.246648,0.203291,-0.0707738,0.0356252,0.472929,0.253045,0.079606,-0.0271828,0.244747,0.479186,0.0109676,-0.00900444,0.417675,0.288256,0.901357,0.675645,0.508154,0.164863,0.0838197,-0.0532973,0.297771,0.363479,0.106026,0.0254705,0.0825414,0.0624173,0.384299,0.352057,0.133221,-0.0725999
0.0999984,-0.494801,-0.0498339,0.278422,0.356007,0.0835151,-0.164896,0.341759,0.209658,0.356055,0.0673068,1.13069,0.923198,1.17572,0.359943,0.121842,0.00524634,0.639853,0.0901076,1.21534,0.364563,0.407859,0.928896,0.112843,0.231643,0.553154,0.343213,0.945322,0.56446,0.551027,0.35907,-0.450061,0.0607345,0.218426,0.51731,1.07501,0.841051,-0.0411663,0.14046,0.246977,0.204178,-0.0705497,0.0355216,0.471009,0.251231,0.0794025,-0.0273115,0.245201,0.480604,0.0107084,-0.00913445,0.416265,0.287623,0.90054,0.676613,0.50608,0.164529,0.0839925,-0.0534541,0.297315,0.362893,0.105556,0.0255849,0.0825835,0.063469,0.384801,0.349424,0.133685,-0.0734456
0.100998,-0.494365,-0.0514246,0.279978,0.356926,0.0821279,-0.164815,0.341892,0.209689,0.356101,0.0672645,1.13147,0.923792,1.17384,0.36074,0.121629,0.006121,0.639378,0.0919869,1.21305,0.364669,0.406279,0.926106,0.112912,0.22963,0.551578,0.343501,0.944148,0.564558,0.551253,0.359565,-0.449838,0.0604751,0.218834,0.517803,1.07444,0.842713,-0.0416024,0.139824,0.247307,0.205054,-0.0703188,0.0354204,0.469071,0.249395,0.0791994,-0.0274268,0.245661,0.482003,0.0104528,-0.00925927,0.414835,0.286977,0.899693,0.67757,0.504014,0.164188,0.0841821,-0.0536078,0.296864,0.362295,0.10508,0.0257011,0.0826202,0.0645148,0.385282,0.34678,0.134146,-0.0742877
0.101998,-0.493907,-0.0530079,0.281549,0.357839,0.080722,-0.164723,0.342025,0.209714,0.356129,0.067221,1.13221,0.924352,1.17189,0.361547,0.121418,0.00700431,0.638871,0.0938695,1.21071,0.364767,0.404675,0.923263,0.113004,0.227623,0.549989,0.343774,0.942926,0.56463,0.551469,0.360054,-0.449596,0.0602092,0.219244,0.51828,1.07382,0.844332,-0.042037,0.139192,0.247637,0.205918,-0.070081,0.0353215,0.467117,0.24754,0.078997,-0.0275289,0.246129,0.483382,0.0102006,-0.00937876,0.413386,0.286317,0.898815,0.678515,0.501957,0.163839,0.0843886,-0.0537582,0.296418,0.361683,0.104598,0.0258192,0.0826514,0.0655544,0.38574,0.344126,0.134607,-0.075126
0.102998,-0.493426,-0.0545837,0.283136,0.358747,0.079299,-0.164622,0.342157,0.209731,0.356139,0.0671763,1.13292,0.924879,1.16986,0.362365,0.12121,0.00789587,0.638331,0.0957553,1.20832,0.364857,0.403048,0.920368,0.113121,0.225623,0.548388,0.344031,0.941654,0.564675,0.551675,0.360538,-0.449334,0.0599372,0.219656,0.518744,1.07315,0.845909,-0.0424702,0.138565,0.247968,0.206769,-0.0698361,0.0352251,0.465147,0.245664,0.0787953,-0.0276177,0.246605,0.48474,0.0099518,-0.00949283,0.411917,0.285644,0.897906,0.679449,0.499911,0.163482,0.0846123,-0.0539054,0.295975,0.361059,0.10411,0.0259394,0.0826772,0.0665876,0.386175,0.341463,0.135066,-0.0759603
0.103998,-0.492923,-0.0561516,0.284738,0.359648,0.0778603,-0.16451,0.342289,0.209743,0.35613,0.0671303,1.1336,0.925372,1.16778,0.363193,0.121004,0.00879534,0.63776,0.0976438,1.20589,0.36494,0.401398,0.917422,0.113263,0.223631,0.546774,0.344273,0.940334,0.564694,0.55187,0.361016,-0.449052,0.0596595,0.220071,0.519192,1.07242,0.847444,-0.042902,0.137941,0.2483,0.207609,-0.0695842,0.035131,0.463161,0.243768,0.0785948,-0.0276935,0.24709,0.486079,0.00970626,-0.00960136,0.410429,0.284958,0.896968,0.680371,0.497878,0.163118,0.0848532,-0.0540492,0.295536,0.360421,0.103616,0.0260616,0.0826976,0.0676145,0.386589,0.338791,0.135523,-0.0767904
0.104998,-0.492397,-0.0577116,0.286356,0.360544,0.0764074,-0.164388,0.34242,0.209748,0.356102,0.0670829,1.13424,0.925832,1.16562,0.364031,0.120802,0.00970237,0.637155,0.0995349,1.2034,0.365014,0.399723,0.914423,0.113429,0.221646,0.545149,0.3445,0.938964,0.564685,0.552055,0.361489,-0.448751,0.0593767,0.220488,0.519626,1.07164,0.848935,-0.0433322,0.137321,0.248633,0.208436,-0.0693251,0.0350392,0.461159,0.241851,0.0783957,-0.0277564,0.247584,0.487397,0.00946383,-0.00970425,0.408922,0.284259,0.895999,0.681283,0.49586,0.162747,0.0851115,-0.0541897,0.295099,0.35977,0.103116,0.026186,0.0827124,0.0686351,0.38698,0.336111,0.135979,-0.077616
0.105998,-0.491849,-0.0592634,0.287987,0.361433,0.0749418,-0.164256,0.342551,0.209746,0.356055,0.067034,1.13484,0.926258,1.16339,0.36488,0.120602,0.0106167,0.636519,0.101428,1.20086,0.365081,0.398026,0.911373,0.113621,0.21967,0.543512,0.344712,0.937545,0.56465,0.552229,0.361956,-0.44843,0.0590896,0.220906,0.520045,1.0708,0.850382,-0.0437609,0.136704,0.248967,0.209251,-0.0690587,0.0349499,0.459142,0.239915,0.0781982,-0.0278066,0.248086,0.488695,0.00922435,-0.00980139,0.407395,0.283548,0.895,0.682184,0.493856,0.162368,0.085387,-0.0543268,0.294664,0.359106,0.102611,0.0263127,0.0827219,0.0696495,0.387348,0.333424,0.136433,-0.0784369
0.106998,-0.491279,-0.0608069,0.289633,0.362316,0.073465,-0.164114,0.342682,0.209738,0.35599,0.0669836,1.13541,0.926649,1.1611,0.365738,0.120405,0.011538,0.63585,0.103324,1.19828,0.365139,0.396304,0.908272,0.113839,0.217702,0.541865,0.344908,0.936078,0.564588,0.552393,0.362418,-0.448089,0.0587985,0.221327,0.520449,1.06991,0.851785,-0.044188,0.136092,0.249303,0.210054,-0.0687849,0.0348629,0.457109,0.237959,0.0780027,-0.0278445,0.248599,0.489972,0.00898763,-0.0098927,0.405849,0.282823,0.893973,0.683074,0.491868,0.161981,0.0856797,-0.0544604,0.294229,0.358429,0.102099,0.0264416,0.0827258,0.0706576,0.387694,0.330729,0.136886,-0.0792528
0.107998,-0.490686,-0.0623418,0.291294,0.363192,0.0719785,-0.163962,0.342813,0.209724,0.355907,0.0669316,1.13594,0.927007,1.15874,0.366607,0.12021,0.012466,0.635149,0.105221,1.19564,0.365189,0.39456,0.905119,0.114084,0.215744,0.540208,0.345089,0.934562,0.564498,0.552547,0.362875,-0.447728,0.0585037,0.221749,0.520838,1.06896,0.853144,-0.0446135,0.135484,0.24964,0.210843,-0.0685036,0.0347782,0.455062,0.235983,0.0778095,-0.0278702,0.249122,0.49123,0.00875351,-0.00997807,0.404284,0.282085,0.892916,0.683953,0.489896,0.161587,0.0859893,-0.0545905,0.293796,0.357739,0.101582,0.0265729,0.0827243,0.0716594,0.388017,0.328028,0.137337,-0.0800634
0.108998,-0.49007,-0.0638682,0.292968,0.364061,0.0704838,-0.1638,0.342945,0.209703,0.355805,0.0668778,1.13644,0.92733,1.15631,0.367486,0.120019,0.0134005,0.634416,0.107119,1.19296,0.36523,0.392792,0.901916,0.114356,0.213796,0.538541,0.345255,0.932997,0.564382,0.55269,0.363325,-0.447347,0.0582052,0.222173,0.521212,1.06796,0.854459,-0.0450374,0.134879,0.249979,0.211619,-0.0682146,0.0346959,0.453001,0.233987,0.0776188,-0.027884,0.249656,0.492466,0.00852187,-0.0100574,0.402701,0.281335,0.89183,0.684823,0.487941,0.161185,0.0863155,-0.0547169,0.293364,0.357036,0.101059,0.0267065,0.0827174,0.0726547,0.388318,0.325321,0.137787,-0.0808685
0.109998,-0.489432,-0.0653857,0.294655,0.364923,0.0689825,-0.163628,0.343076,0.209676,0.355684,0.0668221,1.13691,0.927618,1.15381,0.368374,0.119832,0.0143413,0.633651,0.109019,1.19023,0.365262,0.391,0.898662,0.114656,0.211857,0.536864,0.345405,0.931384,0.564239,0.552824,0.363771,-0.446947,0.0579029,0.222597,0.521571,1.06691,0.855728,-0.0454596,0.134278,0.250319,0.212382,-0.067918,0.0346159,0.450925,0.231972,0.0774309,-0.0278863,0.250203,0.493682,0.00829269,-0.0101307,0.401099,0.280572,0.890716,0.685682,0.486003,0.160777,0.0866579,-0.0548398,0.292932,0.35632,0.10053,0.0268426,0.0827049,0.0736431,0.388596,0.322609,0.138236,-0.0816677
0.110998,-0.488772,-0.0668944,0.296355,0.365778,0.0674758,-0.163446,0.343208,0.209642,0.355545,0.0667645,1.13734,0.927873,1.15125,0.369272,0.119647,0.0152882,0.632853,0.110919,1.18745,0.365284,0.389185,0.895358,0.114985,0.209928,0.535179,0.345541,0.929723,0.564068,0.552947,0.364211,-0.446527,0.0575961,0.223023,0.521916,1.0658,0.856952,-0.0458801,0.13368,0.250662,0.213132,-0.0676135,0.0345382,0.448836,0.229937,0.077246,-0.0278772,0.250764,0.494877,0.00806607,-0.0101978,0.399478,0.279796,0.889573,0.686531,0.484084,0.16036,0.087016,-0.054959,0.292501,0.355591,0.0999963,0.0269812,0.082687,0.0746242,0.388852,0.319892,0.138683,-0.0824609
0.111998,-0.488089,-0.0683941,0.298068,0.366625,0.0659653,-0.163254,0.343341,0.209602,0.355387,0.0667049,1.13774,0.928092,1.14862,0.37018,0.119465,0.0162409,0.632023,0.11282,1.18463,0.365298,0.387346,0.892003,0.115343,0.208008,0.533485,0.34566,0.928013,0.563871,0.553061,0.364645,-0.446088,0.0572841,0.223449,0.522244,1.06464,0.858131,-0.046299,0.133086,0.251008,0.213868,-0.0673011,0.0344628,0.446733,0.227883,0.0770642,-0.027857,0.251339,0.496051,0.00784228,-0.0102587,0.397839,0.279008,0.888403,0.687371,0.482184,0.159937,0.0873892,-0.0550744,0.292072,0.354849,0.0994564,0.0271224,0.0826637,0.0755973,0.389084,0.317171,0.139129,-0.0832475
0.112998,-0.487384,-0.0698847,0.299793,0.367465,0.064452,-0.163052,0.343474,0.209555,0.35521,0.0666431,1.1381,0.928277,1.14592,0.371096,0.119287,0.0171993,0.63116,0.114722,1.18175,0.365302,0.385484,0.888599,0.115733,0.206098,0.531783,0.345765,0.926256,0.563646,0.553165,0.365074,-0.445629,0.056966,0.223876,0.522558,1.06343,0.859263,-0.0467161,0.132495,0.251355,0.214591,-0.0669807,0.0343895,0.444618,0.225811,0.0768854,-0.027826,0.251926,0.497205,0.0076218,-0.0103133,0.396181,0.278208,0.887205,0.688202,0.480304,0.159506,0.0877767,-0.055186,0.291645,0.354094,0.0989111,0.0272661,0.0826349,0.0765621,0.389294,0.314447,0.139574,-0.0840274
0.113998,-0.486656,-0.071366,0.30153,0.368298,0.0629374,-0.16284,0.343608,0.209502,0.355015,0.0665791,1.13842,0.928426,1.14316,0.37202,0.119113,0.0181633,0.630265,0.116623,1.17883,0.365298,0.383599,0.885145,0.116154,0.204197,0.530074,0.345854,0.924451,0.563394,0.553258,0.365497,-0.44515,0.0566408,0.224304,0.522856,1.06216,0.86035,-0.0471315,0.131907,0.251706,0.2153,-0.0666521,0.0343185,0.442489,0.223719,0.0767095,-0.0277841,0.252523,0.498337,0.00740543,-0.0103616,0.394506,0.277395,0.88598,0.689023,0.478446,0.159068,0.0881775,-0.0552938,0.291219,0.353325,0.0983602,0.0274125,0.0826006,0.0775178,0.389481,0.311721,0.140017,-0.0848002
0.114998,-0.485905,-0.0728381,0.303278,0.369122,0.0614225,-0.162618,0.343743,0.209442,0.354802,0.0665128,1.13871,0.92854,1.14033,0.372953,0.118942,0.0191326,0.629338,0.118523,1.17587,0.365288,0.38169,0.881642,0.116607,0.202306,0.528359,0.345928,0.922598,0.563115,0.553342,0.365915,-0.444651,0.0563073,0.224731,0.523139,1.06083,0.861391,-0.0475451,0.131322,0.252059,0.215994,-0.0663153,0.0342496,0.440349,0.221608,0.0765362,-0.0277316,0.253128,0.499448,0.00719444,-0.0104035,0.392812,0.27657,0.884727,0.689835,0.476611,0.158623,0.0885909,-0.0553976,0.290795,0.352544,0.0978039,0.0275616,0.082561,0.0784644,0.389645,0.308992,0.140459,-0.0855655
0.115998,-0.485132,-0.0743008,0.305038,0.369938,0.0599083,-0.162387,0.343879,0.209376,0.35457,0.0664441,1.13897,0.928619,1.13743,0.373894,0.118774,0.0201071,0.628379,0.120423,1.17286,0.365274,0.379758,0.878089,0.117095,0.200424,0.526636,0.345987,0.920697,0.562808,0.553416,0.366327,-0.444133,0.0559645,0.225159,0.523407,1.05946,0.862385,-0.047957,0.13074,0.252416,0.216675,-0.0659701,0.0341828,0.438196,0.219479,0.0763654,-0.0276685,0.253737,0.500539,0.00699072,-0.010439,0.391101,0.275732,0.883448,0.690639,0.474802,0.15817,0.0890156,-0.0554975,0.290373,0.351749,0.0972421,0.0277134,0.0825158,0.0794017,0.389786,0.306261,0.1409,-0.086323
0.116998,-0.484336,-0.0757541,0.306808,0.370746,0.0583958,-0.162145,0.344016,0.209304,0.35432,0.0663728,1.13919,0.928662,1.13447,0.374842,0.11861,0.0210866,0.627388,0.122322,1.1698,0.365266,0.377803,0.874487,0.117616,0.198551,0.524908,0.346031,0.918749,0.562475,0.553481,0.366734,-0.443595,0.0556116,0.225586,0.523659,1.05803,0.863333,-0.048367,0.130161,0.252776,0.217341,-0.0656164,0.034118,0.436032,0.217331,0.0761966,-0.0275949,0.25435,0.501608,0.00679697,-0.010468,0.389372,0.274883,0.882142,0.691434,0.47302,0.157711,0.0894508,-0.0555934,0.289952,0.350942,0.0966749,0.027868,0.0824653,0.0803301,0.389903,0.30353,0.141339,-0.0870724
0.117998,-0.483518,-0.0771978,0.308588,0.371546,0.0568859,-0.161894,0.344154,0.209224,0.354051,0.0662989,1.13938,0.92867,1.13144,0.375798,0.118449,0.022071,0.626364,0.124219,1.16669,0.365267,0.375824,0.870837,0.118173,0.196687,0.523175,0.346059,0.916754,0.562114,0.553536,0.367136,-0.443038,0.0552477,0.226014,0.523895,1.05654,0.864234,-0.0487753,0.129585,0.25314,0.217992,-0.0652542,0.0340553,0.433856,0.215165,0.0760296,-0.0275108,0.254963,0.502655,0.00661689,-0.0104906,0.387625,0.274021,0.880811,0.69222,0.471268,0.157244,0.0898952,-0.0556852,0.289533,0.350121,0.0961025,0.0280254,0.0824093,0.0812499,0.389998,0.300798,0.141778,-0.0878131
0.118998,-0.482677,-0.0786319,0.310378,0.372336,0.0553796,-0.161634,0.344294,0.209138,0.353764,0.0662223,1.13953,0.928641,1.12834,0.376761,0.118292,0.0230601,0.625308,0.126114,1.16355,0.365271,0.373822,0.867138,0.118766,0.194831,0.521437,0.346072,0.914712,0.561727,0.553582,0.367531,-0.442461,0.0548727,0.22644,0.524116,1.05501,0.865089,-0.0491818,0.129012,0.253508,0.218629,-0.0648832,0.0339946,0.43167,0.212981,0.0758641,-0.0274164,0.255576,0.503682,0.00645467,-0.0105067,0.385861,0.273147,0.879453,0.692998,0.469549,0.15677,0.0903481,-0.0557729,0.289115,0.349288,0.0955247,0.0281857,0.0823479,0.0821618,0.390069,0.298067,0.142214,-0.0885448
0.119998,-0.481813,-0.0800564,0.312177,0.373118,0.0538776,-0.161363,0.344435,0.209045,0.353458,0.0661428,1.13964,0.928577,1.12518,0.37773,0.118139,0.0240537,0.62422,0.128006,1.16035,0.365273,0.371797,0.86339,0.119396,0.192984,0.519695,0.34607,0.912622,0.561312,0.553618,0.367922,-0.441864,0.0544864,0.226866,0.524321,1.05342,0.865897,-0.0495865,0.128441,0.25388,0.219251,-0.0645035,0.0339357,0.429474,0.21078,0.0756999,-0.0273116,0.256187,0.504686,0.00631255,-0.0105162,0.38408,0.272262,0.87807,0.693768,0.467866,0.156289,0.0908086,-0.0558564,0.288699,0.348441,0.0949417,0.0283489,0.0822811,0.0830663,0.390118,0.295336,0.14265,-0.0892672
0.120998,-0.480927,-0.0814712,0.313985,0.373891,0.0523809,-0.161083,0.344578,0.208946,0.353134,0.0660604,1.13972,0.928476,1.12195,0.378706,0.117989,0.0250517,0.623099,0.129895,1.15711,0.365272,0.369749,0.859595,0.120064,0.191146,0.517949,0.346053,0.910487,0.56087,0.553645,0.368307,-0.441248,0.054089,0.227291,0.52451,1.05178,0.866658,-0.0499894,0.127872,0.254257,0.219858,-0.0641148,0.0338787,0.427268,0.20856,0.0755368,-0.0271968,0.256796,0.50567,0.00618921,-0.0105193,0.382282,0.271365,0.876661,0.694531,0.466222,0.155801,0.0912758,-0.0559357,0.288283,0.347582,0.0943534,0.028515,0.0822089,0.083964,0.390142,0.292607,0.143085,-0.0899798
0.121998,-0.480017,-0.0828762,0.315802,0.374655,0.0508902,-0.160794,0.344723,0.20884,0.352792,0.065975,1.13977,0.928339,1.11866,0.379688,0.117843,0.0260539,0.621946,0.131782,1.15383,0.365267,0.367678,0.855752,0.120771,0.189316,0.516199,0.346021,0.908304,0.560401,0.553662,0.368686,-0.440612,0.0536809,0.227716,0.524683,1.05008,0.867372,-0.0503906,0.127306,0.254638,0.22045,-0.0637171,0.0338235,0.425052,0.206323,0.0753746,-0.0270719,0.257402,0.506631,0.00608152,-0.0105159,0.380467,0.270456,0.875228,0.695285,0.464624,0.155306,0.091749,-0.0560108,0.287867,0.346709,0.09376,0.0286842,0.0821314,0.0848554,0.390144,0.28988,0.143518,-0.090682
0.122998,-0.479085,-0.0842715,0.317626,0.37541,0.0494065,-0.160495,0.34487,0.208727,0.352431,0.0658864,1.13978,0.928165,1.1153,0.380676,0.117701,0.0270602,0.620761,0.133664,1.1505,0.365257,0.365585,0.851862,0.121518,0.187496,0.514448,0.345973,0.906075,0.559905,0.55367,0.36906,-0.439957,0.0532626,0.228139,0.52484,1.04833,0.868039,-0.0507899,0.126741,0.255024,0.221027,-0.0633103,0.03377,0.422827,0.204069,0.0752131,-0.0269373,0.258005,0.507571,0.00598596,-0.0105059,0.378635,0.269536,0.87377,0.696033,0.463074,0.154805,0.0922273,-0.0560814,0.287451,0.345824,0.0931615,0.0288563,0.0820484,0.0857408,0.390122,0.287156,0.143951,-0.0913736
0.123998,-0.47813,-0.0856569,0.319459,0.376155,0.0479308,-0.160186,0.345019,0.208607,0.352052,0.0657945,1.13976,0.927954,1.11188,0.381669,0.117563,0.0280705,0.619544,0.135542,1.14712,0.365244,0.363469,0.847924,0.122305,0.185684,0.512694,0.345911,0.9038,0.559382,0.553669,0.369428,-0.439282,0.0528347,0.228561,0.524982,1.04653,0.868659,-0.0511875,0.126179,0.255415,0.221588,-0.0628942,0.0337182,0.420593,0.201798,0.0750523,-0.0267929,0.258604,0.508489,0.00589978,-0.0104894,0.376786,0.268604,0.872287,0.696773,0.461575,0.154296,0.0927099,-0.0561478,0.287035,0.344925,0.0925579,0.0290315,0.0819602,0.0866207,0.390076,0.284436,0.144382,-0.0920541
0.124998,-0.477152,-0.0870324,0.321298,0.37689,0.0464641,-0.159868,0.34517,0.20848,0.351654,0.0656994,1.1397,0.927706,1.1084,0.382667,0.117429,0.0290845,0.618295,0.137415,1.14371,0.365226,0.361331,0.843939,0.123132,0.183882,0.510939,0.345833,0.901479,0.558832,0.553659,0.369791,-0.438588,0.0523978,0.228982,0.525107,1.04467,0.869231,-0.0515833,0.125619,0.255812,0.222134,-0.0624688,0.033668,0.418352,0.19951,0.0748919,-0.0266392,0.259198,0.509386,0.00582135,-0.0104663,0.374921,0.26766,0.870781,0.697505,0.460129,0.153781,0.0931958,-0.0562096,0.286618,0.344014,0.0919494,0.0292098,0.0818666,0.0874952,0.390007,0.281719,0.144812,-0.0927229
0.125998,-0.476151,-0.0883981,0.323144,0.377615,0.0450077,-0.15954,0.345324,0.208346,0.351239,0.0656007,1.1396,0.927421,1.10485,0.38367,0.117298,0.0301022,0.617014,0.139283,1.14025,0.365204,0.35917,0.839908,0.124001,0.182089,0.509184,0.345741,0.899113,0.558255,0.553641,0.370148,-0.437874,0.0519524,0.229401,0.525216,1.04277,0.869757,-0.0519775,0.12506,0.256214,0.222664,-0.0620339,0.0336193,0.416103,0.197206,0.0747321,-0.0264761,0.259789,0.51026,0.00574983,-0.0104368,0.373041,0.266706,0.869251,0.698232,0.458735,0.153258,0.0936842,-0.0562671,0.286202,0.343089,0.0913358,0.0293911,0.0817677,0.0883647,0.389914,0.279007,0.145241,-0.0933797
0.126998,-0.475128,-0.0897537,0.324997,0.378331,0.043563,-0.159203,0.34548,0.208204,0.350805,0.0654986,1.13947,0.927098,1.10123,0.384678,0.117172,0.0311234,0.6157,0.141146,1.13674,0.365177,0.356988,0.83583,0.124911,0.180306,0.507428,0.345633,0.896701,0.557652,0.553613,0.3705,-0.437141,0.051499,0.229819,0.525309,1.04081,0.870237,-0.0523699,0.124503,0.256622,0.223178,-0.0615895,0.0335721,0.413846,0.194885,0.0745726,-0.0263039,0.260374,0.511113,0.00568481,-0.0104007,0.371144,0.26574,0.867697,0.698951,0.457396,0.152729,0.0941741,-0.05632,0.285786,0.342152,0.0907173,0.0295757,0.0816635,0.0892292,0.389797,0.2763,0.145668,-0.0940239
0.127998,-0.474081,-0.0910994,0.326855,0.379036,0.0421316,-0.158857,0.345639,0.208056,0.350353,0.0653928,1.13931,0.926738,1.09755,0.38569,0.117049,0.032148,0.614354,0.143002,1.13319,0.365144,0.354784,0.831706,0.125862,0.178534,0.505673,0.34551,0.894243,0.557022,0.553576,0.370846,-0.436388,0.051038,0.230236,0.525385,1.03879,0.870669,-0.0527608,0.123948,0.257036,0.223677,-0.0611354,0.0335263,0.411583,0.192548,0.0744134,-0.0261227,0.260955,0.511943,0.0056261,-0.010358,0.369231,0.264764,0.86612,0.699664,0.456113,0.152194,0.0946645,-0.0563683,0.285371,0.341202,0.0900939,0.0297633,0.081554,0.0900891,0.389656,0.273599,0.146095,-0.0946552
0.128998,-0.473011,-0.0924352,0.328719,0.37973,0.0407152,-0.158501,0.345801,0.2079,0.349883,0.0652832,1.13911,0.92634,1.09381,0.386706,0.116931,0.0331758,0.612977,0.144852,1.1296,0.365103,0.352559,0.827535,0.126856,0.176772,0.503919,0.345372,0.89174,0.556365,0.553531,0.371187,-0.435617,0.0505697,0.230651,0.525446,1.03673,0.871054,-0.0531501,0.123395,0.257457,0.224159,-0.0606716,0.0334818,0.409314,0.190196,0.0742544,-0.0259326,0.261531,0.512751,0.00557354,-0.0103089,0.367302,0.263776,0.864521,0.70037,0.454891,0.151651,0.0951546,-0.056412,0.284956,0.340239,0.0894658,0.0299541,0.0814393,0.0909443,0.389491,0.270905,0.146521,-0.0952731
0.129998,-0.471919,-0.0937609,0.330588,0.380415,0.0393162,-0.158136,0.345965,0.207737,0.349395,0.0651699,1.13887,0.925905,1.09001,0.387726,0.116817,0.0342068,0.611567,0.146694,1.12596,0.365056,0.350313,0.82332,0.127892,0.175022,0.502166,0.345219,0.889193,0.555682,0.553477,0.371522,-0.434825,0.0500944,0.231064,0.525489,1.03461,0.871392,-0.053538,0.122842,0.257884,0.224625,-0.0601979,0.0334386,0.407039,0.187828,0.0740958,-0.0257337,0.262103,0.513537,0.0055269,-0.0102532,0.365359,0.262778,0.862899,0.701071,0.453735,0.151102,0.0956437,-0.0564511,0.284542,0.339263,0.0888328,0.030148,0.0813193,0.0917948,0.389301,0.268217,0.146946,-0.0958771
0.130998,-0.470803,-0.0950765,0.332461,0.381088,0.037937,-0.157762,0.346133,0.207566,0.348889,0.0650526,1.1386,0.925431,1.08614,0.38875,0.116708,0.0352408,0.610125,0.14853,1.12228,0.365,0.348045,0.819059,0.12897,0.173283,0.500417,0.345052,0.886601,0.554973,0.553414,0.371852,-0.434015,0.0496123,0.231476,0.525517,1.03244,0.871684,-0.0539245,0.122292,0.258319,0.225075,-0.0597142,0.0333966,0.404759,0.185445,0.0739374,-0.025526,0.262669,0.514301,0.00548584,-0.010191,0.3634,0.261769,0.861255,0.701765,0.452651,0.150547,0.096131,-0.0564855,0.284129,0.338275,0.0881951,0.0303451,0.0811942,0.0926407,0.389088,0.265537,0.147369,-0.0964669
0.131998,-0.469664,-0.0963821,0.334339,0.38175,0.0365806,-0.157379,0.346304,0.207387,0.348365,0.0649314,1.13829,0.924918,1.08221,0.389777,0.116602,0.0362776,0.608651,0.150357,1.11856,0.364936,0.345758,0.814753,0.130089,0.171557,0.49867,0.344869,0.883964,0.554238,0.553343,0.372176,-0.433185,0.0491238,0.231886,0.525527,1.03022,0.871928,-0.0543099,0.121742,0.25876,0.225508,-0.0592205,0.0333558,0.402474,0.183047,0.0737792,-0.0253096,0.263231,0.515042,0.00544982,-0.0101223,0.361426,0.260749,0.859589,0.702454,0.451647,0.149985,0.0966161,-0.0565151,0.283716,0.337273,0.0875528,0.0305454,0.0810638,0.0934817,0.38885,0.262866,0.147792,-0.0970421
0.132998,-0.468502,-0.0976776,0.33622,0.382402,0.0352504,-0.156986,0.346479,0.207201,0.347823,0.0648061,1.13795,0.924368,1.07821,0.390807,0.116502,0.0373173,0.607145,0.152177,1.1148,0.364863,0.34345,0.810402,0.13125,0.169843,0.496927,0.344671,0.881284,0.553476,0.553264,0.372495,-0.432336,0.048629,0.232295,0.525521,1.02795,0.872127,-0.0546943,0.121194,0.259208,0.225925,-0.0587166,0.033316,0.400185,0.180634,0.0736213,-0.0250847,0.263788,0.515761,0.00541813,-0.010047,0.359437,0.259719,0.857901,0.703136,0.450743,0.149416,0.0970983,-0.05654,0.283304,0.33626,0.0869058,0.0307487,0.0809283,0.0943177,0.388587,0.260204,0.148213,-0.0976023
0.133998,-0.467316,-0.0989631,0.338105,0.383042,0.03395,-0.156585,0.346657,0.207006,0.347263,0.0646767,1.13757,0.923778,1.07416,0.391839,0.116405,0.0383596,0.605607,0.153988,1.11099,0.364781,0.341123,0.806007,0.132452,0.168141,0.495189,0.344459,0.878559,0.552688,0.553176,0.372809,-0.431468,0.0481281,0.232701,0.525498,1.02562,0.872278,-0.0550778,0.120647,0.259664,0.226325,-0.0582025,0.0332771,0.397892,0.178207,0.0734636,-0.0248511,0.26434,0.516457,0.00538994,-0.00996511,0.357434,0.258679,0.856192,0.703814,0.449965,0.148841,0.0975773,-0.05656,0.282893,0.335233,0.0862542,0.0309552,0.0807876,0.0951482,0.3883,0.257551,0.148634,-0.0981472
0.134998,-0.466108,-0.100238,0.339993,0.38367,0.0326835,-0.156174,0.346839,0.206804,0.346686,0.0645431,1.13716,0.92315,1.07004,0.392874,0.116314,0.0394045,0.604038,0.15579,1.10714,0.364691,0.338776,0.801567,0.133696,0.166453,0.493456,0.344231,0.875791,0.551875,0.55308,0.373117,-0.430581,0.0476215,0.233106,0.525459,1.02325,0.872383,-0.0554608,0.120101,0.260128,0.226708,-0.057678,0.0332392,0.395596,0.175767,0.0733062,-0.0246089,0.264888,0.517131,0.00536438,-0.00987665,0.355416,0.257629,0.854463,0.704486,0.449305,0.14826,0.0980525,-0.0565752,0.282483,0.334194,0.0855982,0.0311647,0.0806419,0.095973,0.387988,0.254908,0.149054,-0.0986764
0.135998,-0.464876,-0.101504,0.341883,0.384287,0.0314546,-0.155755,0.347025,0.206593,0.346091,0.0644053,1.13671,0.922483,1.06586,0.393912,0.116228,0.0404518,0.602436,0.157584,1.10325,0.364592,0.336411,0.797084,0.134979,0.164778,0.491729,0.343989,0.872979,0.551036,0.552976,0.37342,-0.429675,0.0471092,0.233508,0.525402,1.02082,0.872442,-0.0558435,0.119556,0.2606,0.227075,-0.0571432,0.0332021,0.393298,0.173312,0.0731491,-0.0243582,0.265432,0.517783,0.00534063,-0.00978159,0.353384,0.256569,0.852713,0.705153,0.448751,0.147672,0.0985235,-0.0565855,0.282074,0.333142,0.0849377,0.0313772,0.080491,0.0967915,0.387651,0.252277,0.149472,-0.0991897
0.136998,-0.463621,-0.102759,0.343776,0.384893,0.0302666,-0.155326,0.347216,0.206373,0.345478,0.0642631,1.13623,0.921777,1.06162,0.394951,0.116147,0.0415015,0.600803,0.159368,1.09932,0.364484,0.334027,0.792558,0.136303,0.163116,0.490008,0.343732,0.870124,0.550171,0.552864,0.373717,-0.428749,0.0465915,0.233909,0.525329,1.01834,0.872454,-0.0562262,0.119012,0.261079,0.227424,-0.0565978,0.0331658,0.390998,0.170845,0.0729923,-0.0240989,0.265972,0.518411,0.00531794,-0.00967989,0.351338,0.255499,0.850942,0.705815,0.448298,0.147078,0.0989899,-0.056591,0.281666,0.332077,0.0842728,0.0315927,0.0803351,0.0976031,0.387289,0.249657,0.14989,-0.0996869
0.137998,-0.462342,-0.104004,0.345671,0.385486,0.029122,-0.154889,0.347411,0.206145,0.344848,0.0641167,1.13571,0.921031,1.05732,0.395992,0.116071,0.0425534,0.599138,0.161143,1.09534,0.364367,0.331626,0.787988,0.137666,0.161468,0.488295,0.34346,0.867227,0.549281,0.552743,0.374009,-0.427805,0.0460687,0.234308,0.525239,1.01581,0.87242,-0.0566094,0.118469,0.261567,0.227756,-0.0560418,0.0331302,0.388696,0.168364,0.0728359,-0.023831,0.266508,0.519017,0.00529566,-0.00957152,0.349279,0.254419,0.849152,0.706472,0.447939,0.146478,0.0994512,-0.0565914,0.28126,0.331001,0.0836036,0.0318112,0.0801742,0.0984074,0.386901,0.247049,0.150307,-0.100168
0.138998,-0.46104,-0.105239,0.347566,0.386067,0.0280227,-0.154442,0.347611,0.205908,0.3442,0.0639659,1.13516,0.920246,1.05295,0.397035,0.116,0.0436075,0.597442,0.162909,1.09133,0.364241,0.329207,0.783375,0.139069,0.159833,0.48659,0.343174,0.864286,0.548366,0.552616,0.374296,-0.426842,0.0455408,0.234705,0.525132,1.01323,0.87234,-0.0569933,0.117927,0.262064,0.228071,-0.0554751,0.0330952,0.386393,0.165872,0.07268,-0.0235543,0.267041,0.5196,0.00527327,-0.00945645,0.347206,0.25333,0.847342,0.707124,0.447665,0.145871,0.099907,-0.0565869,0.280857,0.329911,0.0829301,0.0320325,0.0800083,0.099204,0.386488,0.244454,0.150722,-0.100632
0.139998,-0.459715,-0.106463,0.349463,0.386637,0.0269701,-0.153987,0.347815,0.205662,0.343535,0.0638108,1.13457,0.919421,1.04853,0.398078,0.115935,0.0446637,0.595713,0.164665,1.08727,0.364105,0.326773,0.77872,0.14051,0.158213,0.484894,0.342872,0.861303,0.547425,0.55248,0.374578,-0.42586,0.045008,0.235099,0.525007,1.0106,0.872214,-0.0573785,0.117386,0.262568,0.228368,-0.0548977,0.0330607,0.38409,0.163367,0.0725245,-0.0232689,0.267571,0.520161,0.00525035,-0.00933464,0.345119,0.252231,0.845513,0.707771,0.447469,0.145259,0.100357,-0.0565774,0.280456,0.32881,0.0822523,0.0322565,0.0798374,0.0999927,0.386049,0.241873,0.151137,-0.10108
0.140998,-0.458367,-0.107678,0.351361,0.387193,0.0259656,-0.153523,0.348025,0.205406,0.342853,0.0636513,1.13394,0.918556,1.04405,0.399123,0.115876,0.0457219,0.593954,0.166411,1.08317,0.36396,0.324323,0.774023,0.14199,0.156606,0.483207,0.342556,0.858278,0.54646,0.552337,0.374854,-0.424859,0.0444706,0.235492,0.524866,1.00792,0.872043,-0.0577655,0.116846,0.263082,0.228649,-0.0543094,0.0330267,0.381788,0.160851,0.0723694,-0.0229746,0.268098,0.520698,0.00522657,-0.00920604,0.34302,0.251124,0.843665,0.708414,0.447344,0.144641,0.1008,-0.0565628,0.280058,0.327696,0.0815704,0.0324833,0.0796616,0.100774,0.385584,0.239307,0.151551,-0.10151
0.141998,-0.456995,-0.108882,0.353259,0.387737,0.0250113,-0.153051,0.34824,0.205141,0.342153,0.0634874,1.13328,0.917652,1.0395,0.400169,0.115823,0.046782,0.592162,0.168147,1.07903,0.363805,0.321858,0.769285,0.143507,0.155014,0.481531,0.342226,0.855212,0.545469,0.552186,0.375125,-0.42384,0.0439286,0.235883,0.524707,1.00519,0.871825,-0.0581549,0.116306,0.263604,0.228911,-0.0537101,0.0329932,0.379486,0.158323,0.0722148,-0.0226713,0.268622,0.521213,0.00520173,-0.0090706,0.340908,0.250007,0.841798,0.709052,0.447286,0.144016,0.101236,-0.0565432,0.279664,0.32657,0.0808845,0.0327126,0.0794809,0.101548,0.385093,0.236755,0.151964,-0.101924
0.142998,-0.455599,-0.110076,0.355157,0.388269,0.0241098,-0.152569,0.34846,0.204867,0.341436,0.0633192,1.13259,0.916707,1.0349,0.401216,0.115777,0.0478438,0.59034,0.169874,1.07484,0.36364,0.319381,0.764505,0.145062,0.153435,0.479866,0.34188,0.852103,0.544455,0.552027,0.375392,-0.422802,0.0433823,0.236272,0.524531,1.0024,0.871562,-0.0585471,0.115767,0.264135,0.229156,-0.0530997,0.0329599,0.377185,0.155785,0.0720606,-0.0223587,0.269144,0.521704,0.00517569,-0.00892829,0.338783,0.248881,0.839914,0.709686,0.447292,0.143386,0.101665,-0.0565185,0.279273,0.325431,0.0801944,0.0329445,0.0792954,0.102315,0.384575,0.234219,0.152376,-0.102321
0.143998,-0.45418,-0.11126,0.357054,0.388787,0.0232646,-0.15208,0.348687,0.204582,0.340703,0.0631466,1.13186,0.915723,1.03024,0.402263,0.115736,0.0489074,0.588486,0.17159,1.07062,0.363465,0.316891,0.759684,0.146653,0.15187,0.478213,0.34152,0.848953,0.543415,0.551862,0.375653,-0.421745,0.0428317,0.236658,0.524338,0.999573,0.871252,-0.0589427,0.11523,0.264674,0.229384,-0.0524782,0.032927,0.374887,0.153236,0.0719069,-0.0220369,0.269663,0.522173,0.00514838,-0.00877904,0.336646,0.247747,0.838011,0.710316,0.447359,0.14275,0.102087,-0.0564887,0.278887,0.324281,0.0795005,0.0331788,0.079105,0.103077,0.384031,0.2317,0.152788,-0.1027
0.144998,-0.452738,-0.112434,0.358951,0.389293,0.0224798,-0.151581,0.348919,0.204287,0.339952,0.0629698,1.13109,0.914698,1.02552,0.40331,0.115702,0.0499725,0.5866,0.173296,1.06636,0.363279,0.314391,0.754823,0.148281,0.15032,0.476572,0.341146,0.845762,0.542352,0.551689,0.375909,-0.42067,0.042277,0.237043,0.524127,0.996691,0.870898,-0.0593425,0.114693,0.265223,0.229593,-0.0518454,0.0328942,0.372591,0.150678,0.0717534,-0.0217055,0.27018,0.522618,0.00511981,-0.00862282,0.334498,0.246604,0.83609,0.710942,0.447489,0.142109,0.102501,-0.0564538,0.278505,0.323118,0.0788026,0.0334153,0.0789098,0.103833,0.38346,0.229198,0.153198,-0.103063
0.145998,-0.451272,-0.113598,0.360847,0.389785,0.0217599,-0.151074,0.349157,0.203981,0.339185,0.0627887,1.13029,0.913632,1.02074,0.404358,0.115675,0.0510392,0.584684,0.174992,1.06205,0.363082,0.311881,0.749922,0.149945,0.148784,0.474945,0.340757,0.84253,0.541264,0.551509,0.37616,-0.419576,0.0417184,0.237426,0.523899,0.993761,0.870498,-0.0597469,0.114156,0.26578,0.229785,-0.0512012,0.0328616,0.370299,0.14811,0.0716002,-0.0213645,0.270695,0.52304,0.00509002,-0.00845958,0.332337,0.245453,0.834152,0.711563,0.447679,0.141461,0.102908,-0.0564138,0.278128,0.321944,0.0781009,0.033654,0.0787098,0.104585,0.382862,0.226714,0.153607,-0.103408
0.146998,-0.449783,-0.114752,0.362741,0.390264,0.0211092,-0.150559,0.349402,0.203665,0.338401,0.0626034,1.12945,0.912526,1.01591,0.405406,0.115654,0.0521074,0.582736,0.176677,1.05771,0.362874,0.309365,0.744981,0.151644,0.147261,0.473331,0.340353,0.839257,0.540152,0.551322,0.376406,-0.418465,0.0411562,0.237806,0.523653,0.990781,0.870052,-0.0601567,0.11362,0.266347,0.229959,-0.0505454,0.0328291,0.368011,0.145534,0.0714469,-0.0210136,0.271207,0.523439,0.0050591,-0.00828926,0.330165,0.244294,0.832197,0.712181,0.44793,0.140809,0.103307,-0.0563686,0.277757,0.320757,0.0773954,0.0338948,0.0785052,0.105333,0.382237,0.22425,0.154016,-0.103736
0.147998,-0.44827,-0.115895,0.364633,0.39073,0.0205311,-0.150035,0.349653,0.203338,0.337601,0.062414,1.12857,0.91138,1.01102,0.406454,0.11564,0.0531769,0.580758,0.178352,1.05333,0.362654,0.306845,0.740002,0.153378,0.145753,0.471733,0.339935,0.835944,0.539017,0.551128,0.376648,-0.417335,0.0405904,0.238184,0.52339,0.987752,0.869562,-0.0605723,0.113085,0.266922,0.230115,-0.0498781,0.0327965,0.365727,0.142949,0.0712935,-0.0206526,0.271716,0.523815,0.00502715,-0.00811185,0.327981,0.243127,0.830226,0.712795,0.448242,0.14015,0.1037,-0.0563183,0.277393,0.319559,0.0766862,0.0341374,0.0782958,0.106077,0.381583,0.221805,0.154423,-0.104046
0.148998,-0.446733,-0.117029,0.366524,0.391182,0.0200279,-0.149503,0.34991,0.202999,0.336784,0.0622205,1.12767,0.910193,1.00607,0.407503,0.115632,0.0542477,0.578748,0.180017,1.0489,0.362424,0.304322,0.734983,0.155147,0.144259,0.47015,0.339503,0.832591,0.537858,0.550927,0.376885,-0.416186,0.0400214,0.23856,0.523109,0.984675,0.869026,-0.0609944,0.112551,0.267507,0.230253,-0.0491989,0.032764,0.363449,0.140357,0.0711395,-0.0202814,0.272222,0.524167,0.00499431,-0.00792729,0.325787,0.241952,0.828238,0.713404,0.448613,0.139487,0.104085,-0.0562627,0.277035,0.318349,0.0759734,0.0343818,0.0780818,0.106818,0.380902,0.21938,0.15483,-0.104339
0.149998,-0.445173,-0.118152,0.368412,0.39162,0.0196004,-0.148962,0.350175,0.202649,0.335951,0.0620231,1.12672,0.908965,1.00106,0.408551,0.115631,0.0553196,0.576708,0.181671,1.04444,0.362182,0.301801,0.729927,0.156948,0.142779,0.468583,0.339056,0.829197,0.536675,0.55072,0.377117,-0.41502,0.0394495,0.238935,0.52281,0.981549,0.868444,-0.0614234,0.112017,0.2681,0.230373,-0.0485077,0.0327312,0.361177,0.137757,0.0709848,-0.0198998,0.272724,0.524497,0.00496072,-0.00773558,0.323582,0.240769,0.826234,0.71401,0.449041,0.138818,0.104463,-0.056202,0.276684,0.317128,0.0752571,0.0346277,0.0778632,0.107556,0.380192,0.216978,0.155236,-0.104614
0.150998,-0.443589,-0.119265,0.370297,0.392044,0.0192477,-0.148414,0.350447,0.202286,0.335101,0.0618217,1.12574,0.907696,0.995999,0.409599,0.115636,0.0563926,0.574636,0.183315,1.03993,0.36193,0.299285,0.724832,0.158783,0.141314,0.467033,0.338595,0.825764,0.535469,0.550506,0.377345,-0.413836,0.0388748,0.239306,0.522494,0.978375,0.867818,-0.0618599,0.111484,0.268703,0.230474,-0.0478044,0.0326984,0.358912,0.135152,0.0708287,-0.0195077,0.273222,0.524802,0.00492649,-0.0075367,0.321367,0.23958,0.824214,0.714613,0.449525,0.138144,0.104834,-0.0561362,0.276342,0.315895,0.0745373,0.0348752,0.07764,0.108291,0.379454,0.214598,0.155641,-0.104872
0.151998,-0.441981,-0.120368,0.372179,0.392455,0.0189679,-0.147857,0.350726,0.201912,0.334236,0.0616166,1.12473,0.906386,0.990881,0.410646,0.115648,0.0574667,0.572534,0.184947,1.03539,0.361666,0.296777,0.719701,0.16065,0.139863,0.4655,0.338119,0.822291,0.53424,0.550285,0.377568,-0.412633,0.0382976,0.239676,0.52216,0.975153,0.867146,-0.0623041,0.110951,0.269314,0.230558,-0.0470889,0.0326652,0.356654,0.13254,0.0706709,-0.019105,0.273715,0.525085,0.00489174,-0.00733063,0.319141,0.238383,0.822179,0.715211,0.450062,0.137465,0.105199,-0.0560651,0.276008,0.314651,0.073814,0.0351238,0.0774122,0.109023,0.378687,0.212241,0.156045,-0.105112
0.152997,-0.44035,-0.121461,0.374058,0.392851,0.0187581,-0.147292,0.351012,0.201525,0.333355,0.0614078,1.12368,0.905035,0.985708,0.411694,0.115666,0.0585416,0.570402,0.18657,1.03081,0.361392,0.294281,0.714533,0.162547,0.138426,0.463986,0.33763,0.818778,0.532988,0.550058,0.377787,-0.411413,0.0377183,0.240044,0.521809,0.971883,0.86643,-0.0627564,0.110419,0.269935,0.230623,-0.0463607,0.0326318,0.354405,0.129923,0.0705109,-0.0186916,0.274203,0.525344,0.00485659,-0.0071174,0.316906,0.237179,0.820129,0.715806,0.45065,0.136781,0.105558,-0.0559889,0.275683,0.313395,0.0730874,0.0353736,0.07718,0.109753,0.37789,0.209909,0.156449,-0.105334
0.153997,-0.438695,-0.122544,0.375933,0.393233,0.0186149,-0.146719,0.351305,0.201125,0.332457,0.0611954,1.12259,0.903643,0.98048,0.412741,0.115689,0.0596174,0.568238,0.188181,1.02619,0.361107,0.291801,0.70933,0.164476,0.137005,0.46249,0.337126,0.815226,0.531713,0.549825,0.378002,-0.410176,0.0371371,0.240409,0.521439,0.968565,0.865668,-0.063217,0.109887,0.270564,0.23067,-0.0456199,0.032598,0.352165,0.127302,0.0703484,-0.0182676,0.274686,0.525579,0.0048211,-0.00689702,0.314661,0.235969,0.818064,0.716397,0.451287,0.136092,0.105911,-0.0559075,0.275367,0.312128,0.0723576,0.0356243,0.0769433,0.11048,0.377064,0.207603,0.156851,-0.105539
0.154997,-0.437016,-0.123617,0.377805,0.393601,0.0185344,-0.146138,0.351606,0.200712,0.331544,0.0609795,1.12147,0.90221,0.975198,0.413788,0.115719,0.0606939,0.566045,0.189782,1.02153,0.360811,0.289339,0.70409,0.166434,0.135598,0.461014,0.336608,0.811635,0.530415,0.549586,0.378212,-0.40892,0.0365542,0.240772,0.521052,0.965201,0.864861,-0.0636861,0.109356,0.271203,0.230699,-0.0448662,0.0325638,0.349934,0.124676,0.0701829,-0.0178331,0.275163,0.525791,0.00478535,-0.00666953,0.312407,0.234752,0.815984,0.716985,0.45197,0.135399,0.106259,-0.0558209,0.275061,0.310851,0.0716246,0.0358757,0.0767022,0.111205,0.376208,0.205323,0.157253,-0.105726
0.155997,-0.435313,-0.12468,0.379672,0.393954,0.0185129,-0.145549,0.351914,0.200285,0.330616,0.0607603,1.12031,0.900736,0.969861,0.414835,0.115753,0.061771,0.563821,0.191372,1.01683,0.360506,0.286894,0.698817,0.16842,0.134207,0.459558,0.336075,0.808006,0.529094,0.549341,0.378419,-0.407648,0.0359698,0.241133,0.520647,0.961789,0.864009,-0.0641636,0.108825,0.27185,0.230709,-0.0440993,0.0325292,0.347715,0.122048,0.0700147,-0.0173882,0.275635,0.52598,0.00474939,-0.00643496,0.310144,0.233529,0.81389,0.71757,0.452697,0.134701,0.106602,-0.0557292,0.274765,0.309562,0.0708885,0.0361277,0.0764567,0.111927,0.375322,0.203071,0.157654,-0.105895
0.156997,-0.433587,-0.125732,0.381534,0.394292,0.0185467,-0.144952,0.35223,0.199845,0.329672,0.0605379,1.11912,0.899221,0.964472,0.415881,0.115793,0.0628487,0.561566,0.192951,1.01209,0.360191,0.284467,0.693509,0.170435,0.13283,0.458123,0.335529,0.804337,0.527752,0.54909,0.378622,-0.406357,0.0353842,0.241492,0.520224,0.958331,0.863112,-0.0646496,0.108295,0.272506,0.230701,-0.0433191,0.032494,0.345507,0.119417,0.0698438,-0.0169332,0.276099,0.526145,0.00471324,-0.00619337,0.307873,0.2323,0.811783,0.71815,0.453466,0.133998,0.10694,-0.0556324,0.274479,0.308262,0.0701494,0.0363799,0.0762069,0.112647,0.374405,0.200847,0.158054,-0.106046
0.157997,-0.431837,-0.126775,0.383392,0.394616,0.0186323,-0.144347,0.352553,0.199391,0.328713,0.0603124,1.1179,0.897664,0.959029,0.416926,0.115837,0.0639269,0.559281,0.19452,1.00732,0.359867,0.282055,0.688167,0.172476,0.131469,0.456709,0.334969,0.80063,0.526386,0.548834,0.378821,-0.40505,0.0347975,0.241849,0.519783,0.954827,0.86217,-0.0651438,0.107765,0.273172,0.230675,-0.0425254,0.0324582,0.343312,0.116784,0.0696709,-0.0164681,0.276557,0.526286,0.00467692,-0.00594483,0.305593,0.231065,0.809662,0.718727,0.454275,0.133291,0.107273,-0.0555304,0.274204,0.306952,0.0694073,0.0366323,0.0759528,0.113364,0.373457,0.198654,0.158453,-0.106179
0.158997,-0.430063,-0.127808,0.385245,0.394925,0.0187668,-0.143734,0.352883,0.198923,0.327739,0.060084,1.11664,0.896066,0.953534,0.417972,0.115886,0.0650054,0.556967,0.196078,1.00251,0.359533,0.279655,0.682793,0.174543,0.130123,0.455316,0.334394,0.796885,0.524999,0.548572,0.379017,-0.403725,0.0342099,0.242203,0.519324,0.951276,0.861182,-0.0656459,0.107236,0.273847,0.23063,-0.041718,0.0324218,0.341131,0.114151,0.0694963,-0.0159933,0.277008,0.526403,0.00464047,-0.00568942,0.303306,0.229825,0.807528,0.719301,0.455121,0.132581,0.107602,-0.0554233,0.27394,0.305631,0.0686623,0.0368846,0.0756944,0.114078,0.372478,0.196492,0.158851,-0.106295
0.159997,-0.428265,-0.12883,0.387092,0.395218,0.0189477,-0.143114,0.353221,0.198441,0.326749,0.0598528,1.11534,0.894428,0.947987,0.419016,0.115938,0.0660843,0.554621,0.197624,0.997659,0.359191,0.277263,0.677386,0.176636,0.128792,0.453945,0.333806,0.793101,0.52359,0.548304,0.379209,-0.402384,0.0336214,0.242555,0.518847,0.947679,0.860149,-0.0661555,0.106707,0.274531,0.230567,-0.0408968,0.0323848,0.338964,0.111518,0.0693208,-0.0155089,0.277452,0.526497,0.0046039,-0.0054272,0.301011,0.22858,0.805381,0.719872,0.456004,0.131866,0.107928,-0.0553112,0.273687,0.3043,0.0679146,0.0371365,0.0754318,0.11479,0.371468,0.194363,0.159249,-0.106393
0.160997,-0.426443,-0.129843,0.388934,0.395497,0.0191727,-0.142486,0.353565,0.197944,0.325745,0.0596189,1.11401,0.892748,0.942389,0.42006,0.115994,0.0671634,0.552246,0.19916,0.992773,0.35884,0.274879,0.671949,0.178752,0.127476,0.452597,0.333203,0.789279,0.522158,0.548031,0.379398,-0.401025,0.0330323,0.242904,0.518352,0.944036,0.859071,-0.0666721,0.106178,0.275224,0.230486,-0.0400618,0.032347,0.336813,0.108885,0.0691449,-0.0150152,0.277888,0.526568,0.00456724,-0.00515826,0.298709,0.22733,0.803222,0.720438,0.45692,0.131147,0.108251,-0.055194,0.273445,0.302958,0.0671641,0.0373879,0.075165,0.1155,0.370426,0.192267,0.159645,-0.106474
0.161997,-0.424597,-0.130846,0.39077,0.395761,0.0194401,-0.141851,0.353917,0.197432,0.324726,0.0593825,1.11264,0.891026,0.936739,0.421104,0.116054,0.0682426,0.549841,0.200686,0.98785,0.358481,0.2725,0.66648,0.180891,0.126176,0.451272,0.332587,0.785419,0.520705,0.547753,0.379584,-0.399649,0.0324426,0.243252,0.517839,0.940348,0.857947,-0.0671948,0.10565,0.275927,0.230386,-0.0392129,0.0323085,0.334678,0.106254,0.0689691,-0.0145124,0.278317,0.526614,0.00453055,-0.00488269,0.296401,0.226075,0.80105,0.721002,0.457867,0.130425,0.10857,-0.0550718,0.273213,0.301606,0.066411,0.0376384,0.0748941,0.116206,0.369352,0.190207,0.160041,-0.106537
0.162997,-0.422728,-0.131839,0.3926,0.396009,0.0197485,-0.141208,0.354276,0.196905,0.323692,0.0591438,1.11124,0.889264,0.931039,0.422146,0.116117,0.0693219,0.547406,0.2022,0.982891,0.358114,0.270127,0.660982,0.183053,0.124891,0.449971,0.331957,0.781521,0.51923,0.54747,0.379767,-0.398257,0.0318523,0.243597,0.517308,0.936615,0.856777,-0.0677228,0.105122,0.276639,0.230268,-0.0383503,0.0322692,0.33256,0.103625,0.068794,-0.0140007,0.278737,0.526637,0.00449388,-0.00460056,0.294086,0.224816,0.798866,0.721562,0.458844,0.129699,0.108886,-0.0549446,0.272994,0.300245,0.0656553,0.0378879,0.0746191,0.116911,0.368246,0.188184,0.160436,-0.106582
0.163997,-0.420834,-0.132821,0.394423,0.396242,0.0200968,-0.140557,0.354641,0.196363,0.322644,0.0589029,1.10981,0.887461,0.925289,0.423188,0.116182,0.0704013,0.544941,0.203704,0.977895,0.357738,0.26776,0.655455,0.185236,0.123622,0.448694,0.331313,0.777586,0.517734,0.547182,0.379947,-0.396848,0.0312616,0.243939,0.516759,0.932837,0.855562,-0.0682549,0.104594,0.277362,0.230131,-0.0374739,0.032229,0.330462,0.101,0.0686198,-0.0134804,0.27915,0.526636,0.00445728,-0.00431196,0.291766,0.223553,0.796671,0.722118,0.459848,0.128969,0.1092,-0.0548124,0.272787,0.298873,0.0648972,0.0381361,0.07434,0.117613,0.367107,0.186198,0.160831,-0.106611
0.164997,-0.418916,-0.133795,0.39624,0.396459,0.0204841,-0.1399,0.355012,0.195805,0.321582,0.0586599,1.10834,0.885617,0.919489,0.424229,0.11625,0.0714806,0.542445,0.205196,0.972864,0.357354,0.265399,0.6499,0.18744,0.122368,0.447441,0.330655,0.773613,0.516215,0.54689,0.380125,-0.395422,0.0306705,0.244279,0.516192,0.929014,0.8543,-0.0687899,0.104067,0.278095,0.229977,-0.0365839,0.0321879,0.328383,0.0983797,0.0684468,-0.0129518,0.279554,0.526611,0.00442084,-0.00401694,0.289441,0.222286,0.794465,0.722671,0.460878,0.128237,0.109512,-0.0546754,0.272592,0.297492,0.0641366,0.0383827,0.0740569,0.118313,0.365936,0.184252,0.161224,-0.106622
0.165997,-0.416974,-0.134758,0.39805,0.396661,0.0209101,-0.139234,0.355389,0.195232,0.320505,0.0584151,1.10684,0.883731,0.91364,0.425269,0.11632,0.07256,0.53992,0.206678,0.967798,0.356961,0.263047,0.644318,0.189663,0.121131,0.446212,0.329983,0.769602,0.514676,0.546592,0.380301,-0.39398,0.0300791,0.244617,0.515606,0.925147,0.852992,-0.0693262,0.10354,0.278838,0.229803,-0.0356806,0.0321459,0.326325,0.0957645,0.0682751,-0.0124151,0.27995,0.526562,0.00438462,-0.00371557,0.28711,0.221015,0.792248,0.723221,0.461932,0.127501,0.109822,-0.0545335,0.272409,0.296101,0.0633737,0.0386274,0.0737699,0.119011,0.364733,0.182347,0.161617,-0.106617
0.166997,-0.415008,-0.135711,0.399854,0.396847,0.0213742,-0.138562,0.355773,0.194644,0.319414,0.0581685,1.1053,0.881805,0.907743,0.426308,0.116392,0.0736393,0.537365,0.208149,0.962697,0.35656,0.260705,0.638709,0.191905,0.119909,0.445009,0.329298,0.765554,0.513115,0.546291,0.380474,-0.392522,0.0294877,0.244952,0.515003,0.921236,0.851638,-0.0698621,0.103013,0.279592,0.229612,-0.0347642,0.0321029,0.324288,0.0931556,0.0681048,-0.0118705,0.280337,0.526489,0.0043487,-0.00340787,0.284775,0.219741,0.79002,0.723767,0.463008,0.126763,0.11013,-0.0543867,0.272241,0.294702,0.0626085,0.0388701,0.0734789,0.119707,0.363496,0.180485,0.162009,-0.106596
0.167997,-0.413018,-0.136655,0.40165,0.397017,0.0218763,-0.137883,0.356161,0.19404,0.318309,0.0579204,1.10373,0.879839,0.901798,0.427346,0.116466,0.0747185,0.53478,0.209609,0.957562,0.356149,0.258374,0.633075,0.194165,0.118704,0.443831,0.328599,0.761469,0.511533,0.545985,0.380646,-0.391048,0.0288962,0.245285,0.514381,0.917281,0.850237,-0.0703956,0.102487,0.280357,0.229402,-0.0338349,0.0320589,0.322275,0.0905541,0.0679358,-0.0113185,0.280715,0.526393,0.00431314,-0.00309386,0.282437,0.218465,0.787782,0.724309,0.464105,0.126022,0.110436,-0.0542352,0.272086,0.293293,0.0618411,0.0391104,0.073184,0.120401,0.362227,0.178668,0.162401,-0.106558
0.168997,-0.411003,-0.137588,0.403438,0.397171,0.0224159,-0.137196,0.356555,0.193421,0.31719,0.0576709,1.10212,0.877831,0.895805,0.428382,0.116541,0.0757976,0.532164,0.211058,0.952393,0.355729,0.256055,0.627416,0.196442,0.117515,0.442679,0.327886,0.757347,0.509929,0.545676,0.380816,-0.389557,0.028305,0.245615,0.513742,0.913282,0.848789,-0.0709247,0.101961,0.281134,0.229173,-0.0328927,0.0320139,0.320285,0.0879611,0.0677681,-0.0107592,0.281085,0.526272,0.00427801,-0.00277353,0.280095,0.217185,0.785534,0.724848,0.465221,0.125278,0.11074,-0.0540788,0.271946,0.291875,0.0610717,0.039348,0.0728853,0.121094,0.360924,0.176896,0.162791,-0.106504
0.169997,-0.408964,-0.138513,0.405219,0.39731,0.0229924,-0.136503,0.356954,0.192786,0.316057,0.0574202,1.10048,0.875783,0.889765,0.429417,0.116617,0.0768767,0.529519,0.212497,0.947191,0.355299,0.253747,0.621735,0.198736,0.116344,0.441553,0.327159,0.753187,0.508305,0.545362,0.380985,-0.388051,0.0277144,0.245943,0.513084,0.909239,0.847294,-0.0714474,0.101435,0.281922,0.228927,-0.0319379,0.0319678,0.31832,0.0853777,0.0676019,-0.0101929,0.281445,0.526128,0.00424337,-0.00244687,0.27775,0.215904,0.783276,0.725383,0.466355,0.124533,0.111043,-0.0539178,0.271819,0.290449,0.0603001,0.0395827,0.0725827,0.121785,0.359589,0.175171,0.163181,-0.106435
0.170997,-0.406901,-0.139427,0.406992,0.397432,0.0236052,-0.135802,0.357357,0.192135,0.314911,0.0571685,1.09881,0.873695,0.883679,0.430451,0.116694,0.0779558,0.526844,0.213924,0.941957,0.35486,0.25145,0.616031,0.201046,0.115191,0.440454,0.326419,0.748991,0.506659,0.545045,0.381153,-0.386529,0.0271245,0.246269,0.512408,0.905154,0.845752,-0.0719616,0.10091,0.282722,0.228662,-0.0309703,0.0319206,0.316381,0.0828049,0.0674373,-0.00961991,0.281797,0.525959,0.00420927,-0.0021138,0.275404,0.21462,0.78101,0.725915,0.467506,0.123785,0.111345,-0.053752,0.271707,0.289014,0.0595266,0.0398143,0.0722764,0.122475,0.358221,0.173496,0.16357,-0.106351
0.171997,-0.404813,-0.140331,0.408757,0.397539,0.0242531,-0.135095,0.357764,0.191469,0.313751,0.0569158,1.09711,0.871566,0.877547,0.431482,0.116772,0.0790349,0.524138,0.215341,0.936691,0.35441,0.249162,0.610306,0.20337,0.114057,0.439382,0.325665,0.744758,0.504993,0.544725,0.381319,-0.384991,0.0265358,0.246592,0.511714,0.901025,0.844162,-0.0724658,0.100385,0.283535,0.228379,-0.0299897,0.0318723,0.314469,0.080244,0.0672747,-0.00904035,0.282139,0.525766,0.00417576,-0.00177426,0.273056,0.213335,0.778734,0.726443,0.468673,0.123036,0.111645,-0.0535816,0.271609,0.28757,0.0587512,0.0400425,0.0719664,0.123163,0.356819,0.171872,0.163959,-0.106252
0.172997,-0.402701,-0.141226,0.410513,0.397629,0.0249348,-0.134381,0.358174,0.190787,0.312578,0.0566623,1.09537,0.869397,0.87137,0.432512,0.116851,0.0801141,0.521402,0.216747,0.931394,0.35395,0.246881,0.604561,0.205709,0.112942,0.438337,0.324897,0.740488,0.503305,0.544401,0.381486,-0.383438,0.0259486,0.246913,0.511002,0.896854,0.842524,-0.0729588,0.0998604,0.284361,0.228078,-0.0289958,0.0318228,0.312585,0.0776961,0.0671145,-0.0084545,0.282471,0.525549,0.00414287,-0.00142815,0.270706,0.212048,0.77645,0.726967,0.469854,0.122284,0.111944,-0.0534065,0.271526,0.286119,0.0579739,0.040267,0.0716527,0.123849,0.355385,0.1703,0.164346,-0.106138
0.173997,-0.400564,-0.142112,0.412262,0.397703,0.0256489,-0.13366,0.358588,0.19009,0.311391,0.0564081,1.0936,0.867188,0.865148,0.43354,0.116931,0.0811933,0.518635,0.218141,0.926068,0.35348,0.244607,0.598797,0.208062,0.111849,0.43732,0.324116,0.736181,0.501597,0.544074,0.381652,-0.381869,0.0253634,0.247231,0.510272,0.89264,0.840838,-0.0734401,0.0993363,0.285199,0.227759,-0.027988,0.0317721,0.310729,0.0751624,0.066957,-0.00786253,0.282794,0.525309,0.00411065,-0.00107533,0.268357,0.21076,0.774157,0.727487,0.471048,0.121532,0.112241,-0.0532267,0.271456,0.28466,0.0571948,0.0404877,0.0713354,0.124534,0.353918,0.168783,0.164734,-0.10601
0.174997,-0.398402,-0.142988,0.414001,0.39776,0.0263937,-0.132933,0.359005,0.189377,0.310191,0.0561534,1.09179,0.864939,0.858881,0.434566,0.117011,0.0822725,0.515838,0.219525,0.920714,0.352998,0.242338,0.593015,0.210428,0.110777,0.436331,0.323322,0.731837,0.499868,0.543745,0.381818,-0.380285,0.0247806,0.247547,0.509523,0.888384,0.839104,-0.0739101,0.0988126,0.286051,0.227421,-0.0269655,0.0317202,0.308902,0.0726442,0.0668029,-0.00726464,0.283108,0.525043,0.00407914,-0.000715681,0.266008,0.209472,0.771857,0.728003,0.472255,0.120778,0.112536,-0.0530423,0.2714,0.283194,0.0564139,0.0407044,0.0710145,0.125218,0.352418,0.167322,0.16512,-0.105869
0.175997,-0.396216,-0.143854,0.415732,0.397802,0.0271675,-0.132199,0.359424,0.188649,0.308978,0.0558983,1.08996,0.862651,0.852571,0.435589,0.117092,0.0833519,0.51301,0.220898,0.915333,0.352505,0.240074,0.587217,0.212806,0.109728,0.435371,0.322513,0.727457,0.498119,0.543413,0.381984,-0.378686,0.0242006,0.247861,0.508757,0.884086,0.837322,-0.0743697,0.0982894,0.286916,0.227066,-0.0259277,0.0316671,0.307105,0.0701427,0.0666523,-0.00666096,0.283411,0.524754,0.00404838,-0.000349039,0.263659,0.208183,0.769549,0.728515,0.473473,0.120024,0.11283,-0.0528532,0.271358,0.28172,0.0556314,0.0409169,0.07069,0.1259,0.350885,0.165918,0.165506,-0.105715
0.176997,-0.394004,-0.14471,0.417454,0.397826,0.0279685,-0.131458,0.359845,0.187906,0.307752,0.0556427,1.08809,0.860323,0.846218,0.43661,0.117174,0.0844314,0.510152,0.22226,0.909928,0.352001,0.237814,0.581403,0.215196,0.108704,0.434441,0.321691,0.723041,0.496349,0.543079,0.382151,-0.377072,0.023624,0.248172,0.507973,0.879746,0.83549,-0.0748203,0.0977667,0.287795,0.226692,-0.024874,0.0316127,0.305339,0.0676592,0.0665054,-0.00605163,0.283705,0.52444,0.00401841,2.47581e-05,0.261312,0.206894,0.767234,0.729024,0.474701,0.119269,0.113122,-0.0526596,0.27133,0.280239,0.0548472,0.041125,0.0703621,0.12658,0.349319,0.164574,0.165891,-0.105547
0.177997,-0.391768,-0.145557,0.419166,0.397835,0.0287953,-0.130712,0.360268,0.187149,0.306513,0.0553867,1.08619,0.857956,0.839822,0.437629,0.117255,0.085511,0.507262,0.223611,0.9045,0.351486,0.235558,0.575575,0.217598,0.107705,0.43354,0.320856,0.718587,0.494559,0.542743,0.382318,-0.375443,0.0230514,0.248481,0.50717,0.875365,0.83361,-0.0752636,0.0972445,0.288687,0.226301,-0.0238039,0.0315571,0.303604,0.065195,0.0663619,-0.00543677,0.283988,0.524102,0.00398927,0.000405883,0.258967,0.205605,0.764912,0.729528,0.475939,0.118513,0.113413,-0.0524612,0.271316,0.278752,0.0540615,0.0413287,0.0700307,0.127258,0.347721,0.163291,0.166276,-0.105367
0.178997,-0.389506,-0.146395,0.42087,0.397826,0.0296462,-0.129959,0.360692,0.186376,0.305261,0.0551305,1.08426,0.85555,0.833384,0.438645,0.117338,0.0865905,0.504341,0.224951,0.899052,0.350958,0.233306,0.569734,0.22001,0.106735,0.43267,0.320007,0.714098,0.492748,0.542406,0.382487,-0.3738,0.0224835,0.248788,0.50635,0.870942,0.831681,-0.0757014,0.0967229,0.289592,0.225892,-0.0227175,0.0315001,0.3019,0.0627516,0.0662214,-0.00481644,0.284262,0.52374,0.003961,0.000794517,0.256625,0.204317,0.762584,0.730027,0.477186,0.117758,0.113701,-0.0522583,0.271318,0.277258,0.0532742,0.0415278,0.0696959,0.127935,0.346089,0.16207,0.16666,-0.105175
0.179997,-0.387219,-0.147223,0.422563,0.397802,0.0305198,-0.1292,0.361117,0.185588,0.303997,0.0548738,1.08229,0.853105,0.826904,0.439658,0.11742,0.08767,0.501389,0.22628,0.893586,0.350419,0.231057,0.563882,0.222432,0.105793,0.431831,0.319145,0.709571,0.490918,0.542067,0.382657,-0.372142,0.0219214,0.249093,0.505512,0.866477,0.829702,-0.0761352,0.096202,0.290511,0.225465,-0.0216154,0.0314419,0.300228,0.0603301,0.0660834,-0.0041907,0.284525,0.523353,0.00393362,0.00119084,0.254287,0.20303,0.76025,0.730523,0.47844,0.117003,0.113986,-0.0520507,0.271337,0.275758,0.0524854,0.0417222,0.0693577,0.12861,0.344425,0.160914,0.167044,-0.104971
0.180997,-0.384907,-0.148042,0.424248,0.39776,0.0314148,-0.128435,0.361542,0.184786,0.302719,0.0546167,1.0803,0.850621,0.820384,0.440669,0.117504,0.0887494,0.498405,0.227598,0.888107,0.349868,0.228813,0.558019,0.224863,0.104883,0.431023,0.318269,0.705009,0.489067,0.541727,0.382829,-0.37047,0.0213663,0.249396,0.504656,0.861972,0.827674,-0.0765661,0.0956817,0.291443,0.22502,-0.0204987,0.0313823,0.298589,0.0579321,0.0659475,-0.00355958,0.284778,0.522942,0.00390715,0.00159505,0.251953,0.201744,0.75791,0.731014,0.479703,0.116248,0.11427,-0.0518385,0.271372,0.274253,0.0516952,0.0419119,0.0690163,0.129283,0.342727,0.159823,0.167427,-0.104755
0.181997,-0.38257,-0.148851,0.425922,0.397702,0.03233,-0.127664,0.361968,0.18397,0.301429,0.0543591,1.07828,0.848099,0.813823,0.441677,0.117587,0.0898285,0.495389,0.228905,0.882617,0.349305,0.226573,0.552147,0.227303,0.104006,0.430248,0.31738,0.700409,0.487197,0.541386,0.383003,-0.368783,0.0208195,0.249697,0.503782,0.857426,0.825598,-0.076995,0.0951621,0.292388,0.224557,-0.0193694,0.0313214,0.296982,0.0555589,0.0658134,-0.00292307,0.28502,0.522506,0.00388161,0.00200733,0.249624,0.200459,0.755564,0.731501,0.480972,0.115494,0.11455,-0.0516216,0.271424,0.272742,0.0509036,0.0420968,0.0686715,0.129953,0.340997,0.158799,0.16781,-0.104528
0.182997,-0.380206,-0.149651,0.427587,0.397627,0.0332644,-0.126887,0.362393,0.183139,0.300126,0.0541009,1.07622,0.845539,0.807222,0.442682,0.117671,0.0909073,0.492342,0.230202,0.877121,0.34873,0.224338,0.546266,0.229752,0.103163,0.429506,0.316478,0.695774,0.485307,0.541045,0.38318,-0.367082,0.0202825,0.249996,0.502891,0.85284,0.823472,-0.0774224,0.0946433,0.293345,0.224077,-0.0182294,0.0312591,0.295408,0.0532121,0.0656808,-0.00228114,0.285252,0.522046,0.00385699,0.00242789,0.247302,0.199177,0.753214,0.731982,0.482248,0.114741,0.114828,-0.0514002,0.271496,0.271226,0.0501106,0.0422767,0.0683236,0.130622,0.339233,0.157844,0.168192,-0.10429
0.183997,-0.377817,-0.150442,0.429241,0.397536,0.0342171,-0.126105,0.362817,0.182295,0.298811,0.053842,1.07413,0.842941,0.800583,0.443684,0.117756,0.0919855,0.489262,0.231487,0.871621,0.348143,0.222109,0.540378,0.232209,0.102356,0.428798,0.315563,0.691101,0.483397,0.540704,0.38336,-0.365367,0.0197567,0.250293,0.501982,0.848212,0.821297,-0.0778482,0.0941253,0.294314,0.223579,-0.0170812,0.0311954,0.293868,0.0508929,0.0655495,-0.00163371,0.285473,0.521561,0.00383325,0.00285691,0.244986,0.197897,0.750859,0.73246,0.483531,0.113989,0.115103,-0.0511742,0.271587,0.269705,0.0493162,0.0424516,0.0679725,0.131287,0.337436,0.156959,0.168574,-0.104042
0.184997,-0.375402,-0.151223,0.430886,0.397427,0.0351872,-0.125316,0.363241,0.181436,0.297483,0.0535821,1.07202,0.840306,0.793905,0.444683,0.11784,0.0930631,0.486149,0.232762,0.866121,0.347544,0.219887,0.534484,0.234673,0.101586,0.428124,0.314634,0.686393,0.481468,0.540363,0.383542,-0.363639,0.0192431,0.250589,0.501056,0.843545,0.819073,-0.0782722,0.0936083,0.295295,0.223063,-0.0159272,0.0311304,0.292361,0.048603,0.0654193,-0.000980749,0.285683,0.521052,0.00381031,0.00329459,0.242679,0.19662,0.7485,0.732932,0.48482,0.113239,0.115375,-0.0509436,0.271698,0.268181,0.0485206,0.0426212,0.0676183,0.131951,0.335604,0.156145,0.168955,-0.103783
0.185997,-0.37296,-0.151995,0.43252,0.397302,0.036174,-0.124523,0.363663,0.180563,0.296143,0.0533211,1.06987,0.837633,0.787189,0.44568,0.117925,0.0941398,0.483005,0.234026,0.860622,0.346932,0.217673,0.528584,0.237144,0.100855,0.427486,0.313692,0.681648,0.47952,0.540023,0.383728,-0.361897,0.0187423,0.250883,0.500112,0.838838,0.816801,-0.078694,0.0930922,0.296287,0.22253,-0.0147697,0.031064,0.290889,0.0463437,0.0652901,-0.000322224,0.285883,0.520517,0.00378807,0.00374115,0.240381,0.195346,0.746137,0.7334,0.486117,0.112491,0.115643,-0.0507085,0.271831,0.266653,0.0477237,0.0427855,0.0672611,0.132611,0.333739,0.155403,0.169336,-0.103514
0.186997,-0.370493,-0.152758,0.434143,0.39716,0.0371767,-0.123724,0.364083,0.179677,0.29479,0.0530588,1.0677,0.834923,0.780437,0.446673,0.11801,0.0952155,0.479827,0.23528,0.855125,0.346308,0.21547,0.52268,0.239621,0.100164,0.426884,0.312738,0.676866,0.477554,0.539684,0.383918,-0.360141,0.0182549,0.251175,0.49915,0.83409,0.81448,-0.0791127,0.0925772,0.297288,0.22198,-0.0136107,0.0309961,0.289452,0.0441168,0.0651618,0.000341785,0.286071,0.519958,0.00376637,0.00419677,0.238094,0.194076,0.743771,0.733862,0.48742,0.111745,0.115908,-0.0504689,0.271986,0.265121,0.0469256,0.0429441,0.0669009,0.133269,0.331839,0.154734,0.169717,-0.103235
0.187997,-0.367999,-0.153512,0.435756,0.397001,0.0381949,-0.122919,0.364502,0.178778,0.293424,0.052795,1.0655,0.832177,0.773647,0.447664,0.118094,0.09629,0.476616,0.236523,0.84963,0.345673,0.213281,0.516773,0.242104,0.0995144,0.42632,0.31177,0.672048,0.475568,0.539346,0.384112,-0.358372,0.0177809,0.251466,0.498172,0.829303,0.812112,-0.0795276,0.0920634,0.298299,0.221412,-0.0124519,0.0309269,0.28805,0.0419235,0.0650345,0.00101107,0.286249,0.519374,0.00374505,0.00466165,0.23582,0.192809,0.741402,0.734319,0.488731,0.111001,0.11617,-0.0502249,0.272163,0.263587,0.0461263,0.0430968,0.0665377,0.133924,0.329903,0.15414,0.170097,-0.102947
0.188997,-0.365478,-0.154256,0.437359,0.396825,0.039228,-0.122109,0.364918,0.177865,0.292046,0.0525295,1.06327,0.829395,0.766822,0.448653,0.118179,0.0973631,0.473373,0.237756,0.844138,0.345025,0.211108,0.510863,0.244592,0.0989065,0.425793,0.310789,0.667193,0.473565,0.539011,0.38431,-0.35659,0.0173201,0.251756,0.497176,0.824476,0.809695,-0.0799375,0.0915507,0.299318,0.220827,-0.0112948,0.0308563,0.286684,0.0397656,0.0649081,0.00168528,0.286415,0.518766,0.00372388,0.00513598,0.23356,0.191548,0.739031,0.734771,0.490049,0.11026,0.116428,-0.0499764,0.272364,0.262051,0.0453258,0.0432431,0.0661717,0.134577,0.327931,0.15362,0.170478,-0.10265
0.189997,-0.36293,-0.154991,0.43895,0.396632,0.0402756,-0.121295,0.365332,0.176939,0.290656,0.0522621,1.06101,0.826576,0.759962,0.449638,0.118263,0.0984346,0.470096,0.238978,0.838648,0.344365,0.208953,0.504952,0.247086,0.0983413,0.425305,0.309796,0.662301,0.471543,0.538678,0.384513,-0.354794,0.0168723,0.252044,0.496164,0.81961,0.807232,-0.0803414,0.0910394,0.300344,0.220224,-0.0101402,0.0307842,0.285355,0.0376445,0.0647826,0.00236395,0.28657,0.518132,0.00370267,0.00561995,0.231315,0.190291,0.736657,0.735218,0.491377,0.109521,0.116682,-0.0497235,0.272589,0.260513,0.0445242,0.0433827,0.0658028,0.135226,0.325923,0.153177,0.170858,-0.102343
0.190997,-0.360355,-0.155718,0.440531,0.396422,0.0413372,-0.120475,0.365743,0.176,0.289253,0.0519926,1.05872,0.823723,0.753068,0.450621,0.118347,0.0995041,0.466786,0.24019,0.833159,0.343694,0.206816,0.499039,0.249584,0.0978197,0.424857,0.30879,0.657373,0.469504,0.538347,0.384722,-0.352985,0.0164374,0.252331,0.495134,0.814705,0.804722,-0.0807381,0.0905294,0.301376,0.219605,-0.0089889,0.0307108,0.284065,0.035562,0.0646578,0.00304657,0.286713,0.517473,0.0036812,0.00611371,0.229087,0.189039,0.734282,0.73566,0.492713,0.108786,0.116933,-0.0494663,0.272838,0.258974,0.0437215,0.0435149,0.0654312,0.135872,0.323876,0.15281,0.171238,-0.102027
0.191997,-0.357753,-0.156435,0.442101,0.396196,0.0424124,-0.119651,0.366151,0.175048,0.287837,0.0517209,1.05641,0.820834,0.74614,0.451601,0.118429,0.100571,0.463443,0.241391,0.827672,0.343011,0.204695,0.493126,0.252086,0.0973425,0.424448,0.307772,0.652408,0.467447,0.53802,0.384935,-0.351162,0.016015,0.252617,0.494088,0.80976,0.802165,-0.0811264,0.090021,0.302413,0.218968,-0.00784115,0.0306359,0.282814,0.0335195,0.064534,0.00373261,0.286845,0.516789,0.00365925,0.00661743,0.226878,0.187794,0.731906,0.736095,0.494059,0.108053,0.11718,-0.0492048,0.273113,0.257435,0.0429177,0.0436391,0.0650569,0.136515,0.321791,0.152521,0.171617,-0.101703
0.192997,-0.355123,-0.157143,0.443659,0.395952,0.043501,-0.118821,0.366557,0.174084,0.286409,0.0514469,1.05406,0.81791,0.739179,0.452579,0.118511,0.101636,0.460066,0.242583,0.822186,0.342318,0.202587,0.487214,0.254592,0.0969106,0.42408,0.306741,0.647406,0.465373,0.537697,0.385155,-0.349326,0.015605,0.252903,0.493025,0.804777,0.799564,-0.0815052,0.0895141,0.303454,0.218314,-0.00669699,0.0305595,0.281604,0.0315187,0.0644109,0.00442153,0.286965,0.51608,0.00363663,0.00713124,0.22469,0.186555,0.729529,0.736525,0.495416,0.107325,0.117423,-0.048939,0.273412,0.255897,0.0421129,0.0437545,0.0646799,0.137155,0.319664,0.152309,0.171997,-0.10137
0.193997,-0.352465,-0.157842,0.445206,0.395691,0.0446026,-0.117988,0.366958,0.173107,0.284968,0.0511705,1.0517,0.814952,0.732186,0.453554,0.118591,0.102698,0.456656,0.243765,0.816702,0.341613,0.200486,0.481302,0.257102,0.0965247,0.423753,0.305698,0.642367,0.463283,0.537378,0.38538,-0.347477,0.0152072,0.253187,0.491946,0.799755,0.796917,-0.0818734,0.089009,0.304496,0.217643,-0.00555617,0.0304818,0.280437,0.0295613,0.0642887,0.00511285,0.287074,0.515346,0.00361316,0.00765527,0.222537,0.185324,0.727151,0.73695,0.496785,0.106599,0.117663,-0.0486688,0.273737,0.25436,0.041307,0.0438603,0.0643004,0.137791,0.317496,0.152175,0.172377,-0.101029
0.194997,-0.349779,-0.158532,0.446742,0.395414,0.0457169,-0.117149,0.367356,0.172118,0.283514,0.0508916,1.0493,0.81196,0.725162,0.454527,0.11867,0.103757,0.453213,0.244936,0.811221,0.340899,0.19839,0.475393,0.259615,0.0961856,0.423468,0.304643,0.637291,0.461176,0.537064,0.385612,-0.345613,0.0148215,0.253471,0.49085,0.794694,0.794226,-0.0822299,0.0885056,0.30554,0.216956,-0.00441819,0.0304026,0.279315,0.027649,0.0641674,0.00580608,0.287171,0.514587,0.00358869,0.00818963,0.220435,0.1841,0.724774,0.737368,0.498166,0.105877,0.117899,-0.0483943,0.274086,0.252824,0.0405001,0.0439556,0.0639183,0.138425,0.315284,0.152119,0.172756,-0.10068
0.195997,-0.347065,-0.159213,0.448267,0.395119,0.0468435,-0.116307,0.367751,0.171116,0.282047,0.0506103,1.04688,0.808934,0.718108,0.455498,0.118747,0.104812,0.449736,0.246098,0.805742,0.340174,0.196297,0.469485,0.262131,0.0958941,0.423224,0.303576,0.632177,0.459053,0.536754,0.385851,-0.343736,0.0144477,0.253754,0.489737,0.789594,0.791492,-0.0825738,0.0880042,0.306583,0.216251,-0.00328237,0.030322,0.278239,0.0257834,0.0640468,0.00650079,0.287257,0.513803,0.00356306,0.00873444,0.218364,0.182885,0.722398,0.73778,0.49956,0.10516,0.118132,-0.0481156,0.27446,0.251292,0.0396923,0.0440394,0.0635338,0.139055,0.313025,0.152143,0.173136,-0.100323
0.196997,-0.344321,-0.159885,0.44978,0.394808,0.0479823,-0.11546,0.368141,0.170102,0.280567,0.0503268,1.04444,0.805876,0.711023,0.456466,0.118822,0.105862,0.446226,0.24725,0.800265,0.339441,0.194207,0.463581,0.264649,0.0956509,0.423022,0.302498,0.627026,0.456915,0.536451,0.386097,-0.341845,0.0140859,0.254037,0.488609,0.784457,0.788716,-0.0829042,0.0875048,0.307624,0.21553,-0.00214781,0.0302399,0.277213,0.0239664,0.0639271,0.00719659,0.28733,0.512993,0.00353613,0.00928979,0.21632,0.181678,0.720023,0.738187,0.500969,0.104446,0.118361,-0.0478324,0.274859,0.249763,0.0388836,0.0441109,0.063147,0.139682,0.310719,0.152246,0.173515,-0.0999582
0.197997,-0.341549,-0.160548,0.451282,0.394479,0.0491328,-0.11461,0.368527,0.169077,0.279074,0.0500412,1.04197,0.802785,0.70391,0.457432,0.118894,0.106908,0.442682,0.248393,0.794793,0.338698,0.192123,0.457681,0.267169,0.0954569,0.422862,0.301407,0.621838,0.454761,0.536153,0.38635,-0.339939,0.0137359,0.25432,0.487464,0.779281,0.785898,-0.0832204,0.0870076,0.30866,0.214792,-0.00101349,0.0301564,0.276238,0.0221997,0.0638083,0.0078931,0.287391,0.512158,0.00350778,0.00985579,0.214303,0.180482,0.71765,0.738587,0.502392,0.103736,0.118587,-0.0475449,0.275282,0.248239,0.0380739,0.0441694,0.0627578,0.140306,0.30836,0.152428,0.173895,-0.0995854
0.198997,-0.338748,-0.161202,0.452771,0.394133,0.0502948,-0.113755,0.368909,0.168039,0.277567,0.0497536,1.03947,0.799662,0.696769,0.458396,0.118962,0.107949,0.439105,0.249526,0.789323,0.337949,0.190051,0.451785,0.269691,0.0953128,0.422745,0.300305,0.616612,0.452593,0.535863,0.38661,-0.338018,0.0133978,0.254602,0.486302,0.774067,0.78304,-0.0835216,0.0865127,0.309692,0.214038,0.000121742,0.0300715,0.275317,0.0204852,0.0636903,0.00858997,0.287441,0.511298,0.0034779,0.0104326,0.212315,0.179296,0.715279,0.738981,0.503833,0.10303,0.118809,-0.0472529,0.275729,0.24672,0.0372634,0.0442143,0.0623664,0.140926,0.305948,0.15269,0.174275,-0.0992049
0.199997,-0.335917,-0.161848,0.45425,0.393771,0.051468,-0.112897,0.369287,0.16699,0.276046,0.0494644,1.03696,0.796507,0.689601,0.459358,0.119028,0.108984,0.435494,0.250649,0.783858,0.337192,0.187998,0.445895,0.272216,0.0952196,0.422669,0.299192,0.611348,0.45041,0.535579,0.386879,-0.336082,0.0130716,0.254885,0.485125,0.768815,0.780142,-0.0838074,0.0860202,0.310716,0.213267,0.00125912,0.0299851,0.274453,0.0188247,0.0635731,0.00928686,0.287478,0.510412,0.0034464,0.0110202,0.210358,0.178122,0.712911,0.739369,0.50529,0.102329,0.119027,-0.0469564,0.276202,0.245207,0.036452,0.0442456,0.0619729,0.141544,0.303476,0.153033,0.174655,-0.0988167
0.200997,-0.333056,-0.162484,0.455716,0.393392,0.0526521,-0.112035,0.36966,0.16593,0.27451,0.0491739,1.03441,0.793322,0.682406,0.460317,0.119088,0.110012,0.431849,0.251763,0.778396,0.336429,0.185966,0.44001,0.274742,0.0951784,0.422636,0.298068,0.606046,0.448213,0.535303,0.387156,-0.334131,0.0127573,0.255167,0.483931,0.763525,0.777207,-0.0840773,0.0855303,0.311731,0.212479,0.00239996,0.0298972,0.273649,0.0172202,0.0634567,0.00998345,0.287503,0.509501,0.00341316,0.0116189,0.208434,0.17696,0.710546,0.73975,0.506766,0.101632,0.119242,-0.0466552,0.276699,0.243701,0.0356399,0.0442635,0.0615773,0.142158,0.300943,0.153456,0.175035,-0.0984207
0.201997,-0.330165,-0.163112,0.45717,0.392995,0.0538466,-0.11117,0.370028,0.164859,0.272961,0.0488826,1.03185,0.790106,0.675185,0.461275,0.119144,0.111033,0.42817,0.252868,0.772937,0.335661,0.183955,0.434133,0.277269,0.0951907,0.422645,0.296933,0.600705,0.446003,0.535036,0.387441,-0.332162,0.0124551,0.255449,0.482721,0.758198,0.774234,-0.0843309,0.085043,0.312737,0.211675,0.00354558,0.029808,0.272907,0.0156737,0.0633412,0.0106794,0.287516,0.508565,0.00337811,0.0122287,0.206545,0.175811,0.708185,0.740124,0.508261,0.100941,0.119453,-0.0463493,0.277222,0.242203,0.0348269,0.0442685,0.0611798,0.142769,0.298342,0.153961,0.175416,-0.0980168
0.202997,-0.327243,-0.163731,0.458613,0.392582,0.0550513,-0.110302,0.370392,0.163777,0.271396,0.0485907,1.02926,0.78686,0.667939,0.46223,0.119194,0.112047,0.424457,0.253963,0.767482,0.334889,0.181958,0.428264,0.279797,0.0952583,0.422697,0.295788,0.595326,0.443779,0.534777,0.387735,-0.330177,0.0121648,0.255732,0.481495,0.752833,0.771226,-0.0845678,0.0845585,0.31373,0.210855,0.00469732,0.0297172,0.272229,0.0141873,0.0632265,0.0113743,0.287517,0.507604,0.00334116,0.0128499,0.204695,0.174676,0.705829,0.740492,0.509776,0.100254,0.119659,-0.0460386,0.277771,0.240714,0.0340133,0.0442614,0.0607803,0.143376,0.295669,0.154548,0.175796,-0.0976046
0.203997,-0.32429,-0.164341,0.460043,0.392152,0.0562659,-0.10943,0.37075,0.162684,0.269816,0.0482988,1.02665,0.783585,0.660669,0.463183,0.119238,0.113051,0.420709,0.255048,0.76203,0.334113,0.17997,0.422404,0.282327,0.0953834,0.422792,0.294632,0.589909,0.441542,0.534527,0.388038,-0.328174,0.0118868,0.256015,0.480252,0.747431,0.768185,-0.0847879,0.084077,0.314709,0.210018,0.00585649,0.029625,0.271618,0.0127629,0.0631126,0.0120679,0.287505,0.506617,0.00330224,0.0134825,0.202885,0.173556,0.703477,0.740853,0.511313,0.0995721,0.119863,-0.045723,0.278346,0.239236,0.0331989,0.0442432,0.0603791,0.143981,0.292917,0.155218,0.176177,-0.0971837
0.204997,-0.321306,-0.164943,0.461461,0.391705,0.0574898,-0.108556,0.371103,0.161581,0.268219,0.0480074,1.02402,0.780282,0.653375,0.464133,0.119275,0.114045,0.416925,0.256125,0.75658,0.333333,0.177985,0.416555,0.284858,0.0955684,0.422929,0.293465,0.584452,0.439293,0.534286,0.38835,-0.326152,0.0116209,0.256299,0.478994,0.741991,0.765112,-0.0849909,0.0835986,0.315673,0.209165,0.00702433,0.0295314,0.271077,0.0114029,0.0629996,0.0127597,0.287481,0.505604,0.00326127,0.0141268,0.201118,0.172452,0.701131,0.741208,0.51287,0.0988962,0.120062,-0.0454024,0.278949,0.237769,0.0323839,0.044215,0.0599761,0.144582,0.29008,0.155972,0.176558,-0.0967531
0.205997,-0.31829,-0.165535,0.462867,0.391241,0.0587228,-0.107679,0.37145,0.160469,0.266606,0.047717,1.02136,0.77695,0.646058,0.465081,0.119304,0.115029,0.413105,0.257192,0.751133,0.332551,0.176001,0.410717,0.28739,0.095816,0.423109,0.292289,0.578956,0.437032,0.534056,0.388672,-0.324111,0.0113675,0.256583,0.477718,0.736515,0.762008,-0.0851768,0.0831234,0.316621,0.208296,0.00820202,0.0294363,0.270608,0.0101094,0.0628873,0.0134492,0.287444,0.504567,0.0032182,0.0147828,0.199397,0.171366,0.698791,0.741555,0.51445,0.0982265,0.120259,-0.0450766,0.279579,0.236314,0.0315683,0.0441781,0.0595715,0.145181,0.28715,0.15681,0.17694,-0.0963115
0.206997,-0.315242,-0.166119,0.464261,0.39076,0.0599644,-0.106799,0.371792,0.159347,0.264975,0.0474282,1.01869,0.773591,0.63872,0.466027,0.119326,0.116002,0.409249,0.258249,0.745689,0.331765,0.174016,0.404893,0.289923,0.0961289,0.423333,0.291103,0.573421,0.434759,0.533837,0.389003,-0.322049,0.0111266,0.256868,0.476427,0.731001,0.758877,-0.0853454,0.0826515,0.317551,0.207411,0.0093906,0.0293398,0.270211,0.00888474,0.0627758,0.0141361,0.287395,0.503504,0.00317296,0.0154506,0.197724,0.170297,0.696457,0.741895,0.516053,0.0975635,0.120453,-0.0447456,0.280238,0.234873,0.0307522,0.0441334,0.0591654,0.145776,0.28412,0.157735,0.177322,-0.0958562
0.207997,-0.312162,-0.166694,0.465642,0.390262,0.0612143,-0.105918,0.372127,0.158216,0.263325,0.0471414,1.016,0.770206,0.631359,0.466969,0.119339,0.116962,0.405355,0.259297,0.740247,0.330975,0.172028,0.399085,0.292457,0.0965094,0.4236,0.289907,0.567846,0.432474,0.533628,0.389345,-0.319966,0.0108984,0.257154,0.475119,0.725451,0.75572,-0.0854967,0.0821832,0.318461,0.20651,0.010591,0.0292418,0.26989,0.00773123,0.0626651,0.0148198,0.287334,0.502416,0.00312549,0.0161304,0.196102,0.169248,0.694131,0.742229,0.517678,0.0969081,0.120644,-0.0444092,0.280926,0.233447,0.0299355,0.0440821,0.0587579,0.146367,0.28098,0.158747,0.177704,-0.0953833
0.208997,-0.309049,-0.167261,0.467012,0.389748,0.062472,-0.105034,0.372456,0.157077,0.261656,0.0468573,1.01328,0.766795,0.623979,0.467909,0.119343,0.117908,0.401423,0.260335,0.734808,0.330182,0.170036,0.393294,0.294991,0.0969596,0.423911,0.288702,0.562232,0.430178,0.533431,0.389697,-0.317862,0.0106831,0.257441,0.473795,0.719863,0.752539,-0.0856306,0.0817185,0.319351,0.205593,0.0118041,0.0291423,0.269646,0.00665129,0.0625551,0.0154998,0.28726,0.501302,0.00307575,0.016822,0.194534,0.168219,0.691813,0.742555,0.519327,0.0962609,0.120833,-0.0440674,0.281643,0.232036,0.0291184,0.0440251,0.058349,0.146956,0.277723,0.159849,0.178086,-0.0948865
0.209997,-0.305903,-0.167819,0.468368,0.389217,0.0637372,-0.104148,0.372779,0.15593,0.259966,0.0465764,1.01055,0.763358,0.616578,0.468846,0.119338,0.118842,0.397453,0.261363,0.729371,0.329385,0.168041,0.387523,0.297527,0.0974807,0.424266,0.287488,0.556579,0.427871,0.533245,0.390059,-0.315734,0.0104808,0.257729,0.472454,0.71424,0.749337,-0.0857471,0.0812575,0.320218,0.20466,0.0130303,0.0290414,0.269479,0.00564736,0.0624458,0.0161758,0.287173,0.500164,0.00302369,0.0175254,0.193022,0.167211,0.689502,0.742874,0.520998,0.0956227,0.12102,-0.04372,0.282389,0.230643,0.0283009,0.0439633,0.057939,0.147541,0.274338,0.161042,0.178469,-0.0943572
0.210997,-0.302723,-0.168368,0.469712,0.388669,0.0650094,-0.10326,0.373094,0.154776,0.258254,0.0462993,1.00779,0.759898,0.609158,0.469779,0.119324,0.119761,0.393443,0.262382,0.723938,0.328584,0.166041,0.381774,0.300064,0.0980732,0.424666,0.286264,0.550885,0.425553,0.533072,0.390432,-0.313584,0.0102918,0.258017,0.471097,0.70858,0.746117,-0.0858461,0.0808004,0.321063,0.203711,0.0142703,0.028939,0.269391,0.00472194,0.0623372,0.0168471,0.287073,0.499,0.00296926,0.0182403,0.191566,0.166226,0.687201,0.743186,0.522692,0.0949939,0.121206,-0.0433669,0.283165,0.229268,0.027483,0.0438974,0.0575279,0.148123,0.270818,0.162329,0.178852,-0.0937878
0.211997,-0.29951,-0.168909,0.471044,0.388105,0.0662882,-0.102371,0.373402,0.153617,0.256517,0.0460264,1.00502,0.756414,0.60172,0.470709,0.1193,0.120667,0.389392,0.26339,0.718509,0.327778,0.164038,0.376051,0.302601,0.0987367,0.425111,0.285032,0.545153,0.423225,0.532911,0.390816,-0.31141,0.0101163,0.258307,0.469723,0.702883,0.74288,-0.0859276,0.0803472,0.321884,0.202747,0.0155244,0.0288352,0.269382,0.00387754,0.0622292,0.0175133,0.286961,0.497811,0.00291244,0.0189663,0.19015,0.165265,0.684909,0.743491,0.524409,0.0943746,0.121391,-0.0430081,0.283971,0.227911,0.0266648,0.0438281,0.0571159,0.148701,0.267152,0.16371,0.179236,-0.0931767
0.212996,-0.296262,-0.169441,0.472363,0.387524,0.0675733,-0.10148,0.373701,0.152452,0.254754,0.0457584,1.00223,0.752907,0.594265,0.471635,0.119268,0.121559,0.385301,0.264388,0.713085,0.326966,0.162035,0.370357,0.30514,0.0994703,0.425601,0.283791,0.539381,0.420886,0.532763,0.391211,-0.309214,0.00995444,0.258599,0.468333,0.697151,0.739631,-0.0859913,0.0798982,0.322679,0.201767,0.0167927,0.0287298,0.269453,0.00311667,0.0621218,0.0181738,0.286836,0.496597,0.00285317,0.0197031,0.188764,0.164328,0.682628,0.743788,0.526148,0.0937646,0.121576,-0.0426434,0.284807,0.226575,0.0258464,0.0437559,0.056703,0.149277,0.263334,0.16519,0.17962,-0.09253
0.213996,-0.29298,-0.169964,0.47367,0.386927,0.0688643,-0.100588,0.373993,0.151285,0.252963,0.0454956,0.999418,0.749378,0.586794,0.472557,0.119226,0.122438,0.381167,0.265376,0.707667,0.32615,0.160034,0.364697,0.30768,0.100273,0.426136,0.282542,0.53357,0.418537,0.532629,0.391618,-0.306995,0.00980653,0.258892,0.466927,0.691382,0.736372,-0.0860371,0.0794534,0.323448,0.200771,0.0180753,0.028623,0.269604,0.00244185,0.062015,0.0188282,0.286698,0.495358,0.00279143,0.02045,0.187436,0.163417,0.680357,0.744077,0.52791,0.0931637,0.121761,-0.0422727,0.285673,0.22526,0.0250278,0.0436815,0.0562895,0.149848,0.259356,0.166769,0.180004,-0.0918565
0.214996,-0.289663,-0.170479,0.474963,0.386313,0.0701606,-0.0996947,0.374274,0.150115,0.251141,0.0452385,0.996592,0.745829,0.579308,0.473474,0.119174,0.123304,0.376991,0.266353,0.702256,0.325328,0.15804,0.359075,0.310221,0.101143,0.426718,0.281285,0.52772,0.416178,0.532507,0.392036,-0.304754,0.00967278,0.259186,0.465504,0.685577,0.733106,-0.0860647,0.0790129,0.324189,0.19976,0.0193723,0.0285148,0.269835,0.00185555,0.0619086,0.019476,0.286548,0.494094,0.00272719,0.0212062,0.186178,0.162533,0.678097,0.744359,0.529694,0.0925716,0.121946,-0.041896,0.286568,0.223967,0.0242092,0.0436052,0.0558754,0.150416,0.255212,0.168452,0.180388,-0.0911638
0.215996,-0.286311,-0.170985,0.476244,0.385682,0.0714621,-0.0988007,0.374546,0.148944,0.249286,0.0449876,0.993748,0.742259,0.571807,0.474387,0.119113,0.124158,0.37277,0.267319,0.696853,0.3245,0.156058,0.353496,0.312764,0.10208,0.427346,0.280019,0.521832,0.413809,0.5324,0.392466,-0.30249,0.00955345,0.259482,0.464065,0.679737,0.729837,-0.0860737,0.0785767,0.324902,0.198733,0.0206835,0.0284051,0.270148,0.0013602,0.0618026,0.0201164,0.286385,0.492805,0.00266042,0.0219712,0.184998,0.161676,0.675849,0.744634,0.531499,0.091988,0.122131,-0.0415132,0.287492,0.222698,0.0233905,0.0435275,0.0554608,0.150981,0.250896,0.170239,0.180773,-0.0904569
0.216996,-0.282923,-0.171483,0.477513,0.385036,0.0727682,-0.097906,0.374807,0.147775,0.247393,0.0447433,0.990888,0.738671,0.564294,0.475295,0.119044,0.125001,0.368504,0.268274,0.691459,0.323667,0.154096,0.347966,0.315307,0.103083,0.42802,0.278746,0.515906,0.41143,0.532306,0.392908,-0.300205,0.00944876,0.25978,0.462611,0.673861,0.726566,-0.0860634,0.078145,0.325586,0.19769,0.0220089,0.0282939,0.27054,0.000958125,0.061697,0.0207491,0.286209,0.491491,0.0025911,0.022744,0.183904,0.160847,0.673614,0.744901,0.533326,0.091413,0.122318,-0.0411242,0.288445,0.221453,0.0225719,0.0434487,0.055046,0.151542,0.246405,0.172135,0.181158,-0.0897392
0.217996,-0.2795,-0.171972,0.478768,0.384373,0.0740785,-0.0970109,0.375057,0.146609,0.24546,0.0445059,0.988011,0.735064,0.556769,0.476197,0.118965,0.125832,0.364192,0.269217,0.686076,0.322826,0.152157,0.342493,0.317853,0.10415,0.428741,0.277465,0.509942,0.409042,0.532226,0.393363,-0.297899,0.00935893,0.26008,0.46114,0.667949,0.723298,-0.0860331,0.0777178,0.326239,0.196633,0.0233486,0.0281812,0.271013,0.000651588,0.0615918,0.0213733,0.28602,0.490153,0.00251919,0.0235238,0.182903,0.160047,0.671391,0.74516,0.535175,0.0908463,0.122505,-0.0407288,0.289425,0.220234,0.0217534,0.0433691,0.0546311,0.152099,0.241735,0.17414,0.181542,-0.0890127
0.218996,-0.276041,-0.172452,0.48001,0.383693,0.0753928,-0.0961153,0.375293,0.14545,0.243482,0.0442757,0.985119,0.731441,0.549233,0.477094,0.118878,0.126651,0.359831,0.270149,0.680706,0.32198,0.150249,0.337084,0.3204,0.105281,0.42951,0.276176,0.50394,0.406643,0.532161,0.393829,-0.295572,0.00928417,0.260382,0.459653,0.662002,0.720035,-0.0859814,0.0772952,0.326861,0.19556,0.0247024,0.0280671,0.271567,0.000442747,0.0614868,0.0219884,0.285819,0.488789,0.00244469,0.0243099,0.181995,0.159277,0.669183,0.745411,0.537045,0.0902881,0.122693,-0.0403271,0.290433,0.219043,0.0209352,0.043289,0.0542162,0.152653,0.236882,0.176258,0.181927,-0.0882789
0.219996,-0.272546,-0.172924,0.48124,0.382998,0.0767106,-0.0952196,0.375516,0.144299,0.241456,0.044053,0.982211,0.727802,0.541689,0.477984,0.118782,0.12746,0.355421,0.271069,0.67535,0.321125,0.148372,0.331746,0.322948,0.106477,0.430326,0.27488,0.497901,0.404236,0.53211,0.394309,-0.293224,0.00922467,0.260685,0.458151,0.656019,0.716781,-0.0859069,0.0768771,0.327451,0.194472,0.0260704,0.0279515,0.272201,0.000333674,0.061382,0.0225938,0.285604,0.487402,0.00236757,0.0251014,0.181195,0.158536,0.666988,0.745655,0.538937,0.0897383,0.122883,-0.0399189,0.291466,0.21788,0.0201172,0.0432086,0.0538014,0.153202,0.231846,0.17849,0.182312,-0.0875386
0.220996,-0.269014,-0.173387,0.482457,0.382286,0.0780315,-0.0943238,0.375723,0.14316,0.239377,0.043838,0.979288,0.724149,0.534138,0.478868,0.118678,0.128258,0.350959,0.271976,0.67001,0.320264,0.14653,0.326489,0.325498,0.107737,0.431191,0.273576,0.491826,0.401819,0.532073,0.394801,-0.290854,0.00918057,0.260991,0.456633,0.650001,0.713539,-0.0858072,0.0764637,0.328008,0.193368,0.0274529,0.0278345,0.272915,0.000326364,0.0612774,0.0231887,0.285377,0.485989,0.00228781,0.0258977,0.180534,0.157827,0.664809,0.74589,0.54085,0.0891972,0.123074,-0.0395041,0.292525,0.216747,0.0192998,0.0431281,0.053387,0.153748,0.226623,0.180839,0.182697,-0.0867925
0.221996,-0.265446,-0.173842,0.48366,0.381559,0.0793553,-0.0934282,0.375913,0.142036,0.23724,0.0436308,0.97635,0.720482,0.52658,0.479745,0.118566,0.129044,0.346444,0.27287,0.664687,0.319394,0.144722,0.321318,0.328051,0.109063,0.432104,0.272265,0.485714,0.399393,0.532051,0.395307,-0.288464,0.00915202,0.2613,0.455099,0.643948,0.710311,-0.0856797,0.0760548,0.328531,0.19225,0.0288501,0.0277161,0.273709,0.000422743,0.0611729,0.0237726,0.285138,0.484552,0.0022054,0.0266979,0.179989,0.157148,0.662644,0.746118,0.542785,0.0886649,0.123268,-0.0390827,0.293607,0.215646,0.0184828,0.0430476,0.0529731,0.154291,0.221212,0.183305,0.183081,-0.0860411
0.222996,-0.261842,-0.174288,0.484851,0.380815,0.0806815,-0.0925329,0.376085,0.140932,0.235042,0.0434315,0.973398,0.716803,0.519019,0.480615,0.118446,0.129819,0.341874,0.273752,0.659385,0.318517,0.142949,0.316241,0.330605,0.110454,0.433067,0.270947,0.479566,0.396959,0.532044,0.395826,-0.286051,0.00913907,0.26161,0.453551,0.637859,0.707099,-0.0855208,0.0756506,0.329021,0.191116,0.0302623,0.0275962,0.274584,0.000624678,0.0610686,0.024345,0.284885,0.483091,0.00212033,0.0275015,0.179537,0.156501,0.660496,0.746338,0.544742,0.0881415,0.123463,-0.0386547,0.294713,0.214578,0.0176665,0.0429674,0.0525598,0.154829,0.215612,0.18589,0.183464,-0.0852849
0.223996,-0.258201,-0.174726,0.486028,0.380056,0.0820099,-0.091638,0.376237,0.13985,0.232777,0.0432403,0.970432,0.713113,0.511454,0.481477,0.11832,0.130581,0.337247,0.274619,0.654105,0.317631,0.141212,0.311266,0.333161,0.111913,0.43408,0.269623,0.473382,0.394516,0.53205,0.396358,-0.283617,0.00914178,0.261924,0.451987,0.631736,0.703907,-0.0853269,0.075251,0.329476,0.189968,0.0316899,0.027475,0.275539,0.000933964,0.0609643,0.024906,0.28462,0.481605,0.00203258,0.0283081,0.179166,0.155886,0.658365,0.74655,0.546722,0.0876274,0.12366,-0.0382199,0.295842,0.213545,0.016851,0.0428874,0.0521473,0.155363,0.209822,0.188595,0.183847,-0.084524
0.224996,-0.254523,-0.175154,0.487193,0.379281,0.08334,-0.0907437,0.376367,0.138796,0.230443,0.043057,0.967452,0.709413,0.503889,0.482331,0.118187,0.13133,0.332563,0.275474,0.64885,0.316736,0.139513,0.306397,0.335719,0.11344,0.435144,0.268291,0.467162,0.392066,0.532072,0.396904,-0.28116,0.00916013,0.26224,0.450409,0.625577,0.700737,-0.0850942,0.0748559,0.329898,0.188804,0.0331332,0.0273523,0.276575,0.00135231,0.06086,0.0254555,0.284342,0.480095,0.00194214,0.0291171,0.178877,0.155304,0.656251,0.746754,0.548723,0.0871229,0.12386,-0.0377783,0.296992,0.212546,0.0160363,0.0428077,0.0517357,0.155894,0.203841,0.191418,0.184229,-0.0837589
0.225996,-0.250809,-0.175575,0.488344,0.37849,0.0846715,-0.0898502,0.376474,0.137773,0.228035,0.0428818,0.964459,0.705705,0.496325,0.483176,0.118048,0.132066,0.32782,0.276313,0.643621,0.315834,0.137854,0.301642,0.338279,0.115034,0.436259,0.266952,0.460907,0.38961,0.532107,0.397464,-0.278678,0.00919406,0.262559,0.448816,0.619383,0.69759,-0.0848198,0.0744653,0.330286,0.187626,0.0345926,0.0272283,0.277693,0.00188129,0.0607557,0.0259942,0.284051,0.478561,0.001849,0.0299281,0.178676,0.154755,0.654155,0.746949,0.550747,0.0866286,0.124063,-0.0373299,0.298161,0.211583,0.0152227,0.0427285,0.0513253,0.15642,0.197668,0.19436,0.18461,-0.0829896
0.226996,-0.247058,-0.175986,0.489482,0.377683,0.0860042,-0.0889575,0.376554,0.136785,0.22555,0.0427147,0.961453,0.701991,0.488764,0.484012,0.117904,0.132786,0.323019,0.277139,0.638421,0.314924,0.136243,0.297009,0.340841,0.116695,0.437427,0.265607,0.454616,0.387147,0.532157,0.398037,-0.276169,0.00924347,0.262881,0.447209,0.613154,0.694469,-0.0845021,0.0740791,0.330641,0.186433,0.0360683,0.027103,0.278892,0.0025223,0.0606513,0.0265225,0.283748,0.477003,0.00175316,0.0307406,0.17857,0.15424,0.652077,0.747137,0.552793,0.0861452,0.124269,-0.0368746,0.299341,0.210657,0.0144103,0.0426496,0.0509161,0.156943,0.191303,0.197419,0.18499,-0.0822163
0.227996,-0.243271,-0.176389,0.490606,0.376862,0.0873377,-0.0880658,0.376607,0.135837,0.222987,0.0425556,0.958434,0.698271,0.481207,0.484839,0.117755,0.133489,0.318158,0.277949,0.633252,0.314008,0.134686,0.292502,0.343405,0.11842,0.438649,0.264256,0.44829,0.384679,0.532221,0.398625,-0.273629,0.00930821,0.263206,0.445588,0.60689,0.691375,-0.0841406,0.0736972,0.330964,0.185226,0.0375605,0.0269763,0.280173,0.00327649,0.0605469,0.0270415,0.283432,0.47542,0.00165462,0.0315541,0.178564,0.15376,0.650019,0.747317,0.554863,0.0856736,0.124478,-0.0364123,0.300524,0.209768,0.0135992,0.0425711,0.0505082,0.157461,0.184749,0.200594,0.185367,-0.0814393
0.228996,-0.239448,-0.176784,0.491718,0.376025,0.0886717,-0.0871753,0.37663,0.134933,0.220343,0.0424046,0.955403,0.694548,0.473657,0.485657,0.117601,0.134175,0.313238,0.278744,0.628114,0.313085,0.133197,0.288129,0.345971,0.120208,0.439926,0.262898,0.441928,0.382206,0.532299,0.399227,-0.271054,0.00938807,0.263534,0.443954,0.60059,0.68831,-0.0837358,0.0733195,0.331255,0.184004,0.0390693,0.0268483,0.281537,0.00414471,0.0604423,0.0275516,0.283104,0.473814,0.00155337,0.0323681,0.178653,0.153316,0.64798,0.747488,0.556955,0.0852151,0.12469,-0.0359431,0.301722,0.208917,0.0127896,0.042493,0.0501019,0.157976,0.178007,0.203882,0.185743,-0.0806587
0.229996,-0.235588,-0.177169,0.492816,0.375172,0.090006,-0.0862861,0.376622,0.134075,0.217618,0.0422617,0.95236,0.690822,0.466115,0.486464,0.117443,0.134841,0.308259,0.279522,0.623008,0.312159,0.131788,0.283892,0.34854,0.122056,0.44126,0.261535,0.43553,0.379731,0.532392,0.399844,-0.268437,0.00948282,0.263866,0.442306,0.594255,0.685274,-0.0832881,0.072946,0.331517,0.182767,0.0405944,0.0267191,0.282984,0.00512741,0.0603375,0.0280535,0.282763,0.472184,0.00144942,0.0331826,0.178836,0.15291,0.645961,0.747651,0.55907,0.0847717,0.124905,-0.035467,0.302943,0.208104,0.0119817,0.0424152,0.0496973,0.158487,0.171081,0.207281,0.186116,-0.0798745
0.230996,-0.231694,-0.177547,0.493901,0.374305,0.0913402,-0.0853984,0.376582,0.133267,0.214809,0.0421271,0.949306,0.687095,0.458584,0.48726,0.11728,0.135485,0.303223,0.280285,0.617935,0.31123,0.130474,0.279793,0.35111,0.12396,0.442652,0.260165,0.429097,0.377255,0.532498,0.400475,-0.265772,0.00959219,0.264202,0.440645,0.587884,0.682268,-0.0827977,0.0725764,0.331749,0.181516,0.0421355,0.0265888,0.284513,0.00622458,0.0602324,0.028547,0.28241,0.47053,0.00134276,0.0339983,0.179114,0.152542,0.643963,0.747806,0.561207,0.0843461,0.125124,-0.0349839,0.304189,0.207329,0.0111756,0.0423378,0.0492944,0.158994,0.163978,0.210787,0.186486,-0.079087
0.231996,-0.227763,-0.177915,0.494972,0.373422,0.0926742,-0.0845123,0.376508,0.132512,0.211918,0.0420009,0.946239,0.68337,0.451064,0.488046,0.117113,0.136107,0.298131,0.281031,0.612895,0.3103,0.129265,0.275831,0.353681,0.125918,0.444103,0.258791,0.422628,0.374778,0.532618,0.401121,-0.263054,0.00971589,0.264543,0.438971,0.581477,0.679294,-0.0822647,0.0722108,0.331953,0.180251,0.0436922,0.0264572,0.286124,0.0074357,0.060127,0.0290319,0.282044,0.468852,0.00123341,0.0348163,0.179489,0.152215,0.641987,0.747953,0.563367,0.0839417,0.125346,-0.0344939,0.305456,0.206595,0.0103716,0.0422609,0.0488935,0.159496,0.156704,0.214396,0.186852,-0.0782962
0.232996,-0.223799,-0.178274,0.49603,0.372525,0.0940075,-0.083628,0.3764,0.131812,0.208944,0.0418835,0.943162,0.679648,0.443558,0.48882,0.11694,0.136703,0.292984,0.28176,0.607887,0.30937,0.128161,0.272004,0.356255,0.127926,0.445615,0.25741,0.416123,0.372301,0.532751,0.401782,-0.260278,0.00985359,0.26489,0.437286,0.575035,0.676351,-0.0816894,0.0718488,0.33213,0.178971,0.0452636,0.0263245,0.287818,0.00875972,0.0600211,0.0295073,0.281667,0.46715,0.00112136,0.0356379,0.179966,0.151931,0.640033,0.748091,0.56555,0.0835605,0.125572,-0.0339969,0.306742,0.2059,0.0095699,0.0421844,0.0484946,0.159995,0.14927,0.218105,0.187214,-0.0775022
0.233996,-0.2198,-0.178625,0.497075,0.371613,0.0953401,-0.0827457,0.376259,0.131167,0.205889,0.0417752,0.940074,0.67593,0.436067,0.489583,0.116762,0.137272,0.287785,0.282471,0.602912,0.308442,0.127153,0.268312,0.35883,0.129981,0.44719,0.256025,0.409583,0.369828,0.532899,0.402457,-0.257435,0.010005,0.265246,0.435588,0.568555,0.673441,-0.0810724,0.0714904,0.332282,0.177678,0.0468487,0.0261908,0.289593,0.0101951,0.0599147,0.0299718,0.281277,0.465425,0.00100663,0.0364641,0.180544,0.151692,0.638102,0.748222,0.567755,0.0832016,0.1258,-0.0334929,0.308043,0.205246,0.00877068,0.0421087,0.0480979,0.16049,0.141685,0.221909,0.18757,-0.0767052
0.234996,-0.215768,-0.178968,0.498106,0.370687,0.0966717,-0.0818655,0.376083,0.13058,0.202755,0.0416765,0.936975,0.672218,0.428594,0.490334,0.116577,0.137814,0.282535,0.283165,0.597969,0.307515,0.126231,0.264755,0.361406,0.132081,0.448828,0.254635,0.403007,0.367358,0.533059,0.403148,-0.254519,0.0101697,0.265613,0.433879,0.562039,0.670563,-0.0804155,0.0711355,0.332409,0.17637,0.0484465,0.0260561,0.291448,0.0117397,0.0598077,0.0304245,0.280875,0.463676,0.000889233,0.037295,0.181218,0.151501,0.636194,0.748344,0.569983,0.0828628,0.126032,-0.032982,0.309355,0.204634,0.00797421,0.0420338,0.0477035,0.160981,0.133963,0.225805,0.187921,-0.0759052
0.235996,-0.211705,-0.179301,0.499123,0.369746,0.098002,-0.0809877,0.375874,0.13005,0.199546,0.0415878,0.933865,0.668514,0.42114,0.491072,0.116385,0.138326,0.277235,0.28384,0.593061,0.306589,0.125385,0.261336,0.363984,0.134222,0.450532,0.253241,0.396396,0.364894,0.533234,0.403853,-0.25152,0.0103475,0.265995,0.432158,0.555485,0.667719,-0.0797211,0.0707838,0.332512,0.175048,0.0500553,0.0259204,0.293383,0.0133914,0.0596999,0.0308646,0.280462,0.461903,0.000769178,0.0381306,0.181986,0.15136,0.63431,0.748457,0.572232,0.0825418,0.126266,-0.0324642,0.310677,0.204063,0.00718074,0.0419602,0.0473115,0.161467,0.126119,0.229788,0.188264,-0.0751023
0.236996,-0.20761,-0.179625,0.500127,0.368791,0.0993309,-0.0801124,0.375633,0.129576,0.196264,0.0415098,0.930746,0.664821,0.413706,0.491798,0.116185,0.138809,0.271887,0.284496,0.588186,0.305663,0.124607,0.258058,0.366562,0.136402,0.452302,0.251843,0.38975,0.362437,0.533421,0.404573,-0.248429,0.010538,0.266394,0.430427,0.548893,0.664907,-0.078992,0.0704352,0.332593,0.173713,0.0516735,0.0257839,0.295395,0.0151477,0.0595912,0.0312924,0.280037,0.460107,0.000646482,0.0389705,0.18284,0.151273,0.63245,0.748562,0.574502,0.0822369,0.126502,-0.0319394,0.312008,0.203533,0.00639056,0.0418881,0.0469221,0.16195,0.118168,0.233855,0.188599,-0.0742966
0.237996,-0.203486,-0.179941,0.501117,0.367822,0.100658,-0.0792399,0.375362,0.129157,0.192915,0.041443,0.927616,0.661139,0.406295,0.49251,0.115977,0.139263,0.266493,0.285134,0.583347,0.304735,0.123891,0.254931,0.369141,0.138619,0.454139,0.250442,0.383069,0.35999,0.533623,0.405309,-0.245242,0.0107409,0.266807,0.428685,0.542262,0.662129,-0.0782307,0.0700897,0.332652,0.172363,0.053299,0.0256466,0.297483,0.0170064,0.0594816,0.0317088,0.279601,0.458287,0.000521162,0.0398143,0.183772,0.151242,0.630615,0.748659,0.576793,0.0819463,0.126741,-0.0314076,0.313346,0.203043,0.00560397,0.0418181,0.0465354,0.162429,0.110127,0.238001,0.188924,-0.0734881
0.238996,-0.199334,-0.180248,0.502094,0.366839,0.101983,-0.0783704,0.375062,0.128791,0.189505,0.0413884,0.924477,0.65747,0.398908,0.49321,0.11576,0.139688,0.261053,0.285752,0.578543,0.303803,0.123233,0.251967,0.371721,0.14087,0.456045,0.249037,0.376355,0.357553,0.533838,0.406059,-0.241963,0.010956,0.26723,0.426932,0.535591,0.659384,-0.0774394,0.0697469,0.33269,0.171001,0.0549295,0.0255086,0.299646,0.0189657,0.0593709,0.0321151,0.279155,0.456445,0.000393237,0.0406616,0.18477,0.151271,0.628806,0.748748,0.579104,0.0816688,0.126982,-0.0308689,0.314689,0.202592,0.00482127,0.0417506,0.0461516,0.162903,0.102014,0.242223,0.189238,-0.0726771
0.239996,-0.195156,-0.180546,0.503057,0.365843,0.103307,-0.0775042,0.374736,0.128475,0.186038,0.0413465,0.921328,0.653818,0.391547,0.493895,0.115534,0.140083,0.255568,0.286351,0.573777,0.302866,0.122629,0.249178,0.374301,0.143154,0.458021,0.24763,0.369608,0.355129,0.534066,0.406824,-0.238605,0.011183,0.267661,0.425169,0.528879,0.656672,-0.0766193,0.0694068,0.332708,0.169624,0.0565621,0.02537,0.30188,0.0210243,0.0592589,0.0325124,0.278702,0.454579,0.000262727,0.041512,0.18582,0.151361,0.627023,0.748828,0.581436,0.0814034,0.127224,-0.0303233,0.316037,0.20218,0.00404283,0.0416861,0.045771,0.163373,0.0938461,0.246519,0.189538,-0.0718634
0.240996,-0.190954,-0.180835,0.504006,0.364833,0.104628,-0.0766415,0.374386,0.128204,0.182521,0.0413183,0.91817,0.650182,0.384214,0.494567,0.115298,0.140449,0.25004,0.28693,0.569047,0.301922,0.122078,0.24658,0.376882,0.145469,0.460066,0.246222,0.36283,0.35272,0.534309,0.407605,-0.235179,0.0114218,0.268097,0.423396,0.522125,0.653994,-0.0757701,0.0690692,0.332707,0.168234,0.0581936,0.0252308,0.304186,0.0231817,0.0591456,0.0329016,0.278252,0.452689,0.000129655,0.0423651,0.186912,0.151516,0.625267,0.7489,0.583786,0.0811494,0.127468,-0.0297706,0.317389,0.201807,0.00326899,0.0416253,0.0453936,0.163838,0.0856427,0.250885,0.189823,-0.0710474
0.241996,-0.18673,-0.181115,0.504941,0.36381,0.105947,-0.0757826,0.374014,0.127974,0.17896,0.0413046,0.915003,0.646566,0.376912,0.495224,0.115052,0.140783,0.244468,0.287489,0.564355,0.300971,0.121579,0.244186,0.379462,0.147814,0.462182,0.244811,0.356022,0.350328,0.534566,0.4084,-0.231699,0.0116722,0.268539,0.421613,0.515328,0.651348,-0.0748897,0.068734,0.332687,0.166831,0.0598204,0.0250912,0.30656,0.0254378,0.0590308,0.0332835,0.277831,0.450777,-5.95734e-06,0.0432205,0.188038,0.151736,0.623537,0.748964,0.586155,0.0809064,0.127713,-0.029211,0.318745,0.201475,0.00250017,0.0415687,0.0450198,0.164299,0.077422,0.255319,0.190089,-0.0702289
0.242996,-0.182486,-0.181386,0.505863,0.362775,0.107263,-0.074928,0.373624,0.127781,0.17536,0.0413063,0.911827,0.642971,0.369641,0.495866,0.114795,0.141084,0.238854,0.288028,0.559698,0.300012,0.121134,0.242003,0.382041,0.150188,0.464367,0.243401,0.349187,0.347955,0.534837,0.409211,-0.228174,0.011934,0.268985,0.41982,0.508485,0.648736,-0.0739734,0.0684011,0.33265,0.165414,0.061438,0.0249513,0.309002,0.0277937,0.0589145,0.0336588,0.277427,0.448841,-0.000144085,0.0440779,0.189194,0.152022,0.621835,0.749019,0.588542,0.0806741,0.127959,-0.0286443,0.320102,0.201184,0.00173679,0.0415169,0.0446499,0.164755,0.0692023,0.259819,0.190334,-0.0694081
0.243996,-0.178224,-0.181649,0.506771,0.361726,0.108577,-0.0740777,0.373217,0.127618,0.171728,0.0413242,0.908642,0.639399,0.362404,0.496494,0.114528,0.141352,0.233198,0.288546,0.555078,0.299045,0.120747,0.24004,0.38462,0.15259,0.466623,0.24199,0.342327,0.345603,0.535123,0.410036,-0.224614,0.0122073,0.269435,0.418018,0.501596,0.646156,-0.0730136,0.0680703,0.332595,0.163985,0.0630415,0.0248111,0.311509,0.0302508,0.0587965,0.0340278,0.277022,0.446883,-0.000284702,0.0449367,0.190381,0.152373,0.620162,0.749066,0.590946,0.0804527,0.128206,-0.0280705,0.321462,0.200936,0.0009793,0.0414705,0.0442842,0.165206,0.0610022,0.264382,0.190553,-0.0685851
0.244996,-0.173946,-0.181902,0.507665,0.360665,0.109888,-0.0732323,0.372796,0.12748,0.168067,0.0413594,0.905448,0.635852,0.355204,0.497106,0.11425,0.141587,0.227499,0.289043,0.550491,0.298071,0.120425,0.2383,0.387198,0.155019,0.468948,0.24058,0.335447,0.343274,0.535424,0.410877,-0.221022,0.012492,0.269889,0.416206,0.494658,0.64361,-0.0719998,0.0677415,0.332523,0.162542,0.0646252,0.0246709,0.314079,0.0328114,0.0586767,0.034391,0.276612,0.444902,-0.000427784,0.0457964,0.1916,0.152789,0.618516,0.749104,0.593367,0.0802425,0.128454,-0.0274896,0.322822,0.200732,0.000228205,0.0414301,0.0439232,0.165653,0.0528402,0.269009,0.190744,-0.0677599
0.245996,-0.169655,-0.182146,0.508545,0.359592,0.111196,-0.072392,0.372363,0.12736,0.164383,0.0414126,0.902246,0.632331,0.348042,0.497702,0.113961,0.14179,0.221757,0.28952,0.545938,0.297089,0.120178,0.236792,0.389775,0.157477,0.471342,0.239171,0.328548,0.340971,0.53574,0.411732,-0.217391,0.0127881,0.270347,0.414384,0.487668,0.641096,-0.0709223,0.0674147,0.332436,0.161087,0.0661826,0.0245306,0.316711,0.0354783,0.0585551,0.0347488,0.276201,0.442899,-0.000573302,0.0466563,0.192854,0.153269,0.6169,0.749135,0.595803,0.080044,0.128702,-0.0269017,0.324183,0.200575,-0.000515979,0.0413961,0.0435674,0.166094,0.0447344,0.273696,0.1909,-0.0669327
0.246996,-0.165351,-0.18238,0.509411,0.358507,0.112502,-0.0715573,0.371921,0.12725,0.160678,0.0414848,0.899036,0.628838,0.340923,0.498283,0.113661,0.141961,0.215972,0.289977,0.541416,0.296101,0.12002,0.235525,0.39235,0.159961,0.473803,0.237765,0.321636,0.338696,0.536072,0.412602,-0.213614,0.0130957,0.270809,0.412553,0.480625,0.638615,-0.0697782,0.0670896,0.332333,0.159618,0.0677071,0.0243905,0.319404,0.0382544,0.0584316,0.0351015,0.275792,0.440873,-0.00072123,0.0475158,0.194147,0.153808,0.615313,0.749157,0.598254,0.079858,0.128951,-0.0263066,0.325544,0.200463,-0.00125271,0.0413691,0.0432173,0.166529,0.0367029,0.278443,0.191017,-0.0661035
0.247996,-0.161038,-0.182606,0.510263,0.35741,0.113804,-0.0707284,0.371472,0.127143,0.156957,0.0415768,0.895818,0.625375,0.333847,0.498847,0.11335,0.1421,0.210143,0.290412,0.536924,0.295106,0.119967,0.234509,0.394922,0.162474,0.476332,0.236362,0.314715,0.33645,0.53642,0.413487,-0.209698,0.013415,0.271275,0.410712,0.473526,0.636167,-0.0685737,0.0667663,0.332216,0.158137,0.0691919,0.0242507,0.322155,0.0411433,0.0583063,0.0354494,0.275391,0.438825,-0.000871541,0.048374,0.19548,0.154404,0.613756,0.74917,0.60072,0.0796852,0.1292,-0.0257045,0.326904,0.200398,-0.00198144,0.0413496,0.0428734,0.166959,0.0287633,0.283248,0.191088,-0.0652725
0.248996,-0.156717,-0.182822,0.511101,0.356302,0.115103,-0.0699059,0.371016,0.127032,0.153221,0.0416895,0.892592,0.621943,0.32682,0.499395,0.113027,0.14221,0.204267,0.290827,0.532462,0.294106,0.120034,0.233758,0.397493,0.165013,0.478926,0.234963,0.307789,0.334237,0.536785,0.414387,-0.205743,0.013746,0.271745,0.408862,0.466369,0.633753,-0.0673207,0.0664447,0.332086,0.156644,0.070631,0.0241113,0.324965,0.0441483,0.0581792,0.0357926,0.275003,0.436756,-0.00102421,0.0492303,0.196856,0.155053,0.612229,0.749176,0.603199,0.0795267,0.129449,-0.0250954,0.328264,0.200378,-0.00270157,0.041338,0.0425366,0.167383,0.0209326,0.288111,0.191105,-0.0644397
0.249996,-0.152388,-0.183029,0.511925,0.355182,0.116399,-0.06909,0.370555,0.12691,0.149472,0.0418236,0.889358,0.618544,0.319843,0.499926,0.112694,0.142292,0.198345,0.291221,0.528029,0.2931,0.120234,0.233286,0.40006,0.16758,0.481584,0.233568,0.300862,0.332058,0.537167,0.415302,-0.201753,0.0140891,0.272218,0.407003,0.45915,0.631372,-0.0660309,0.0661247,0.331943,0.155138,0.0720198,0.0239725,0.32783,0.0472731,0.0580504,0.0361311,0.274633,0.434664,-0.0011792,0.0500842,0.198275,0.155749,0.610732,0.749173,0.60569,0.0793837,0.129699,-0.0244793,0.329622,0.200404,-0.00341242,0.0413348,0.0422076,0.167801,0.0132269,0.293029,0.191062,-0.0636052
0.250996,-0.148055,-0.183227,0.512735,0.354053,0.117691,-0.0682812,0.37009,0.126769,0.145712,0.0419797,0.886116,0.615179,0.312921,0.50044,0.112349,0.142346,0.192376,0.291594,0.523625,0.292089,0.120573,0.23311,0.402625,0.170174,0.484304,0.23218,0.293941,0.329914,0.537567,0.416231,-0.197719,0.0144444,0.272695,0.405135,0.451868,0.629025,-0.0647146,0.0658063,0.331789,0.15362,0.0733555,0.0238343,0.33075,0.0505209,0.0579201,0.0364649,0.274284,0.432552,-0.00133649,0.0509358,0.199738,0.156484,0.609266,0.749162,0.608193,0.0792574,0.129948,-0.0238563,0.330979,0.200475,-0.00411296,0.0413402,0.0418874,0.168213,0.00566165,0.298001,0.190949,-0.0627692
0.251996,-0.143717,-0.183416,0.513531,0.352912,0.11898,-0.06748,0.369621,0.126606,0.141942,0.0421585,0.882867,0.61185,0.306058,0.500936,0.111993,0.142374,0.186359,0.291946,0.519247,0.291075,0.121055,0.233249,0.405185,0.172794,0.487085,0.230799,0.287028,0.327809,0.537985,0.417175,-0.193627,0.0148122,0.273176,0.403257,0.444519,0.626713,-0.06338,0.0654893,0.331624,0.152089,0.0746373,0.0236971,0.333723,0.053895,0.0577884,0.0367938,0.273951,0.430419,-0.00149606,0.0517855,0.201243,0.157252,0.607831,0.749143,0.610707,0.0791491,0.130197,-0.0232267,0.332334,0.20059,-0.0048015,0.0413546,0.0415772,0.168619,-0.00174867,0.303024,0.190756,-0.0619317
0.252996,-0.139378,-0.183595,0.514313,0.351762,0.120265,-0.0666866,0.369149,0.126414,0.138163,0.0423602,0.879611,0.608557,0.299258,0.501415,0.111627,0.142377,0.180296,0.292278,0.514897,0.290058,0.121684,0.233716,0.407742,0.175441,0.489923,0.229425,0.28013,0.325743,0.538421,0.418134,-0.189458,0.0151927,0.273661,0.40137,0.437102,0.624437,-0.0620339,0.0651739,0.331449,0.150547,0.0758658,0.0235609,0.336748,0.0573982,0.0576557,0.0371176,0.273629,0.428265,-0.00165787,0.0526335,0.202789,0.158045,0.606427,0.749116,0.613231,0.0790599,0.130446,-0.0225905,0.333687,0.200747,-0.00547524,0.0413783,0.0412784,0.169019,-0.00899068,0.308095,0.190474,-0.0610929
0.253996,-0.135038,-0.183764,0.515081,0.350602,0.121547,-0.0659016,0.368673,0.126189,0.134378,0.0425851,0.876347,0.605301,0.292526,0.501875,0.11125,0.142356,0.17419,0.292589,0.510573,0.289037,0.122463,0.234518,0.410294,0.178112,0.492818,0.228061,0.273251,0.323719,0.538877,0.419107,-0.185194,0.0155862,0.27415,0.399474,0.429615,0.622196,-0.0606793,0.0648599,0.331266,0.148993,0.0770424,0.023426,0.339824,0.0610328,0.0575222,0.0374363,0.27331,0.426091,-0.00182191,0.0534797,0.204373,0.158854,0.605055,0.749081,0.615764,0.0789906,0.130695,-0.021948,0.335038,0.200943,-0.0061299,0.0414114,0.0409926,0.169412,-0.0160521,0.313211,0.190092,-0.0602528
0.254996,-0.130699,-0.183924,0.515834,0.349433,0.122825,-0.0651253,0.368192,0.125929,0.130589,0.0428333,0.873077,0.602084,0.285869,0.502317,0.110862,0.142313,0.168042,0.29288,0.506274,0.288015,0.123396,0.235653,0.412841,0.180809,0.495767,0.226706,0.266395,0.321737,0.539352,0.420095,-0.180819,0.0159929,0.274642,0.397568,0.422056,0.619991,-0.0593117,0.0645474,0.331075,0.147426,0.0781686,0.0232925,0.342948,0.0648007,0.0573882,0.0377497,0.272994,0.423898,-0.00198814,0.0543238,0.205994,0.159673,0.603713,0.749038,0.618305,0.0789413,0.130943,-0.0212995,0.336387,0.201174,-0.0067593,0.0414541,0.0407209,0.169798,-0.0229218,0.318368,0.189598,-0.0594116
0.255996,-0.126363,-0.184075,0.516573,0.348255,0.124099,-0.0643581,0.367707,0.125632,0.1268,0.0431046,0.869799,0.598907,0.279291,0.502741,0.110464,0.142248,0.161854,0.29315,0.502001,0.286991,0.124487,0.237116,0.415382,0.183531,0.498768,0.225363,0.259568,0.3198,0.539847,0.421097,-0.176318,0.016413,0.275139,0.395654,0.414423,0.617824,-0.0579101,0.0642363,0.330878,0.145849,0.0792457,0.0231606,0.34612,0.068703,0.0572542,0.0380579,0.272682,0.421685,-0.00215655,0.0551659,0.207651,0.160497,0.602404,0.748986,0.620854,0.0789117,0.131191,-0.0206451,0.337732,0.201437,-0.00735436,0.0415066,0.0404639,0.170178,-0.0295904,0.323561,0.188983,-0.0585695
0.256996,-0.12203,-0.184216,0.517298,0.347069,0.12537,-0.0636004,0.367216,0.125295,0.123019,0.0433986,0.866515,0.595771,0.2728,0.503145,0.110056,0.142162,0.155628,0.293399,0.497751,0.285966,0.125737,0.238897,0.417917,0.186276,0.501818,0.224031,0.252773,0.317909,0.540362,0.422114,-0.171686,0.0168466,0.27564,0.393729,0.406716,0.615695,-0.0564442,0.0639268,0.330675,0.144259,0.0802746,0.0230305,0.349338,0.0727402,0.0571205,0.0383609,0.272375,0.419454,-0.00232711,0.0560059,0.209341,0.161321,0.601126,0.748927,0.623409,0.078901,0.131439,-0.0199852,0.339075,0.201729,-0.00790451,0.041569,0.0402225,0.17055,-0.0360498,0.328783,0.188235,-0.0577265
0.257996,-0.117701,-0.184347,0.518008,0.345874,0.126637,-0.0628526,0.36672,0.124918,0.119255,0.0437147,0.863224,0.592675,0.266404,0.50353,0.109638,0.142056,0.149368,0.293627,0.493524,0.284941,0.127143,0.240985,0.420445,0.189045,0.504916,0.222713,0.246017,0.316064,0.540898,0.423146,-0.166922,0.017294,0.276146,0.391795,0.398933,0.613605,-0.0549186,0.0636187,0.330467,0.142658,0.0812557,0.0229025,0.3526,0.0769118,0.0569874,0.0386586,0.272075,0.417205,-0.00249981,0.0568442,0.211062,0.162147,0.599881,0.74886,0.62597,0.0789086,0.131685,-0.0193201,0.340414,0.202047,-0.00840732,0.0416414,0.039998,0.170915,-0.0422941,0.33403,0.187345,-0.0568828
0.258996,-0.113375,-0.184469,0.518705,0.344672,0.1279,-0.0621151,0.366216,0.1245,0.115519,0.0440522,0.859927,0.589622,0.26011,0.503895,0.109211,0.141929,0.143074,0.293834,0.489319,0.283915,0.128695,0.243363,0.422966,0.191836,0.508059,0.22141,0.239304,0.314266,0.541455,0.424192,-0.162033,0.0177551,0.276656,0.38985,0.391076,0.611553,-0.0533603,0.0633122,0.330256,0.141046,0.0821888,0.0227767,0.355904,0.0812165,0.0568553,0.0389512,0.27178,0.414939,-0.00267463,0.0576812,0.212813,0.162974,0.598667,0.748785,0.628536,0.0789338,0.131931,-0.0186502,0.341748,0.20239,-0.00887151,0.0417239,0.0397915,0.171273,-0.0483195,0.339296,0.186302,-0.0560385
0.259996,-0.109051,-0.18458,0.519386,0.343463,0.129159,-0.0613883,0.365704,0.124041,0.111828,0.0444101,0.856623,0.586611,0.253927,0.50424,0.108775,0.141783,0.136749,0.294019,0.485136,0.282891,0.130376,0.246016,0.425478,0.19465,0.511245,0.220122,0.232641,0.312517,0.542033,0.425253,-0.157025,0.01823,0.277171,0.387895,0.383143,0.609541,-0.0517811,0.0630073,0.330042,0.139423,0.0830736,0.0226535,0.359249,0.0856517,0.0567246,0.0392386,0.271486,0.412656,-0.00285154,0.0585171,0.214591,0.163805,0.597484,0.748703,0.631105,0.0789764,0.132176,-0.0179759,0.343078,0.202754,-0.00930605,0.0418168,0.0396008,0.171623,-0.0541246,0.344573,0.185101,-0.0551938
0.260996,-0.10473,-0.184682,0.520054,0.342247,0.130414,-0.0606724,0.365184,0.123544,0.1082,0.0447871,0.853313,0.583644,0.247865,0.504564,0.108331,0.141618,0.130395,0.294183,0.480974,0.281868,0.132155,0.248925,0.427982,0.197487,0.514472,0.21885,0.226032,0.310816,0.542633,0.426328,-0.151905,0.0187187,0.277691,0.385929,0.375135,0.607569,-0.0501746,0.062704,0.329827,0.137788,0.0839101,0.022533,0.362632,0.0902139,0.0565957,0.039521,0.271192,0.410356,-0.00303053,0.0593522,0.216395,0.164644,0.596334,0.748612,0.633677,0.0790362,0.132421,-0.0172976,0.344403,0.203141,-0.00971592,0.0419202,0.0394223,0.171966,-0.05971,0.349857,0.183732,-0.0543488
0.261996,-0.10041,-0.184774,0.520707,0.341024,0.131665,-0.0599678,0.364656,0.123009,0.104656,0.0451821,0.849998,0.58072,0.241933,0.504868,0.107879,0.141434,0.124016,0.294324,0.476832,0.280847,0.133981,0.252071,0.430477,0.200344,0.517737,0.217597,0.219487,0.309164,0.543256,0.427418,-0.14667,0.019221,0.278216,0.383952,0.367053,0.605637,-0.0485146,0.0624024,0.329611,0.136143,0.0847049,0.0224155,0.366052,0.0948986,0.0564689,0.0397982,0.270894,0.408041,-0.00321159,0.0601869,0.218222,0.165495,0.595216,0.748514,0.636252,0.0791135,0.132664,-0.0166159,0.345722,0.203549,-0.0101033,0.0420345,0.039253,0.1723,-0.0650788,0.355141,0.182192,-0.0535037
0.262996,-0.0960923,-0.184856,0.521345,0.339796,0.132911,-0.0592748,0.364119,0.122441,0.101217,0.0455936,0.846676,0.577841,0.236141,0.50515,0.10742,0.141233,0.117614,0.294442,0.472711,0.279829,0.135785,0.255438,0.432961,0.203222,0.52104,0.216362,0.213015,0.30756,0.5439,0.428523,-0.141316,0.0197368,0.278748,0.381964,0.358899,0.603745,-0.0467654,0.0621026,0.329395,0.134486,0.0855346,0.0223014,0.369507,0.0997005,0.0563444,0.0400704,0.270591,0.405711,-0.00339469,0.0610213,0.220072,0.166363,0.594129,0.748409,0.638828,0.0792089,0.132906,-0.0159314,0.347035,0.203977,-0.0104684,0.04216,0.0390915,0.172626,-0.0702355,0.360421,0.180474,-0.0526587
0.263996,-0.0917768,-0.184928,0.521969,0.338563,0.134154,-0.0585938,0.363573,0.121841,0.097907,0.0460202,0.843349,0.575007,0.230499,0.505411,0.106954,0.141013,0.111193,0.294536,0.468609,0.278815,0.137554,0.25901,0.435435,0.206119,0.524377,0.215147,0.206627,0.306005,0.544567,0.429642,-0.135835,0.0202658,0.279285,0.379965,0.350672,0.601893,-0.0449341,0.0618047,0.329179,0.132819,0.0864804,0.0221908,0.372994,0.104613,0.0562225,0.0403375,0.270281,0.403367,-0.00357983,0.0618556,0.221944,0.167253,0.593074,0.748296,0.641404,0.079323,0.133147,-0.0152446,0.348341,0.204427,-0.0108104,0.0422972,0.038938,0.172944,-0.0751863,0.36569,0.178578,-0.0518139
0.264996,-0.0874642,-0.18499,0.522579,0.337325,0.135393,-0.0579249,0.363018,0.121215,0.0947469,0.0464604,0.840016,0.572219,0.225017,0.505651,0.10648,0.140776,0.104759,0.294605,0.464529,0.277803,0.139319,0.26277,0.437898,0.209035,0.527748,0.213952,0.200339,0.304496,0.545257,0.430776,-0.130232,0.0208076,0.279829,0.377956,0.342376,0.600081,-0.0430598,0.0615087,0.328965,0.131141,0.0873971,0.0220842,0.376512,0.109631,0.0561036,0.0405995,0.269964,0.401008,-0.00376697,0.0626901,0.223836,0.168167,0.592051,0.748175,0.64398,0.0794564,0.133387,-0.0145563,0.34964,0.204897,-0.0111271,0.0424462,0.0387934,0.173252,-0.0799384,0.370946,0.1765,-0.0509695
0.265996,-0.0831553,-0.185042,0.523174,0.336082,0.136627,-0.0572685,0.362455,0.120567,0.0917577,0.0469127,0.836678,0.569476,0.219705,0.505868,0.106,0.140523,0.0983175,0.294648,0.460469,0.276794,0.141079,0.266705,0.440349,0.211968,0.53115,0.212778,0.194166,0.303033,0.54597,0.431925,-0.124515,0.0213621,0.280378,0.375936,0.334012,0.598308,-0.0411675,0.0612147,0.328753,0.129453,0.0882491,0.0219818,0.380059,0.114746,0.0559879,0.0408563,0.26964,0.398637,-0.0039561,0.063525,0.22575,0.169111,0.591059,0.748048,0.646554,0.0796094,0.133626,-0.0138671,0.350931,0.205387,-0.0114157,0.0426074,0.0386594,0.173553,-0.0844996,0.376183,0.174242,-0.0501257
0.266996,-0.0788508,-0.185084,0.523754,0.334836,0.137857,-0.0566248,0.361885,0.119903,0.0889575,0.0473758,0.833334,0.566781,0.214571,0.506063,0.105513,0.140253,0.0918749,0.294665,0.456433,0.275786,0.142818,0.270802,0.442787,0.214918,0.534582,0.211627,0.188127,0.301616,0.546706,0.433089,-0.11869,0.0219288,0.280933,0.373908,0.325583,0.596573,-0.0392687,0.0609229,0.328543,0.127754,0.0890278,0.0218839,0.383633,0.119951,0.0558756,0.0411078,0.269308,0.396254,-0.0041472,0.0643603,0.227686,0.170086,0.590099,0.747913,0.649127,0.0797817,0.133864,-0.0131777,0.352214,0.205896,-0.0116731,0.0427809,0.0385378,0.173844,-0.0888779,0.381398,0.171806,-0.0492827
0.267996,-0.0745512,-0.185115,0.52432,0.333586,0.139083,-0.055994,0.361309,0.119229,0.0863617,0.0478481,0.829986,0.564132,0.209627,0.506236,0.105019,0.139968,0.0854391,0.294654,0.452422,0.27478,0.144546,0.275052,0.445211,0.217883,0.538041,0.210497,0.182241,0.300242,0.547466,0.434268,-0.112756,0.0225072,0.281494,0.371871,0.317091,0.594876,-0.0373704,0.0606333,0.328337,0.126045,0.0897282,0.0217909,0.387232,0.12524,0.055767,0.041354,0.268968,0.393859,-0.00434023,0.0651964,0.229643,0.171096,0.58917,0.747771,0.651697,0.0799728,0.1341,-0.0124887,0.353489,0.206425,-0.0118967,0.0429668,0.0384309,0.174126,-0.0930815,0.386589,0.169194,-0.0484407
0.268996,-0.0702569,-0.185136,0.524871,0.332333,0.140305,-0.0553763,0.360728,0.118551,0.0839826,0.0483283,0.826633,0.561532,0.204884,0.506385,0.104519,0.139669,0.0790186,0.294614,0.448437,0.273775,0.146288,0.279447,0.447622,0.220862,0.541528,0.209391,0.176526,0.29891,0.548249,0.435461,-0.106715,0.0230971,0.28206,0.369826,0.30854,0.593216,-0.0354791,0.0603461,0.328133,0.124326,0.0903475,0.0217032,0.390854,0.130606,0.0556623,0.0415947,0.26862,0.391453,-0.00453516,0.0660333,0.231622,0.172141,0.588273,0.747621,0.654264,0.0801812,0.134335,-0.0118007,0.354755,0.206971,-0.0120848,0.0431647,0.038341,0.174399,-0.0971181,0.391753,0.166412,-0.0475999
0.269996,-0.0659683,-0.185147,0.525408,0.331079,0.141523,-0.0547719,0.360143,0.117874,0.0818293,0.0488151,0.823276,0.55898,0.200352,0.506512,0.104012,0.139356,0.0726232,0.294544,0.444481,0.27277,0.148062,0.283982,0.450018,0.223854,0.545039,0.208307,0.170998,0.297619,0.549055,0.436669,-0.100569,0.0236982,0.28263,0.367774,0.299933,0.591592,-0.033604,0.0600614,0.327934,0.122597,0.0908846,0.021621,0.394498,0.136043,0.0555617,0.0418298,0.268264,0.389036,-0.00473195,0.0668711,0.233624,0.173223,0.587406,0.747465,0.656826,0.0804057,0.134568,-0.0111142,0.356011,0.207535,-0.0122368,0.0433743,0.0382698,0.174663,-0.100995,0.396888,0.163466,-0.0467605
0.270996,-0.0616862,-0.185147,0.52593,0.329822,0.142736,-0.054181,0.359555,0.117206,0.0799079,0.0493073,0.819914,0.556478,0.196043,0.506615,0.103497,0.13903,0.0662632,0.294443,0.440557,0.271764,0.149875,0.288654,0.452398,0.226858,0.548574,0.207246,0.165673,0.296368,0.549886,0.437893,-0.0943241,0.02431,0.283203,0.365716,0.291273,0.590004,-0.0317594,0.0597794,0.327738,0.120858,0.0913412,0.0215447,0.398161,0.141544,0.0554656,0.0420593,0.2679,0.38661,-0.00493057,0.0677101,0.235648,0.174342,0.58657,0.747302,0.659383,0.0806442,0.1348,-0.0104297,0.357259,0.208115,-0.0123529,0.0435947,0.0382178,0.174917,-0.104718,0.401992,0.160363,-0.0459227
0.271996,-0.0574121,-0.185137,0.526437,0.328564,0.143945,-0.0536038,0.358967,0.116551,0.0782216,0.0498035,0.816548,0.554026,0.191972,0.506695,0.102977,0.138692,0.0599498,0.294309,0.436669,0.270759,0.151732,0.293459,0.454763,0.229871,0.552131,0.206209,0.160563,0.295155,0.55074,0.439132,-0.08799,0.0249325,0.28378,0.363651,0.282565,0.588449,-0.0299611,0.0595001,0.327547,0.119108,0.0917205,0.0214747,0.401842,0.147103,0.055374,0.0422832,0.267527,0.384174,-0.00513097,0.0685503,0.237695,0.175498,0.585765,0.747132,0.661935,0.0808948,0.13503,-0.00974774,0.358498,0.208709,-0.0124336,0.0438248,0.0381845,0.175163,-0.108294,0.407065,0.157112,-0.0450868
0.272996,-0.0531489,-0.185116,0.52693,0.327305,0.145149,-0.0530405,0.358379,0.115915,0.0767716,0.0503025,0.813178,0.551625,0.188152,0.506751,0.10245,0.138343,0.0536952,0.294142,0.43282,0.269753,0.153631,0.298394,0.457111,0.232894,0.55571,0.205194,0.155683,0.293979,0.551618,0.440385,-0.0815772,0.0255656,0.28436,0.361581,0.273812,0.586927,-0.028212,0.0592237,0.32736,0.117349,0.0920268,0.0214114,0.40554,0.152713,0.0552874,0.0425015,0.267146,0.38173,-0.00533311,0.0693917,0.239764,0.17669,0.584991,0.746955,0.664481,0.081156,0.135258,-0.00906872,0.359727,0.209318,-0.0124795,0.0440632,0.0381681,0.175398,-0.111727,0.412105,0.153719,-0.044253
0.273995,-0.0489005,-0.185084,0.527407,0.326046,0.14635,-0.0524911,0.357794,0.115304,0.0755568,0.050803,0.809804,0.549276,0.184597,0.506784,0.101918,0.137983,0.0475117,0.29394,0.429014,0.268748,0.155573,0.303452,0.459442,0.235925,0.559308,0.204201,0.151043,0.292838,0.552521,0.441654,-0.0750962,0.0262092,0.284942,0.359506,0.265019,0.585438,-0.026495,0.0589504,0.327177,0.115581,0.0922649,0.021355,0.409253,0.15837,0.055206,0.0427146,0.266757,0.379278,-0.00553692,0.0702343,0.241856,0.177918,0.584247,0.746772,0.66702,0.0814264,0.135485,-0.0083932,0.360946,0.20994,-0.0124906,0.0443083,0.0381663,0.175625,-0.115022,0.417113,0.150196,-0.0434215
0.274995,-0.0446725,-0.185042,0.52787,0.324788,0.147545,-0.0519558,0.357213,0.114721,0.0745744,0.0513039,0.806427,0.546979,0.181321,0.506793,0.10138,0.137614,0.041412,0.293702,0.425255,0.267744,0.15756,0.308626,0.461756,0.238962,0.562925,0.203231,0.146656,0.291732,0.553447,0.442939,-0.0685559,0.0268635,0.285525,0.357426,0.256189,0.58398,-0.0247869,0.0586804,0.326999,0.113803,0.0924398,0.021306,0.412979,0.164066,0.05513,0.0429227,0.26636,0.376818,-0.00574236,0.0710781,0.24397,0.179181,0.583534,0.746583,0.669551,0.0817062,0.13571,-0.00772177,0.362156,0.210575,-0.012467,0.0445579,0.038177,0.175842,-0.118181,0.422087,0.146549,-0.0425927
0.275995,-0.0404719,-0.184989,0.528319,0.32353,0.148737,-0.0514348,0.356636,0.11417,0.0738201,0.0518037,0.803047,0.544736,0.17834,0.506777,0.100838,0.137235,0.0354085,0.293428,0.42155,0.266742,0.159593,0.313907,0.464051,0.242005,0.566559,0.202283,0.142534,0.290658,0.554398,0.444238,-0.0619635,0.0275287,0.286109,0.355342,0.247326,0.582552,-0.0230714,0.0584137,0.326825,0.112015,0.0925559,0.0212647,0.416717,0.169795,0.0550598,0.0431262,0.265957,0.374351,-0.00594937,0.0719232,0.246106,0.180478,0.58285,0.746387,0.672075,0.0819959,0.135933,-0.00705513,0.363357,0.211222,-0.0124084,0.0448097,0.0381981,0.176049,-0.121207,0.427028,0.142789,-0.0417667
0.276995,-0.0363064,-0.184925,0.528752,0.322273,0.149924,-0.0509282,0.356067,0.113655,0.0732879,0.0523012,0.799665,0.542548,0.175664,0.506738,0.100291,0.136847,0.0295127,0.293115,0.417902,0.265743,0.161678,0.319284,0.466327,0.245053,0.570211,0.201356,0.13869,0.289615,0.555373,0.445553,-0.0553241,0.0282053,0.286694,0.353254,0.238435,0.581154,-0.0213414,0.0581506,0.326656,0.110218,0.0926174,0.0212314,0.420466,0.175551,0.0549956,0.0433254,0.265551,0.371878,-0.00615788,0.0727694,0.248264,0.181809,0.582197,0.746184,0.67459,0.0822965,0.136154,-0.00639405,0.364548,0.211882,-0.0123139,0.0450609,0.0382277,0.176247,-0.124102,0.431935,0.138926,-0.0409437
0.277995,-0.0321838,-0.18485,0.529171,0.321018,0.151107,-0.0504362,0.355505,0.113176,0.0729706,0.052795,0.796279,0.540416,0.173305,0.506675,0.0997415,0.13645,0.0237353,0.292764,0.414319,0.264748,0.163827,0.324751,0.468583,0.248104,0.573877,0.20045,0.135149,0.288601,0.556372,0.446884,-0.0486408,0.0288938,0.287279,0.351163,0.229516,0.579785,-0.0195966,0.0578912,0.326491,0.108412,0.0926282,0.0212066,0.424224,0.181326,0.0549378,0.0435209,0.265148,0.369399,-0.00636783,0.0736168,0.250442,0.183173,0.581574,0.745976,0.677096,0.0826087,0.136374,-0.00573937,0.365729,0.212553,-0.0121828,0.0453089,0.0382638,0.176435,-0.126866,0.436809,0.134968,-0.0401242
0.278995,-0.0281116,-0.184764,0.529575,0.319765,0.152285,-0.0499588,0.354952,0.112737,0.0728597,0.0532836,0.792891,0.53834,0.171273,0.506588,0.0991894,0.136044,0.0180854,0.292372,0.410808,0.263757,0.166062,0.3303,0.47082,0.251158,0.577559,0.199564,0.131955,0.287615,0.557396,0.448231,-0.0419145,0.0295948,0.287864,0.349067,0.220571,0.578445,-0.0178402,0.0576358,0.326331,0.106596,0.0925919,0.0211905,0.42799,0.187115,0.0548866,0.043713,0.264752,0.366915,-0.00657911,0.0744653,0.252641,0.18457,0.580982,0.745761,0.679593,0.0829334,0.136591,-0.00509196,0.366902,0.213237,-0.0120138,0.0455505,0.0383044,0.176614,-0.129502,0.441649,0.130928,-0.0393083
0.279995,-0.0240955,-0.184667,0.529964,0.318515,0.153459,-0.049496,0.35441,0.112337,0.0729464,0.0537655,0.789502,0.536323,0.169576,0.506478,0.0986355,0.135629,0.0125714,0.291939,0.407377,0.262772,0.168427,0.335925,0.473036,0.254214,0.581254,0.198697,0.129151,0.286655,0.558444,0.449593,-0.0351446,0.030309,0.288448,0.346969,0.211603,0.577132,-0.0160761,0.0573845,0.326175,0.104772,0.0925121,0.0211836,0.431763,0.19291,0.0548424,0.0439025,0.264362,0.364426,-0.00679165,0.0753148,0.25486,0.186,0.580418,0.745541,0.682079,0.0832711,0.136806,-0.0044527,0.368065,0.213932,-0.0118054,0.0457825,0.0383477,0.176783,-0.132009,0.446456,0.126815,-0.0384962
0.280995,-0.0201405,-0.184559,0.530338,0.317267,0.154628,-0.049048,0.353878,0.111978,0.073221,0.0542392,0.786111,0.534364,0.168225,0.506343,0.0980806,0.135206,0.00720102,0.291465,0.404032,0.261792,0.170986,0.341619,0.475231,0.257271,0.584962,0.19785,0.126774,0.285719,0.559516,0.450971,-0.0283294,0.0310369,0.289031,0.344868,0.202611,0.575847,-0.0143073,0.0571375,0.326022,0.102939,0.092392,0.0211863,0.435541,0.198705,0.0548054,0.0440901,0.263976,0.361933,-0.0070053,0.0761653,0.257099,0.187463,0.579885,0.745314,0.684556,0.0836223,0.137019,-0.00382249,0.369219,0.214639,-0.0115557,0.0460016,0.0383918,0.176943,-0.134389,0.451229,0.122639,-0.0376884
0.281995,-0.0162499,-0.184439,0.530697,0.316023,0.155793,-0.0486149,0.353358,0.111659,0.0736743,0.0547033,0.782718,0.532466,0.167231,0.506185,0.097525,0.134775,0.00198198,0.290947,0.400785,0.260819,0.173729,0.347379,0.477405,0.260328,0.588682,0.19702,0.124902,0.284804,0.560613,0.452364,-0.0214673,0.0317793,0.289614,0.342764,0.193604,0.574588,-0.0125363,0.056895,0.325874,0.101097,0.0922349,0.021199,0.439324,0.204493,0.0547759,0.0442767,0.263592,0.359437,-0.00721994,0.0770166,0.259356,0.18896,0.579381,0.745082,0.687021,0.0839875,0.13723,-0.00320219,0.370363,0.215359,-0.0112623,0.0462046,0.0384352,0.177093,-0.136641,0.455968,0.11841,-0.036885
0.282995,-0.0124268,-0.184309,0.531042,0.314783,0.156954,-0.0481965,0.35285,0.11138,0.0742967,0.0551561,0.779325,0.530629,0.166608,0.506004,0.0969692,0.134336,-0.00307787,0.290386,0.397645,0.259854,0.176584,0.3532,0.479557,0.263385,0.592414,0.196208,0.1237,0.28391,0.561734,0.453774,-0.0145585,0.0325366,0.290194,0.340657,0.184593,0.573356,-0.0107649,0.0566573,0.32573,0.0992461,0.0920438,0.0212223,0.443109,0.21027,0.0547541,0.0444638,0.263211,0.356938,-0.00743539,0.0778688,0.261632,0.190491,0.578907,0.744845,0.689475,0.0843671,0.137439,-0.00259274,0.371499,0.216092,-0.0109226,0.0463882,0.0384768,0.177234,-0.138766,0.460672,0.114139,-0.0360863
0.283995,-0.00867391,-0.184167,0.531371,0.313547,0.15811,-0.047793,0.352355,0.11114,0.075079,0.0555964,0.775931,0.528855,0.166371,0.5058,0.0964132,0.133889,-0.00797019,0.28978,0.394621,0.258898,0.179501,0.359078,0.481686,0.266441,0.596155,0.195412,0.123283,0.283035,0.562879,0.4552,-0.00760625,0.033309,0.290773,0.338547,0.1756,0.57215,-0.00899439,0.0564244,0.325589,0.097387,0.0918216,0.0212566,0.446897,0.216029,0.0547403,0.0446527,0.262832,0.354438,-0.00765147,0.0787217,0.263926,0.192055,0.578463,0.744601,0.691918,0.0847615,0.137646,-0.0019952,0.372625,0.216837,-0.0105342,0.0465493,0.0385157,0.177364,-0.140766,0.465342,0.109832,-0.0352926
0.284995,-0.00499406,-0.184013,0.531686,0.312315,0.159262,-0.0474043,0.351873,0.11094,0.0760115,0.0560227,0.772537,0.527144,0.166535,0.505573,0.0958571,0.133434,-0.0126863,0.289128,0.391725,0.257954,0.182457,0.365009,0.483793,0.269495,0.599907,0.194633,0.123551,0.282176,0.564049,0.456642,-0.000617704,0.0340967,0.29135,0.336435,0.166649,0.57097,-0.00722634,0.0561966,0.325451,0.0955196,0.091571,0.0213026,0.450686,0.221766,0.0547347,0.0448442,0.262457,0.351938,-0.00786796,0.0795752,0.266236,0.193653,0.578048,0.744353,0.694349,0.0851711,0.13785,-0.00141084,0.373743,0.217596,-0.0100949,0.0466853,0.0385515,0.177486,-0.14264,0.469976,0.105498,-0.0345041
0.285995,-0.00139062,-0.183848,0.531985,0.311088,0.160409,-0.0470306,0.351405,0.110778,0.0770846,0.0564338,0.769143,0.525497,0.167112,0.505324,0.0953009,0.132972,-0.0172175,0.288431,0.388969,0.257024,0.185439,0.370989,0.485877,0.272547,0.603667,0.193869,0.124471,0.281333,0.565243,0.4581,0.00639677,0.0348998,0.291924,0.33432,0.157767,0.569815,-0.00546217,0.0559742,0.325317,0.0936441,0.0912944,0.021361,0.454475,0.227475,0.0547375,0.0450387,0.262086,0.349441,-0.00808465,0.0804293,0.268564,0.195283,0.577663,0.744099,0.696767,0.0855966,0.138052,-0.000841287,0.374852,0.218367,-0.00960341,0.0467937,0.0385842,0.177597,-0.144391,0.474573,0.10114,-0.0337211
0.286995,0.00213241,-0.183672,0.53227,0.309866,0.161552,-0.0466718,0.35095,0.110654,0.0782881,0.0568289,0.765749,0.523916,0.168118,0.505053,0.0947442,0.132503,-0.0215556,0.287687,0.386364,0.256109,0.18844,0.377017,0.487937,0.275596,0.607435,0.193119,0.125995,0.280504,0.566461,0.459575,0.0134245,0.035718,0.292495,0.332201,0.148988,0.568685,-0.00370327,0.0557573,0.325187,0.0917606,0.0909943,0.0214323,0.458262,0.233153,0.0547487,0.0452354,0.261719,0.346948,-0.00830131,0.0812836,0.270907,0.196945,0.577307,0.74384,0.699173,0.0860385,0.138251,-0.000288535,0.375953,0.219153,-0.00905876,0.046873,0.0386145,0.177699,-0.146019,0.479131,0.0967646,-0.0329438
0.287995,0.00557055,-0.183483,0.53254,0.308648,0.162691,-0.0463282,0.350508,0.110567,0.0796111,0.0572072,0.762357,0.522402,0.169571,0.504761,0.0941869,0.132027,-0.0256933,0.286896,0.383922,0.255208,0.191454,0.383088,0.489973,0.278643,0.611211,0.192384,0.128005,0.279688,0.567704,0.461066,0.0204515,0.0365511,0.293064,0.330077,0.140353,0.567579,-0.00195098,0.055546,0.325059,0.0898693,0.0906727,0.0215174,0.462048,0.238796,0.0547686,0.0454332,0.261357,0.344462,-0.00851775,0.0821382,0.273266,0.198637,0.576981,0.743576,0.701566,0.0864983,0.138448,0.000244937,0.377045,0.219952,-0.00846057,0.0469221,0.0386434,0.177791,-0.147526,0.48365,0.0923746,-0.0321725
0.288995,0.00891907,-0.183283,0.532794,0.307436,0.163825,-0.0460001,0.350081,0.110516,0.0810423,0.0575682,0.758966,0.520955,0.171492,0.504448,0.093629,0.131544,-0.0296248,0.286057,0.381657,0.254319,0.194479,0.389199,0.491984,0.281686,0.614993,0.191662,0.130394,0.278885,0.56897,0.462573,0.0274627,0.0373989,0.293629,0.327949,0.131913,0.566498,-0.000206423,0.0553406,0.324934,0.0879704,0.0903317,0.0216169,0.46583,0.244399,0.0547972,0.0456308,0.260999,0.341985,-0.00873384,0.0829928,0.27564,0.200358,0.576684,0.743307,0.703945,0.0869784,0.138643,0.000756369,0.378128,0.220765,-0.00780867,0.0469409,0.0386724,0.177874,-0.148913,0.488127,0.0879727,-0.0314073
0.289995,0.0121736,-0.183072,0.533034,0.306229,0.164954,-0.0456877,0.349667,0.1105,0.0825702,0.0579118,0.755577,0.519577,0.173903,0.504114,0.0930703,0.131054,-0.0333467,0.285172,0.379579,0.25344,0.197512,0.395349,0.493971,0.284725,0.61878,0.190953,0.133084,0.278094,0.570261,0.464098,0.0344418,0.0382611,0.294191,0.325815,0.123735,0.565441,0.00152942,0.0551413,0.324811,0.0860641,0.089973,0.0217319,0.469608,0.24996,0.0548347,0.0458275,0.260645,0.33952,-0.0089495,0.0838472,0.278029,0.202108,0.576416,0.743032,0.706311,0.087482,0.138834,0.00124334,0.379203,0.221593,-0.00710292,0.0469295,0.0387033,0.177946,-0.150181,0.49256,0.083561,-0.0306485
0.290995,0.0153303,-0.182848,0.533258,0.305028,0.16608,-0.0453916,0.349266,0.11052,0.084183,0.058238,0.752191,0.518267,0.176828,0.503761,0.0925107,0.130558,-0.0368576,0.284238,0.377703,0.252571,0.200549,0.401534,0.495933,0.287761,0.622573,0.190256,0.13602,0.277315,0.571575,0.465638,0.0413713,0.0391372,0.29475,0.323675,0.115892,0.564406,0.00325571,0.0549481,0.324692,0.0841505,0.0895983,0.021863,0.473381,0.255475,0.0548811,0.0460227,0.260295,0.337066,-0.00916475,0.0847013,0.280431,0.203885,0.576178,0.742754,0.708664,0.0880107,0.139024,0.00170437,0.38027,0.222435,-0.00634331,0.0468885,0.0387382,0.178009,-0.151333,0.496946,0.0791409,-0.0298963
0.291995,0.0183864,-0.182612,0.533467,0.303832,0.167201,-0.0451124,0.348879,0.110574,0.0858693,0.0585474,0.748807,0.517027,0.180285,0.503389,0.0919504,0.130055,-0.0401586,0.283256,0.376041,0.251711,0.203591,0.407751,0.49787,0.290792,0.626369,0.189572,0.139162,0.276547,0.572913,0.467196,0.0482321,0.0400267,0.295304,0.32153,0.108443,0.563395,0.00497174,0.0547613,0.324575,0.08223,0.0892092,0.0220111,0.477148,0.260941,0.0549367,0.046216,0.259948,0.334624,-0.00937967,0.0855547,0.282846,0.205689,0.57597,0.74247,0.711002,0.0885633,0.13921,0.00213889,0.381329,0.223291,-0.00553004,0.046819,0.0387794,0.178062,-0.152369,0.501283,0.0747132,-0.0291509
0.292995,0.0213393,-0.182365,0.533661,0.302642,0.168317,-0.044851,0.348506,0.110662,0.0876179,0.0588406,0.745426,0.515857,0.184278,0.502998,0.0913893,0.129545,-0.0432524,0.282227,0.374603,0.250859,0.206635,0.413998,0.49978,0.293818,0.630169,0.188899,0.142479,0.27579,0.574275,0.46877,0.0550026,0.0409288,0.295855,0.31938,0.101417,0.562405,0.00667686,0.0545808,0.324461,0.0803026,0.0888071,0.022177,0.480908,0.266356,0.0550016,0.0464074,0.259605,0.332193,-0.00959444,0.0864073,0.285274,0.207517,0.575791,0.742181,0.713326,0.0891385,0.139394,0.00254779,0.382379,0.224162,-0.00466372,0.0467216,0.0388292,0.178106,-0.153293,0.505566,0.0702783,-0.0284123
0.293995,0.0241865,-0.182105,0.53384,0.301457,0.169429,-0.0446083,0.348145,0.110784,0.0894187,0.0591186,0.74205,0.514758,0.188793,0.50259,0.0908277,0.12903,-0.0461421,0.281151,0.373401,0.250017,0.209679,0.420272,0.501665,0.29684,0.633971,0.188237,0.145949,0.275046,0.575661,0.470361,0.0616593,0.0418428,0.2964,0.317226,0.0948223,0.561437,0.00837047,0.0544069,0.324348,0.0783686,0.0883933,0.0223618,0.484661,0.271716,0.055076,0.0465967,0.259266,0.329772,-0.00980929,0.0872587,0.287714,0.209369,0.575641,0.741888,0.715635,0.0897359,0.139575,0.00293371,0.383422,0.225047,-0.0037455,0.0465975,0.0388896,0.178139,-0.154105,0.509792,0.0658362,-0.0276807
0.294995,0.0269242,-0.181833,0.534004,0.300278,0.170537,-0.0443854,0.347799,0.110939,0.0912619,0.0593823,0.738677,0.51373,0.193797,0.502165,0.0902658,0.128508,-0.0488301,0.280026,0.372443,0.249185,0.212724,0.426571,0.503523,0.299856,0.637775,0.187586,0.149556,0.274314,0.57707,0.471968,0.0681754,0.0427676,0.296942,0.31507,0.0886671,0.56049,0.010052,0.0542396,0.324239,0.0764282,0.087969,0.0225662,0.488404,0.27702,0.0551603,0.0467839,0.258931,0.32736,-0.0100245,0.0881086,0.290165,0.211242,0.575521,0.741591,0.717929,0.090356,0.139753,0.00329957,0.384458,0.225945,-0.00277713,0.0464476,0.0389627,0.178163,-0.154807,0.513958,0.0613872,-0.0269562
0.295995,0.0295474,-0.181549,0.534152,0.299104,0.17164,-0.0441834,0.347465,0.111127,0.093139,0.059633,0.73531,0.512773,0.199242,0.501723,0.0897037,0.12798,-0.0513166,0.278855,0.371736,0.248363,0.215767,0.432892,0.505354,0.302868,0.64158,0.186945,0.153284,0.273594,0.578503,0.473593,0.0745215,0.043702,0.297478,0.312913,0.0829733,0.559563,0.0117207,0.0540788,0.324131,0.0744815,0.0875354,0.0227911,0.492138,0.282265,0.0552548,0.046969,0.258601,0.324955,-0.0102402,0.0889567,0.292626,0.213136,0.57543,0.741288,0.720208,0.0909991,0.139928,0.00364748,0.385486,0.226858,-0.00176088,0.046273,0.0390504,0.178177,-0.155401,0.51806,0.0569318,-0.0262389
0.296995,0.0320496,-0.181253,0.534285,0.297935,0.172739,-0.0440037,0.347144,0.111348,0.0950421,0.059872,0.731948,0.511888,0.205075,0.501266,0.0891418,0.127445,-0.0535995,0.277637,0.371285,0.247554,0.218809,0.439233,0.507158,0.305874,0.645384,0.186315,0.157121,0.272888,0.579958,0.475234,0.0806652,0.0446449,0.29801,0.310757,0.0777754,0.558655,0.0133761,0.0539245,0.324026,0.0725288,0.0870933,0.0230376,0.495861,0.287449,0.05536,0.047152,0.258278,0.322557,-0.0104566,0.0898025,0.295098,0.215047,0.575369,0.740982,0.722472,0.0916661,0.1401,0.0039788,0.386506,0.227785,-0.000699447,0.0460748,0.0391541,0.17818,-0.155891,0.522094,0.052472,-0.0255288
0.297995,0.0344227,-0.180944,0.534403,0.296771,0.173833,-0.0438472,0.346836,0.1116,0.0969642,0.0601007,0.728592,0.511074,0.211241,0.500793,0.0885805,0.126905,-0.0556738,0.276373,0.371093,0.246757,0.221847,0.445591,0.508935,0.308875,0.649188,0.185695,0.161057,0.272195,0.581436,0.476892,0.0865718,0.0455951,0.298536,0.308602,0.0731199,0.557766,0.0150174,0.0537768,0.323923,0.0705701,0.0866439,0.0233065,0.499572,0.292571,0.0554766,0.0473333,0.257962,0.320162,-0.0106738,0.0906456,0.297579,0.216975,0.575338,0.740671,0.72472,0.0923576,0.14027,0.00429438,0.387519,0.228726,0.000404333,0.0458542,0.0392748,0.178174,-0.156277,0.526059,0.0480114,-0.0248261
0.298995,0.0366577,-0.180623,0.534505,0.295612,0.174923,-0.0437152,0.346541,0.111885,0.0988992,0.0603202,0.725242,0.510332,0.217685,0.500306,0.0880199,0.126358,-0.0575319,0.275063,0.37116,0.245973,0.224883,0.451964,0.510684,0.31187,0.65299,0.185085,0.165082,0.271517,0.582938,0.478568,0.0922043,0.0465516,0.299057,0.306449,0.0690594,0.556895,0.0166439,0.0536356,0.323823,0.0686056,0.0861879,0.0235989,0.503272,0.297629,0.0556051,0.0475131,0.257653,0.317772,-0.0108919,0.0914855,0.300068,0.218919,0.575336,0.740355,0.726953,0.0930743,0.140436,0.00459488,0.388525,0.229682,0.00154767,0.0456127,0.0394133,0.178158,-0.156562,0.529954,0.0435561,-0.0241306
0.299995,0.0387457,-0.18029,0.534592,0.294459,0.176009,-0.0436084,0.346259,0.112202,0.100842,0.060532,0.7219,0.509661,0.224356,0.499806,0.0874606,0.125805,-0.0591637,0.273708,0.371484,0.245205,0.227913,0.45835,0.512404,0.31486,0.656789,0.184485,0.169187,0.270854,0.584461,0.480259,0.0975252,0.0475131,0.299573,0.3043,0.0656446,0.556041,0.0182546,0.0535006,0.323724,0.0666353,0.0857261,0.0239159,0.506958,0.302622,0.0557462,0.0476918,0.257352,0.315385,-0.0111107,0.0923216,0.302566,0.220877,0.575363,0.740035,0.729169,0.0938173,0.140599,0.00488083,0.389524,0.230651,0.00272804,0.0453518,0.0395697,0.178133,-0.15675,0.533777,0.0391142,-0.0234424
0.300995,0.0406783,-0.179944,0.534663,0.293309,0.17709,-0.0435276,0.34599,0.112551,0.102788,0.0607373,0.718565,0.509061,0.231207,0.499292,0.0869028,0.125245,-0.0605579,0.272309,0.372064,0.244452,0.230939,0.464746,0.514097,0.317844,0.660585,0.183895,0.173366,0.270207,0.586007,0.481968,0.102498,0.0484789,0.300082,0.302156,0.0629165,0.555204,0.0198489,0.0533718,0.323628,0.0646593,0.0852593,0.0242586,0.51063,0.307549,0.0559007,0.0478702,0.257059,0.313002,-0.01133,0.0931536,0.305071,0.222849,0.575421,0.73971,0.731369,0.0945873,0.140758,0.00515273,0.390517,0.231635,0.00394333,0.0450732,0.0397438,0.178097,-0.156842,0.537529,0.0346961,-0.0227615
0.301995,0.042449,-0.179585,0.534719,0.292165,0.178167,-0.0434733,0.345734,0.112931,0.104733,0.0609372,0.715239,0.508533,0.238201,0.498766,0.086347,0.12468,-0.0617029,0.270867,0.372896,0.243716,0.233959,0.47115,0.51576,0.320823,0.664376,0.183315,0.17761,0.269577,0.587575,0.483694,0.10709,0.0494479,0.300586,0.300016,0.0609001,0.554383,0.0214257,0.0532489,0.323534,0.0626774,0.0847882,0.0246282,0.514287,0.31241,0.0560692,0.048049,0.256774,0.310623,-0.0115496,0.0939806,0.307583,0.224832,0.575508,0.739382,0.733553,0.0953856,0.140915,0.00541098,0.391502,0.232634,0.00519182,0.0447784,0.0399348,0.178051,-0.156842,0.541214,0.030313,-0.0220878
0.302995,0.0440535,-0.179214,0.534759,0.291024,0.179239,-0.0434457,0.345491,0.113342,0.106674,0.0611328,0.711921,0.508075,0.245305,0.498228,0.0857935,0.124108,-0.0625883,0.269382,0.373976,0.242999,0.236973,0.477561,0.517395,0.323796,0.668163,0.182746,0.181914,0.268963,0.589165,0.485436,0.111276,0.0504193,0.301084,0.297882,0.0596017,0.553577,0.0229845,0.0531317,0.323442,0.0606897,0.0843133,0.0250258,0.517929,0.317205,0.0562524,0.0482292,0.256495,0.308249,-0.011769,0.0948022,0.3101,0.226827,0.575624,0.739048,0.73572,0.0962132,0.141068,0.00565596,0.392481,0.233648,0.00647213,0.044469,0.0401419,0.177995,-0.156753,0.544833,0.0259766,-0.0214212
0.303995,0.0454903,-0.17883,0.534783,0.289888,0.180307,-0.0434453,0.345261,0.113785,0.108609,0.0613252,0.708613,0.507687,0.252492,0.497679,0.0852429,0.123529,-0.0632065,0.267856,0.375298,0.242301,0.239981,0.483977,0.519,0.326763,0.671943,0.182187,0.186273,0.268366,0.590776,0.487194,0.115037,0.0513925,0.301575,0.295755,0.0590073,0.552786,0.0245245,0.05302,0.323352,0.0586959,0.0838352,0.0254526,0.521554,0.321932,0.0564509,0.048412,0.256223,0.305881,-0.0119878,0.0956178,0.312623,0.228831,0.575771,0.73871,0.73787,0.0970712,0.141218,0.00588791,0.393454,0.234676,0.00778307,0.0441465,0.0403635,0.17793,-0.156579,0.54839,0.0216983,-0.0207616
0.304995,0.0467606,-0.178434,0.534792,0.288756,0.18137,-0.0434721,0.345044,0.114258,0.110535,0.0615152,0.705315,0.507369,0.259741,0.497119,0.0846955,0.122945,-0.0635526,0.26629,0.376858,0.241623,0.242981,0.490395,0.520575,0.329724,0.675717,0.181639,0.190681,0.267787,0.592409,0.488969,0.118368,0.0523668,0.30206,0.293635,0.0590842,0.552009,0.0260454,0.0529135,0.323264,0.0566957,0.0833544,0.0259101,0.525162,0.326593,0.056665,0.0485982,0.255958,0.303521,-0.0122055,0.0964268,0.315151,0.230845,0.575947,0.738368,0.740003,0.0979599,0.141364,0.00610696,0.39442,0.23572,0.00912348,0.0438123,0.0405982,0.177854,-0.156322,0.551888,0.0174891,-0.020109
0.305995,0.0478678,-0.178024,0.534785,0.287627,0.18243,-0.0435267,0.344841,0.114761,0.112451,0.0617038,0.702028,0.507121,0.267033,0.496548,0.0841518,0.122354,-0.0636248,0.264684,0.37865,0.240967,0.245973,0.496814,0.522119,0.332679,0.679484,0.181102,0.195133,0.267226,0.594063,0.490761,0.121271,0.0533415,0.302538,0.291524,0.059786,0.551246,0.0275469,0.0528118,0.323178,0.0546886,0.0828715,0.0263993,0.528752,0.331188,0.0568949,0.0487885,0.2557,0.301169,-0.0124216,0.0972287,0.317683,0.232868,0.576153,0.738021,0.742119,0.0988791,0.141507,0.00631313,0.39538,0.23678,0.0104921,0.0434675,0.040844,0.177769,-0.155986,0.555329,0.0133591,-0.0194632
0.306995,0.0488166,-0.177602,0.534762,0.286501,0.183484,-0.0436095,0.344651,0.115294,0.114357,0.0618916,0.698752,0.506941,0.274358,0.495967,0.0836125,0.121756,-0.0634236,0.263041,0.380668,0.240335,0.248957,0.503233,0.523633,0.335628,0.683242,0.180576,0.199627,0.266684,0.595737,0.492568,0.123756,0.054316,0.30301,0.289424,0.0610582,0.550495,0.0290291,0.0527146,0.323095,0.052674,0.0823867,0.0269219,0.532324,0.335717,0.0571406,0.048983,0.255449,0.298826,-0.0126353,0.0980231,0.320218,0.234898,0.576389,0.737669,0.744217,0.0998279,0.141646,0.00650625,0.396334,0.237856,0.0118878,0.0431133,0.041099,0.177673,-0.155575,0.558718,0.00931774,-0.0188241
0.307995,0.0496124,-0.177167,0.534723,0.285379,0.184534,-0.0437215,0.344475,0.115857,0.116251,0.0620795,0.695488,0.50683,0.281709,0.495377,0.0830781,0.121153,-0.0629518,0.261361,0.382905,0.239727,0.251932,0.509649,0.525117,0.338572,0.686991,0.180062,0.204159,0.26616,0.597431,0.494391,0.125839,0.0552899,0.303474,0.287342,0.062844,0.549758,0.0304922,0.0526216,0.323014,0.0506514,0.0819006,0.0274793,0.535876,0.340182,0.0574019,0.0491822,0.255206,0.296493,-0.0128463,0.0988099,0.322756,0.236936,0.576654,0.737313,0.746298,0.100804,0.141782,0.00668599,0.397281,0.238949,0.013309,0.0427504,0.0413614,0.177568,-0.155091,0.562057,0.00537408,-0.0181916
0.308995,0.0502605,-0.176719,0.534668,0.28426,0.18558,-0.0438636,0.344312,0.116448,0.118134,0.0622679,0.692237,0.506787,0.28908,0.494778,0.0825494,0.120543,-0.0622143,0.259645,0.385354,0.239145,0.254898,0.516061,0.526568,0.341509,0.69073,0.179561,0.208725,0.265655,0.599145,0.49623,0.12754,0.0562625,0.303932,0.285292,0.0650887,0.549033,0.0319367,0.0525323,0.322935,0.0486198,0.0814135,0.0280733,0.539407,0.344582,0.0576785,0.0493863,0.25497,0.29417,-0.0130537,0.099589,0.325296,0.238979,0.57695,0.736953,0.74836,0.101807,0.141914,0.00685179,0.398223,0.240058,0.0147544,0.0423797,0.0416289,0.177453,-0.154539,0.565348,0.00153651,-0.0175654
0.309995,0.0507656,-0.176258,0.534598,0.283144,0.186621,-0.0440376,0.344164,0.117068,0.120005,0.0624574,0.688999,0.506811,0.296471,0.494169,0.0820272,0.119926,-0.0612184,0.257896,0.388009,0.238593,0.257855,0.522468,0.527988,0.344441,0.694458,0.179072,0.213323,0.265168,0.600879,0.498085,0.128879,0.0572334,0.304382,0.283315,0.0677422,0.548321,0.0333628,0.0524463,0.322858,0.0465786,0.0809256,0.0287057,0.542919,0.348919,0.0579699,0.0495956,0.254742,0.291857,-0.0132571,0.100361,0.327837,0.241029,0.577275,0.736587,0.750405,0.102834,0.142042,0.00700279,0.399158,0.241185,0.0162224,0.0420017,0.0418998,0.177327,-0.153922,0.568593,-0.0021869,-0.0169454
0.310995,0.0511314,-0.175784,0.534511,0.28203,0.187658,-0.0442454,0.344029,0.117715,0.121865,0.0626487,0.685775,0.506902,0.30388,0.493552,0.0815123,0.119304,-0.0599742,0.256113,0.390861,0.238075,0.260801,0.528869,0.529376,0.347366,0.698175,0.178597,0.21795,0.264701,0.602632,0.499955,0.129882,0.0582019,0.304825,0.281427,0.0707594,0.54762,0.034771,0.0523634,0.322783,0.044527,0.0804373,0.0293789,0.546408,0.353194,0.0582755,0.0498103,0.254522,0.289553,-0.013456,0.101128,0.33038,0.243084,0.57763,0.736217,0.75243,0.103884,0.142166,0.00713775,0.400087,0.242329,0.0177116,0.0416169,0.042172,0.177192,-0.153242,0.571794,-0.00578845,-0.0163314
0.311995,0.0513606,-0.175297,0.534408,0.280918,0.18869,-0.0444894,0.343909,0.118389,0.123714,0.062842,0.682566,0.507058,0.311306,0.492927,0.0810059,0.118675,-0.0584938,0.254298,0.393903,0.237599,0.263737,0.535263,0.530731,0.350285,0.70188,0.178136,0.222605,0.264252,0.604404,0.50184,0.13057,0.0591677,0.305261,0.279604,0.0741009,0.54693,0.0361617,0.052283,0.32271,0.0424645,0.0799489,0.030095,0.549876,0.357408,0.0585947,0.0500304,0.254309,0.28726,-0.0136499,0.10189,0.332923,0.245143,0.578015,0.735842,0.754438,0.104955,0.142287,0.00725494,0.401011,0.243492,0.0192202,0.0412257,0.0424436,0.177047,-0.152504,0.574953,-0.00926074,-0.0157232
0.312995,0.0514549,-0.174797,0.534288,0.279808,0.189718,-0.0447726,0.343803,0.119089,0.125552,0.0630379,0.679372,0.507281,0.318749,0.492294,0.080509,0.118039,-0.056791,0.252453,0.397126,0.237175,0.266662,0.541647,0.532052,0.353198,0.705572,0.177688,0.227286,0.263823,0.606194,0.503739,0.130968,0.0601302,0.305689,0.277829,0.0777318,0.546251,0.037535,0.0522048,0.322639,0.0403911,0.0794606,0.0308567,0.553321,0.361562,0.0589268,0.0502557,0.254104,0.284977,-0.0138387,0.102648,0.335466,0.247207,0.57843,0.735462,0.756426,0.106046,0.142403,0.00735213,0.401928,0.244674,0.0207464,0.0408285,0.0427131,0.176892,-0.15171,0.578071,-0.0125967,-0.0151207
0.313995,0.0514152,-0.174283,0.534153,0.2787,0.190741,-0.045098,0.343712,0.119815,0.127381,0.0632366,0.676193,0.507568,0.326207,0.491654,0.0800228,0.117398,-0.0548806,0.250578,0.400524,0.2368,0.269576,0.548022,0.533341,0.356105,0.70925,0.177256,0.23199,0.263413,0.608002,0.505653,0.131099,0.0610888,0.306109,0.276099,0.0816215,0.545584,0.0388912,0.0521285,0.322571,0.0383071,0.0789726,0.0316666,0.556744,0.365657,0.0592709,0.0504857,0.253905,0.282706,-0.0140221,0.103401,0.338008,0.249274,0.578875,0.735077,0.758396,0.107155,0.142516,0.0074269,0.402839,0.245875,0.0222883,0.0404253,0.0429788,0.176728,-0.150862,0.581149,-0.0157895,-0.0145236
0.314995,0.0512419,-0.173757,0.534,0.277594,0.191759,-0.0454684,0.343635,0.120564,0.1292,0.0634386,0.673031,0.50792,0.333678,0.491006,0.0795487,0.11675,-0.0527774,0.248676,0.404087,0.236469,0.272479,0.554386,0.534595,0.359005,0.712914,0.176839,0.236717,0.263023,0.609828,0.50758,0.130985,0.0620429,0.306522,0.27442,0.0857429,0.544926,0.0402303,0.0520536,0.322504,0.036214,0.0784851,0.0325273,0.560142,0.369696,0.0596261,0.0507198,0.253713,0.280448,-0.0141999,0.104145,0.340549,0.251345,0.57935,0.734687,0.760346,0.108283,0.142624,0.00747723,0.403743,0.247096,0.0238437,0.0400164,0.0432394,0.176553,-0.149965,0.584189,-0.018833,-0.0139317
0.315995,0.0509353,-0.173217,0.533832,0.276489,0.192772,-0.0458865,0.343573,0.121338,0.131011,0.063644,0.669886,0.508336,0.341161,0.490351,0.0790879,0.116096,-0.0504959,0.246746,0.407806,0.236175,0.275369,0.560738,0.535814,0.361898,0.716562,0.176438,0.241465,0.262652,0.611671,0.509521,0.130645,0.062992,0.306927,0.272808,0.0900721,0.544279,0.0415522,0.0519799,0.322439,0.0341137,0.0779984,0.033441,0.563516,0.373678,0.0599916,0.0509575,0.253527,0.278206,-0.0143719,0.104876,0.343089,0.253418,0.579854,0.734292,0.762277,0.109428,0.142729,0.00750206,0.404642,0.248338,0.0254109,0.0396018,0.0434937,0.176368,-0.14902,0.58719,-0.0217219,-0.0133447
0.316995,0.050496,-0.172665,0.533647,0.275386,0.193781,-0.0463535,0.343526,0.122134,0.132814,0.0638531,0.666758,0.508815,0.348653,0.489689,0.0786415,0.115435,-0.0480499,0.244791,0.411675,0.235917,0.278247,0.567077,0.536999,0.364785,0.720195,0.176053,0.246233,0.2623,0.61353,0.511475,0.130099,0.0639354,0.307323,0.271288,0.0945874,0.543641,0.0428569,0.051907,0.322376,0.0320089,0.0775124,0.0344099,0.566866,0.377605,0.0603665,0.0511982,0.253346,0.275985,-0.0145378,0.105591,0.345626,0.255494,0.580388,0.733892,0.764188,0.11059,0.142829,0.00750124,0.405534,0.249601,0.0269881,0.0391814,0.0437407,0.176174,-0.14803,0.590155,-0.0244519,-0.0127626
0.317995,0.049925,-0.172099,0.533445,0.274283,0.194786,-0.04687,0.343493,0.122952,0.13461,0.0640662,0.663648,0.509358,0.356155,0.48902,0.0782104,0.114768,-0.0454521,0.242812,0.415684,0.235695,0.281113,0.573402,0.538147,0.367665,0.72381,0.175685,0.25102,0.261969,0.615405,0.513441,0.129365,0.0648727,0.307712,0.269876,0.0992695,0.543013,0.0441443,0.0518349,0.322314,0.0299029,0.0770275,0.0354354,0.570191,0.38148,0.0607498,0.0514412,0.253171,0.273789,-0.0146972,0.106287,0.348161,0.257571,0.580952,0.733487,0.766079,0.111768,0.142925,0.00747485,0.40642,0.250885,0.0285741,0.0387554,0.0439798,0.175969,-0.146998,0.593084,-0.0270207,-0.012185
0.318995,0.049224,-0.171519,0.533227,0.273181,0.195785,-0.0474356,0.343476,0.123791,0.136399,0.0642835,0.660557,0.509962,0.363664,0.488345,0.0777954,0.114095,-0.0427146,0.24081,0.419825,0.235509,0.283965,0.579713,0.53926,0.370539,0.727409,0.175334,0.255826,0.261658,0.617296,0.51542,0.128457,0.065803,0.308093,0.268563,0.104101,0.542393,0.0454141,0.0517634,0.322255,0.0277996,0.0765437,0.0365185,0.57349,0.385302,0.0611405,0.0516861,0.253001,0.271628,-0.0148494,0.106963,0.350692,0.25965,0.581546,0.733076,0.76795,0.112965,0.143016,0.00742286,0.4073,0.252192,0.0301684,0.0383235,0.0442106,0.175755,-0.145925,0.595978,-0.0294283,-0.0116117
0.319995,0.0483956,-0.170927,0.532992,0.27208,0.196779,-0.0480493,0.343472,0.124651,0.138181,0.0645051,0.657485,0.510629,0.37118,0.487664,0.0773967,0.113416,-0.0398483,0.238786,0.42409,0.235359,0.286805,0.586008,0.540336,0.373405,0.730989,0.175001,0.260648,0.261367,0.619202,0.51741,0.127391,0.0667259,0.308465,0.267332,0.109067,0.541782,0.0466663,0.0516923,0.322196,0.0257027,0.0760612,0.0376593,0.576763,0.389073,0.0615378,0.0519323,0.252835,0.269503,-0.0149937,0.107619,0.35322,0.26173,0.58217,0.732661,0.7698,0.114183,0.143104,0.00734509,0.408173,0.253521,0.0317704,0.0378858,0.0444327,0.17553,-0.144813,0.598837,-0.0316774,-0.0110424
0.320995,0.047443,-0.170321,0.53274,0.270979,0.197769,-0.04871,0.343484,0.125531,0.139958,0.0647312,0.654432,0.511356,0.378702,0.486977,0.0770145,0.11273,-0.0368641,0.23674,0.428472,0.235247,0.28963,0.592287,0.541375,0.376265,0.73455,0.174687,0.265487,0.261098,0.621123,0.519411,0.126181,0.0676406,0.308829,0.266171,0.114152,0.541178,0.0479007,0.0516218,0.32214,0.0236161,0.07558,0.0388574,0.580011,0.392796,0.0619406,0.0521795,0.252674,0.267413,-0.0151296,0.108281,0.355745,0.263811,0.582823,0.73224,0.77163,0.115425,0.143187,0.00724136,0.40904,0.254873,0.03338,0.0374421,0.0446462,0.175296,-0.143666,0.601663,-0.0337738,-0.010477
0.321995,0.0463705,-0.169702,0.532471,0.269878,0.198753,-0.0494163,0.343509,0.126429,0.14173,0.064962,0.651399,0.512145,0.386231,0.486285,0.0766486,0.112039,-0.0337718,0.234675,0.432963,0.23517,0.292442,0.598549,0.542377,0.379117,0.738092,0.174392,0.270342,0.260849,0.623057,0.521423,0.12484,0.0685466,0.309185,0.265075,0.119346,0.540582,0.0491171,0.0515521,0.322085,0.0215435,0.0751002,0.0401116,0.583231,0.39647,0.0623481,0.0524275,0.252515,0.265351,-0.0152564,0.108936,0.358265,0.265891,0.583505,0.731814,0.773439,0.116693,0.143265,0.00711153,0.4099,0.256247,0.0349973,0.0369924,0.0448513,0.175052,-0.142484,0.604456,-0.0357255,-0.00991528
0.322995,0.0451826,-0.169069,0.532185,0.268778,0.199733,-0.0501668,0.343549,0.127346,0.143497,0.0651975,0.648386,0.512994,0.393766,0.485587,0.0762991,0.11134,-0.0305813,0.232591,0.437557,0.235129,0.29524,0.604793,0.54334,0.381962,0.741614,0.174116,0.275212,0.260623,0.625005,0.523444,0.123379,0.0694432,0.309532,0.26404,0.124635,0.539992,0.0503154,0.0514834,0.322031,0.0194882,0.0746219,0.04142,0.586425,0.400097,0.0627596,0.052676,0.25236,0.263317,-0.0153739,0.109565,0.360781,0.267972,0.584217,0.731383,0.775227,0.11799,0.143339,0.00695557,0.410753,0.257645,0.0366221,0.0365368,0.0450483,0.174798,-0.141269,0.607217,-0.0375426,-0.00935692
0.323995,0.0438844,-0.168424,0.531883,0.267677,0.200708,-0.0509593,0.343603,0.128281,0.145259,0.065438,0.645393,0.513903,0.401307,0.484885,0.075966,0.110636,-0.0273017,0.230489,0.442247,0.235122,0.298024,0.611019,0.544264,0.384799,0.745114,0.173861,0.280096,0.260418,0.626966,0.525475,0.121811,0.07033,0.309871,0.26306,0.130012,0.539409,0.0514954,0.0514161,0.321978,0.0174528,0.0741453,0.04278,0.589591,0.403679,0.0631742,0.0529248,0.252207,0.261313,-0.0154819,0.110167,0.363291,0.270052,0.584958,0.730946,0.776993,0.119315,0.143409,0.00677339,0.411599,0.259067,0.0382541,0.0360752,0.0452377,0.174534,-0.140024,0.609947,-0.0392359,-0.00880176
0.324995,0.0424811,-0.167764,0.531563,0.266577,0.201677,-0.051791,0.343671,0.129233,0.147018,0.0656834,0.642422,0.514871,0.408852,0.484178,0.0756493,0.109925,-0.023942,0.228369,0.447027,0.235148,0.300792,0.617225,0.545149,0.387629,0.748593,0.173627,0.284994,0.260236,0.628939,0.527515,0.120145,0.0712064,0.310201,0.262128,0.135465,0.538832,0.0526572,0.051351,0.321927,0.0154397,0.0736703,0.0441888,0.59273,0.407217,0.0635914,0.0531738,0.252056,0.25934,-0.0155803,0.110742,0.365797,0.272131,0.585728,0.730504,0.778738,0.120666,0.143473,0.0065648,0.412438,0.260511,0.0398927,0.0356078,0.0454201,0.17426,-0.138748,0.612646,-0.0408163,-0.00824959
0.325995,0.0409779,-0.167092,0.531226,0.265476,0.202641,-0.052657,0.343751,0.130202,0.148772,0.0659339,0.639471,0.515899,0.4164,0.483467,0.0753497,0.109208,-0.0205108,0.226233,0.451891,0.235203,0.303546,0.623411,0.545994,0.390452,0.75205,0.173414,0.289905,0.260078,0.630924,0.529562,0.11839,0.072072,0.310522,0.261237,0.140989,0.53826,0.0538007,0.0512887,0.321876,0.0134506,0.073197,0.0456432,0.595842,0.410711,0.0640106,0.053423,0.251906,0.257407,-0.0156693,0.111291,0.368296,0.274209,0.586528,0.730058,0.780461,0.122041,0.143534,0.00632925,0.413271,0.261979,0.0415369,0.0351348,0.0455962,0.173975,-0.137445,0.615317,-0.042294,-0.00770023
0.326995,0.0393802,-0.166406,0.530872,0.264374,0.2036,-0.0535508,0.343845,0.131187,0.150522,0.0661897,0.636542,0.516984,0.423952,0.482752,0.0750675,0.108485,-0.0170162,0.224082,0.456833,0.235287,0.306285,0.629577,0.546799,0.393266,0.755484,0.173224,0.294829,0.259943,0.63292,0.531617,0.116555,0.0729265,0.310835,0.260378,0.146576,0.537692,0.0549257,0.0512303,0.321827,0.0114865,0.0727255,0.04714,0.598925,0.414163,0.0644313,0.0536724,0.251758,0.255516,-0.0157491,0.111816,0.37079,0.276285,0.587356,0.729606,0.782162,0.123436,0.143589,0.00606561,0.414096,0.26347,0.0431855,0.0346565,0.0457666,0.173681,-0.136115,0.617959,-0.0436782,-0.0071535
0.327995,0.0376928,-0.165707,0.5305,0.263272,0.204553,-0.0544631,0.343952,0.132188,0.152269,0.0664506,0.633635,0.518127,0.431504,0.482034,0.0748032,0.107756,-0.0134657,0.221916,0.461849,0.235396,0.309008,0.635721,0.547563,0.396073,0.758895,0.173058,0.299764,0.259832,0.634927,0.533679,0.114648,0.0737695,0.311139,0.259547,0.152219,0.537129,0.0560324,0.0511767,0.321778,0.00954848,0.0722557,0.0486762,0.60198,0.417574,0.0648531,0.053922,0.25161,0.253673,-0.0158199,0.112315,0.373277,0.278359,0.588212,0.729149,0.783841,0.12485,0.14364,0.00577153,0.414914,0.264985,0.0448366,0.0341732,0.0459322,0.173377,-0.13476,0.620573,-0.0449772,-0.00660924
0.328995,0.0359207,-0.164994,0.530111,0.262169,0.205502,-0.0553824,0.34407,0.133203,0.154013,0.0667169,0.630749,0.519327,0.439056,0.481312,0.0745568,0.10702,-0.00986644,0.219735,0.466935,0.23553,0.311715,0.641844,0.548285,0.398872,0.762281,0.172917,0.304711,0.259746,0.636943,0.535747,0.112676,0.0746008,0.311434,0.258743,0.157913,0.53657,0.0571207,0.0511295,0.321729,0.00763761,0.0717878,0.050249,0.605007,0.420945,0.0652758,0.0541719,0.251464,0.251875,-0.0158818,0.11279,0.375758,0.280431,0.589097,0.728686,0.785497,0.126282,0.143686,0.00544225,0.415725,0.266523,0.0464883,0.0336854,0.0460935,0.173062,-0.133381,0.623161,-0.0461979,-0.00606733
0.329995,0.0340684,-0.164269,0.529705,0.261066,0.206444,-0.0562963,0.344201,0.134234,0.155753,0.0669885,0.627884,0.520584,0.446606,0.480589,0.0743282,0.106278,-0.00622501,0.217541,0.472085,0.235685,0.314406,0.647944,0.548965,0.401663,0.765643,0.172801,0.309669,0.259685,0.638969,0.53782,0.110645,0.0754203,0.311721,0.257963,0.163653,0.536014,0.0581906,0.0510899,0.321681,0.00575549,0.0713218,0.0518557,0.608005,0.424277,0.065699,0.0544223,0.251317,0.250123,-0.0159351,0.11324,0.378232,0.282501,0.59001,0.728219,0.78713,0.127733,0.143727,0.00506773,0.416528,0.268085,0.0481387,0.0331935,0.0462513,0.172738,-0.131978,0.625723,-0.0473461,-0.00552766
0.330995,0.0321403,-0.16353,0.529282,0.259962,0.207381,-0.0571942,0.344343,0.135279,0.15749,0.0672656,0.625042,0.521897,0.454153,0.479864,0.0741177,0.10553,-0.00254741,0.215335,0.477295,0.235861,0.317081,0.654021,0.549603,0.404445,0.768979,0.172713,0.314636,0.259651,0.641003,0.539898,0.108561,0.0762281,0.311998,0.25721,0.169433,0.535462,0.0592422,0.0510595,0.321634,0.00390476,0.0708577,0.053493,0.610974,0.42757,0.0661226,0.0546732,0.251171,0.248412,-0.01598,0.113666,0.380699,0.284567,0.590951,0.727747,0.78874,0.129199,0.143763,0.00463167,0.417324,0.26967,0.0497859,0.0326979,0.0464063,0.172403,-0.130553,0.628261,-0.0484269,-0.00499015
0.331995,0.0301404,-0.162777,0.528841,0.258857,0.208313,-0.0580706,0.344495,0.136338,0.159224,0.0675481,0.622221,0.523265,0.461695,0.479136,0.0739268,0.104775,0.00116088,0.213116,0.482562,0.236056,0.31974,0.660074,0.550199,0.407219,0.772289,0.172653,0.319614,0.259642,0.643046,0.541981,0.106427,0.077024,0.312267,0.256486,0.175251,0.534913,0.0602755,0.0510397,0.321586,0.00208947,0.0703955,0.0551568,0.613914,0.430825,0.0665465,0.0549249,0.251025,0.246739,-0.0160166,0.114067,0.383158,0.286631,0.591919,0.72727,0.790327,0.130667,0.143794,0.00413574,0.418112,0.271277,0.0514283,0.0321993,0.046559,0.172057,-0.129108,0.630774,-0.0494445,-0.00445473
0.332995,0.0280727,-0.162011,0.528382,0.257752,0.209238,-0.0589255,0.344658,0.137411,0.160954,0.0678361,0.619422,0.524689,0.46923,0.478408,0.0737589,0.104014,0.00489485,0.210885,0.487883,0.23627,0.322382,0.666103,0.55075,0.409984,0.775573,0.172622,0.3246,0.259661,0.645096,0.544066,0.104249,0.0778084,0.312526,0.255795,0.181101,0.534367,0.0612907,0.0510319,0.321539,0.000315217,0.0699352,0.0568415,0.616825,0.434044,0.0669705,0.0551776,0.250879,0.245103,-0.0160452,0.114443,0.38561,0.28869,0.592915,0.726789,0.79189,0.132132,0.14382,0.00359625,0.418893,0.272906,0.0530652,0.031698,0.0467101,0.171702,-0.127642,0.633264,-0.0504023,-0.00392138
0.333995,0.0259409,-0.161232,0.527906,0.256645,0.210158,-0.0597625,0.344831,0.138497,0.162682,0.0681297,0.616645,0.526166,0.476757,0.477679,0.0736174,0.103247,0.00865001,0.208644,0.493253,0.2365,0.325007,0.672107,0.551258,0.412741,0.778829,0.172622,0.329594,0.259706,0.647153,0.546155,0.10203,0.0785814,0.312777,0.25514,0.18698,0.533823,0.0622877,0.0510371,0.321492,-0.00141104,0.0694768,0.0585397,0.619707,0.437226,0.0673945,0.0554316,0.250732,0.2435,-0.016066,0.114797,0.388053,0.290747,0.593938,0.726302,0.79343,0.133591,0.143841,0.00302156,0.419667,0.274557,0.0546962,0.0311945,0.04686,0.171335,-0.126156,0.635731,-0.0513032,-0.00339009
0.334994,0.0237484,-0.16044,0.527412,0.255538,0.211072,-0.060586,0.345013,0.139595,0.164406,0.0684287,0.613889,0.527697,0.484274,0.47695,0.0735012,0.102474,0.0124223,0.206392,0.498669,0.236747,0.327616,0.678085,0.551722,0.415489,0.782058,0.172655,0.334596,0.259779,0.649215,0.548245,0.0997716,0.0793431,0.313018,0.254529,0.192886,0.533282,0.0632667,0.0510559,0.321444,-0.00308159,0.0690204,0.0602418,0.622559,0.440373,0.0678185,0.055687,0.250585,0.241929,-0.0160792,0.115128,0.390489,0.292799,0.594987,0.725811,0.794945,0.135044,0.143857,0.00241494,0.420433,0.276228,0.0563215,0.0306894,0.0470092,0.170959,-0.124653,0.638176,-0.0521498,-0.00286091
0.335994,0.0214989,-0.159634,0.526901,0.25443,0.21198,-0.0614,0.345204,0.140706,0.166126,0.0687334,0.611154,0.529281,0.491779,0.476221,0.0734056,0.101694,0.0162081,0.20413,0.504128,0.237009,0.330206,0.684038,0.552141,0.418228,0.785258,0.17272,0.339605,0.259881,0.651284,0.550337,0.0974773,0.0800939,0.313251,0.253964,0.198814,0.532744,0.0642279,0.0510885,0.321396,-0.00468883,0.068566,0.0619367,0.625381,0.443485,0.0682426,0.0559441,0.250437,0.240387,-0.0160851,0.115439,0.392915,0.294847,0.596063,0.725316,0.796436,0.136492,0.143868,0.00177734,0.421191,0.27792,0.0579416,0.0301831,0.047158,0.170571,-0.123131,0.640599,-0.0529442,-0.00233388
0.336994,0.0191955,-0.158816,0.526372,0.253321,0.212882,-0.062207,0.345404,0.141829,0.167844,0.0690436,0.608441,0.530917,0.499272,0.475493,0.0733265,0.100908,0.020004,0.201858,0.509627,0.237286,0.33278,0.689963,0.552516,0.420958,0.788429,0.172819,0.34462,0.26001,0.653357,0.552429,0.0951485,0.080834,0.313474,0.253451,0.204762,0.532208,0.0651714,0.0511346,0.321347,-0.00622626,0.0681136,0.0636115,0.628173,0.446562,0.0686668,0.0562032,0.250288,0.238874,-0.0160839,0.115729,0.395333,0.29689,0.597164,0.724816,0.797902,0.137932,0.143874,0.001108,0.421942,0.279631,0.0595572,0.029676,0.0473069,0.170172,-0.121593,0.643002,-0.0536885,-0.00180909
0.337994,0.0168415,-0.157984,0.525825,0.252212,0.213777,-0.0630087,0.345611,0.142964,0.169557,0.0693594,0.605749,0.532606,0.506751,0.474765,0.0732615,0.100116,0.0238073,0.199577,0.515163,0.237578,0.335335,0.695862,0.552845,0.423679,0.79157,0.172952,0.34964,0.260168,0.655435,0.554522,0.0927866,0.0815638,0.313689,0.252989,0.210727,0.531674,0.0660974,0.0511936,0.321297,-0.00768914,0.0676631,0.0652529,0.630936,0.449605,0.0690912,0.0564642,0.250138,0.237386,-0.0160758,0.115999,0.397741,0.298929,0.598291,0.724312,0.799343,0.139363,0.143875,0.000403996,0.422686,0.281361,0.0611688,0.0291686,0.0474558,0.169763,-0.120038,0.645383,-0.0543842,-0.00128666
0.338994,0.0144401,-0.157138,0.525261,0.251102,0.214667,-0.0638051,0.345825,0.144111,0.171267,0.0696808,0.603077,0.534346,0.514214,0.474039,0.0732094,0.0993168,0.0276154,0.197288,0.520733,0.237884,0.337873,0.701733,0.553129,0.42639,0.794682,0.173121,0.354666,0.260355,0.657517,0.556613,0.0903924,0.0822836,0.313894,0.252577,0.216707,0.531143,0.0670061,0.0512649,0.321247,-0.00907441,0.0672147,0.0668484,0.633668,0.452614,0.0695158,0.0567275,0.249986,0.235923,-0.0160613,0.11625,0.40014,0.300962,0.599443,0.723803,0.80076,0.140782,0.14387,-0.000340156,0.423422,0.283107,0.0627765,0.0286611,0.0476052,0.169342,-0.118468,0.647743,-0.0550332,-0.000766713
0.339994,0.0119941,-0.15628,0.524679,0.249991,0.21555,-0.064595,0.346046,0.145268,0.172973,0.0700078,0.600426,0.536136,0.52166,0.473315,0.0731694,0.0985117,0.0314258,0.194991,0.526334,0.238204,0.340393,0.707575,0.553368,0.429092,0.797763,0.173325,0.359695,0.26057,0.659601,0.558704,0.0879666,0.0829937,0.31409,0.252209,0.222699,0.530615,0.0678977,0.0513475,0.321195,-0.0103799,0.0667682,0.0683879,0.63637,0.45559,0.0699407,0.0569931,0.249833,0.234482,-0.0160405,0.11648,0.40253,0.302991,0.600619,0.723291,0.80215,0.142186,0.143861,-0.00113141,0.424151,0.28487,0.0643804,0.0281541,0.047755,0.168909,-0.116883,0.650083,-0.0556369,-0.000249419
0.340994,0.00950674,-0.155409,0.524079,0.24888,0.216426,-0.0653756,0.346274,0.146435,0.174676,0.0703403,0.597795,0.537977,0.529088,0.472592,0.073141,0.0977002,0.0352368,0.192687,0.531963,0.238538,0.342894,0.713389,0.553562,0.431784,0.800813,0.173567,0.364728,0.260814,0.661689,0.560792,0.0855095,0.0836944,0.314277,0.251881,0.228701,0.53009,0.0687724,0.0514406,0.321143,-0.0116031,0.0663237,0.0698655,0.639042,0.458533,0.0703659,0.0572609,0.249678,0.233064,-0.0160138,0.11669,0.404909,0.305014,0.601819,0.722774,0.803516,0.143574,0.143846,-0.00197343,0.424872,0.286649,0.0659803,0.0276478,0.0479052,0.168465,-0.115283,0.652402,-0.0561968,0.000265036
0.341994,0.00698074,-0.154524,0.523462,0.247769,0.217296,-0.0661431,0.346507,0.147613,0.176374,0.0706784,0.595184,0.539868,0.536495,0.471872,0.0731236,0.0968823,0.0390464,0.190375,0.537618,0.238885,0.345377,0.719174,0.55371,0.434467,0.803831,0.173846,0.369763,0.261087,0.663778,0.562877,0.0830213,0.084386,0.314455,0.251587,0.234711,0.529568,0.0696303,0.0515433,0.321089,-0.0127399,0.0658812,0.0712793,0.641683,0.461444,0.0707915,0.0575309,0.249521,0.231665,-0.0159815,0.116882,0.407278,0.307031,0.603043,0.722253,0.804855,0.144945,0.143826,-0.00286279,0.425586,0.288442,0.0675753,0.0271426,0.048056,0.168008,-0.11367,0.6547,-0.0567146,0.000776441
0.342994,0.00441895,-0.153627,0.522827,0.246657,0.21816,-0.0668932,0.346745,0.148801,0.178068,0.071022,0.592593,0.541808,0.543881,0.471155,0.0731169,0.0960581,0.0428531,0.188056,0.543296,0.239248,0.347841,0.724929,0.553812,0.43714,0.806817,0.174166,0.374801,0.261389,0.665868,0.564959,0.0805021,0.0850688,0.314624,0.251321,0.240726,0.529049,0.0704718,0.0516545,0.321033,-0.0137842,0.0654407,0.0726295,0.644294,0.464322,0.0712174,0.0578029,0.249362,0.230286,-0.0159439,0.117057,0.409637,0.309042,0.604289,0.721729,0.806168,0.146299,0.1438,-0.00379307,0.426293,0.290249,0.0691646,0.0266387,0.0482073,0.16754,-0.112043,0.656977,-0.0571916,0.00128456
0.343994,0.00182408,-0.152716,0.522174,0.245545,0.219016,-0.0676221,0.346988,0.149998,0.179757,0.0713711,0.590021,0.543797,0.551245,0.470441,0.0731204,0.0952274,0.0466556,0.185731,0.548994,0.239625,0.350287,0.730654,0.55387,0.439802,0.80977,0.174527,0.37984,0.261718,0.66796,0.567037,0.0779524,0.0857431,0.314783,0.251079,0.246746,0.528534,0.071297,0.0517732,0.320976,-0.0147268,0.0650022,0.0739156,0.646874,0.467168,0.0716433,0.0580768,0.249201,0.228925,-0.0159012,0.117216,0.411985,0.311048,0.605559,0.7212,0.807455,0.14764,0.143769,-0.00476011,0.426992,0.292069,0.0707468,0.0261365,0.048359,0.167058,-0.110403,0.659233,-0.0576295,0.00178913
0.344994,-0.000801271,-0.151793,0.521503,0.244434,0.219866,-0.068327,0.347235,0.151204,0.181441,0.0717257,0.587468,0.545835,0.558584,0.46973,0.0731338,0.0943904,0.0504527,0.1834,0.554711,0.240017,0.352713,0.736347,0.553883,0.442455,0.81269,0.174931,0.384879,0.262077,0.670052,0.56911,0.0753725,0.086409,0.314934,0.250859,0.252769,0.528023,0.0721061,0.0518978,0.320917,-0.0155554,0.0645657,0.0751346,0.649423,0.469981,0.0720689,0.0583521,0.249037,0.227582,-0.0158538,0.117363,0.414321,0.313047,0.606849,0.720667,0.808715,0.148968,0.143733,-0.00576288,0.427685,0.2939,0.0723206,0.0256362,0.048511,0.166565,-0.108752,0.661468,-0.0580297,0.00228984
0.345994,-0.00345457,-0.150856,0.520815,0.243322,0.220709,-0.0690065,0.347486,0.152419,0.183121,0.0720857,0.584934,0.54792,0.565899,0.469023,0.0731566,0.0935469,0.0542433,0.181064,0.560442,0.240425,0.355121,0.74201,0.553851,0.445097,0.815577,0.175382,0.389918,0.262463,0.672143,0.571178,0.0727633,0.0870669,0.315075,0.250657,0.258791,0.527516,0.0728993,0.0520265,0.320856,-0.0162535,0.0641312,0.0762809,0.651941,0.472763,0.0724941,0.0586284,0.24887,0.226256,-0.0158017,0.117497,0.416647,0.31504,0.608162,0.720131,0.809948,0.150287,0.143692,-0.00680218,0.428371,0.295743,0.0738846,0.0251381,0.0486633,0.166058,-0.107088,0.663681,-0.0583938,0.00278638
0.346994,-0.0061334,-0.149907,0.520109,0.242211,0.221545,-0.0696604,0.34774,0.153642,0.184795,0.072451,0.582418,0.550054,0.573186,0.468321,0.0731882,0.092697,0.0580264,0.178722,0.566187,0.240848,0.357508,0.747641,0.553774,0.447729,0.818429,0.17588,0.394956,0.262877,0.674234,0.57324,0.0701259,0.087717,0.315207,0.250473,0.264813,0.527012,0.0736768,0.0521572,0.320792,-0.016801,0.0636986,0.0773486,0.654428,0.475513,0.0729182,0.0589054,0.248701,0.224947,-0.0157454,0.117621,0.418961,0.317026,0.609494,0.719591,0.811155,0.151598,0.143645,-0.00787917,0.429049,0.297596,0.0754379,0.0246424,0.0488157,0.165538,-0.105413,0.665872,-0.0587234,0.00327836
0.347994,-0.00883545,-0.148945,0.519385,0.241101,0.222374,-0.0702895,0.347997,0.154873,0.186465,0.0728217,0.57992,0.552234,0.580447,0.467622,0.0732282,0.0918407,0.0618013,0.176375,0.571943,0.241287,0.359877,0.75324,0.553655,0.450351,0.821247,0.176426,0.399992,0.263318,0.676324,0.575295,0.0674619,0.0883594,0.315331,0.250305,0.270832,0.526514,0.0744389,0.0522876,0.320727,-0.017177,0.0632681,0.0783333,0.656885,0.478232,0.073341,0.0591823,0.24853,0.223654,-0.0156848,0.117735,0.421262,0.319005,0.610847,0.719047,0.812334,0.152901,0.143593,-0.0089944,0.429721,0.299459,0.0769794,0.0241494,0.0489682,0.165005,-0.103727,0.66804,-0.0590199,0.00376534
0.348994,-0.0115585,-0.147971,0.518644,0.239992,0.223195,-0.0708953,0.348256,0.156111,0.188128,0.0731976,0.577439,0.554462,0.587678,0.466928,0.0732758,0.0909778,0.0655671,0.174024,0.577708,0.241741,0.362226,0.758806,0.553491,0.452961,0.82403,0.177019,0.405026,0.263786,0.678412,0.577344,0.0647729,0.0889943,0.315444,0.250154,0.276847,0.52602,0.0751857,0.0524157,0.320659,-0.0173671,0.0628395,0.079234,0.65931,0.480919,0.0737618,0.0594584,0.248356,0.222377,-0.0156204,0.11784,0.423552,0.320977,0.612219,0.7185,0.813485,0.154196,0.143535,-0.0101476,0.430386,0.301332,0.0785088,0.0236592,0.0491207,0.16446,-0.102031,0.670185,-0.0592847,0.00424682
0.349994,-0.0143005,-0.146983,0.517885,0.238884,0.22401,-0.07148,0.348517,0.157356,0.189786,0.0735786,0.574976,0.556736,0.594879,0.466238,0.07333,0.0901086,0.0693232,0.171668,0.58348,0.24221,0.364555,0.764339,0.553285,0.455561,0.826778,0.177657,0.410056,0.264281,0.680498,0.579384,0.0620607,0.0896218,0.315549,0.250019,0.282856,0.525532,0.0759173,0.0525399,0.320588,-0.0173703,0.0624129,0.0800532,0.661703,0.483575,0.0741804,0.0597331,0.248179,0.221116,-0.0155521,0.117936,0.425829,0.322942,0.61361,0.717949,0.814608,0.155483,0.143473,-0.0113376,0.431045,0.303213,0.0800256,0.0231722,0.0492732,0.163901,-0.100325,0.672306,-0.0595194,0.00472218
0.350994,-0.0170593,-0.145983,0.517109,0.237778,0.224817,-0.0720461,0.34878,0.158607,0.191438,0.0739648,0.57253,0.559055,0.60205,0.465554,0.0733898,0.0892328,0.0730691,0.169308,0.589257,0.242692,0.366864,0.769839,0.553037,0.45815,0.82949,0.178339,0.415082,0.264803,0.682581,0.581417,0.0593275,0.0902422,0.315645,0.249899,0.288859,0.525048,0.0766341,0.0526596,0.320515,-0.0171957,0.0619883,0.0807948,0.664066,0.486199,0.0745962,0.0600055,0.248,0.21987,-0.0154802,0.118024,0.428094,0.3249,0.615019,0.717395,0.815704,0.156763,0.143404,-0.0125613,0.431696,0.305103,0.0815299,0.0226885,0.0494255,0.16333,-0.0986089,0.674404,-0.0597253,0.00519069
0.351994,-0.0198331,-0.144971,0.516315,0.236673,0.225616,-0.0725958,0.349044,0.159865,0.193083,0.0743559,0.5701,0.561421,0.609188,0.464875,0.0734543,0.0883506,0.076804,0.166945,0.595037,0.243188,0.369153,0.775305,0.552747,0.460728,0.832165,0.179064,0.420103,0.26535,0.684661,0.58344,0.056575,0.0908555,0.315732,0.249797,0.294853,0.52457,0.0773362,0.0527747,0.320439,-0.0168516,0.0615656,0.0814605,0.666397,0.488793,0.0750089,0.0602747,0.247818,0.218639,-0.0154048,0.118107,0.430346,0.326851,0.616445,0.716838,0.816771,0.158033,0.143331,-0.0138143,0.432342,0.307,0.0830215,0.0222084,0.0495777,0.162746,-0.0968838,0.676477,-0.0599037,0.00565144
0.352994,-0.0226202,-0.143946,0.515503,0.235571,0.226408,-0.0731311,0.349308,0.161128,0.194722,0.0747519,0.567687,0.563831,0.616293,0.464202,0.0735228,0.0874619,0.0805275,0.164578,0.600818,0.243696,0.371421,0.780736,0.552417,0.463295,0.834804,0.179831,0.425119,0.265923,0.686738,0.585454,0.0538051,0.0914619,0.315809,0.249712,0.300838,0.524098,0.0780238,0.0528852,0.32036,-0.0163328,0.0611449,0.0820462,0.668696,0.491355,0.0754182,0.0605397,0.247634,0.217423,-0.015326,0.118184,0.432584,0.328793,0.617888,0.716279,0.81781,0.159291,0.143251,-0.0150912,0.43298,0.308905,0.0845004,0.021732,0.0497297,0.16215,-0.0951498,0.678526,-0.0600558,0.00610328
0.353994,-0.0254187,-0.142908,0.514675,0.23447,0.227192,-0.0736535,0.349573,0.162397,0.196355,0.0751527,0.565289,0.566285,0.623364,0.463534,0.0735952,0.0865667,0.0842391,0.162207,0.606598,0.244215,0.37367,0.786132,0.552046,0.46585,0.837406,0.180639,0.430128,0.266521,0.68881,0.587459,0.0510196,0.0920614,0.315878,0.249645,0.306813,0.523631,0.0786971,0.0529911,0.320277,-0.0156074,0.0607262,0.0825429,0.670964,0.493885,0.0758236,0.0607996,0.247447,0.21622,-0.0152441,0.118257,0.434809,0.330728,0.619347,0.715717,0.81882,0.160535,0.143167,-0.0163866,0.433612,0.310817,0.0859665,0.0212597,0.0498815,0.161542,-0.0934073,0.68055,-0.0601829,0.00654477
0.354994,-0.0282271,-0.141859,0.513828,0.233373,0.227968,-0.0741634,0.349838,0.163671,0.19798,0.0755581,0.562907,0.568783,0.6304,0.462872,0.0736717,0.085665,0.0879383,0.159834,0.612377,0.244747,0.375897,0.791493,0.551636,0.468394,0.839971,0.181487,0.435131,0.267143,0.690879,0.589452,0.04822,0.0926541,0.315938,0.249595,0.312775,0.523171,0.0793563,0.053093,0.320192,-0.0146557,0.0603095,0.0829441,0.673201,0.496385,0.076225,0.0610533,0.247257,0.215031,-0.0151591,0.118325,0.43702,0.332655,0.620821,0.715153,0.819801,0.161763,0.143077,-0.0176955,0.434238,0.312735,0.0874196,0.0207915,0.0500331,0.160921,-0.0916567,0.682548,-0.0602861,0.00697403
0.355994,-0.0310438,-0.140797,0.512965,0.232279,0.228736,-0.0746606,0.350102,0.164949,0.199598,0.0759681,0.56054,0.571324,0.637401,0.462217,0.0737525,0.0847568,0.0916246,0.157458,0.618151,0.245289,0.378104,0.796819,0.551187,0.470926,0.842498,0.182374,0.440125,0.26779,0.692942,0.591436,0.045408,0.0932402,0.315988,0.249563,0.318725,0.522716,0.0800016,0.0531913,0.320103,-0.0135256,0.0598947,0.0832561,0.675405,0.498853,0.0766221,0.0612998,0.247065,0.213856,-0.0150712,0.118389,0.439217,0.334574,0.62231,0.714588,0.820752,0.162976,0.142982,-0.0190139,0.434858,0.31466,0.0888596,0.0203278,0.0501844,0.160289,-0.0898982,0.68452,-0.0603664,0.00738859
0.356994,-0.0338674,-0.139723,0.512085,0.231188,0.229497,-0.0751443,0.350366,0.166231,0.201209,0.0763825,0.558188,0.573908,0.644364,0.461567,0.0738376,0.0838421,0.0952976,0.155079,0.623921,0.245843,0.38029,0.802108,0.550701,0.473447,0.844987,0.183299,0.44511,0.268461,0.695001,0.593407,0.042585,0.0938196,0.31603,0.249548,0.324661,0.522267,0.0806332,0.0532852,0.32001,-0.0122663,0.0594819,0.0834957,0.677579,0.50129,0.0770147,0.0615381,0.246871,0.212694,-0.0149805,0.118448,0.4414,0.336485,0.623812,0.714022,0.821675,0.164172,0.142881,-0.0203385,0.435471,0.316589,0.0902862,0.0198687,0.0503355,0.159644,-0.0881324,0.686466,-0.0604248,0.00778526
0.357994,-0.0366965,-0.138637,0.511187,0.230101,0.230249,-0.0756134,0.350628,0.167517,0.202812,0.0768011,0.555851,0.576532,0.65129,0.460925,0.0739267,0.0829209,0.098957,0.152698,0.629684,0.246408,0.382455,0.80736,0.550178,0.475955,0.847438,0.18426,0.450086,0.269156,0.697054,0.595367,0.0397523,0.0943925,0.316063,0.24955,0.330582,0.521824,0.0812513,0.0533715,0.319914,-0.0109026,0.059071,0.0836784,0.67972,0.503696,0.0774026,0.0617673,0.246674,0.211544,-0.0148871,0.118503,0.443569,0.338387,0.625328,0.713456,0.822568,0.165351,0.142775,-0.0216668,0.436079,0.318524,0.091699,0.0194145,0.0504863,0.158987,-0.0863594,0.688385,-0.0604622,0.00815987
0.358994,-0.0395298,-0.137539,0.510272,0.229018,0.230993,-0.0760673,0.350889,0.168806,0.204407,0.0772238,0.553529,0.579198,0.658177,0.460288,0.0740195,0.0819933,0.102602,0.150315,0.635439,0.246983,0.384599,0.812576,0.549619,0.478452,0.849849,0.185256,0.455052,0.269874,0.699101,0.597315,0.0369113,0.094959,0.316087,0.249568,0.336486,0.521387,0.0818561,0.0534444,0.319814,-0.00944882,0.0586621,0.0838113,0.68183,0.506071,0.0777857,0.0619865,0.246475,0.210408,-0.0147913,0.118553,0.445722,0.340281,0.626856,0.712889,0.823431,0.166513,0.142664,-0.0229966,0.43668,0.320463,0.0930978,0.0189654,0.0506367,0.158318,-0.0845796,0.690277,-0.0604796,0.0085071
0.359994,-0.0423662,-0.136429,0.50934,0.227941,0.231729,-0.0765052,0.351148,0.170099,0.205994,0.0776504,0.55122,0.581903,0.665026,0.459659,0.0741154,0.0810592,0.106233,0.14793,0.641184,0.24757,0.386722,0.817754,0.549025,0.480937,0.852222,0.186286,0.460007,0.270615,0.701143,0.59925,0.0340631,0.095519,0.316102,0.249603,0.342374,0.520956,0.0824479,0.0534958,0.319709,-0.00791506,0.0582552,0.0838955,0.683908,0.508414,0.0781639,0.0621947,0.246273,0.209284,-0.0146931,0.118599,0.447861,0.342166,0.628396,0.712325,0.824264,0.167658,0.142547,-0.0243263,0.437275,0.322405,0.094482,0.0185217,0.0507867,0.157637,-0.0827934,0.692141,-0.0604777,0.00882047
0.360994,-0.0452044,-0.135307,0.508392,0.226868,0.232457,-0.076927,0.351404,0.171394,0.207573,0.0780807,0.548926,0.584646,0.671834,0.459036,0.0742142,0.0801187,0.109849,0.145543,0.646919,0.248167,0.388823,0.822894,0.548396,0.483409,0.854556,0.187347,0.464951,0.271379,0.703177,0.601172,0.0312092,0.0960726,0.316108,0.249652,0.348244,0.52053,0.0830268,0.0535176,0.319601,-0.00630958,0.0578502,0.0839337,0.685954,0.510726,0.0785371,0.0623913,0.246069,0.208173,-0.0145927,0.11864,0.449984,0.344042,0.629946,0.711762,0.825067,0.168786,0.142425,-0.0256545,0.437864,0.324352,0.0958511,0.0180835,0.0509364,0.156944,-0.0810011,0.693978,-0.0604572,0.00909272
0.361994,-0.0480434,-0.134174,0.507427,0.225801,0.233176,-0.0773328,0.351659,0.172691,0.209143,0.0785145,0.546645,0.587427,0.678602,0.458421,0.0743158,0.0791717,0.11345,0.143154,0.652642,0.248776,0.390902,0.827996,0.547734,0.485869,0.85685,0.18844,0.469882,0.272165,0.705205,0.60308,0.0283506,0.0966199,0.316106,0.249717,0.354096,0.52011,0.0835931,0.0535027,0.319489,-0.0046395,0.0574472,0.0839339,0.687968,0.513007,0.0789052,0.0625754,0.245862,0.207074,-0.01449,0.118676,0.452092,0.34591,0.631507,0.711202,0.82584,0.169898,0.142298,-0.0269797,0.438447,0.326301,0.0972047,0.0176511,0.0510855,0.156239,-0.0792029,0.695787,-0.0604189,0.00931679
0.362994,-0.0508821,-0.133029,0.506445,0.22474,0.233886,-0.077723,0.35191,0.17399,0.210704,0.0789517,0.544378,0.590245,0.685328,0.457812,0.0744206,0.0782183,0.117035,0.140764,0.658352,0.249395,0.39296,0.83306,0.54704,0.488317,0.859104,0.189562,0.474799,0.272973,0.707226,0.604975,0.0254887,0.0971609,0.316095,0.249798,0.359927,0.519694,0.0841469,0.053446,0.319372,-0.00291115,0.0570461,0.0839044,0.68995,0.515256,0.0792682,0.0627466,0.245652,0.205988,-0.0143853,0.118707,0.454184,0.347768,0.633077,0.710647,0.826582,0.170994,0.142165,-0.028301,0.439024,0.328253,0.0985421,0.0172247,0.051234,0.155522,-0.0773992,0.697568,-0.0603635,0.00948744
0.363994,-0.0537195,-0.131873,0.505446,0.223686,0.234588,-0.0780985,0.352159,0.175291,0.212256,0.079392,0.542123,0.593097,0.692013,0.457211,0.074529,0.0772585,0.120604,0.138373,0.664047,0.250025,0.394996,0.838084,0.546314,0.490752,0.861318,0.190713,0.479703,0.273804,0.70924,0.606855,0.0226246,0.0976956,0.316075,0.249893,0.365738,0.519284,0.0846886,0.0533437,0.319251,-0.00113026,0.056647,0.0838499,0.691901,0.517474,0.0796261,0.0629044,0.24544,0.204915,-0.0142786,0.118732,0.45626,0.349618,0.634656,0.710097,0.827294,0.172075,0.142027,-0.0296174,0.439595,0.330206,0.0998629,0.0168046,0.0513819,0.154792,-0.0755902,0.69932,-0.0602914,0.00960292
0.364994,-0.0565548,-0.130705,0.504431,0.222639,0.235281,-0.07846,0.352404,0.176594,0.213799,0.0798352,0.539882,0.595984,0.698654,0.456616,0.0746415,0.0762924,0.124157,0.135981,0.669727,0.250666,0.39701,0.843068,0.545557,0.493174,0.863491,0.191893,0.484593,0.274656,0.711246,0.60872,0.0197595,0.098224,0.316046,0.250003,0.371528,0.518878,0.0852183,0.053193,0.319126,0.000697933,0.0562499,0.0837716,0.693819,0.519661,0.0799789,0.0630482,0.245225,0.203855,-0.01417,0.118751,0.45832,0.351458,0.636243,0.709553,0.827974,0.173141,0.141883,-0.0309279,0.440161,0.332162,0.101166,0.016391,0.051529,0.154051,-0.0737763,0.701044,-0.0602034,0.00966557
0.365994,-0.059387,-0.129526,0.5034,0.221599,0.235966,-0.0788085,0.352645,0.177897,0.215332,0.080281,0.537653,0.598903,0.705252,0.456029,0.0747583,0.07532,0.127693,0.133587,0.675391,0.251318,0.399002,0.848013,0.544771,0.495583,0.865624,0.193101,0.489467,0.27553,0.713244,0.610571,0.0168947,0.0987463,0.316009,0.250129,0.377295,0.518476,0.0857362,0.0529924,0.318995,0.00256865,0.0558547,0.0836689,0.695706,0.521816,0.0803265,0.0631778,0.245007,0.202808,-0.0140595,0.118764,0.460364,0.353289,0.637837,0.709018,0.828624,0.174193,0.141735,-0.032232,0.44072,0.334119,0.102452,0.0159841,0.0516754,0.153297,-0.0719578,0.702738,-0.0600999,0.00968097
0.366994,-0.0622153,-0.128336,0.502352,0.220568,0.236642,-0.0791451,0.352882,0.179201,0.216856,0.0807292,0.535437,0.601853,0.711807,0.455449,0.0748797,0.0743413,0.131213,0.131194,0.681037,0.251982,0.400972,0.852917,0.543955,0.49798,0.867717,0.194338,0.494326,0.276426,0.715234,0.612406,0.0140311,0.0992624,0.315964,0.250269,0.383039,0.518078,0.0862426,0.0527425,0.31886,0.00447748,0.0554614,0.0835419,0.69756,0.523939,0.0806691,0.063293,0.244786,0.201775,-0.0139471,0.11877,0.46239,0.35511,0.639437,0.708492,0.829242,0.175232,0.141581,-0.033529,0.441274,0.336076,0.103721,0.0155841,0.0518208,0.15253,-0.0701349,0.704403,-0.0599814,0.00965626
0.367994,-0.0650389,-0.127135,0.501289,0.219546,0.237308,-0.079471,0.353115,0.180505,0.218369,0.0811795,0.533234,0.604833,0.718316,0.454877,0.0750057,0.0733563,0.134715,0.128799,0.686665,0.252657,0.402919,0.857781,0.54311,0.500363,0.869768,0.195603,0.499167,0.277343,0.717215,0.614225,0.01117,0.0997724,0.31591,0.250425,0.38876,0.517684,0.0867376,0.0524463,0.318721,0.00642045,0.0550702,0.0833924,0.699382,0.526031,0.0810067,0.0633935,0.244562,0.200755,-0.013833,0.11877,0.4644,0.356922,0.641044,0.707976,0.829829,0.176257,0.141422,-0.0348182,0.441823,0.338035,0.10497,0.0151912,0.0519651,0.151751,-0.0683079,0.706039,-0.0598485,0.00959859
0.368994,-0.0678571,-0.125924,0.500209,0.218533,0.237966,-0.0797873,0.353344,0.18181,0.219872,0.0816318,0.531042,0.607842,0.724781,0.454311,0.0751365,0.0723652,0.1382,0.126404,0.692273,0.253344,0.404844,0.862603,0.542238,0.502734,0.871777,0.196896,0.503992,0.278281,0.719187,0.616029,0.00831244,0.100276,0.315847,0.250596,0.394456,0.517293,0.0872215,0.0521083,0.318576,0.00839392,0.0546808,0.0832238,0.701173,0.528091,0.0813392,0.0634793,0.244335,0.199749,-0.0137171,0.118765,0.466393,0.358724,0.642655,0.707472,0.830384,0.17727,0.141258,-0.036099,0.442365,0.339993,0.106201,0.0148057,0.0521084,0.150959,-0.0664771,0.707645,-0.0597014,0.00951422
0.369994,-0.0706691,-0.124701,0.499114,0.21753,0.238615,-0.0800951,0.353568,0.183115,0.221365,0.0820856,0.528863,0.610878,0.731199,0.453753,0.0752719,0.0713679,0.141667,0.12401,0.69786,0.254043,0.406746,0.867384,0.541338,0.50509,0.873745,0.198219,0.508798,0.279241,0.721151,0.617816,0.00545936,0.100774,0.315776,0.250783,0.400127,0.516905,0.0876944,0.0517347,0.318426,0.0103945,0.0542935,0.08304,0.702931,0.53012,0.0816667,0.0635503,0.244104,0.198758,-0.0135995,0.118753,0.468369,0.360516,0.644271,0.706982,0.830908,0.178271,0.141089,-0.0373705,0.442902,0.341952,0.107414,0.0144276,0.0522505,0.150154,-0.0646428,0.709221,-0.0595408,0.00940824
0.370994,-0.0734742,-0.123469,0.498003,0.216537,0.239254,-0.0803957,0.353787,0.184419,0.222847,0.0825407,0.526695,0.613939,0.737571,0.453202,0.0754119,0.0703646,0.145116,0.121615,0.703426,0.254755,0.408626,0.872122,0.540411,0.507434,0.875672,0.19957,0.513585,0.280222,0.723105,0.619587,0.00261178,0.101266,0.315697,0.250985,0.405772,0.51652,0.0881566,0.0513323,0.318271,0.0124192,0.0539081,0.0828443,0.704657,0.532117,0.0819894,0.0636066,0.243869,0.197781,-0.0134802,0.118736,0.470327,0.362298,0.645891,0.706506,0.8314,0.17926,0.140914,-0.038632,0.443433,0.343911,0.108607,0.0140573,0.0523912,0.149336,-0.0628052,0.710767,-0.0593668,0.0092846
0.371994,-0.0762719,-0.122225,0.496877,0.215556,0.239884,-0.0806903,0.354,0.185722,0.224318,0.0829969,0.524538,0.617025,0.743897,0.452658,0.0755565,0.0693553,0.148547,0.119221,0.70897,0.255479,0.410483,0.876819,0.539458,0.509764,0.877557,0.20095,0.518353,0.281224,0.72505,0.62134,-0.000229348,0.101751,0.31561,0.251203,0.41139,0.516137,0.0886083,0.0509086,0.318111,0.0144645,0.0535247,0.0826397,0.706351,0.534082,0.0823071,0.063648,0.243631,0.196819,-0.0133593,0.118713,0.472268,0.36407,0.647514,0.706046,0.83186,0.180239,0.140735,-0.0398825,0.443959,0.345868,0.109782,0.0136948,0.0525307,0.148504,-0.0609646,0.712283,-0.05918,0.00914633
0.372994,-0.0790614,-0.120972,0.495735,0.214586,0.240505,-0.08098,0.354208,0.187025,0.225778,0.0834537,0.522394,0.620133,0.750175,0.452121,0.0757055,0.06834,0.151959,0.116828,0.714491,0.256217,0.412316,0.881472,0.538479,0.51208,0.879399,0.202359,0.523101,0.282248,0.726984,0.623077,-0.00306314,0.102231,0.315514,0.251436,0.416981,0.515756,0.0890495,0.0504714,0.317946,0.0165268,0.0531433,0.0824282,0.708012,0.536015,0.08262,0.0636749,0.243388,0.195872,-0.0132368,0.118686,0.47419,0.365832,0.64914,0.705602,0.832287,0.181206,0.14055,-0.0411213,0.444479,0.347825,0.110939,0.0133404,0.0526686,0.147659,-0.0591212,0.713769,-0.0589806,0.0089957
0.373994,-0.0818422,-0.119709,0.494578,0.213629,0.241116,-0.0812661,0.354411,0.188326,0.227226,0.0839109,0.52026,0.623263,0.756405,0.451592,0.0758588,0.0673188,0.155352,0.114435,0.719988,0.256969,0.414127,0.886082,0.537475,0.514383,0.881199,0.203795,0.527828,0.283292,0.728909,0.624795,-0.00588874,0.102704,0.315411,0.251684,0.422544,0.515378,0.0894806,0.050028,0.317775,0.0186021,0.0527638,0.0822112,0.709642,0.537917,0.0829281,0.0636871,0.243142,0.194941,-0.0131128,0.118654,0.476095,0.367584,0.650767,0.705176,0.832683,0.182164,0.14036,-0.0423477,0.444993,0.349781,0.112076,0.0129941,0.0528051,0.1468,-0.0572754,0.715224,-0.0587689,0.00883444
0.374994,-0.0846137,-0.118435,0.493406,0.212684,0.241718,-0.0815497,0.354607,0.189627,0.228663,0.0843683,0.518137,0.626413,0.762587,0.451069,0.0760162,0.0662919,0.158726,0.112044,0.72546,0.257735,0.415914,0.890649,0.536445,0.516672,0.882957,0.205258,0.532534,0.284358,0.730824,0.626497,-0.00870535,0.103172,0.315299,0.251948,0.428078,0.515001,0.0899017,0.0495856,0.317599,0.0206856,0.0523863,0.0819898,0.711239,0.539787,0.0832314,0.0636848,0.242892,0.194025,-0.0129874,0.118617,0.477981,0.369326,0.652395,0.704768,0.833046,0.183111,0.140166,-0.0435612,0.445502,0.351736,0.113195,0.0126562,0.0529399,0.145926,-0.0554273,0.716648,-0.0585454,0.00866381
0.375994,-0.0873755,-0.117152,0.492219,0.211754,0.24231,-0.0818319,0.354797,0.190925,0.230088,0.0848253,0.516025,0.629581,0.768719,0.450553,0.0761777,0.0652593,0.162081,0.109655,0.730906,0.258517,0.417678,0.895171,0.53539,0.518946,0.884673,0.206747,0.537217,0.285445,0.732727,0.62818,-0.0115122,0.103633,0.31518,0.252227,0.433583,0.514627,0.090313,0.0491504,0.317417,0.0227722,0.0520108,0.0817648,0.712804,0.541624,0.0835301,0.0636681,0.242637,0.193125,-0.0128606,0.118576,0.479849,0.371057,0.654024,0.704379,0.833376,0.184049,0.139966,-0.0447613,0.446005,0.353689,0.114296,0.0123266,0.0530731,0.145037,-0.0535772,0.718042,-0.0583102,0.00848479
0.376994,-0.0901268,-0.11586,0.491018,0.210837,0.242893,-0.0821136,0.354981,0.192222,0.231502,0.0852818,0.513923,0.632767,0.774803,0.450044,0.0763431,0.064221,0.165416,0.107267,0.736326,0.259313,0.419419,0.899649,0.534311,0.521207,0.886345,0.208259,0.541877,0.286553,0.73462,0.629845,-0.0143086,0.104089,0.315052,0.25252,0.439059,0.514254,0.0907145,0.0487276,0.31723,0.0248573,0.0516372,0.0815368,0.714336,0.54343,0.083824,0.0636372,0.242378,0.192241,-0.0127326,0.118531,0.481699,0.372778,0.655653,0.704009,0.833674,0.184977,0.139762,-0.0459476,0.446502,0.355639,0.115379,0.0120056,0.0532046,0.144133,-0.0517254,0.719405,-0.0580637,0.00829806
0.377994,-0.0928674,-0.114558,0.489802,0.209936,0.243466,-0.0823956,0.355158,0.193517,0.232903,0.0857374,0.511832,0.635968,0.780836,0.449541,0.0765123,0.0631772,0.168731,0.104881,0.741719,0.260126,0.421136,0.904082,0.533208,0.523454,0.887975,0.209795,0.546514,0.287683,0.736502,0.631491,-0.0170938,0.104539,0.314917,0.252828,0.444504,0.513884,0.0911066,0.0483215,0.317036,0.0269367,0.0512656,0.0813061,0.715837,0.545204,0.0841133,0.0635922,0.242114,0.191374,-0.0126035,0.11848,0.483529,0.374488,0.657282,0.703659,0.833939,0.185896,0.139553,-0.0471198,0.446994,0.357588,0.116444,0.0116932,0.0533344,0.143213,-0.049872,0.720736,-0.0578061,0.00810409
0.378994,-0.0955966,-0.113248,0.488572,0.20905,0.24403,-0.0826784,0.355328,0.194809,0.234291,0.0861917,0.509751,0.639184,0.786819,0.449045,0.0766853,0.062128,0.172026,0.102498,0.747084,0.260956,0.422829,0.90847,0.532081,0.525686,0.889562,0.211351,0.551126,0.288833,0.738373,0.633119,-0.0198673,0.104983,0.314773,0.25315,0.449918,0.513516,0.0914893,0.0479351,0.316837,0.029007,0.0508961,0.0810729,0.717304,0.546946,0.084398,0.0635331,0.241846,0.190523,-0.0124732,0.118425,0.485341,0.376187,0.658909,0.703328,0.834172,0.186806,0.139338,-0.0482776,0.44748,0.359534,0.117491,0.0113896,0.0534624,0.142278,-0.0480174,0.722037,-0.0575376,0.00790315
0.379994,-0.098314,-0.111928,0.487327,0.20818,0.244583,-0.0829625,0.355491,0.1961,0.235667,0.0866444,0.507681,0.642413,0.792752,0.448556,0.0768619,0.0610734,0.1753,0.100118,0.75242,0.261802,0.424498,0.912813,0.530932,0.527904,0.891105,0.212926,0.555714,0.290005,0.740231,0.634728,-0.0226284,0.10542,0.314623,0.253486,0.4553,0.513151,0.0918627,0.0475707,0.316632,0.031066,0.0505285,0.0808373,0.71874,0.548656,0.0846781,0.0634602,0.241573,0.189688,-0.0123421,0.118364,0.487134,0.377876,0.660534,0.703018,0.834371,0.187707,0.13912,-0.0494212,0.44796,0.361478,0.118521,0.0110946,0.0535885,0.141326,-0.0461618,0.723306,-0.0572586,0.00769535
0.380994,-0.101019,-0.110599,0.486069,0.207327,0.245127,-0.0832481,0.355647,0.197387,0.237031,0.0870951,0.50562,0.645655,0.798633,0.448073,0.0770422,0.0600135,0.178554,0.0977416,0.757727,0.262665,0.426144,0.917109,0.52976,0.530107,0.892606,0.21452,0.560275,0.291197,0.742078,0.636318,-0.0253766,0.105852,0.314464,0.253834,0.46065,0.512789,0.0922271,0.0472296,0.316422,0.033112,0.0501629,0.0805995,0.720143,0.550334,0.0849536,0.0633734,0.241296,0.18887,-0.01221,0.118297,0.488907,0.379553,0.662158,0.702726,0.834537,0.188599,0.138896,-0.0505506,0.448435,0.363419,0.119533,0.0108085,0.0537128,0.140359,-0.0443054,0.724543,-0.0569692,0.00748057
0.381994,-0.103712,-0.109263,0.484797,0.206492,0.245661,-0.0835355,0.355796,0.198672,0.238381,0.0875436,0.503568,0.648907,0.804463,0.447596,0.0772261,0.0589484,0.181787,0.0953688,0.763003,0.263547,0.427766,0.921359,0.528565,0.532296,0.894063,0.216129,0.564811,0.292411,0.743913,0.637888,-0.0281115,0.106278,0.314298,0.254196,0.465968,0.512431,0.0925825,0.0469122,0.316205,0.0351444,0.0497993,0.0803594,0.721514,0.55198,0.0852246,0.0632731,0.241013,0.188069,-0.0120772,0.118225,0.490661,0.38122,0.663778,0.702454,0.83467,0.189482,0.138668,-0.0516663,0.448904,0.365356,0.120528,0.0105313,0.0538351,0.139377,-0.0424483,0.72575,-0.0566697,0.00725849
0.382994,-0.106391,-0.107918,0.483511,0.205675,0.246185,-0.0838249,0.355936,0.199954,0.239718,0.0879893,0.501526,0.652169,0.810241,0.447125,0.0774136,0.0578782,0.185,0.0930001,0.768248,0.264446,0.429363,0.925563,0.52735,0.534471,0.895476,0.217754,0.56932,0.293645,0.745735,0.639439,-0.0308326,0.106699,0.314124,0.254569,0.471252,0.512077,0.0929291,0.0466182,0.315982,0.0371626,0.0494377,0.080117,0.722852,0.553593,0.0854911,0.0631592,0.240725,0.187285,-0.0119436,0.118146,0.492396,0.382876,0.665395,0.7022,0.83477,0.190357,0.138435,-0.0527687,0.449367,0.36729,0.121506,0.010263,0.0539556,0.138379,-0.0405909,0.726924,-0.0563602,0.0070285
0.383994,-0.109058,-0.106565,0.482212,0.204877,0.246698,-0.0841162,0.356069,0.201233,0.241042,0.0884321,0.499493,0.655439,0.815966,0.446661,0.0776049,0.0568029,0.188191,0.0906361,0.773462,0.265363,0.430937,0.92972,0.526113,0.53663,0.896846,0.219391,0.573801,0.294899,0.747545,0.640971,-0.0335395,0.107113,0.313943,0.254954,0.476503,0.511729,0.093267,0.0463464,0.315753,0.0391667,0.0490781,0.0798722,0.724157,0.555175,0.0857531,0.063032,0.240433,0.186518,-0.0118095,0.11806,0.49411,0.38452,0.667008,0.701965,0.834837,0.191222,0.138197,-0.0538584,0.449825,0.36922,0.122468,0.0100035,0.0540741,0.137366,-0.0387334,0.728067,-0.056041,0.00678967
0.384994,-0.11171,-0.105204,0.4809,0.204099,0.247202,-0.0844098,0.356194,0.202508,0.242352,0.0888715,0.497469,0.658717,0.821638,0.446202,0.0778,0.0557227,0.19136,0.0882773,0.778644,0.266299,0.432486,0.933829,0.524856,0.538775,0.898173,0.22104,0.578254,0.296175,0.749341,0.642482,-0.0362318,0.107521,0.313755,0.25535,0.48172,0.511386,0.0935962,0.0460952,0.315517,0.0411568,0.0487205,0.0796251,0.72543,0.556725,0.0860107,0.0628915,0.240135,0.185768,-0.0116747,0.117968,0.495805,0.386153,0.668617,0.701747,0.83487,0.192079,0.137955,-0.0549359,0.450277,0.371146,0.123413,0.009753,0.0541906,0.136338,-0.036876,0.729178,-0.0557123,0.00654056
0.385994,-0.114348,-0.103836,0.479576,0.20334,0.247696,-0.0847056,0.356311,0.20378,0.243649,0.0893072,0.495454,0.662001,0.827258,0.44575,0.0779991,0.0546376,0.194508,0.0859241,0.783792,0.267253,0.434011,0.93789,0.523579,0.540905,0.899455,0.2227,0.582678,0.29747,0.751124,0.643974,-0.0389094,0.107924,0.313559,0.255757,0.486902,0.51105,0.093917,0.0458625,0.315275,0.0431333,0.048365,0.0793758,0.726671,0.558242,0.0862638,0.0627379,0.239832,0.185035,-0.0115393,0.117869,0.497481,0.387775,0.670221,0.701545,0.83487,0.192926,0.137709,-0.0560017,0.450724,0.373068,0.124341,0.00951141,0.0543051,0.135296,-0.0350188,0.730257,-0.0553742,0.00627913
0.386994,-0.116972,-0.102461,0.478238,0.202603,0.248179,-0.085004,0.35642,0.205049,0.244932,0.0897389,0.493447,0.66529,0.832824,0.445303,0.0782025,0.0535476,0.197635,0.0835771,0.788907,0.268226,0.435511,0.941904,0.522283,0.54302,0.900694,0.224369,0.587072,0.298786,0.752894,0.645445,-0.0415719,0.10832,0.313356,0.256173,0.492049,0.510721,0.0942294,0.045646,0.315027,0.0450963,0.0480114,0.0791248,0.727879,0.559728,0.0865124,0.0625713,0.239524,0.184319,-0.0114034,0.117762,0.499135,0.389385,0.67182,0.70136,0.834836,0.193764,0.137458,-0.0570563,0.451165,0.374986,0.125254,0.00927873,0.0544175,0.134239,-0.0331621,0.731304,-0.055027,0.00600248
0.387994,-0.119581,-0.101079,0.476888,0.201887,0.248652,-0.0853052,0.35652,0.206314,0.2462,0.0901661,0.491449,0.668584,0.838335,0.444862,0.0784103,0.052453,0.200739,0.0812369,0.793987,0.269217,0.436987,0.945869,0.520968,0.545119,0.901889,0.226046,0.591437,0.300122,0.75465,0.646896,-0.0442191,0.108711,0.313146,0.256599,0.49716,0.510402,0.0945335,0.0454433,0.314773,0.0470463,0.0476599,0.0788727,0.729054,0.561182,0.0867567,0.0623917,0.239211,0.18362,-0.011267,0.117649,0.50077,0.390984,0.673413,0.70119,0.834768,0.194594,0.137203,-0.0581,0.451601,0.376898,0.12615,0.00905497,0.054528,0.133168,-0.0313061,0.732319,-0.0546708,0.00570661
0.388994,-0.122175,-0.0996911,0.475526,0.201193,0.249115,-0.0856095,0.356611,0.207574,0.247455,0.0905886,0.489458,0.67188,0.843793,0.444426,0.0786229,0.0513537,0.203821,0.0789039,0.799032,0.270226,0.438438,0.949785,0.519636,0.547204,0.90304,0.22773,0.595771,0.301478,0.756391,0.648327,-0.0468508,0.109096,0.312929,0.257034,0.502236,0.510093,0.0948294,0.0452522,0.314512,0.0489834,0.0473104,0.0786204,0.730197,0.562604,0.0869966,0.0621994,0.238892,0.182938,-0.0111301,0.117528,0.502385,0.392571,0.675,0.701033,0.834667,0.195414,0.136943,-0.0591331,0.452031,0.378806,0.12703,0.00884012,0.0546364,0.132083,-0.0294511,0.733301,-0.0543057,0.00538621
0.389994,-0.124753,-0.0982966,0.474153,0.200522,0.249568,-0.0859171,0.356694,0.208831,0.248695,0.091006,0.487475,0.675179,0.849196,0.443996,0.0788405,0.0502498,0.20688,0.0765788,0.804042,0.271253,0.439864,0.953653,0.518285,0.549274,0.904147,0.229421,0.600074,0.302855,0.758118,0.649737,-0.049467,0.109474,0.312705,0.257478,0.507275,0.509795,0.0951172,0.0450705,0.314245,0.0509081,0.0469629,0.0783689,0.731307,0.563993,0.0872321,0.0619944,0.238568,0.182273,-0.0109926,0.117401,0.503979,0.394146,0.676581,0.70089,0.834532,0.196224,0.136679,-0.0601558,0.452456,0.380709,0.127895,0.00863415,0.0547427,0.130984,-0.0275971,0.734252,-0.053932,0.00503477
0.390994,-0.127316,-0.0968963,0.472767,0.199875,0.25001,-0.0862283,0.356768,0.210083,0.249921,0.091418,0.4855,0.678479,0.854544,0.443572,0.0790633,0.0491415,0.209917,0.0742622,0.809015,0.272299,0.441266,0.957471,0.516916,0.551328,0.90521,0.231117,0.604346,0.304252,0.759831,0.651126,-0.0520674,0.109847,0.312474,0.25793,0.512277,0.50951,0.0953969,0.0448965,0.313971,0.0528207,0.0466175,0.0781195,0.732384,0.565352,0.0874632,0.0617768,0.238239,0.181626,-0.0108547,0.117266,0.505552,0.39571,0.678154,0.70076,0.834363,0.197026,0.136411,-0.0611679,0.452876,0.382606,0.128743,0.00843707,0.0548469,0.129872,-0.0257444,0.73517,-0.0535498,0.0046452
0.391994,-0.129862,-0.0954906,0.47137,0.199251,0.250442,-0.0865436,0.356832,0.211331,0.251132,0.0918243,0.483533,0.681779,0.859836,0.443153,0.0792912,0.0480288,0.212931,0.0719546,0.813951,0.273362,0.442642,0.96124,0.515531,0.553367,0.906228,0.232819,0.608585,0.305669,0.761528,0.652495,-0.0546521,0.110214,0.312236,0.258389,0.517242,0.50924,0.0956688,0.0447284,0.31369,0.0547213,0.0462741,0.0778737,0.733429,0.566678,0.0876899,0.0615467,0.237905,0.180995,-0.0107161,0.117125,0.507105,0.397261,0.67972,0.70064,0.834161,0.197818,0.136139,-0.0621694,0.45329,0.384497,0.129577,0.00824889,0.0549491,0.128746,-0.0238931,0.736056,-0.0531593,0.00421143
0.392994,-0.132392,-0.0940798,0.469962,0.198652,0.250863,-0.0868631,0.356888,0.212575,0.252328,0.0922244,0.481572,0.685079,0.865073,0.442739,0.0795243,0.0469119,0.215923,0.0696568,0.818849,0.274443,0.443994,0.964959,0.514128,0.555391,0.907203,0.234525,0.612792,0.307107,0.76321,0.653842,-0.057221,0.110574,0.311991,0.258856,0.52217,0.508985,0.0959327,0.044565,0.313403,0.0566102,0.0459328,0.0776326,0.73444,0.567972,0.0879124,0.0613042,0.237565,0.180382,-0.0105769,0.116977,0.508637,0.3988,0.681279,0.700532,0.833924,0.198601,0.135863,-0.06316,0.453699,0.386382,0.130394,0.00806964,0.055049,0.127608,-0.0220436,0.736909,-0.0527605,0.00373052
0.393994,-0.134906,-0.0926643,0.468543,0.198078,0.251274,-0.0871871,0.356934,0.213814,0.253509,0.0926182,0.479618,0.688377,0.870254,0.442331,0.0797623,0.0457909,0.218891,0.0673694,0.82371,0.275542,0.445321,0.968628,0.512709,0.557399,0.908133,0.236235,0.616965,0.308567,0.764876,0.655169,-0.0597741,0.110929,0.31174,0.25933,0.527059,0.508748,0.0961889,0.0444051,0.313109,0.0584877,0.0455935,0.0773978,0.735419,0.569235,0.0881305,0.0610493,0.23722,0.179785,-0.010437,0.116822,0.510148,0.400327,0.682829,0.700433,0.833654,0.199375,0.135583,-0.0641396,0.454103,0.388261,0.131197,0.00789941,0.0551469,0.126456,-0.0201958,0.73773,-0.0523538,0.00320403
0.394994,-0.137403,-0.0912446,0.467114,0.197531,0.251674,-0.0875158,0.356971,0.215048,0.254675,0.0930054,0.477671,0.691673,0.875378,0.441929,0.080005,0.0446659,0.221836,0.0650931,0.828531,0.276658,0.446622,0.972246,0.511273,0.559392,0.909019,0.23795,0.621105,0.310047,0.766526,0.656474,-0.0623113,0.111277,0.311482,0.25981,0.53191,0.50853,0.0964373,0.044248,0.312808,0.0603541,0.0452563,0.0771705,0.736365,0.570466,0.0883442,0.0607821,0.23687,0.179205,-0.0102964,0.116662,0.511639,0.401842,0.68437,0.700343,0.83335,0.200139,0.135299,-0.0651077,0.454502,0.390133,0.131984,0.00773835,0.0552426,0.125292,-0.0183501,0.738518,-0.051939,0.00263753
0.395993,-0.139883,-0.089821,0.465674,0.197009,0.252064,-0.0878495,0.356998,0.216277,0.255826,0.0933855,0.475731,0.694966,0.880445,0.441531,0.080252,0.0435371,0.224758,0.0628286,0.833313,0.277791,0.447899,0.975814,0.50982,0.56137,0.909861,0.239669,0.625211,0.311549,0.76816,0.657759,-0.0648326,0.111619,0.311217,0.260297,0.536723,0.508333,0.096678,0.0440928,0.312501,0.0622097,0.0449212,0.0769518,0.737279,0.571666,0.0885537,0.0605026,0.236514,0.178642,-0.0101551,0.116495,0.513108,0.403345,0.685903,0.700262,0.833011,0.200894,0.135011,-0.0660643,0.454895,0.391999,0.132756,0.00758673,0.0553361,0.124115,-0.0165066,0.739274,-0.0515165,0.00203869
0.396993,-0.142345,-0.088394,0.464224,0.196514,0.252443,-0.0881882,0.357016,0.217501,0.256961,0.0937583,0.473796,0.698256,0.885456,0.44114,0.080503,0.0424045,0.227656,0.0605767,0.838054,0.27894,0.44915,0.97933,0.508351,0.563332,0.910658,0.241391,0.629282,0.313074,0.769778,0.659022,-0.0673381,0.111955,0.310945,0.260791,0.541496,0.508158,0.0969112,0.0439393,0.312186,0.0640546,0.0445881,0.0767428,0.738159,0.572834,0.0887589,0.0602109,0.236154,0.178096,-0.0100128,0.116322,0.514556,0.404835,0.687427,0.700188,0.832639,0.20164,0.134719,-0.0670091,0.455283,0.393857,0.133513,0.00744504,0.0554274,0.122927,-0.0146654,0.739997,-0.0510864,0.00141532
0.397993,-0.14479,-0.0869641,0.462765,0.196047,0.252811,-0.088532,0.357024,0.21872,0.258081,0.0941236,0.471867,0.701541,0.890409,0.440753,0.0807578,0.0412684,0.23053,0.0583379,0.842755,0.280106,0.450375,0.982796,0.506865,0.565279,0.911411,0.243118,0.633318,0.314622,0.771379,0.660264,-0.0698277,0.112284,0.310667,0.261291,0.546231,0.508007,0.0971368,0.0437871,0.311865,0.0658893,0.0442572,0.0765444,0.739007,0.573971,0.0889598,0.0599071,0.235788,0.177566,-0.00986968,0.116143,0.515982,0.406312,0.68894,0.700122,0.832233,0.202376,0.134424,-0.0679421,0.455666,0.395708,0.134255,0.0073141,0.0555164,0.121726,-0.0128268,0.740687,-0.0506487,0.000774249
0.398993,-0.147217,-0.0855318,0.461296,0.195608,0.253169,-0.0888809,0.357022,0.219934,0.259186,0.094481,0.469944,0.70482,0.895303,0.440372,0.0810161,0.0401288,0.233381,0.0561132,0.847415,0.281288,0.451576,0.98621,0.505363,0.56721,0.91212,0.244848,0.637319,0.316192,0.772962,0.661484,-0.0723015,0.112607,0.310383,0.261797,0.550925,0.507882,0.0973549,0.0436361,0.311537,0.067714,0.0439283,0.0763576,0.739821,0.575076,0.0891565,0.059591,0.235416,0.177052,-0.00972554,0.115958,0.517388,0.407777,0.690444,0.700063,0.831792,0.203102,0.134125,-0.0688633,0.456044,0.397552,0.134983,0.00719525,0.0556032,0.120513,-0.0109908,0.741345,-0.0502036,0.000120975
0.399993,-0.149626,-0.0840974,0.459818,0.195198,0.253516,-0.0892348,0.357011,0.221142,0.260274,0.0948303,0.468027,0.708094,0.90014,0.439996,0.0812777,0.0389859,0.236208,0.0539033,0.852032,0.282486,0.452751,0.989573,0.503845,0.569126,0.912784,0.246581,0.641284,0.317787,0.774528,0.662683,-0.0747596,0.112924,0.310093,0.26231,0.55558,0.507784,0.0975656,0.0434864,0.311202,0.069529,0.0436015,0.0761828,0.740603,0.576151,0.0893489,0.0592629,0.23504,0.176554,-0.00958033,0.115765,0.518772,0.409229,0.691938,0.70001,0.831318,0.20382,0.133822,-0.0697729,0.456416,0.399388,0.135695,0.0070905,0.0556878,0.119288,-0.00915771,0.74197,-0.0497513,-0.000540202
0.400993,-0.152018,-0.0826615,0.458331,0.194816,0.253852,-0.0895936,0.356989,0.222345,0.261347,0.0951712,0.466114,0.711361,0.904919,0.439626,0.0815425,0.0378398,0.239011,0.0517089,0.856608,0.283699,0.4539,0.992884,0.50231,0.571026,0.913404,0.248318,0.645213,0.319406,0.776077,0.66386,-0.0772019,0.113234,0.309796,0.262828,0.560194,0.507716,0.0977689,0.0433381,0.31086,0.0713347,0.0432768,0.0760209,0.741352,0.577194,0.089537,0.0589228,0.234659,0.176072,-0.00943401,0.115567,0.520134,0.410668,0.693421,0.699963,0.830809,0.204527,0.133516,-0.0706711,0.456783,0.401216,0.136393,0.00700219,0.05577,0.118052,-0.00732761,0.742562,-0.0492917,-0.00120597
0.401993,-0.15439,-0.0812246,0.456835,0.194464,0.254177,-0.0899572,0.356957,0.223543,0.262404,0.0955035,0.464207,0.71462,0.909638,0.439262,0.0818105,0.0366907,0.241789,0.0495309,0.86114,0.284927,0.455024,0.996142,0.500759,0.572911,0.913979,0.250057,0.649105,0.32105,0.777607,0.665016,-0.0796285,0.113538,0.309492,0.263353,0.564768,0.507678,0.0979648,0.0431917,0.310511,0.0731313,0.0429542,0.0758721,0.742068,0.578206,0.089721,0.0585706,0.234272,0.175607,-0.00928649,0.11536,0.521475,0.412094,0.694893,0.699923,0.830267,0.205226,0.133206,-0.0715584,0.457145,0.403035,0.137077,0.00693191,0.05585,0.116805,-0.00550066,0.743121,-0.0488251,-0.00187375
0.402993,-0.156744,-0.0797873,0.455332,0.194142,0.254492,-0.0903252,0.356915,0.224734,0.263445,0.095827,0.462305,0.717872,0.914299,0.438903,0.0820817,0.0355388,0.244543,0.0473702,0.865628,0.286171,0.456123,0.999349,0.499192,0.574781,0.91451,0.2518,0.65296,0.322719,0.779119,0.666151,-0.0820393,0.113835,0.309183,0.263884,0.569301,0.507673,0.0981535,0.0430474,0.310154,0.0749191,0.0426338,0.0757369,0.742751,0.579187,0.0899007,0.0582066,0.233881,0.175156,-0.00913772,0.115147,0.522795,0.413507,0.696354,0.699889,0.82969,0.205914,0.132893,-0.0724352,0.457501,0.404846,0.137746,0.00687921,0.0559276,0.115546,-0.00367702,0.743647,-0.0483516,-0.00254153
0.403993,-0.15908,-0.0783499,0.453821,0.19385,0.254795,-0.0906975,0.356863,0.22592,0.26447,0.0961413,0.460407,0.721115,0.9189,0.43855,0.0823562,0.0343841,0.247273,0.0452274,0.870073,0.287429,0.457195,1.0025,0.497609,0.576635,0.914997,0.253544,0.656778,0.324413,0.780612,0.667264,-0.0844346,0.114125,0.308868,0.264422,0.573793,0.507702,0.098335,0.0429058,0.309791,0.0766984,0.0423155,0.0756155,0.743401,0.580138,0.0900762,0.0578307,0.233484,0.174722,-0.00898765,0.114925,0.524092,0.414906,0.697804,0.69986,0.829079,0.206593,0.132577,-0.073302,0.457851,0.406649,0.138401,0.00684193,0.0560028,0.114277,-0.00185682,0.744141,-0.0478712,-0.00320771
0.404993,-0.161397,-0.0769132,0.452302,0.193589,0.255088,-0.0910736,0.356801,0.2271,0.265479,0.0964463,0.458513,0.724349,0.923441,0.438202,0.0826341,0.0332269,0.249978,0.0431036,0.874473,0.288702,0.458243,1.0056,0.496009,0.578475,0.91544,0.255291,0.660559,0.326132,0.782087,0.668355,-0.0868141,0.114409,0.308546,0.264966,0.578244,0.507767,0.0985092,0.0427675,0.309421,0.0784692,0.0419993,0.0755081,0.744018,0.581058,0.0902475,0.0574432,0.233083,0.174302,-0.00883621,0.114695,0.525368,0.416293,0.699241,0.699838,0.828435,0.207262,0.132258,-0.0741592,0.458196,0.408442,0.139042,0.00681757,0.0560756,0.112996,-4.02113e-05,0.744601,-0.0473841,-0.00387103
0.405993,-0.163694,-0.0754776,0.450776,0.193359,0.25537,-0.0914532,0.356728,0.228273,0.266471,0.0967418,0.456623,0.727573,0.927922,0.437861,0.0829158,0.0320671,0.252659,0.0409995,0.878828,0.289989,0.459264,1.00865,0.494393,0.580298,0.915838,0.257039,0.664302,0.327877,0.783542,0.669425,-0.0891781,0.114687,0.308218,0.265517,0.582653,0.507869,0.0986764,0.042633,0.309044,0.0802319,0.0416853,0.0754147,0.744602,0.581947,0.0904147,0.0570441,0.232677,0.173898,-0.00868335,0.114456,0.526622,0.417666,0.700667,0.699821,0.827756,0.207922,0.131935,-0.0750073,0.458534,0.410226,0.139669,0.00680419,0.056146,0.111704,0.00177267,0.745029,-0.0468904,-0.00453048
0.406993,-0.165973,-0.0740436,0.449243,0.193161,0.255641,-0.0918359,0.356645,0.229441,0.267447,0.0970275,0.454738,0.730786,0.932343,0.437525,0.0832015,0.0309051,0.255314,0.0389161,0.883137,0.29129,0.46026,1.01165,0.492762,0.582107,0.916192,0.258788,0.668006,0.329646,0.784978,0.670473,-0.0915265,0.114957,0.307885,0.266075,0.58702,0.508009,0.0988364,0.042503,0.308659,0.0819863,0.0413734,0.0753352,0.745153,0.582806,0.0905777,0.0566337,0.232266,0.173508,-0.00852903,0.114209,0.527854,0.419025,0.70208,0.69981,0.827043,0.208571,0.13161,-0.0758464,0.458867,0.412001,0.140282,0.00680051,0.056214,0.110402,0.00358169,0.745423,-0.0463901,-0.00518528
0.407993,-0.168232,-0.0726119,0.447705,0.192995,0.255901,-0.0922214,0.356552,0.230602,0.268407,0.0973033,0.452856,0.733989,0.936704,0.437195,0.0834918,0.029741,0.257945,0.0368541,0.8874,0.292604,0.461229,1.01459,0.491114,0.583901,0.916502,0.260537,0.671672,0.331441,0.786394,0.671499,-0.0938593,0.115222,0.307545,0.26664,0.591346,0.50819,0.0989894,0.042378,0.308268,0.0837326,0.0410637,0.0752696,0.745671,0.583635,0.0907366,0.0562122,0.231851,0.173134,-0.00837318,0.113951,0.529063,0.420371,0.703481,0.699805,0.826296,0.20921,0.131281,-0.0766768,0.459194,0.413767,0.140881,0.00680574,0.0562795,0.109089,0.00538671,0.745785,-0.0458834,-0.00583485
0.408993,-0.170471,-0.071183,0.44616,0.192861,0.256149,-0.092609,0.356448,0.231757,0.26935,0.0975689,0.450978,0.73718,0.941003,0.436871,0.0837872,0.0285748,0.260551,0.0348146,0.891617,0.293932,0.462173,1.01748,0.48945,0.58568,0.916767,0.262286,0.6753,0.333259,0.78779,0.672504,-0.0961766,0.115479,0.3072,0.267213,0.595629,0.508412,0.0991354,0.0422588,0.307869,0.0854708,0.0407562,0.0752176,0.746155,0.584433,0.0908913,0.0557798,0.23143,0.172774,-0.00821577,0.113685,0.530251,0.421703,0.704868,0.699805,0.825515,0.209839,0.130949,-0.0774981,0.459515,0.415523,0.141466,0.00681941,0.0563425,0.107765,0.00718761,0.746114,-0.0453704,-0.00647881
0.409993,-0.172691,-0.0697576,0.444609,0.19276,0.256387,-0.0929985,0.356333,0.232906,0.270277,0.0978241,0.449103,0.740359,0.945242,0.436553,0.0840883,0.0274068,0.263132,0.0327985,0.895787,0.295273,0.463092,1.02031,0.487771,0.587444,0.916988,0.264034,0.678888,0.335101,0.789165,0.673487,-0.0984783,0.11573,0.306849,0.267794,0.59987,0.508677,0.0992744,0.0421457,0.307463,0.0872006,0.0404508,0.075179,0.746607,0.585202,0.0910419,0.0553369,0.231006,0.172428,-0.00805672,0.113408,0.531417,0.423021,0.706243,0.699811,0.8247,0.210457,0.130615,-0.0783101,0.459829,0.417268,0.142038,0.00684134,0.056403,0.106431,0.00898426,0.74641,-0.0448511,-0.00711695
0.410993,-0.174891,-0.0683362,0.443053,0.192692,0.256614,-0.0933894,0.356208,0.234048,0.271187,0.0980689,0.447231,0.743526,0.949419,0.436242,0.0843957,0.0262372,0.265688,0.0308066,0.899909,0.296626,0.463984,1.02309,0.486076,0.589193,0.917166,0.265781,0.682437,0.336965,0.79052,0.674449,-0.100765,0.115974,0.306493,0.268384,0.604068,0.508986,0.0994065,0.0420393,0.30705,0.0889221,0.0401477,0.0751535,0.747026,0.58594,0.0911885,0.0548838,0.230577,0.172096,-0.007896,0.113121,0.532561,0.424325,0.707605,0.699822,0.823851,0.211065,0.130278,-0.079112,0.460138,0.419004,0.142596,0.00687152,0.0564609,0.105087,0.0107765,0.746672,-0.0443257,-0.00774929
0.411993,-0.177071,-0.0669196,0.441492,0.192657,0.256829,-0.0937812,0.356073,0.235183,0.27208,0.098303,0.445363,0.746679,0.953534,0.435936,0.0847098,0.0250661,0.268219,0.0288399,0.903983,0.297991,0.46485,1.02582,0.484366,0.590928,0.917299,0.267526,0.685947,0.33885,0.791855,0.675389,-0.103035,0.116212,0.30613,0.268982,0.608224,0.509341,0.0995317,0.0419401,0.30663,0.090635,0.0398467,0.0751407,0.747412,0.586649,0.091331,0.0544209,0.230143,0.171778,-0.00773355,0.112823,0.533682,0.425615,0.708953,0.699839,0.822968,0.211662,0.129938,-0.0799028,0.460441,0.42073,0.143141,0.00691014,0.0565162,0.103733,0.0125643,0.746903,-0.0437941,-0.00837605
0.412993,-0.179232,-0.0655083,0.439927,0.192655,0.257034,-0.0941736,0.355926,0.236312,0.272956,0.0985262,0.443497,0.749819,0.957588,0.435637,0.0850308,0.0238938,0.270725,0.0268993,0.908009,0.299367,0.465691,1.02849,0.48264,0.592647,0.917388,0.269268,0.689417,0.340755,0.793168,0.676307,-0.105291,0.116443,0.305762,0.269591,0.612337,0.509742,0.0996501,0.0418485,0.306203,0.0923393,0.039548,0.0751402,0.747765,0.587328,0.0914694,0.0539486,0.229706,0.171475,-0.00756931,0.112516,0.534781,0.42689,0.710287,0.699861,0.822051,0.212248,0.129596,-0.0806812,0.460737,0.422445,0.143673,0.00695762,0.056569,0.102369,0.0143475,0.7471,-0.0432566,-0.0089977
0.413993,-0.181372,-0.064103,0.438358,0.192687,0.257227,-0.0945659,0.355769,0.237433,0.273816,0.0987385,0.441634,0.752945,0.961579,0.435344,0.0853584,0.0227204,0.273205,0.0249859,0.911986,0.300756,0.466505,1.03111,0.480898,0.594353,0.917434,0.271007,0.692847,0.342679,0.794459,0.677204,-0.10753,0.116668,0.305389,0.270209,0.616406,0.510192,0.0997617,0.0417646,0.305768,0.0940346,0.0392515,0.0751516,0.748084,0.587977,0.0916038,0.0534674,0.229264,0.171185,-0.00740323,0.112197,0.535857,0.428152,0.711607,0.699888,0.8211,0.212822,0.129251,-0.0814453,0.461028,0.424149,0.144191,0.0070146,0.0566191,0.100996,0.016126,0.747264,-0.0427132,-0.00961498
0.414993,-0.183492,-0.0627043,0.436785,0.192754,0.257409,-0.094958,0.355602,0.238548,0.274659,0.0989396,0.439774,0.756056,0.965509,0.435058,0.0856924,0.0215462,0.27566,0.0231006,0.915915,0.302155,0.467294,1.03368,0.479142,0.596044,0.917435,0.272741,0.696237,0.34462,0.795729,0.678079,-0.109755,0.116886,0.30501,0.270838,0.620433,0.51069,0.0998666,0.0416887,0.305327,0.0957208,0.0389573,0.0751744,0.748371,0.588597,0.0917341,0.0529777,0.228818,0.170908,-0.00723526,0.111868,0.536912,0.429399,0.712914,0.69992,0.820115,0.213385,0.128903,-0.0821932,0.461312,0.425843,0.144696,0.007082,0.0566665,0.0996123,0.0178996,0.747395,-0.042164,-0.010229
0.415993,-0.185591,-0.061313,0.435209,0.192854,0.257579,-0.0953493,0.355423,0.239656,0.275485,0.0991293,0.437916,0.759153,0.969376,0.434777,0.0860323,0.0203715,0.278089,0.0212443,0.919793,0.303564,0.468056,1.03619,0.477371,0.59772,0.917393,0.274471,0.699587,0.346577,0.796977,0.678932,-0.111964,0.117098,0.304625,0.271478,0.624416,0.511239,0.0999647,0.0416209,0.304878,0.0973977,0.0386653,0.0752084,0.748624,0.589188,0.0918605,0.0524801,0.228368,0.170645,-0.00706534,0.111529,0.537943,0.430631,0.714206,0.699956,0.819097,0.213936,0.128553,-0.0829225,0.461591,0.427526,0.145189,0.00716094,0.0567112,0.0982196,0.0196682,0.747494,-0.041609,-0.0108411
0.416993,-0.18767,-0.0599297,0.433631,0.192989,0.257739,-0.0957395,0.355234,0.240757,0.276294,0.0993077,0.436061,0.762234,0.97318,0.434503,0.0863778,0.0191965,0.280493,0.0194181,0.923622,0.304983,0.468793,1.03864,0.475586,0.599382,0.917307,0.276196,0.702896,0.348547,0.798203,0.679764,-0.114157,0.117304,0.304235,0.27213,0.628356,0.511839,0.100056,0.0415613,0.304422,0.099065,0.0383755,0.075253,0.748845,0.589749,0.0919829,0.051975,0.227914,0.170395,-0.00689343,0.111178,0.538952,0.431849,0.715484,0.699996,0.818045,0.214475,0.128201,-0.0836308,0.461863,0.429198,0.145668,0.00725245,0.0567533,0.0968178,0.0214319,0.74756,-0.0410483,-0.0114533
0.417993,-0.189729,-0.0585548,0.43205,0.193158,0.257887,-0.0961283,0.355035,0.24185,0.277086,0.0994745,0.434208,0.765299,0.976921,0.434235,0.0867287,0.0180215,0.282871,0.017623,0.927401,0.306412,0.469503,1.04105,0.473786,0.60103,0.917178,0.277916,0.706165,0.350529,0.799406,0.680575,-0.116335,0.117503,0.30384,0.272794,0.632251,0.512492,0.100141,0.0415099,0.303959,0.100723,0.0380881,0.0753079,0.749032,0.590282,0.0921014,0.0514631,0.227456,0.170159,-0.00671949,0.110818,0.539939,0.433052,0.716748,0.700039,0.816959,0.215002,0.127847,-0.0843158,0.46213,0.430859,0.146134,0.00735716,0.0567925,0.0954069,0.0231903,0.747593,-0.0404821,-0.0120678
0.418993,-0.191767,-0.0571888,0.430467,0.193363,0.258023,-0.0965152,0.354824,0.242937,0.277862,0.0996296,0.432357,0.768348,0.9806,0.433973,0.0870846,0.0168469,0.285224,0.01586,0.931129,0.30785,0.470188,1.04339,0.471972,0.602663,0.917005,0.279629,0.709393,0.352521,0.800587,0.681364,-0.118498,0.117697,0.30344,0.273472,0.636103,0.513198,0.10022,0.0414665,0.303489,0.10237,0.0378029,0.0753726,0.749187,0.590785,0.0922159,0.0509448,0.226995,0.169936,-0.00654347,0.110447,0.540903,0.434241,0.717997,0.700085,0.815839,0.215516,0.12749,-0.0849754,0.46239,0.432508,0.146588,0.00747499,0.0568291,0.0939871,0.0249435,0.747594,-0.0399103,-0.0126871
0.419993,-0.193784,-0.0558322,0.428884,0.193601,0.258149,-0.0968999,0.354603,0.244016,0.27862,0.0997728,0.430508,0.77138,0.984215,0.433717,0.0874455,0.015673,0.287551,0.0141301,0.934807,0.309297,0.470846,1.04568,0.470144,0.604283,0.916788,0.281336,0.71258,0.354523,0.801745,0.682131,-0.120645,0.117884,0.303034,0.274164,0.639912,0.513959,0.100291,0.0414312,0.303011,0.104008,0.03752,0.0754468,0.749308,0.591259,0.0923265,0.0504207,0.22653,0.169726,-0.00636532,0.110065,0.541844,0.435414,0.719231,0.700135,0.814686,0.216017,0.127131,-0.0856079,0.462645,0.434146,0.147029,0.00760523,0.0568628,0.0925587,0.0266913,0.747561,-0.0393331,-0.013314
0.420993,-0.195781,-0.054485,0.427299,0.193875,0.258262,-0.0972822,0.354371,0.245087,0.279361,0.0999042,0.428661,0.774395,0.987767,0.433466,0.0878113,0.0145001,0.289852,0.0124345,0.938433,0.310752,0.471479,1.04792,0.468302,0.605887,0.916528,0.283036,0.715726,0.356531,0.802879,0.682877,-0.122777,0.118066,0.302624,0.27487,0.643676,0.514775,0.100357,0.0414036,0.302527,0.105635,0.0372394,0.0755301,0.749396,0.591705,0.0924332,0.0498913,0.226061,0.16953,-0.00618501,0.109674,0.542763,0.436572,0.720451,0.700186,0.813499,0.216505,0.126771,-0.0862126,0.462895,0.435772,0.147457,0.00774688,0.0568936,0.0911218,0.0284337,0.747497,-0.0387506,-0.013951
0.421993,-0.197756,-0.0531474,0.425714,0.194184,0.258365,-0.0976617,0.354128,0.246151,0.280085,0.100023,0.426816,0.777393,0.991255,0.433221,0.088182,0.0133287,0.292127,0.0107743,0.942008,0.312215,0.472085,1.0501,0.466448,0.607478,0.916225,0.284728,0.718831,0.358544,0.80399,0.683602,-0.124893,0.118241,0.302208,0.275592,0.647396,0.515647,0.100416,0.0413836,0.302035,0.107252,0.0369612,0.0756222,0.749452,0.592122,0.0925361,0.0493573,0.225589,0.169347,-0.0060025,0.109272,0.543658,0.437716,0.721656,0.70024,0.812279,0.21698,0.126408,-0.0867892,0.463138,0.437387,0.147873,0.00789901,0.0569216,0.0896766,0.0301705,0.747399,-0.0381627,-0.0146
0.422993,-0.199711,-0.0518192,0.424129,0.194528,0.258456,-0.0980381,0.353875,0.247207,0.280793,0.100131,0.424973,0.780372,0.99468,0.432982,0.0885576,0.012159,0.294377,0.00915037,0.945531,0.313685,0.472666,1.05223,0.46458,0.609053,0.915879,0.286414,0.721894,0.360562,0.805078,0.684305,-0.126994,0.118411,0.301787,0.276331,0.651072,0.516577,0.100469,0.041371,0.301536,0.108858,0.0366852,0.0757228,0.749474,0.592511,0.0926351,0.0488192,0.225114,0.169177,-0.00581774,0.108861,0.544531,0.438843,0.722846,0.700295,0.811025,0.217442,0.126043,-0.0873384,0.463377,0.438989,0.148277,0.00806091,0.0569468,0.0882234,0.0319016,0.74727,-0.0375696,-0.0152615
0.423993,-0.201645,-0.0505001,0.422545,0.194906,0.258535,-0.0984111,0.353611,0.248256,0.281483,0.100225,0.423132,0.783333,0.998042,0.432748,0.0889383,0.0109917,0.296601,0.00756402,0.949002,0.315163,0.47322,1.0543,0.4627,0.610615,0.91549,0.288091,0.724916,0.362581,0.806141,0.684987,-0.12908,0.118575,0.301362,0.277086,0.654703,0.517564,0.100515,0.0413656,0.301031,0.110453,0.0364116,0.0758316,0.749463,0.592871,0.0927303,0.0482774,0.224635,0.169021,-0.0056307,0.108441,0.545381,0.439956,0.724021,0.700351,0.809738,0.21789,0.125676,-0.0878611,0.463609,0.44058,0.148668,0.00823207,0.056969,0.0867624,0.033627,0.747108,-0.0369713,-0.0159349
0.424993,-0.203557,-0.0491896,0.420962,0.19532,0.258603,-0.0987805,0.353336,0.249297,0.282156,0.100308,0.421292,0.786276,1.00134,0.432519,0.0893239,0.00982694,0.298799,0.00601635,0.952421,0.316647,0.473748,1.05631,0.460807,0.612161,0.915058,0.289761,0.727896,0.364601,0.807181,0.685647,-0.13115,0.118732,0.300931,0.27786,0.65829,0.51861,0.100555,0.041367,0.300518,0.112038,0.0361404,0.0759483,0.749419,0.593202,0.0928218,0.0477327,0.224153,0.168879,-0.00544133,0.108012,0.546208,0.441053,0.725182,0.700408,0.808418,0.218324,0.125308,-0.0883588,0.463837,0.442159,0.149046,0.00841223,0.0569883,0.0852938,0.0353465,0.746913,-0.036368,-0.0166183
0.425993,-0.205449,-0.0478872,0.41938,0.195768,0.258659,-0.0991461,0.353051,0.25033,0.282811,0.100378,0.419454,0.789199,1.00457,0.432294,0.0897147,0.0086653,0.300971,0.00450853,0.955787,0.318138,0.474251,1.05827,0.458902,0.613692,0.914584,0.291423,0.730834,0.36662,0.808196,0.686286,-0.133204,0.118884,0.300496,0.278652,0.661833,0.519716,0.100589,0.0413749,0.299998,0.113611,0.0358715,0.0760727,0.749342,0.593506,0.0929094,0.0471855,0.223668,0.168752,-0.0052496,0.107574,0.547012,0.442134,0.726327,0.700466,0.807064,0.218744,0.124937,-0.0888327,0.464059,0.443725,0.149412,0.00860138,0.0570046,0.0838178,0.0370601,0.746686,-0.0357596,-0.0173087
0.426993,-0.207319,-0.0465923,0.417802,0.196252,0.258704,-0.0995074,0.352754,0.251355,0.28345,0.100436,0.417618,0.792103,1.00774,0.432073,0.0901107,0.00750716,0.303117,0.00304172,0.959101,0.319635,0.474727,1.06018,0.456985,0.615209,0.914066,0.293077,0.733731,0.368638,0.809186,0.686903,-0.135244,0.11903,0.300056,0.279464,0.665331,0.520881,0.100617,0.041389,0.29947,0.115173,0.035605,0.0762044,0.749232,0.593782,0.0929934,0.0466364,0.223179,0.168638,-0.00505545,0.107128,0.547793,0.4432,0.727458,0.700524,0.805677,0.219151,0.124565,-0.0892843,0.464276,0.445279,0.149766,0.00879994,0.0570179,0.0823347,0.0387677,0.746427,-0.0351462,-0.0180027
0.427993,-0.209168,-0.0453042,0.416226,0.19677,0.258737,-0.0998644,0.352448,0.252373,0.284072,0.100481,0.415783,0.794987,1.01085,0.431857,0.0905119,0.00635296,0.305237,0.00161715,0.962362,0.321138,0.475177,1.06202,0.455057,0.61671,0.913507,0.294722,0.736586,0.370652,0.810152,0.687499,-0.137268,0.119169,0.299611,0.280297,0.668784,0.522106,0.100639,0.041409,0.298936,0.116723,0.0353409,0.0763433,0.749089,0.594029,0.0930736,0.0460859,0.222688,0.16854,-0.00485886,0.106673,0.548551,0.44425,0.728574,0.700583,0.804257,0.219543,0.124191,-0.0897149,0.464488,0.446821,0.150108,0.00900979,0.0570282,0.0808447,0.0404691,0.746136,-0.0345279,-0.0186969
0.428993,-0.210996,-0.0440223,0.414653,0.197323,0.258759,-0.100217,0.35213,0.253382,0.284676,0.100513,0.41395,0.797851,1.01389,0.431643,0.0909185,0.00520311,0.307331,0.000236014,0.965569,0.322646,0.475602,1.06382,0.453118,0.618195,0.912904,0.29636,0.739399,0.372662,0.811093,0.688074,-0.139276,0.119303,0.299161,0.281151,0.672192,0.523391,0.100655,0.0414346,0.298395,0.118261,0.0350792,0.0764892,0.748913,0.594249,0.0931502,0.0455345,0.222194,0.168456,-0.00465978,0.106211,0.549286,0.445285,0.729674,0.700641,0.802804,0.219921,0.123816,-0.0901258,0.464695,0.44835,0.150438,0.0092397,0.0570354,0.079348,0.0421643,0.745813,-0.0339048,-0.0193882
0.429993,-0.212803,-0.0427462,0.413085,0.197911,0.258769,-0.100564,0.351802,0.254383,0.285264,0.100533,0.412118,0.800694,1.01687,0.431433,0.0913306,0.00405806,0.309399,-0.00110044,0.968724,0.32416,0.476,1.06555,0.451167,0.619665,0.91226,0.29799,0.742169,0.374666,0.812008,0.688627,-0.14127,0.119431,0.298707,0.282028,0.675556,0.524737,0.100665,0.0414654,0.297847,0.119788,0.0348199,0.0766418,0.748704,0.594441,0.0932231,0.0449827,0.221697,0.168388,-0.00445818,0.105742,0.549998,0.446303,0.73076,0.700699,0.801318,0.220284,0.123439,-0.0905182,0.464898,0.449866,0.150756,0.00950583,0.0570396,0.0778448,0.0438532,0.745458,-0.0332769,-0.0200738
0.430993,-0.214588,-0.0414757,0.411521,0.198533,0.258767,-0.100907,0.351463,0.255376,0.285834,0.10054,0.410288,0.803516,1.01978,0.431225,0.0917482,0.00291825,0.311441,-0.00239097,0.971824,0.32568,0.476372,1.06724,0.449206,0.621119,0.911573,0.299611,0.744898,0.376664,0.812898,0.689159,-0.143247,0.119553,0.298249,0.282927,0.678874,0.526143,0.100669,0.041501,0.297292,0.121303,0.034563,0.0768009,0.748463,0.594605,0.0932924,0.0444311,0.221197,0.168336,-0.00425404,0.105265,0.550686,0.447305,0.731831,0.700756,0.799799,0.220634,0.123061,-0.0908934,0.465096,0.451369,0.151061,0.00979604,0.0570407,0.0763355,0.0455357,0.74507,-0.0326443,-0.0207512
0.431993,-0.216352,-0.0402108,0.409962,0.199189,0.258753,-0.101244,0.351114,0.25636,0.286388,0.100534,0.40846,0.806317,1.02263,0.43102,0.0921713,0.00178415,0.313457,-0.00363432,0.974871,0.327204,0.476719,1.06886,0.447235,0.622557,0.910845,0.301225,0.747584,0.378654,0.813763,0.68967,-0.14521,0.119669,0.297785,0.28385,0.682148,0.52761,0.100667,0.041541,0.29673,0.122806,0.0343085,0.0769664,0.748188,0.594742,0.0933581,0.0438801,0.220695,0.1683,-0.00404733,0.104782,0.551351,0.448291,0.732888,0.700813,0.798247,0.220969,0.122681,-0.0912524,0.465289,0.45286,0.151355,0.0100984,0.0570386,0.0748203,0.0472117,0.744652,-0.032007,-0.0214184
0.432993,-0.218094,-0.0389522,0.40841,0.199879,0.258727,-0.101576,0.350754,0.257337,0.286924,0.100516,0.406633,0.809096,1.02541,0.430815,0.0926001,0.000656225,0.315447,-0.00482923,0.977864,0.328734,0.477039,1.07043,0.445253,0.623979,0.910075,0.302831,0.750228,0.380637,0.814601,0.690159,-0.147157,0.11978,0.297318,0.284797,0.685377,0.529137,0.10066,0.0415852,0.296161,0.124296,0.0340565,0.0771379,0.74788,0.594851,0.0934202,0.0433302,0.220189,0.168281,-0.00383805,0.104292,0.551993,0.449261,0.733929,0.700869,0.796663,0.221289,0.122299,-0.0915963,0.465477,0.454337,0.151637,0.0104102,0.0570334,0.0732994,0.0488812,0.744201,-0.0313651,-0.0220736
0.433993,-0.219814,-0.0377011,0.406864,0.200602,0.25869,-0.101902,0.350384,0.258304,0.287443,0.100484,0.404807,0.811853,1.02813,0.430612,0.0930346,-0.000465056,0.317411,-0.00597445,0.980803,0.330268,0.477334,1.07194,0.443261,0.625384,0.909263,0.304429,0.75283,0.38261,0.815413,0.690627,-0.149088,0.119885,0.296846,0.285769,0.68856,0.530724,0.100647,0.0416332,0.295585,0.125774,0.033807,0.0773153,0.747539,0.594932,0.0934788,0.0427818,0.219682,0.168279,-0.00362619,0.103797,0.552612,0.450214,0.734956,0.700925,0.795046,0.221595,0.121917,-0.0919259,0.465662,0.455802,0.151907,0.0107307,0.057025,0.071773,0.050544,0.743719,-0.0307187,-0.0227153
0.434993,-0.221514,-0.0364595,0.405325,0.201359,0.258641,-0.102222,0.350003,0.259264,0.287945,0.10044,0.402983,0.814588,1.03079,0.430409,0.0934748,-0.00157929,0.319348,-0.0070687,0.983688,0.331807,0.477602,1.0734,0.441259,0.626773,0.908409,0.30602,0.755389,0.384573,0.8162,0.691074,-0.151005,0.119986,0.29637,0.286765,0.691699,0.53237,0.100628,0.0416846,0.295002,0.12724,0.0335599,0.0774985,0.747165,0.594987,0.0935338,0.0422356,0.219171,0.168295,-0.00341178,0.103296,0.553207,0.451151,0.735968,0.700979,0.793396,0.221887,0.121532,-0.0922418,0.465842,0.457253,0.152165,0.0110596,0.0570133,0.0702415,0.0522,0.743205,-0.0300677,-0.0233421
0.435993,-0.223191,-0.0352302,0.403794,0.20215,0.25858,-0.102536,0.349612,0.260215,0.28843,0.100383,0.401161,0.8173,1.03338,0.430205,0.0939206,-0.00268616,0.321259,-0.00811075,0.986518,0.333351,0.477845,1.0748,0.439248,0.628145,0.907514,0.307603,0.757905,0.386526,0.816959,0.691499,-0.152906,0.120082,0.29589,0.287785,0.694792,0.534076,0.100604,0.0417391,0.294413,0.128693,0.0333153,0.0776871,0.746759,0.595014,0.0935853,0.0416919,0.218659,0.168328,-0.00319482,0.102789,0.553779,0.452072,0.736966,0.701033,0.791714,0.222165,0.121147,-0.0925446,0.466017,0.45869,0.152411,0.011397,0.0569985,0.068705,0.0538491,0.74266,-0.0294123,-0.0239529
0.436993,-0.224847,-0.034017,0.402271,0.202973,0.258507,-0.102843,0.349211,0.261157,0.288898,0.100314,0.39934,0.819989,1.03591,0.43,0.0943723,-0.00378546,0.323144,-0.00909937,0.989294,0.3349,0.478062,1.07615,0.437227,0.6295,0.906578,0.309178,0.760379,0.388467,0.817692,0.691903,-0.154791,0.120173,0.295406,0.28883,0.69784,0.535841,0.100574,0.0417964,0.293816,0.130133,0.0330731,0.0778811,0.746319,0.595014,0.0936334,0.0411512,0.218143,0.16838,-0.00297535,0.102277,0.554327,0.452976,0.737949,0.701085,0.79,0.222428,0.12076,-0.0928347,0.466189,0.460115,0.152645,0.0117427,0.0569803,0.0671639,0.0554914,0.742083,-0.0287526,-0.0245466
0.437993,-0.226481,-0.0328242,0.400758,0.203828,0.258422,-0.103144,0.348799,0.26209,0.289349,0.100231,0.397522,0.822654,1.03837,0.429793,0.0948296,-0.00487706,0.325003,-0.0100334,0.992016,0.336453,0.478253,1.07744,0.435197,0.630838,0.905601,0.310747,0.762811,0.390397,0.818398,0.692285,-0.156661,0.120261,0.294917,0.289899,0.700843,0.537665,0.100539,0.041856,0.293213,0.13156,0.0328335,0.0780802,0.745846,0.594987,0.093678,0.040614,0.217626,0.168451,-0.00275343,0.101761,0.554852,0.453863,0.738917,0.701137,0.788253,0.222677,0.120373,-0.0931128,0.466357,0.461525,0.152868,0.0120968,0.0569589,0.0656184,0.0571266,0.741476,-0.0280885,-0.0251223
0.438993,-0.228094,-0.0316558,0.399255,0.204716,0.258325,-0.103439,0.348377,0.263015,0.289783,0.100136,0.395704,0.825295,1.04077,0.429583,0.0952928,-0.00596088,0.326836,-0.0109115,0.994683,0.338011,0.478419,1.07867,0.433158,0.632159,0.904583,0.312308,0.7652,0.392314,0.819077,0.692647,-0.158516,0.120345,0.294425,0.290992,0.7038,0.539547,0.100499,0.0419178,0.292603,0.132974,0.0325964,0.0782842,0.745341,0.594933,0.0937191,0.0400807,0.217106,0.168541,-0.00252909,0.101241,0.555353,0.454733,0.739871,0.701187,0.786474,0.222912,0.119984,-0.0933793,0.46652,0.462922,0.15308,0.0124594,0.0569341,0.0640688,0.0587547,0.740837,-0.0274201,-0.025679
0.439993,-0.229684,-0.0305141,0.397763,0.205635,0.258216,-0.103727,0.347945,0.263931,0.2902,0.100028,0.393889,0.827913,1.0431,0.42937,0.0957616,-0.00703681,0.328642,-0.0117327,0.997295,0.339573,0.478558,1.07985,0.43111,0.633462,0.903525,0.313862,0.767546,0.394219,0.819729,0.692986,-0.160355,0.120426,0.293929,0.292108,0.706712,0.541487,0.100453,0.0419815,0.291986,0.134374,0.0323618,0.078493,0.744803,0.594852,0.0937568,0.0395519,0.216585,0.168651,-0.0023024,0.100716,0.555831,0.455587,0.74081,0.701236,0.784664,0.223132,0.119594,-0.0936346,0.46668,0.464305,0.153279,0.0128306,0.056906,0.0625153,0.0603756,0.740167,-0.0267475,-0.0262161
0.440993,-0.231253,-0.0293991,0.396282,0.206586,0.258095,-0.104007,0.347502,0.264838,0.2906,0.0999079,0.392076,0.830505,1.04537,0.429152,0.0962363,-0.00810468,0.330422,-0.0124959,0.999852,0.341141,0.478672,1.08097,0.429053,0.634748,0.902426,0.315409,0.769849,0.396109,0.820353,0.693305,-0.162179,0.120505,0.293429,0.293247,0.709579,0.543484,0.100403,0.0420467,0.291363,0.135762,0.0321298,0.0787063,0.744232,0.594745,0.0937911,0.0390279,0.216061,0.168781,-0.00207342,0.100188,0.556285,0.456423,0.741735,0.701284,0.782821,0.223339,0.119203,-0.0938791,0.466835,0.465674,0.153467,0.0132104,0.0568745,0.0609582,0.0619892,0.739466,-0.0260707,-0.0267327
0.441993,-0.2328,-0.028309,0.394813,0.207567,0.257963,-0.104281,0.34705,0.265736,0.290983,0.0997752,0.390264,0.833073,1.04758,0.428929,0.0967168,-0.00916419,0.332175,-0.0131999,1.00235,0.342713,0.478761,1.08203,0.426988,0.636016,0.901286,0.316949,0.77211,0.397986,0.82095,0.693602,-0.163987,0.120581,0.292925,0.294408,0.7124,0.545539,0.100347,0.0421131,0.290733,0.137135,0.0319003,0.078924,0.743628,0.594611,0.093822,0.0385093,0.215535,0.168931,-0.00184222,0.099657,0.556715,0.457243,0.742646,0.701331,0.780946,0.223532,0.118811,-0.0941132,0.466987,0.46703,0.153644,0.013599,0.0568396,0.0593978,0.0635954,0.738734,-0.0253898,-0.0272283
0.442993,-0.234325,-0.0272409,0.393357,0.208579,0.257818,-0.104548,0.346587,0.266625,0.291349,0.0996301,0.388455,0.835616,1.04972,0.4287,0.0972031,-0.0102148,0.333903,-0.0138439,1.0048,0.34429,0.478823,1.08304,0.424914,0.637266,0.900106,0.318482,0.774328,0.399849,0.821519,0.693877,-0.16578,0.120654,0.292417,0.295591,0.715175,0.547651,0.100287,0.0421806,0.290096,0.138496,0.0316733,0.079146,0.742991,0.59445,0.0938495,0.0379964,0.215007,0.169101,-0.00160886,0.0991227,0.557122,0.458045,0.743542,0.701376,0.77904,0.223711,0.118418,-0.0943374,0.467135,0.468371,0.153809,0.0139964,0.0568013,0.0578344,0.0651941,0.737972,-0.0247049,-0.0277022
0.443993,-0.235829,-0.0261928,0.391916,0.209621,0.257661,-0.104807,0.346115,0.267505,0.291698,0.0994729,0.386647,0.838132,1.05179,0.428464,0.0976954,-0.0112558,0.335604,-0.0144269,1.00719,0.345873,0.478861,1.08399,0.422831,0.638499,0.898887,0.320009,0.776503,0.401697,0.822059,0.694131,-0.167558,0.120726,0.291906,0.296796,0.717905,0.54982,0.100221,0.0422489,0.289453,0.139842,0.0314489,0.0793719,0.742321,0.594262,0.0938736,0.0374896,0.214477,0.169291,-0.00137342,0.0985858,0.557505,0.458831,0.744424,0.701419,0.777102,0.223877,0.118025,-0.0945525,0.467279,0.469698,0.153963,0.0144027,0.0567595,0.0562682,0.0667853,0.737179,-0.0240159,-0.028154
0.444993,-0.23731,-0.0251637,0.390489,0.210693,0.257491,-0.105058,0.345633,0.268376,0.29203,0.0993036,0.384842,0.840623,1.0538,0.428219,0.0981938,-0.0122858,0.337278,-0.0149481,1.00953,0.347461,0.478872,1.08489,0.42074,0.639713,0.897627,0.321528,0.778636,0.403529,0.822572,0.694364,-0.16932,0.120795,0.291391,0.298022,0.720589,0.552045,0.100151,0.0423177,0.288803,0.141174,0.0312271,0.0796018,0.741619,0.594048,0.0938943,0.0369894,0.213946,0.169502,-0.00113596,0.0980464,0.557864,0.459599,0.745292,0.701461,0.775132,0.224029,0.11763,-0.0947594,0.467419,0.47101,0.154105,0.014818,0.0567142,0.0546995,0.0683688,0.736356,-0.0233229,-0.0285832
0.445993,-0.23877,-0.0241545,0.389077,0.211793,0.25731,-0.105302,0.34514,0.269238,0.292346,0.0991225,0.383039,0.843088,1.05575,0.427965,0.0986983,-0.0133029,0.338926,-0.0154067,1.01181,0.349055,0.478858,1.08573,0.41864,0.64091,0.896328,0.323042,0.780726,0.405346,0.823056,0.694575,-0.171067,0.120861,0.290872,0.299268,0.723228,0.554327,0.100076,0.0423869,0.288147,0.142493,0.0310079,0.0798354,0.740884,0.593808,0.0939117,0.0364962,0.213413,0.169733,-0.000896549,0.0975049,0.5582,0.460349,0.746145,0.701501,0.773131,0.224167,0.117236,-0.0949589,0.467556,0.472308,0.154236,0.0152426,0.0566654,0.0531288,0.0699445,0.735502,-0.022626,-0.0289898
0.446993,-0.240207,-0.0231681,0.387682,0.212923,0.257117,-0.105538,0.344638,0.27009,0.292645,0.0989296,0.381239,0.845526,1.05763,0.427701,0.0992092,-0.0143042,0.340548,-0.0158021,1.01404,0.350654,0.478819,1.08651,0.416532,0.642088,0.89499,0.324549,0.782772,0.407147,0.823511,0.694765,-0.172798,0.120925,0.29035,0.300534,0.725821,0.556664,0.0999962,0.0424562,0.287484,0.143797,0.0307913,0.0800726,0.740116,0.593541,0.0939257,0.0360102,0.212878,0.169983,-0.000655243,0.0969615,0.558511,0.461083,0.746984,0.70154,0.771099,0.224293,0.11684,-0.0951522,0.467689,0.473592,0.154356,0.0156764,0.056613,0.0515562,0.0715123,0.734619,-0.0219252,-0.0293734
0.447993,-0.241622,-0.0222095,0.386305,0.21408,0.256911,-0.105766,0.344127,0.270934,0.292927,0.0987252,0.379441,0.847936,1.05945,0.427427,0.0997266,-0.015286,0.342144,-0.0161336,1.01621,0.35226,0.478755,1.08724,0.414416,0.643249,0.893612,0.326049,0.784776,0.408931,0.823938,0.694933,-0.174513,0.120986,0.289825,0.301819,0.728369,0.559057,0.0999119,0.0425254,0.286814,0.145087,0.0305773,0.0803132,0.739315,0.593249,0.0939364,0.0355317,0.212342,0.170254,-0.000412102,0.0964163,0.558799,0.461798,0.747809,0.701577,0.769036,0.224405,0.116444,-0.0953405,0.467817,0.474861,0.154464,0.0161197,0.0565571,0.0499821,0.0730722,0.733705,-0.0212205,-0.0297341
0.448993,-0.243016,-0.0212859,0.384946,0.215265,0.256693,-0.105986,0.343606,0.271767,0.293192,0.0985095,0.377645,0.85032,1.0612,0.42714,0.100251,-0.0162438,0.343713,-0.0164008,1.01832,0.353871,0.478665,1.08791,0.412291,0.644391,0.892196,0.327543,0.786737,0.410699,0.824335,0.69508,-0.176214,0.121044,0.289297,0.303123,0.730871,0.561506,0.0998232,0.0425944,0.286138,0.146363,0.030366,0.0805572,0.738482,0.59293,0.0939437,0.035061,0.211805,0.170544,-0.000167181,0.0958695,0.559063,0.462497,0.74862,0.701612,0.766942,0.224504,0.116048,-0.0955245,0.467942,0.476115,0.154561,0.0165729,0.0564975,0.0484068,0.074624,0.732761,-0.0205121,-0.0300722
0.449993,-0.244387,-0.0204071,0.383606,0.216477,0.256463,-0.106198,0.343075,0.272592,0.29344,0.0982827,0.375853,0.852675,1.06289,0.426841,0.100782,-0.0171741,0.345255,-0.0166032,1.02038,0.35549,0.47855,1.08853,0.410157,0.645515,0.89074,0.32903,0.788656,0.412451,0.824704,0.695205,-0.177899,0.121097,0.288765,0.304445,0.733327,0.564009,0.09973,0.042663,0.285456,0.147624,0.0301572,0.0808044,0.737616,0.592584,0.0939477,0.0345983,0.211266,0.170854,7.94731e-05,0.0953214,0.559303,0.463177,0.749416,0.701645,0.764816,0.224591,0.115651,-0.0957053,0.468064,0.477354,0.154647,0.0170365,0.0564343,0.0468308,0.0761677,0.731787,-0.0197999,-0.0303882
0.450993,-0.245736,-0.0195857,0.382286,0.217715,0.25622,-0.106401,0.342535,0.273407,0.293672,0.0980451,0.374063,0.855002,1.06452,0.426529,0.10132,-0.0180753,0.346771,-0.0167404,1.02239,0.357114,0.478409,1.08908,0.408015,0.646621,0.889246,0.330511,0.790531,0.414185,0.825043,0.695309,-0.179568,0.121147,0.28823,0.305787,0.735737,0.566566,0.0996325,0.0427311,0.284768,0.148871,0.0299512,0.0810546,0.736718,0.592213,0.0939482,0.0341438,0.210726,0.171182,0.000327814,0.0947721,0.559519,0.46384,0.750198,0.701676,0.762661,0.224665,0.115255,-0.0958833,0.468181,0.478578,0.154722,0.0175125,0.0563675,0.0452545,0.0777031,0.730784,-0.019084,-0.0306829
0.451993,-0.247063,-0.0188353,0.380988,0.21898,0.255965,-0.106597,0.341985,0.274212,0.293888,0.0977968,0.372277,0.857301,1.06608,0.426203,0.101865,-0.0189484,0.348261,-0.0168121,1.02434,0.358745,0.478244,1.08959,0.405864,0.647709,0.887713,0.331986,0.792364,0.415901,0.825352,0.695391,-0.181222,0.121191,0.287692,0.307147,0.738101,0.569177,0.0995308,0.0427986,0.284073,0.150103,0.0297478,0.0813078,0.735787,0.591816,0.0939455,0.0336975,0.210185,0.171529,0.000577801,0.0942216,0.559711,0.464485,0.750966,0.701705,0.760474,0.224726,0.114858,-0.0960593,0.468294,0.479787,0.154786,0.0180072,0.0562969,0.0436782,0.0792301,0.729751,-0.0183644,-0.0309578
0.452993,-0.248368,-0.018169,0.379711,0.22027,0.255698,-0.106783,0.341427,0.275008,0.294086,0.0975383,0.370493,0.859571,1.06757,0.425863,0.102417,-0.0197953,0.349724,-0.016818,1.02623,0.360382,0.478054,1.09003,0.403704,0.648778,0.886143,0.333453,0.794153,0.4176,0.825632,0.695452,-0.18286,0.121231,0.28715,0.308525,0.74042,0.57184,0.0994249,0.0428652,0.283372,0.15132,0.029547,0.0815638,0.734823,0.591393,0.0939393,0.0332596,0.209644,0.171894,0.0008294,0.0936703,0.559879,0.465113,0.751719,0.701732,0.758257,0.224775,0.114461,-0.0962333,0.468403,0.480981,0.154839,0.0185279,0.0562226,0.0421026,0.0807487,0.728688,-0.0176412,-0.0312149
0.453993,-0.24965,-0.017595,0.378459,0.221585,0.255419,-0.106962,0.340859,0.275794,0.294268,0.0972696,0.368713,0.861811,1.069,0.425509,0.102976,-0.020618,0.35116,-0.0167578,1.02807,0.362026,0.477838,1.09043,0.401535,0.64983,0.884534,0.334915,0.7959,0.419281,0.825882,0.695491,-0.184482,0.121264,0.286606,0.309922,0.742693,0.574556,0.0993149,0.0429309,0.282664,0.152522,0.029349,0.0818227,0.733827,0.590945,0.0939298,0.0328302,0.209101,0.172276,0.00108258,0.0931181,0.560024,0.465722,0.752458,0.701757,0.75601,0.224812,0.114065,-0.0964056,0.468509,0.48216,0.15488,0.0190678,0.0561446,0.0405282,0.0822587,0.727596,-0.0169144,-0.031457
0.454993,-0.25091,-0.0171139,0.37723,0.222924,0.255127,-0.107132,0.340282,0.27657,0.294434,0.0969912,0.366937,0.864022,1.07037,0.425139,0.103542,-0.021417,0.352571,-0.0166315,1.02985,0.363676,0.477598,1.09076,0.399358,0.650863,0.882887,0.33637,0.797604,0.420944,0.826102,0.695508,-0.18609,0.121292,0.286059,0.311338,0.74492,0.577322,0.0992009,0.0429957,0.281951,0.15371,0.0291537,0.0820842,0.732799,0.59047,0.0939169,0.0324091,0.208557,0.172675,0.00133731,0.0925652,0.560144,0.466314,0.753183,0.70178,0.753732,0.224836,0.113668,-0.0965759,0.46861,0.483323,0.154911,0.0196204,0.0560628,0.0389556,0.0837601,0.726475,-0.016184,-0.0316888
0.455993,-0.252148,-0.01672,0.376027,0.224288,0.254823,-0.107293,0.339696,0.277337,0.294583,0.0967033,0.365164,0.866203,1.07168,0.424754,0.104114,-0.0221914,0.353954,-0.0164387,1.03158,0.365333,0.477333,1.09104,0.397172,0.651877,0.881203,0.337818,0.799265,0.422588,0.826291,0.695504,-0.187681,0.121313,0.28551,0.312773,0.747101,0.580138,0.0990829,0.0430593,0.281231,0.154882,0.0289611,0.0823482,0.731739,0.58997,0.0939006,0.0319965,0.208013,0.17309,0.00159358,0.0920116,0.56024,0.466887,0.753893,0.701801,0.751424,0.224849,0.113272,-0.0967439,0.468707,0.484471,0.15493,0.0201835,0.0559772,0.0373856,0.0852527,0.725325,-0.0154501,-0.0319165
0.456992,-0.253363,-0.0164043,0.374851,0.225675,0.254506,-0.107445,0.339101,0.278093,0.294716,0.0964062,0.363395,0.868353,1.07292,0.424353,0.104693,-0.0229388,0.355311,-0.0161795,1.03325,0.366995,0.477044,1.09126,0.394977,0.652874,0.879482,0.339259,0.800882,0.424214,0.82645,0.695479,-0.189257,0.121328,0.284957,0.314228,0.749237,0.583003,0.0989612,0.0431217,0.280505,0.156039,0.0287712,0.0826148,0.730646,0.589444,0.0938809,0.0315922,0.207469,0.17352,0.00185136,0.0914575,0.560312,0.467443,0.754588,0.70182,0.749087,0.224849,0.112876,-0.0969091,0.468799,0.485604,0.154939,0.0207566,0.0558877,0.0358189,0.0867363,0.724146,-0.0147128,-0.0321493
0.457992,-0.254556,-0.0161589,0.373703,0.227085,0.254177,-0.107589,0.338497,0.27884,0.294833,0.0961003,0.36163,0.870473,1.07409,0.423937,0.105279,-0.0236561,0.356641,-0.0158538,1.03487,0.368662,0.476729,1.09143,0.392773,0.653852,0.877723,0.340694,0.802457,0.425821,0.826579,0.695432,-0.190817,0.121335,0.284402,0.315701,0.751326,0.585915,0.0988356,0.043183,0.279773,0.157181,0.0285841,0.0828838,0.729521,0.588893,0.0938579,0.0311961,0.206924,0.173966,0.00211065,0.0909027,0.560359,0.46798,0.755269,0.701837,0.746719,0.224838,0.11248,-0.0970709,0.468888,0.48672,0.154937,0.0213393,0.0557944,0.0342561,0.088211,0.722937,-0.013972,-0.0323981
0.458992,-0.255726,-0.0159778,0.372583,0.228518,0.253835,-0.107723,0.337885,0.279577,0.294933,0.0957858,0.359869,0.872561,1.0752,0.423505,0.105871,-0.0243411,0.357945,-0.0154615,1.03643,0.370335,0.476391,1.09154,0.39056,0.654813,0.875928,0.342121,0.803989,0.427409,0.826676,0.695363,-0.192362,0.121335,0.283844,0.317194,0.75337,0.588874,0.0987064,0.0432429,0.279035,0.158308,0.0283997,0.0831552,0.728364,0.588316,0.0938314,0.0308082,0.206379,0.174426,0.00237142,0.0903473,0.560383,0.4685,0.755935,0.701851,0.744322,0.224815,0.112085,-0.0972287,0.468971,0.487821,0.154924,0.0219315,0.0556971,0.032698,0.0896766,0.721701,-0.0132278,-0.032674
0.459992,-0.256874,-0.0158573,0.371494,0.229972,0.253481,-0.107849,0.337265,0.280304,0.295017,0.0954632,0.358113,0.874618,1.07625,0.423057,0.106469,-0.0249933,0.359223,-0.015003,1.03793,0.372013,0.476028,1.0916,0.388338,0.655755,0.874095,0.343542,0.805477,0.428977,0.826743,0.695273,-0.193891,0.121327,0.283284,0.318706,0.755368,0.591879,0.0985735,0.0433015,0.278291,0.15942,0.0282181,0.0834288,0.727175,0.587714,0.0938015,0.0304283,0.205834,0.174899,0.00263369,0.0897911,0.560383,0.469001,0.756586,0.701863,0.741896,0.224781,0.111691,-0.0973817,0.46905,0.488906,0.1549,0.0225334,0.055596,0.031145,0.091133,0.720435,-0.0124802,-0.0329825
0.460992,-0.257999,-0.0157939,0.370435,0.231448,0.253115,-0.107966,0.336636,0.281021,0.295084,0.0951327,0.356361,0.876643,1.07724,0.422593,0.107073,-0.025614,0.360473,-0.0144783,1.03938,0.373696,0.47564,1.0916,0.386107,0.656679,0.872227,0.344955,0.806923,0.430527,0.826779,0.695161,-0.195405,0.121311,0.282722,0.320236,0.75732,0.594927,0.0984371,0.0433587,0.277541,0.160515,0.0280393,0.0837047,0.725955,0.587086,0.0937682,0.0300562,0.205288,0.175385,0.00289744,0.0892342,0.560358,0.469483,0.757223,0.701874,0.73944,0.224736,0.111297,-0.0975295,0.469125,0.489975,0.154865,0.0231448,0.0554908,0.0295974,0.0925801,0.719141,-0.0117292,-0.0333208
0.461992,-0.259102,-0.0157833,0.369409,0.232945,0.252735,-0.108074,0.335998,0.281728,0.295136,0.0947946,0.354614,0.878636,1.07816,0.422113,0.107683,-0.0262058,0.361697,-0.0138881,1.04078,0.375382,0.475229,1.09154,0.383868,0.657585,0.870322,0.346361,0.808325,0.432057,0.826783,0.695028,-0.196902,0.121287,0.282157,0.321786,0.759226,0.598018,0.0982973,0.0434145,0.276786,0.161596,0.0278633,0.0839828,0.724703,0.586434,0.0937315,0.0296918,0.204743,0.175884,0.00316268,0.0886762,0.560309,0.469948,0.757844,0.701881,0.736955,0.224679,0.110904,-0.0976714,0.469194,0.491027,0.15482,0.0237662,0.0553817,0.0280552,0.0940177,0.717819,-0.0109749,-0.0336802
0.462992,-0.260181,-0.01582,0.368416,0.234463,0.252344,-0.108172,0.335353,0.282424,0.295171,0.0944494,0.352873,0.880596,1.07902,0.421616,0.1083,-0.0267714,0.362895,-0.0132328,1.04212,0.377072,0.474793,1.09143,0.38162,0.658473,0.868381,0.347759,0.809684,0.433567,0.826755,0.694873,-0.198384,0.121253,0.28159,0.323354,0.761086,0.601151,0.0981541,0.0434689,0.276024,0.162661,0.0276901,0.084263,0.723419,0.585756,0.0936914,0.0293348,0.204198,0.176394,0.00342942,0.0881169,0.560236,0.470394,0.75845,0.701887,0.734441,0.224611,0.110511,-0.0978073,0.469259,0.492064,0.154764,0.024398,0.0552686,0.0265186,0.0954458,0.716468,-0.0102174,-0.0340508
0.463992,-0.261238,-0.0158985,0.367457,0.236,0.251939,-0.108262,0.334699,0.28311,0.295191,0.0940973,0.351136,0.882523,1.07981,0.421102,0.108923,-0.027313,0.364065,-0.0125134,1.0434,0.378766,0.474334,1.09127,0.379364,0.659343,0.866404,0.34915,0.810999,0.435057,0.826696,0.694697,-0.19985,0.121211,0.281021,0.32494,0.7629,0.604325,0.0980075,0.0435219,0.275257,0.16371,0.0275198,0.0845452,0.722104,0.585053,0.0936478,0.0289851,0.203654,0.176915,0.00369767,0.0875561,0.560139,0.470821,0.75904,0.70189,0.731898,0.224532,0.110119,-0.0979369,0.469318,0.493084,0.154697,0.0250409,0.0551514,0.024988,0.0968643,0.715089,-0.00945654,-0.0344245
0.464992,-0.262273,-0.016015,0.366534,0.237557,0.251522,-0.108343,0.334038,0.283787,0.295194,0.0937388,0.349406,0.884417,1.08054,0.420571,0.109551,-0.0278324,0.36521,-0.0117309,1.04463,0.380462,0.47385,1.09105,0.3771,0.660195,0.864392,0.350533,0.812271,0.436527,0.826605,0.6945,-0.201301,0.121159,0.28045,0.326543,0.764668,0.607538,0.0978578,0.0435734,0.274483,0.164743,0.0273523,0.0848295,0.720758,0.584324,0.0936009,0.0286424,0.20311,0.177446,0.00396744,0.0869935,0.560018,0.471231,0.759616,0.701891,0.729327,0.224442,0.109727,-0.0980604,0.469372,0.494088,0.154619,0.0256964,0.0550302,0.0234645,0.098273,0.713683,-0.00869248,-0.0347957
0.465992,-0.263284,-0.016167,0.365646,0.239134,0.251093,-0.108414,0.333368,0.284452,0.295181,0.0933742,0.347681,0.886277,1.08121,0.420021,0.110187,-0.0283305,0.366327,-0.0108864,1.0458,0.38216,0.473343,1.09077,0.374827,0.661029,0.862345,0.351907,0.813499,0.437977,0.826482,0.694281,-0.202735,0.121098,0.279877,0.328162,0.76639,0.61079,0.0977048,0.0436235,0.273705,0.165761,0.0271877,0.0851157,0.719381,0.583571,0.0935505,0.0283065,0.202566,0.177987,0.00423874,0.0864288,0.559872,0.471621,0.760175,0.70189,0.726727,0.224341,0.109337,-0.0981778,0.469421,0.495075,0.154531,0.0263665,0.0549048,0.0219516,0.0996718,0.712248,-0.00792521,-0.035161
0.466992,-0.264272,-0.0163574,0.364796,0.240729,0.250651,-0.108476,0.332691,0.285108,0.295153,0.0930038,0.345962,0.888102,1.08181,0.419454,0.110828,-0.0288082,0.367418,-0.00998127,1.04692,0.38386,0.472813,1.09044,0.372547,0.661845,0.860262,0.353274,0.814683,0.439406,0.826327,0.694042,-0.204154,0.121026,0.279302,0.329797,0.768066,0.614079,0.0975488,0.0436722,0.27292,0.166762,0.027026,0.0854039,0.717973,0.582793,0.0934967,0.0279771,0.202024,0.178536,0.0045116,0.0858616,0.559702,0.471993,0.760719,0.701886,0.724099,0.22423,0.108947,-0.0982893,0.469464,0.496046,0.154432,0.027053,0.0547754,0.0204571,0.101061,0.710786,-0.00715474,-0.0355182
0.467992,-0.265238,-0.0166006,0.363984,0.242342,0.250196,-0.108529,0.332007,0.285753,0.295109,0.092628,0.34425,0.889894,1.08235,0.418868,0.111477,-0.0292659,0.368482,-0.00901707,1.04798,0.385561,0.472259,1.09005,0.370259,0.662643,0.858145,0.354632,0.815824,0.440815,0.82614,0.69378,-0.205557,0.120944,0.278725,0.331446,0.769697,0.617405,0.0973898,0.0437195,0.27213,0.167748,0.0268671,0.0856939,0.716534,0.58199,0.0934395,0.027654,0.201482,0.179094,0.00478604,0.0852915,0.559508,0.472347,0.761247,0.70188,0.721442,0.224108,0.108557,-0.0983951,0.469501,0.497,0.154322,0.027753,0.0546418,0.0189903,0.102439,0.709296,-0.00638111,-0.0358658
0.468992,-0.26618,-0.01692,0.363211,0.243973,0.249728,-0.108572,0.331315,0.286387,0.295048,0.0922472,0.342544,0.89165,1.08283,0.418262,0.112131,-0.0297045,0.369519,-0.00799531,1.04899,0.387263,0.471682,1.08961,0.367963,0.663423,0.855993,0.355982,0.81692,0.442204,0.825919,0.693498,-0.206944,0.12085,0.278146,0.333108,0.771281,0.620767,0.0972279,0.0437654,0.271334,0.168718,0.0267112,0.0859857,0.715065,0.581163,0.0933788,0.0273369,0.200941,0.179659,0.00506209,0.0847184,0.559289,0.472682,0.761758,0.701871,0.718757,0.223975,0.108169,-0.0984955,0.469532,0.497937,0.154202,0.028444,0.054504,0.0175484,0.103808,0.707778,-0.00560434,-0.0362032
0.469992,-0.267099,-0.0173375,0.362477,0.245622,0.249248,-0.108607,0.330617,0.287011,0.294973,0.0918616,0.340846,0.893372,1.08324,0.417637,0.112793,-0.0301248,0.37053,-0.00691754,1.04994,0.388965,0.471082,1.08912,0.365661,0.664185,0.853806,0.357322,0.817973,0.443571,0.825666,0.693194,-0.208315,0.120745,0.277566,0.334783,0.772819,0.624162,0.097063,0.04381,0.270533,0.169672,0.0265583,0.0862794,0.713567,0.58031,0.0933148,0.0270255,0.200402,0.18023,0.00533977,0.0841418,0.559047,0.472998,0.762254,0.701859,0.716045,0.223832,0.107781,-0.0985905,0.469558,0.498857,0.154072,0.0290823,0.054362,0.0161233,0.105166,0.706233,-0.00482444,-0.0365299
0.470992,-0.267995,-0.0178679,0.361783,0.247287,0.248755,-0.108632,0.329911,0.287624,0.294881,0.0914717,0.339155,0.895058,1.08359,0.416991,0.113461,-0.0305281,0.371514,-0.00578527,1.05084,0.390667,0.470458,1.08857,0.363351,0.664929,0.851586,0.358654,0.818981,0.444918,0.825381,0.69287,-0.20967,0.120628,0.276985,0.336469,0.774312,0.627592,0.0968954,0.0438534,0.269727,0.17061,0.0264083,0.0865748,0.712039,0.579433,0.0932474,0.0267196,0.199863,0.180808,0.00561911,0.0835616,0.55878,0.473296,0.762732,0.701844,0.713305,0.223679,0.107395,-0.0986803,0.469576,0.49976,0.153931,0.0297016,0.0542158,0.0147124,0.106514,0.704661,-0.00404144,-0.0368458
0.471992,-0.268868,-0.0185168,0.361131,0.248969,0.248249,-0.108648,0.329198,0.288227,0.294774,0.0910779,0.337471,0.896708,1.08388,0.416324,0.114137,-0.0309154,0.372471,-0.00459994,1.05168,0.392368,0.469812,1.08796,0.361035,0.665654,0.849332,0.359976,0.819944,0.446243,0.825062,0.692524,-0.211009,0.120498,0.276402,0.338166,0.775758,0.631055,0.0967251,0.0438955,0.268915,0.171531,0.0262612,0.0868718,0.710481,0.578532,0.0931766,0.026419,0.199327,0.181391,0.00590014,0.0829775,0.558488,0.473575,0.763194,0.701827,0.710537,0.223515,0.107009,-0.098765,0.469589,0.500646,0.153779,0.030313,0.0540653,0.0133176,0.107851,0.703061,-0.00325535,-0.0371506
0.472992,-0.269717,-0.0192818,0.360519,0.250668,0.24773,-0.108654,0.328478,0.288819,0.294651,0.0906804,0.335795,0.898322,1.08411,0.415637,0.114819,-0.031288,0.373401,-0.00336288,1.05247,0.394068,0.469143,1.0873,0.358713,0.666362,0.847044,0.361289,0.820863,0.447547,0.82471,0.692158,-0.212332,0.120355,0.275818,0.339873,0.777158,0.634549,0.096552,0.0439364,0.268097,0.172437,0.0261172,0.0871706,0.708894,0.577605,0.0931023,0.0261232,0.198792,0.181978,0.0061829,0.0823894,0.558173,0.473835,0.763639,0.701806,0.707742,0.223341,0.106624,-0.0988445,0.469595,0.501515,0.153617,0.0309202,0.0539106,0.0119446,0.109177,0.701435,-0.00246619,-0.0374445
0.473992,-0.270543,-0.020155,0.35995,0.252381,0.247199,-0.108651,0.327752,0.2894,0.294513,0.0902796,0.334128,0.899899,1.08427,0.414928,0.115508,-0.0316465,0.374305,-0.00207526,1.0532,0.395767,0.468452,1.08659,0.356385,0.66705,0.844723,0.362592,0.821737,0.44883,0.824324,0.69177,-0.213639,0.120198,0.275233,0.341589,0.778512,0.638074,0.0963764,0.0439763,0.267275,0.173326,0.0259762,0.0874709,0.707279,0.576655,0.0930247,0.0258322,0.198258,0.18257,0.00646742,0.0817972,0.557833,0.474076,0.764067,0.701782,0.70492,0.223157,0.10624,-0.0989189,0.469594,0.502366,0.153444,0.0315255,0.0537515,0.0106026,0.110493,0.699781,-0.00167398,-0.0377275
0.474992,-0.271346,-0.0211267,0.359424,0.254111,0.246654,-0.108639,0.32702,0.28997,0.294359,0.0898759,0.332469,0.90144,1.08437,0.414198,0.116204,-0.0319913,0.375182,-0.000738139,1.05388,0.397463,0.467739,1.08582,0.35405,0.66772,0.842369,0.363885,0.822566,0.450091,0.823905,0.691362,-0.21493,0.120028,0.274647,0.343314,0.77982,0.641629,0.0961983,0.0440151,0.266447,0.174199,0.0258382,0.0877728,0.705636,0.57568,0.0929437,0.0255455,0.197727,0.183165,0.00675373,0.0812008,0.557468,0.474298,0.764478,0.701754,0.702071,0.222963,0.105857,-0.0989881,0.469586,0.5032,0.153261,0.0321295,0.0535882,0.00930104,0.111798,0.698101,-0.00087873,-0.0379995
0.475992,-0.272125,-0.0221875,0.35894,0.255855,0.246097,-0.108618,0.326281,0.29053,0.29419,0.0894696,0.330819,0.902943,1.08441,0.413447,0.116907,-0.0323224,0.376031,0.000647537,1.0545,0.399156,0.467003,1.085,0.351711,0.668372,0.839982,0.365169,0.82335,0.451331,0.823452,0.690932,-0.216205,0.119844,0.27406,0.345047,0.781083,0.645213,0.0960177,0.0440529,0.265614,0.175056,0.0257033,0.0880761,0.703965,0.57468,0.0928594,0.0252631,0.197198,0.183762,0.00704186,0.0806003,0.55708,0.474502,0.764871,0.701722,0.699195,0.222759,0.105476,-0.0990519,0.469571,0.504017,0.153068,0.0327316,0.0534205,0.00804389,0.113091,0.696394,-8.04552e-05,-0.0382608
0.476992,-0.27288,-0.0233304,0.3585,0.257613,0.245527,-0.108587,0.325536,0.291079,0.294006,0.089061,0.329179,0.904408,1.08438,0.412676,0.117616,-0.0326396,0.376855,0.00208093,1.05507,0.400846,0.466245,1.08413,0.349366,0.669004,0.837563,0.366441,0.824088,0.452549,0.822965,0.690482,-0.217464,0.119648,0.273471,0.346787,0.782299,0.648825,0.0958347,0.0440898,0.264775,0.175897,0.0255715,0.088381,0.702267,0.573657,0.0927716,0.0249846,0.196671,0.184362,0.00733185,0.0799957,0.556667,0.474687,0.765247,0.701687,0.696292,0.222545,0.105096,-0.0991104,0.469549,0.504816,0.152864,0.033331,0.0532485,0.00682644,0.114374,0.69466,0.000720831,-0.0385113
0.477992,-0.273612,-0.0245509,0.358104,0.259385,0.244943,-0.108547,0.324786,0.291616,0.293807,0.0886505,0.327548,0.905836,1.08429,0.411884,0.118332,-0.0329423,0.377651,0.00356126,1.05559,0.402532,0.465465,1.0832,0.347017,0.669617,0.835111,0.367703,0.824781,0.453745,0.822444,0.690012,-0.218706,0.119438,0.272882,0.348534,0.783469,0.652463,0.0956494,0.0441259,0.263932,0.176721,0.0254427,0.0886872,0.700542,0.572609,0.0926805,0.0247097,0.196147,0.184963,0.00762374,0.0793872,0.55623,0.474853,0.765605,0.701647,0.693363,0.222321,0.104717,-0.0991632,0.469519,0.505597,0.152649,0.0339269,0.0530721,0.00564178,0.115645,0.6929,0.00152512,-0.0387511
0.478992,-0.274319,-0.0258466,0.357753,0.261171,0.244347,-0.108498,0.32403,0.292143,0.293592,0.0882384,0.325928,0.907226,1.08414,0.411074,0.119054,-0.0332297,0.37842,0.00508777,1.05605,0.404213,0.464664,1.08222,0.344663,0.670211,0.832627,0.368954,0.825427,0.454919,0.821889,0.68952,-0.219932,0.119217,0.272293,0.350288,0.784593,0.656127,0.0954618,0.0441612,0.263084,0.177529,0.0253171,0.0889948,0.698791,0.571537,0.092586,0.0244384,0.195626,0.185565,0.00791754,0.0787749,0.555768,0.474999,0.765944,0.701603,0.690408,0.222087,0.104339,-0.0992104,0.469481,0.50636,0.152425,0.0345186,0.0528914,0.00448719,0.116905,0.691113,0.00233239,-0.0389803
0.479992,-0.275003,-0.0272171,0.357446,0.26297,0.243738,-0.108439,0.323268,0.292658,0.293362,0.0878251,0.324318,0.908577,1.08393,0.410246,0.119781,-0.0335012,0.379163,0.00665967,1.05645,0.405889,0.463841,1.08118,0.342305,0.670786,0.830112,0.370195,0.826028,0.45607,0.821299,0.689008,-0.221141,0.118983,0.271702,0.352047,0.78567,0.659814,0.095272,0.0441959,0.26223,0.17832,0.0251947,0.0893036,0.697015,0.570441,0.0924881,0.0241703,0.195108,0.186168,0.00821328,0.0781589,0.555283,0.475127,0.766266,0.701554,0.687427,0.221844,0.103964,-0.0992517,0.469436,0.507106,0.15219,0.0351066,0.0527062,0.00336384,0.118154,0.6893,0.00314264,-0.0391989
0.480992,-0.275663,-0.0286623,0.357184,0.264782,0.243116,-0.108372,0.322501,0.293163,0.293117,0.0874107,0.322719,0.909889,1.08366,0.409402,0.120514,-0.0337559,0.379878,0.00827612,1.0568,0.40756,0.462997,1.0801,0.339942,0.67134,0.827564,0.371423,0.826583,0.4572,0.820674,0.688476,-0.222335,0.118738,0.271111,0.353811,0.786702,0.663525,0.0950801,0.04423,0.261372,0.179095,0.0250754,0.0896137,0.695213,0.569321,0.0923869,0.0239053,0.194593,0.18677,0.00851099,0.0775396,0.554773,0.475236,0.76657,0.7015,0.68442,0.221591,0.10359,-0.0992871,0.469382,0.507833,0.151944,0.0356915,0.0525167,0.00227531,0.11939,0.687461,0.00395586,-0.0394069
0.481992,-0.276299,-0.0301818,0.356967,0.266605,0.24248,-0.108295,0.321729,0.293656,0.292857,0.0869957,0.321131,0.911162,1.08332,0.408543,0.121252,-0.033993,0.380567,0.00993623,1.0571,0.409225,0.462132,1.07896,0.337576,0.671875,0.824986,0.37264,0.82709,0.458307,0.820015,0.687923,-0.223511,0.118481,0.270519,0.35558,0.787688,0.667257,0.094886,0.0442637,0.260508,0.179854,0.0249593,0.089925,0.693387,0.568177,0.0922824,0.0236432,0.194081,0.187372,0.00881069,0.0769169,0.554238,0.475326,0.766855,0.701441,0.681387,0.221328,0.103217,-0.0993164,0.46932,0.508543,0.151689,0.0362744,0.0523227,0.00122639,0.120616,0.685596,0.00477204,-0.0396044
0.482992,-0.276911,-0.0317737,0.356796,0.268441,0.241832,-0.108208,0.320952,0.294138,0.292582,0.0865804,0.319556,0.912395,1.08292,0.407672,0.121996,-0.0342115,0.381229,0.011639,1.05734,0.410883,0.461246,1.07776,0.335206,0.672389,0.822377,0.373846,0.827552,0.459392,0.819321,0.687349,-0.224672,0.118213,0.269927,0.357351,0.788627,0.671009,0.09469,0.044297,0.25964,0.180596,0.0248464,0.0902373,0.691537,0.567009,0.0921745,0.0233838,0.193574,0.187973,0.00911238,0.0762912,0.55368,0.475397,0.767123,0.701377,0.678329,0.221055,0.102847,-0.0993395,0.46925,0.509234,0.151423,0.0368563,0.0521244,0.000222001,0.121829,0.683705,0.00559116,-0.0397913
0.483992,-0.277498,-0.0334343,0.356671,0.270287,0.24117,-0.108113,0.32017,0.294609,0.292292,0.086165,0.317992,0.913589,1.08247,0.406791,0.122745,-0.0344105,0.381864,0.0133835,1.05753,0.412534,0.460339,1.07652,0.332833,0.672882,0.819736,0.375039,0.827966,0.460454,0.818592,0.686755,-0.225816,0.117934,0.269334,0.359126,0.78952,0.674778,0.0944919,0.04433,0.258767,0.181322,0.0247368,0.0905507,0.689664,0.565817,0.0920633,0.0231271,0.19307,0.188573,0.00941607,0.0756627,0.553097,0.475449,0.767372,0.701307,0.675245,0.220773,0.102479,-0.0993564,0.469171,0.509907,0.151146,0.0374381,0.0519216,-0.000733598,0.12303,0.681789,0.00641323,-0.0399677
0.484992,-0.278061,-0.0351585,0.356592,0.272145,0.240495,-0.108008,0.319384,0.295069,0.291987,0.0857499,0.316442,0.914743,1.08194,0.405904,0.123498,-0.0345893,0.382471,0.0151685,1.05766,0.414177,0.459411,1.07522,0.330457,0.673355,0.817066,0.37622,0.828333,0.461493,0.817827,0.686141,-0.226943,0.117644,0.268741,0.360901,0.790367,0.678564,0.094292,0.0443629,0.25789,0.182031,0.0246304,0.0908651,0.687768,0.564602,0.0919489,0.0228729,0.192571,0.18917,0.00972176,0.0750316,0.55249,0.475481,0.767603,0.701231,0.672137,0.220482,0.102112,-0.0993669,0.469083,0.510561,0.15086,0.0380204,0.0517143,-0.00163685,0.124219,0.679846,0.00723823,-0.0401335
0.485992,-0.2786,-0.0369403,0.356559,0.274013,0.239807,-0.107895,0.318594,0.295517,0.291667,0.0853353,0.314904,0.915856,1.08136,0.405012,0.124256,-0.0347471,0.383052,0.0169931,1.05774,0.415813,0.458463,1.07387,0.328078,0.673807,0.814365,0.377388,0.828652,0.46251,0.817027,0.685507,-0.228053,0.117345,0.268147,0.362678,0.791168,0.682365,0.0940902,0.0443956,0.257007,0.182723,0.0245274,0.0911803,0.685851,0.563363,0.0918312,0.022621,0.192077,0.189765,0.0100294,0.074398,0.551858,0.475495,0.767817,0.701149,0.669003,0.220181,0.101748,-0.099371,0.468986,0.511198,0.150563,0.0386035,0.0515027,-0.00248473,0.125397,0.677878,0.00806616,-0.0402887
0.486992,-0.279114,-0.0387745,0.356573,0.27589,0.239105,-0.107772,0.317799,0.295954,0.291333,0.0849215,0.313381,0.916928,1.08072,0.404119,0.125018,-0.0348838,0.383606,0.0188562,1.05776,0.417441,0.457495,1.07246,0.325696,0.674237,0.811634,0.378544,0.828924,0.463504,0.816192,0.684852,-0.229147,0.117035,0.267553,0.364454,0.791923,0.686179,0.0938866,0.0444284,0.25612,0.183399,0.0244277,0.0914964,0.683913,0.562101,0.0917103,0.0223715,0.191588,0.190358,0.010339,0.0737621,0.551203,0.475489,0.768013,0.70106,0.665845,0.219871,0.101386,-0.0993687,0.46888,0.511815,0.150256,0.0391876,0.0512866,-0.00327485,0.126561,0.675884,0.00889701,-0.0404332
0.487992,-0.279604,-0.0406567,0.356634,0.277778,0.238391,-0.10764,0.317001,0.296379,0.290984,0.0845087,0.311871,0.91796,1.08001,0.403228,0.125784,-0.0349997,0.384133,0.0207569,1.05774,0.41906,0.456506,1.07101,0.323311,0.674646,0.808873,0.379686,0.829149,0.464475,0.815321,0.684177,-0.230224,0.116716,0.266958,0.36623,0.792631,0.690003,0.0936812,0.0444613,0.255228,0.184059,0.0243313,0.0918132,0.681954,0.560815,0.0915863,0.0221243,0.191105,0.190947,0.0106506,0.0731243,0.550523,0.475465,0.768192,0.700964,0.662662,0.219552,0.101027,-0.0993598,0.468764,0.512414,0.149938,0.0397729,0.0510661,-0.00400589,0.127714,0.673866,0.00973077,-0.0405669
0.488992,-0.280069,-0.0425834,0.356741,0.279674,0.237662,-0.107499,0.316199,0.296793,0.29062,0.0840973,0.310377,0.91895,1.07925,0.402342,0.126554,-0.0350956,0.384633,0.0226943,1.05765,0.420671,0.455498,1.0695,0.320924,0.675033,0.806083,0.380815,0.829325,0.465423,0.814413,0.683482,-0.231284,0.116386,0.266362,0.368003,0.793293,0.693837,0.0934742,0.0444945,0.254332,0.184702,0.0242384,0.0921306,0.679976,0.559505,0.0914591,0.0218792,0.190629,0.191534,0.0109639,0.0724846,0.549819,0.475421,0.768354,0.700861,0.659455,0.219223,0.10067,-0.0993443,0.468639,0.512994,0.149611,0.0403592,0.0508411,-0.00467765,0.128854,0.671821,0.0105674,-0.0406898
0.489992,-0.280509,-0.0445511,0.356896,0.281578,0.236921,-0.107349,0.315394,0.297195,0.290241,0.0836875,0.308897,0.919899,1.07842,0.401465,0.127327,-0.0351726,0.385105,0.0246677,1.05752,0.422272,0.45447,1.06794,0.318534,0.675398,0.803264,0.38193,0.829453,0.466348,0.81347,0.682766,-0.232327,0.116043,0.265766,0.369774,0.793908,0.697678,0.0932655,0.0445279,0.253431,0.185328,0.0241488,0.0924487,0.677978,0.558172,0.0913289,0.0216364,0.190159,0.192116,0.0112791,0.0718433,0.549091,0.475358,0.768501,0.700751,0.656224,0.218886,0.100315,-0.0993222,0.468503,0.513556,0.149273,0.0409462,0.0506118,-0.00529079,0.129981,0.669752,0.011407,-0.0408018
0.490992,-0.280924,-0.0465554,0.357097,0.283491,0.236166,-0.10719,0.314585,0.297586,0.289848,0.0832795,0.307434,0.920806,1.07753,0.4006,0.128104,-0.0352319,0.385551,0.0266766,1.05733,0.423865,0.453422,1.06633,0.316142,0.67574,0.800416,0.383031,0.829532,0.467249,0.812491,0.682031,-0.233353,0.115685,0.265169,0.371541,0.794478,0.701524,0.0930552,0.0445618,0.252526,0.185938,0.0240628,0.0927673,0.675963,0.556816,0.0911957,0.0213959,0.189696,0.192695,0.0115959,0.0712006,0.548338,0.475276,0.768632,0.700632,0.652969,0.218539,0.0999629,-0.0992935,0.468358,0.514099,0.148925,0.0415338,0.050378,-0.00584651,0.131096,0.667658,0.0122495,-0.0409027
0.491992,-0.281315,-0.0485907,0.357345,0.285412,0.235397,-0.107023,0.313774,0.297965,0.289441,0.0828736,0.305986,0.921671,1.07658,0.39975,0.128884,-0.0352751,0.385969,0.0287203,1.05708,0.425448,0.452355,1.06467,0.313748,0.67606,0.797539,0.384118,0.829563,0.468128,0.811475,0.681275,-0.234362,0.11531,0.264571,0.373303,0.795,0.705373,0.0928433,0.0445963,0.251617,0.186531,0.0239802,0.0930863,0.67393,0.555437,0.0910596,0.0211576,0.189242,0.19327,0.0119142,0.0705567,0.547562,0.475175,0.768749,0.700506,0.64969,0.218183,0.0996126,-0.0992582,0.468202,0.514622,0.148566,0.0421214,0.0501398,-0.0063462,0.132198,0.665538,0.0130948,-0.0409924
0.492992,-0.28168,-0.0506506,0.35764,0.287339,0.234615,-0.106846,0.31296,0.298332,0.289019,0.08247,0.304556,0.922493,1.07557,0.398918,0.129666,-0.0353033,0.38636,0.0307986,1.05679,0.427023,0.451268,1.06296,0.311352,0.676358,0.794633,0.385191,0.829544,0.468983,0.810422,0.680499,-0.235354,0.11492,0.263973,0.37506,0.795477,0.709224,0.09263,0.0446313,0.250703,0.187107,0.0239011,0.0934056,0.671881,0.554034,0.0909206,0.0209216,0.188796,0.19384,0.0122339,0.0699118,0.546762,0.475055,0.768854,0.700371,0.646388,0.217819,0.0992641,-0.0992162,0.468036,0.515127,0.148198,0.0427087,0.0498973,-0.00679134,0.133286,0.663394,0.013943,-0.0410709
0.493992,-0.28202,-0.0527293,0.35798,0.289274,0.233819,-0.106661,0.312144,0.298688,0.288582,0.0820688,0.303143,0.923273,1.0745,0.398107,0.130451,-0.0353177,0.386724,0.0329114,1.05644,0.428587,0.450162,1.0612,0.308954,0.676632,0.791699,0.386249,0.829477,0.469815,0.809333,0.679703,-0.236329,0.114515,0.263374,0.376811,0.795907,0.713073,0.0924152,0.0446672,0.249784,0.187667,0.0238256,0.0937252,0.669816,0.552609,0.0907789,0.0206881,0.188359,0.194406,0.0125549,0.0692662,0.545937,0.474915,0.768946,0.700226,0.643063,0.217445,0.0989169,-0.0991676,0.467859,0.515612,0.147819,0.0432951,0.0496504,-0.00718339,0.134362,0.661226,0.0147941,-0.0411379
0.494992,-0.282335,-0.0548226,0.358367,0.291215,0.233009,-0.106467,0.311325,0.299032,0.288131,0.0816703,0.301748,0.924009,1.07336,0.39732,0.131237,-0.0353194,0.387061,0.0350585,1.05603,0.430142,0.449037,1.05939,0.306554,0.676883,0.788738,0.387292,0.829361,0.470623,0.808207,0.678888,-0.237286,0.114098,0.262774,0.378555,0.79629,0.71692,0.0921989,0.0447038,0.248862,0.18821,0.0237537,0.094045,0.667735,0.55116,0.0906345,0.0204571,0.187933,0.194966,0.0128768,0.0686201,0.545089,0.474756,0.769028,0.700073,0.639715,0.217063,0.0985705,-0.0991122,0.467671,0.516079,0.14743,0.0438799,0.0493992,-0.00752371,0.135425,0.659032,0.0156481,-0.0411933
0.495992,-0.282625,-0.0569284,0.358799,0.293163,0.232186,-0.106264,0.310504,0.299364,0.287666,0.0812748,0.300371,0.924703,1.07217,0.396559,0.132026,-0.0353093,0.387371,0.0372402,1.05558,0.431687,0.447894,1.05752,0.304152,0.677112,0.785748,0.38832,0.829195,0.471408,0.807044,0.678052,-0.238226,0.113672,0.262173,0.380291,0.796627,0.720762,0.0919813,0.0447414,0.247935,0.188736,0.0236854,0.0943648,0.66564,0.549688,0.0904876,0.0202287,0.187516,0.195522,0.0131996,0.0679736,0.544216,0.474578,0.769101,0.699909,0.636344,0.216673,0.0982245,-0.0990502,0.467472,0.516526,0.147031,0.0444625,0.0491436,-0.00781348,0.136474,0.656815,0.0165049,-0.041237
0.496992,-0.282889,-0.0590472,0.359274,0.295116,0.231349,-0.106053,0.309682,0.299684,0.287187,0.0808823,0.299014,0.925352,1.07092,0.395826,0.132817,-0.0352881,0.387653,0.0394566,1.05507,0.433223,0.446731,1.05561,0.301749,0.677316,0.782732,0.389332,0.828979,0.47217,0.805844,0.677196,-0.239149,0.113241,0.261571,0.382019,0.796917,0.724598,0.0917624,0.0447799,0.247004,0.189246,0.0236208,0.0946846,0.663531,0.548194,0.0903381,0.0200032,0.187111,0.196072,0.0135229,0.0673271,0.54332,0.474381,0.769168,0.699736,0.63295,0.216273,0.0978781,-0.0989816,0.467262,0.516953,0.146621,0.0450421,0.0488838,-0.00805369,0.13751,0.654573,0.0173645,-0.0412687
0.497992,-0.283128,-0.0611814,0.359794,0.297074,0.230498,-0.105832,0.308858,0.299993,0.286693,0.080493,0.297676,0.925958,1.0696,0.395123,0.133609,-0.0352565,0.387909,0.0417082,1.05451,0.434748,0.44555,1.05365,0.299345,0.677497,0.779687,0.390328,0.828714,0.472908,0.804607,0.67632,-0.240054,0.112805,0.260968,0.383738,0.79716,0.728424,0.0915422,0.0448197,0.246069,0.189738,0.02356,0.0950044,0.661409,0.546677,0.0901863,0.0197806,0.186716,0.196617,0.0138465,0.0666806,0.542399,0.474165,0.769231,0.699551,0.629534,0.215866,0.0975308,-0.0989062,0.46704,0.517362,0.146202,0.0456177,0.0486197,-0.00824514,0.138533,0.652306,0.018227,-0.0412884
0.498992,-0.283341,-0.0633347,0.360356,0.299037,0.229634,-0.105604,0.308033,0.300289,0.286185,0.0801071,0.296358,0.926521,1.06823,0.394453,0.134402,-0.0352151,0.388136,0.0439954,1.05389,0.436263,0.44435,1.05163,0.296939,0.677655,0.776616,0.391309,0.828399,0.473623,0.803332,0.675424,-0.240942,0.112369,0.260364,0.385448,0.797357,0.73224,0.0913207,0.0448606,0.245129,0.190214,0.0235028,0.0953239,0.659275,0.545137,0.0900322,0.0195612,0.186332,0.197156,0.01417,0.0660343,0.541455,0.473929,0.769292,0.699355,0.626096,0.21545,0.0971816,-0.0988242,0.466807,0.51775,0.145772,0.0461887,0.0483513,-0.0083885,0.139542,0.650016,0.0190923,-0.0412958
0.499992,-0.283528,-0.06551,0.360959,0.301006,0.228755,-0.105367,0.307207,0.300573,0.285662,0.0797247,0.295062,0.927038,1.0668,0.393817,0.135197,-0.0351645,0.388337,0.0463188,1.05322,0.437768,0.443132,1.04957,0.294533,0.677789,0.773518,0.392273,0.828034,0.474315,0.80202,0.674508,-0.241812,0.111935,0.259759,0.387147,0.797507,0.736043,0.091098,0.0449028,0.244186,0.190673,0.0234495,0.0956432,0.657128,0.543574,0.089876,0.0193451,0.18596,0.197689,0.0144933,0.0653885,0.540487,0.473675,0.769352,0.699148,0.622636,0.215026,0.09683,-0.0987356,0.466562,0.51812,0.145332,0.0467541,0.0480787,-0.00848433,0.140538,0.647702,0.0199604,-0.0412907
0.500992,-0.28369,-0.0677078,0.361604,0.302978,0.227863,-0.105121,0.30638,0.300846,0.285126,0.079346,0.293786,0.927511,1.0653,0.393218,0.135992,-0.035105,0.38851,0.0486789,1.0525,0.439263,0.441896,1.04746,0.292125,0.677899,0.770394,0.39322,0.827619,0.474983,0.800671,0.673572,-0.242664,0.111507,0.259153,0.388835,0.79761,0.739832,0.0908741,0.0449464,0.243239,0.191115,0.0234,0.0959621,0.65497,0.541989,0.0897178,0.0191326,0.185599,0.198217,0.0148158,0.0647433,0.539496,0.473401,0.769415,0.698929,0.619154,0.214594,0.0964749,-0.0986403,0.466305,0.518469,0.144882,0.0473131,0.047802,-0.0085331,0.141519,0.645364,0.0208313,-0.0412732
0.501992,-0.283825,-0.0699257,0.362288,0.304954,0.226956,-0.104868,0.305553,0.301106,0.284575,0.0789711,0.292533,0.92794,1.06375,0.392655,0.136788,-0.0350369,0.388656,0.0510766,1.05173,0.440747,0.440641,1.0453,0.289717,0.677985,0.767243,0.39415,0.827153,0.475628,0.799283,0.672617,-0.243499,0.111087,0.258545,0.390513,0.797666,0.743604,0.090649,0.0449915,0.242287,0.191541,0.0233544,0.0962806,0.652802,0.540382,0.0895576,0.018924,0.18525,0.198738,0.0151373,0.0640988,0.53848,0.473108,0.769479,0.698697,0.615651,0.214155,0.0961156,-0.0985384,0.466035,0.518799,0.144422,0.0478651,0.0475211,-0.00853523,0.142487,0.643002,0.021705,-0.0412428
0.502992,-0.283935,-0.0721586,0.363012,0.306934,0.226036,-0.104606,0.304725,0.301354,0.284011,0.0786001,0.291303,0.928323,1.06213,0.392132,0.137585,-0.0349606,0.388774,0.0535124,1.0509,0.44222,0.439369,1.04309,0.287307,0.678047,0.764066,0.395064,0.826637,0.47625,0.797858,0.671641,-0.244315,0.110679,0.257936,0.392178,0.797675,0.747357,0.0904228,0.0450381,0.241332,0.191949,0.0233128,0.0965985,0.650623,0.538752,0.0893957,0.0187194,0.184912,0.199252,0.0154574,0.0634552,0.537441,0.472795,0.769546,0.698452,0.612127,0.213707,0.0957513,-0.0984299,0.465754,0.519109,0.143951,0.0484093,0.0472361,-0.00849109,0.143441,0.640616,0.0225814,-0.0411996
0.503992,-0.284018,-0.0744003,0.363773,0.308917,0.225102,-0.104335,0.303898,0.30159,0.283432,0.0782331,0.290095,0.928661,1.06046,0.39165,0.138381,-0.0348764,0.388865,0.0559869,1.05002,0.443683,0.438078,1.04083,0.284897,0.678086,0.760863,0.395959,0.826071,0.476848,0.796394,0.670646,-0.245114,0.110283,0.257326,0.393831,0.797637,0.75109,0.0901956,0.0450864,0.240373,0.19234,0.0232751,0.0969157,0.648434,0.5371,0.0892322,0.0185192,0.184586,0.19976,0.0157758,0.0628126,0.536379,0.472464,0.769613,0.698194,0.608582,0.213253,0.0953813,-0.0983149,0.46546,0.5194,0.143471,0.0489454,0.0469471,-0.00840099,0.144381,0.638207,0.0234606,-0.0411435
0.504992,-0.284076,-0.0766447,0.364573,0.310903,0.224154,-0.104057,0.30307,0.301814,0.282839,0.0778702,0.288912,0.928953,1.05872,0.391209,0.139178,-0.0347843,0.388929,0.0585008,1.04909,0.445134,0.43677,1.03852,0.282485,0.6781,0.757635,0.396838,0.825454,0.477423,0.794893,0.66963,-0.245894,0.109902,0.256714,0.395471,0.797552,0.754801,0.0899672,0.0451363,0.23941,0.192714,0.0232414,0.0972322,0.646236,0.535425,0.0890671,0.0183235,0.184272,0.200262,0.016092,0.0621712,0.535293,0.472113,0.76968,0.697922,0.605017,0.21279,0.0950051,-0.0981932,0.465153,0.51967,0.14298,0.0494728,0.046654,-0.00826522,0.145306,0.635775,0.0243426,-0.0410742
0.505992,-0.284107,-0.0788867,0.36541,0.312892,0.223192,-0.10377,0.302244,0.302026,0.282232,0.0775114,0.287753,0.9292,1.05693,0.390812,0.139976,-0.0346846,0.388965,0.0610541,1.0481,0.446575,0.435444,1.03616,0.280073,0.67809,0.754381,0.397698,0.824787,0.477975,0.793353,0.668595,-0.246657,0.109538,0.256101,0.397098,0.79742,0.758488,0.0897378,0.0451881,0.238443,0.193072,0.0232118,0.0975479,0.644029,0.533728,0.0889007,0.0181327,0.183969,0.200757,0.0164055,0.0615309,0.534184,0.471743,0.769743,0.697635,0.601431,0.212321,0.0946224,-0.098065,0.464834,0.519921,0.142479,0.0499911,0.046357,-0.00808401,0.146218,0.633319,0.0252272,-0.0409917
0.506992,-0.284111,-0.0811222,0.366284,0.314883,0.222215,-0.103475,0.301418,0.302225,0.281611,0.0771568,0.28662,0.929401,1.05507,0.39046,0.140773,-0.0345773,0.388973,0.0636468,1.04707,0.448004,0.434101,1.03376,0.277659,0.678057,0.751101,0.39854,0.824069,0.478503,0.791775,0.667539,-0.247401,0.10919,0.255487,0.398711,0.797241,0.762149,0.0895074,0.0452417,0.237472,0.193412,0.0231864,0.0978626,0.641813,0.53201,0.088733,0.0179471,0.183679,0.201244,0.016716,0.060892,0.533051,0.471354,0.769799,0.697334,0.597825,0.211845,0.0942333,-0.0979302,0.464502,0.520152,0.141968,0.0504999,0.046056,-0.00785763,0.147115,0.63084,0.0261146,-0.040896
0.507992,-0.28409,-0.0833481,0.367194,0.316875,0.221225,-0.103173,0.300593,0.302413,0.280976,0.0768065,0.285512,0.929555,1.05316,0.390155,0.141569,-0.0344625,0.388954,0.066278,1.04598,0.449422,0.43274,1.03131,0.275243,0.677999,0.747797,0.399364,0.8233,0.479009,0.790159,0.666464,-0.248127,0.108861,0.254871,0.40031,0.797014,0.765783,0.0892759,0.0452973,0.236497,0.193735,0.0231651,0.0981763,0.639589,0.530269,0.0885641,0.0177669,0.183401,0.201725,0.017023,0.0602545,0.531895,0.470946,0.769847,0.697017,0.594199,0.211362,0.0938379,-0.097789,0.464158,0.520362,0.141447,0.0509988,0.0457512,-0.00758632,0.147998,0.628338,0.0270046,-0.040787
0.508992,-0.284041,-0.0855621,0.368141,0.318869,0.220221,-0.102862,0.299769,0.302587,0.280327,0.0764604,0.284431,0.929663,1.05118,0.389897,0.142366,-0.0343402,0.388907,0.0689464,1.04484,0.450828,0.431361,1.02881,0.272826,0.677917,0.744468,0.400168,0.822481,0.479492,0.788504,0.665369,-0.248834,0.108554,0.254253,0.401895,0.79674,0.769387,0.0890435,0.0453548,0.235519,0.19404,0.0231481,0.0984889,0.637357,0.528506,0.0883942,0.0175924,0.183135,0.202199,0.017326,0.0596185,0.530716,0.470519,0.769884,0.696685,0.590554,0.210872,0.0934367,-0.0976412,0.4638,0.520553,0.140916,0.0514873,0.0454425,-0.00727043,0.148866,0.625813,0.0278972,-0.0406648
0.509992,-0.283966,-0.0877625,0.369123,0.320863,0.219203,-0.102544,0.298947,0.30275,0.279665,0.0761186,0.283376,0.929723,1.04915,0.389688,0.143162,-0.0342105,0.388833,0.07165,1.04364,0.452222,0.429966,1.02626,0.270406,0.677812,0.741114,0.400954,0.821611,0.479951,0.786811,0.664254,-0.249523,0.108273,0.253634,0.403465,0.796418,0.77296,0.08881,0.0454144,0.234537,0.194329,0.0231353,0.0988004,0.635117,0.526722,0.0882234,0.0174239,0.182881,0.202665,0.0176246,0.0589841,0.529513,0.470073,0.769908,0.696337,0.586889,0.210376,0.0930303,-0.097487,0.463429,0.520723,0.140375,0.0519649,0.04513,-0.00691035,0.14972,0.623266,0.0287925,-0.0405292
0.510992,-0.283864,-0.0899482,0.37014,0.322858,0.218172,-0.102217,0.298126,0.3029,0.278988,0.0757812,0.28235,0.929737,1.04706,0.389528,0.143958,-0.0340732,0.388731,0.0743859,1.0424,0.453604,0.428553,1.02366,0.267984,0.677682,0.737735,0.401721,0.82069,0.480388,0.785078,0.663119,-0.250193,0.108022,0.253014,0.405019,0.796049,0.776501,0.0885756,0.0454761,0.233551,0.1946,0.0231269,0.0991105,0.632869,0.524916,0.0880517,0.0172615,0.18264,0.203124,0.0179182,0.0583513,0.528288,0.469607,0.769919,0.695972,0.583205,0.209874,0.0926195,-0.0973263,0.463045,0.520873,0.139823,0.0524309,0.0448138,-0.00650659,0.150559,0.620695,0.0296904,-0.0403804
0.511992,-0.283735,-0.0921182,0.371192,0.324853,0.217126,-0.101883,0.297308,0.303038,0.278297,0.075448,0.281352,0.929704,1.0449,0.389417,0.144753,-0.0339284,0.388602,0.0771512,1.0411,0.454973,0.427123,1.02102,0.26556,0.677529,0.734333,0.402468,0.819718,0.480802,0.783307,0.661964,-0.250845,0.107808,0.252392,0.406558,0.795632,0.780008,0.0883402,0.04554,0.232561,0.194854,0.023123,0.0994192,0.630614,0.523088,0.0878792,0.0171057,0.182411,0.203576,0.0182065,0.0577203,0.527039,0.469123,0.769913,0.69559,0.579503,0.209365,0.092205,-0.0971592,0.462648,0.521003,0.139262,0.0528848,0.0444939,-0.00605978,0.151383,0.618102,0.0305909,-0.0402184
0.512992,-0.28358,-0.094272,0.372279,0.326848,0.216067,-0.101542,0.296491,0.303163,0.277593,0.0751192,0.280383,0.929624,1.04269,0.389357,0.145547,-0.0337759,0.388445,0.0799425,1.03975,0.45633,0.425677,1.01833,0.263134,0.677352,0.730906,0.403196,0.818695,0.481193,0.781498,0.660789,-0.251478,0.107636,0.251769,0.408081,0.795168,0.783479,0.0881039,0.0456062,0.231568,0.195091,0.0231235,0.0997265,0.628351,0.521239,0.0877061,0.0169565,0.182195,0.20402,0.018489,0.057091,0.525768,0.468619,0.769892,0.69519,0.575782,0.208852,0.0917869,-0.0969857,0.462238,0.521113,0.13869,0.0533256,0.0441705,-0.00557065,0.152192,0.615487,0.0314939,-0.0400433
0.513992,-0.283397,-0.096409,0.373399,0.328841,0.214995,-0.101192,0.295677,0.303276,0.276874,0.0747946,0.279443,0.929495,1.04042,0.389347,0.14634,-0.0336156,0.38826,0.0827567,1.03835,0.457675,0.424213,1.0156,0.260705,0.677151,0.727455,0.403904,0.817621,0.481561,0.779649,0.659594,-0.252093,0.107513,0.251144,0.409588,0.794656,0.786912,0.0878666,0.0456746,0.230571,0.19531,0.0231285,0.100032,0.62608,0.519368,0.0875323,0.0168143,0.181992,0.204456,0.0187653,0.0564636,0.524474,0.468097,0.769853,0.694774,0.572043,0.208332,0.0913643,-0.0968058,0.461815,0.521202,0.138108,0.0537528,0.0438434,-0.00503999,0.152987,0.612849,0.0323994,-0.0398552
0.514992,-0.283187,-0.098529,0.374553,0.330833,0.213908,-0.100836,0.294866,0.303376,0.276142,0.0744743,0.278534,0.929319,1.03809,0.389386,0.147133,-0.0334475,0.388047,0.0855907,1.0369,0.459006,0.422733,1.01281,0.258275,0.676927,0.72398,0.404591,0.816497,0.481906,0.777761,0.658379,-0.252688,0.107442,0.250518,0.411078,0.794096,0.790308,0.0876283,0.0457454,0.229571,0.195512,0.0231381,0.100336,0.623802,0.517476,0.0873579,0.0166792,0.181801,0.204884,0.0190351,0.055838,0.523157,0.467555,0.769797,0.694339,0.568286,0.207807,0.0909361,-0.0966195,0.461378,0.521271,0.137517,0.0541653,0.0435129,-0.00446868,0.153767,0.610189,0.0333074,-0.0396543
0.515992,-0.28295,-0.100632,0.375739,0.332824,0.212809,-0.100471,0.294058,0.303464,0.275396,0.0741582,0.277656,0.929095,1.0357,0.389473,0.147925,-0.0332712,0.387807,0.0884419,1.03539,0.460323,0.421237,1.00999,0.255843,0.676679,0.720482,0.405259,0.815321,0.482229,0.775834,0.657144,-0.253265,0.107427,0.24989,0.412551,0.793488,0.793663,0.0873891,0.0458185,0.228566,0.195696,0.0231525,0.100639,0.621517,0.515562,0.087183,0.0165514,0.181624,0.205305,0.019298,0.0552144,0.521818,0.466995,0.769723,0.693886,0.564512,0.207278,0.0905011,-0.0964269,0.460928,0.52132,0.136915,0.0545625,0.0431789,-0.00385759,0.154531,0.607507,0.0342178,-0.0394406
0.516992,-0.282685,-0.102717,0.376957,0.334811,0.211696,-0.1001,0.293253,0.303539,0.274636,0.0738462,0.276809,0.928823,1.03325,0.389609,0.148715,-0.0330868,0.387538,0.091308,1.03383,0.461627,0.419724,1.00711,0.253409,0.676407,0.71696,0.405905,0.814095,0.482529,0.773868,0.655889,-0.253823,0.107467,0.249261,0.414007,0.792832,0.796977,0.0871488,0.0458941,0.227559,0.195862,0.0231715,0.100939,0.619224,0.513628,0.0870075,0.0164311,0.18146,0.205718,0.0195538,0.0545928,0.520456,0.466415,0.76963,0.693414,0.560719,0.206743,0.0900585,-0.096228,0.460465,0.521348,0.136304,0.0549435,0.0428415,-0.00320754,0.15528,0.604803,0.0351307,-0.0392144
0.517991,-0.282394,-0.104784,0.378206,0.336796,0.21057,-0.0997207,0.292451,0.303602,0.273862,0.0735383,0.275995,0.928502,1.03074,0.38979,0.149504,-0.0328939,0.387242,0.0941869,1.03222,0.462917,0.418194,1.00419,0.250975,0.676113,0.713415,0.406531,0.812818,0.482807,0.771863,0.654614,-0.254361,0.107563,0.248631,0.415445,0.792128,0.800248,0.0869077,0.0459722,0.226547,0.196011,0.0231953,0.101238,0.616923,0.511672,0.0868315,0.0163185,0.18131,0.206122,0.0198021,0.0539733,0.519072,0.465817,0.769518,0.692923,0.55691,0.206204,0.0896079,-0.0960228,0.459989,0.521356,0.135682,0.0553077,0.0425008,-0.0025193,0.156015,0.602077,0.0360459,-0.0389759
0.518991,-0.282074,-0.106834,0.379485,0.338777,0.209431,-0.0993344,0.291652,0.303652,0.273074,0.0732344,0.275214,0.928132,1.02817,0.390016,0.150293,-0.0326924,0.386918,0.0970769,1.03056,0.464192,0.416649,1.00123,0.248541,0.675795,0.709846,0.407136,0.811489,0.483062,0.769818,0.653319,-0.254881,0.107711,0.247999,0.416865,0.791375,0.803476,0.0866655,0.0460528,0.225532,0.196143,0.0232241,0.101535,0.614614,0.509695,0.086655,0.0162136,0.181174,0.206519,0.0200427,0.0533558,0.517666,0.4652,0.769386,0.692413,0.553083,0.205661,0.0891491,-0.0958113,0.459499,0.521343,0.13505,0.0556544,0.0421568,-0.00179352,0.156734,0.599329,0.0369634,-0.0387251
0.519991,-0.281727,-0.108866,0.380792,0.340754,0.208279,-0.098941,0.290858,0.303689,0.272273,0.0729344,0.274466,0.927714,1.02555,0.390286,0.15108,-0.0324822,0.386567,0.0999762,1.02885,0.465452,0.415087,0.998217,0.246108,0.675453,0.706255,0.40772,0.81011,0.483295,0.767735,0.652003,-0.255381,0.107909,0.247366,0.418268,0.790574,0.806658,0.0864223,0.046136,0.224513,0.196257,0.0232578,0.101829,0.612296,0.507697,0.086478,0.0161167,0.181053,0.206907,0.0202754,0.0527405,0.516237,0.464564,0.769233,0.691884,0.549239,0.205114,0.0886824,-0.0955935,0.458996,0.521309,0.134409,0.055983,0.0418096,-0.00103071,0.157437,0.596559,0.0378832,-0.0384624
0.520991,-0.281352,-0.11088,0.382127,0.342726,0.207114,-0.0985404,0.290067,0.303714,0.271457,0.0726383,0.273752,0.927246,1.02286,0.390597,0.151865,-0.0322629,0.386187,0.102883,1.02709,0.466697,0.41351,0.995162,0.243677,0.675089,0.702641,0.408282,0.80868,0.483505,0.765612,0.650668,-0.255862,0.10815,0.246731,0.419651,0.789725,0.809795,0.086178,0.0462218,0.223491,0.196353,0.0232965,0.102122,0.609971,0.505679,0.0863004,0.0160278,0.180947,0.207288,0.0204998,0.0521274,0.514787,0.463909,0.769059,0.691335,0.545379,0.204563,0.0882082,-0.0953696,0.45848,0.521256,0.133758,0.0562932,0.0414593,-0.000231211,0.158125,0.593768,0.0388052,-0.0381878
0.521991,-0.280949,-0.112876,0.383488,0.344694,0.205937,-0.0981328,0.289281,0.303726,0.270628,0.0723459,0.273073,0.926729,1.02011,0.390947,0.15265,-0.0320345,0.385779,0.105797,1.02527,0.467926,0.411916,0.992062,0.241249,0.674702,0.699003,0.408823,0.807199,0.483694,0.763449,0.649312,-0.256323,0.108428,0.246095,0.421017,0.788828,0.812885,0.0859328,0.0463102,0.222465,0.196431,0.0233403,0.102412,0.607637,0.503639,0.0861221,0.015947,0.180856,0.20766,0.0207157,0.0515165,0.513314,0.463236,0.768864,0.690766,0.541501,0.204009,0.0877271,-0.0951394,0.45795,0.521181,0.133097,0.0565848,0.0411059,0.000604802,0.158798,0.590956,0.0397295,-0.0379016
0.522991,-0.280518,-0.114855,0.384873,0.346655,0.204747,-0.0977182,0.288499,0.303725,0.269785,0.0720572,0.27243,0.926163,1.01731,0.391334,0.153433,-0.0317968,0.385344,0.108716,1.0234,0.469139,0.410307,0.988917,0.238824,0.674292,0.695344,0.409342,0.805667,0.48386,0.761247,0.647936,-0.256766,0.108738,0.245458,0.422363,0.787882,0.815927,0.0856864,0.0464013,0.221436,0.196492,0.0233893,0.1027,0.605294,0.501579,0.0859432,0.0158744,0.180781,0.208023,0.0209227,0.0509078,0.51182,0.462543,0.768648,0.690176,0.537607,0.203451,0.0872398,-0.094903,0.457408,0.521086,0.132426,0.0568577,0.0407495,0.00147735,0.159455,0.588122,0.0406559,-0.0376039
0.523991,-0.28006,-0.116816,0.386281,0.348611,0.203545,-0.0972966,0.287721,0.303712,0.268928,0.071772,0.271823,0.925547,1.01445,0.391758,0.154214,-0.0315497,0.38488,0.111638,1.02148,0.470336,0.408682,0.985729,0.236405,0.673859,0.691661,0.409839,0.804084,0.484003,0.759005,0.64654,-0.257188,0.109072,0.24482,0.42369,0.786887,0.81892,0.0854389,0.046495,0.220403,0.196534,0.0234436,0.102986,0.602943,0.499499,0.0857635,0.0158099,0.180722,0.208378,0.0211206,0.0503014,0.510304,0.461832,0.768409,0.689567,0.533695,0.20289,0.0867471,-0.0946605,0.456852,0.520971,0.131745,0.0571117,0.0403901,0.00238666,0.160096,0.585267,0.0415843,-0.0372949
0.524991,-0.279573,-0.118759,0.387711,0.35056,0.202331,-0.0968682,0.286948,0.303686,0.268058,0.0714903,0.271252,0.924882,1.01152,0.392215,0.154994,-0.0312929,0.384388,0.114563,1.01951,0.471516,0.407042,0.982496,0.233991,0.673404,0.687956,0.410314,0.80245,0.484125,0.756724,0.645123,-0.257591,0.109426,0.244181,0.424998,0.785843,0.821864,0.0851903,0.0465916,0.219366,0.196559,0.0235032,0.10327,0.600582,0.497398,0.085583,0.0157537,0.180678,0.208725,0.0213091,0.0496974,0.508766,0.461103,0.768148,0.688937,0.529767,0.202327,0.0862493,-0.0944118,0.456284,0.520834,0.131055,0.0573471,0.0400278,0.0033331,0.160722,0.582391,0.0425149,-0.0369747
0.525991,-0.279058,-0.120684,0.38916,0.352502,0.201105,-0.096433,0.28618,0.303647,0.267173,0.0712119,0.270719,0.924166,1.00854,0.392704,0.155773,-0.0310263,0.383869,0.117488,1.01749,0.472678,0.405387,0.97922,0.231584,0.672926,0.684229,0.410767,0.800765,0.484224,0.754404,0.643686,-0.257975,0.109792,0.243541,0.426286,0.784751,0.824757,0.0849405,0.0466908,0.218326,0.196566,0.0235683,0.103551,0.598211,0.495277,0.0854016,0.0157057,0.18065,0.209064,0.0214882,0.0490957,0.507208,0.460355,0.767866,0.688286,0.525821,0.201762,0.0857469,-0.094157,0.455703,0.520678,0.130355,0.0575641,0.0396627,0.00431724,0.161332,0.579494,0.0434474,-0.0366436
0.526991,-0.278514,-0.122592,0.390627,0.354436,0.199867,-0.0959912,0.285418,0.303595,0.266275,0.0709367,0.270224,0.923401,1.0055,0.393224,0.15655,-0.0307497,0.383321,0.120412,1.01542,0.473823,0.403716,0.975901,0.229185,0.672426,0.68048,0.411197,0.79903,0.484302,0.752044,0.642229,-0.258339,0.110168,0.2429,0.427554,0.783609,0.827599,0.0846894,0.0467929,0.217282,0.196556,0.023639,0.103829,0.595831,0.493135,0.0852192,0.015666,0.180636,0.209394,0.0216577,0.0484965,0.505627,0.459588,0.767562,0.687615,0.521858,0.201194,0.0852398,-0.0938961,0.455109,0.5205,0.129645,0.0577629,0.0392948,0.00533977,0.161927,0.576576,0.0443818,-0.0363017
0.527991,-0.277942,-0.124482,0.39211,0.356362,0.198618,-0.0955426,0.28466,0.303531,0.265362,0.0706645,0.269767,0.922585,1.0024,0.393773,0.157325,-0.0304631,0.382745,0.123334,1.01329,0.47495,0.402031,0.972538,0.226795,0.671904,0.676708,0.411605,0.797243,0.484358,0.749644,0.640751,-0.258683,0.11055,0.242258,0.428802,0.782419,0.83039,0.0844372,0.0468977,0.216234,0.196527,0.0237152,0.104105,0.59344,0.490973,0.0850357,0.0156344,0.180635,0.209715,0.0218178,0.0478997,0.504026,0.458803,0.767239,0.686922,0.517877,0.200625,0.0847282,-0.0936292,0.454502,0.520302,0.128926,0.0579439,0.0389242,0.00640146,0.162505,0.573637,0.0453181,-0.035949
0.528991,-0.277341,-0.126355,0.393607,0.358279,0.197357,-0.0950875,0.283908,0.303453,0.264436,0.0703953,0.269348,0.921719,0.999243,0.39435,0.158099,-0.0301662,0.382141,0.126252,1.01112,0.476058,0.40033,0.969133,0.224415,0.671359,0.672915,0.41199,0.795406,0.484391,0.747205,0.639252,-0.259007,0.110935,0.241615,0.43003,0.781179,0.833128,0.0841835,0.0470054,0.215183,0.19648,0.0237972,0.104378,0.591039,0.488791,0.0848511,0.015611,0.180648,0.210028,0.0219687,0.0473053,0.502404,0.457999,0.766897,0.686209,0.513879,0.200054,0.0842125,-0.0933562,0.453883,0.520083,0.128197,0.0581075,0.0385509,0.00750317,0.163068,0.570678,0.0462563,-0.0355857
0.529991,-0.276712,-0.128211,0.395116,0.360188,0.196085,-0.0946259,0.283162,0.303363,0.263496,0.0701289,0.268969,0.920802,0.996025,0.394953,0.158871,-0.029859,0.381508,0.129165,1.00889,0.477148,0.398615,0.965685,0.222046,0.670793,0.6691,0.412352,0.793518,0.484403,0.744726,0.637733,-0.259312,0.111318,0.240971,0.431237,0.77989,0.835813,0.0839286,0.047116,0.214129,0.196416,0.023885,0.104649,0.588627,0.48659,0.0846651,0.0155956,0.180672,0.210332,0.0221105,0.0467134,0.500761,0.457177,0.766539,0.685474,0.509862,0.199482,0.0836936,-0.0930771,0.453251,0.519844,0.127459,0.0582541,0.0381751,0.00864577,0.163614,0.567698,0.0471962,-0.0352119
0.530991,-0.276054,-0.130051,0.396636,0.362087,0.194802,-0.0941579,0.282422,0.30326,0.262543,0.0698652,0.26863,0.919834,0.992749,0.395581,0.159642,-0.0295413,0.380848,0.132071,1.00661,0.478218,0.396884,0.962195,0.219689,0.670206,0.665262,0.412691,0.791579,0.484393,0.742207,0.636193,-0.259597,0.111699,0.240326,0.432424,0.778551,0.838446,0.0836722,0.0472293,0.21307,0.196334,0.0239787,0.104916,0.586204,0.484368,0.0844778,0.0155882,0.180706,0.210628,0.0222436,0.0461241,0.499097,0.456337,0.766166,0.684718,0.505828,0.198909,0.0831723,-0.0927921,0.452606,0.519583,0.126712,0.058384,0.0377967,0.00983009,0.164145,0.564698,0.0481377,-0.0348277
0.531991,-0.275367,-0.131873,0.398164,0.363976,0.193508,-0.0936836,0.281687,0.303144,0.261575,0.069604,0.26833,0.918816,0.989413,0.396232,0.16041,-0.029213,0.380159,0.134969,1.00428,0.479269,0.39514,0.958663,0.217345,0.669597,0.661404,0.413007,0.789589,0.484362,0.739649,0.634632,-0.259861,0.112075,0.239681,0.433589,0.777163,0.841025,0.0834143,0.0473456,0.212008,0.196233,0.0240784,0.105181,0.583769,0.482126,0.0842889,0.0155887,0.18075,0.210916,0.0223684,0.0455373,0.497413,0.455478,0.765781,0.683941,0.501775,0.198336,0.0826495,-0.092501,0.45195,0.519303,0.125955,0.0584979,0.0374158,0.0110569,0.164659,0.561678,0.0490809,-0.0344331
0.532991,-0.274651,-0.133678,0.3997,0.365856,0.192203,-0.0932029,0.280959,0.303015,0.260593,0.0693452,0.268071,0.917747,0.986018,0.396907,0.161178,-0.0288741,0.379442,0.137857,1.00189,0.4803,0.393381,0.95509,0.215013,0.668966,0.657523,0.4133,0.787549,0.484309,0.737051,0.633051,-0.260106,0.112446,0.239035,0.434734,0.775726,0.84355,0.0831548,0.0474648,0.210943,0.196115,0.0241843,0.105443,0.581323,0.479865,0.0840984,0.015597,0.180803,0.211194,0.0224852,0.0449531,0.495708,0.454602,0.765386,0.683142,0.497705,0.197762,0.0821257,-0.092204,0.451281,0.519001,0.125189,0.058596,0.0370325,0.0123268,0.165157,0.558637,0.0500257,-0.0340282
0.533991,-0.273906,-0.135467,0.401241,0.367724,0.190888,-0.0927161,0.280238,0.302873,0.259598,0.0690886,0.267853,0.916626,0.982565,0.397603,0.161943,-0.0285246,0.378697,0.140733,0.999458,0.481311,0.391607,0.951475,0.212697,0.668314,0.653621,0.413569,0.785458,0.484234,0.734413,0.631449,-0.260331,0.112814,0.238389,0.435857,0.774238,0.846021,0.0828938,0.0475868,0.209873,0.195979,0.0242964,0.105703,0.578865,0.477584,0.0839062,0.0156128,0.180863,0.211465,0.0225944,0.0443714,0.493984,0.453707,0.764982,0.682322,0.493617,0.197188,0.0816013,-0.0919011,0.4506,0.518679,0.124413,0.0586787,0.0366468,0.0136402,0.16564,0.555576,0.050972,-0.033613
0.534991,-0.273132,-0.13724,0.402787,0.369582,0.189562,-0.0922231,0.279522,0.302718,0.258588,0.0688342,0.267675,0.915455,0.979052,0.398319,0.162706,-0.0281644,0.377923,0.143598,0.996972,0.482301,0.38982,0.947819,0.210395,0.667642,0.649697,0.413815,0.783317,0.484138,0.731736,0.629826,-0.260535,0.11318,0.237743,0.436958,0.772701,0.848438,0.0826311,0.0477118,0.2088,0.195825,0.0244148,0.105959,0.576395,0.475284,0.0837121,0.0156361,0.18093,0.211726,0.0226963,0.0437924,0.492239,0.452794,0.764569,0.68148,0.489512,0.196615,0.0810766,-0.0915923,0.449908,0.518336,0.123629,0.0587465,0.0362588,0.0149975,0.166106,0.552496,0.0519196,-0.0331874
0.535991,-0.272328,-0.138997,0.404335,0.371428,0.188226,-0.0917241,0.278814,0.30255,0.257565,0.0685817,0.267539,0.914232,0.97548,0.399056,0.163468,-0.0277937,0.377121,0.146449,0.994434,0.48327,0.388018,0.944123,0.20811,0.666948,0.645752,0.414037,0.781125,0.48402,0.729019,0.628182,-0.26072,0.113546,0.237096,0.438038,0.771114,0.850801,0.0823666,0.0478396,0.207723,0.195653,0.0245397,0.106212,0.573912,0.472965,0.0835159,0.0156668,0.181005,0.211979,0.0227914,0.0432161,0.490475,0.451863,0.764146,0.680617,0.485391,0.196043,0.0805519,-0.0912775,0.449203,0.517972,0.122836,0.0587996,0.0358685,0.0163985,0.166555,0.549395,0.0528687,-0.0327515
0.536991,-0.271495,-0.140738,0.405884,0.373263,0.18688,-0.0912192,0.278113,0.302369,0.256528,0.0683311,0.267444,0.912958,0.971849,0.399811,0.164227,-0.0274124,0.37629,0.149285,0.991845,0.484218,0.386202,0.940386,0.205842,0.666234,0.641786,0.414235,0.778883,0.483881,0.726263,0.626516,-0.260884,0.113913,0.236449,0.439096,0.769477,0.853109,0.0821002,0.0479704,0.206642,0.195463,0.0246712,0.106463,0.571416,0.470626,0.0833176,0.0157046,0.181086,0.212224,0.0228798,0.0426423,0.488691,0.450914,0.763711,0.679732,0.481254,0.195471,0.0800277,-0.0909569,0.448487,0.517588,0.122033,0.0588385,0.0354761,0.0178431,0.166989,0.546275,0.0538189,-0.0323053
0.537991,-0.270633,-0.142463,0.407433,0.375086,0.185524,-0.0907083,0.277419,0.302175,0.255477,0.0680821,0.267389,0.911632,0.96816,0.400584,0.164984,-0.0270208,0.375431,0.152105,0.989204,0.485145,0.384373,0.93661,0.203591,0.6655,0.637798,0.41441,0.77659,0.48372,0.723466,0.62483,-0.261028,0.114283,0.235801,0.440131,0.76779,0.855363,0.0818319,0.0481041,0.205558,0.195255,0.0248093,0.10671,0.568908,0.468268,0.083117,0.0157493,0.181174,0.21246,0.0229622,0.0420713,0.486888,0.449948,0.76326,0.678826,0.477102,0.194901,0.0795048,-0.0906305,0.447759,0.517183,0.121222,0.0588635,0.0350814,0.0193306,0.167406,0.543136,0.0547704,-0.0318487
0.538991,-0.26974,-0.144172,0.408981,0.376897,0.184157,-0.0901917,0.276732,0.301968,0.254411,0.0678346,0.267376,0.910255,0.964411,0.401374,0.165738,-0.0266189,0.374544,0.154909,0.986512,0.48605,0.38253,0.932794,0.20136,0.664745,0.63379,0.414561,0.774247,0.483538,0.720631,0.623122,-0.261152,0.114655,0.235154,0.441145,0.766052,0.857563,0.0815616,0.0482406,0.20447,0.195029,0.0249542,0.106954,0.566386,0.465891,0.082914,0.0158009,0.181269,0.212688,0.0230389,0.0415029,0.485065,0.448963,0.762791,0.677898,0.472937,0.194332,0.078984,-0.0902982,0.44702,0.516757,0.120402,0.058875,0.0346847,0.0208604,0.167806,0.539977,0.0557231,-0.0313817
0.539991,-0.268818,-0.145866,0.410527,0.378695,0.182781,-0.0896693,0.276053,0.301748,0.253332,0.0675886,0.267404,0.908826,0.960604,0.40218,0.16649,-0.0262068,0.373628,0.157696,0.983768,0.486933,0.380673,0.92894,0.199148,0.663971,0.62976,0.414688,0.771854,0.483335,0.717755,0.621394,-0.261256,0.115028,0.234506,0.442136,0.764264,0.859707,0.0812892,0.0483801,0.203378,0.194786,0.0251061,0.107195,0.56385,0.463494,0.0827083,0.015859,0.181372,0.212907,0.0231104,0.0409372,0.483224,0.447961,0.762301,0.676948,0.468757,0.193766,0.0784661,-0.0899601,0.44627,0.516311,0.119574,0.0588732,0.0342859,0.0224314,0.16819,0.536798,0.0566767,-0.0309041
0.540991,-0.267866,-0.147544,0.412069,0.380481,0.181395,-0.0891414,0.275381,0.301515,0.252239,0.0673437,0.267472,0.907345,0.956737,0.403,0.167239,-0.0257848,0.372684,0.160464,0.980973,0.487793,0.378803,0.925046,0.196958,0.663176,0.625709,0.41479,0.769411,0.483111,0.714841,0.619643,-0.261339,0.115402,0.233859,0.443104,0.762426,0.861798,0.0810146,0.0485225,0.202282,0.194524,0.025265,0.107433,0.561301,0.461079,0.0824997,0.0159236,0.181483,0.213117,0.0231772,0.0403743,0.481364,0.446941,0.761787,0.675977,0.464565,0.193201,0.0779522,-0.0896163,0.445508,0.515844,0.118736,0.0588585,0.0338851,0.0240425,0.168558,0.533601,0.0576313,-0.0304159
0.541991,-0.266884,-0.149208,0.413607,0.382253,0.18,-0.0886078,0.274717,0.301269,0.251132,0.0670999,0.267581,0.905813,0.952811,0.403835,0.167985,-0.0253529,0.371711,0.163214,0.978125,0.488632,0.376919,0.921114,0.194791,0.662362,0.621637,0.414869,0.766919,0.482866,0.711886,0.617872,-0.261402,0.115776,0.233212,0.44405,0.760537,0.863834,0.0807376,0.0486678,0.201182,0.194245,0.025431,0.107668,0.558737,0.458646,0.0822882,0.0159944,0.181603,0.21332,0.02324,0.0398141,0.479485,0.445904,0.761247,0.674984,0.46036,0.192639,0.0774431,-0.0892667,0.444736,0.515356,0.11789,0.0588314,0.0334823,0.0256924,0.168909,0.530385,0.0585868,-0.029917
0.542991,-0.265872,-0.150856,0.41514,0.384012,0.178594,-0.0880688,0.274062,0.301009,0.250011,0.0668571,0.26773,0.904229,0.948827,0.404684,0.168727,-0.0249113,0.37071,0.165946,0.975227,0.489447,0.375022,0.917144,0.192647,0.661529,0.617544,0.414923,0.764376,0.4826,0.708893,0.616079,-0.261445,0.116146,0.232565,0.444973,0.758597,0.865816,0.0804582,0.048816,0.200078,0.193949,0.0256043,0.107899,0.55616,0.456193,0.0820735,0.0160713,0.18173,0.213513,0.0232993,0.0392566,0.477588,0.444849,0.760681,0.67397,0.456143,0.192079,0.0769397,-0.0889114,0.443953,0.514848,0.117036,0.0587921,0.0330776,0.0273798,0.169244,0.527149,0.0595431,-0.0294073
0.543991,-0.264829,-0.152489,0.416667,0.385758,0.177179,-0.0875244,0.273415,0.300737,0.248875,0.066615,0.267919,0.902593,0.944783,0.405544,0.169467,-0.0244602,0.36968,0.168658,0.972277,0.49024,0.373113,0.913137,0.19053,0.660676,0.61343,0.414954,0.761784,0.482312,0.70586,0.614265,-0.261467,0.116511,0.231918,0.445872,0.756607,0.867744,0.0801762,0.0489671,0.198971,0.193634,0.0257851,0.108127,0.553568,0.453722,0.0818554,0.016154,0.181864,0.213698,0.0233557,0.0387018,0.475673,0.443777,0.760085,0.672934,0.451915,0.191523,0.0764428,-0.0885504,0.443159,0.514319,0.116173,0.0587409,0.0326711,0.029103,0.169562,0.523895,0.0605001,-0.0288867
0.544991,-0.263757,-0.154108,0.418186,0.38749,0.175754,-0.0869748,0.272776,0.300451,0.247726,0.0663735,0.268147,0.900905,0.94068,0.406416,0.170202,-0.0239997,0.368621,0.171351,0.969275,0.491009,0.37119,0.909093,0.18844,0.659804,0.609296,0.41496,0.759142,0.482004,0.702787,0.612429,-0.261469,0.11687,0.231272,0.446749,0.754566,0.869619,0.0798916,0.049121,0.197859,0.193302,0.0259733,0.108352,0.550962,0.451233,0.0816338,0.0162423,0.182004,0.213874,0.0234097,0.0381498,0.47374,0.442687,0.75946,0.671877,0.447677,0.19097,0.0759532,-0.0881838,0.442354,0.51377,0.115302,0.0586784,0.0322628,0.0308607,0.169864,0.520622,0.0614577,-0.0283551
0.545991,-0.262653,-0.155711,0.419698,0.389207,0.17432,-0.08642,0.272146,0.300152,0.246562,0.0661326,0.268414,0.899166,0.936519,0.407298,0.170933,-0.02353,0.367534,0.174025,0.966221,0.491755,0.369255,0.905013,0.18638,0.658912,0.605141,0.414942,0.756451,0.481675,0.699675,0.610571,-0.26145,0.117219,0.230626,0.447602,0.752474,0.871439,0.0796042,0.0492777,0.196744,0.192952,0.0261693,0.108574,0.548341,0.448725,0.0814083,0.0163362,0.182149,0.214041,0.0234616,0.0376006,0.471789,0.44158,0.758805,0.670798,0.443429,0.19042,0.0754714,-0.0878115,0.441539,0.5132,0.114423,0.0586049,0.0318526,0.0326512,0.170149,0.517331,0.0624159,-0.0278124
0.546991,-0.261519,-0.157301,0.421202,0.390911,0.172876,-0.08586,0.271526,0.29984,0.245385,0.0658919,0.268719,0.897374,0.932298,0.40819,0.17166,-0.0230512,0.366418,0.17668,0.963116,0.492478,0.367307,0.900896,0.184352,0.658003,0.600965,0.414899,0.75371,0.481325,0.696524,0.608692,-0.261411,0.117558,0.22998,0.448432,0.75033,0.873206,0.0793139,0.0494373,0.195624,0.192585,0.026373,0.108792,0.545705,0.446199,0.0811789,0.0164353,0.182297,0.2142,0.0235118,0.0370542,0.469821,0.440456,0.758119,0.669698,0.439172,0.189873,0.0749981,-0.0874336,0.440714,0.512609,0.113536,0.0585206,0.0314408,0.034473,0.170417,0.514021,0.0633745,-0.0272584
0.547991,-0.260355,-0.158875,0.422696,0.3926,0.171422,-0.0852951,0.270914,0.299515,0.244193,0.0656515,0.269062,0.895531,0.928019,0.409091,0.172383,-0.0225634,0.365273,0.179315,0.959959,0.493176,0.365347,0.896744,0.182358,0.657074,0.596768,0.414832,0.750921,0.480954,0.693334,0.606791,-0.261351,0.117885,0.229335,0.449238,0.748136,0.87492,0.0790204,0.0495996,0.1945,0.1922,0.0265846,0.109007,0.543054,0.443654,0.0809453,0.0165396,0.182449,0.21435,0.0235605,0.0365106,0.467836,0.439316,0.757401,0.668577,0.434909,0.189331,0.0745336,-0.0870502,0.439879,0.511998,0.11264,0.0584261,0.0310273,0.0363242,0.170669,0.510694,0.0643335,-0.0266931
