,bankssts-lh,bankssts-rh,caudalanteriorcingulate-lh,caudalanteriorcingulate-rh,caudalmiddlefrontal-lh,caudalmiddlefrontal-rh,cuneus-lh,cuneus-rh,entorhinal-lh,entorhinal-rh,frontalpole-lh,frontalpole-rh,fusiform-lh,fusiform-rh,inferiorparietal-lh,inferiorparietal-rh,inferiortemporal-lh,inferiortemporal-rh,insula-lh,insula-rh,isthmuscingulate-lh,isthmuscingulate-rh,lateraloccipital-lh,lateraloccipital-rh,lateralorbitofrontal-lh,lateralorbitofrontal-rh,lingual-lh,lingual-rh,medialorbitofrontal-lh,medialorbitofrontal-rh,middletemporal-lh,middletemporal-rh,paracentral-lh,paracentral-rh,parahippocampal-lh,parahippocampal-rh,parsopercularis-lh,parsopercularis-rh,parsorbitalis-lh,parsorbitalis-rh,parstriangularis-lh,parstriangularis-rh,pericalcarine-lh,pericalcarine-rh,postcentral-lh,postcentral-rh,posteriorcingulate-lh,posteriorcingulate-rh,precentral-lh,precentral-rh,precuneus-lh,precuneus-rh,rostralanteriorcingulate-lh,rostralanteriorcingulate-rh,rostralmiddlefrontal-lh,rostralmiddlefrontal-rh,superiorfrontal-lh,superiorfrontal-rh,superiorparietal-lh,superiorparietal-rh,superiortemporal-lh,superiortemporal-rh,supramarginal-lh,supramarginal-rh,temporalpole-lh,temporalpole-rh,transversetemporal-lh,transversetemporal-rh
bankssts-lh,0.5016847586743625,-0.013633981848599494,-0.035169587844742146,-0.05607874717976331,-0.01579484270103126,0.002121231475223711,-0.007116483807652028,-0.09690278594181843,-0.0011702620040165727,-0.04423582515717502,0.001862639392699517,0.04176187839810876,0.08008486840465821,-0.01758161393451731,-0.03731070453081247,-0.001523354163843209,0.045845265181566335,-0.01739286508208938,0.013947587400546553,-0.04792033177058343,0.00947026860010714,-0.009202322623459646,-0.020474007574436858,-0.03839269081057908,0.04247736936597155,0.006676500508863382,0.06387207526216401,0.0022756435587942664,-0.035782853581970676,-0.011219185659983429,0.02351827853270136,-0.0887590939350556,-0.032430033263358915,-0.01397581933338892,0.029228088656831925,-0.005205573711660563,0.005551586433392749,0.01450032739072998,-0.029325750934387558,-0.02183477481709359,-0.026250570359379288,0.0057293454578636995,0.009214650873677586,0.008002556324131108,-0.0025577274231609252,0.02531403156069174,-0.004351958171594692,-0.07398737075715442,0.0019283022662260681,0.023996448044735403,-0.0312397202225924,-0.0023623857206039518,-0.04203834588861646,-0.006667153761413499,0.01594788148219753,0.0033031467052549914,0.00565308653099254,-0.002804663868303449,-0.025492824701257917,0.018237619623291297,0.07022562248821378,-0.04152198271796895,-0.018193185015200224,-0.0028595349116596774,-0.04542782043883944,0.010670238459581188,-0.01382391857064011,-0.045088642313174505
bankssts-rh,-0.05217085734894215,0.19609823720846037,-0.03491636457127868,-0.03344265706704529,0.005838394165272387,-0.10286490591387365,-0.01811102042643372,-0.06679293509291223,-0.020538974107516525,-0.011794933230628895,0.0329888832188511,-0.02249939463088431,0.0002468807072320077,0.15514425925371186,-0.012903873863298646,0.07126015438555112,-0.0473525030671534,0.10029990182721929,-0.019435103182963702,0.020099159094703844,-0.01254013985704465,0.010749666118327724,0.006892035314107432,0.01249879406181032,0.006614399456710152,-0.0006220218399681003,-0.028348609930844614,0.04346109734438345,0.03749848433696662,-0.039339037723867515,-0.059024478836020855,0.09689183740318923,-0.010168007789695253,-0.036054941676863864,-0.011786768882976988,0.07126678300419112,-0.03708446882427607,-0.09293692640447314,-0.012248008164569802,-0.04556311625046673,0.015819742341471377,-0.0006705210675893762,-0.023240765832740328,0.029418025098403813,-0.013313036038075798,-0.020969240320507,0.0096350081950808,-0.01995269403881801,-0.024378435525577384,-0.005427924026174591,-0.002332994651095142,-0.025886353386308875,-0.025079489483268304,-0.010158663614132497,0.028800212219900798,-0.004364935976849214,-0.005140918127855171,-0.08444798780412266,-0.03348254785319915,-0.01667758116057422,-0.024238110302965264,0.11043685499584008,-0.03949070502067913,0.059512683642998464,0.041899134644106266,0.037358218675702645,0.00824121435595895,-0.0011771081556203134
caudalanteriorcingulate-lh,-0.001154941625866104,-0.033400913471792394,0.6799380159726726,0.2105391016559908,-0.018918166440348345,0.1517518410312132,-0.04224348750830734,0.0008591402723396983,-0.02474889138076227,0.0185467829542297,-0.03995819088231848,-0.00929831923148557,-0.05311096545092524,-0.022423802149444963,-0.048419021924496985,-0.05171119923846448,0.009718106171460352,-0.02632448633327851,-0.06461878978566679,-0.027722471030612816,-0.04947377910909993,-0.019774184181795936,-0.04943520803895189,-0.029468933566192658,-0.011557122651416436,-0.01566494969889554,-0.041785851155683555,-0.009812868478482612,0.002588380707325375,-0.03047963923896735,-0.03586176931258234,-0.007647346245029971,-0.038317751671437666,-0.0584449633907638,-0.04477419169420958,-0.005799273092848549,-0.053520112762576184,-0.017300987032791596,-0.0576297372443703,0.003640730970254334,0.012523273177752993,-0.009707400620007953,-0.04983451442713447,-0.055019087419947196,0.01934157831651002,-0.006471837678483764,0.04944268726185454,0.07520833640275074,-0.025046822853112258,0.0494110571297376,-0.06316562114468317,-0.009254268216184393,0.009091341362648676,0.041297794145695475,-0.05908290588535392,-0.002385590449512612,0.03562485009647097,0.06019202434632897,-0.057215645981085396,-0.011820084499905488,0.003357648265048938,-0.007138374919979789,-0.0037884791928654896,-0.0039096074183883,-0.0025784276137169313,-0.009516384640284507,-0.0473162381986006,0.030980915938827375
caudalanteriorcingulate-rh,-0.022766451185102666,-0.0326060905749058,0.2079278541072327,0.7199319250868063,-0.03119427475568201,0.07949988058771679,-0.05062744343304178,-0.019025427026381825,-0.03176822879764456,-0.011942804305399108,-0.04927220543678709,-0.01596318531087362,-0.05424070701625386,-0.0249916975923468,-0.05707318448650695,-0.04361519910399238,0.022009434605732944,-0.02279762767063269,-0.066529657346997,-0.026768993615987002,-0.058589791654500505,-0.052599443808203826,-0.005937699233225582,-0.011233518129251708,-0.016586511148152364,-0.02624218129231204,-0.05931276555012809,-0.03395624984096139,-0.04061661969789676,-0.007981765615178158,-0.04450384490170653,-0.03579282846580627,-0.05058632031661223,-0.047208331402024455,-0.042294775841676964,-0.008485017632837448,0.0007308655114751788,-0.008605260487404126,-0.05746919817522699,0.024109455107109504,0.0282145073663429,0.007630827425540785,-0.059304736075498736,-0.040328665333261425,0.021321748978378914,0.06046249285692147,0.08591952473886451,0.00896117349031451,-0.02852529338016577,0.09245065003792294,-0.05094367732989812,-0.02917382806595094,0.03769559527387773,0.012399020199756137,-0.04804054048290666,-0.032701936944982725,-0.012670848941799304,0.16362546440491646,-0.06399041629020814,0.00846326690084943,0.00997526007715097,0.01990527448602829,-0.007144331523943689,-0.017669123624099316,-0.0032964880305850026,-0.028983856104076937,-0.036219042896773586,0.016943864632852586
caudalmiddlefrontal-lh,0.004370573400453774,0.03090811544562314,-0.03232520935770327,-0.034858570362647584,0.8883423141839203,-0.01807868845142844,-0.0009182554454959215,0.07237914172181865,-0.03266801732210294,0.011072495615673382,-0.046934279858248044,-0.05412655675988591,0.0052302330053238194,0.046324944082876796,-0.003665868876070126,-0.03448991070029876,0.010496561717483296,0.01958426158538301,-0.058171142754164545,-0.017360088172266665,-0.03614506745946472,-0.005871782100933456,-0.011105516112072597,-0.029791101795228925,0.020086762987092756,-0.04676170530885223,-0.05042130203332659,-0.02369535083770972,-0.009700143761404724,-0.025417294826454304,-0.0032744171667584525,0.0006065239529628839,0.0018290009134312886,-0.05593251796123547,-0.04913190396415742,-0.005155080309082979,-0.029272810203980284,-0.010633864424447092,-0.027868033997684186,-0.03175765291728386,0.03902244103866292,-0.037984649193760905,0.01877882027393114,-0.014730457561614325,0.03160616659183571,-0.03696750746248531,-0.05631657816686523,-0.03190117104938821,0.0020924493010410095,-0.038799040282429094,-0.008333629353293166,-0.009912282451924645,0.01018176684216324,0.02018851734061128,-0.03709694765391684,-0.007243452876896276,-0.006218403731282621,-0.008531726736470069,-0.023297813372538303,-0.03868288706262757,-0.007916410879966446,0.03076454479690491,-0.021462957837414146,-0.0314738343381119,0.010891786733782207,-0.03932656140641503,-0.045521872427877336,0.012492895554691128
caudalmiddlefrontal-rh,-0.04151950716340875,-0.06469537666903175,0.09982569181789769,0.039120803844958904,-0.018044566207163975,0.15949316976746197,-0.03161710421846748,-0.09298961233103639,-0.020425525545540054,-0.005416468404927577,0.008969561972903339,0.04481479289905081,0.0007986440883940789,0.03500550035155384,-0.02229900310745818,-0.008329964493407005,-0.015446015573221629,0.012722838222988793,-0.021660492641340158,-0.008271086101138029,0.008349661750072476,-0.028080450010827297,-0.021248172665612266,-0.027027313391450414,0.010318129888409452,0.018526860734117852,-0.02554186084156512,0.037834825650719654,0.029321405701504023,0.017504121309126756,-0.07106984917855724,-0.05372689891807245,-0.028096500102267316,-0.04271520845783524,-0.013372453455887851,0.03757975602180113,0.00651184478412906,0.013208408119435926,-0.028680353356631223,-0.002023762555861445,0.0019594797458898634,0.03492823462102865,-0.027104833157450485,0.012707524824484054,0.02954056162121937,-0.0012271327741401085,0.010053798391595354,-0.001468216205303735,0.010613234061560286,0.0548136616480074,-0.033367095480368605,-0.014032020429344615,0.010717573996775826,0.01652308336481299,-0.06540217136164334,0.09361538246624011,-0.02745600357086385,0.029753852924465994,-0.028351088057130554,0.021565543102501444,-0.05704041615169528,-0.01209480682487572,0.021634805261212323,0.016160613457049312,-0.035642851761353816,0.050646647528346286,0.02100733834831821,-0.020663171123154248
cuneus-lh,0.00716026036636242,-0.01581197817567514,-0.052360040165696196,-0.04928879952222991,-0.015033831256136913,-0.03243171664238729,0.859550155564559,0.16134237574558075,-0.045368889309382425,0.007415201280209858,-0.05100981422938066,-0.05426121991899988,-0.03223190102301609,0.007663666960749064,0.01449033899918762,-0.06255838126139872,-0.019597752071627724,-0.021923366648380772,-0.05463020424564692,-0.028024612191034175,0.1351755774943242,0.03145684678158914,0.020871122889995344,-0.05029285741715077,-0.0290524516765769,0.047769629324610534,-0.05217576655180805,-0.03465666741173785,-0.036527066948475365,-0.0066193001847349095,0.002262888335706566,0.09555135905640044,0.008627234190336518,0.015296918572294057,-0.04413661715870267,-0.00716120971538424,-0.059347061887224835,-0.04799778561517254,-0.040935625038911315,-0.006902146166955874,-0.027242136061487853,-0.041727811192197754,0.05612571066795118,0.006826719087606026,0.05537849007957032,-0.06680529874290532,-0.06431335366323335,-0.038767832646755734,-0.0389425459204549,-0.055600337619893664,0.0664338423836289,0.022418911136539543,-0.021931770411238047,-0.03230783996595197,-0.036831495375968006,-0.047682250414438514,-0.04521023344213375,-0.03793725083846002,0.006093329697660308,-0.017535303924720698,-0.021818048008205967,-0.0004916872034995691,0.0007296572639682095,-0.025947249145868136,-0.005192271407056305,-0.024088468634817607,-0.03686642006236289,0.008936431236648076
cuneus-rh,-0.10932028285776448,-0.016225642073606855,-0.03328598946419994,-0.05522974311240958,0.028956827687018346,-0.04665666797050615,0.11186518844819164,0.5593896511465903,-0.031190005493043255,-0.033262695462291283,-0.005345614864869317,-0.018013084701533122,0.04112654090531232,0.014941035518619479,-0.06926274655395122,0.010879205864536485,-0.0004323313671015009,-0.007312966727226188,-0.007369321803930458,-0.04701692560060219,0.02309176025612461,0.07109090537488229,0.000761999142276203,-0.01654008855045222,-0.01975353291110393,-0.030953059318541715,0.00920951848901031,0.02713595010568456,-0.013576195699688095,-0.008306102368309535,-0.049123869787857356,-0.0767894437268764,0.0009638197176732608,-0.0028036953923867482,0.013093183174353025,0.03751791124293028,0.006903041983461565,0.01572509593690905,-0.027665894021995596,0.007141263873997215,-0.016329656682811017,-0.016278526520364277,0.02462851681810122,0.06464674399706587,0.04787756132014488,-0.011004961807291073,-0.018994805002937116,-0.0630118673296455,0.004409641326354488,0.020531450144647148,0.0015151820532089588,0.09942227874320787,-0.02851990155299206,-0.016834140671258283,-0.05160149262140801,-0.030202869221027023,0.01107785466838254,0.004539304053299499,0.0043513015019430714,0.033936281902906464,-0.02409735466987369,-0.04450592697689928,0.011204005103095532,-0.05238517919621406,-0.07798697557186854,-0.049900408084069016,-0.006232265569135647,-0.07461078919188677
entorhinal-lh,0.04283688028611608,-0.004568495770060088,-0.04317066822487692,-0.03898579082047356,-0.04393251574133511,-0.01891234505115968,-0.05528321954365586,-0.003770605945373668,0.6111887722921948,0.008123822920761595,-0.039464530601838535,0.018619570539273142,-0.013780895565093888,-0.03512978155485324,-0.053558836066269946,-0.03831450339573745,0.2166620259818801,0.0026668961014504684,-0.0011127072139700352,0.055122776255409095,-0.04907594360832554,-0.009904622972367574,-0.0587279715673214,-0.01426947494641447,0.028100928455995683,-0.01414510038041635,-0.02127795755271169,-0.05570755248041283,0.06331004037045415,0.00563681233597148,0.023139994301512097,-0.0341538559496233,-0.05312798037583787,-0.04492518783552155,0.016430638401673137,-0.025117253535572637,0.09045305758315735,-0.0011835579183289914,0.005155262102832104,-0.030893954523773803,-0.014084192668035872,-0.04434496614232731,-0.03119175524640618,-0.055514853145095765,0.023013672644864706,-0.04496346476987868,-0.033939371839623124,-0.030352910860376704,-0.019136018976212733,-0.02930660019223379,-0.056286965149895424,-0.02282344868060566,0.054936710612652984,0.025412176639350068,0.025323119882733964,0.0006307056784243529,-0.03985498567067043,-0.02369885233497761,-0.051812457256723725,-0.025075969931003573,0.07208597791054674,-0.0024455571758039687,-0.04371048929647097,-0.02801446857493158,0.09139376424291033,-0.04905484937160525,-0.00536956961623851,-0.02676654949972165
entorhinal-rh,-0.035180515672193526,-0.0008416884482086657,-0.0001883820824811378,-0.02794150144998169,-0.0002479917896993189,0.013265953571407047,0.0014864433063266022,-0.03164475288136172,-0.019738064550240624,0.29107019813739693,-0.04495934552108615,0.02351803299869479,-0.005132431104280708,-0.028595050886653442,-0.07723151560364407,0.0018624707651583353,0.011399782858053422,0.02533757653368076,-0.012992466821580463,-0.023759985848040018,-0.006533698366187078,0.08127226232499746,0.018627809311491567,-0.044136337267446084,-0.03411478490011064,0.0016899938859698531,0.020860408372074198,-0.017701339023266753,-0.002139883996962041,0.040112861372208965,-0.009720536325794995,0.018051766729493705,-0.03519574886730129,-0.01601594960251979,0.06975490335859426,-0.08531177597856561,-0.007624709513839115,0.01456954479034829,0.011777259327433641,-0.004864327572153168,-0.029316937546416188,-0.003602697757278311,0.0015339254319040334,0.033024372633456194,0.01544867220692019,0.013973759030028335,-0.007926023144915225,-0.03846650386168233,-0.0032528080057179242,0.013584154134664284,-0.012703555125632225,0.01231307952055068,-0.012164468327555052,0.0021701954821030964,0.003840076448485716,-0.004693334486281134,-0.009070816736474939,0.0569132778358571,0.0005513512293930435,0.030429079031081333,0.010575843351112136,0.0003303661065700426,0.0385562057920994,-0.014900745395076295,-0.030743671986131944,0.017885821883066477,0.004655665151095086,-0.16178876646495724
frontalpole-lh,0.014095939780717525,0.026259347821200263,-0.04507691515454245,-0.04378517256271809,-0.049319397393491754,0.04385582971070664,-0.05143927281818805,0.020653958327012393,-0.027186281052318288,-0.01453215808528771,0.651848500710102,0.04029690920768843,-0.028363107351234745,-0.0105947438415067,-0.024787038335150377,-0.026088780794651288,0.06072554062310516,0.0010960673134519257,-0.02914653691767918,0.03252037217608581,-0.05877886974760163,-0.0010850472504353474,-0.0022733702960011587,-0.04252542041690957,-0.015225251919409407,0.019708987453791117,-0.06151334969649302,-0.021113649422751436,0.01694493564633696,0.02753451798244963,0.005603623870569687,0.025041721661717056,-0.030046068876928737,-0.03726674646427295,0.021533993184626853,-0.009775142485314092,-0.03516721870302619,0.01152879660577877,0.04242851584199753,-0.023627902332790815,0.008598740751395535,-0.026286716834414796,-0.04151481679664216,-0.016443659806923087,-0.008112967583790695,-0.034748508941893706,-0.04952003458718607,-0.01869357459213603,-0.045863361544360236,0.04479806198246314,-0.05414005170073777,0.00705093487771302,-0.01732142959532962,-0.008737914160421627,-0.01537748666815299,0.018954763367374502,-0.027471177393819053,0.008174405165272144,-0.06146448783097163,0.03137981502542939,0.008094263426440297,0.022948734795924207,-0.018780812831744848,-0.016115737978116638,0.033204551158649585,-0.034721881049140466,-0.03856882244748789,-0.022280944206027397
frontalpole-rh,0.0419563774272291,-0.02528962424131623,-0.028617506534513826,-0.02382555403913309,-0.05258401191961759,0.03477109114126902,-0.05982485225077785,-0.004201174149915409,0.01627270823961076,0.017568929967681324,0.02110788599326947,0.49143819918296683,-0.03011360417847818,-0.002824895748452784,-0.03846918740391721,-0.04874939083639452,0.07549516405128937,0.004199643237545428,-0.026422384409823335,-0.00037537553927439256,-0.04059141990403675,0.00306338637691395,-0.009097567350333737,-0.04464302568328991,-0.0429244770756492,0.08708023369329647,-0.03816196813840314,-0.034314950442787644,0.059300897388247155,0.11434591838955009,-0.006639688584668886,0.009189648307053992,-0.05263704828874678,-0.0513811977797395,0.011254519278008253,0.0023476303871960815,-0.05353794234683955,-0.017746857963806553,-0.03691687267474799,0.05094039208194668,-0.02600322876278975,-0.039876126212519764,-0.04602061810272851,-0.04032228834521146,0.010867029857290017,-0.02983982378620094,-0.03287778751809579,-0.02630958182411365,-0.039464217846880735,-0.025901705649816475,-0.05726700109419063,-0.04301672815784786,0.0006211278451489055,0.06694225054397755,-0.03589846548109636,0.056814155676570194,-0.020997316443647527,-0.007908627255486212,-0.05366093581315834,-0.02814601022604182,0.044763823773567794,0.032342967996023285,0.004656568614138768,0.013947350692472852,0.037055931441980834,-0.017378356260150173,0.0290442444908157,0.003391320189580169
fusiform-lh,0.09536746496836634,-0.00032050371181128264,-0.05624537261562931,-0.054047373094895,-0.029172483695278525,0.001999763281300263,-0.03701074142560611,0.06472911258479443,-0.021437243963911615,0.014895964826075189,-0.034537620621109245,-0.024957277458247842,0.5447389131184823,-0.02219337099889059,-0.03979371417021111,-0.02992628336044044,0.06432835590843428,0.02375147289687341,0.010186829236346413,0.012744967502179044,-0.024181922376670297,-0.030990988548326402,-0.047856542684424186,-0.06575729107423667,0.06939263525203054,-0.02230338093206011,-0.00025000881987161897,0.017305205215839024,0.017808604661817527,-0.04978634554596229,0.108169620360894,0.008583835157679463,-0.05747330632039598,-0.052238925031320375,0.049066578817170636,0.051531778958345445,-0.010869696153763006,-0.005425953856476297,0.02932519049183193,-0.05182839531601487,-0.0007253017439252066,-0.00992409713416163,-0.015008323894988029,-0.02665306824269748,-0.009296706859489821,-0.04403026680830511,-0.062288883771449026,-0.049634540399452684,-0.012939061421395549,0.011697458745767508,-0.06417629872137172,-0.01930013913818704,-0.029654379322913763,-0.03787280652763816,-0.03895387328922258,-0.0014903049702759514,-0.031362527124587904,-0.02593409842506328,-0.06912201871213419,-0.036493525926916855,0.1076006506793966,0.007547470365181965,-0.016233460783448065,0.022998136910679638,0.0035115925839598466,0.029022277975082684,0.009962339189719022,-0.006567794695070361
fusiform-rh,0.002349348231211562,0.0899469927098838,-0.03541383758898123,-0.036755672721373346,-0.003297636475358444,0.032289702475008536,-0.010076527470941407,0.02447488761814901,-0.03954766368368479,0.0058830641133967585,-0.022693625717752432,-0.009287696742813186,-0.0410857201622138,0.40637560451406435,-0.05620692825162578,0.014831077177431071,0.00407123157124021,0.1050251191624488,-0.027090779603212368,0.026759900966279632,-0.025406499005322925,0.007157588319991758,-0.02296995595688131,-0.02361226345097478,-0.016294273326345577,-0.042955096121033196,-0.011675750260199642,0.047779496731629234,-0.01678935327658636,-0.029713886379795593,-0.012094570569645509,0.0634284267099146,-0.03585702559197228,-0.04091265877475977,-0.030737233363451393,0.09475100270315548,-0.010781612791341157,0.03088558027400184,-0.016271529922862946,-0.04336409446254238,-0.019594021928431255,-0.013505993776855928,-0.028699199597251257,0.01251223533414021,0.05039194697198841,-0.025287844475785103,-0.0309744978254608,-0.02472732631591785,0.006305779031374528,0.010795178073318734,-0.0066714160840865965,0.0030677306720693982,-0.038327846971242016,-0.023417116005043474,0.0016681907173413239,-0.002789535862895492,-0.023631211429143713,-0.004081834245400555,-0.033086352848569166,-0.018192493338568316,0.01715915329339867,0.0037118669808610958,-0.027947973132823937,-0.037569473269981134,0.006452331036588923,-0.017542429713829872,-0.016806339805563623,-0.014328637090366263
inferiorparietal-lh,0.012213510444223299,-0.018860667991856844,-0.057798387315849076,-0.05786264039392257,-0.013500059578101103,-0.007109125173376359,0.014860825378918929,-0.033037587501887344,-0.05542597958742164,-0.04075873701731325,-0.02338657161866377,-0.04377431224911463,-0.043606422319217325,-0.04693593202973742,1.0,-0.02945689444508732,-0.006246797533969777,-0.04240189836249506,-0.0028239691378169254,0.017262692111260566,2.7773148879220454e-07,-0.04523014008350869,0.09618229443304661,-0.029249055319060763,-0.03269216331994585,-0.05687265722178778,-0.036945195419493884,-0.07171935654793389,-0.03275605989671956,-0.03796810165642666,-0.02891689423039658,-0.004000850662803697,-0.022832531477387227,0.012942299600405056,-0.04464792400347214,-0.0452247856603359,-0.023852930208669815,0.025852017811384846,0.029237530254501185,-0.0020580210023455835,0.00011211343415762042,0.04991544936197801,0.038741687860539734,-0.032189142588969606,0.05675399932916619,-0.020686098605394155,0.017704250207353014,0.02568908664480509,0.11509365509893313,-0.03861393160204745,0.012898638037407343,-0.032466623621447255,-0.06434193494731259,-0.0641493527188168,-0.019446697164525933,-0.046026729788634396,-0.0016864025761708314,-0.004515398835014845,-0.003472043683526195,-0.0019833296793892916,0.02665878285583162,-0.0402491129768648,0.025140270435908118,-0.04843248340371887,-0.028674927404703798,-0.05382124568710654,-0.03831435937235957,-0.00023691740918758495
inferiorparietal-rh,0.014478556977387248,0.06859699454111405,-0.04778167708476018,-0.036078960393260855,-0.03992803124555392,-0.009738724724064193,-0.06817589585674046,0.030863043418179505,-0.02652155115652536,0.01159341474632767,-0.03754043283577177,-0.04816138629043393,-0.030810934636273716,0.040047995470496124,-0.02811403058545007,0.5467009427816176,0.012328805250515478,0.0004464694520745016,-0.03369019208189198,0.03234179711224145,-0.024710490092254647,-0.02708366173273444,-0.026407127196002585,0.09082963793990326,-0.022681009876466506,0.006465191238559001,-0.0435361085958855,0.08203206332526874,0.010192813851048813,-0.024954971440544267,0.00017019535083579826,0.03688119453047407,0.05106630292937353,-0.057789690720203714,-0.03124051417288102,0.0652256456778001,-0.016576827835314986,-0.04284618963996792,-0.002003700615280005,-0.04031188169607076,-0.018543884611191833,-0.0025852653187161396,-0.05658712271674756,-0.021246689059095353,0.0006088783338790024,-0.0498528273875953,-0.015794125098536223,-0.010907431548276123,-0.043444542060596295,-0.01034694823199694,-0.021127989475126504,-0.015973481613105186,-0.02222888705946226,-0.006033029706862214,-0.04016830294225891,0.01878945001869157,-0.033907369246543966,-0.003419392317422545,0.004112312097837307,-0.030318138114369054,0.007275287048133782,0.03263729630467779,-0.010260491116657893,0.025797153268922686,0.0413151331937055,-0.005368031547920928,-0.041690576619303664,-0.004308058562947042
inferiortemporal-lh,-0.0026927565550799552,-0.006396353777097295,-0.0073125666225681545,0.008991330640141041,-0.018804487389015197,-0.016572295095289458,-0.04164442497477017,-0.04684358524795947,0.10407891963227676,-0.05016493775399512,0.019688401074534873,0.05880545099937907,0.03975569142071557,-0.04006245038890362,-0.041060672461442994,-0.011637541719379614,0.33783219415505,-0.11691488821714768,0.03206053094414227,-0.030380848479998786,0.014636528675105875,0.031512955891516516,-0.00873045186837142,-0.0068386993078881275,0.012780906073105645,0.011162693677499884,0.031744816093038614,0.01432511596169688,0.053521497912621244,0.030453684076803527,0.03196283911699011,-0.000436086566279933,-0.008371858154697497,0.018471805723017706,0.051236236743565144,-0.05411921243373297,-0.02012245696312468,-0.06930752951416343,-0.007186338832161692,-0.004824425853149274,0.004386903002675895,-0.01588017080247374,0.00025792625017309183,-0.017561107113878063,-0.1450548125928175,-0.015796826657931928,-0.006082584867179755,0.0018580117153468453,-0.04828991465688569,0.012208868259527573,-0.015059949913030599,0.02542884267105618,-0.012039010629332257,-0.025240832526173904,0.002017180674664071,0.0056053046108291505,-0.015458656070902426,-0.030495696891560477,-0.0022548392649118076,-0.003534825856486317,0.11304498868328686,0.021410333973911046,-0.02352427676132626,-0.008725630540553937,-0.024645133908202138,-0.031096301653639635,0.01879077180003399,-0.05686529156920245
inferiortemporal-rh,-0.020901475555082715,0.06915364053185566,-0.028389353468238173,-0.02218347853548205,0.0038115896900844303,0.023587192379213452,-0.018906140188883754,-0.021367456622623713,-0.024539655947436553,-0.01753085176375118,-0.005512731905140138,0.011662326428124236,0.014110517003368066,0.06027765520887627,-0.06847319336603863,-0.003731297498006291,-0.06525484685405336,0.2363966422055274,-0.013366308901719222,0.06575583864927201,-0.002278759641162676,0.05036086422664664,-0.004794948547968526,-0.03962238604717896,-0.007805938825961681,-0.02834915383604612,0.021224622457181316,0.021856415228390047,0.021009949858753586,0.007690021019361589,0.006011029821803551,0.026190812274429785,-0.01989203651379292,-0.0314271157335374,0.011643778810331558,-0.0398747014754116,0.02615578855785549,0.001440330927652447,-0.015088443595310919,-0.005319032288030945,-0.021301983338160302,-0.025892368248084732,0.03637244810232028,0.03127781792025741,-0.03185907832804619,0.017965045679210537,-0.013790492574187727,-0.020204028171433158,-0.03459118670590057,-0.006351098290529532,-0.029457773619419193,0.02331449234868747,-0.01639837186317539,0.009173465875339716,0.010441792959715769,0.016067355071737725,-0.010671649093017403,0.001048163084591133,0.013531698340212025,-0.02552042080804261,-0.005682410597982747,0.04613842221761718,0.010195608840471156,0.003514353209603924,-0.07621031747689053,-0.015650482439641088,0.01360894924905065,-0.07279765951217386
insula-lh,0.04619469931998697,-0.01602742784607696,-0.06413155908010615,-0.05734480571654224,-0.051456266617143226,-0.011271450565905545,-0.05173192138643594,0.02362213612675852,0.009055933209791195,0.004466574504844853,-0.03102454703341792,-0.005042666364850833,0.03572268225868623,-0.010574337043832269,-0.005466123059197177,-0.034462849127093055,0.0700909043476176,-0.009282092018024489,0.6289190170610892,0.022868510083804607,-0.024558824382239955,-0.028974661472411085,-0.029818170592218966,-0.05445854737928957,0.03390272555908871,-0.02835867594807592,0.000881687260139214,-0.014763963200368227,-0.020051898026514,-0.06383703542412345,0.0616537509299194,-0.0016818716032914894,-0.05731417178218218,-0.02203384688389209,-0.014293016498623006,0.024896034911777457,0.047565665375757155,-0.014889026747857175,0.015200179845713596,-0.04130742683707617,0.07635674572676772,-0.03450261915953669,-0.0382737484300365,-0.03733257618525345,0.03611236307278804,-0.03898176022563636,-0.03618604329040772,-0.04315216175847495,0.02608496809866005,-0.047587831409040195,-0.055585570583615296,-0.046872411735893106,-0.06466841552492583,-0.03596278856241643,-0.011485280391962503,-0.004476778901723977,-0.037627081483597134,-0.025529343655213678,-0.06300181496255149,-0.032455521807506535,0.11147766243801646,-0.02362727946467296,0.05858956439595213,-0.01502023118584422,0.04208063305359099,-0.02486993794011633,0.11017397174885908,-0.0045600300343946855
insula-rh,-0.02004716101160859,0.0057202213002190685,-0.03986069170216189,-0.03504433686510311,-0.028171276023780435,2.4222202583541694e-05,-0.03412996993753036,-0.015257278835681811,0.016556006753177713,0.012224063792065493,0.011134417549923286,-0.005455740609887053,-0.005058526267206318,0.027149128522237893,-0.028565827481228167,0.013582647154460097,0.01503333970500541,0.10496806066349035,-0.0029328032182593037,0.46556245208851416,-0.010111739289026487,-0.020228853925605646,-0.011849148765049002,-0.04721171647394655,-0.010432865483598282,-0.02817026191337388,-0.023307394096979763,-0.020270747718643442,-0.007757768676978197,-0.0077882199016350495,0.019183599893240116,0.04012220366991938,-0.04473163781890345,-0.03516029782245917,0.0007989904259552691,0.00035973769375474435,-0.005450545893769934,0.00692875297196332,-0.016637201771561784,-0.020813709242248016,-0.038352495316393384,0.014501496492476703,0.024920533538650976,-0.021249033359536606,0.015074972321257178,0.028902386377653473,-0.026950805757364513,-0.024665988965853012,-0.019741030153503904,0.0294861738240359,-0.05498737171887154,0.01762505179472076,-0.015862691820878964,-0.0010593264185921301,0.003547659735961976,-0.004768395125082694,-0.02748679819711299,-0.00029459439883948153,-0.023691782866232823,-0.03083068191932716,0.029348360930583416,0.03789183678924328,-0.02596159699756533,-0.046646439795273796,-0.0019876215461364552,-0.01395969439404481,0.000871173382336509,-0.03857542007659483
isthmuscingulate-lh,0.026664653397162206,-0.015733641869089626,-0.05471141562417549,-0.05500233249846972,-0.03646136088020081,0.0062858222988308315,0.09880111708818656,0.05142141550623252,-0.03266227149729521,0.00983494416248172,-0.05756642855253407,-0.037783402851713416,-0.012756759707557942,-0.012636716169161075,-0.005516939059182202,-0.022342782713319874,0.0406314168633736,-0.0002732532439803015,-0.028456407748034495,0.0031919255909988132,0.71619166354366,0.046749657322266325,-0.032863807270410994,-0.05489194628801931,-0.03161886730656244,-0.044910034958162266,0.0018737998405914912,0.03351776844374782,-0.015007070402509764,-0.03598028899755881,0.0009384457395644075,0.04798335499307926,-0.023507953879271085,-0.013316309894643517,0.0145582340324291,0.0530517269819043,-0.04062490737255218,-0.03618353025053027,-0.036417402233953296,-0.060441037835449726,-0.022917133735618465,-0.03969253818044143,-0.01257973965015694,-0.03849014908495525,0.05726995397419165,-0.049641081457845855,-0.04898666115666673,-0.02033287122391712,-0.006266625320819935,-0.057591156692400856,0.043151927427917534,-0.02634037372859464,-0.01139259689998159,-0.04145987704570946,-0.04853713845008923,-0.004656115992290274,-0.024699476091954137,-0.005132411814891015,0.011711989591142098,-0.04517394683297845,0.060798278439470554,0.024653461727530294,-0.018802632950004877,-0.0166921550386715,0.029331792158287913,-0.02026029250538444,-0.028776673144707,0.007475166979368101
isthmuscingulate-rh,0.028778169405923634,0.00445846911588095,-0.038266124073508,-0.06433488994832265,-0.022907065012021263,0.007579106910614584,0.010519867999208128,0.13033807441907364,-0.011491813713683735,0.08927981933633626,-0.007417043373856952,0.004520414065049377,-0.0319971538836178,0.014910725357947194,-0.04875826609792795,-0.029361807300686202,0.03887205046675518,0.049207148105850876,-0.039346799891828814,-0.015337326337472493,0.023799926409790468,0.5910628706217811,-0.042052710410271844,-0.054426871374318155,-0.05632356156474851,-0.020867067926199707,0.00291808937464751,-0.012804349079333375,-0.04965421787067554,-0.01378218495738277,-0.007938967145138389,-0.0054863112501074875,-0.023584918631651405,-0.04963902819583605,0.04275158111958475,0.040702874659367914,0.004546743133574656,-0.009662602312847272,-0.02954891355699334,-0.029858826549027044,0.0015032250226750137,-0.04329315047258174,-0.020857098348133037,0.08136989364830102,0.035289915181228065,-0.02466319207000353,-0.04372451213853135,-0.07006834827873772,-0.009524515514228884,-0.03591738754631532,-0.023173178643139048,0.08026511036531901,-0.041597571457505,-0.03823192526836256,-0.03751020953908595,-0.04663410055420997,-0.017125485875379643,-0.015636194058916208,-0.019548048525062384,0.028556165144330924,0.02409948959633084,-0.04376557147154765,0.04912746543517838,-0.03679911851450309,-0.0015220772811546316,-0.03601782884166151,-0.03786206931046769,-0.026136790727765858
lateraloccipital-lh,0.01411408910173617,-0.002820227310087584,-0.05460436549667499,-0.01758092910692399,-0.02677119465019986,-0.016298454768060848,0.008437957578607875,0.043928641012788594,-0.05439334164290852,0.04283335829161538,-0.019361838067300977,-0.004016917946462229,-0.055040040556218285,-0.00791858655689362,0.05620793936343179,-0.03217715620082655,0.026025957290378116,0.026249276828687603,-0.03992973897145993,0.009032782557127783,-0.04577513897267173,-0.039119998506106514,0.7490236706028214,-0.053034873834035885,-0.031084500341758976,-0.049069867682939236,0.04004281701770728,-0.03769044864059142,0.015131833506194719,-0.009965475847004454,-0.006440206547609326,-0.03497487550540615,-0.05887540850218664,-0.050494394937437764,-0.01961652406066941,-0.019531752808331828,0.027638279903532775,0.006382046120422742,-0.017815879741456514,-0.01261858454767683,-0.029237184180674905,-0.015537128407142827,0.04004839084881617,-0.014991595692031874,0.015739498059200965,-0.004581314693419115,-0.04499174324094191,-0.020113899653560887,-0.007757452765099914,-0.0005148771421774471,0.009813276510579113,0.01645874854612269,-0.022482377563307,-0.02733039396564355,0.010392127243977055,-0.018252904900589544,-0.03653407378844168,0.0273423598290623,0.009283155327108723,-0.03754360045530997,0.03251857372765634,-0.011504437794657674,-0.05436043877437413,-0.01261214494056461,-0.020555144380973094,-0.03514723079465694,-0.017973993227173152,0.022397878843064673
lateraloccipital-rh,-0.00835885685917974,-0.0014967451808446878,-0.018674252389865243,0.005656594798732578,-0.0311094753943175,0.0045634989534342595,-0.04615247501092658,0.018564296438801926,-0.022079237891478035,-0.01940063667272562,-0.040485177300796954,-0.043978503757858445,-0.06352392826142021,-0.015015824007840819,-0.01103823696612333,0.06995733444595621,0.009005331277121007,-0.028836167261662937,-0.06362272544040222,-0.03168621320532958,-0.057240768720808174,-0.04978759242792728,-0.03466639419602916,0.9058916879023411,-0.029735608920050043,-0.03191533257535325,-0.02116331900592833,0.01513858249308134,-0.027861046830176463,-0.04462777812832845,-0.04084387771309829,0.015006944739012673,0.030092264371612235,-0.06005353445497406,-0.0482691372484469,-0.0085597584307008,0.038427356612338995,-0.004658202190725742,0.04377327563037134,-0.004879797031570807,0.10423493730967788,-0.03949721922717688,-0.05351009186261154,0.053972753089262214,0.0032841593228791176,-0.01534696021920558,0.013534472413719403,-0.045527441874945465,0.04911872610287262,-0.008650477894262482,-0.03568200681698978,-0.022497380716605276,0.008041919547626309,-0.03836621759987781,-0.019124069929023758,-0.04123182207018505,-0.00590531112580194,0.019384546988655126,-0.010394029251307177,-0.043213956369985304,-0.00896154785754304,0.027261766706847143,-0.04400430142226347,-0.027978948408990213,0.0029167877716726382,-0.027028208163534646,-0.0594977814772869,0.01831113884647002
lateralorbitofrontal-lh,0.06772922955480096,0.002442093952333232,-0.024771795190411595,-0.03260628511371935,-0.0013243492558446736,0.04756468935351493,-0.03847195386983333,0.0038515370085836116,0.005403631401299372,-0.025391454343264536,-0.028915164619748916,-0.0465767179078537,0.07031058452030386,-0.013858057882331729,-0.04031975533870205,-0.02807132733257096,0.016040567301178678,-0.01765239860724071,0.011750753684711774,-0.007174475106585036,-0.03239290862405486,-0.0511091653623291,-0.030596150689750117,-0.04226922805805247,0.5250870360935164,0.0017727575814038157,-0.026545598987291415,0.004991179533166617,0.002403102195629971,-0.034852964320687296,0.12958547228541978,0.0018543860158824511,-0.05190801717816853,-0.0485970527172898,-0.03035592271020044,0.013635055250132151,-0.004864717676794655,0.002883928157693842,0.01987849617843672,-0.005073919042584639,0.11981515288572464,-0.019032723750668116,-0.054654822658639954,-0.02380507041169816,-0.007127831322919554,-0.01340801481892247,-0.008359174769087643,-0.037637926633118206,-0.011547676496286678,-0.019674279110396854,-0.04191968866046258,-0.0241229244498793,0.0032256886852894137,-0.005206448145038809,0.003118049426741111,-0.010698245190246742,-0.039206005089879925,0.020159164879746148,-0.034637986827238725,-0.024944587025682,0.040681725311996084,-0.03936263687063972,0.00617975352882537,-0.01351877219251147,0.013855118622932708,0.0061932272661983255,-0.025612347033350122,-0.022235839283485
lateralorbitofrontal-rh,0.02337083341034145,-0.010735778265892238,-0.02547993847001055,-0.027983152546428792,-0.049199925938670896,0.020607130807399725,0.02731560591802776,-0.0015008492159195462,-0.011710461787506305,0.01392919496402112,0.009726950481812767,0.09926489459296871,-0.03289149382610493,-0.030853350839100298,-0.0474714609196086,-0.004397277568207732,0.03908759884502915,-0.009472800643835695,-0.03680279639363089,-0.011135939031005966,-0.04711127616039596,-0.020720066674830402,-0.04061888668522991,-0.03852535063492286,0.004203610598841443,0.5037445561099589,-0.046657723025412136,-0.045877379776203236,0.027093053631573504,0.2307784618748995,-0.0075328667615857155,-0.008271159688971063,-0.05073207162387124,-0.011837284225655777,0.006754869823584029,0.0012917779495895919,-0.028968824461212517,-0.012874412024295043,-0.018215979025368485,0.08365860533110597,-0.020789549696200817,0.012140241759141732,-0.033599758308501045,-0.049009057995707574,0.00832425893525939,-0.027500460759630422,-0.009311585142553515,-0.037430914627882006,-0.03307647333972912,0.0043338843996240705,-0.04871349283810175,-0.008632879626444125,0.016906295941678657,0.009779205757443584,-0.0033858612926408616,-0.012438622387650334,0.011556919635315443,-0.008642058338791319,-0.06076210936067965,-0.02540095841465373,0.05402623760019807,-0.026589586198763303,-0.02343001912816495,-0.008144770892449162,0.018110355172960522,-0.025717536332866955,-0.06054302265354958,-0.025307319991938033
lingual-lh,0.07892915961051061,-0.027771750679661988,-0.0475977368980198,-0.05284750646707751,-0.052456069105241254,-0.02045875484600095,-0.04969301781885634,0.03453855384061697,-0.01964652096467805,0.03228508568447217,-0.05884775717623856,-0.025101194435637034,0.017415983111915573,0.006250425705970333,-0.03222914100012556,-0.046188380963848905,0.06589606290870245,0.020898469575291474,0.001056012304760333,-0.0108430793117925,0.00808550163325167,0.01224185984615726,0.056477037303680866,-0.033688159061091676,-0.024335860886885136,-0.03830221391779735,0.7320474422507026,0.06508503746311121,-0.025801458821166322,-0.05347982451874968,0.013833751601847669,-0.013174947583334044,-0.05173705447732863,-0.03305498558373034,0.024441727501647328,0.12364534419611711,0.018799605954189984,-0.028122522295052035,-0.04360670478182544,-0.04194876021989548,-0.024587143145325834,-0.04411071000517955,-0.006134051854944582,-0.02160973115871869,-0.01908916923526027,0.006119271090379862,-0.00825484917669321,-0.019314428564067145,-0.03493159290482882,-0.03894121140263935,-0.03384807372369542,0.009660059181805672,-0.04778715152366622,-0.0365590416450911,-0.05058649485186179,-0.013589638485358197,-0.03299430333771449,-0.014408710801827462,-0.03927516954353012,-0.03858026288453144,0.048591495288505655,0.017219834973868687,-0.004239019766217827,0.011366324352259143,-0.0053168387976919905,-0.005739169481321059,-0.047862794337594584,0.013808913062029131
lingual-rh,0.031114306982688675,0.020556597105878892,-0.038611839672265974,-0.04618421528017133,-0.031333127092353176,0.04249801096282705,-0.03901113423310628,0.04785139939907622,-0.05095206380160281,0.007603108092071959,-0.02921826892227373,-0.04133917133063944,0.007680332952834236,0.07158558920076354,-0.0655963745776917,0.05238065653974735,0.0575870235454908,0.05019221544882882,-0.03254864285530583,-0.004936231700626432,0.03545677571830435,-0.01624360184540204,-0.04776027885725218,0.0035723827786295686,0.009588570215297377,-0.05301741462208968,0.037139716083641715,0.42737769968822253,-0.02285173144875276,-0.032736507469228654,0.014795114227051445,0.020015834350421268,-0.009566971807634479,-0.01116992748408786,-0.0015977337853691435,0.19232904836194248,-0.020496267412558656,-0.0071873994045338575,0.006018139963186856,-0.04698660715936069,-0.017326171749215337,-0.017223350680857195,-0.027860181488493924,0.002264537442112631,0.02023407020439055,-0.005001106366378925,-0.04232462191229436,-0.05717931441275039,-0.02113352470573397,-0.019941687842274115,-0.02679742044872943,-0.024899968137862865,-0.03966196645763632,-0.023118197563770343,-0.029649162853181595,-0.011724549731271072,-0.04429917367680498,-0.00821941976550829,-0.019485271738379942,-0.01650172912691045,0.04348701858886623,0.010296270318683274,-0.026169320669748,-0.022544884619329804,0.0020057646047792663,-0.01887618336363483,-0.03852109679814135,-0.005826367904522782
medialorbitofrontal-lh,-0.011237631992965767,0.016963831322714763,-0.01627789058762147,-0.04661464443454387,-0.016141149944733407,0.042559752571245356,-0.04279048849951656,0.01575675575725979,0.05547918298139231,0.007673909549095175,-0.02278444627039657,0.055188782978521214,0.006545923595490384,-0.012790754258160087,-0.0401655483488391,0.002025162018903814,0.06125134616385204,0.014970878396229091,-0.035554231982743774,-0.010939658183180986,-0.02494687197598717,-0.0459634950996589,0.0007886807470512811,-0.04028878683420541,-0.0031171632793396027,0.021858769274251837,-0.036552095229698066,-0.022076502791058498,0.40045503649159225,0.10250602551969262,-0.010397169180774234,-0.020134809721185105,-0.038969850658384673,-0.054519913907245296,0.0068646858679188485,0.002316588333060139,-0.03536996612233058,0.004409154897877019,-0.01487534282183937,0.014091240543718882,-0.01369426450944281,-0.021144900251029136,-0.03669555398086305,-0.04708277177710197,0.012773151839735963,-0.01122619320365064,-0.011049544630652084,-0.0013715657127988045,-0.025633589226318254,-0.022941768817248253,-0.05214066422555101,-0.045545553203724644,0.03883168574496126,0.001420851692398755,-0.026186197398812908,0.06341657632284638,-0.05387460270604706,0.037079970077411366,-0.03491501272632362,-0.029949019283847685,0.00010729911102377224,0.0029437087138534834,0.022208144569970438,0.037420692216741956,-0.0011602469520377824,0.020578524384069447,-0.011768131938644474,-0.019598319014377058
medialorbitofrontal-rh,0.0003712906783675783,-0.03508438822279629,-0.03128938840728197,-0.014695210063365518,-0.032064155034355245,0.01941379745953499,-0.02745265650266457,0.006927624692152697,0.00421311422605768,0.03138622431972521,0.008608898864907694,0.10308787621013864,-0.04913224625071031,-0.022914664629549428,-0.03412629670746766,-0.028844131259909676,0.03962603260971744,0.005970860721164046,-0.06366192825355504,-0.003718803223067407,-0.038045194297586654,-0.011552064628110198,-0.004016292243059295,-0.042603641977936105,-0.025983000022654783,0.19840274477512118,-0.05831398888384982,-0.026781662876370408,0.09761020257840954,0.5088931713793444,0.0031602439598194467,-0.0038912244463280778,-0.039736296818059125,-0.04655116688264464,0.0015835980642581347,-2.3546679592976618e-06,-0.04928046312438099,-0.025052874370053446,-0.04352165498208599,0.05912430102721157,-0.027705033599630932,-0.019802673249366715,-0.05103405513926269,-0.06094396602570228,0.0042586613154460065,-0.003142850356485283,-0.007937461212033921,-0.0035611742213539637,-0.04169753788799047,-0.03454084528361974,-0.042199526579651106,-0.05213414075099711,0.028771185962985182,0.01838600136961165,-0.02937876996446528,0.0562918796923148,-0.011245883108686473,0.04451874487941615,-0.04454985056397243,-0.03912513393243622,-0.003982386436801244,0.00043194621665517644,-0.007697170224001107,0.019078710407910423,0.03101107501463405,-0.011520646076528317,-0.03136237023788107,-0.009250962798235469
middletemporal-lh,0.03381774282007701,-0.013774940594689143,-0.05735248596818394,-0.0672019552726624,-0.023602043198230477,-0.02099585094320901,-0.015177348745060838,-0.035571636922353045,0.00839425699264863,-0.023018277637643123,-0.009926124906827493,-0.008884866925605474,0.09632812911307392,-0.009999479921183465,-0.045708629150153494,-0.009875362772875498,0.04874227043054531,-0.00892764472034976,0.026274567245400123,0.009574456495714067,-0.0029143125204487376,-0.04163894003165783,-0.018867302358564052,-0.05931017024757391,0.10152764981167392,-0.009016658290759375,-0.005454020691090801,0.0033439048585890306,-0.03514894538969879,-0.0064493097359540775,0.569262608914298,-0.06549056265310156,-0.026983655613270503,0.010634243996583151,0.019006925333491867,0.016313260064210307,-0.026247514461501302,-0.005079683326324891,-0.005044681762361334,-0.03699005178776441,-0.02225421396031389,-0.009095317592521905,-0.01592701505003883,-0.00965277536240278,0.009298111676429698,0.005848133311381748,-0.026737043629686128,-0.044680929549536154,-9.66275990340446e-06,0.006260681307031355,-0.04260579779289485,-0.0025382461652223155,-0.028706663976649227,-0.02061096592052248,-0.026067559985985488,-0.006483706503018521,-0.0256982726024601,0.026135831645970813,-0.0492353138330495,0.009132264416487734,0.06639197803796759,-0.006809399834587078,0.023270102096092742,0.0037758723725996477,-0.030833079158449316,-0.006415058120145425,0.010904867728670262,-0.03522438032245095
middletemporal-rh,-0.05182271991444754,0.08372441060888797,-0.03578615634634134,-0.0603423660401978,-0.015376143355354576,-0.008124658362728207,0.06578453266722331,-0.031214853178500136,-0.040173557379832324,0.02856698397223832,0.003677688601130302,-0.004090399710575346,-0.008660277075306477,0.08199882273198798,-0.039493315870271085,0.02402928598014473,0.024233361863674894,0.07003237561974464,-0.022810460785340096,0.042503673926280246,0.02766310524000495,-0.018930074224277952,-0.049411614265769704,-0.004392351814462718,-0.019120138432074957,-0.02185922902020606,-0.024210760011913593,0.013597163948937459,-0.045533563702014064,-0.009794659087019006,-0.0553291162722888,0.5790316704969967,-0.049115531158764526,-0.030747481481954594,-0.01219185560768734,0.02002059261641998,-0.024698200452536623,0.00041427482939076864,-0.02437588652800716,-0.023433686374750372,0.0023161423209330668,-0.0047956226305502165,0.01749403612477463,2.8166482948688142e-05,0.010407139217259989,-0.009437110065646286,-0.02449007125292331,-0.07109217229159832,-0.006296891916322238,0.005887983711260779,-0.027016383443996584,-0.02210406247395472,-0.01388185857501662,-0.01353861290240801,-0.0004349997022164509,-0.04533198037905305,-0.01977172692549426,-0.003479346072761416,-0.043596022484846744,-0.023511634042980477,-0.008335897929859462,-0.006131470945030124,0.001934546998261995,-0.017890237783270667,-0.04477769312127155,0.06833054183915947,-0.001967663415501054,-0.032755984990336905
paracentral-lh,0.009491041321831178,-0.018311116278439718,-0.0363569879085747,-0.051222007010175125,-0.012569865097756648,-0.02224580246637143,0.010359680006329766,0.04311657330708185,-0.04019242783036804,-0.013933002949976538,-0.0272319072633376,-0.05530391106887487,-0.05829791148067063,-0.02213549118662894,-0.018798284753609697,0.035083535104827854,0.012313708843111061,-0.00875976768527653,-0.06310497157329173,-0.023832836624037766,-0.02252063810065784,-0.009510391012716902,-0.042533993101916454,0.03388176808122489,-0.047140004269383966,-0.04160456260091467,-0.055919974870140894,0.004406612924378735,-0.029850877023653372,-0.042261104477957584,-0.0008424448719226528,-0.031564284377142975,0.6828605923619784,0.07054632237241944,-0.049839835199838416,-0.003938919912253592,0.024182383255741197,-0.02327114815318619,0.011458765731241495,-0.044086759229372885,0.004714394436344142,-0.02797417116584186,-0.009298212654471862,-0.003012760389915602,0.08113656392837328,-0.04055959535772246,-0.0019635347477592853,-0.005667321179755906,0.00019898389811209892,-0.041393820605711576,0.14497896479294864,0.10080275133156681,-0.044685863405536846,-0.050696761505971535,-0.034507246778007365,-0.03744795110547324,0.030912566696324854,-0.020713193482497547,0.06845571346684892,0.005780246839531602,-0.013899973583464925,-0.0038698990770283186,-0.029242694094964404,0.0051299146728948,0.021531825426930967,-0.043078018254023326,-0.06488942277099886,-0.011261240262448584
paracentral-rh,0.004660169552310016,-0.035204707868175686,-0.05492514266796783,-0.0393670827677817,-0.05278716259706682,-0.03534035691600684,0.04820038037468356,0.031396644058243946,-0.031161398793525558,0.0017016406727911465,-0.03150705688184131,-0.04159587336084033,-0.045138043934850554,-0.03649928197383129,0.019167755394443146,-0.05781780872117421,0.06279559926019436,-0.029289821924608807,-0.017890732118698703,-0.023426234130130345,0.016374561074300603,-0.03482768284995489,-0.04259465980509563,-0.05461179365035587,-0.04411814469867057,0.018059546203499414,-0.03488060909396097,0.002897583503872466,-0.04718520021386495,-0.034548070045051754,0.03235996667582416,-0.002403818901750061,0.0991945512888109,0.7340961072812958,-0.04134473074025061,-0.005502496124666661,-0.053011448030913,-0.025460780838257556,-0.05211605555459185,-0.011663546778388139,-0.016659959745007842,-0.009635791599455736,0.00041222511154247394,-0.06808892033774101,0.01700927882133279,0.023381502670260654,-0.030772410431974033,0.13299402093941512,-0.018587800817072238,-0.008939267201803321,0.04192298648116047,0.07185220035487556,-0.04704563498586008,-0.041565602993398475,-0.023020572060896763,-0.03497518709368265,-0.0033132672495684266,0.009170258491773716,-0.03306928102923725,0.023205645511010425,0.04097539866702663,-0.01344652192767105,-0.00031344903812290825,0.017320494423879933,0.021885201228778326,-0.03874928255719146,-0.053353238040985816,-0.013277788949384093
parahippocampal-lh,0.05087856995208375,-0.010299441736167871,-0.054627841019744536,-0.04719676243717341,-0.05026200881600086,-0.013012611317530249,-0.04426380591145496,0.0350602147264774,0.022151120402479192,0.0979178025173287,0.023464749957606598,0.031125040715104784,0.0640134571292258,-0.023078132091363068,-0.04609262155091061,-0.04543106503055898,0.13406125383986897,0.04826704610038794,-0.0298914435148275,0.01739512621866218,0.017160932023347442,0.0587814052145495,-0.011188322282268058,-0.05682615562278532,-0.02694463657015327,-0.00056251559520123,0.0452897655401894,-0.002993441074894159,0.022381691861303444,0.02046339495919556,0.02780083153956727,-0.01038775834548814,-0.05725972749537498,-0.05323597475145554,0.48907027891424126,-0.004770425083662169,-0.00573105360596574,-0.027496640430351604,-0.02482926436731724,-0.028538025667188802,-0.009768903344352016,-0.04014754671546106,-0.002876425971561097,-0.018251676368139094,-0.0031098636319651122,-0.03269228134998152,-0.06398528131461187,-0.045163459862270196,-0.032491641567767765,-0.048146534815378256,-0.056145065707989314,-0.01482495812943159,-0.03821277315727645,-0.034276887916542084,-0.025241904336618708,0.013061078579962668,-0.025244008118398477,-0.03435794067744956,-0.048674448689648604,-0.04276444722201076,0.12127537710219,-0.0008476725415969649,-0.022465840939158453,-0.027902162164457078,0.07229587415068815,-0.0385548265224758,-0.020660135442117606,-0.010188650619962217
parahippocampal-rh,-0.006888946738147102,0.03225994175631158,-0.02299086666450333,-0.02240169997691099,-0.022064995540477958,0.042650761677449515,-0.014302676843904611,0.02459169326810293,-0.04199804725273783,-0.06470923472691677,-0.0201391697903062,-0.0016158268239415663,0.02739065298336525,0.05685075334367661,-0.062228751741678405,0.03419488205777386,0.0046869379034820986,-0.00031603724155554615,0.0016463910779600723,-0.016087760417481858,0.04074469978772085,0.02929455072463061,-0.04109553785544615,-0.02527585321058103,0.0049266872102380595,-0.021432942294073335,0.07263908558986108,0.14088371504706984,-0.0050518865544927835,-0.0023399829327870117,0.014732892455860597,-0.008206196629395555,-0.026978065094321917,-0.019211096700172754,-0.018452705064019092,0.17220635048920155,0.005033446676483238,0.0008221851758639276,-0.02584377676746547,-0.010554990217097271,-0.010051211191971833,-0.003489767651580363,-0.014340658226147635,0.01103854744481948,0.018019143423549447,-0.001297587597662323,-0.025113470794738916,-0.03472335782554822,-0.029267537297076682,0.008227712743370282,-0.015793139700023606,0.0062452273970827355,-0.015126287420134027,-0.0025671379678955586,-0.009047143573509216,0.026354783253645542,-0.024794334213364428,0.003757718809333248,0.004787301213664294,-0.016132634071535944,0.04360493333576828,0.01164145959252655,0.02132795179074594,-0.07122838203420549,-0.03387767628915668,-0.023689920243555162,-0.014958350937252883,-0.014874762115783924
parsopercularis-lh,0.019903002244968087,-0.02474736702458073,-0.05675374356009312,0.0035619780312188365,-0.04057274497676133,0.03556252783864438,-0.06141265470312292,0.03496248966142249,0.06510122301709875,-9.148552042436579e-05,-0.03636036987927003,-0.049535321417543465,0.0030760727396283703,0.004911694727835247,-0.026128424860593604,-0.023556661460600103,0.032366239660644044,0.031043072078063706,0.0443584004880753,0.01094601176507656,-0.047793744424574354,0.002131584850645299,0.03671710738943828,0.01773346555665125,-0.0032162904055730085,-0.027913585867367873,0.01575879763037773,-0.007446756641828915,-0.033747263580471414,-0.04898922730028342,-0.016730404109653606,-0.010416643124836162,0.008245401167545349,-0.05788350328623314,-0.006692130253274046,0.019189341716488045,0.6293087741739284,-0.034583862167930544,0.010748242260033875,-0.03211619256100862,0.0355168622594582,-0.027018611815050043,-0.014950917583340972,-0.03552875000401655,0.051864780638606,-0.013543486531613103,-0.04377400704911266,-0.0364520076473196,0.014427698845956885,-0.04324902584848415,-0.007984391382928533,-0.013074088967863025,-0.02440659871868579,-0.039264320804418135,-0.017406882276307076,-0.029796491475408478,-0.040448410303347636,-0.03274357511912107,-0.0445186410946795,-0.045386445552392275,0.00514803961296439,0.027407478319831105,-0.02552613874573458,-0.02635280392919061,0.030762183764089936,-0.03398030906674289,0.01936417599573015,0.031977634607360694
parsopercularis-rh,0.027447773029607388,-0.0508497360104494,-0.037913496626363986,-0.012034680823808895,-0.03332841678782252,0.04452687038477582,-0.06915246012412371,0.023797629426741337,-0.007450059168005082,0.02148179909284882,-0.013127183199223577,-0.015598092719451171,-0.00994942392761047,0.05196638802077629,0.013156421837047322,-0.06394166266761948,-0.01860033815835547,-0.0027050049638894847,-0.03221133982767324,0.027756743951133374,-0.05682268305901557,-0.012040169168806552,0.0043771617924624985,-0.022825586981079254,0.013857961781381371,-0.016748588415355935,-0.04665257917723649,-0.007460577675262748,0.024622201875299274,-0.03573724008568894,-0.005406005982645411,0.0010016064992459616,-0.03841695740173869,-0.0469548526738153,-0.04700458516561014,0.018349886413935357,-0.05086560751273789,0.7373230848893728,-0.012378138234939867,0.0197199827248387,0.009110375696205215,0.035463885896727554,-0.03967999620269988,-0.05468200827610233,0.010419870551557306,-0.0313626452585104,-0.045422148366171554,-0.0008046081538189417,0.007959593993640587,-0.0150569587076968,-0.015204425845496966,-0.04584962484947605,-0.0272752571953482,-0.024980581190328213,-0.033800958116637025,-0.020652926849064456,-0.035307272414734595,-0.08190192409626156,-0.031245911845143387,-0.023270237604550863,-0.014470849815165816,0.05004956300182371,-0.008534713126493445,0.013872079923549116,0.0032169424061725183,0.029436784280856106,0.099082010885034,0.02768189609699719
parsorbitalis-lh,0.004841509768944381,-0.00719013935119778,-0.0646425753431461,-0.05932848413898439,-0.0286647418952771,0.01258095043944314,-0.04004946592287518,0.0017566086631424958,0.009678398192519217,0.02164327762502903,0.04467804951380926,-0.038065162973824396,0.04965976256042405,-0.013439886524294906,0.013263162206667303,0.005880947039609265,0.022953779696279382,-0.012696741916470106,0.019866183436468267,-0.01315978346889957,-0.03961415556657377,-0.024789828629101687,-0.017440335526139186,0.044825132123577506,0.05782275032102728,-0.008284196219040531,-0.04711036331866197,0.02201830923958302,-0.004405119200346863,-0.0415435260467689,0.048983118743605294,0.0023959546675782315,0.014614871123941445,-0.057753243126364796,-0.01655326574127282,-0.020716273086645944,0.027436431718410297,0.001008232586146396,0.5045890310043291,-0.003313097019688183,0.11851668317786652,-0.030358667606890183,-0.0377257010482504,-0.0011412342282337094,0.004652902695533209,-0.033239371101799815,-0.04826764249324209,-0.053778809813039036,0.026442416951266264,-0.008620101331912062,0.046933778916191334,0.007134452037366844,-0.0506543136189405,-0.04936342748448786,-0.019104984366624684,-0.056594751634108494,-0.04446990832603222,-0.03306627280351307,-0.04765482792297649,-0.02956236262866424,0.03326201705181029,-0.027247500779558485,0.0017127758697478642,-0.01948541566092942,0.027700092009438817,-0.004927434676612379,-0.02693717424799972,-0.015891292590366386
parsorbitalis-rh,-0.004235386673397999,-0.034223424495867114,-0.016895608608578822,0.007272373332988644,-0.04621309898187631,0.0012112686725174256,-0.01941670508123711,0.027147493474163276,-0.028939861480834675,0.00685471163413038,-0.02917516456440103,0.06684376393275007,-0.059671514851404595,-0.042750202478206586,-0.006600702716335304,-0.04721869384354717,0.017868895713845836,-0.0022256030769545825,-0.05010530169946824,-0.00634758745595887,-0.06878118580008825,-0.02628039399974634,-0.014859687612245556,-0.0217069676544717,-0.0005805916843594221,0.0974553826369505,-0.051455627538123265,-0.04544955130926499,0.0279728577308278,0.08079817947556162,-0.0343370741818442,-0.00919868981594452,-0.04833654393382455,-0.023138050916367784,-0.03160261870285914,-0.0004948182105198346,-0.037665155824619746,0.015377050700471795,-0.01590399605020769,0.6177922643692147,0.01379582418799746,0.03200771489295111,-0.048866117313226654,-0.025597487692819543,-0.004663356556267015,-0.011441495336368044,-0.02562395414487305,-0.019178679857325253,-0.03939685635882513,0.048816930644378365,-0.039162217812899996,-0.04701163081154388,0.04313011344243038,0.021034321097094688,-0.019672881901190074,0.017830299107285813,0.007985301327330092,0.011669960203761912,-0.03546473445630863,-0.026189008990301705,0.006298758282940137,0.020177709643305022,0.010150302076942988,-0.006380404101142881,0.008236472827794415,-0.012118698106285263,-0.018937842184409366,-0.004212774541292485
parstriangularis-lh,-0.0048670514704620286,0.001700204519644446,-0.02522872849075417,0.005679614440774738,0.003166330065883298,0.013888741821312032,-0.03974239762292355,0.010529824306296558,-0.027650713958501518,-0.020059332416682518,-0.01989375162728562,-0.04210909814049295,-0.0019041439120803794,-0.024679159215143295,-0.02646262327228211,-0.03553076656464146,0.010873897716589673,-0.023335729353642125,0.06603724198647463,-0.04280191876326054,-0.04077906434182981,0.010040152947048556,-0.03791504457197237,0.06440703996673974,0.14605804677877618,-0.034042895052161126,-0.03950917571019527,-0.02741162989549473,-0.014123590816774428,-0.041912071228361096,-0.010660073343968212,0.016821089385569594,-0.004720415587547831,-0.03986341075996971,-0.018301205081334433,0.008236141410369328,0.02995788255841916,-0.0017105785671114137,0.10236863219067577,0.009367271322009435,0.46479595133241874,-0.052173593888434726,-0.03069769592632951,0.011724398745398188,0.020280763782858882,0.0004536331943425149,-0.007517587174829857,-0.027317274796784585,-0.030960820269006182,-0.028230339726871567,-0.0299542721680957,0.01052852885167881,-0.006353824081597815,-0.02817788365410524,0.09630249259854662,-0.04959190958669147,-0.02542658123059677,-0.027647126146180662,-0.03604234383939853,-0.02496783139835615,-0.012192043183629353,-0.010217045120960602,0.032532386336567035,-0.03504965934111901,0.02450404606070262,-0.03617598119288944,-0.01106352514419858,-0.005282404684148164
parstriangularis-rh,0.03911813500947624,-0.002809618741740983,-0.015351546094851126,0.01274274732823604,-0.04451560783229705,0.05146031999391006,-0.04336007183413067,0.0032362675100401344,-0.04093533581923754,0.007285266950583647,-0.03446267605889972,-0.03948847999559956,0.006495902376832432,0.002127138729675246,0.028408044210855413,0.00184824708412491,0.002977351057080834,-0.014231984378878387,-0.04020413347135847,0.03951543728500201,-0.04055047628401881,-0.041422042527571735,-0.010456059173046706,-0.03976688647341577,0.0010826254631769994,0.040601523477988566,-0.051011455385570864,-0.0011923281300776779,-0.010547430154675207,-0.018876229136036798,0.013380168199138023,0.02123948157132578,-0.028771248152519815,-0.028179299646957295,-0.03888425004182048,0.021637919452127417,-0.028293470991413883,0.03822467787035366,-0.029794337586171803,0.04699699086979011,-0.03838650496831642,0.5616540822762155,0.01141922596536176,-0.0470728549754078,0.0068570853313218525,-0.008840484445352893,-0.022881121840970603,0.010531000796331375,-0.05349003586830928,0.030043874158911636,-0.04602605687177673,-0.040976988136192105,-0.03602670926089179,-6.87507153710837e-05,-0.033301617238051966,0.01962355724097322,-0.005040466875002178,-0.03053808549860253,-0.03668136104653301,-0.0025900713860311894,0.026562098959972788,0.0062393734185356075,0.006266945968925388,0.0271357282467367,-0.011663254999503495,0.0007443381734181893,-0.019218613875285152,-0.00954760906453295
pericalcarine-lh,0.03970307989938422,-0.02187164448949103,-0.047622440061863607,-0.05326613332983324,-0.00040314131963735487,-0.02489058021706616,0.06142456872130664,0.06633925157021758,-0.017273006475469244,0.023643443844213085,-0.04177181398256947,-0.04383668607465024,0.0017497603328658316,-0.00924400690500416,0.022323413085021202,-0.0617235047084906,0.03353023912434776,0.04358612441674702,-0.04199273358843018,0.048721081025945676,-0.0073135078164622775,-0.007998670675317907,0.06260173875932902,-0.05725011710686736,-0.04951087361444335,-0.016011311393599188,-0.006940372616380981,-0.018942418847812295,-0.026480416740040775,-0.04536425406033408,0.008872167480757503,0.04541390727539358,-0.011234052732531702,-0.02173649113749455,0.013790237077506947,0.0034199619833854083,-0.015143455004822877,-0.022305954828529425,-0.029507958125542924,-0.04121816749859528,-0.011548082601930553,0.008632399644801792,0.7684397502729836,0.023473427852635446,0.029339211465589113,-0.02933632166125385,-0.058512973323204334,-0.022031452280371497,-0.042143042519723464,-0.0058789463093160904,-0.008930465603322132,-0.012128483685999577,-0.030254786058425624,-0.049183596837942274,-0.05164328034639402,-0.022099867920968286,-0.03592346259734616,-0.027323758125829628,-0.03538622622708251,-0.04783524654114412,0.032995348870951936,0.009199452633044964,-0.03205224675339197,-0.024040750418004818,0.00827676809524784,-0.016120126980377406,-0.05791820535100547,0.005669702062637819
pericalcarine-rh,0.036085521381233235,0.024855267136216223,-0.052381284792465115,-0.033843113496861255,-0.025316610465670023,0.028963099491860326,0.0018515379983207094,0.1014055897035678,-0.04240145156767423,0.044129228806796,-0.0197561325381973,-0.030464198888379364,-0.021313243797481073,0.03655192296094319,-0.03285069257716325,-0.013722512308180041,-0.000445765596317687,0.04392273610531047,-0.03211171993208248,-0.006743603625312347,-0.037222978127254544,0.09351866406500217,-0.0018636842191078248,0.01816434524886431,-0.012733461157610973,-0.0392296982746972,-0.0228452716210116,0.01608825200142345,-0.04186339098778249,-0.06171355150626264,0.008205329902318221,0.011395513448984288,-0.002287226155680691,-0.06882462332153683,-0.0179823845915431,0.04105139243589164,-0.03595368352198064,-0.035177849590550564,-0.009344713573271823,-0.018962346991761643,0.024312183472766733,-0.043268187140154755,0.022926478548535006,0.7218105383985954,-0.011689392877971418,-0.05990609381775355,-0.01530735787768236,-0.044682614750948216,0.0038708376999345637,-0.04636450870847337,-0.04280232924491616,0.013223689348255368,-0.0596569045566108,-0.03539435222271102,-0.02139286436310832,-0.015339806774281112,-0.04296316737561463,-0.027376741742658302,-0.05916504340580761,0.009014577517402056,0.0010283555148927973,-0.001948151879129304,0.005155973625081643,-0.017012934278122744,0.016115226728703302,-0.024878007078882925,-0.04871448471798075,0.011571874497745164
postcentral-lh,-0.03477889528299733,-0.0033204644247885155,0.013492593947698065,0.01003996731172139,-0.003278839071817942,0.029834505729973097,0.016314782479662518,0.006465360791825858,-0.0037413818586266956,-0.04609764264051924,-0.029196826127836195,0.003226195275210997,-0.020229161529657008,0.041271725005331404,0.003121395649198008,-0.027477910993407486,-0.14776301202622844,-0.08894784663163136,0.019683624810374202,-0.029215537665088595,0.04966361114210549,0.030780535734594352,-0.001210220057921863,-0.005921130590597385,-0.009360512885017725,-0.004993024495125625,-0.031995647200179354,-0.00463134445899292,0.002717507890811821,-0.01567539094357079,0.012976077748471669,-0.007641436054046894,0.04804014776446195,-0.016980434778305284,-0.04508557143085436,-0.01967382412640608,0.015047517669097935,-0.010863131719996769,-0.00616042464961822,-0.018264501210873717,0.010565692063680243,-0.018510084698686178,0.006059964984736013,-0.0239375701940936,0.3490661184535678,-0.028389005000374192,0.016773853999721786,0.0032733856265068817,0.05447470767552545,-0.02887786213422619,0.04660435691203333,0.07178291302523704,0.01899705830720196,-0.011351067292684853,0.0057848768247948865,-0.00750338434059152,-0.0060955384426209696,-0.005183520390063892,0.011763599517743821,0.011945985241609423,-0.04791582742220972,-0.0036689457300545167,0.029342415819615487,-0.028314518006227765,-0.08636827395384103,-0.02765070856965122,0.058215262353636964,-0.04105532072671831
postcentral-rh,0.036817405820748564,-0.014483815514028876,-0.013955176523619458,0.03583236576739881,-0.04149896205607271,0.004623635615909408,-0.06440342595883071,0.0021074052337821786,-0.04236341087204561,0.014430951161634934,-0.04884090946313927,-0.031762365945454674,-0.03923818308909246,-0.01800520089184055,-0.020620949432965174,-0.053031498240683574,0.011688187010848722,0.018647179543246423,-0.040718176653930065,0.03739636098943708,-0.04667334398607762,-0.023206917095453177,-0.006927195583964874,-0.028372713870697813,-0.013761085055891716,-0.02914041658611386,-0.004031791951699682,0.008475181950839511,-0.005901956780188157,-0.003699472373788884,0.015124573174720357,0.0006912920488779225,-0.04204428722904119,0.006769296246942556,-0.038920084744428186,0.008011466982987181,-0.02145352441063559,-0.025101930622176513,-0.038014675184708475,-0.015047451434510561,0.0014929161368922197,-0.015016694405802689,-0.030419105686883344,-0.062200999317409675,-0.009165627940940717,0.7036626334820535,0.009509702691920488,0.012916547593730978,-0.04695663031465141,0.06058718972782311,-0.049228419634752704,-0.05102360483096615,0.03957107536292824,0.002819551370524391,-0.022415360956764947,-0.009794653996914496,-0.03569429810214488,0.03652455107180282,-0.0461194482797337,-0.00837714463488839,0.001732962016645568,0.06775682525565971,-0.03330639366996495,0.07137821631207192,0.015820165832231878,-0.012188215914248809,-0.05367676838498336,0.03241464922047111
posteriorcingulate-lh,0.012352774709639584,0.006364838847249504,0.03988840597614627,0.07514195122334491,-0.05313355753486936,0.009307100496977385,-0.06071890589716522,0.006346268218721723,-0.02989446781977044,0.007807092559014754,-0.04847311548930921,-0.025061709988329975,-0.05912229001256622,-0.010170476099193266,0.014121085144167118,-0.018754578840619592,0.013979867188067714,-0.010369396486705538,-0.0329433597293204,-0.01564853238478567,-0.04548008848277021,-0.038890341178324295,-0.030857148759693982,-0.008439698536018805,-0.004867761518665155,-0.005090666476112559,-0.01239369716206498,-0.031095006110009392,0.0020785880208055406,-0.007502461759354319,-0.015082414351547398,-0.01198123166565497,0.0008123714366159445,-0.03839494830397416,-0.05693108617346367,-0.012797159379990463,-0.04413854839078548,-0.03223827785330206,-0.04047846460165846,-0.0182482259266131,0.0034073542766706977,-0.022160843904581094,-0.05607137538430696,-0.022703190540448552,0.0193220836297401,0.010814238707998,0.6919774201548716,0.12586113276767405,-0.0254056237249107,-0.027535448947551965,-0.054096771280843205,-0.030847673495900438,0.01104053131238413,-0.017996731492774923,-0.03285901176009912,0.02517820675314636,0.06992103535231926,0.08367720685062252,-0.03762351136633177,-0.06326179906600023,-0.0016104715401423927,0.0015576949679412813,-0.025451713916669234,0.029278999540957,0.05149160125465249,-0.0260775105733714,-0.05175820262997542,0.0029296471468178834
posteriorcingulate-rh,-0.03358707494417881,-0.004782062208516316,0.06884460938860129,0.0033438461920532177,-0.03485891124415507,0.04097308294385868,-0.03912300586897277,-0.01529008670809954,-0.02708138037945123,-0.01982641514296611,-0.02323754185913844,-0.023939144587019217,-0.05296729738098617,-0.011820955037381025,0.004942887770170285,-0.011884319695575168,0.009749053453192621,-0.015202023818245772,-0.0567992578930663,-0.00967167168241358,-0.021325850266017802,-0.07271662661944832,-0.017071936258871084,-0.05699422472398521,-0.033088070012133146,-0.031428268468508,-0.02900745768166208,-0.058179326855149587,0.016875870735753522,0.008458195472924094,-0.00555108510180454,-0.041900697954692916,-0.010678494950393877,0.10357158087189407,-0.04177717191983203,-0.030451246123839516,-0.040724214739725366,0.005319180400300859,-0.05914588016373713,-0.022504079391210595,-0.026874925191263745,0.010101145364971116,-0.026972521590283585,-0.056206715564878384,0.008835486081258746,0.03434847741803382,0.14072216703419743,0.7636268391739777,-0.02272801244204265,0.058045628012022094,-0.019858462802938934,0.049990058135641724,-0.04097106483738266,-0.027829920316442824,-0.06798400617578389,-0.013711547935607107,0.04843711201341816,0.06385727752848812,-0.044097196873750466,-0.02453088704087255,-0.017556562411132137,0.0026404309094310427,-0.031632118638977406,0.018299092427361576,-0.001961383813193339,-0.03189298581271237,-0.035204773678796715,-0.01835315652031468
precentral-lh,0.020905567301151798,-0.0385585953318658,-0.03692999728596586,-0.031221134560661373,-0.008174357671833641,0.0167555487778379,-0.049301547076122845,0.02783690568986674,-0.010788982036275041,0.005514779138786983,-0.06380314197530969,-0.05404398718662589,0.0006087587317381629,0.020109991806600853,0.11281188439773222,-0.056804938178974515,-0.02244593414988282,-0.034873488720949794,0.027639598000876016,-0.016305450013737215,-0.0021587342486152354,-0.0013457646587135027,0.002005206613268202,0.014256845085472524,-0.009332098582360504,-0.04031648595988589,-0.049975026027711485,-0.023036691324885138,-0.030157886278256357,-0.061107147875168695,0.009795689939415765,0.005786953491885246,-0.00699907756733436,-0.03214753436082546,-0.044984844033800174,-0.027959429515857386,0.024567252838021286,0.013673517070902926,0.0324074019345643,-0.04459839505110196,-0.01685461650393285,-0.06501710132981506,-0.05653880666858738,0.028991880221105944,0.14403508952493882,-0.05812058979495057,-0.02860819051553091,-0.022312735382679867,0.7722232449401241,-0.05652809991312685,0.036142442506108576,0.0020595225555029907,-0.04346414949636482,-0.05652809991312685,-0.038985115939069316,-0.03994200558466764,-0.0504064277618152,-0.05388577509182748,-0.03394099864229763,-0.022912222529655798,-0.015688859518290188,-0.016846193978086076,0.0471550913005923,-0.026809015220854056,0.005762597809633813,-0.018531396032512228,0.14175420528391544,0.006491094529868577
precentral-rh,0.033593454434301354,-0.012430741134302028,0.016138905279083963,0.04999318959500422,-0.040289980132077095,0.04561356653751128,-0.05704228900482341,0.03245966758551661,-0.023710642869097284,0.015160642798039331,0.013935512426790767,-0.030259534266335007,-0.007347755928980089,0.020099354209464824,-0.03809208448231879,-0.02839852834050781,0.03248871313403722,-0.005347024704510439,-0.05199427276633347,0.021129609073786398,-0.05890057176623701,-0.030186696394439206,-0.010185184729163233,-0.027779520509488054,-0.01957324601934333,0.0022277720516120985,-0.04290720966404912,-0.017587654421131256,-0.02162116415908257,-0.043564554685455996,0.010868261520841185,0.015171140856706814,-0.046231314885802295,-0.030592455305610194,-0.040527391890392186,0.014005920667767017,-0.042306263107012826,-0.012682212723063607,-0.031967065875639765,0.03129592083356365,-0.0197917776968513,0.0025862176108038953,-0.023515722833022917,-0.049473550548539344,-0.012343633645929237,0.039152044453387956,-0.038273668819819175,0.02769485774072535,-0.03955984214315248,0.59033746308861,-0.037275576079345826,-0.012388448224622825,0.007429711312805021,0.019194678039581966,-0.05539587942033438,0.009410556982579397,-0.04162462836579392,0.06778285040830341,-0.050419517993191595,0.018175771703522504,0.024959110552197496,-0.0006685066063612755,-0.024813244684618336,0.008730510575052322,0.01779985903989373,0.010456995506864433,-0.028479274885049925,0.007656373693474318
precuneus-lh,0.006160483459781387,-0.010647769943538929,-0.06188956149954971,-0.04288450032811176,-0.019230930414582972,-0.024886462684457353,0.06041937745840518,0.042612744276442016,-0.043014372598428344,0.015287814575763992,-0.05324496065017534,-0.058658761121245274,-0.06112364896835601,0.021706198069720985,0.019567273252047403,-0.018499761212150544,-0.004963992370323442,-0.02186411470443764,-0.05612236101066179,-0.0386983311411817,0.06917751398769251,0.00029636972952981416,0.03491917402249969,-0.025132422792076173,-0.037385293937910714,-0.03475109873937896,-0.035428472074144034,-0.006821298351492576,-0.045704694845659664,-0.039511753726514234,-0.01821698831296105,-0.002580453696893135,0.15106805814500263,0.01495082147505218,-0.048247042210372966,0.009726896264984988,0.005341789563635375,-0.0038258044918318677,0.051228084634615596,-0.027668439801257064,-0.01879175509032257,-0.04306454996314931,-0.003975881514405731,-0.0399275598975289,0.0717020457527895,-0.04235631575608284,-0.058397875445653405,-0.00934615262197656,0.0427098459068446,-0.021562494383245496,0.616533409192191,0.08143078097938983,-0.0555107616922095,-0.06413275793636757,-0.05306062862819059,-0.052788518067740195,-0.025779150970541103,-0.023171134143610064,0.18570193822673206,-0.02336591444310842,-0.007576545428953738,0.004110947681727396,-0.0179626581438115,-0.03076287979777791,-0.011297563708297539,-0.029927212365073633,-0.027752149044369935,-0.003137815984738414
precuneus-rh,0.01221864386486991,-0.030039678293363237,-0.027973277413860503,-0.02903471493964361,-0.029003677171648163,-0.01604475554958998,-0.000990777447795718,0.09820593473236093,-0.014944839877411796,0.02131127558884899,-0.013878935914575528,-0.04171581198225445,-0.024839315288150036,0.0020996942211601493,-0.03348801538990641,-0.030569399065209956,0.041527402901062535,0.021287198456347377,-0.042518526867623786,0.022757262753845407,-0.028495023210736225,0.05087092373134108,0.013696514779652532,-0.0357982682964184,-0.017854094755406055,-0.007523809011635658,-0.007775530102974444,-0.01742653723569445,-0.04013376630648634,-0.05302712623810469,0.009518531733651166,-0.0072641175920206726,0.04454962034660328,0.012895617601959704,-0.025423106757502447,0.015488137384826012,-0.019582807119532822,-0.027154596541785356,-0.0018705603166317216,-0.03958165447235049,0.004802103802961198,-0.04775683393266377,-0.028544040344299193,-0.006213628982555048,0.06017855927092946,-0.049834621594469455,-0.03998753748411317,0.02409373825886413,-0.008509891937663388,-0.0024351387796111563,0.030940995022629602,0.5922151290610923,-0.04817847343319666,-0.05713049339549171,-0.029626022211185817,-0.04857719475491437,-0.03335138748901925,0.011563284172029497,-0.02464265509364789,0.0205406140576265,0.019062414247518422,0.008218848928152125,0.0023038114541628556,-0.022098214265328653,0.030098532083173375,-0.025935393300416887,-0.018888990700427072,-0.014781547598352098
rostralanteriorcingulate-lh,-0.009743770694930499,-0.023230060763797217,-0.012745139480600406,0.006202096139581639,-0.009198865445254719,0.03726438274944718,-0.030972088390980156,-0.00479849850843069,0.04250924948199147,0.0032195791309682677,-0.021660255701273952,0.006819942941966043,-0.021607997093779304,-0.03156232430624821,-0.052002957390392374,-0.023435993136600435,0.01800203276055122,-0.01697712539453857,-0.06853594067173223,-0.0019206194874932091,0.002203584609535456,-0.030427856298576063,-0.026553166006854402,-0.01906122677980044,0.019142648308130842,0.025078887723248913,-0.04958674132225162,-0.033977187341117494,0.07199390331512293,0.04048855153975657,0.008757311765284026,0.0017155167539113017,-0.04218402562937889,-0.05726357799262042,-0.02472888821209493,0.004040254991920913,-0.020756921219243458,-0.021064841259949542,-0.04040140635000475,0.04374252361557021,-0.004574132116945275,-0.03305126222852588,-0.03136102685195035,-0.05735641602149956,0.027160404862529425,0.03820888967363346,0.007845417173641598,-0.02299211684157116,-0.034147294074989065,0.018863807465640016,-0.056772827991261786,-0.050757352826487134,0.47154454194561163,0.1421176085524854,-0.049086040857188956,0.070922998459796,-0.011170751180282629,0.09932825799156766,-0.05061341267318502,-0.05147845547155346,-0.014025921457405038,-0.008907500281670219,-0.004843241614920198,-0.0029410734626135115,-0.006214276894683573,0.010486508843421652,-0.029191123104374,-0.0037771999662628945
rostralanteriorcingulate-rh,0.014155521014910294,-0.014711742328194732,0.0228592244778238,0.0031811242267684847,-0.007925508676101378,0.028161967820152435,-0.03292377232214664,0.004905157734127036,0.017239682619191326,0.012512158179417851,-0.01043234423643335,0.11212513521814264,-0.036727387711671895,-0.012317718626617298,-0.05067874636170251,-0.012260387003429315,0.00707808541427667,0.008817670140847953,-0.042390071434264556,0.010702917645114949,-0.043447415151457,-0.026216686618970413,-0.024715611459634013,-0.03874332115691236,0.00485213721821169,0.011768254810632539,-0.04630953267970827,-0.019316166898006026,0.009165886301155153,0.029610669989120028,-0.0010527372180958766,-0.0031448640613966593,-0.047777724859705835,-0.04029218629687253,-0.030026916074646682,0.014242137196329987,-0.04798348634110344,-0.018884262868781126,-0.046874824672356326,0.02181562475276672,-0.014648688257717013,-0.01414622180867525,-0.043205907608910014,-0.04003605684918345,-0.0008475047413477568,0.005437348004061776,-0.01994612931745061,-0.013390159737068068,-0.03975142183334223,0.049601027194096946,-0.05941290273525497,-0.052138303030012906,0.1534164411017438,0.4872897759409844,-0.044362923548693416,0.04530710306738249,-0.025057392916416822,0.024393941527400514,-0.04555792672950615,-0.030500776254273748,0.016728865499724663,-0.010893080773847881,0.04453547029994253,-0.002881780567680822,-0.013310831864485865,-0.015915923679921316,-0.036229615521776365,0.01748363543944623
rostralmiddlefrontal-lh,0.05563717260822469,0.029628411246814684,-0.06624156860589141,-0.05427108690507765,-0.032271435049496894,-0.03310829259748928,-0.038825649581186346,-0.02155579778502719,0.07602506115566054,0.015135021285591863,0.002719791074459399,-0.023734030922634507,-0.035847902473597294,0.0034408126669128727,-0.02598233997163283,-0.04688331823339886,0.026722097647123622,0.018169915784289847,-0.0016872503364521005,0.023102570409680837,-0.051629738935592244,-0.035779747981087955,0.016502099380919462,-0.01932954520443426,0.0337248894998247,0.025255439824959924,-0.056191078950508996,-0.031789055425981094,0.031463129833764925,-0.010258870676348154,0.01833397979761987,0.0421459905499479,-0.03729871443459991,-0.032120297080308814,-0.01301171366431545,-0.005951327161109999,-0.013006342613453806,-0.029471385530078404,0.0072911631710897715,-0.01713079587611749,0.12023507162874147,-0.0238685505144556,-0.05386224841934724,-0.025149193117181074,0.04664977806142624,-0.024773322329852396,-0.03319744402067903,-0.06175757610931132,-0.023960613470131804,-0.05914502670314814,-0.05697924724644121,-0.01951535159833167,-0.04574988054103508,-0.04159645750576472,0.7478725155711047,-0.05144734248957801,-0.025616623400312285,-0.022869984407768336,-0.022539348196042922,-0.04280976907745272,0.040029556943904726,0.005652723918060352,-0.026279674653852315,0.00832164385271037,0.038020235351246205,-0.02017786829536593,-0.027264689622725807,0.009858426450519648
rostralmiddlefrontal-rh,0.023226904628857348,-0.007773563680937746,-0.006041595938372287,-0.0313033579043186,-0.018944447868035653,0.1031371502688861,-0.04873010379400046,0.0020495726757713407,-0.004492464110737319,-0.004552402109627857,-0.013976090279758685,0.053019386126568695,-0.007937001777967481,-0.00042417773278835384,-0.04876229291518254,0.0039072277819566376,0.020077683937293117,0.0029129884416129307,-0.019006458440787723,-0.00934954742124355,-0.017635068675927505,-0.046977633699647026,-0.022115024184563743,-0.047598772378271446,-0.011234432295746747,-0.020156013279463987,-0.026994955876935994,-0.015238275796992115,0.06857192674275273,0.04555449991292303,0.00802733815463619,-0.024962364303828304,-0.046111158617218775,-0.04897886334491783,-0.011960541726868053,0.02181360334423194,-0.03852530469720334,-0.01908305433985713,-0.0618944494473405,0.004710960309846129,-0.041467268925048206,-0.0029254539954038762,-0.032335629118647326,-0.032269456379476015,0.004367028574261783,-0.017632514560484727,0.011987529135692739,-0.020765707428025987,-0.02886151391934767,0.008826033656901235,-0.05791072167104345,-0.05234659789455063,0.02959666766030151,0.02098914924482075,-0.06549038234236895,0.5350446424483202,-0.02630865844505084,0.07878851498475897,-0.041755977351718446,-0.004840959061353293,0.023297107275182163,0.0022094723349012227,0.01618876844220573,0.01598785168463068,0.013702791088934125,0.01209382178468748,-0.019929693677845434,-0.004488669232029132
superiorfrontal-lh,0.025865310326323453,-0.01120961691658564,0.039598597997658726,-0.013782317335761123,-0.014687767734369212,-0.010659535463092427,-0.05083988694632706,0.03577324151873745,-0.030766141104234257,0.004577492163393519,-0.02298643724060937,-0.005317535164319647,-0.030993373644260733,-0.008267154929171136,0.01033197976757557,-0.031920706850346266,-0.0010543402444463438,0.002437032109995783,-0.044476788614602476,-0.01151368706461196,-0.03151757273527738,-0.009452943665847743,-0.017427135664981087,-0.02515333184970676,-0.030262034353352386,0.02261929149724493,-0.036372670256653174,-0.03504376130276181,-0.02454279164798402,0.005734972617417016,-0.004639205745334009,0.0011496822844538407,0.026765755689372773,-0.01852247583680493,-0.01934930392774855,-0.012995409399305075,-0.029186000294809496,-0.021807511265435096,-0.04006210323461851,0.028060260151705083,-0.010668924887281555,0.02039832732928386,-0.03992144321189741,-0.04903349741766586,0.019192736452016215,-0.025874653503167273,0.08796659314752378,0.058870343524521765,-0.038285759636532496,-0.030425996697861214,-0.02804387545330985,-0.012724175130251895,-0.009388835690106938,-0.020581833507941405,-0.04180956668257093,0.0006717614296006634,0.6048926256021925,0.03751020919652294,-0.016288125110841326,-0.03423673203189738,0.002562932828359322,0.002019883223665652,0.018928865352492812,0.02769776945715623,-0.004682199707514257,-0.025915786258012684,-0.05067165050754062,-0.00026306779946310853
superiorfrontal-rh,0.0,-0.05041879451222617,0.03255803990442208,0.12918141879269748,-0.03183732440870973,0.03270934828668087,-0.06402597038770705,0.005523726207599455,-0.04650308151166428,0.04959719526648601,-0.017027996640862107,-0.03959831598882922,-0.04654570049937825,-0.012958920668317019,-0.02989165908934429,-0.02707846333649552,-0.002059745878411671,6.957561645462358e-05,-0.04962955547037341,-0.0006433199335259502,-0.026414763530621357,-0.024345909412801226,0.01623366628671775,-0.014148126478458903,0.014568246832847544,-0.024064183981954975,-0.040206612794817305,-0.018958977659064492,0.042147172500676365,0.024917093677325534,0.023748995070548538,-0.0022510661513635098,-0.035091472394499244,-0.019036406018463643,-0.05559029311014157,-0.0011901734184984669,-0.06323971672564362,-0.09505979463390386,-0.056838961750930714,-0.012875042885228836,-0.02412878750648003,-0.0433054500286159,-0.05572052933650837,-0.05068718538479544,0.007196801200036414,0.012299293360019318,0.05612781055480815,0.05237619594717766,-0.06129622512951248,0.07152311802926234,-0.041756644730648815,-5.623072847465203e-05,0.09077823820786474,0.0007346189763414757,-0.035569434586868766,0.07922790726006528,0.019588669333253372,0.520758251147249,-0.03974210230014446,-0.008395536060078828,-0.01263118633811175,0.002775353733628935,-0.029106239481162106,0.025793617171989282,0.007412922411719783,-0.0054766404004056276,-0.016441012268105938,0.013996277776277518
superiorparietal-lh,0.010503410301469677,-0.02718624844484636,-0.058899455120755576,-0.06165168578556226,-0.023621573944983865,-0.024552176546288246,0.020986533798572578,0.04572817742035166,-0.03183067892971867,0.020434719674045324,-0.06085825325562942,-0.05005126527968266,-0.06756660712225639,-0.0012081781226574277,0.01858685417436124,0.014779485600982177,0.024750554004723244,0.03932426648091933,-0.06556268802270525,-0.006005963976383959,0.054766506110087515,0.008537747838462098,0.050201458058916994,0.030098643194146,-0.022263041273628933,-0.054566423013881704,-0.039658868690497326,0.017735292717684866,-0.023488842504683614,-0.03673188609529852,-0.03689153789633616,-0.02783481933937854,0.1263609333669227,-0.03328051576087973,-0.040754787715070226,0.05117029382341021,-0.024408917299816677,-0.013862583334939862,-0.04264909153356467,-0.02480532912864513,-0.01041488311864758,-0.025610898984597893,-0.028711710791280876,-0.05750659585446123,0.056759958646467656,-0.02974229740069701,-0.027220472865307297,-0.026673828451506582,-0.01786227331245545,-0.0414764091143484,0.24089556765871625,0.003839354674919263,-0.05100288639338912,-0.03962792547614507,-0.0020270898103291386,-0.03576081118117539,-0.006426719263752637,-0.01730582683365736,0.6660005076700972,-0.05291217798363463,-0.001314619171880086,-0.013145471364478191,-0.0070366692949908535,-0.031752415609126255,0.0010990842851946927,-0.03437918790787846,-0.04158397048859313,-0.0028727906900268517
superiorparietal-rh,0.042743445398950725,-0.011685836285433173,-0.020952260954883332,0.012827566271514053,-0.03868740926291043,0.030786862267865815,-0.02851587424796491,0.07043790147886399,-0.016862287980924415,0.0391273308247676,0.01739828997598227,-0.028536042341713933,-0.027725316416463686,0.001126473255967938,-0.011861664221067918,-0.021374478944731094,0.02719130485164232,-0.022207120494521268,-0.02536542370212521,-0.018310601822488143,-0.04411892734707051,0.02575114817825517,-0.027295524137194892,-0.04312240436994543,-0.012800459004160067,-0.014635746475081668,-0.04459146304840117,-0.0052323351601079975,-0.022047178416821703,-0.0383903908607392,0.02764656851719857,-0.007432557896957953,-0.0009416893093834708,-0.013837533792056763,-0.03595389136948221,-0.0003404830495092369,-0.04131184736014593,-0.013427089437848481,-0.027925964477739765,-0.020779413797069143,-0.012987985560689032,-0.004282294299726282,-0.04514326093275813,0.02444962140351643,0.018107609707475054,-0.0076027736627949155,-0.06389683002941723,-0.02011550215266068,-0.02005035933276336,0.032523865718308814,-0.027991093804395017,0.04810708958862023,-0.04751072596419788,-0.0245940301324262,-0.041496874442588,0.01798850862346676,-0.0361262717456964,0.015333941333161412,-0.059568272521570854,0.605653797556335,0.04545381122092312,0.006913776715076691,-0.015232127247697645,0.011542926626082363,0.0235765349466806,-0.0050714167685952565,-0.030131448552324337,0.003382108674589484
superiortemporal-lh,0.04694455665379077,-0.013379331601947016,-0.04277409912048637,-0.029191161750908943,-0.022301340922470412,-0.036986721813313694,-0.04753062455650219,-0.021274721171702014,0.039965474165281054,-0.012097017626875515,-0.028617701966058996,0.02071127984840049,0.0879243263961582,0.014329393881844583,-0.003765027943470304,-0.020438672798613656,0.1283313501281417,-0.027235883702910427,0.056576165251141876,0.007992001754711387,0.03381380572723095,-0.02101550290836014,0.006261442396435845,-0.041283346633618,0.001695974387910955,0.03569284013739904,0.015011143144984378,0.017419875066034433,-0.043929878602551514,-0.035024153729791514,0.045076524902665206,-0.026923950028454605,-0.03477644694776854,-0.017829674834329193,0.06810244724935492,0.031500720296271455,-0.02864409525359334,-0.042426548598322206,-0.02780259500993229,-0.008970313278082948,-0.02943125327813507,-0.028003728541774988,-0.00909026225871757,-0.029650558525820898,-0.03187645672598989,-0.028964535155559357,-0.026905862286078084,-0.055432606755024386,-0.04496537890323205,-0.002707915861374471,-0.03565283176204364,-0.007580654882040564,-0.04790144996170394,-0.02226415917939733,-0.03437396995041663,-0.01693727955351644,-0.03640829976589966,-0.02748116237079762,-0.026172201052873358,0.0022091305491529186,0.45359359564863466,0.013374222029996613,0.03761946615393973,-0.015423657818152506,-0.009068763627990304,0.007354468791570824,0.028253141123793096,0.0007584533317573965
superiortemporal-rh,-0.014056020746459036,0.06619780908894062,-0.029080474351906634,-0.009091112713242961,-0.002322886547363935,0.006660295902969918,-0.019026623635409787,-0.012966989821967229,-0.016528961911428337,0.009388436474297593,-0.004388283200133008,0.02673151427935162,-0.012743219261063171,-0.006748289817254919,-0.05263182706341909,0.0129789896694423,0.02559602136756284,0.04012958830660141,-0.043094918179800046,0.025921221180498333,0.006396332522915785,-0.05332015527181987,-0.029459588542556637,-0.019772972660102497,-0.04874376433903453,-0.0516508121276072,-0.0007036330586464664,-0.005601053391253978,-0.008532408002780115,-0.011495772606140816,-0.0011193424741297163,0.004970376820403473,-0.03181406047007901,-0.036945936645922564,-0.016356113169352402,0.0324551682950353,0.0014671621681048193,0.017868989827836874,-0.037482963688189555,0.003036934453741558,-0.017960328825870335,-0.014726230914205466,-0.0137125550914593,-0.022647779697507118,0.004742623513468172,0.03936444604688604,-0.018489002648206077,-0.024598795002279492,-0.023515356557091933,-0.00862080092669116,-0.027532431559582054,-0.010717979169160823,-0.027452841201236818,-0.022936934947889818,-0.018375739030715616,-0.006685045046755683,-0.023114683700006036,0.002006088987586683,-0.03784327780984885,-0.01504716135501054,0.025656424362879775,0.48030762804696037,0.014404095934155347,0.0029963106232077995,0.009378708971213017,-0.04814438717460001,0.05048454443902157,0.04865980307209943
supramarginal-lh,0.0038497685971352396,-0.031690019672295344,-0.020099555102358425,-0.017389081925605714,-0.03764813867906419,0.011376655673219936,-0.02506221423120297,0.03307166505967755,-0.0434692135217221,0.04504875198062677,-0.0346914217404972,0.009973427744263453,-0.031192024638016274,-0.02810487571592188,-0.006756106150597877,-0.03246420876009689,0.008102900548951054,0.020649795973780822,0.04385584176294383,-0.013795441544499673,-0.031033853949783374,0.02835386877067695,-0.05596079127462899,-0.05666685007911081,0.006206834500520489,-0.03808611097116878,-0.01441312056705395,-0.028771089470065275,0.02474252982100987,-0.012958960958474536,0.03226678372775256,-0.0015763383722278204,-0.04016234887614948,-0.023419697726735297,-0.02898314536657136,0.044186668807451576,-0.03462269121960098,8.846063743491422e-05,-0.009759555418875583,-0.002064608587348838,0.03234294937603067,-0.01141357128916129,-0.04790972751657269,-0.013598882970411764,0.04980260993579354,-0.04536096198893287,-0.03547531463690801,-0.04045503489818982,0.016927160444484318,-0.037772781584523976,-0.04177344348962991,-0.005064201511433873,-0.020115438089925244,0.030821891707717753,-0.03071299055759999,0.013538744835185695,-0.00749533845172231,-0.015871191446429345,-0.0329881348135742,-0.03386545777194961,0.05352574244205486,0.024040234071553847,0.6205785795385089,-0.02909122297407788,0.006224347885303366,-0.03575045820164448,0.008973542663588123,0.01700586020669476
supramarginal-rh,0.029160692297906587,0.05195379163617172,-0.014093751060804786,-0.0186144838088242,-0.05398549860951807,0.03835487067682878,-0.03024506990196446,-0.028626972053853363,-0.03342877996572593,0.005975207734968546,-0.03381455641948757,0.02046696970902104,0.028286078739870883,-0.050891381460518616,-0.0655029836270113,0.0319447444293588,0.019524985905063998,0.026828587307091024,-0.021621254556415014,-0.047683282228947424,-0.024525207002160355,-0.04072502233145875,-0.027888063906282713,-0.04175134266848918,-0.008643454384961181,-0.010019803839141984,-0.0019494301853749281,-0.025635370736179545,0.06328064634970867,0.024559972382602702,0.026994795856767128,-0.010115698003207375,-0.012665642601477073,-0.0012800258613763263,-0.03239363712873125,-0.06401468379032765,-0.03537081214867063,0.011428180550734551,-0.021949424925674994,-0.01210413279328379,-0.032205855066308166,0.020967975567162456,-0.03419714131077771,-0.023617841930304934,-0.008692684831444048,0.07008455086366268,0.034877349612722666,0.021960108659915524,-0.029184740627130234,0.025999954037621193,-0.046699898199269715,-0.03371808185776206,-0.019827280625872017,-0.009643042412164628,0.00980436763257593,0.04039761026609261,0.030697083341709643,0.024916310792147317,-0.04621021081328614,0.01005925550361886,0.00861723616910581,0.035274065441400604,-0.03982705530396961,0.4163994108711441,0.005483484728575606,0.04189961121576512,-0.05148051036705935,-0.03135378893409749
temporalpole-lh,-0.044639252571995185,0.07352631953322894,-0.019298020166336503,-0.020482574763278135,0.004357315043266608,0.009473061467349603,-0.011245012655895227,-0.07960800838775173,0.0716766341856888,-0.05385693450735361,0.031920870344939414,0.037675871512660206,-0.009612725084410488,-0.020062006172928533,-0.07354609918393894,0.04088282082686472,0.08906241666289792,-0.07179682300858875,0.042493906535670055,-0.0331554055339487,0.02702336750920522,-0.02072896122075432,-0.06292180428909022,-0.017557997956080457,0.0011099811457135173,0.0010984339776072974,-0.012895808544933602,-0.028991067785168332,-0.023229756822875928,0.03591833690122622,-0.016661521564417033,-0.0554918968367435,0.008347042233070303,0.0028650685763993915,0.04626813713867228,-0.060386969923171385,0.004828371286957988,0.00025227809112692386,-0.015507408656412803,-0.001322023208112653,0.012741133163864446,-0.02874209856906324,-0.0023048507015077375,0.008265473156876516,-0.0288347726357892,0.018177236949813012,0.048436740010984095,-0.029806774816451886,-0.0026262500762284586,0.017345527854943425,-0.02963189484485784,0.03663006964310331,-0.03274505351164679,-0.04117337236005377,0.005811946976572305,0.006230783268970866,-0.01597078751208086,0.009808838488961904,-0.017368554402215464,0.019489428050011342,0.03181525575685817,-0.00566336233495595,-0.006308748104045413,-0.03188065310343226,0.3738311468903063,-0.03968395927721221,0.013189069311546052,-0.06481367140163008
temporalpole-rh,0.045694101321494575,0.026805931870877535,0.0017397639945075378,-0.026357992019706625,-0.045967312106083014,0.06995971904022938,-0.027778257492828043,-0.022368434116340485,-0.04973829820464188,0.054381946818608785,-0.042365992254699905,-0.013238830480675881,0.03806845277524585,-0.00014389251275519956,-0.05691890167259094,-0.00444665846906007,0.004373055039224505,0.019955295327278966,-0.034034259246069724,0.013381512015628701,-0.021402846031332672,-0.035466341310358994,-0.031339430296568015,-0.02707339134010245,0.012234628403677304,-0.02138042059729243,-0.009653733926263447,-0.017029743160492508,0.05835236998089472,-0.011887410588175149,-0.0005643520533204525,0.11429081937020694,-0.05278107850413118,-0.04572965007502032,-0.037491174140508676,0.01638358228586717,-0.03635701181807611,0.022852557973772173,-0.005053338621870674,-0.012752314169621378,-0.028740654214033913,-0.007916267158567239,-0.023726905855360546,-0.032502741973684156,-0.009168907432871756,-0.013429010642944777,-0.029870437237830297,-0.03491707908437236,-0.022247649161852533,0.03287235423741712,-0.042852450521914234,-0.0298947192019164,0.010586705213588052,-0.01700488791529022,-0.018243072829440182,0.022849680570411004,-0.02907287035901213,0.008458884019483706,-0.047209340308008246,-0.014010579372100599,0.02810668176028944,-0.003413920643688324,-0.0297823579361072,0.0536828936037297,-0.017586330431825142,0.5365839249577963,-0.05192529845423668,0.0012216853634136537
transversetemporal-lh,0.019656437383529884,0.009559483305815162,-0.04865731686394678,-0.02995932711147359,-0.049712794496180567,0.022528867787654682,-0.04198461877075044,0.018328554409921906,0.005623375653133059,0.023026418131513078,-0.04211824174469186,0.06307292438486871,0.016349243685922138,0.0033746936041229186,-0.0363709712241245,-0.04600751168169828,0.06173762265187348,0.03551594113327408,0.09908699984574329,0.013552923871493578,-0.041044471452831056,-0.03437896711994992,-0.010257624885786104,-0.06382457170357204,-0.01698509058354762,-0.0579196369256818,-0.050642971700116175,-0.027656865300211924,0.004491665201147698,-0.027536372840389428,0.021899224661422426,0.01373066479788447,-0.06611634603691834,-0.055771635196852354,-0.01863320375408428,0.01606207727366353,0.00884765254699026,0.08036976811956398,-0.030264285156528816,-0.009101301979193533,-0.003060732424659768,-0.02645255358600636,-0.061997271725476664,-0.05124068502818466,0.06802790418735916,-0.05066905150720795,-0.0571680864206984,-0.039405866245880286,0.09637854584041128,-0.025134505686980974,-0.043586385543008616,-0.019181088028893286,-0.025779112664075406,-0.03447988529389128,-0.028101857424177167,-0.014861064846684618,-0.054184452428048535,-0.00018768952371522768,-0.05138231424187931,-0.03495340546233014,0.05523539712061581,0.08806048696452587,0.030266449410088787,-0.034653385269316245,0.025025316002423553,-0.043844806519889104,0.5909072315874061,0.014552456837164685
transversetemporal-rh,-0.019456876227001534,0.020319521085257402,0.008498290854968393,0.01609809611339933,0.003206916168952182,0.004597171412631934,0.0021692041706848314,-0.0667236099132281,-0.049987623774727,-0.1472393148150862,-0.04637670051800902,0.0024757589849388087,-0.018647799206951334,-0.022805790582603885,-0.02359017369069795,-0.007833557667526548,-0.0054155425376707,-0.009872250393303585,-0.018763996724070333,-0.044887934311270763,0.0023964287632650006,-0.04373549100579747,0.016775310728456578,-0.009239879822999477,-0.03831269625048819,-0.05084521828036727,0.012793523910752159,-0.018999760360154327,-0.03862592400366803,-0.01922877367039771,-0.036136412961986365,-0.030973184537998723,-0.03482426524833508,-0.02949216187095263,-0.022737760196459896,0.020704775960947407,0.03940647382379842,0.03899527315616681,-0.030641323189763835,-0.008461380987941984,-0.008559383221280146,-0.01932336888528056,-0.002560378265291171,0.0024826489367426913,0.012951090718673307,0.04052861459492982,0.002389815803587122,-0.030147559853846158,0.004136821757697243,0.024088304208214093,-0.018811978974550378,-0.032448169369107736,-0.011978741213934115,0.03487311970529914,0.001189350489549254,-0.012444217397470175,-0.0006046320362735929,0.02183666655600833,-0.0165186230184026,-0.0028650830411587266,0.038806226507336304,0.1207673009014043,0.02457226336794763,-0.03520467621454312,-0.028728741807134,-0.004139067535776672,0.0020554798837214227,0.5990755750181771
