,bankssts-lh,bankssts-rh,caudalanteriorcingulate-lh,caudalanteriorcingulate-rh,caudalmiddlefrontal-lh,caudalmiddlefrontal-rh,cuneus-lh,cuneus-rh,entorhinal-lh,entorhinal-rh,frontalpole-lh,frontalpole-rh,fusiform-lh,fusiform-rh,inferiorparietal-lh,inferiorparietal-rh,inferiortemporal-lh,inferiortemporal-rh,insula-lh,insula-rh,isthmuscingulate-lh,isthmuscingulate-rh,lateraloccipital-lh,lateraloccipital-rh,lateralorbitofrontal-lh,lateralorbitofrontal-rh,lingual-lh,lingual-rh,medialorbitofrontal-lh,medialorbitofrontal-rh,middletemporal-lh,middletemporal-rh,paracentral-lh,paracentral-rh,parahippocampal-lh,parahippocampal-rh,parsopercularis-lh,parsopercularis-rh,parsorbitalis-lh,parsorbitalis-rh,parstriangularis-lh,parstriangularis-rh,pericalcarine-lh,pericalcarine-rh,postcentral-lh,postcentral-rh,posteriorcingulate-lh,posteriorcingulate-rh,precentral-lh,precentral-rh,precuneus-lh,precuneus-rh,rostralanteriorcingulate-lh,rostralanteriorcingulate-rh,rostralmiddlefrontal-lh,rostralmiddlefrontal-rh,superiorfrontal-lh,superiorfrontal-rh,superiorparietal-lh,superiorparietal-rh,superiortemporal-lh,superiortemporal-rh,supramarginal-lh,supramarginal-rh,temporalpole-lh,temporalpole-rh,transversetemporal-lh,transversetemporal-rh
bankssts-lh,-0.07139971784320157,0.028346360396280575,-0.052376155959565816,-0.004308150422865299,0.01884702601816133,0.06648288480053971,0.007438076636033049,-0.08932718768670352,0.013680655054681915,0.037167891933705254,-0.04871247379480229,-0.0792876965453369,-0.028106780972116947,0.00795349042008899,0.040738346928914176,-0.010832258472084405,-0.024926849906377998,-0.006307247842651551,0.08127971138537447,0.04750696226688553,-0.030493359494545288,-0.020674399606761824,-0.026377519032867138,0.01831615001948471,0.16470753303646174,0.03517799464072271,-0.04171579074166866,-0.009528715470516933,-0.06766270551779277,-0.06502250513293129,0.17758833519610145,0.021850194890456625,0.00029076499469901017,0.023680410801804136,-0.13053331392497058,-0.03146498447612932,0.0037699957936478683,-0.06652593470994592,0.10598947357611584,0.04576108931539484,0.11170833144333397,0.00258217360094204,0.0036148207323897278,0.035476285471816964,-0.016490048788996892,0.01315519272276832,0.001930402100158304,0.004711941699115012,0.020546131311456668,0.02624490523065212,-0.01753029953969279,0.006740058054486449,-0.05682379902820233,-0.09074629353857969,-0.06006586832660879,-0.11664199897129186,0.035984836414923414,-0.11374213198213241,-0.007538440018115171,0.04008593943767289,0.1215097783499132,0.035790486689534225,0.032063772093409715,-0.012608623683420854,-0.003269461404466861,0.003831865902498445,-0.08642175230433972,0.04491219577905801
bankssts-rh,-0.010445540201661841,-0.2611600884911638,0.037287713078165634,-0.002481109206447476,-0.0019628320302785937,-0.06117709962219722,-0.06537113409548052,0.006051485869384103,0.003542730141839526,0.060002710987473146,0.04066954473983138,0.036260859299106545,0.03643704584126272,0.02963078511703963,0.021836195788866142,0.019290380641851863,0.025002776232360475,-0.02233987292580456,-0.031214531890677095,0.009970632139487172,-0.05789601697698855,-0.025997858885978976,-0.010010462850403724,0.020312472476836502,-0.0012120770226619316,-0.009310982277854318,0.0533938265630995,0.061217570266896566,0.03577021431734374,0.030756973572608877,-0.05803623866827452,-0.011150867220082758,0.029821329419427816,-0.00766872135010158,0.021961554159508945,0.007284388658223426,-0.13266892536602956,0.09724249127927083,-0.016576153670173798,-0.012450635534793603,-0.012765293421840098,0.031182140623475355,0.03608147104596299,0.01327556771533846,0.027046077932121996,-0.09267925745624461,0.0032851137349725794,-0.015849982447510274,0.024331287521488186,0.0850524498085276,-0.027592767664289298,-0.06815853863903296,0.02909222167559988,0.03062407819665377,0.040953765477756504,0.028613909583719184,-0.012685940806039788,0.005262483359118683,-0.007475364897474476,-0.04197846406011197,-0.01148554404396951,0.19156381000295766,0.0011536364920949743,-0.059876255176952074,0.005439918734277281,0.018858719738580495,-0.06834559854808739,-0.037536176783923195
caudalanteriorcingulate-lh,-0.02324402562983038,0.006090346630005093,-0.032477794414367184,0.05327285832688501,0.031859033523495395,-0.006408592240408138,0.046145777975532536,-0.03494717377875678,-0.024784684676223828,0.005641774495823092,0.08523276058239264,0.0621386129454241,-0.03443364114088879,0.009335895361362714,0.0042905395550529545,-0.05178106568515766,0.03069339241650542,-0.025307892360409534,-0.054660791884811696,-0.0736873160700291,-0.019665695394979015,-0.04210190929917267,0.015697955589974756,-0.013843442644814137,-0.02625021184769075,-0.02703914132405509,-0.0034445217866258316,0.005908086494551158,-0.00381618651688139,0.04574236268260803,-0.026588091977422422,0.03724117257557044,0.020556228072246333,0.06960827734941868,-0.0017352547062989613,0.013324666985681754,-0.05774638344233883,-0.006272188277932067,0.010942975671546314,0.05299545987757113,-0.03975473959377163,0.06414475208845043,0.023119745275274883,0.02726106970516423,0.008783799174980239,0.00035984132636349245,-0.045657824810302415,0.03321816282363768,-0.0013234745920134192,-0.01784136287861819,0.020925190702400235,-0.000975160314908796,0.07641940087918989,0.07677584473751035,-0.045234947911238374,-0.03904732098021264,-0.05115220770234325,-0.030797552030709534,-0.03306069717853104,0.015972433633940845,-0.028037458528841704,0.019521190351148264,0.032755791786274094,0.0014506688122150164,-0.039420725969612574,0.07000941936396118,-0.047378195294415525,-0.06751781488754499
caudalanteriorcingulate-rh,-0.0005492133538562777,-0.014324507913171964,0.021711171867215558,0.00983224811426046,0.017996431299493448,-0.015412210464919793,-0.0008931873142389457,0.005471263940085543,-0.06407240882153686,0.010194332231564277,0.07251387570251165,0.05293801924750132,-0.02848914975765374,-0.011152903227939196,-0.0019341260809271194,-0.036171792213954126,0.023256674986409563,0.009927251104245211,-0.028886224068704062,-0.034340641696220135,-0.03175672451899214,-0.003032624225738572,-0.016983792521068984,0.019780738589709503,-0.01804594218314333,-0.0024194811061887225,0.02746629971774357,-0.00990673588219965,0.03894910922452131,0.025967140652780107,-0.05068905783970019,-0.01026669169330395,0.011897078399701106,0.04511630890831568,0.015015342557513325,-0.01634104354288074,-0.01693249822260153,0.023000854803479236,0.0357694808528799,0.03359750440882753,-0.07977330943557313,0.030108016474274354,-0.0010313987162090866,0.01964991572577753,-0.003930791467271569,-0.005198274991885082,0.017949569252193865,0.08769671205939471,-0.0027166564754379746,-0.020525149230930153,0.03140870047198733,0.01569031140018987,0.0023847205467541124,0.04543290000845302,0.01831665462922847,0.04216758297830157,-0.02599721701018688,0.0344454035565736,-0.026225929242418632,-0.015993516795358684,-0.037482516443971686,-0.05471822986762615,0.02423635063499796,0.0002835175393702018,-0.08307409546000659,-0.0037524644352749203,-0.041393572561143975,-0.05575740310402015
caudalmiddlefrontal-lh,0.0006628065264830034,-0.009838664156578978,0.039420836382534595,0.020257653604897893,0.004149877341767874,-0.06586810832669034,-0.016530985363979848,0.019447452009236005,-0.08449317678164248,0.05459474330135087,-0.02676783757235967,0.006005193480833887,-0.05990260812170706,0.009316794452756735,-0.013585733714078509,0.009447635188226847,0.004767620558486665,0.014027683345723435,-0.001060883118930872,-0.023122517780616834,-0.03535691091199657,-0.0033669452262114125,-0.005865294264488279,0.01606309342787577,-0.02525798588798282,-0.031727798912700604,-0.042329690681471,0.03166059982865187,-0.005087403302590173,0.06203604096393106,-0.09620937099515518,-0.0036134483748991517,0.04124177241214267,-0.010740953879670551,-0.023120290008144445,-0.005401325838169314,-0.00013800032412844337,0.07171039427379848,-0.028662038819116886,0.020608223198608923,0.020869333952170575,-0.004455201024984176,-0.012378655074430514,-0.012443931228386931,0.11474599191393611,-0.034574710827259804,0.03647759257275007,0.008237711097806926,0.05924896502722955,0.0010238898900241412,0.02195932645402256,-0.004631852003600283,0.03788120690715214,0.02087090646772699,0.07006742098282226,-0.013795043742609425,-0.00381046323406168,0.01301759301590952,0.003759412706067033,0.020110192409389292,-0.025260549048933413,-0.028084093582387386,0.004661996994451746,-0.011070082409518681,-0.009936329346100727,0.002884025757217749,-0.056508243254732755,-0.026236859305668003
caudalmiddlefrontal-rh,0.14333387499689454,-0.047378431693486586,0.011201730953990645,0.019118540159838854,-0.07872499081548892,-0.12817159153470353,-0.04316648378255912,-0.024915033794712684,-0.0014335146766951052,-0.007869755512789667,0.04136111003685953,-0.008614377221348096,0.025403731979949645,0.009800739683152001,0.028124118507265514,-0.039493029265116955,-0.0846219489173483,0.04132607614237421,0.025420405680244878,-0.07024200481675058,0.0011665981395156818,0.021806921807579486,-0.05817758988067695,-0.059960695232863945,0.22199317084281903,-0.01556372804928538,0.02494202411443468,0.0050968617820962335,-0.08802263165777216,-0.06572583342949492,0.15794922232827893,0.04888820182054276,-0.03919809562350027,0.019745302384854006,0.0021941503763691925,-0.0346805817152294,0.19893638507271927,-0.09540138770408173,0.24318377025897595,0.08989035177138349,0.028867273197161984,-0.015393738705747397,-0.008652817474126346,-0.048869175499768644,-0.02889235113035178,-0.09027348622004262,-0.04542524073669455,-0.014292712321630305,-0.009671079876268376,-0.030927910757003473,-0.032224687229683996,-0.016578916514686043,-0.011111583106431842,0.0966042210761996,-0.04670960209868646,-0.08064191830309908,0.03699989586491018,-0.05828025936783858,-0.028537588026856676,-0.04780775733604345,0.14038914114321388,-0.05361147696835104,-0.0698158827425054,-0.07691530714094694,-0.02712703610683789,-0.023515587834870542,-0.018195563379274696,0.1910895640800262
cuneus-lh,-0.004281348023944007,-0.041763688053132866,0.050069242494270694,0.009400877017804383,0.015216312092236704,-0.02781071634770183,0.17309361247613766,-0.0043847940515761965,-0.055452457497427,-0.010689527258752838,0.02425023278974296,0.0037082127833641416,-0.02678921190519956,0.002147803007500582,0.006377045371079411,0.026014532283754714,0.02349146445722825,0.03316466004261638,-0.010993294208291109,-0.025268777121743514,0.011766124300476067,-0.02301442878878148,0.007121234228959994,0.03138972204878217,-0.01330123792678161,-0.04215618712127431,-0.02701857033273718,0.01827942262625071,0.058891925457465216,0.0487928547176198,-0.036577367360153226,-0.01956428820712065,-0.023661195016801997,-0.02808985782549758,0.04352258042118359,-0.02406408354350867,-0.03271993237188043,0.025876909256315767,-0.05666119216798518,-0.03981516545658369,-0.024028122065774152,0.028334666121764534,0.10960735922565008,-0.0022108572566411707,-0.0015534777610181818,-0.03829485267097763,-0.008290814515122931,-0.029113697022027214,-0.003767491262006457,-0.06972626165023377,0.015640542705390063,0.03156051754016241,0.03187600081454618,0.02163747366555862,0.06934592186962123,0.03392397715263813,-0.030917654028505877,0.002205444530909664,-0.0009761653975859993,0.019240779792149578,-0.0345453658016591,-0.052669802414272444,-0.01748939325358817,-0.007098670895973636,-0.03392989873922296,0.011248661171073102,-0.060108685366152236,0.0016024182253841545
cuneus-rh,-0.05915264075260816,0.049027195840351735,-0.044631590622308814,0.008148216913587497,0.07345006981955597,-0.012824243356388298,0.041318935300896066,0.008746606896315998,0.009958165012124336,-0.005620554283585318,-0.05518052997850559,-0.0388464209875401,0.024953372670398717,0.012060728487848357,0.04589669481363275,0.12369094444062065,-0.06406454672032011,-0.07129871404093105,0.005688789179022078,0.025612499224686596,-0.012412678475605631,0.015945889751138566,0.020361978744095875,0.0188278178816881,-0.03616143858088337,0.02062451495223342,-0.030334573419125602,0.005258609822934472,-0.06020726494654379,-0.04798923385674892,-0.060119257078644905,-0.008304096429105201,-0.0049221478551691455,0.051254548439879546,0.008714997641857925,-0.023326489949149244,-0.049345573992879734,-0.02492603953413609,-0.018952642836432262,0.032040116028702346,0.016404396291445023,0.016964626597054864,0.038069090081525,0.1023741130029204,0.07209684044555444,0.022333962091754388,0.028992213769670892,0.0200805821276141,0.038500227654628495,0.007105439317446885,0.021271048275333673,-0.06171966770362564,-0.034309629024632186,-0.018952642836432262,-0.009604528830190919,-0.03138190055700807,0.005634170040919125,-0.11019776755218595,0.05014896222322157,0.05404836856245956,-0.04775368471176403,-0.007313157588864488,0.04354506509413637,0.0010629138164207194,-0.0679715490542989,0.024776827756057655,-0.04387315595557831,-0.0032911774985421314
entorhinal-lh,-0.021952722271310062,0.013443821398509071,0.021632815981033792,-0.03516739405799476,-0.04885737190723442,-0.017838172627629354,-0.0412264417516316,-0.003072788364529474,0.050913548137783364,-0.021961599763355318,0.10804217152634064,0.0061624570446751105,0.0062494647834990605,0.0016793556650640646,-0.0024453058565316213,-0.003893225482315217,0.10657665158109597,-0.00982965545499197,0.07447872295484087,0.0014265845178908145,0.0002520668298971481,-0.008730117944613246,-0.07541167252958436,-0.0208885300147715,0.04526745163338828,-0.04768209966414437,0.06974277199521255,-0.014330669607752484,0.044692332491851554,0.02667312372903207,0.091002918972322,-0.0688397175955473,-0.04348446761732435,-0.037665224967530705,0.1610801489071196,-0.008155726290520662,-0.030091849530765904,0.03984747493534797,-0.006637179826702882,-0.013503270069213846,0.020729834989356852,-0.02134702558358366,-0.018479645085519886,-0.05234115430117825,0.0017483978804904233,-0.0419043557945423,0.04855704595504539,-0.029409582609959888,0.0010212098447495036,-0.027851148132839693,-0.0044749568615510705,-0.020516343354048373,0.014177649201286844,0.0656357228398474,0.03716438711918965,-0.020652033806206282,-0.01666621173224513,0.004930301845829682,-0.01633864326711009,-0.0457488951277248,-0.016422341708970615,-0.037882734780249,-0.007538114563995298,-0.03397673558859852,0.06643200630294824,-0.044344520536517315,-0.062489654470518505,-0.029511138562293884
entorhinal-rh,0.0021171135339067716,0.02223541741408198,0.010080536894482047,-0.006238816973360679,0.036063663529286215,-0.022353566339374693,-0.015785168052924632,-0.00734528706477582,-0.08412616124619664,-0.1438548003303517,-0.0151491607568425,-0.005712811424992155,-0.016496456314198486,0.07916822352541628,-0.010216880525299721,0.0186532743566294,-0.01942548271679668,-0.08280945890051829,-0.029748313559226663,0.0001417895353753173,-0.03295197057559469,-0.010565051229883783,0.01889689679961869,0.02603481817851988,-0.026652108555231868,-0.08186222025517624,-0.014849585280235986,0.02696616382785963,-0.0015850267022236397,0.005204859081530143,-0.050372405762544675,0.04921175581675058,0.03651292986652645,0.019526378202931925,0.04873968197267792,-0.014220112723605963,-0.009983223663915283,0.026796395728965968,0.014778285831014204,-0.002635355164215946,0.039289116995771145,0.015926295263223655,0.0404487978205034,-0.017253553468741658,0.02625323618213943,0.005036642477098663,0.016018313878383175,0.012300278066483677,0.04134704258274411,0.04952539294523104,-0.018361670401898993,0.02079765552013835,0.008242374110149046,-0.025317872439717518,0.0041849655456056185,0.001671338198374428,0.007934423703278824,0.044148650477593226,0.04283674675025329,0.002526954303914045,-0.07621424968021467,0.01769788714432088,0.06486818480519296,-0.009872108963285288,-0.011637512057794928,0.03490991527848492,-0.048364248516020794,-0.025131756499296682
frontalpole-lh,-0.05602670906763158,0.03601971212816775,0.03513981648617654,0.06736220812520512,-0.0027757648879978528,0.01071468749765157,0.025746854957601702,-0.09304355332875933,0.061915406135126985,-0.05222458835402081,-0.1105817416734401,-0.03910864524715027,-0.027529324669397497,0.04516329345623939,0.0011990759578814297,-0.002647996398920312,-0.030212594286832047,-0.06390823792551747,0.030814456980107627,0.07307352659983224,0.027193585723396998,0.04720547083392763,0.01151722585546749,0.018852089348559684,-0.019410830266408902,-0.017100259229842617,-0.018989979831375327,0.04484396308469608,-0.09983147328587678,-0.06018728875776299,-0.024055588419575908,0.028165768578008996,0.021847331934910518,0.027191853280361653,-0.044469373857158434,0.07238235873230567,-0.05050651917967421,-0.04712920706673721,-0.025594149309584098,0.005847015756976175,0.03873070514817791,0.01800043188263481,0.011646384160012393,0.03363787274726845,-0.005586605512236416,-0.07667654206913618,-0.00011328383203564228,0.02551245071222586,-0.00043957466017489254,0.01613924803953865,0.0805835283611094,0.06215602361670524,0.07666362768006862,0.024867300399439542,0.01602957578260709,-0.04659849597306699,0.00827481975928825,-0.0011137731382687781,0.015288635780029066,0.013931083766840234,-0.07509863086152016,0.013665348227610986,0.040442141589014415,-0.016803622167333006,-0.04140516477867038,0.01085930584635996,-0.013366015454352361,-0.03608865146107343
frontalpole-rh,-0.054588011039681514,0.015637379314402657,0.10995836160327478,0.07743089035421591,0.021384932742710458,-0.033347514662546165,-0.0032808978218809635,-0.020241785314296178,-0.038611790245570855,0.03499783123682809,0.041403617328394295,0.06257801905251875,-0.028749975563187483,0.03389842489658323,0.002039062387096858,-0.001995431137018324,-0.04761153847885254,-0.03663139631010375,0.0011007050808537432,0.04122572345756983,-0.004533679947372052,-0.03459916493560404,-0.023442687897693333,0.004421435963737282,-0.061299494369723165,-0.04892076633377287,-0.09626394096678692,0.03158942764168812,-0.00023737282156892342,0.04931027711434856,-0.054557105373111314,0.007112437601566642,0.009216119809270656,0.011542698921867071,0.030895021525942028,-0.006253611411972176,-0.10613717404203554,0.01000116639553095,-0.05570657448460457,-0.019280916543698127,0.03341201662988379,-0.02984204243102814,0.012702292130532337,-0.010722773361649318,-0.005433368577677536,-0.005450982968010559,-0.015290200430545605,0.012920112833031423,-0.003562540483862291,0.019184292171574822,0.04591277117500948,0.006845075262677549,0.040380070690943,0.10029637067876011,0.01971979023008642,0.10886853753511361,0.027733919255958736,0.05238494413758243,0.01115650155536377,0.0008131963705328393,-0.09796604638005091,-0.003944646689708796,0.010445653449528228,-0.021275586577240355,0.015978931903580847,-0.024950330931782626,-0.07545275586153659,-0.04431590404438585
fusiform-lh,-0.04599180387656513,0.01853819418014081,0.002763375062656112,-0.02209928530433241,-0.007008123749004977,-0.0031639952410439883,-0.028350502032319473,0.018120895229511907,-0.00022916446798203256,0.028455847337995957,0.03683352831264742,-0.005566367520534898,0.0437245611586292,0.005909659448363202,0.040166924261511326,-0.017671665758858163,0.042659361012512734,0.008942965830934404,0.04432507593096796,0.006254889332402702,0.0062765123276068415,-0.02497508193777274,0.005320671773744278,-0.015671401461430805,-0.04065297305367411,0.006464165591465204,-0.010142044167017281,0.001088268602536401,0.04350903677455764,0.017440274301551654,-0.06737324861118227,-0.018250438817497938,0.04158101026952454,-0.025709887189988765,0.02770492414980702,-0.001826556915231299,-0.038921697779054,0.06068852431524978,-0.04906721728323247,0.01839587743791359,0.027611802415127215,-0.005378931257547696,-0.03146481507009272,-0.02704378589086092,-0.0031456636655760816,-0.017990475808615847,0.005630474785918106,-0.00012313151265674598,0.02831808819670026,-0.009748892364200339,0.036053888851881,-0.014724782368102311,-0.013014513852084407,-0.03585399783030837,0.03368051041271437,0.004932700716035511,0.0038784513441013006,-0.0008891567787785981,0.025625506316249807,-0.004702368878371906,-0.03631667853439384,0.008004186732747977,0.012114524860049198,-0.051897145179835756,0.04992705878279009,-0.002675647100074837,-0.07162320856395966,-0.011677086234362762
fusiform-rh,-0.007292345230926593,0.011166797854524456,0.028194766485971634,-0.006494432994520312,0.012163075187104015,-0.013533780584720932,-0.013289093656182265,-0.009561340213786733,-0.04945556795672284,0.03535380382326271,0.052368799501746874,0.008937061389715489,-0.028929081274961584,0.04494430085212214,0.017375121081956078,-0.00539472848439536,0.06171840994543605,0.03919006679880571,-0.0014347087255058798,-0.02330827549397967,0.002210898169660639,-0.006570829940314586,-0.015682876028453977,-0.018768149948986162,0.00815898995202899,-0.07266857609033905,0.009944574488210393,0.05924374600322106,0.05790259424292432,0.013565495071220096,-0.026458385897439787,-0.03271593432549953,-0.006171615747820854,-0.03473577904178703,0.0005838459458361061,-0.0971754547650098,-0.00707795395203397,0.03816764643378187,0.005184516694582108,-0.023710762414364567,0.0026239302335657826,-0.01379734465508207,-0.029417825953033234,-0.022917295283564728,0.031781612995671955,-0.0610701311233044,-0.0033242413325984474,-0.01903713152470942,0.054719721477712154,0.01017873287054823,0.031662695345869775,-9.626139359459549e-05,0.04186872473656455,0.00324974395974856,0.05250687845255111,0.018444990736147998,-0.05265798483707208,0.03309496033648183,0.03793233939765181,-0.02738339354188629,-0.03380674500683473,-0.034560374956394066,0.014337000349752238,0.023609400432740308,-0.00272313936672911,0.0031219754007470175,-0.05561468287221719,-0.008670992033092208
inferiorparietal-lh,0.003340054328196327,0.0053409505317858165,0.02476747756567552,0.004747629332589647,-0.007565039183354413,0.002908823806945896,-0.019913029393843432,0.008013882742205852,-0.035803324079869914,0.012604262406051536,0.020055811146485917,0.0012161201158572793,0.005789832147739148,0.04194660152833663,0.0632773613716741,0.029130448523208573,-0.0009104713779091929,0.036732080949403584,-0.0371736115095387,-0.00920096185949522,0.0460562110962251,-0.01788760174738705,0.015564481374345122,0.003359381797977361,-0.008382786039023591,-0.09441735107560308,0.05362620772629197,0.04554205044116782,0.03851786918849529,-0.011912151583558515,-0.0714720692410635,-0.03289948660309897,-0.012167567650792159,-0.004463849170023813,0.06101859973768942,0.02163810381895088,-0.02992800440091951,0.037650621669366315,-0.029068774346691525,-0.019500005122178626,-0.010250450986436196,-0.030034646966720247,0.007104070294499832,-0.01797516270534905,-0.01256996763373623,-0.00878356948282051,0.020739263864153024,0.01698888732572338,0.00953691965575598,-0.04004191058849982,0.002295675927719496,-0.023780864398863035,0.011973896563437085,-0.024366087372543192,0.06824379499108821,0.019111162012702302,-0.03996634070516597,0.04914149568220123,0.040514473019547484,-0.010713547551915318,-0.03824783165019356,-0.027440311607847715,0.012955827311641745,-0.005016061602889966,0.01396684696711712,-0.0067885090148326905,-0.11379218482731907,-0.002983645482768278
inferiorparietal-rh,-0.012921429298947209,0.016811163664151616,-0.012322498319274957,-0.023847760170572076,0.02980446127891878,-0.03729773737194721,0.03804821373546467,0.07457756914104774,-0.018010745142361156,0.036526577316351366,0.01831449060007658,0.001588922726726982,-0.012673139847189438,0.01362166128247667,0.043822676915129616,0.03792449374683207,0.00806890852671864,0.04045383472801069,-0.06273136235055336,-0.032167363619315284,-0.02396328376681302,-0.02382361918331685,0.008196088828348823,0.0582463768640295,-0.05623809251667415,-0.00601426504957757,0.050111303924126264,-0.002184619197230083,-0.008592445446201342,0.02965410206687179,-0.07984336944446192,0.02474642695123158,-0.01342211004955765,0.0391543265025001,-0.014203761561318147,0.043586583727078576,-0.055283324801833685,0.03462264062009616,-0.05184695903260222,-0.01825065668534116,0.017066052177974272,-0.0054133006194664185,0.019686969776384348,-0.003264106718747644,0.010299277314440344,0.0496731573165294,0.008172561661413688,0.0035101418421479443,0.0214162564403801,0.03403418660809741,-0.01860814298053338,0.003239140684377414,0.00128736960439432,-0.015619782440258861,0.011332889552123882,-0.01199672863873241,-0.019773201465558637,0.012059258654193546,-0.008644630621413824,-0.05436497534541442,-0.04922048607769751,-0.006413086000697057,0.003084257329546402,-0.023534855222437416,-0.0027219735847338546,-0.006596689133948362,-0.039788615173595304,-0.011143225229867848
inferiortemporal-lh,-0.11542514878445138,0.010881136604676425,-0.01886758309495239,0.02302501032229385,0.03497381547112812,-0.05080143425769918,0.012692824913310481,-0.13624013743019997,0.11956117345715732,-0.032888547594418144,-0.0809819655253486,-0.07987632184003209,0.004760915987524713,0.07373887399477103,0.004179230034348442,-0.006604671345178343,0.1912374141562205,-0.09028090351548297,0.021793749152321754,0.0321278710639184,0.053314269115159796,-0.036947062605888856,0.02276643930124145,0.019423551079715013,0.06719899318923513,-0.006337769078510026,-0.0507567840341246,0.019291583227228546,-0.08339198588885297,-0.03749121135700786,0.08208074577210109,0.01964495176947528,0.015496995424696458,0.010271717491928383,-0.053514878119229815,0.009569024909600802,-0.05599562510014974,-0.10844414636094209,-0.00938641922248206,0.014150391124576488,0.032427877780357536,0.035544703201874236,0.03877974896235988,-0.003212907523867628,0.04207963245918223,0.03961784067854308,0.034997822236840545,0.04588993355070407,0.012898970427476229,0.02707365493422107,0.02732371161662205,0.014968507693891976,0.008929233560996635,-0.012736237651029733,-0.046435772125168834,-0.02973411861378614,-0.055970703394871826,-0.11574947815591777,0.017606603829572524,0.037235516992942204,-0.04623404579527428,0.012249440188382962,0.02243469929823643,0.024524889399618836,0.028633285919774487,0.04469663902585634,-0.052014306580728926,0.006226775675513401
inferiortemporal-rh,-0.019501710960782938,0.011248637872082069,-0.03812734634642778,0.01075045697047296,0.020027259495818392,0.0019691619165214075,0.018071689099918443,-0.06307007328664724,-0.025060816006299464,-0.07566292920642337,-0.017034238541690342,-0.037754182480085864,-0.0266425458323623,0.06480114329142123,0.03996568469311387,0.04139673003005543,-0.00577177081995253,-0.0031446175498261114,0.04494054558254304,0.08871182728942363,-0.014239191729689066,-0.06251637456879766,0.008776067511927778,0.00435713240342306,-0.0462578483759015,-0.021742782621488436,-0.018144298427416806,-0.015069346167342663,-0.018658776169873853,-0.04324858681830996,-0.06468605748114092,0.005892298116984261,-0.010931975699891546,0.027880492896776788,-0.021571231975305503,0.06883549682616143,-0.08614289743892097,0.03359159759173079,-0.00015349839515769033,0.02941355166179152,0.0248849648293821,0.00659902273719916,0.07710574364689436,-0.010436906745220869,0.0009615278499393147,0.0036305541220356817,0.0009968700667734357,0.016917713697557544,-0.014478751990899624,0.07349278652282101,0.020318368706586223,-0.0005866730428676951,-0.05743619135176755,-0.03911887277966293,0.014070612307032252,-0.024621986174701564,0.007431564932779235,-0.03052777010867702,0.034048585280862805,-0.024607540616514968,-0.042643490359321044,0.08896432050073305,0.017829678592062838,0.022749770343898922,0.03457265219637121,-0.003906542707138252,-0.05022120880880348,0.0685145220022143
insula-lh,0.05823330823690387,-0.018684560503671104,-0.012514058803232059,-0.0004096371933296267,0.0067388752868270205,-0.013759391546223106,-0.023371793624851714,-0.01646493241431185,0.02891309309608921,0.005113386692350751,0.058653432281836025,0.02070025664372876,0.046956823189896524,0.007033442204051257,-0.04097945725453595,-0.0449863804891526,0.001384223575890788,0.05789985331147242,0.16961360856988597,-0.04183523662789278,-0.04645686954761609,-0.0612695027462855,-0.017190228516048765,-0.041059106643036296,0.017238249330566738,0.0008806090463071601,-0.0009739438671303915,-0.0003806554040267211,0.01304700816499069,0.017305799908329887,-0.015399360323502755,-0.0290746657548354,0.0066264187111885085,-0.026132138510174634,0.11984864183062516,0.02853914805230484,-0.07008431233429657,0.0367215976231328,0.007835716973610293,-0.0027874962738788198,0.055632460671994656,-0.0289880496177466,-0.005375538608604247,0.01413386424029379,0.003002014241611544,-0.026653185917028168,-0.041122137064034024,0.007283486862128825,0.01136364622027918,-0.024210367586818188,-0.009541695400464754,-0.036255015940288876,0.010985372889093731,0.029113786954302435,0.0488608427170112,-0.008626620775574878,0.0057308580272813,0.029853975900037952,-0.01970536395806042,-0.01907537769022648,-0.033146522653670636,0.010644195274186275,0.0637208393411737,-0.02969477555095332,-0.0035386857965773906,-0.022611884819896753,-0.09686548779803665,-0.07038439851336922
insula-rh,0.020029663734291624,0.019547057552811803,-0.04015752451359135,-0.021195800355277926,-0.0005722933308255392,-0.08786879705234399,-0.032390508578883426,-0.0015058771203155482,-0.01038462312504185,-0.0016334531306550952,0.09052141760962387,0.04092542004518733,0.009788045863245859,0.0106143877345204,0.010900392107363464,-0.028961960882366296,0.0320202900237012,0.09160105741848516,-0.04557315535525562,0.24843772299299913,-0.031962192925055866,-0.07431332534906755,-0.03196373184050249,-0.029094143986908377,0.035946334471801934,-0.09206633323582958,0.002920979398341762,-0.035352066211609086,0.05738517710765735,0.02474442493322374,-0.0455605053751802,0.020670304498669717,0.007800406690838439,-0.015417262400263356,0.06701026606648348,0.015132907703753768,-0.010223772441560629,0.05275260669277436,-0.021915365572685894,-0.01011761902933587,-0.042505238277452076,-0.007433154392615488,-0.004254494221765402,-0.032873342536632426,-0.012161798971561283,0.01893901841893275,-0.07539519804638703,-0.029373942956637294,0.008264112077836427,-0.031199842837276767,-0.011609817057050274,-0.02795799654922313,0.0009382564123066506,0.027193980878477738,-0.017161647124091052,0.030268576444660848,0.010158314972802857,0.03771852529147328,-0.00907734146830093,-0.03217539536566153,-0.02516454504598753,0.03052869162942557,0.014535075298603465,-0.030227417881112897,0.03669472181423393,-0.027702354029897864,-0.04306621451079572,0.05358191720047637
isthmuscingulate-lh,-0.02966102428934282,-0.039095042783978774,0.006869270560575769,-0.01441037595578823,0.008521672093689162,-0.016925874123063626,0.009192075250311295,-0.0013636852431097054,-0.027326847517895003,-0.006871618546986753,0.03705836943638303,0.0024723252554084323,0.022101970701260906,0.04767561948805775,0.04174017902925951,-0.021553860076107392,0.05576891671706907,-0.002259462049836164,-0.052639548794928,-0.0366590585832466,0.18498648852898314,-0.09177814173340677,0.01930168058414536,-0.025501715647971112,-0.05331362278604296,-0.017151957537345257,-0.046759031692523434,-0.03454367711038313,0.03485982138697344,0.025519747251271995,-0.04595118206101589,-0.04738679273093313,0.017320973955762403,-0.0009309557593537638,0.03494946855766925,0.10379645649103797,-0.055903366189665925,0.019652391806555973,-0.03252064817558134,-0.028385881545719374,-0.015264341905079049,-0.005378103588682179,-0.003137612672765719,0.03624562499985255,0.012203895772536246,-0.008196720261481608,0.001921740709602686,0.0007681956403001404,0.07147144575900352,-0.03421196631894458,0.013669527649012926,0.04226513123928484,0.004165365031436789,-0.012701525508447354,0.06962836677330768,0.01253677090638658,-0.06000250152902894,0.06678278552435571,0.055814226073395444,-0.04965041720256713,-0.06500004334407108,-0.030497667839419356,0.04990185290727573,0.0014906947292599,0.014958081161437766,-0.001921980988515932,-0.07007083619137221,-0.040684043686262696
isthmuscingulate-rh,-0.028765620445612282,-0.02528688276627468,-0.0014346735709308534,0.046931918718519296,0.008788753437041538,-0.002666393579041962,-0.002827877800187176,0.0014461022786377209,-0.016937119097257997,0.046959982331516735,0.06725998272235946,-0.010449547094033626,-0.03100970449048702,0.02522556375825471,-0.01752716545543159,-0.002765009386874764,-0.019840037624017693,-0.018618339946955196,-0.053898998970406106,-0.0564276823112655,-0.06581725003953263,0.10777273816359084,-0.020767834806568485,-0.03492858744568777,-0.05182899301383718,-0.02879589350448196,0.05707183093570544,0.12678269877836237,0.041998465538753575,0.030186711945390715,-0.03563085494200999,-0.04200692383959258,-0.013431145429814193,-0.02281916737752009,0.04056858610374487,0.041881468304972636,-0.07965031613341071,0.03185691236418047,-0.004179818228021855,-0.028148549874507833,-0.0316892150019879,-0.0116215090250741,0.01711461161936385,-0.010177802430650936,0.06315020179684071,0.0065702289901860425,-0.0007764970100123464,-0.013659672724992435,-0.014299309033060821,-0.02686314039586696,0.06413979292735204,0.05737469945581708,0.01058640991483651,-0.007339834778281389,0.07281471856310046,-0.009784334286113723,-0.06588374466182043,0.012217725682001634,0.11080601518355447,-0.01955252274197114,-0.03516017909990668,-0.019669212129545043,-0.00662548941069532,-0.012271230175809784,0.003485364755333572,-0.010886372254929817,-0.04234732948459031,-0.03792370245034587
lateraloccipital-lh,-0.020313995664817248,-0.025768838171886906,0.028922318054752344,-0.0009972951800566625,-0.002267574224455089,-0.03570954104349772,0.004938191751270328,0.007451409463917935,-0.08813476273439907,0.03001526819626005,0.011437216359804676,-0.004734742233011111,0.012630873365373588,0.02818751527309176,0.03803742203523553,0.01057084815887599,0.035984145727115356,0.02141070931039569,-0.0262020934961889,-0.03521048225197482,0.00489824643129656,-0.012068005531349695,0.0014996414730914388,-0.007799141721861314,-0.02874199566443001,-0.06019433368223371,0.016363590326997884,-0.004185439246662567,0.03659815214767775,0.025051107497727314,-0.06566089330259872,-0.0008667575604552691,-0.005978379576258639,0.010516960630182447,0.0370059666243745,-0.028468243210268564,-0.01921211699809431,0.025744222393359134,-0.04502515773187882,-0.02703904839097609,0.007806947551233941,0.0002702528450315293,0.029155669782155565,-0.0032785953075838968,0.03184924795447432,-0.0017303173263134436,-0.00033075567659803006,-0.0051779095889699445,0.04254221755331107,-0.004447549636714163,0.03268581487876059,0.005428247267906072,0.02127797236672293,-0.03399981678179427,0.06879648552883005,-0.023151888074723372,-0.009218545807005648,0.027970463467788153,0.032904808225108,-0.011344156156071058,-0.009251919075875142,-0.016756114758416898,0.013873238513434673,0.011923018192304532,-0.01939244936789335,0.02986673365879178,-0.05844904278974584,-0.0025070250415932275
lateraloccipital-rh,0.01733712419288898,-0.0035820055315809647,0.01269935799872129,0.0352081449391389,0.018043590079742485,-0.035581551832721686,0.027865142349171663,0.023836373631975313,-0.03838835881352111,0.03736390746013288,0.022916941746061147,0.008784360413138702,-0.020533810634655113,0.0019176139937577765,0.012411779741034606,0.0712413519080106,0.020903614202488454,0.014359508889891816,-0.02776069918601208,-0.0394448592232447,-0.024014295531329007,-0.03721145245579898,-0.010931858521593328,0.0961033746059932,-0.034691106416556206,-0.022007447623600622,0.00752498835621932,-0.00033150349352117935,0.0329567775239784,0.02387241029261762,-0.019349304280669864,-0.015405328666548927,-0.0033495404905106415,-0.006825018183706002,0.021845887776530473,-0.01799999321711435,-0.023583206344126705,0.031166623947857165,-0.0397303379120463,-0.05089761228317226,-0.0024273118870658038,-0.03210723503148763,-0.0007182590485876411,0.015096112032258583,0.006960084474676823,0.04294573200503762,0.03116452437897209,-0.042876718578394486,0.007320314188846219,-0.030717159839567562,-0.002775698411221028,-0.00038972577199744953,-0.010020419351710158,0.006264559068027842,0.03727956856955403,0.03517419774118496,-0.06890849990718029,0.05327348293324544,-0.008588524034609064,0.035517982960683404,-0.0195399163023022,-0.04134555588424068,-0.00474051549279835,-0.008748713523203482,0.030640840760392703,0.0008183535474737826,-0.04720417356058322,-0.048086909442725194
lateralorbitofrontal-lh,0.11574989184983599,0.017590419188148597,-0.008176997021692304,-0.009556487978814658,-0.005958169207303148,0.049630966848323466,-0.008921284215978771,-0.004921874598884988,0.03975643770737065,-0.0019286748453280114,0.022725659334960565,-0.017171527635658573,-0.008541593528147956,0.021325251428286125,0.003170502921830983,-0.049756190682099286,0.08409900602994298,0.016028575507131375,0.03877211715570396,0.02801038522111516,-0.04806063730311264,-0.0587511722018582,-0.01695533542261825,-0.03211491318331481,0.13895007681263544,-0.017594784957127532,-0.009174079496066917,-0.004445663608237599,-0.030927089935076688,-0.08637581058815307,0.08014105081054489,0.02083077812465497,-0.006461886233814701,0.015019710722475814,-0.006112524939062186,0.013848617791189573,-0.0014104882138723683,0.0031303301216794362,0.05038666395931615,0.021620480718496954,0.07281733076191534,-0.0027340633432528954,0.013435223321076162,0.004486050627469937,-0.03156760275763628,-0.05884981822119586,-0.05880895036501806,0.006988629351334357,-0.04935927477290714,-0.036969108946184076,-0.021028119396490186,-0.013149403605174338,-0.06169427171687893,-0.004664915651791056,-0.05135361978282417,-0.03092724423257044,0.07738973519585136,0.002309757945327637,-0.017819816054791524,-0.026483570491715805,0.025713351234719906,-0.012422555637917132,0.08275653072619743,-0.061824470891955474,-0.007627774956298244,-0.02062735128449705,-0.03658264207417728,-0.028871771438036632
lateralorbitofrontal-rh,0.006341902386949176,-0.021173562828535247,0.04215749622557082,0.04697245149067253,-0.015703760193585797,-0.03314435371558659,-0.03069266886097449,0.009804391022447909,-0.07349521865061635,-0.0073391727770863845,0.03287393053034388,-0.034233691696404285,0.02175926941876061,-0.03162327858482877,-0.040390220502044535,0.037381867446230635,0.011976064224678883,0.001004006915300792,0.01871415678902142,-0.05110658684871731,-0.008971356323063402,-0.019383971356478333,-0.025455833386101863,-0.0062436563196117175,-0.011784709586556764,0.1532291211337362,0.04938357846869985,0.022225824433745146,0.025953109756135226,-0.0068025017599465075,0.00665186817646851,-0.011698435631684193,-0.01243666755707345,0.035801509543574875,0.004385222208156466,-0.016900550069607462,-0.012898931789817875,0.038676244389252344,-0.028600531758686994,0.04964211377831525,-0.012278419737160411,-0.01742239336588041,0.0024516594397861135,-0.019644781440794908,-0.03054511190273457,-0.0252241529610778,-0.015293485721145647,0.058601581932781324,-0.0006739401651587613,-0.02634478861606766,-0.03324459741552142,2.1870243529594882e-05,-0.001165045067659903,0.09235039284170246,0.03077610713801003,0.03783926535219686,0.020667690259072505,0.06346017354829937,-0.009397246994611629,0.0035700182092710244,-0.035109596016362744,-0.011010946397578245,-0.00643761743773007,-0.009698176002328142,-0.01258394419485059,-0.021427320653560938,-0.07687937109196785,-0.06021229192350979
lingual-lh,-0.03211612185262809,0.03120188376805917,0.015971541699658833,0.010928858902637197,-2.135181907555162e-05,-0.011526639060257103,-0.03014143680360097,-0.04332885794413008,0.03173637693641788,0.018907311237176507,0.012829205758238314,-0.05786911237647429,-0.007731319886069946,0.0018877666364702987,0.04224471036833064,0.037109383787113655,-0.04077413591845593,-0.004218368823890681,-0.011279247945852925,0.0020732607472811796,-0.02207822602408818,-0.005592799162747274,-0.00047265246028980025,-0.0004182179608677345,-0.020267212042552295,-0.0024659538895357787,-0.035159156754117356,0.004167346715809085,0.06732380406499265,0.03240614177774066,-0.020319728006839163,0.03869937075057872,0.03405669335308718,0.0109821615368785,0.02812642351589342,0.030008439640907537,-0.08496209036924122,0.01964163450768708,-0.004497844688809305,-0.009640962173625681,0.003982933268603984,-0.008942440226520156,-0.0353611766345651,-0.021491797940916536,0.05513745528162481,0.0016257985825281149,0.02582790884480645,0.019463057179290023,-0.022460436119130706,0.002829911439263272,0.016351887226960102,0.007828159481490135,0.009032418413111285,-0.012504644732049632,0.08271488725138545,-0.03305908865309197,-0.025301695460832472,-0.004166520438369233,0.05963852017926298,-0.015714565769346996,-0.0786877615823745,0.02055876624553604,0.005017783729317235,-0.002625395177713881,0.02054769602520179,0.012849263871147765,-0.1036058424948288,-0.004905961531598562
lingual-rh,-0.014570830880467574,0.022257291026168143,0.024164658591553437,-0.007290820385231999,0.02918533585215165,-0.007956391301939324,-0.003333151268968662,-0.031185257545827263,-0.041091391285979155,0.047675486805872025,0.07002566281661167,0.02087487659423828,0.01335384723422377,0.09682490973231657,0.03731021342993856,-0.01343969468557572,0.011196122054720427,0.002375025604472273,-0.015904353290790207,-0.03289984683119531,-0.05422336189183003,0.04609319885441996,-0.021355437253162315,-0.01994851023316212,-0.00506438815349427,0.014557026392222071,-0.014787606812925312,0.0234127935160294,0.057233955053172365,0.03930065656285189,-0.03871301963099038,-0.06872829912746321,0.0016525055772843645,-0.016385343297451574,0.015607947993626827,0.03292786897271434,-0.08404540393587011,0.03113373180246158,-0.0032345194792801433,-0.020619991868134607,0.02734859947635057,0.006640382581543949,-0.012277982786058907,-0.02624174074078479,-0.0011869181749219896,0.02866796183808872,0.01278827262270584,-0.0019291314374201285,-0.024040059399996726,-0.06443689673188734,0.023638862843736286,0.004178303177429659,0.04297218579727576,0.005257691825483159,0.07536533565849067,0.0025040026723682266,-0.04490615112080757,0.02666944433860107,0.036442607761559886,-0.05836089816649487,-0.04451562658960566,-0.03588822298773786,0.031156963813565832,-0.0357115291907825,-0.008899859427056527,0.0021345660448449763,-0.062467088076174446,-0.027288570929625697
medialorbitofrontal-lh,-0.0642315082347732,0.023697158047456778,-0.04965542831870621,0.019958333933321814,0.024229444677825843,-0.051331502366780295,0.057675679966015685,-0.116467281169797,0.018321991811969262,-0.03694924169846721,-0.11356271137173372,-0.06755639197317685,-0.0029985648332349255,0.05151619636706126,0.028233306006349667,-0.0398483203485022,-0.029250236220672774,-0.07720376241401852,-0.014593272483236015,0.029098758415620478,0.030805897902472377,0.013795134387190117,0.03961352936438761,0.024098548541292224,-0.015477142667237665,-0.013845594680297137,0.048445016484042897,0.04042846484949223,0.06746312789351923,-0.007009537695459196,0.019403315279951885,0.06325061728674122,0.03939940102936944,0.043105901824390516,-0.09004032136510264,0.07949950864083244,-0.049712586172685855,-0.09192606141682609,-0.041714655229496654,0.007149246409891123,0.032750973539465225,0.04446002514138805,0.03746336423686996,0.0719967345649424,0.01609171749123583,-0.015923511031376136,-0.016170027329698817,0.02051102789829249,-0.011157765697303512,0.019049840413785872,0.05003875985505485,0.04488078031566365,-0.025444009862375407,-0.07127384754431272,0.038161863976556396,-0.03521938249815846,0.06651013016348317,-0.044318258236606387,0.019242344024155266,0.015545551969270694,-0.062382856990644504,-0.028538341904343976,0.061412471571660604,0.017066139683237325,-0.033210021137098415,0.03331722643734653,0.006949614062279288,-0.04762500157175921
medialorbitofrontal-rh,-0.0444181416633395,0.012703685511849389,0.011380545795648553,0.015395147068809735,0.0674070303262891,-0.03897535542792173,0.0431701787550745,-0.018203112339100342,-0.000316164446189494,0.0032038634525795875,0.0049208547780679205,-0.05000750749798224,-0.012315148034273853,0.017607529277006102,-0.024358450206039873,0.016956467221463104,0.013956741784499129,-0.07027705515120368,-0.0015166718880416515,0.006421120766589014,0.011396996913963998,0.006211407580289893,0.03309091920239252,0.01602458311245487,-0.11331097503142025,-0.07391414856125088,0.029387999764060996,0.019620422046208688,0.05871227892221736,0.2092339581700325,-0.020327301891876502,0.021015768828533565,0.015959954439362007,0.027330075422908832,-0.0673140457383825,0.054220034120268795,-0.036395241166722256,-0.0445738856467284,-0.0666948877257232,-0.02901313002326564,-0.014162018789101713,0.0010163856267357654,0.058182750942065105,0.02262000976694237,0.001798153338578012,-0.005168146023136955,-0.011679698882684999,0.011095645179417739,-0.007002272556236809,0.011833561393707854,0.058732170293725475,0.03473816280199632,-0.024373534889681324,-0.04726088498734344,-0.04513366113332094,0.04186740652618589,-0.008327962553002277,-0.010203289589745833,-0.0032934463629396282,0.03180022339054783,-0.06827698505391729,-0.03928269202137999,0.05444341161809673,0.00999506015933649,-0.01820642394094832,0.013287933429410372,-0.017594756806246392,-0.03484144169816824
middletemporal-lh,0.14880675457665757,-0.018985631665879917,-0.016707209354862914,-0.029403299344861064,-0.0578703251849619,0.0907606174160505,-0.05104535828551187,-0.0038945500328221574,0.11529095385010306,-0.020845949183310394,0.012973035029840447,-0.01172467145509737,-0.040106690126267816,-0.026838695814189028,-0.04730259796584585,-0.06516948495308145,0.05788599197002249,0.010313686876564513,0.02909698598009531,-0.019351490789686752,-0.056308530674868344,-0.02277844635720901,-0.0848997865999955,-0.017474452603202753,0.13148184763919632,0.012538678195804936,-0.0014768887959952712,-0.03430162166866466,0.013925961356190385,-0.016036292952951812,0.495996388393188,-0.035918407334746834,-0.036709380315780624,-0.06401398929223359,-0.07178157622949886,-0.026482088132811926,0.07253651905663291,0.02424306913654528,0.11900937757347083,-0.0030444497121259414,0.0416646723791635,-0.0018897577340640345,-0.08569629325916386,-0.06237934342295197,-0.06585461013718653,-0.05422400480497732,-0.0314189015816356,-0.027694196164328406,-0.058884700624982834,-0.03025754485691438,-0.049346812466167705,-0.04574865211089957,-0.024137625744953654,-0.0022682824070951574,0.006498920082039031,-0.03974698142332997,0.016691767252133616,0.007786209712373271,-0.025849296479326964,-0.041496636460442174,0.15335905030851074,-0.02307449338640725,0.0037335326054744504,-0.048955910893912324,0.06815447330774387,-0.036709380315780624,-0.06846684314205567,0.07182363954523865
middletemporal-rh,0.0022702499884966407,-0.012086647606809995,0.049590446141680636,-0.008717975773193973,0.0030299938313679193,0.00232321880002836,-0.02339246609474881,-0.038334769770625395,-0.0985228237859063,0.0375677217103988,0.029339406592351985,0.010808429145629744,-0.016318530299720316,-0.017280671713995204,-0.0370032264631435,0.042536138524907306,0.005410776769903773,-0.015194276596241554,-0.032637602265717054,-0.012036046981170143,-0.06068984017171805,-0.049499125080972796,0.012021474142616286,-0.02282627418386476,0.02624991411875739,-0.022244298748066216,0.0427559528009375,-0.07788327930103978,0.06250028388663938,0.027911790792721974,-0.036930758162547137,0.10877962176534102,-0.017354094657953924,-0.012424811493368496,0.030836135632243064,-0.03417386157085157,-0.06830989198902952,0.06652506255381524,0.07528605601075355,0.005522665153360344,0.03637193653718902,0.024938105942151057,0.012549417276520237,-0.01051535888175356,0.015616638141851984,-0.003548235256807046,0.01575713415187707,0.008083651953101269,-0.016029700273021825,-0.0028160156547135827,-0.006399314896116006,-0.017237585426627716,0.030091912203963535,0.020254916737649807,0.0550752963688201,0.03280046383993551,-0.02590817687006374,0.034171603702655796,-0.024314019432121282,-0.03989335745775222,-0.052775500640744696,0.02621612009643103,-0.035469718099634506,0.012820828400312654,-0.022330148821221404,0.08227462779196996,-0.05302598092044596,-0.024163606164671995
paracentral-lh,-0.006818781451440173,0.03906203163313324,0.03230852847468804,0.022500786082775486,0.04158507978620833,-0.020053719423742438,-0.026524799458854074,-0.035080118765327045,-0.06084011270171759,0.03745137970099576,0.024963474930617745,0.013658841231827125,0.056458885850915005,0.01013079474185064,-0.035056701773171106,-0.031170350763453075,0.01594827302341322,-0.02700892248194349,0.002423312281227349,0.005693772817197292,0.0324782449250323,-0.022774153489276572,-0.017383864126492083,-0.014938420191185048,-0.0025435815080192543,-0.021815132596529473,0.04685433287489452,-0.019108295974037078,0.042683392103120485,0.025158872758187782,-0.03702976289984451,-0.013851753893304078,0.18591399829093327,-0.14153994112068313,0.003788790461957886,-0.0046824628590069195,-0.017908248231867284,0.027103201353242127,-0.030349539367087668,-0.019232163053374413,-0.01344251114632524,-0.00031247679016937926,0.011275901599040536,-0.08133779181261105,0.1033671470219712,-0.03358727339906116,0.020977089675567426,-0.0520856306298166,0.09213213401085459,-0.01650304419848219,0.021365160957181023,-0.05049200412479807,0.030882044192938454,0.012179661160019388,0.03251931163492064,0.018899629835578857,-0.09442618435334416,-0.030548428183621548,0.021247624357411753,-0.013180314750955047,-0.04688766865006078,0.024907976742702835,0.03050371165295301,0.028233071104802894,-0.023950617153977904,0.0038319765449073197,-0.04636863084281767,-0.00965503164667017
paracentral-rh,0.007184866706696047,-0.021193350872544713,0.07778267203569701,0.06386742436741116,-0.01019081323649448,0.004759097557875369,-0.07031527922641387,0.014744786911708822,-0.07615341784122132,0.03630013938721933,0.02532064549422993,0.014965504331372552,-0.05126088288402533,-0.06418400163738815,-0.013357437585414926,0.03394000007775512,-0.02520344438333487,0.017967884726765252,-0.04462878820763299,-0.022682902358799564,-0.0007835919929545406,-0.03687219110675711,0.0063965324024476454,-0.04526961858308313,0.021893591911033825,0.023196246865286638,-0.017636023930469532,-0.06072416480232014,0.045014480878631,0.03271134518542022,-0.07293592086168958,-0.035422467495649805,-0.12550811688602512,0.07317863226012458,-0.00445257108155491,-0.007173548121342928,-0.033914231475408216,0.0428391370967193,0.008782633844013638,0.03332403877658572,-0.01261623137079587,0.059532034599317156,-0.04091216150003496,-0.05164269544066094,-0.010929249779487431,-0.0051724948447361046,0.03817147006824779,-0.0031450569017044874,0.0731037706792969,0.14771886441852944,0.01760052190253407,0.02318475666156258,0.04555909388563272,0.04618634408299389,0.03318392030926588,0.04011638872479583,-0.077194455785047,-0.03111211503209618,-0.0011606400423229747,0.02252520103287971,-0.012471592536936891,-0.0167336509102896,-0.05149365385954935,0.07471830074230006,-0.04292410840217169,0.024275086330097048,-0.025381459930756696,-0.007293083347330923
parahippocampal-lh,-0.09762055631137426,0.016649435279080485,-0.0256616632614132,0.021777383497267287,0.0050456881624601135,-0.0009422135679090158,0.030412150940552888,-0.0350469297245553,0.08868352286409222,0.025024410465586972,-0.0131926683783557,-0.019538358596429158,-0.0301054042432923,0.017142641360156335,0.044842125872589705,-0.01847499773468829,-0.03088458800666786,-0.057026484349575454,0.06568205012533508,0.044454250286985915,0.029488937564309634,0.026856303060915233,0.015582851934016062,0.016720298151559027,-0.018201687661207784,-0.005231106774557558,-0.019837069851952747,0.006954734679969795,-0.029089388722208606,-0.07251889419856192,-0.06170425482352805,0.036145039168791,0.026875928692862143,0.016564316765818897,-0.007279773062327692,0.02638615031770207,-0.03241396295601154,-0.04612703918142054,-0.03699489524080944,0.010224910268070013,0.03259519893622885,0.015450336774449234,0.015038987633293865,0.021918180854307048,0.03784211029351573,0.031497370451494436,0.05615542927240284,0.034314145812036914,0.004384768804120542,0.02962752633535661,0.057605089903414175,0.036307670743770455,-0.019462438452927333,-0.06984354163534033,-0.026955691873716447,-0.01978323556837871,-0.034351484108195836,-0.06592827081663864,0.025811917959579128,0.0023263666588490815,-0.05978441701804255,-0.01139966302113262,0.041494737727281704,-0.011948276758989749,0.005915697581662668,0.021994100997808887,-0.03506936495151515,-0.029374445345969287
parahippocampal-rh,-0.0336919616942332,-0.009657943992718587,0.030127316637458948,-0.024844465914809672,0.009256135303721911,-0.02887218095041669,-0.021169912250840573,-0.06549997382378848,-0.05171416879997425,0.008712299193900522,0.057218413199475404,-0.01214642078134907,0.006282837199867088,-0.054775139339054875,0.016909988785843145,0.046850155882781325,0.019565347256007413,0.042685398746036864,0.01012855216098588,0.0013534988061282619,0.10881842004311497,-0.023105765225639754,-0.0448365975983183,-0.02168095650397568,0.014211179465781973,-0.04700420443579653,0.022357502420206087,0.004600556017479123,0.07453912835296479,0.05318936562433473,-0.04383349114831897,-0.03350343497966657,5.760555115084993e-05,0.0030431833664399436,0.03366732789803554,0.020686021904736503,-0.012484256100013056,0.020675848550755944,-0.02941517284403699,-0.02271417986040199,0.017469644207567026,0.0013862060647743843,-0.005406062449992775,-0.05219972137999238,0.007972097196896077,-0.005875975502236281,0.0015406324442547303,-0.0006359807492829088,0.03354389583142164,0.0012977275391818453,0.06319681734120938,-0.01735534871103218,0.030281743016939294,-0.005084761162268251,0.0795553048369203,-0.0037378407827709805,-0.042998770471282505,0.02784546201062875,0.029682627061406435,-0.01943059326369843,-0.0020025860810634327,-0.035886741724570265,-0.030482317016033458,0.01136972194586776,-0.0035266119839748884,-0.0017699872600959983,-0.08430438101931055,-0.01843005606331623
parsopercularis-lh,0.1476044030854411,-0.055081292229824504,-0.04497714704567305,-0.012990856588793882,0.005109208166253602,0.24507099551142653,-0.06012676941025697,0.01296084587757098,-0.004782046446384025,0.06814443419085087,0.011687572290220886,-0.08207290496161569,0.021626637144605023,0.024271971568854973,-0.03148425756868504,-0.06962620237432807,-0.030038009603030373,-0.014333629961374593,-0.06547905103132853,0.028184056079626933,-0.07716694759276492,-0.1297386235593149,-0.01635551541464085,-0.02483978929852685,0.13656392983648805,0.0040804522512154105,-0.1292266266257943,-0.09795442608397975,-0.003598038909716157,-0.005668921805726606,0.13061811145335922,-0.08794859177902829,-0.03300955362726314,-0.048048840796598456,0.03278545117670905,-0.027063653503783244,0.047804390379005884,0.0007720531361643012,0.12486995262068254,0.020316961578328845,0.11152732715534582,-0.029454452613557006,0.0061802323272358494,0.00403603226813106,0.015795509993155165,-0.09294558906764826,-0.016712671083787912,-0.03309878718874253,0.02121535673985698,-0.04140437252644027,-0.0012949051883068597,-0.04939752968734538,-0.027872999692169078,0.06333727979880728,0.09087215980449882,-0.0372808962931742,0.032819853517629116,0.0006303122633470987,0.01951367493667718,-0.04122590540348148,0.05620331926580969,-0.015412515681691273,-0.030936589352895606,-0.0732142447495149,0.004049862942469502,0.005396150529333376,-0.04438115538289496,0.19219581224098067
parsopercularis-rh,-0.07468473827214427,0.08243765916858121,-0.04206042726995535,0.011954705376643594,0.0762084026219964,-0.10993938199723287,0.032134139059845634,-0.08801209535719062,0.026919945642198108,0.0015983220411371582,-0.10329879948852959,-0.02301021901217022,0.06347415233424152,0.050673936860915765,0.030217421279082265,0.01837106185540215,-0.05005483462944647,-0.010808271594340528,0.029812883765058085,0.03132637891061574,0.010370555666551304,0.03003782760181718,0.029810882634026228,0.03447040686445053,-0.08446934677856377,0.010262495020236628,0.009780546274929748,0.02630407078608587,-0.08765222034004444,-0.1058909132055414,-0.027792226059764773,0.08094208540980029,0.029126915403861264,0.05247464850724788,-0.11453253531959796,0.032499360497385756,-0.05237305781062986,0.0420403730290019,-0.07139164281943157,0.018027077814489135,-0.025390993976691426,0.03139956927565427,0.05935215274708895,0.04317780422496476,-0.010011270988366884,0.030459568150087785,0.02751358421942794,0.04714373060263881,0.014278556918348562,0.05571851391036095,0.06837654319860424,0.02534302165728947,-0.06260089073523659,-0.04366118348800588,-0.055211944510392276,-0.08023405913013955,0.01609140429785558,-0.1051843053844083,0.03338512558338129,0.028411485038598375,-0.005962962856276885,-0.000405376282394056,0.028744928754880023,0.05703211837398683,-0.06344965828274567,0.11020180143904562,0.00752575193309733,-0.04734855916167094
parsorbitalis-lh,0.11985688590328991,0.012610567201308426,0.015277063406247777,0.039201870934773134,-0.009733347431512586,0.06353949084963284,-0.08150787729174225,0.011114992889051994,0.01680526601703151,0.05095597270563405,0.0009867371423286063,-0.02232381808215807,-0.010945791956839566,0.04919680356478715,-0.024192813536998186,-0.058981938621820676,0.027063961344047607,0.0754337116816319,0.03960958656340108,0.005812810364442378,-0.03178557417699855,-0.003936357307056938,-0.046982212166304056,-0.04049072890012561,0.09914515294542367,-0.08628759545726496,0.017889891894530767,-0.0007809516206652183,-0.054406337638149026,-0.047168080386310124,0.07842810399598002,0.05571056088012919,-0.026820806011804223,0.009179136311574583,-0.00938266603635688,-0.023082647233712405,0.029994882400993537,-0.02420998542380249,0.20562831308990745,0.018097075669506926,0.0426173250223023,-0.06166281791268776,-0.03578206315756287,-0.026391568481535954,-0.030765754915360155,-0.06911387608769083,-0.01156972596841939,0.021466706471520717,-0.030301672687317673,-0.02760992250585061,-0.037614889365475836,-0.031145702338360674,-0.07688264996709168,0.005835067628359087,-0.05980344674958788,-0.028299106641655976,0.01767852272077273,0.003250455761833119,-0.018972818585307645,-0.022499894142012294,0.07897795421737594,-0.0002907565652065353,0.043395969257426004,-0.04557018347221306,-0.05205834344285559,0.008632984594572306,-0.014529700308111126,0.02049059914410863
parsorbitalis-rh,-0.0015022840892542706,-0.011826763243229605,0.05524299350778215,0.0854979653685954,0.026723392385469443,0.0033509287563515296,-0.06944762913559326,0.028126772648706715,-0.02952135373474768,0.01707533421442052,0.0022572567557614894,-0.0010019492474653178,0.0419233563422139,-0.004615223353023058,-0.01190077307817236,-0.002776913896185162,0.02246429572515103,0.04425375629631738,0.007405419538126514,0.007946129453330637,-0.016332057571006805,-0.014819192170757257,-0.02124507626621917,-0.07030729476528065,-0.018778510495598952,0.016078401551786782,0.012039744673069853,-0.005367577274796269,0.011179745332532085,-0.024577065295383806,-0.049010094372735305,0.026962576081521708,-0.00931130697502158,0.046918488738908436,0.020251259266370534,0.0021961656904070518,-0.018380174388156874,0.02132229277622538,-0.06185497754932944,0.45248719721579006,0.006492294278365245,-0.004481648722457312,-0.005513982242541644,-0.014621497107751071,-0.023041313053966575,-0.04399491373597534,-0.008027043137534788,0.03658565654566695,-2.7064678354637718e-05,0.0014836311870818533,-0.023586587877198632,0.014207537465222589,-0.023645672284767633,-0.014415557370048411,-0.06184554404808892,-0.06492690401347494,0.013518223021794321,0.01833114143782357,-0.011586995511132925,-0.039249851676101455,0.016993667965283853,-0.009336226275182295,-0.026647848492225196,-0.06794514923360287,-0.08231284479739763,0.029020328081695,-0.02774728103171504,-0.0928058101102979
parstriangularis-lh,0.0540903315910262,0.012849745591804376,-0.031042296644002192,-0.08451874672691236,0.023148976237940228,-0.027878679977900143,-0.02072670164223705,0.01778962222211064,0.016996659516667307,0.07916548441157639,0.08695579267998396,0.047616639420377686,0.043382854705006996,0.03510862054484131,-0.001955330171396174,0.03478560240959883,0.05703840243494468,0.04363044390035793,0.0587470959481847,-0.059577051778984556,-0.024432451379325405,-0.04148317529845312,0.019223694053087336,-0.008125664753658227,-0.0021459764557230283,-0.016626937071838942,0.02057111736003221,0.042263956090757206,0.03526320283232495,0.01145213827064415,-0.013270519418328592,0.024573615760330656,-0.009169134543056283,-0.007719511741505723,0.07244531070626968,0.01637165338592936,0.015449553204161841,-0.013061605414241149,-0.001220279512497191,-0.00012072925776959346,-0.04496669294500815,-0.022690033169017732,-0.003965866634119982,0.007524512146077164,0.006108018568758419,-0.04007180428227307,-0.06496818735082312,-0.07380081298595066,-0.0018237041656707339,-0.06113268245422445,-0.04266570439394373,-0.040033552496902554,0.018880820411126265,0.023201871504357274,-0.010475945808438586,-0.031152998290992023,0.02793466027424314,0.002437942166781401,-0.02190435871792987,-0.006237104932900465,-0.01687360767248742,-0.05459794890144485,0.04252759762504596,-0.05800063589714842,0.006847773991093225,0.009086562680503138,-0.002361633440863188,-0.05267220631797593
parstriangularis-rh,-0.008686337530571447,0.034234304007846494,0.07971899285542142,0.05343969170812731,0.031622475334307475,-0.03868876996148815,0.0218448740684414,-0.012803639326625905,-0.03375274965141666,0.017791498565905128,0.014536401975275733,-0.04111908409379379,-0.013018580346697183,-0.011421030956911228,-0.030180541542537624,-0.0007885821637000501,0.018236866392259916,0.0035962262427625172,-0.034353838124548196,-0.017943277484142768,-0.004015046502904534,-0.03394446698453627,-0.004124832576295311,-0.057318479364941666,0.01913386959755702,-0.06674531525943256,-0.031203081512280878,0.0026520660116018113,0.04476732586341785,0.01741777441242138,0.026863565813046743,0.046933012517459356,-0.0018305499157921718,0.08427909551494592,0.0017751254471004402,0.005469118435618677,-0.016912330736875515,0.08181577590163754,-0.03688776582495951,0.05094721003370775,-0.027425340728284977,-0.09287795164548998,0.0378459550078565,0.006856955527532604,-0.020703968413220013,0.07983472054759191,0.007709100520387517,0.04892111986956615,0.006210275423991818,-0.025145790182237948,-0.009831582664630495,-0.02668422451508753,0.011412950113195075,0.023409543798244527,-0.0011600382774798923,-0.04568470764186036,-0.006200235732808289,0.04324978939347148,0.0010966552905990194,-0.0033840422969057195,-0.08400931437559347,-0.026334226580017113,-0.013252151189967764,0.12382041094573754,-0.00222237083816878,0.0685550245781958,-0.08942237699629131,-0.14592114977673667
pericalcarine-lh,-0.010173557441120659,0.0026475062890825847,0.04029947043441052,0.005618923059314436,-0.002167983692633975,-0.004020850958400593,0.04195088457891582,-0.00025857799746630493,-0.037307537257826394,0.04750959644202208,0.01635685048006637,-0.0024227119517548318,-0.05462958441146148,-0.02202352469228636,-0.002569223129259364,0.015405869253980894,0.018466664564583343,0.06715439637201673,-0.01412468471583367,-0.02034983381172898,-0.005800533799164722,-0.010378377200782978,0.001858821404537117,-0.020332224879738386,0.024037437687908246,-0.0016134704872136716,-0.11230660360894637,-0.04539186407753563,0.04506034703941258,0.056116918318072376,-0.07496311046666694,0.022886181516909625,0.0072356479920097135,-0.01973685184762622,0.012053696424646588,-0.017678349440869604,-0.02530563307751761,0.05765876043927459,-0.04074044710286299,-0.00794987795055083,-0.0037279164465680845,0.039019660841285074,0.18433210833333658,-0.03002051761113217,0.010137642081386615,-0.002281086198393603,-0.03222565786204307,0.005164033231396619,0.02069484176745117,-0.021445093382013395,0.02731605731455087,0.011674491915076534,0.021116697760996398,0.012150493442210435,0.049512296387528104,0.051828193501858806,-0.019824692480073614,0.021668911859446104,0.010173843868234483,0.0025760982275412955,-0.07321233873637105,-0.029816913819115796,-0.04325630641896509,-0.01146998060510363,-0.005704164867143838,0.0026601304294505564,-0.10017422583031053,-0.026939165002430716
pericalcarine-rh,0.036726231781335994,-0.0017579824835554797,0.03478690075955466,0.007102272406572769,0.015703180727058553,-0.02450611106756901,0.015718759035832922,0.08494832247537772,-0.0776196703860653,-0.00395076053946414,0.018622512089208416,-0.008653929169290796,-0.04360992338492966,-0.023708991507076803,-0.008836376761676932,0.01233485373026982,-0.0057661219810345825,-0.023961293805770233,0.006171750515819376,-0.023249062427700657,-0.015034558479052666,-0.03505668291195501,0.003948294336782091,0.030230414570772232,0.02393055553808915,-0.03839329387047588,-0.023275506016629942,-0.012659213623090275,0.07618540445734394,0.030547468874281017,-0.061785122839561994,-0.016569482763345255,-0.050244866644517876,-0.03061157612692276,0.012984053882049278,-0.056169907110147764,-0.01755275042835581,0.03385125272734451,-0.026769804103451696,-0.02753018996826367,-0.0012327575233609892,0.024241422719380804,-0.0042103675955943495,0.19839685327530404,0.08420946587228417,-0.010559819381279718,-0.014486898311384737,-0.012438280213722671,0.034892993375468674,-0.029114013581143044,-0.011722719540115122,-0.039852350191871284,0.03325920674964881,0.013209088154669786,0.0988736437383553,0.02949639988774538,-0.05587369724628424,0.021039645082257245,0.06628755463174321,-0.0855324807063902,-0.030244683629515167,-0.013872390400345049,-0.0016078843340814547,-0.016371510563488265,0.01717443476904269,-0.005785116455769915,-0.03883258388120377,-0.03586220420813836
postcentral-lh,-0.024666434881110467,0.007191880312683469,0.026555394850425403,0.0008802220279704907,0.08832248123717502,-0.019184020680769083,-0.010805694701088699,0.03516487054376229,-0.0336144086000247,0.031867726016693396,-0.002858331119770425,0.001551104174700688,-0.01657156929415459,0.032578196943344184,-0.01683969090124536,0.02056900191586912,0.028969819521509742,0.015234294488986394,-0.027336935313278663,-0.027364309472401965,-0.020114111425813114,0.06130996719938784,0.0004799171405543254,-0.005826216256455987,-0.04957888379704868,-0.06082707271546305,0.06923691753266255,0.003298359088778984,0.014829386229276221,0.011105974887028306,-0.06287742653779829,0.015249159376090757,0.06122356609929887,-0.0046489652487384766,0.05211838156484774,0.0008972762450032979,-0.00876258050834564,0.011971761508152559,-0.02788092700962535,-0.03086484966648757,0.0014794838572874589,-0.017585078940226803,0.011040498695969365,0.06504076893297363,-0.15583174622162582,-0.0069729579017633395,0.013438725620903723,-0.009936659558608894,0.06572247457632034,-0.003051667550164439,0.022197201579367574,-0.013463101010696822,-0.009296916609034313,-0.03664202222063239,0.01251301590177354,0.02920336926852288,-0.07443106243902765,0.04467441953130705,0.01394826126487487,-0.011577450232497987,-0.03715644998557072,0.012123091711216453,0.054051701576454426,-0.015961342483370517,0.026864509362336766,-0.042048858375144695,-0.05751271330303141,-0.020812725822493848
postcentral-rh,0.0006960892616561345,-0.017405240560821635,0.02591891685135098,-0.003506614315038892,-0.008458283946393913,-0.07495012918194709,-0.0391946363939165,0.005787248108941321,-0.06479103020546988,0.003907693236766332,-0.06047811824928296,-0.006343878404079068,-0.023436227749384565,-0.03245559474587408,-0.01672146251026203,0.048796761829934365,0.03279265145902067,0.010871366794499815,-0.015138451949743795,0.007971937806897741,-0.00851110555909901,0.017284616567834057,-0.0034964479669372436,0.041896382678581714,-0.07017046087005319,-0.04614157091648254,0.018718017426331893,0.026317114557666464,-0.00915216912634882,0.005352271760134232,-0.05478750953317122,-0.0009740541208433382,0.0014948361723567942,0.08048365229689698,0.033997437639458616,0.012446710689424914,-0.06684209799132065,0.03605291686871033,-0.04518805412703603,-0.03968358325823133,-0.026016552716419686,0.05255004281406514,0.005786100949996477,-0.016100886373990042,-0.003755561689302068,-0.02892484692647431,0.0049801319173578594,-0.033303675457032084,0.07911689959735416,0.1406602845617331,-0.008017615447614387,0.011053589898384801,0.01795720082887708,-0.005148155018904626,-0.02791134690120835,0.0119856172583724,0.006762117973623419,0.0204452809537667,-0.005899240493625646,0.05974173453938039,-0.02545639780928665,0.009055827836593429,0.004963001518952731,0.06169046699038378,-0.013589043432876296,0.04933803309492855,-0.056360515030698104,0.01143760623893676
posteriorcingulate-lh,-0.0020770307207026092,-0.011956503848388046,-0.029026268627483594,0.055324645024979496,0.025654922908650162,-0.031931035112022235,-0.01025063334671462,-0.010434702836389868,0.008690225748446028,0.028471308615488675,0.0048791178647235095,-0.0027823560947498236,0.006834110502285025,0.0014394535804179108,0.021490438122405683,-0.004430228129025773,0.02520753596703381,0.00577016179404731,-0.07215511627159947,-0.08453705850196927,0.006912570305861432,-0.016188668994174094,-0.003626579401062472,0.014833568410172122,-0.08362809138670893,-0.04721768279454882,0.015486711709575905,0.01941266774918224,-0.03077460825717802,-0.007911217283467303,-0.03893728696780958,0.01544976103074598,0.020710795422469185,0.04819870698443063,0.06813010795159509,0.009315932653754034,-0.012007282057649386,0.022106341157579045,-0.007519284453993297,-0.013584713431213362,-0.04811195222304061,0.010868087358577243,-0.04375145191950923,-0.01925061153276232,0.001209912621932223,-0.004855850042018571,0.3318095165938661,0.001324760424840681,0.03652760208843535,0.012299808307704085,0.03686588803227512,0.019812442748497756,0.009465364106235575,0.01265621024733133,-0.026500416768903697,0.004022658945398673,-0.04015690317075123,-0.01171304095179774,-0.01248126104687713,-0.0331027356638358,-0.04598475899976929,-0.07269819749337732,0.02227955721075884,0.003264440021916344,0.061696223876171775,0.007191423939018157,-0.04419855791773855,-0.07183089377957051
posteriorcingulate-rh,-0.0037434058793271176,-0.035839198645575686,0.03362418310766727,0.15965720864879468,0.006596233757807356,-0.030328549542411876,-0.03708817694051738,-0.008239715523188789,-0.045341355257144104,0.017806834087774323,0.024028423565389055,0.015442545326167232,-0.011219918199297739,-0.01972902048018674,0.015732322204047428,-0.00974500908746474,0.04133714974293443,0.017138439444340424,0.004861962058606101,-0.048741590235261166,3.116817137667847e-05,-0.026651171509475137,-0.00524354972426127,-0.06775801352834204,0.007951155826496959,0.044199878477024626,0.036746325738940995,-0.013600081657837453,0.01612317335426719,0.016875809128451772,-0.021679992434389627,0.003904493108341476,-0.018260361123373845,0.028272341879252868,0.030217835126810637,-0.0017452946063962946,-0.020507646632127806,0.03944353418828384,0.03038513796854005,0.02806926010127053,-0.062141612987638366,0.0402780644812587,-0.0017905159366770188,-0.022270677775347174,-0.003283468657914858,-0.05359884639938775,0.006730135987944151,0.18865722698926052,0.0005351083222511962,-0.06708633100545679,-0.024467183863081672,0.03413412208953689,0.01497615257596833,0.028052327535497357,0.0044138729848145816,0.01950374885753212,-0.05035086368804835,0.01985344729243554,0.014313956377739228,-0.027960794083420455,-0.07831880971174802,-0.0557261259336975,-0.005511281534282405,-0.02458050363683048,0.024506225578273158,0.016652424436545295,-0.09182588541652896,-0.036677276885004426
precentral-lh,0.011611193322156012,0.009845360615636246,0.017962277779253636,-0.013421322599011229,0.047865350096604066,-0.007344041260054817,-0.017909684041962134,0.010122936193703412,-0.02742949893001615,0.026351035514729348,0.0013701490629267309,-0.01695127233523708,0.00788288500312138,0.05042607355150175,-0.009724600083484275,0.019628373110203556,0.01001683288474237,-0.02357832972768308,-0.01914723683740684,-0.00812134123638897,0.021971956874132035,-0.05081552999149663,0.04818894645814903,-0.017312532501194956,-0.07337317303789512,-0.03640540772378695,-0.02666242831767113,-0.04519667275110756,-0.0015339322098882533,-0.011819646373764498,-0.09724103851089966,-0.04982310425223788,0.05086384415698442,0.047342859386826815,0.027435873341927933,0.013222676189697961,-0.004917920389284576,0.02548111530277501,-0.03909242434053991,-0.017494066037984934,-0.015595944863184424,0.003457166097866697,0.023737144509755562,0.010932228614954105,0.06819527754471243,0.04732361561157895,0.03094235479331256,-0.0059164117681509325,0.02227469700960358,0.030207713703254906,-0.0140568048280087,-0.022318248134920678,-0.012371506688480803,0.002161670254530754,0.031402711146721086,0.017244050401715564,-0.008293605736531547,-0.013695942718957575,-0.04004394579445307,-0.01608950299721998,-0.04334011886269296,-0.0008441177325881287,0.056140198532275615,0.014042710039042354,0.0015431878639616883,0.020584711943896602,-0.0032993734496240775,-0.01659844984844457
precentral-rh,-0.0010311856189555678,0.04166511565018827,-0.00018973840170940996,-0.011494206780374367,0.0034623649410122736,-0.03827142826617026,-0.0827375597821423,-0.006470125964838247,-0.056956066841898426,0.07106321768651239,0.018269097536020372,0.019282136419347964,-0.028044345645613426,0.05017323959996379,-0.04707805331616975,0.02702101597093108,0.008440245617395823,0.0718212977222597,-0.036135181413500486,-0.03934881402427837,-0.01944712364016499,-0.036042551900228426,-0.00018943482026666738,-0.04695797756225858,-0.04451286447153429,-0.04561466065585418,0.003024197790511217,-0.05740167483551633,0.020569191630212005,0.020700846847724656,-0.021132105971518562,0.014782396515272115,0.004402779708590055,0.19003628945120926,0.021027630586440173,0.00477686639251542,-0.02931264695796401,0.04800237207174293,-0.024597469553720292,-0.005807674083552463,-0.05174824490703185,0.0022685464063057735,-0.018383745997200218,-0.03170954635915024,0.007932985808744129,0.13904931528284328,-0.0017564292945703136,-0.03428988329822421,0.040670260675726565,0.170760137923161,-0.04140704664170488,0.0008001043811773569,0.009126804343450621,-0.009080337796093216,-0.015883207608788027,-0.014383180722535879,-0.022858505485416715,-0.02185476610710025,-0.031027429835022796,0.005401773303536409,-0.017635461109635833,0.0003483442166893705,-0.0227802248419686,0.03350366931693688,-0.00016232933430818786,0.03158897496206724,-0.025459151403455692,-0.04077883750805168
precuneus-lh,-0.019851093569083263,-0.03239644932352465,0.029243665508924297,0.043013378711400166,0.010205709995018129,-0.01464451044835275,-0.013362160624380132,0.011395144614659862,-0.030151075787690003,-0.02347243327810632,0.08666220683653042,0.017396176300700696,0.03495589968206005,0.03235076305385859,-0.011057758547533776,-0.03277243111034171,0.018903619591672135,0.014959628052502115,-0.01289643715557182,-0.024052654116278847,0.011152762334073717,0.023351890613483826,0.00042615441345051925,-0.019950887091228005,-0.03688528627822234,-0.054960515101657705,-0.010808546238256651,0.02090640746300815,0.047123523062241886,0.03650130048103616,-0.058496617291450254,-0.005887348309954008,0.020118762597089234,0.013138170812269569,0.05753840776601877,0.0545635952013535,-0.02358293154019948,0.05889030346389549,-0.04005022976541411,-0.02088770332906565,-0.031548666372308916,-0.007313832591703588,0.005532756742583014,-0.01045776929614158,0.016269224755134103,-0.0179916101515794,0.023817548234274604,-0.027161843438950752,-0.0068779732306518395,-0.045674382264448234,0.0021576761342636673,-0.01798052351294404,-0.009423810488147282,0.012395036730144174,0.06701833834051636,0.06098652766547843,-0.029038021362275977,0.03230487350407181,0.02944938709524418,-0.022960367862620762,-0.06123528767143499,-0.039366910280291975,0.0005936026282360819,0.00355788763494661,0.020832408767887847,0.0011287080562169232,-0.09043348946699076,-0.015209889947443708
precuneus-rh,0.0035050917067860547,-0.058945965900440114,0.02147726126547643,0.01848055825019013,0.01216768546254787,-0.006472773651633811,0.017869441890891628,-0.08077661634884334,-0.039107062288423595,0.018233432356508192,0.06626939436455563,0.004081416414848751,-0.025922038285595705,0.012671445893626183,-0.03350863174734845,-0.002660907828638364,0.012054528700221528,0.0036451644591650547,-0.04229794425396889,-0.03619618178736023,0.046430836007054305,0.042078789680604585,-0.008901660253157044,0.005106287589512814,-0.026845228086129408,-0.02285746613208361,0.020324075664198506,0.03514465869544415,0.048740254641203615,0.04316598059857774,-0.039292397131386415,-0.00882850844329227,-0.03492244154653039,0.008687798073644714,0.0370063493020317,-0.0020831109540006367,-0.05144909483420223,0.02722370418511834,-0.0372251727821916,-0.007164315224465963,-0.03517352503901713,-0.01302796825125206,0.007153009287769448,-0.04278690933358377,0.01303964027252277,-0.0009837628966376656,0.007722476462162501,0.018508071495336176,-0.014185782112951432,0.004048834750836126,-0.010279569108740989,0.07028508083237926,0.013125954573613036,0.018031871901716085,0.05771512845784833,0.02060427500876037,0.0143655448165857,0.04616332249447223,0.0030153821560435804,0.019030811343744222,0.0019511615629129717,-0.04834526179636846,0.026192701644532485,-0.009284294884495519,-0.010997982834729315,-0.005250191520118214,-0.05425033157420119,-0.03529432543165552
rostralanteriorcingulate-lh,-0.0260459131107602,0.005375184560644044,0.10203381139193778,0.025483345738600956,0.030593948574379755,-0.00861331177193156,0.01992180995222581,-0.02056095675379256,-0.004827547233160701,0.010048210916284077,0.15988342811159123,0.01636969053380087,-0.0524094094787634,0.04286479363832766,-0.0036310185534759966,-0.02774881477156505,0.07194562187249491,-0.044772344950289186,-0.009922233412074183,-0.021377621298074686,-0.011222046104475485,-0.012788535363774962,0.014083335994610126,-0.027447188348957593,-0.09384255150625302,-0.06530142587965079,-0.00643372813966548,0.0340953624005939,-0.023851800625663222,-0.011938088082587053,-0.05205589191299586,0.025639114299748578,0.019734649691126257,0.03478737768911651,0.02069138183954917,0.019361512804665783,-0.05086736907525676,-0.01578286937930685,-0.06642318736333538,-0.016751991042855824,0.005578628865318137,0.013593524645437153,0.0012394296676059538,0.024995598252323344,-0.007773612134775682,-0.002799246317935985,0.0003246139845280268,0.009062757747968385,-0.02213095663789621,-0.0017641340033803718,-0.015202865202330497,0.004127502511618423,0.01970216341654051,0.01665298553199306,0.001842843433184716,0.0412971774728754,0.051457693606013474,0.07040565453051627,-0.0009462857884791135,0.0012394296676059538,-0.05170486030656655,-0.018831485574952678,0.040577494858972385,-0.0368184823298223,-0.02193773577964645,-0.018104814570909032,-0.030577887374563694,-0.051801868022274426
rostralanteriorcingulate-rh,-0.07111605106924977,0.010629953327959052,0.09535262084773413,0.0705834214207686,0.02737910628482043,0.011034559135803416,0.015427237965720868,-0.009858151257313274,0.037634096701331894,-0.018187700566554593,0.039111593495911645,0.04966480096562874,-0.06582042043645114,-0.002367025972170761,-0.039916756699625654,-0.024566547681752236,0.019673216079082026,-0.022064705674836253,-0.0009202814590013778,-0.0011971176537045557,-0.018231833744183173,-0.02046008933640794,-0.047513009768158976,-0.011196321265887932,-0.036783035180246525,0.029491301023002296,-0.029447021212224762,-0.003050876632947088,-0.028329456935868358,-0.03804631919770666,-0.027312680336943347,0.01460083454781414,0.0072064318021238215,0.042213356561931314,-0.047626161854796255,-0.013769548046818342,-0.028136651591137273,0.014550605465697478,-0.009412015309526497,-0.008918975599418436,0.010729017391454734,0.014618696269031234,-0.0022296653548157463,0.009397132081526772,-0.019337708579072205,-0.01208098365445655,3.1174389207013484e-05,0.023200883318812555,0.009369360222854995,-0.00948228876900612,0.006315504564614957,0.011245889973484496,-0.0025691940308090015,0.20609595683052742,0.007844158546986316,0.09348617383478905,0.016310717155748857,0.043767829966656506,0.005848005678510987,-0.028092541918992717,-0.09579642385044851,0.006805457018386224,-0.018623499215866805,-0.013426625519398761,-0.014240863424220854,0.008817250346562867,-0.08015661648723968,-0.03815117792722673
rostralmiddlefrontal-lh,-0.029612269535760186,0.015183974318896301,-0.03944718046235662,0.017116520321019284,0.05268766819201737,-0.0549697839985878,0.05262241039914503,-0.018663007533579246,-0.009977834671123648,-0.0021583557636049465,0.013698230868282911,-0.03082097464820528,-0.002170099437686704,0.04670901810365535,0.04938032101810245,-0.011280792736895716,0.006492490247108165,-0.011051963802510622,0.007020879303028904,-0.04350633207623166,0.042075410008757204,0.005165619724201606,0.050722379807037074,0.013198474808500225,-0.11307339598354181,-0.013581898914674312,0.05143941182151929,0.052367939424955844,0.027763667516900403,-0.04049731186675715,-0.02416576037680438,0.03985752193524764,0.022157605131855378,0.027458327029619617,-0.01137929367921043,0.06971191226991377,-0.005580360811380696,-0.019342561122591154,-0.061351122668147046,-0.04863184148222371,-0.012861526182429084,-0.0020350555576955616,0.040772782790010634,0.07472412470888201,0.009919286530346546,-0.029150962117326807,-0.03734649378487327,0.007199412047799656,0.025445380549207988,-0.015054674836276415,0.05167438359603835,0.036067309573967234,-0.03382870185665214,-0.014239967291646314,-0.07720315433958015,-0.035599380874012466,0.025443224307206507,0.0014854408201570321,0.06330329530960976,0.02741563194964354,-0.05564294141848742,-0.018072805276732475,0.03284760182366262,-0.03145522638034918,-0.024992644766364105,-0.021387194500129134,-0.022513976059693783,-0.036480809442174245
rostralmiddlefrontal-rh,-0.06536564161495623,0.008445607726478368,-0.0046137290433575905,0.034928953307018076,-0.0003699029986288874,-0.08585258358189389,0.02676908339510531,-0.017270524724345114,-0.03918733473055276,0.003987745726399189,0.030109857483760945,0.06555163369346392,-0.005810766811575072,0.005269791784203861,0.003194573291334131,-0.03176628368418907,0.019570276371686648,-0.012975024530314416,-0.027018117103623562,0.014897361161498169,-0.005657754676820361,-0.02372568451882945,-0.04299445759874639,0.012470013548340115,-0.04741221198574748,0.0012891184908048463,-0.03940576619744393,-0.013146731773726992,-0.000994596385842043,0.045515545490284345,-0.06468974935902443,0.029632744947438283,0.012878391721541716,0.029596527619107065,0.006141418358118092,-0.004180104397262337,-0.05690207743546408,-0.009365065659682516,-0.046729877445489745,-0.016326971110964133,-0.02844819582024942,-0.004245271674631197,0.02771932671754976,0.022840895894407246,0.01926498334128903,-0.006873720871637895,0.002895765150840862,0.016798729106720086,0.0105763937250915,-0.0046936191160832,0.06758185219187231,0.01333556671419604,0.03643490009112652,0.09625016764449659,-0.013597892746290998,0.1254027431456086,-0.0013922909474198065,0.03908553440907696,0.008890673046498137,0.04533228425910771,-0.03977745884809443,-0.024247001285495187,0.016037217326191917,-0.00916596194887796,-0.004781485166627895,-0.007138201705100855,-0.04297950310971456,-0.049594116271952454
superiorfrontal-lh,0.0011631919533707695,-0.006038004682064988,-0.006317314984905922,-0.014772279613902251,0.030359719003369853,-0.008523419929204341,-0.02604009398756867,-0.014342491633661032,-0.03673224710699368,0.03999903323589095,0.05968969618973457,0.050126278466005016,0.02449809017675627,-0.017398319260175266,-0.038342184077696136,-0.016735202195881173,-0.014421852232046511,0.014218150751312175,0.0049153009548011835,0.0006227038423573098,-0.05430507528802087,-0.061741495751865244,-0.0009756553667447519,-0.059908381068361216,0.059195661023129086,0.01908267272977359,-0.008798608010200746,-0.02538090308974238,0.08876044463641758,0.03093468626156482,-0.02603779907841991,-0.0225483672642798,-0.011376501929160477,-0.02290353623091538,-0.003468257984176986,-0.04237021768359257,-0.017148716008754585,0.04433014975023426,-0.000997501660130782,0.013155551679592028,0.040724768377196074,0.001283685431529888,-0.016437406560557068,-0.04111981065093487,-0.04753177188847061,0.02331491510649103,-0.025013740016904304,-0.038546251874829185,0.008805965088256262,-0.028830072690874356,-0.011518890672026345,0.008213470367155857,0.09395356814488907,0.050593996575496805,0.07265983794622885,0.026477413568618657,0.06869810176144217,0.015197812270450223,-0.01369058373403848,0.026198210523635725,-0.018117742380379265,-0.006746556219921482,-0.01664831572056035,-0.021415964893221565,0.008509105789886404,-0.0045957431566190565,-0.03854504577370546,-0.039299859254078556
superiorfrontal-rh,-0.09112275976544368,0.005502208734808387,-0.052380645331229596,0.07961538644820723,0.042423729339044064,-0.03500681782203268,0.0009250996494615383,-0.16629246487478946,-0.007562748713762875,0.0425383771579044,0.04377484585806487,-0.006041513131918059,-0.0345154747776132,0.04171757760764776,0.05359218229128434,-0.0136361011051435,-0.07337698081223934,-0.08011036848719126,0.022978155222261206,0.03026550374956451,0.08772675037345239,-0.010322465124818523,0.011634407070825647,0.052788043466721564,-0.02424380944823205,0.06807420850959763,-0.027216818511484116,0.018051720403697135,-0.021478072683827065,-0.05353190268957574,-0.0011529136078562727,0.054054872539930514,-0.0031265493597192563,-0.004297598539195568,-0.09980245042991161,0.0359598305677609,-0.044130789661694925,-0.08559985735149968,-0.012203846455633783,0.01630523352406029,0.009293048411379656,0.044603685236720196,0.022992944964605022,0.02352257076871575,0.04667578441833534,0.02416169484639959,-0.0034896855710248704,0.053671272075327174,-0.022276181630494888,-0.01033166231554547,0.035770654830226276,0.0447767438524857,0.05223480316301958,0.027993264141072522,0.010372708392046633,0.04240297977905624,-0.01780545441528286,0.01165875107070691,-0.02653481307874555,-0.027258205869755376,-0.07937348228331956,-0.030155551177402647,0.052775079478385695,0.033100826275197524,-0.07296134053373224,0.03262467645654471,0.00045922293712611495,-0.03967951805152926
superiorparietal-lh,-0.011751007936743085,-0.02742073951555781,-0.017618615691241228,-0.033126600865564876,-0.00024969346110266044,-0.020763954445906018,-0.031793072970455666,0.024158111207962223,-0.05868583060668773,0.05045100043705712,0.014514451616100644,-0.006526326951479689,0.03033993930776312,0.06088214927325434,0.04627462713043658,-0.02230292782139286,-0.0022557178372727606,0.04890203412112925,-0.025277994385130557,-0.041410721251529295,0.03597569658900947,0.0777463318402696,0.025584220087945513,-0.02437758128229594,-0.009821506350126474,-0.04600628433563683,0.08744637186489553,0.07252624975803147,0.022205726061992174,0.00966318465744392,-0.022439185426870716,-0.04002358915145723,0.0064570558998029454,-0.003550952739889007,0.0346322118590212,0.029755249007647547,-0.005915284444617424,0.03869155852282848,-0.014203239905042119,-0.032644143872979724,-0.03334546114073579,-0.000697886781230356,0.0090438476902636,0.06370565209695479,0.027764862751648026,-0.025557858446874648,-0.018922912715177508,-0.033616879457190586,-0.023395404579743484,-0.0402251642539633,0.06380902920505248,-0.022868470057446817,0.012932844064277284,0.007392760494102322,0.09325921493329804,0.00972572101390882,-0.047522362383966496,-0.02794483816888349,-0.037914520110388615,-0.05241734590122603,-0.09537190972040359,-0.07430676495224937,0.08116771626278373,-0.0051824103785376675,0.005818609307602548,-0.01681383636147897,-0.0266947042454208,-0.009862726158585482
superiorparietal-rh,0.020707576338449322,-0.033218235382640814,0.03128323283379081,0.0004598406570968409,0.06440447023565408,-0.030554812986525768,0.006215304915391099,0.15353982343559372,-0.07337777833239098,0.005425773329943469,0.011466463398243035,-0.0006228328774665438,-0.005146035322994776,-0.0397336527266323,-0.017311380200583763,-0.026723338813597036,0.033527466164419456,-0.015518627885618542,-0.026472484521965725,-0.034362529575011826,-0.05800354266169956,-0.007466350950851724,-0.027621440898356192,0.07951219213941052,-0.02763791457836218,-0.007270546720172929,-0.01410856044074862,-0.048434306574171616,0.02476334203813064,0.05154896321893878,-0.029851782137564772,-0.03461935592417337,0.018670283637351997,0.030906708753576522,0.01480535469925272,-0.026652587172113867,-0.020266131025010715,0.027493359943791616,-0.029545134728841863,-0.03408741150994172,-0.015642614230768563,-0.0010854141918444765,0.0551820851310378,-0.06578729003108061,0.007555545313552078,0.08682580899981704,-0.031932628613049956,-0.02565954425684617,0.0044732421414846275,0.01243524042976237,-0.01849873339268132,0.04894767669982492,0.01904176279651331,-0.02516236448129583,0.04516362956607196,0.056529631988477304,0.04890452732316531,-0.02562265253549504,-0.039321074578758206,0.08044352769825538,0.014668967485902653,-0.056264371550382795,-0.02651799830736734,-0.0038343718406074283,-0.0006776605107193925,-0.004107968881888029,-0.006730114697446518,-0.039450225265230524
superiortemporal-lh,0.09978901720148986,0.014165564962544742,-0.0050085650109298815,-0.018953532718931444,-0.0023557518547833007,0.04480959711745507,-0.022252859247402886,-0.016821122112401814,0.006418498517862598,-0.02232094379278578,0.017871833843206262,-0.03495728917073959,0.03746555738141298,-0.009742931651131088,-0.021084138983173108,-0.034542481798752515,0.02332988886314011,0.03408517247991572,0.012163707241910817,0.012875604168045942,-0.03597894036699653,-0.05813754916685865,-0.0010692649711516768,-0.008252996915838274,0.08127857638355482,0.0036133662933727764,-0.060457229394687215,-0.03384621360345136,-0.012501019522501738,-0.015474265312618413,0.1402154770851299,-0.020249616495933764,-0.022570588737105254,-0.013554784358685908,0.03612831409680544,0.005997091132558008,-0.015490975513930014,0.0551839309119164,0.0504038232826755,0.05226487985526865,0.04654267927952666,-0.04915316773631386,-0.040153146504441586,-0.027606047134411473,-0.016834206139828323,-0.008840076905060426,-0.007218820669967603,-0.03625596832516427,-0.021200105565677196,-0.013104666648059015,-0.048540932999392286,-0.009398636282804481,-0.00971962358919709,-0.028709007815759156,-0.008436429820386842,-0.015287384597292324,0.02511802982301542,-0.04437194860953281,-0.058491015071756844,0.002724447727840709,0.16922549842376958,0.00940808212694884,0.0059700544009621,-0.04809152652959612,0.05147225028958206,0.034296831633626304,-0.11257942979687816,0.01679742691877269
superiortemporal-rh,0.008124739901985182,0.21481196882562487,0.03295169677109213,-0.02895393695865938,-0.015314720307004218,-0.05141359185728821,-0.043130300408365116,-0.02500139985970916,-0.06769058735218458,0.06364046989265937,0.019563299726518716,0.014407246589302425,0.002453840130241904,-0.013020554148217216,0.003368143072923048,0.01414971393746265,0.0010307493031494785,0.1474353796831855,0.008886808316855547,0.04709026016312216,-0.021809166172010702,-0.011271791261533715,-0.0003905894735686262,-0.034201836865425696,-0.03105968375513654,-0.014018652816487849,0.04900906985240753,-0.01854874545180631,-0.001469466018615718,-0.01595137751400816,-0.040454163389656725,0.058442475828259476,0.012916064575391208,-0.0017233085468070551,-0.013775306539086792,-0.0197806002110454,-0.029556333711068118,0.052496959099718944,-0.013779399187662172,-0.007840886731586031,-0.04244957527283249,0.0006799366330479071,-0.0047342008198513665,-0.018649924280645373,0.031446967557014815,0.03700666687829945,-0.05662537751027973,-0.03115419854562385,0.01647920382436237,0.0834279185940088,-0.03412943100139774,-0.03966744268681683,0.00683099572217474,0.02269187820455346,-0.0032015959423791138,-0.00897830235335867,-0.019120360443537727,-0.02384554155181437,-0.05421085343492009,-0.03977822184668167,-0.0304183548036257,0.015118807064557477,-0.02287727681287909,-0.05146750819591313,0.013564527862253886,0.016479319862715835,-0.035229609490568546,0.04218906565717017
supramarginal-lh,-0.015236644094435101,-0.02646688688010827,0.04172999165536062,0.02286610040025401,-0.00040747624004617926,-0.0682697709142519,-0.043767652519211823,0.0004879168011813326,-0.033665483878417474,0.06066386945844611,0.03130361849605721,0.009179600764117281,-0.00929900789687732,0.024678944025839412,0.009504599479145023,-0.014741851471775196,0.016136933468139568,0.004507254547784451,0.04233548130190212,-0.011165707453524135,0.010338927557510638,-0.016229848168516615,-0.038245749126596035,-0.0015220038897854583,0.08812294931535666,-0.03826639894475688,0.008620695058752875,0.0364279117573435,0.06203325748905045,0.050316003790605114,-0.01565809083721084,-0.04972246128201848,0.014743293917296792,-0.033838390365960404,-0.012567085252627485,-0.028489424311939737,-0.02301997958175476,0.013269010271203528,0.025596303313020083,-0.03449252122651236,0.02345428006408323,-0.010140950774156216,-0.04611498116089412,-0.026297894808689895,0.06674695644717765,-0.004308131863207913,0.015603286010883762,-0.012620675947469153,0.054996767999606046,-0.030505469835589327,-0.015689657955660935,0.01460580973130132,0.047457406588357696,-0.02919253396849009,0.04208869047703081,0.016908407058988446,-0.04207590983931655,0.03734109701982527,0.05425083487532643,-0.034574706135411304,-0.022210597037450767,-0.04122465232194459,0.04974595222829573,-0.02229063584541634,0.01159353476805715,0.001382523988617734,-0.12463180129810418,-0.03208717699779019
supramarginal-rh,-0.01088744020205555,-0.020859762307314764,0.020986397917857315,-0.0011477902755079863,0.022976527841117173,-0.05266099418554235,-0.021692276094595772,-0.0168711795356872,-0.0439486588457112,-0.007600467982457888,0.0011067511337316208,-0.013526619868612038,-0.04877896704561078,0.10599886201076794,0.004019400165757417,-0.006293865393633394,0.027332174187012708,0.07269735306485152,-0.011882404657914136,-0.030932861524581304,-0.009141611984563938,-0.027493849912173275,0.0146902868455175,-0.00478099420958257,-0.07454151170410134,-0.013595139830549068,0.0015279209576075554,-0.0364675346604183,0.029752839336640986,0.03447804419427624,-0.05623338195826994,0.012526546151547515,0.062154430495584626,0.13488675715262927,-0.00749252423793422,0.03549753185693917,-0.06471158569686658,0.1092560593136204,-0.03689417870621467,-0.03794980539126334,-0.04815346220833792,0.161261012726599,-0.006206515733557399,-0.03192338509830294,-0.023863375124368227,0.11136323336640516,0.0011956553722834444,-0.02806843453754053,0.061063215998862976,0.0414455203091398,0.005678797240421155,-0.025388640420566846,-0.012636678307721477,0.0011552969724118478,0.011041981324117925,0.006417451460101311,-0.021683247019289732,0.03954564819136488,-0.0001455568980888912,-0.01453831737102215,-0.06018749984290548,-0.08257261363542619,-0.03380447358999613,-0.03845887035067433,0.0,0.038236702208663945,-0.053895394603017614,-0.030380526843853145
temporalpole-lh,-0.017793586421835615,0.02101935985342022,-0.06317476615955255,-0.08576069412984064,-0.009848435170655175,-0.005266441201296307,-0.04807199777324611,-0.12346210537825111,0.06170078561246422,-0.08178829111969865,-0.07678143088827866,-0.032297254320442996,0.08444845073868203,0.0035570678639030118,0.01577159324343076,-0.0049242175853275874,0.3552371763633034,0.013558560331403183,0.013326178791876572,0.06650804608040593,0.025109928018387274,0.0067592542471846115,-0.04231580386512279,0.03268417171234781,0.05351817217072257,-0.014061725610467413,-0.0012541442616135422,-0.0460360231946972,-0.07696973873203662,-0.06594758474419049,0.08095550450588082,-0.025453064249433673,-0.01283763123503744,-0.04828102181684837,-0.02463472283262554,-0.00861539763667474,-0.042335181911753506,-0.10198263755867638,-0.03946474184691934,-0.04249900904102997,0.015651401097790462,0.0,0.0,0.006089968661111627,0.01818767588184748,-0.04676801465840464,0.05611809468293617,0.02894696550675359,-0.0073863263779913825,0.00016299788935518432,0.033796271235923055,0.0008149894467759215,-0.06371798327565074,-0.016732029206812184,-0.07901745856016056,-0.055993497549866336,-0.008008686368736176,-0.1405871652527752,0.009012338996246148,-0.0036911800513471523,0.02825052289977196,0.012425068944378588,0.06878038309150077,-0.0024621087926637937,0.4139988619282452,-0.03446952309729312,-0.03401441980611079,0.10831625188731615
temporalpole-rh,0.014602267200296554,0.00028290088730132805,0.0815966641356852,-0.0011369129055011638,-0.0009589589523586297,-0.035447073458741894,0.0016213736877724698,0.010679456424330163,-0.07140831650938537,0.0050676279042344945,-0.0012517709705761615,-0.032457439420834004,-0.006478428590493549,0.03273104131779513,-0.012947943268211727,-0.022767373840250998,0.03575086798750505,0.0063015959076705656,-0.02804725726323887,-0.04916145896697065,0.0035699427388917824,-0.020335994411496392,0.050243275410006075,-0.007425013891829947,-0.042679804680142416,-0.06442400957851648,0.00985491155581855,0.02159754121568353,0.031613005936999033,0.022945979303986536,-0.005147939028115663,0.08997823718616207,0.0008787514269221346,0.0366952658565668,0.023859596671468686,0.0010249775510343681,-0.003045781600137812,0.10951041985105621,0.015536489371283832,0.02567631103758401,0.011282399156572444,0.055690119754917715,0.006173323337189973,-0.005331036049742705,-0.03554104214858057,0.03799215552990925,-0.010255754738101234,0.01359490801601912,0.026276712060525155,0.03438483611556347,0.009532049096680678,0.0015244691763291003,-0.01360003824879946,0.001981144738539975,-0.04585237689602706,-0.04320909605167673,-0.02443225519617074,0.0293156283410849,-0.018837105608703476,-0.0049973587684804385,0.03918837869228843,-0.020683184303642323,0.01972265767761491,0.01706549851026015,-0.010358736085322257,-0.22688094867653125,-0.0328589629630536,-0.03738340769791632
transversetemporal-lh,-0.05292905125106698,-0.037128410453661845,-0.0042370941258804825,0.02415412524894719,-0.02684260357196934,0.016728336662746854,-0.027111290164871005,-0.01991850032934764,-0.04733760250289599,-0.0011674819036002772,0.010493246918246716,-0.045482588569437064,-0.07233659505366873,-0.03640100054599495,-0.049532387707840075,-0.02261300468553205,0.014416917585458064,-0.027895500010556625,-0.007295796952360477,-0.03590174030020256,-0.04589687954233795,-0.02088182523911463,-0.029812866384941378,0.004335114422824028,-0.031120235735646987,-0.054052972126489574,-0.09780600609339019,-0.03301245687230948,0.02040995970502372,0.002796983533438682,0.011474813101432042,-0.0290236686125922,0.011230012586899481,0.05258682282150012,-0.009057606361327623,-0.044140201435652435,-0.022332809697465934,0.0119514087233861,-0.007669834463768598,-0.02753304195409438,0.02769114412500759,-0.04510212709214992,-0.054393284518416074,-0.010309928449829813,-0.0035538686204342313,-0.026207716974436572,-0.020811588606309085,-0.046336904853168645,0.08971257486253925,0.040782701200917135,-0.048751826589403156,-0.004808755900638992,0.023956616555549155,-0.036602015697793644,-0.001556733309574509,-0.028198793085068577,7.186147668653205e-05,0.0506967187891255,-0.003750176952278506,0.035707528167562674,-0.014289631237237102,-0.005480308393040484,-0.07965710378114405,-0.024965408444083955,0.020530524518096283,-0.01878622390672191,1.0,-0.029693961945640515
transversetemporal-rh,0.1506834014448462,0.03635884768411336,-0.0728186038763948,-0.05811529793141621,-0.01640018227787715,0.1622961296835878,-0.013795454749388205,0.033950118457082845,0.011276434377257696,0.00991561358555905,0.005840311701185931,-0.007915329413918818,0.06015049112766091,0.018993194024736645,0.029836687503720948,0.002849384520248307,0.018755292705683553,0.159817061149741,-0.06958337990467489,0.11915726362474537,-0.04567397468246933,-0.052143059085654454,0.015486290370432297,-0.0807786406520713,0.05832030778662474,-0.07557456684534027,0.0439478088954971,-0.01414877926129943,-0.05029363927128891,-0.008060518701418502,0.10998474900780525,-0.0195184921946887,-0.00010544203466518387,0.008792694112913484,-0.029319042788366688,-0.01240898568932388,0.14137317905616928,0.03305051379624893,0.11511781316390769,-0.04903204786356599,-0.01506464955356708,-0.16818171897406012,-0.01865935518864346,-0.0365298071206719,-0.012190270785458339,0.00977484682606811,-0.09147598612131781,-0.05676828230465825,-0.007113452392805698,-0.0849012213631836,-0.010628724462559639,-0.03957872012959819,-0.026125954713423032,0.004744708738893599,-0.030125519717425924,-0.0528072120117236,0.009415237840916107,-0.04634350885878533,-0.010327461506373406,-0.0384141359596419,0.108020443581496,0.0004823754897727012,-0.02250601651020228,-0.11299787697464504,0.11424213303020768,-0.062443442401958565,-0.06024625670586601,0.08648167769326925
