,bankssts-lh,bankssts-rh,caudalanteriorcingulate-lh,caudalanteriorcingulate-rh,caudalmiddlefrontal-lh,caudalmiddlefrontal-rh,cuneus-lh,cuneus-rh,entorhinal-lh,entorhinal-rh,frontalpole-lh,frontalpole-rh,fusiform-lh,fusiform-rh,inferiorparietal-lh,inferiorparietal-rh,inferiortemporal-lh,inferiortemporal-rh,insula-lh,insula-rh,isthmuscingulate-lh,isthmuscingulate-rh,lateraloccipital-lh,lateraloccipital-rh,lateralorbitofrontal-lh,lateralorbitofrontal-rh,lingual-lh,lingual-rh,medialorbitofrontal-lh,medialorbitofrontal-rh,middletemporal-lh,middletemporal-rh,paracentral-lh,paracentral-rh,parahippocampal-lh,parahippocampal-rh,parsopercularis-lh,parsopercularis-rh,parsorbitalis-lh,parsorbitalis-rh,parstriangularis-lh,parstriangularis-rh,pericalcarine-lh,pericalcarine-rh,postcentral-lh,postcentral-rh,posteriorcingulate-lh,posteriorcingulate-rh,precentral-lh,precentral-rh,precuneus-lh,precuneus-rh,rostralanteriorcingulate-lh,rostralanteriorcingulate-rh,rostralmiddlefrontal-lh,rostralmiddlefrontal-rh,superiorfrontal-lh,superiorfrontal-rh,superiorparietal-lh,superiorparietal-rh,superiortemporal-lh,superiortemporal-rh,supramarginal-lh,supramarginal-rh,temporalpole-lh,temporalpole-rh,transversetemporal-lh,transversetemporal-rh
bankssts-lh,0.20245350921827424,-0.004440149661516309,0.008010409277925894,-0.004440149661516309,0.022951080005256537,-0.39517331987495147,-0.004440149661516309,-0.004440149661516309,-0.004440149661516309,0.05781264503569469,-0.004440149661516309,-0.004440149661516309,0.10512476900557506,-0.004440149661516309,0.11259510436924039,0.012990632853702774,0.18231823443011674,0.0329115271568103,0.008010409277925894,0.030421415368921855,0.05532253324780626,-0.004440149661516309,0.09018409827824442,-0.004440149661516309,-0.004440149661516309,0.0702632039751369,0.16986767549067452,-0.004440149661516309,-0.004440149661516309,-0.004440149661516309,-0.2626573212026036,-0.06444194926570235,-0.004440149661516309,-0.004440149661516309,0.06279286861147158,-0.004440149661516309,0.008010409277925894,-0.364962162289444,-0.004440149661516309,0.12255555152079416,-0.004440149661516309,0.017970856429479657,-0.004440149661516309,0.012990632853702774,0.008010409277925894,0.008010409277925894,0.008010409277925894,0.005520297490037454,0.02793130358103342,0.005520297490037454,0.03789175073258717,0.008010409277925894,-0.004440149661516309,0.012990632853702774,-0.004440149661516309,0.05034230967202938,0.003030185702149013,-0.004440149661516309,0.09267421006613287,0.0329115271568103,0.0827137629145791,0.012990632853702774,0.030421415368921855,0.017970856429479657,-0.38359265098061596,0.030421415368921855,-0.3009695875020196,0.012990632853702774
bankssts-rh,0.003615057382215629,0.7951670770128939,-0.04323514151204311,-0.04238739363925795,0.005232034311255391,0.019346908720255882,-0.04365901544843569,-0.04323514151204311,-0.04323514151204311,-0.044506763321220846,-0.04323514151204311,-0.0391962101934349,-0.04323514151204311,-0.04365901544843569,-0.010923690963177439,0.1610548599914052,-0.019001553600393857,0.03542411517815816,-0.0391962101934349,-0.03515727887482669,-0.04323514151204311,-0.04323514151204311,-0.04323514151204311,-0.04365901544843569,0.03754348486012106,-0.04323514151204311,-0.04323514151204311,-0.04323514151204311,0.08197172936481134,-0.04323514151204311,0.02380971397525667,0.19458941665793383,-0.04323514151204311,-0.044506763321220846,-0.04323514151204311,-0.04323514151204311,-0.045354511194006006,-0.0004238739363925795,-0.04323514151204311,-0.04323514151204311,-0.04323514151204311,-0.04323514151204311,-0.04323514151204311,-0.04281126757565053,0.05773814145316211,0.05773814145316211,-0.04323514151204311,-0.04323514151204311,0.04562134749733748,0.07389386672759495,0.029465622222904646,-0.04323514151204311,-0.019001553600393857,-0.027079416237610274,-0.03111834755621848,-0.04323514151204311,0.09004959200202776,-0.04238739363925795,-0.04323514151204311,-0.01496262228178565,-0.010923690963177439,-0.0017740145621008634,-0.03515727887482669,0.07793279804620315,-0.0004238739363925795,-0.04323514151204311,0.009997424273861726,0.0011931029926471888
caudalanteriorcingulate-lh,0.006056510100911445,-0.04494721333333827,0.4723749757759028,0.07621580078008049,-0.0303371257241077,0.0038989474335294253,-0.026438178290578276,-0.026022000389343665,0.008499002288768646,-0.04453103543210366,-0.03680981372625376,0.017129252958296728,0.027917066295206825,-0.0005474262819940398,-0.03896737639363578,-0.036316962663810196,0.012814127623532692,0.030151302123797796,-0.04328250172839982,-0.03896737639363578,0.049492692969027016,0.043020004966880965,-0.021706875054579623,0.02534332572659019,-0.0303371257241077,-0.028179563056725684,0.021444378293060767,-0.004446373715523468,0.021444378293060767,0.025759503627824802,0.0017413847661474056,-0.027883919382719113,0.017129252958296728,-0.04453103543210366,0.03223219162997086,0.027917066295206825,-0.015157513891224612,0.0009090289636781785,-0.03896737639363578,-0.021706875054579623,-0.04328250172839982,-0.03896737639363578,-0.004446373715523468,-0.01913313448596299,-0.03465225105887174,-0.04328250172839982,0.05596538097117309,-0.0022888110481414496,-0.04328250172839982,-0.04328250172839982,-0.028179563056725684,-0.023864437721961642,0.06675319430808319,0.08617125831452134,0.05812294363855511,-0.0022888110481414496,0.06243806897331914,-0.04245014592593059,-0.0411249390610178,-0.04328250172839982,-0.03465225105887174,-0.0393835542948704,-0.021706875054579623,-0.04328250172839982,0.025474574107349622,-0.04328250172839982,-0.0012485337037038409,-0.03896737639363578
caudalanteriorcingulate-rh,-0.00041669521372837947,-0.0445863878689366,0.07291120541231201,0.4571574280561185,-0.03517858239336105,0.040371903958223716,-0.005003828228125358,-0.02702086255897063,-0.004587133014396978,-0.03846809799314379,-0.02294200264177542,0.01784659653017668,0.026004316364567095,-0.0029643982695277517,-0.04333630222775147,-0.040507527951741396,-0.0005082730972017646,0.012517650971796334,-0.04333630222775147,-0.03517858239336105,0.019886026488774283,0.00561001677859105,-0.02294200264177542,0.019469331275045902,-0.018863142724580208,-0.033139152434763446,0.0035705868199934483,-0.010705422890189793,0.05047747586773836,0.04639861595054314,-0.00041669521372837947,-0.027918579319801427,-0.008665992931592186,-0.011955508531374925,0.04639861595054314,0.026004316364567095,-0.009916078572777319,0.008947064151802886,-0.041296872269153864,-0.014784282807385,-0.04333630222775147,-0.033139152434763446,-0.012744852848787394,-0.012328157635059013,-0.04333630222775147,-0.04333630222775147,0.028043746323164698,0.021925456447371882,-0.002547703055799371,-0.02294200264177542,-0.03925744231055626,-0.012744852848787394,0.048438045909140755,0.04639861595054314,0.01580716657157907,0.026004316364567095,0.023964886405969495,0.02887713675062146,-0.041296872269153864,-0.04333630222775147,-0.03517858239336105,-0.03884074709682788,-0.02294200264177542,-0.04333630222775147,0.02609589424804048,-0.04333630222775147,-0.0012500856411851384,-0.03925744231055626
caudalmiddlefrontal-lh,0.011677869559316734,-0.015935091060738902,-0.028760372964267655,-0.015809473153895935,0.7820878964501817,0.033461852916719846,0.03132634850038933,-0.014237717392665581,0.0390120197032087,-0.01551074764372057,-0.04328302853586973,-0.03844214334533571,0.0051258233694705235,-0.04370737195288807,-0.04086258594060272,0.05909862939253851,-0.02391948777373363,-0.0018367789061551616,0.029330249322140654,-0.03360125815480169,0.026909806726873643,-0.004555947011597526,-0.006976389606864541,-0.026764273786018977,-0.026339930369000647,-0.03360125815480169,0.019648478941072602,-0.019078602583199607,-0.03360125815480169,-0.04328302853586973,0.060086721464656996,-0.01305966653458942,-0.04328302853586973,-0.03487428840585668,0.017228036345805595,-0.04328302853586973,-0.03330253264462633,0.02862096772618582,0.026909806726873643,-0.03844214334533571,-0.019078602583199607,-0.028760372964267655,-0.02149904517846662,-0.03317691473778335,-0.04328302853586973,-0.028760372964267655,0.009966708560004553,-0.04328302853586973,0.04143246229847571,-0.02391948777373363,0.026909806726873643,-0.028760372964267655,-0.026339930369000647,-0.03844214334533571,0.029330249322140654,-0.0360217007500687,-0.011817274797398566,-0.04243434170183308,0.04143246229847571,-0.019078602583199607,0.009966708560004553,-0.04455605878692472,-0.03360125815480169,-0.04328302853586973,0.035882295511986864,-0.04086258594060272,-0.0012730302510549922,-0.04086258594060272
caudalmiddlefrontal-rh,-0.39633257077180056,0.010155753170699775,0.004331973810100752,0.07712921581758854,0.033450870613095866,0.5383840166043427,0.027627091252496846,0.004331973810100752,0.004331973810100752,0.004331973810100752,0.018891422211598313,0.027627091252496846,0.018891422211598313,0.004331973810100752,-0.004403695230797784,0.004331973810100752,0.018891422211598313,0.024715201572197334,-0.004403695230797784,0.01306764285099929,0.004331973810100752,0.01306764285099929,0.01306764285099929,0.07712921581758854,0.0654816570963905,-0.004403695230797784,0.004331973810100752,0.015979532531298798,0.059657877735791474,0.004331973810100752,-0.39782437632229883,-0.06619887130336083,0.17322157526747245,-0.004403695230797784,0.004331973810100752,0.004331973810100752,0.0014200841298012401,-0.3714022049375121,0.0014200841298012401,0.007243863490400264,-0.004403695230797784,0.015979532531298798,0.004331973810100752,0.01306764285099929,0.015979532531298798,0.07130543645698952,0.004331973810100752,0.021803311891897822,0.018891422211598313,0.045098429334293914,0.01306764285099929,0.033450870613095866,0.004331973810100752,0.007243863490400264,0.0421865396539944,0.06256976741609098,0.024715201572197334,0.23145936887346266,0.033450870613095866,0.024715201572197334,0.010155753170699775,0.010155753170699775,0.004331973810100752,0.007243863490400264,-0.39207231838239687,-0.004403695230797784,-0.35229561846382274,-0.0014918055504982719
cuneus-lh,-0.0004242091736089608,-0.044966172402549846,-0.032101606517815996,-0.013703899442986922,-0.006575368368563403,0.02988819862862849,0.5434099325510866,-0.009766148137219976,-0.019338487443189698,-0.04454196322894089,-0.03848316605512914,-0.03529238628647257,0.0029969709374063234,0.004168151648125641,-0.02891082674915942,-0.02422610390628212,-0.019338487443189698,-0.015077973773921352,0.009378530474719468,-0.03688777617080085,0.03650015850830035,0.055644837120239786,0.02852320908665891,0.023312830260065084,0.014164700127704329,-0.025720046980502842,0.015760090012032612,0.04607249781427006,-0.032101606517815996,-0.02891082674915942,0.04265131770325479,-0.027573596284582454,-0.008170758252891687,-0.038160403691627744,-0.004979978484235114,-0.008170758252891687,-0.015077973773921352,0.0011711807107193262,-0.004979978484235114,-0.025720046980502842,-0.032101606517815996,-0.04007855593945743,0.06362178654188122,0.030542808144596152,-0.03688777617080085,-0.012956927905876547,-0.014552317790204836,-0.00019380883125025348,-0.016147707674533125,-0.020933877327517985,0.025332429318002333,0.0029969709374063234,-0.03529238628647257,-0.025720046980502842,-0.001789198715578542,-0.032101606517815996,0.014164700127704329,-0.02646701851761322,0.055644837120239786,-0.012956927905876547,-0.019338487443189698,-0.035393833096580125,-0.03529238628647257,-0.017743097558861408,0.041055927818926495,-0.043269335708114004,-0.00010144681010755622,-0.03848316605512914
cuneus-rh,0.00168484210897546,-0.044963646556639925,-0.024337194629726958,-0.02349675263801406,-0.0074966897910716986,0.0037899052138073677,0.0026084047372313865,0.38404504770766307,0.019869130571743103,-0.04243836245595156,-0.03696757325871841,-0.01802200531523124,-0.0011815004765759803,0.0005033416323994838,-0.01802200531523124,0.009767994168989673,0.0030286257330878344,-0.022228173399345387,-0.024337194629726958,-0.011706816000735512,-0.005391626686239791,-0.0074966897910716986,0.0009235626282559317,0.057340045462860985,-0.005391626686239791,-0.028547320839390773,0.055655203353885525,0.015659004362079287,-0.024337194629726958,0.034604572305566454,-0.0004202209958564479,-0.017209270202366022,-0.009601752895903606,-0.04243836245595156,-0.02644225773455887,-0.0074966897910716986,0.0030325838586375076,-0.0008404419917128958,0.0030286257330878344,-0.04328276257321413,-0.04328276257321413,-0.039072636363550316,0.03249950920073455,0.05607542434974198,-0.024337194629726958,-0.04117769946838222,0.030394446095902635,-0.024337194629726958,-0.039072636363550316,-0.01381187910556742,-0.01802200531523124,0.08723114992636415,0.007238751942751649,0.0030286257330878344,-0.011706816000735512,-0.02012706842006315,-0.024337194629726958,-0.02349675263801406,-0.028547320839390773,-0.0074966897910716986,0.07039064508770888,-0.03991307835526321,0.028289382991070734,-0.04328276257321413,0.05220635662494125,-0.04328276257321413,0.05978616705255598,-0.04328276257321413
entorhinal-lh,-0.0004202209958564479,-0.044963646556639925,-0.012138693463533285,-0.007837799348522521,0.008624019276253943,0.0030402311274414237,-0.01774959264433654,0.0034333410913071306,0.5709474893121581,-0.015129582512751568,-0.03636185832661839,-0.025980501956724775,0.012084471399551813,-0.009098462336091864,-0.04328276257321413,-0.00170799501541653,0.03457741020098798,-0.026351380874358076,-0.015599145586831158,-0.025980501956724775,0.015544923522849682,0.010354245337902877,-0.04328276257321413,0.02204560677358898,0.008624019276253943,-0.029440954080022643,-0.01040846740188435,0.04322854050923265,-0.020789823771777967,0.027656505954392233,0.02899362205217546,-0.026004359664876624,-0.02771072801837371,-0.028971391005943054,0.015544923522849682,-0.017329371648480092,-0.00904912025786872,0.009540914378180719,0.024196053831094366,-0.03463163226496945,-0.041552536511565194,-0.039822310449916264,0.013814697461200747,0.0038535620871635785,-0.03809208438826732,-0.02771072801837371,-0.01905959771012903,-0.0225200498334269,-0.03809208438826732,-0.04328276257321413,-0.003487563155288608,0.0034333410913071306,0.03284718413933905,-0.005217789216937542,0.024196053831094366,-0.02771072801837371,0.001703115029658196,-0.033791190273256555,0.04322854050923265,-0.03117118014167158,-0.017329371648480092,-0.03028139607173554,-0.032901406203320514,-0.032901406203320514,0.11723515119627118,-0.04328276257321413,0.017771823690568952,-0.03809208438826732
entorhinal-rh,0.10567928071083683,-0.044937739792747414,-0.04324197602698336,-0.01678297167631013,0.0006628053463729875,0.006469581679344032,-0.043665916968424374,-0.032265780683644274,-0.006654658215853067,0.8116294379291423,-0.04324197602698336,-0.0359245124647573,-0.013972121778079126,-0.010737330938407114,-0.0359245124647573,0.03555435939173923,0.03359139137639025,-0.019750558266397225,-0.04324197602698336,-0.010313389996966097,0.0006628053463729875,-0.04324197602698336,-0.04324197602698336,-0.043665916968424374,-0.04324197602698336,0.05554378206306842,-0.04324197602698336,0.037250123157503284,-0.04324197602698336,-0.04324197602698336,0.021528449745237162,-0.027556161193665867,-0.04324197602698336,-0.02256140816462823,0.07017870918752053,0.0006628053463729875,-0.04536168073418843,-0.00042394094144101335,-0.04324197602698336,0.015297732470825106,-0.04324197602698336,-0.032265780683644274,-0.04324197602698336,-0.04281803508554234,-0.04324197602698336,-0.013972121778079126,-0.04324197602698336,-0.04324197602698336,0.0006628053463729875,-0.024948317121418217,-0.04324197602698336,-0.04324197602698336,-0.04324197602698336,-0.021289585340305187,-0.04324197602698336,0.029932659595277227,-0.04324197602698336,-0.042394094144101335,-0.032265780683644274,-0.032265780683644274,-0.04324197602698336,0.09324618600666566,-0.04324197602698336,-0.0029959264347400377,0.014210986183011105,0.253115298243172,0.0564200037906034,0.007980268908599047
frontalpole-lh,-0.00042434341701833077,-0.04498040220394306,-0.020746470590022253,0.03644361110863311,-0.04328302853586973,0.07281946990698598,-0.021170814007040586,-0.020746470590022253,-0.020746470590022253,-0.04455605878692472,0.8919841262168008,0.0017900873558252272,-0.020746470590022253,-0.021170814007040586,-0.04328302853586973,0.01699513214713752,-0.020746470590022253,-0.02286818767511391,0.04686320324752019,-0.04328302853586973,0.0017900873558252272,-0.020746470590022253,-0.009478191617098512,-0.021170814007040586,0.05249734273398206,-0.04328302853586973,0.013058366328748974,-0.020746470590022253,0.0017900873558252272,-0.020746470590022253,-0.00042434341701833077,0.0005883753261178577,-0.020746470590022253,-0.04455605878692472,-0.020746470590022253,-0.020746470590022253,-0.034136466648037656,-0.00042434341701833077,-0.04328302853586973,-0.04328302853586973,-0.04328302853586973,-0.032014749562946,-0.020746470590022253,-0.0428586851188514,-0.009478191617098512,0.007424226842287097,-0.020746470590022253,-0.020746470590022253,-0.003844052130636642,-0.04328302853586973,-0.026380610076484123,-0.020746470590022253,-0.01511233110356038,0.04686320324752019,-0.020746470590022253,-0.003844052130636642,0.0017900873558252272,0.1547605403243324,-0.04328302853586973,-0.04328302853586973,-0.020746470590022253,-0.03328777981400099,-0.020746470590022253,-0.04328302853586973,0.02211221452882915,-0.04328302853586973,-0.0012730302510549922,-0.04328302853586973
frontalpole-rh,-0.0004202209958564479,-0.044963646556639925,0.018625141294649455,0.019465583286362352,-0.03337749795435596,0.009485043623001725,-0.033797718950212406,-0.013566968716639611,-0.0011853879430668965,-0.03711447709663985,-0.028424865644926873,0.48169626222626905,0.05081725130593851,-0.0016056089389233444,-0.038330130263785046,-0.007818904235921773,-0.0061380202524959826,0.004142455541794497,-0.02099591718078324,-0.0358538141090705,0.008719876675791275,0.01367250898522036,-0.028424865644926873,0.013252287989363913,-0.025948549490212327,-0.030901181799641412,0.03348303822293671,-0.011090652561925068,0.043388302841794874,0.01367250898522036,-0.0004202209958564479,-0.010400372643523757,-0.0036617040977814396,-0.04454342556078347,-0.0061380202524959826,0.006243560521076737,-0.02309702216006548,-0.0008404419917128958,-0.0358538141090705,-0.02099591718078324,-0.013566968716639611,-0.028424865644926873,-0.0011853879430668965,-0.035433593113214056,-0.0036617040977814396,-0.04328276257321413,0.006243560521076737,-0.008614336407210526,-0.028424865644926873,-0.04328276257321413,-0.04328276257321413,-0.03337749795435596,0.07558041285308395,0.09043830978137121,0.011196192830505823,0.03348303822293671,0.018625141294649455,-0.027584423653213976,-0.04328276257321413,-0.0358538141090705,-0.0061380202524959826,-0.011931094553637963,0.03348303822293671,-0.03337749795435596,0.024342940551288987,-0.0358538141090705,0.04331302779729244,-0.030901181799641412
fusiform-lh,0.04050323366674555,-0.044963646556639925,0.011281843643588526,0.002573479547360955,-0.01054399884313254,0.011856815402924149,-0.01642068046066925,-0.0160004594648128,0.0017330375556480595,-0.03635873462826308,-0.03919041710695393,0.0003689224002279903,0.4587116146213702,-0.019148910771509386,0.0017330375556480595,-0.04087130109037972,0.0767593711037517,0.0009960477317858894,-0.022821035241913135,-0.04191864741779406,0.012645958799008586,0.0003689224002279903,0.08357994688085203,0.02041042873567254,-0.0282774958635934,-0.04328276257321413,0.13678043794223463,0.0017330375556480595,-0.005087538221452272,-0.007815768532292407,0.05278027006552614,-0.02773458572652556,-0.011908113998552605,-0.04045108009452328,0.03856414675198985,-0.002359307910612139,0.018729544752246752,0.020985400495008164,-0.018728689775652937,0.02219476488694905,-0.031005726174433534,-0.037826301951533865,-0.0160004594648128,-0.04286254157735768,-0.007815768532292407,-0.04328276257321413,0.01673830426526878,0.0003689224002279903,-0.026913380708173337,-0.04328276257321413,-0.031005726174433534,-0.0364621867961138,0.004461267866488188,0.009917728488168456,-0.013272229153972673,-0.006451653376872341,0.012645958799008586,-0.042442320581501235,-0.017364574620232873,-0.04328276257321413,-0.0009951927551920788,-0.03457439847698656,-0.0282774958635934,-0.033733956485273664,0.029590312423385008,-0.037826301951533865,0.001467567323270789,-0.04191864741779406
fusiform-rh,-0.0004242091736089608,-0.044966172402549846,0.007291865779191901,0.006033567397772066,-0.043269335708114004,0.003789224283666531,0.03425497407787363,-0.007455151321272321,0.005185149050554152,-0.01926136248528794,-0.036949185522200764,-0.005348434592634577,-0.001135001135359087,0.5166931049359174,-0.043269335708114004,-0.013365421472983663,-0.015882018235823307,0.04519843775526426,-0.028522318607649783,-0.01798873496446105,-0.001135001135359087,-0.005348434592634577,-0.020095451693098797,0.03425497407787363,0.038892616708758085,0.005185149050554152,0.0009717155932786624,0.038892616708758085,-0.003241717863996832,0.051532917080584564,0.03538997521323272,-0.027573596284582454,-0.01798873496446105,-0.04454196322894089,-0.01377530150718556,0.06206650072377328,-0.022216497561143606,-0.0004242091736089608,-0.030629035336287525,-0.020095451693098797,-0.043269335708114004,-0.03905590225083851,-0.024308885150374288,0.0013959247668876198,-0.043269335708114004,-0.043269335708114004,0.02414559960829387,-0.009561868049910067,-0.030629035336287525,-0.043269335708114004,-0.028522318607649783,-0.01798873496446105,0.0030784323219164027,-0.003241717863996832,-0.011668584778547816,-0.028522318607649783,0.022038882879656118,-0.029780616989069607,-0.043269335708114004,-0.043269335708114004,0.0009717155932786624,-0.032325872030723374,-0.022202168421736543,-0.043269335708114004,0.0901646101578141,0.011505299236467391,0.046757648064232306,-0.020095451693098797
inferiorparietal-lh,0.13161836521860007,-0.027358501728045718,-0.028611808549385626,-0.042442320581501235,-0.04328276257321413,-0.0004202209958564479,-0.029032029545242075,-0.005138282111260021,-0.04328276257321413,-0.03280666234172067,-0.03741438096368273,-0.04328276257321413,0.062348106398351096,-0.043702983569070576,0.6843965570086796,-0.044963646556639925,0.0916900144460081,-0.03658129513819927,0.00659848110780278,-0.04328276257321413,-0.019809236135088525,-0.03154599935415133,0.08288744203171099,-0.043702983569070576,-0.03741438096368273,-0.04034857176844843,0.1063609684698366,-0.04328276257321413,-0.02274342693985423,-0.03741438096368273,0.1609602732662571,-0.02773458572652556,-0.04328276257321413,-0.04454342556078347,-0.025677617744619928,-0.04328276257321413,-0.018976150309605064,-0.0008404419917128958,0.00659848110780278,-0.04328276257321413,-0.04328276257321413,-0.04328276257321413,0.000730099498271375,0.024623846932253435,0.00659848110780278,-0.04328276257321413,-0.04328276257321413,-0.04328276257321413,0.01540105352209988,-0.04328276257321413,-0.019809236135088525,0.021269435131631285,-0.028611808549385626,-0.04328276257321413,-0.03154599935415133,-0.028611808549385626,-0.04328276257321413,-0.0013636493147814275,0.08288744203171099,0.009532671912568484,0.06821648800788248,-0.04412320456492703,-0.002204091306494323,-0.04328276257321413,-0.0004202209958564479,-0.03154599935415133,0.07209410713157317,-0.03154599935415133
inferiorparietal-rh,0.009019261259226613,0.040057579502959295,-0.03756926039467159,-0.04049876660013411,0.03986444820940578,0.0010408791663386794,0.001668033490536427,-0.0035739736904425046,0.005869161505176688,-0.0010683414213725692,-0.02434887112080472,-0.01679436296430937,-0.03756926039467159,-0.01721823690070195,-0.04323514151204311,0.6651931294529497,-0.030014752238176238,-0.02269098672451995,-0.009239854807814016,-0.02434887112080472,0.051196210444148814,-0.011128481846937857,-0.035680633355547754,-0.0002205935485874087,-0.02434887112080472,-0.014905735925185534,-0.007351227768690181,-0.03190337927730008,-0.007351227768690181,-0.039457887433795434,0.003353380141855097,0.027218378269073643,-0.0281261251990524,-0.04072950924297317,-0.0281261251990524,-0.0016853466513186643,-0.03968863007663449,-0.0004238739363925795,-0.0281261251990524,-0.04323514151204311,-0.04323514151204311,-0.04134651447291927,-0.02623749815992856,-0.04092264053652669,-0.01679436296430937,0.015312296700795876,0.007757788544300524,-0.04134651447291927,-0.01679436296430937,0.00964641558342437,0.04364170228765345,0.007757788544300524,-0.02623749815992856,-0.007351227768690181,-0.01679436296430937,-0.04134651447291927,0.015312296700795876,-0.01783524213064805,0.015312296700795876,0.030421313013786592,-0.01679436296430937,0.03123144953728621,-0.0281261251990524,-0.013017108886061692,0.022239650533093475,-0.0035739736904425046,0.018655527748399323,0.02664405893553891
inferiortemporal-lh,0.11312887653185644,-0.03599924412024154,-0.007425152827620588,-0.015549113272306077,-0.03133022599134962,0.01302638265874113,-0.028762312841739936,-0.005931085754887525,0.017973987408841506,-0.014662084106122188,-0.03880056135501494,-0.0238598906276843,0.08670107275456246,-0.024280111623540747,0.03440872520890521,-0.03599924412024154,0.4900991823924899,-0.005044056588703636,-0.04328276257321413,-0.04178869550048107,0.03142059106343908,0.003033316681510864,0.0433731276453036,0.013071565194785865,-0.029836158918616552,-0.010413286973086716,0.028432456917972953,-0.0014488845366883326,-0.007425152827620588,-0.016389555264018973,0.06830686434986451,-0.018770183290127175,-0.016389555264018973,-0.04454342556078347,0.0642900666635665,-0.013401421118552845,0.008402547065893945,-0.0008404419917128958,0.006021450826976992,-0.014895488191285909,-0.0238598906276843,-0.020871756482218166,-0.013401421118552845,-0.02642780377729398,-0.03133022599134962,-0.04178869550048107,-0.01190735404581978,-0.020871756482218166,-0.037306494282281874,-0.04328276257321413,-0.03282429306408268,-0.022365823554951234,0.025444322772506824,-0.0029429516094213967,0.013491786190642313,-0.008919219900353654,-0.007425152827620588,-0.039454186436035106,0.013491786190642313,-0.03880056135501494,0.017973987408841506,-0.036652869201261706,-0.0238598906276843,-0.03880056135501494,0.011532315586008066,-0.025353957700417363,0.013680007739761298,-0.04178869550048107
inferiortemporal-rh,0.03198352834948022,-0.006036427920875289,0.03891264292332151,0.011683262875811064,0.0043360060748979705,0.022907300441457494,-0.00474022183312476,-0.025918551167472628,-0.0129523123493138,-0.02505371745219669,-0.03672375018260498,-0.004308153137207915,0.03891264292332151,0.06009097225766937,-0.03672375018260498,-0.021163706542060585,0.008658085680950911,0.4581550610338991,-0.03456271037957851,-0.04320686959168439,0.012980165287003851,-0.0021471133341814446,0.0043360060748979705,0.010387056788060536,-0.0129523123493138,-0.04104582978865792,0.017302244893056793,-0.01511335215234027,0.058362001150559735,0.017302244893056793,0.0038900109101360977,0.013407359718824934,0.006497045877924441,-0.04450307567943493,0.006497045877924441,0.015141205090030321,-0.01943473543495096,-0.000432068695916844,-0.038884789985631454,-0.028079590970499096,-0.04320686959168439,-0.028079590970499096,-0.023757511364446152,-0.042774800895767545,-0.03672375018260498,-0.021596471561419688,0.015141205090030321,-0.00646919294023439,-0.04320686959168439,-0.03240167057655204,-0.03240167057655204,-0.03456271037957851,0.043234722529374436,0.006497045877924441,0.07781135937779797,-0.01511335215234027,0.006497045877924441,-0.04234273219985071,0.0043360060748979705,-0.030240630773525567,-0.030240630773525567,-0.02375611871756165,-0.021596471561419688,-0.04104582978865792,0.04711080697066552,-0.00863023274326086,-0.0021603434795842195,-0.028079590970499096
insula-lh,0.003986594733566949,-0.03395305682747986,-0.0410775594605771,-0.03581793447595515,0.007442760195860987,-0.00042434341701833077,0.029073107531769057,-0.019022868707650693,-0.014611930557065413,-0.04235058971163209,-0.007995523331187495,-0.019022868707650693,-0.019022868707650693,-0.037090964727010144,0.005237291120568349,-0.01851477330043138,-0.04328302853586973,-0.034377400244498195,0.6558506683318972,0.011853698346446272,-0.012406461481772775,-0.012406461481772775,-0.027844745008821253,-0.019447212124669027,0.05816854892759171,-0.023433806858235977,-0.0035845851806022154,-0.0410775594605771,-0.03446115223469917,0.03831932724995795,0.09441082682056519,0.0032942449479054624,-0.04328302853586973,-0.04455605878692472,-0.027844745008821253,-0.030050214084113895,-0.0035008331904012287,0.048095976239419753,0.04934667262642116,-0.04328302853586973,0.0030318220452757116,-0.04328302853586973,0.0361138581746653,-0.02521493251651028,-0.025639275933528615,0.0030318220452757116,-0.03666662130999181,-0.0410775594605771,0.0008263529699830647,-0.04328302853586973,0.0030318220452757116,-0.001379116105309573,-0.023433806858235977,0.0008263529699830647,-0.030050214084113895,-0.0035845851806022154,-0.025639275933528615,-0.026996058174784596,0.005237291120568349,0.014059167421738909,0.027291981873494745,-0.04455605878692472,-0.0035845851806022154,-0.027844745008821253,0.06794519791705352,-0.030050214084113895,0.025192598652456686,-0.025639275933528615
insula-rh,0.027594989073863686,-0.036974878635119626,-0.035277504967046305,-0.040432960809627216,-0.035277504967046305,0.01358532282842268,-0.035701848384064636,-0.017265076937193577,-0.021267838721605294,-0.02854501164927786,-0.04328302853586973,-0.04128164764366388,-0.04128164764366388,-0.011685277677594332,-0.04328302853586973,-0.02496659328188447,-0.04328302853586973,-0.04340336472875553,0.0007473510926591504,0.611168523215446,-0.03127474318263458,-0.021267838721605294,-0.0012540297995467101,-0.021692182138623624,-0.011260934260575999,0.09681363391854035,-0.04128164764366388,-0.005256791583958422,-0.04328302853586973,0.018759779122511876,0.015586703720628538,0.10450881677939516,-0.04328302853586973,0.03750055779351547,-0.005256791583958422,-0.02527060050601701,-0.01738541313007937,0.1036474629776863,-0.017265076937193577,0.0367722071523646,-0.01326231515278186,0.052783254290011475,-0.007258172476164283,0.009177218078500917,-0.029273362290428727,-0.035277504967046305,-0.03928026675145802,-0.04328302853586973,-0.005256791583958422,0.016758398230306015,-0.015263696044987715,-0.03928026675145802,-0.033276124074840444,-0.015263696044987715,-0.033276124074840444,-0.019266457829399432,-0.021267838721605294,-0.0024067238577159095,-0.01326231515278186,0.004750112877070872,0.002748731984865011,-0.01253396451163099,-0.035277504967046305,-0.04328302853586973,0.047608797995922277,0.018759779122511876,0.05276425383850319,0.012755636445894305
isthmuscingulate-lh,0.0347009209050845,-0.044963646556639925,0.008696527440178467,-0.003106641652447377,-0.0039470836441602725,0.0023894703562188277,0.03496837428903714,-0.027829460136800113,0.012911064468291381,-0.030494968800407096,-0.036258534193025944,-0.01799554040453665,0.019935292848479568,-0.0184157614003931,-0.029234305812837754,0.012635026160903227,0.012911064468291381,-0.014477262679668338,-0.0236149231086872,-0.03766337986906358,0.4666762178284483,0.10844057043885075,-0.0011373922920849973,-0.004367304640016721,-0.015185849052461375,-0.01799554040453665,0.04662736069319469,0.03117405825678067,0.011506218792253742,0.0016722990599902783,0.006604007384331741,-0.02632974005048792,-0.020805231756611926,-0.019256203392105993,0.010101373116216105,0.022744984200554846,-0.036954793496270545,0.000564403684324742,-0.006756774996235548,0.007291681764140829,-0.02501976878472484,-0.03485368851698831,-0.0011373922920849973,0.009116748436034916,-0.04328276257321413,-0.0011373922920849973,0.0016722990599902783,-0.016590694728499014,-0.041877916897176494,-0.020805231756611926,0.024149829876592484,-0.0039470836441602725,0.011506218792253742,-0.012376157700386099,0.005886836088103192,-0.01799554040453665,-0.009566466348310824,-0.03822778355338832,-0.029234305812837754,-0.03766337986906358,-0.015185849052461375,-0.024455365100400098,-0.002542237968122635,-0.041877916897176494,0.015033081440557568,-0.04328276257321413,0.019812022152995223,-0.041877916897176494
isthmuscingulate-rh,-0.0004202209958564479,-0.044963646556639925,0.006774399787274026,-0.012104646423629625,-0.031147692910065482,0.010197964959398615,0.05034380632033141,-0.022046390662704005,0.01435881832674193,-0.04454342556078347,-0.03873211144953339,-0.01142820470744894,-0.003843786167981037,0.00028664395984325886,-0.031147692910065482,-0.02069350723034263,0.00525751607938045,-0.022630611934092663,-0.025080158078491163,-0.026597041786384747,0.12205756158718616,0.3632420711422655,-0.009911320999555362,0.047310038904544244,-0.03721522774163981,-0.04024899515742697,0.00829128349516761,0.08868612001352737,-0.01901262324691684,-0.006877553583768197,0.005647313835717874,-0.012565748647589754,-0.0144619721232361,-0.014205751402911864,-0.01901262324691684,0.0871692363056338,-0.0271812630577734,0.01281151137932933,-0.01597885583112968,-0.03721522774163981,-0.025080158078491163,-0.03266457661795907,0.06441598068723009,0.02236345786206628,-0.03873211144953339,-0.006877553583768197,0.01739258574252909,-0.01901262324691684,-0.023563274370597583,-0.026597041786384747,0.029527655405677738,0.015875702034635515,0.00525751607938045,-0.005360669875874617,0.012841934618848345,-0.02963080920217191,-0.012945088415342521,-0.030307250918352586,0.01739258574252909,-0.01749573953902326,-0.025080158078491163,-0.03350501860967196,-0.012945088415342521,-0.01901262324691684,0.025366802038334423,-0.04328276257321413,-0.0012606629875693436,-0.04024899515742697
lateraloccipital-lh,0.054524342810497436,-0.04498040220394306,-0.02201256935102492,-0.022936420782391997,-0.023785107616428654,0.013755962706211544,0.03251177345947252,0.006348042895434837,-0.04328302853586973,-0.04455605878692472,-0.030875260678043588,-0.032647798943447326,0.13574333626990745,-0.02952706582965819,0.05597911432673941,-0.03080009608071318,0.050661499530528196,-0.009953980312886699,-0.023785107616428654,-0.014922416289409983,0.006348042895434837,-0.011377339758602514,0.6285089740521457,0.0112413142746277,-0.02910272241263986,-0.016694954554813717,0.10383764749264024,0.022300887284068444,-0.02910272241263986,-0.03442033720885106,0.10592795250720573,0.0025508284056719893,-0.03442033720885106,-0.03214829092909858,-0.002514648431583838,-0.011377339758602514,-0.031224439497731515,0.017301039237019016,-0.03973795200506226,0.002802966364627367,-0.04328302853586973,-0.02555764588183239,0.011665657691646033,-0.041086146853447664,-0.04328302853586973,-0.027330184147236123,-0.011377339758602514,-0.03442033720885106,-0.036192875474254795,-0.018467492820217448,-0.032647798943447326,-0.036192875474254795,-0.023785107616428654,-0.03442033720885106,-0.006059724962391308,-0.02201256935102492,-0.02201256935102492,-0.03888926517102561,0.045343884734317,-0.04328302853586973,-0.0007421101661801032,-0.01974052307127244,-0.032647798943447326,-0.030875260678043588,-0.00042434341701833077,-0.036192875474254795,0.009362199341367415,-0.009604801493198778
lateraloccipital-rh,-0.0004242091736089608,-0.044966172402549846,0.006538680924380029,-0.0019519038469946873,-0.03859983414881768,0.04160130486005788,0.02479247798795632,0.02521668716156529,0.020547185602268973,-0.04454196322894089,-0.03859983414881768,-0.012139325312805233,0.028329688201096163,0.032574980586783514,-0.04171283518834856,-0.010723160967710204,0.022103686122034408,-0.008034369101788284,-0.026147829990694177,-0.026147829990694177,0.006538680924380029,0.0579031980766395,0.003425679884849147,0.38590059857353803,-0.012139325312805233,-0.01680882687210155,-0.010582824793039796,0.09525921055101003,0.0003126788453182749,0.04389469339875055,0.012027794984514546,-0.01200859108692807,0.022103686122034408,-0.042985462709175457,-0.023034828951163305,0.001869179365083711,-0.031381876898269864,0.007358293425218231,-0.019921827911632425,-0.043269335708114004,-0.043269335708114004,-0.04015633466858312,0.039225191839454235,0.01630189321658161,-0.043269335708114004,-0.043269335708114004,0.003425679884849147,-0.019921827911632425,-0.02459132947092874,-0.030817331549990494,-0.01525232635233611,0.018990685082503535,0.026773187681330725,-0.004356822713978042,-0.0012438216744471613,-0.019921827911632425,0.001869179365083711,-0.006621405406291005,-0.030817331549990494,-0.026147829990694177,-0.005913323233743478,-0.02628816616536459,-0.019921827911632425,-0.043269335708114004,0.040044804340292436,-0.03859983414881768,0.04344167837876187,-0.03859983414881768
lateralorbitofrontal-lh,-0.0004202209958564479,0.011200759633011398,-0.02522991772654049,-0.012354245837045173,-0.0292416610258013,0.051732441894534055,0.03452601076651519,-0.01520055947838847,0.016893386915697996,-0.04454342556078347,-0.01520055947838847,-0.02322404607691009,-0.011188816179127665,0.038537754065775996,-0.03726514762432292,-0.014875571812183859,-0.02522991772654049,0.0007511803890029215,0.03895797506163244,-0.021218174427279683,0.010875771966806782,-0.03325340432506211,-0.027235789376170896,-0.013614908824614516,0.4541734065351261,0.010875771966806782,-0.011188816179127665,-0.031247532675431705,0.06102256320756688,0.014887515266067589,0.061761800142686084,0.014388718915712926,0.0008464137186547626,-0.04454342556078347,-0.01520055947838847,-0.0292416610258013,-0.02131340775693152,0.02122414615422155,0.04096384671126284,-0.04127689092358373,0.0008464137186547626,-0.02322404607691009,-0.013194687828758067,-0.030827311679575257,-0.04127689092358373,-0.027235789376170896,-0.02522991772654049,-0.02522991772654049,-0.04328276257321413,-0.019212302777649282,-0.005171201230236451,0.002852285368285161,-0.02522991772654049,-0.02522991772654049,-0.02522991772654049,-0.019212302777649282,-0.003165329580606048,-0.020377732435566787,-0.03325340432506211,-0.013194687828758067,0.002852285368285161,-0.01202925817084056,-0.02322404607691009,0.0008464137186547626,0.14600840942716306,-0.04328276257321413,0.04688025660356036,-0.04328276257321413
lateralorbitofrontal-rh,0.07973343954152545,-0.04498040220394306,-0.022671027203672763,-0.026402785110124324,-0.03412213905489331,-0.00042434341701833077,-0.009354036399226448,-0.03183191668464919,-0.03412213905489331,0.010409278098933867,-0.04328302853586973,-0.04328302853586973,-0.03641236142513741,0.004387297822238195,-0.04328302853586973,-0.010627066650281437,0.007101863609500635,-0.03853407851022907,-0.006639470611964009,0.0826792018275562,-0.006639470611964009,-0.04328302853586973,0.00023119649876831522,-0.018514925880202884,0.004811641239256528,0.5933987903919923,-0.029541694314405086,0.0025214188690124216,-0.04328302853586973,0.004811641239256528,0.0087365460639581,0.041124349001131745,-0.01809058246318455,-0.033104946935704184,0.025423642571453506,-0.04328302853586973,-0.03624385613998496,0.022477880285422747,0.00939208597974475,0.15367609530512352,0.011682308349988856,0.00023119649876831522,-0.029541694314405086,-0.03598801800811908,-0.011219915352452226,-0.024961249573916874,-0.03412213905489331,-0.038702583795381516,-0.002059025871475791,0.016262753090477068,0.016262753090477068,-0.038702583795381516,-0.04099280616562563,-0.01809058246318455,-0.04328302853586973,0.00939208597974475,-0.02725147194416098,-0.04014411933158897,-0.004349248241719902,-0.011219915352452226,-0.03183191668464919,-0.028524502195215972,-0.024961249573916874,-0.04328302853586973,0.033928992136643285,0.04145519916316226,0.04682163952407127,0.00023119649876831522
lingual-lh,0.07107963139356749,-0.044963646556639925,-0.004503181616238435,-0.010933911053958483,0.003979851718100002,0.002003502813954533,-0.0024996788022839038,0.007615437432816467,-0.01177435304567138,-0.04454342556078347,-0.0347997292388757,-0.005715043521143926,0.12395418030374356,-0.01704202166114979,0.019734056481871372,-0.014667098934002662,0.020945918386776865,-0.012663596120048127,-0.01662180066529334,-0.04207090066830864,0.04397129457998118,0.0003442660033835269,0.05124246600941414,-0.008558988326811358,-0.027528557809442755,-0.03843531495359217,0.3808689041437076,-0.00813876733095491,-0.01540993876038785,-0.019045524475104325,0.10622362663582671,-0.02773458572652556,-0.025104833999631777,-0.04454342556078347,0.011251023147532941,0.005191713623005484,-0.007816148500426166,0.006430729437720047,-0.031164143524159225,-0.004503181616238435,-0.03843531495359217,-0.0347997292388757,0.01852219457696588,-0.013777855859625909,-0.029952281619253732,-0.01662180066529334,0.03306453743583177,-0.0020794578064274563,-0.04207090066830864,-0.04328276257321413,-0.010562491140765887,0.03912384696035922,-0.01540993876038785,-0.003291319711332948,-0.00813876733095491,-0.026316695904537262,0.019734056481871372,-0.042442320581501235,-0.01540993876038785,-0.0347997292388757,0.007615437432816467,-0.013826656942289767,0.027005227911304313,-0.04328276257321413,0.005639088528671004,-0.04328276257321413,0.029035884635067916,-0.036011591143781184
lingual-rh,-0.00042434341701833077,-0.04498040220394306,-0.015584695167431424,-0.017994635788505162,-0.028619204987872984,0.006092911493202447,0.03449968696976127,0.010484324473451687,0.03655334411433481,-0.020116352873596807,-0.038395087353204155,-0.022101950077652206,0.02026020683878285,0.013318608511543742,-0.04328302853586973,-0.040092461021277476,0.008855010745896489,-0.01770641225252308,-0.038395087353204155,-0.022101950077652206,0.02026020683878285,0.08543275594099066,0.008855010745896489,0.08663772625152749,-0.031877832442983374,-0.01395538143987623,-0.0058088128021002595,0.5106836388328965,-0.0237312638052074,-0.009067440257210648,0.004463597765647253,-0.009659871103084356,-0.026989891260317787,-0.005452529325600055,-0.018843322622541816,0.0055963832907861,-0.033999549528075025,0.004463597765647253,-0.03513645989809376,-0.04328302853586973,-0.04328302853586973,-0.01395538143987623,0.08380344221343544,0.03371906007624275,-0.04328302853586973,-0.040024401080759345,0.0007084421081205223,-0.017214008894986622,-0.017214008894986622,0.0007084421081205223,-0.009067440257210648,0.05936373630010752,-0.004179499074545065,0.0023377558356757117,-0.01395538143987623,-0.03024851871542818,-0.002550185346989871,-0.026141204426281133,-0.025360577532762593,-0.018843322622541816,-0.028619204987872984,-0.01522841169093122,-0.0237312638052074,-0.03676577362564896,0.03379124486164076,-0.03024851871542818,0.013390793296941761,-0.03676577362564896
medialorbitofrontal-lh,-0.0004202209958564479,0.015602080533600602,0.0293961099350745,0.05930810093010284,-0.03843750440599489,0.031073957091068624,-0.02674457998380323,-0.023901729904337168,-0.0020980681518505753,-0.04454342556078347,-0.036014875322385266,0.03666399718590336,0.017282964517026395,-0.004940918231316645,-0.026324358987946783,0.0034889351155524937,0.014860335433416772,0.06847969937715581,-0.03843750440599489,-0.04328276257321413,0.06331291710560918,0.005169819098978285,-0.028746988071556404,0.01928537260477957,0.03666399718590336,-0.04328276257321413,0.00032456093175905093,-0.014211213569898679,0.37583206889125037,0.024550851767855257,-0.0004202209958564479,0.018295366862057235,0.0027471900153686634,-0.04454342556078347,-0.0069433263190698145,0.019705593600636014,-0.01873494763279054,-0.0008404419917128958,-0.026324358987946783,-0.04328276257321413,-0.026324358987946783,-0.026324358987946783,-0.02147910082072754,-0.04286254157735768,-0.036014875322385266,-0.04328276257321413,0.017282964517026395,0.010015077266197528,-0.04328276257321413,-0.028746988071556404,-0.023901729904337168,-0.009365955402679435,0.1311465314466786,0.005169819098978285,0.01243770634980715,0.031818739018684115,0.03908662626951298,-0.00852551341096654,-0.04328276257321413,-0.04328276257321413,-0.03359224623877565,-0.039277946397707784,-0.019056471737117924,-0.04328276257321413,0.014115553505801277,-0.04328276257321413,0.020542998764917247,-0.036014875322385266
medialorbitofrontal-rh,-0.00042434341701833077,-0.04498040220394306,0.014082755326287489,0.029272888125863455,-0.04328302853586973,0.003161018074366496,-0.015024480021809457,0.014082755326287489,0.04814368949444334,-0.04455605878692472,-0.03790498629879249,-0.00922209436771388,-0.003844052130636642,0.04054862309465536,-0.03252694406171525,-0.03960235996686581,-0.007429413622021469,0.0012049537670413566,0.021253478309057144,0.012290074580595077,0.0284242012918268,0.010497393834902667,-0.03969766704448491,0.060268111297271915,0.014082755326287489,0.015875436071979908,-0.016392817350483535,0.005119351597825423,0.005119351597825423,0.31525312060261296,0.02467318702267545,-0.027582322106191496,-0.016392817350483535,-0.03738533580415507,-0.01818549809617595,0.005119351597825423,-0.029270618909729672,0.00495369882005891,-0.014600136604791123,-0.03073426331602284,-0.04328302853586973,-0.03252694406171525,-0.00922209436771388,0.05932411738561616,-0.04328302853586973,-0.04328302853586973,0.001533990106440601,-0.011014775113406296,-0.011014775113406296,-0.03431962480740767,-0.027148901824638017,-0.016392817350483535,0.07324121993413714,0.03559492427459645,0.012290074580595077,0.019460797563364732,-0.00922209436771388,-0.022714853499216533,-0.03790498629879249,-0.019978178841868362,0.024838839800441975,-0.0409706972955399,-0.025356221078945605,-0.04328302853586973,0.07666092864775544,-0.03790498629879249,0.08298296479648844,-0.04149034779017732
middletemporal-lh,-0.30003215838171815,0.0036087198502901276,0.0015983372449259218,-0.004432810571166694,0.04381637195757424,-0.3884889930177432,0.06794096322194472,-0.004432810571166694,0.035774841536117416,0.017681398087839566,-0.004432810571166694,-0.004432810571166694,0.08000325885412994,0.017681398087839566,0.12021091096141406,0.0036087198502901276,0.12423167617214247,-0.004432810571166694,0.09608631969704359,0.007629485061018538,0.0015983372449259218,0.01165025027174695,0.1362939718043277,0.021702163298567976,0.06593058061658051,-0.0004120453604382835,0.14031473701505612,0.009639867666382746,-0.004432810571166694,0.013660632877111159,0.2584421605490927,-0.0842234008521672,0.01165025027174695,-0.002422427965802489,0.009639867666382746,-0.004432810571166694,-0.004432810571166694,-0.36111788306669373,0.023712545903932184,0.007629485061018538,0.0015983372449259218,0.0015983372449259218,0.05185790237903107,0.025722928509296392,-0.002422427965802489,-0.004432810571166694,0.035774841536117416,0.01969178069320377,0.007629485061018538,0.0015983372449259218,0.013660632877111159,0.04984751977366686,0.01165025027174695,0.017681398087839566,0.03376445893075321,-0.004432810571166694,0.01969178069320377,-0.004432810571166694,0.05386828498439527,0.005619102455654334,0.08201364145949416,0.03778522414148162,0.029743693720024802,0.0015983372449259218,-0.35755900741323077,0.013660632877111159,-0.31199476562024897,0.009639867666382746
middletemporal-rh,0.015155490085801304,0.07766897548281002,-0.042480331401051404,-0.042480331401051404,-0.02921636636905359,0.003009428511725896,-0.041362427943129,-0.020058468838754465,-0.0419213796720902,-0.041362427943129,-0.019499517109793262,-0.029775318098014793,-0.0419213796720902,-0.041362427943129,-0.0419213796720902,0.019367879927248047,-0.02734610578319971,0.027773420329615706,-0.009782667850532932,0.09224424937170052,-0.03463374272764495,-0.01762925652393938,0.0023633937235424743,-0.02192872942460834,-0.0054831949498639725,0.03394315381613854,-0.0419213796720902,-6.581859127260447e-05,0.011521291253841597,-0.041362427943129,-0.0067074207475344315,0.6765006951929401,-0.041362427943129,0.015068407026579087,-0.0419213796720902,-0.009782667850532932,-0.014082140751201894,-0.026270731261176527,-0.012770831894309219,-0.03220453041282987,0.02123814051310193,-0.03164557868386867,-0.02734610578319971,-0.042480331401051404,0.011521291253841597,-0.01707030479497818,-0.03706295504246004,-0.0419213796720902,0.04123079076058379,0.019367879927248047,0.0042336543093963565,-0.0419213796720902,-0.024916893468384625,-0.041362427943129,-0.024916893468384625,-0.03650400331349884,0.016379715883471764,-0.023605584611491943,-0.0024950309060876876,0.012080242982802799,-0.029775318098014793,0.0998974326461367,-0.0419213796720902,-0.019499517109793262,0.01889601125750906,0.001804441994581273,0.07513344082824688,0.006662866624211439
paracentral-lh,-0.00042434341701833077,-0.04498040220394306,0.015346987163870297,0.0010653473657159733,-0.04328302853586973,0.13385730544367658,-0.01533800951752999,-0.018696247758559402,-0.02058753858758327,-0.04077347712887698,-0.037609156048798116,-0.009239793613440043,0.00021666053167931643,-0.021011882004601603,-0.04328302853586973,-0.02606749391370434,-0.014913666100511659,-0.005687638211460082,-0.04328302853586973,-0.04328302853586973,-0.009239793613440043,0.003999242189727064,-0.030043992732702633,0.041400715353186165,-0.009239793613440043,-0.02815270190367876,-0.018696247758559402,-0.022478829416607143,0.003999242189727064,-0.013022375271487785,0.01848856487322039,-0.027582322106191496,0.6981029764414881,-0.006730242206447285,-0.024370120245631018,-0.013022375271487785,-0.030274418988770417,0.05064050896662621,-0.04328302853586973,-0.03950044687782199,-0.04328302853586973,-0.037609156048798116,-0.026261411074654885,-0.033402230973732044,-0.04328302853586973,-0.013022375271487785,0.03804247711215676,0.011564405505822549,0.019129568821918033,-0.03571786521977425,-0.0319352835617265,0.02291215047996578,-0.009239793613440043,0.04939022208629999,-0.016804956929535528,-0.018696247758559402,0.019129568821918033,0.06347794472350375,-0.02058753858758327,-0.026261411074654885,-0.005457211955392295,-0.02942573215473375,-0.018696247758559402,-0.018696247758559402,0.007140819899077157,-0.0016746302973445525,0.015748587210159853,-0.03950044687782199
paracentral-rh,-0.000432068695916844,-0.03964027686191474,-0.04320686959168439,-0.00835816205842692,-0.037912002078247374,-0.000864137391833688,-0.02775433574729018,-0.04320686959168439,-0.019379965781217805,-0.04450307567943493,-0.04320686959168439,-0.037912002078247374,-0.03261713456481035,-0.03569663701744571,-0.04320686959168439,-0.04493514437535177,-0.04320686959168439,-0.04536721307126861,-0.04320686959168439,0.04945331189346344,0.025626408082996863,0.020331540569559842,-0.016732532024499296,-0.03569663701744571,-0.04320686959168439,-0.008790230754343766,-0.04320686959168439,0.03356870935315239,-0.04320686959168439,-0.027322267051373333,0.007510232574238686,0.016921908629619807,-0.003495363240906745,0.9138679442526657,-0.003495363240906745,-0.040559435834965886,-0.04536721307126861,0.16106139046391227,-0.040559435834965886,-0.014085098267780786,-0.037912002078247374,-0.03526456832152886,-0.029969700808091842,-0.00835816205842692,0.007094371785967291,0.02297897432627835,-0.02467483329465482,0.04151101062330791,-0.003495363240906745,0.09710711951439663,0.004446938029248781,0.007094371785967291,-0.04320686959168439,-0.04320686959168439,-0.04320686959168439,-0.011437664511062276,-0.04320686959168439,0.002231572968447116,-0.014085098267780786,-0.019379965781217805,-0.04320686959168439,-0.02769931416607273,-0.040559435834965886,0.02297897432627835,0.04986917268173484,-0.006142796997625256,-0.0021603434795842195,-0.006142796997625256
parahippocampal-lh,0.06183409484478027,-0.044963646556639925,0.023886367675893916,0.02308853819811637,-0.01379387612238621,0.0028563219431244325,0.0005303461071712988,-0.03017659081729061,-0.005602518774934009,-0.0035866388235224747,-0.03836794816474281,-0.010517333183405328,0.06648142588264536,-0.015852368587733097,-0.03345313375627149,-0.03677228920918772,0.0730345117606071,0.008679090940688155,-0.03672967669525237,-0.015432147591876647,0.03863081090130787,-0.012155604652895769,0.005865381511499071,-0.014214097118242659,-0.015432147591876647,0.007503652980989511,0.05665179706570271,-0.02362350493932885,-0.012155604652895769,-0.012155604652895769,0.006132864882105312,-0.02773458572652556,-0.021985233469838408,-0.02979898233536951,0.4350925065179943,-0.012155604652895769,0.04144452033049696,-0.0008404419917128958,-0.03509140522576193,-0.0006877043664626853,-0.008879061713914886,0.002588838572518188,-0.010517333183405328,-0.019926741004491523,-0.007240790244424451,-0.04164449110372369,0.007503652980989511,-0.0006877043664626853,-0.028538319347800167,-0.04164449110372369,-0.02362350493932885,-0.015432147591876647,0.02716291061487479,0.033715996492836554,-0.010517333183405328,0.035354267962327,0.0009505671030277466,-0.042442320581501235,-0.03672967669525237,-0.04164449110372369,-0.028538319347800167,-0.016272589583589542,-0.010517333183405328,-0.04328276257321413,0.020877308107519275,-0.02034696200034797,0.015122051707335058,-0.04328276257321413
parahippocampal-rh,-0.00042434341701833077,-0.04498040220394306,0.03164130461852543,0.019268050307668823,-0.04328302853586973,0.00398297029794609,0.013587706341649413,0.0007901086137744808,-0.0014135482437077334,-0.02692680392706704,-0.0366720579634231,-0.0036172051011899428,0.014012049758667747,0.0752900983511513,-0.04328302853586973,0.014518332948076628,0.005197422328738899,0.01189033267357609,-0.0366720579634231,-0.014635489388600995,0.07571444176816963,0.11758392206033164,-0.008024518816154366,0.022402333771578253,-0.03446840110594089,-0.04328302853586973,0.03604861833348985,0.022826677188596583,0.01621570661614995,0.014012049758667747,-0.00042434341701833077,0.012083501328488296,-0.010228175673636576,-0.03794508821447809,-0.010228175673636576,0.40185565667553685,-0.018960863331174863,-0.00042434341701833077,-0.04328302853586973,-0.04328302853586973,-0.0036172051011899428,-0.038875714820905315,-0.008024518816154366,-0.03184040083144035,-0.04328302853586973,-0.01683914624608321,0.033844961476007636,-0.005820861958672152,-0.038875714820905315,-0.04107937167838752,0.022826677188596583,-0.0036172051011899428,0.027233990903561003,0.009604736043703318,0.014012049758667747,-0.012431832531118785,0.014012049758667747,-0.035823371129386446,-0.0366720579634231,-0.04328302853586973,-0.03446840110594089,-0.022519490212102616,-0.021246459961047626,-0.03446840110594089,0.017204911442839355,-0.03226474424845868,-0.0012730302510549922,-0.038875714820905315
parsopercularis-lh,0.00932349873042289,-0.04458319071895915,0.00589246366844984,0.01162592434902089,-0.02092604028710866,0.004018722575995688,-0.006726449928402406,0.022958784367441615,0.001016372040166482,-0.04415450619281531,-0.035554315171958756,-0.008735811216400248,0.08390992972098368,-0.0042884041142607215,-0.01848799447296698,-0.04214514490481747,0.0522153341371418,-0.0035650964046943915,-0.013611902844683612,-0.008735811216400248,-0.02092604028710866,-0.013611902844683612,-0.013611902844683612,-0.009164495742544085,-0.011173857030541932,-0.02580213191539203,0.054653379951283484,-0.023364086101250344,-0.0038597195881168857,-0.011173857030541932,-0.000428684526143838,-0.0006173057176471284,-0.011173857030541932,-0.04415450619281531,0.0936621129775504,-0.0014216737739752019,0.36131090716225,-0.000428684526143838,0.022958784367441615,-0.023364086101250344,0.020520738553299934,-0.028240177729533706,0.013206601110874888,-0.018059309946823143,0.06440556320785022,-0.04043040680024212,0.0522153341371418,0.015644646925016575,-0.028240177729533706,-0.0428684526143838,-0.035554315171958756,0.022958784367441615,-0.011173857030541932,0.00589246366844984,-0.016049948658825294,-0.03067822354367539,0.001016372040166482,-0.03957303774795443,-0.011173857030541932,0.00589246366844984,-0.035554315171958756,-0.02505232370784589,-0.008735811216400248,-0.0428684526143838,0.048332231756689804,-0.0428684526143838,-0.010288428627452112,-0.04043040680024212
parsopercularis-rh,-0.22205150692533115,-0.014670954023828503,-0.006908583940572862,-0.0035008960173761026,0.0023674855921552987,-0.22886688277172465,-0.011263266100631743,-0.017605144828594203,0.00284098271058636,-0.014670954023828503,-0.014670954023828503,-0.017605144828594203,0.0335101740193572,-0.014670954023828503,-0.017605144828594203,-0.014670954023828503,-0.017605144828594203,-0.014670954023828503,0.0534828044401067,0.18297494552158358,-0.017605144828594203,0.013064046480176637,0.01599823728494234,-0.0010402023310414608,0.0335101740193572,0.0364443648241229,0.013064046480176637,-0.004447890254238221,-0.017605144828594203,0.00577517351535206,-0.20794725811411305,-0.18485402070023915,0.060298180286500226,0.20342107306076415,-0.007382081059003922,-0.014670954023828503,-0.011263266100631743,0.5328557611282322,0.02669479817296368,0.05395630155853777,-0.007382081059003922,0.04666742859371318,0.06077167740493129,0.07146823829295264,-0.017605144828594203,-0.014670954023828503,-0.017605144828594203,0.023287110249766922,0.022813613131335862,0.0534828044401067,0.0164717344033734,-0.003974393135807161,-0.017605144828594203,-0.014670954023828503,-0.017605144828594203,0.060298180286500226,0.02669479817296368,-0.010316271863769622,-0.014670954023828503,-0.004447890254238221,-0.007382081059003922,0.042312746433654305,-0.014197456905397442,-0.014670954023828503,-0.234261767262825,0.01987942232657016,-0.20832754713836477,0.00284098271058636
parsorbitalis-lh,-0.0004202209958564479,-0.044963646556639925,-0.04328276257321413,-0.03634720604614703,-0.0067120753610889,-0.0004202209958564479,-0.011195706047181482,0.0034464488645014474,0.02376349731568213,-0.04454342556078347,-0.04125105772809606,-0.04125105772809606,-0.00264866567085276,-0.02744934480812603,0.0034464488645014474,-0.03277341748593151,0.02173179247056406,-0.04538386755249637,0.019700087625445988,-0.010775485051325036,0.017668382780327924,-0.004680370515970827,-0.03515594319274185,-0.025417639963007964,0.029858611851036332,-0.00264866567085276,-0.01483889474156117,-0.03109253350250572,-0.02702912381226958,-0.01483889474156117,0.009738303229733895,0.0007092821051274009,-0.04328276257321413,-0.04048001587054734,-0.04328276257321413,-0.04328276257321413,0.02572580202663603,0.027603425839940063,0.6576554089925194,-0.016870599586679243,0.07658782328875192,-0.04328276257321413,0.017668382780327924,0.0160568989310663,-0.016870599586679243,0.017668382780327924,-0.04328276257321413,-0.04328276257321413,0.02173179247056406,-0.03109253350250572,0.025795202160800196,0.001414744019383375,-0.02906082865738765,-0.022965714122033444,0.035953726386390536,-0.03109253350250572,-0.020934009276915376,-0.013998452749848275,0.01360497309009179,-0.004680370515970827,0.009541563399855646,-0.03396468033933668,-0.039219352882977995,-0.02702912381226958,0.06865774373815788,-0.03718764803785992,0.05765877752085464,-0.03312423834762379
parsorbitalis-rh,0.11582934252118143,-0.044963646556639925,-0.024358415023928895,-0.004593625482930767,-0.027061893245255358,0.002283257225470014,-0.00855776669182657,-0.04328276257321413,-0.03517232790923474,-0.022915599790171777,-0.04057928435188767,-0.013544502138623047,0.1108154960423942,-0.03288907068376473,-0.04328276257321413,-0.044963646556639925,-0.013544502138623047,-0.026459520003211133,-0.03517232790923474,0.03511810584525327,0.05674593161586497,-0.021654936802602436,0.027007671181273885,-0.043702983569070576,-0.04328276257321413,0.13514680003433235,0.07026332272249727,-0.03246884968790828,-0.04328276257321413,-0.03517232790923474,0.04013195232404049,-0.01692067284121971,-0.024358415023928895,0.004119182423092846,0.01078680185331511,-0.04328276257321413,-0.012942128896578826,0.07215346998410158,-0.013544502138623047,0.7434293998327862,-0.013544502138623047,0.002676367189335721,-0.04328276257321413,-0.029345150470725376,-0.0027305892533171982,-0.04328276257321413,-0.04328276257321413,-0.008137545695970123,-0.029765371466581824,-0.03246884968790828,0.00808332363198865,-0.027061893245255358,-0.04328276257321413,-0.005434067474643663,-0.04328276257321413,0.04052506228790619,-2.711103199073857e-05,-0.03433188591752185,-0.04328276257321413,-0.04328276257321413,-0.037875806130561206,-0.030605813458294717,-0.029765371466581824,-0.04328276257321413,0.0049867354467964765,-0.024358415023928895,0.006849771676410043,-0.04328276257321413
parstriangularis-lh,-0.0004202209958564479,-0.044963646556639925,-0.04328276257321413,-0.03461210044849145,-0.00804677197467011,-0.0004202209958564479,-0.01629721310353634,-0.04328276257321413,-0.03153743237369946,-0.04454342556078347,-0.04328276257321413,-0.019792102174184784,-0.027622322307194566,-0.043702983569070576,-0.03153743237369946,-0.04104853649013503,-0.015876992107679892,-0.04538386755249637,0.019358998490864122,-0.00804677197467011,0.015443888424359238,0.0036985582248445664,-0.04328276257321413,-0.043702983569070576,0.06242520922241793,0.04676476895639837,-0.027622322307194566,-0.04328276257321413,-0.015876992107679892,-0.04328276257321413,0.011325109203658226,0.06622805586959184,-0.04328276257321413,-0.04454342556078347,0.023274108557369017,0.02718921862387391,0.029003223711096565,0.01873510834081156,0.22294472194911846,-0.011961882041175004,0.778890351392813,-0.027622322307194566,-0.04328276257321413,-0.023286991244833227,-0.00804677197467011,-0.04328276257321413,0.0036985582248445664,0.0036985582248445664,0.04284965888989348,-0.04328276257321413,-0.011961882041175004,-0.019792102174184784,-0.04328276257321413,-0.04328276257321413,0.031104328690378803,-0.04328276257321413,-0.011961882041175004,-0.042442320581501235,-0.03545254244020435,-0.027622322307194566,-0.04328276257321413,-0.01671743409939279,-0.023707212240689675,-0.004131661908165221,0.07788198033424137,-0.03936765250670924,-0.0012606629875693436,-0.027622322307194566
parstriangularis-rh,0.0359808655724276,-0.04498040220394306,-0.031147958872721086,-0.03029927203868443,-0.023057912430621993,0.03193584235137805,-0.03157230228973942,-0.031147958872721086,-0.031147958872721086,-0.04455605878692472,-0.031147958872721086,-0.014967865988522898,-0.010922842767473349,-0.03157230228973942,-0.04328302853586973,-0.04498040220394306,0.02952738944302213,-0.013044559852565005,-0.04328302853586973,0.146833062853459,-0.023057912430621993,-0.027102935651671545,0.0012122268956752938,-0.03157230228973942,0.005257250116724847,0.021437343000923037,-0.010922842767473349,0.02952738944302213,-0.002832796325374254,0.00930227333777439,0.007665703025080766,-0.019492275664092402,-0.031147958872721086,-0.040511035565875174,0.06593259843246807,-0.031147958872721086,-0.013044559852565005,0.0359808655724276,-0.04328302853586973,0.017392319779873485,-0.023057912430621993,0.7899917550003372,0.033572412664071676,-0.02667859223465321,-0.031147958872721086,-0.04328302853586973,-0.019012889209572444,-0.031147958872721086,-0.04328302853586973,0.017392319779873485,-0.027102935651671545,-0.027102935651671545,-0.031147958872721086,-0.027102935651671545,-0.031147958872721086,0.05784255199036896,-0.019012889209572444,-0.04243434170183308,-0.04328302853586973,-0.04328302853586973,0.0012122268956752938,0.016119289528818494,0.017392319779873485,-0.04328302853586973,0.011710726246130315,-0.019012889209572444,-0.0012730302510549922,-0.03519298209377064
pericalcarine-lh,-0.0004202209958564479,-0.044963646556639925,-0.018622069280746542,-0.019322920619812868,-0.03249370925775956,0.0026623656657020008,0.03798556296222831,0.02145155731951329,0.01374509066561717,-0.04454342556078347,-0.03865888258087646,-0.018622069280746542,-0.0016678426421750736,-0.03137263692283678,-0.013998189288408867,-0.04033976656430225,0.001414744019383375,-0.029970934244704126,0.004497330680941824,-0.00783301596529197,0.006038624011721048,0.05381871726587701,0.012203797334837946,0.039526856293007534,-0.02478724260386344,-0.03403500258853878,0.039947077288863986,0.09697493052769529,-0.027869829265421888,-0.017080775949967316,0.030405645619728038,-0.024651999064967112,-0.027869829265421888,-0.027589198922212007,-0.010915602626850419,-0.013998189288408867,-0.006851534283015761,0.03769189127776771,-0.006291722634512747,-0.04328276257321413,-0.04328276257321413,-0.00783301596529197,0.39752713002964407,0.04344988494627888,-0.013998189288408867,-0.04328276257321413,-0.026328535934642662,-0.027869829265421888,-0.027869829265421888,0.01374509066561717,0.004497330680941824,0.07385553056600692,-0.010915602626850419,-0.015539482619188092,-0.0001265493113958492,-0.023245949273084213,-0.012456895957629643,-0.013157747296695972,0.041488370619643215,0.022992850650292516,-0.02478724260386344,-0.016379924610900987,0.015286383996396395,-0.037117589250097234,0.025781765627390367,-0.04328276257321413,0.001821923673989105,-0.04328276257321413
pericalcarine-rh,0.01175804639523347,-0.044968148225435774,-0.027649837933758453,-0.028556297039253897,-0.031128243116061757,0.02219326194214339,0.022370665466811396,0.05931029162382425,0.019308632027336202,-0.04455177648260767,-0.04156345866297169,-0.034606648298365066,-0.03982425607182003,-0.005456575991615064,-0.008518609431090259,-0.03453293267852585,-0.02243223016030349,-0.043228945634284116,-0.025910635342606795,0.014091024253881241,0.012351821662729584,0.022787037209639507,-0.034606648298365066,0.05367631210754118,-0.02069302756915184,-0.02243223016030349,0.003655808706971318,0.04539667089461101,-0.04156345866297169,0.06452789939727921,0.029150072306750006,-0.027896906769483306,-0.024171432751455148,-0.014985332433029554,-0.01721462238684853,-0.034606648298365066,-0.024097717131615928,0.049187759914913635,-0.0033010016576352965,-0.03808505348066838,-0.03634585088951672,-0.03808505348066838,0.048875076076914326,0.47017847487844266,-0.02069302756915184,-0.04330266125412334,-0.03634585088951672,-0.03982425607182003,0.0019166061158196607,-0.03634585088951672,-0.005040204248786954,0.09583354603800899,0.0019166061158196607,0.003655808706971318,-0.02243223016030349,-0.005040204248786954,-0.03808505348066838,-0.014642676310040665,0.0019166061158196607,0.014091024253881241,0.014091024253881241,-0.018953824978000182,-0.0033010016576352965,-0.04330266125412334,0.048281300809418205,-0.04330266125412334,0.05962297546182356,-0.008518609431090259
postcentral-lh,0.018296581365949086,0.0058391027111179584,-0.035261275846726045,-0.042442320581501235,-0.04060893366438477,0.015622752457119728,-0.041029154660241214,-0.0031753289407736984,-0.02991361802906732,-0.04454342556078347,-0.03258744693789668,-0.01921830239374987,0.023562960147519924,-0.043702983569070576,0.0021723288768850284,-0.0182253574683463,-0.01921830239374987,-0.03736238082600828,-0.021892131302579235,-0.00584915784960306,-0.04328276257321413,-0.04328276257321413,-0.04328276257321413,-0.043702983569070576,-0.03258744693789668,-0.011196815667261781,-0.0031753289407736984,-0.04328276257321413,-0.04060893366438477,-0.04328276257321413,0.002253607912972914,0.03108965026772041,-0.04060893366438477,-0.009783649746001764,0.03693210469166673,-0.04328276257321413,0.04552631534770195,-0.0008404419917128958,-0.01921830239374987,-0.016544473484920507,-0.011196815667261781,-0.03258744693789668,-0.00584915784960306,-0.005428936853746611,0.798973343708035,-0.04328276257321413,-0.03258744693789668,-0.04328276257321413,0.12249462977420633,-0.011196815667261781,0.004846157785714394,0.05564890705347227,-0.04328276257321413,-0.011196815667261781,-0.024565960211408593,-0.035261275846726045,0.010193815603373116,-0.042442320581501235,0.018215302329861204,0.05030124923581354,-0.04328276257321413,-0.03342788892960958,0.028910617965178645,-0.04060893366438477,-0.0004202209958564479,-0.024565960211408593,0.11104015118326388,0.015541473421031838
postcentral-rh,0.009601265538330643,0.03271806720001149,-0.04328302853586973,-0.04243434170183308,-0.028244615102846277,0.052210103598563776,0.016446281779205766,-0.038270224058195246,-0.028244615102846277,-0.009466427443203316,-0.020725408386334545,-0.04328302853586973,-0.04328302853586973,-0.04370737195288807,-0.04328302853586973,0.052769285110709434,-0.04328302853586973,-0.017834320993751714,0.031909038629247564,-0.02323181062517179,0.04945385430110826,0.019377027435061346,-0.02573821286400903,-0.04370737195288807,-0.02323181062517179,-0.01571260390866006,0.011857820718549619,-0.028244615102846277,-0.04328302853586973,-0.04328302853586973,-0.00042434341701833077,-0.010037506434330793,-0.010699799430985571,0.028129606139355327,-0.035763821819358006,-0.02323181062517179,-0.04540474562096139,-0.00042434341701833077,0.011857820718549619,-0.04328302853586973,-0.04328302853586973,-0.04328302853586973,-0.038270224058195246,-0.040352282880014155,-0.04328302853586973,0.9292010401329808,-0.04077662629703249,-0.0006741904756365992,-0.0031805927144738398,0.05947946325645725,-0.03325741958052076,-0.020725408386334545,-0.04328302853586973,-0.04328302853586973,-0.030751017341683517,-0.013206201669822818,-0.038270224058195246,-0.04243434170183308,0.011857820718549619,0.014364222957386864,-0.03325741958052076,-0.042049656548087476,-0.04328302853586973,0.15472274833227248,0.0471972991208893,-0.038270224058195246,-0.0012730302510549922,0.004338614002037892
posteriorcingulate-lh,0.01200397011525603,-0.044963646556639925,0.04901122853790713,0.019678634974061148,0.0010893485379018589,0.003129547893032831,-0.011755063569067066,0.002864232982346501,-0.014884611462099897,-0.04454342556078347,-0.03795810923988021,-0.00955995812876598,0.02416284631568217,0.01664308754204716,-0.04328276257321413,0.006508002332254627,-0.007785073684321338,0.004312896891953537,-0.03618322479543557,-0.04328276257321413,0.033037268537905375,0.04723634409346249,-0.016659495906544534,0.011318434208713245,-0.032633455906546295,-0.03973299368432485,0.05966053520457497,-0.004235304795432058,0.006414001871235776,0.00996377076012506,0.04395189011525954,-0.02773458572652556,0.03836192187123929,-0.03921877222744956,0.0010893485379018589,0.03481215298235001,0.004312896891953537,-0.0008404419917128958,-0.04328276257321413,-0.04328276257321413,-0.020209264795433814,-0.03440834035099093,-0.018434380350989175,-0.030438350466245205,-0.03440834035099093,-0.04150787812876949,0.46255930409350815,0.07208472631568745,-0.027308802573212373,-0.04328276257321413,-0.0060101892398767,0.004639117426791134,0.020613077426792897,0.00996377076012506,0.036587037426794644,-0.007785073684321338,0.02416284631568217,-0.030018129470388757,-0.03795810923988021,-0.04328276257321413,-0.0060101892398767,-0.01749993789825743,-0.014884611462099897,-0.04328276257321413,0.006679316781922111,-0.04150787812876949,0.014713297012432413,-0.04150787812876949
posteriorcingulate-rh,0.011530983975426309,-0.044963646556639925,0.009302539300429994,0.019703945269169097,-0.04328276257321413,0.013921224969682858,0.011272559298830101,-0.02416083461916172,-0.0074291476593658645,-0.04454342556078347,-0.03611203959044448,-0.005038906665109315,0.028424467254482402,-0.007849368655222313,-0.04089252157895758,-0.04257340556238337,-0.00264866567085276,0.0024209523326346547,-0.04328276257321413,-0.04328276257321413,-0.00264866567085276,-0.005038906665109315,-0.028941316607674822,-0.0006786456724526534,-0.021770593624905167,-0.03372179859618793,0.0332049492429955,-0.00264866567085276,0.014083021288943093,0.006912298306173439,0.04260411690076148,-0.02773458572652556,0.0332049492429955,0.03911500923819581,0.004522057311916894,0.006912298306173439,0.007201434321147755,0.025452208945109165,-0.04328276257321413,-0.021770593624905167,-0.021770593624905167,-0.03850228058470103,-0.021770593624905167,-0.04047230058310113,-0.04089252157895758,-0.0002584246765962056,0.12403410702474445,0.6307651978071332,0.018863503277456204,-0.005038906665109315,-0.04089252157895758,-0.03372179859618793,-0.0002584246765962056,0.004522057311916894,-0.009819388653622415,-0.021770593624905167,0.021253744271712748,-0.04005207958724469,-0.01699011163639207,-0.04328276257321413,-0.03372179859618793,-0.03934272257641393,-0.019380352630648617,-0.04089252157895758,0.03304315292373527,-0.04328276257321413,0.02503198794925272,-0.04089252157895758
precentral-lh,0.0331728980895767,0.004427305893990813,-0.04328302853586973,0.0010444414243487245,0.008100987885981492,0.015386123174320507,-0.016039055418045102,-0.035377795240200315,-0.04130672021195238,-0.030721900519503242,-0.02549625362061354,-0.03735410356411767,-0.023519945296696185,-0.03382583033330129,0.008100987885981492,-0.019288393993017443,-0.04328302853586973,-0.04540474562096139,0.010077296209898837,-0.005733170381439995,-0.04328302853586973,-0.021543636972778835,-0.04130672021195238,-0.016039055418045102,-0.03933041188803502,-0.009685787029274702,-0.04328302853586973,-0.013638403677109414,-0.04328302853586973,-0.0037568620575226396,0.007480889878651089,0.03961216090699857,0.01402991285773355,0.00287534098709179,-0.01561471200102677,-0.03933041188803502,-0.02564166238178784,0.029220281441741987,0.008100987885981492,-0.04130672021195238,-0.007709478705357351,-0.04328302853586973,-0.019567328648861477,0.018406872922586595,0.10889271240576659,-0.021543636972778835,-0.02549625362061354,0.010077296209898837,0.7334061427636508,0.037745612744741815,0.012053604533816193,-0.031425178592365606,-0.035377795240200315,-0.035377795240200315,-0.0037568620575226396,-0.04328302853586973,-0.017591020324944123,-0.03452910840616366,0.04367453771649387,0.027864071125155033,0.016006221181650907,-0.04455605878692472,-0.027472561944530897,-0.03933041188803502,0.015386123174320507,-0.011662095353192058,0.040229444551209456,-0.005733170381439995
precentral-rh,0.020324982660783218,0.022454907548911978,-0.04328302853586973,-0.008716686825405561,-0.012159039419167409,0.025512314180233607,0.00297861172216542,-0.012159039419167409,-0.03290836549696896,-0.03677506150774914,-0.04328302853586973,-0.04328302853586973,-0.04328302853586973,-0.04370737195288807,-0.04328302853586973,0.004299247230835626,-0.04328302853586973,-0.03503008258206062,-0.04328302853586973,0.047495273054512045,-0.006971707899717021,-0.014752705178892603,-0.00437804213999183,-0.03333270891398729,-0.00437804213999183,-0.0017843763802666342,-0.04068936277614454,0.024152281216985302,-0.017346370938617794,-0.03290836549696896,0.009950319621882444,0.03207199036748796,-0.02772103397751857,0.09550189223823574,-0.04328302853586973,-0.04328302853586973,-0.04540474562096139,0.05922996905666113,-0.03290836549696896,-0.03290836549696896,-0.04328302853586973,0.0034029551391837527,0.03971427577533647,-0.01951569328132466,-0.00437804213999183,0.031933278496160886,-0.04328302853586973,-0.017346370938617794,0.052682604573962434,0.9371226286402535,-0.035502031256694155,-0.019940036698342992,-0.04328302853586973,-0.04328302853586973,-0.04328302853586973,-0.0017843763802666342,-0.02772103397751857,-0.019091349864306335,-0.04328302853586973,-0.04328302853586973,-0.00437804213999183,-0.03418139574802395,-0.04328302853586973,-0.00437804213999183,0.046261640258035155,-0.03809569701641935,0.011695298547570978,-0.02772103397751857
precuneus-lh,0.0218286974101589,-0.022714728150624572,-0.03643694152520941,-0.042442320581501235,-0.0004963810231846127,0.009848510576150637,0.04700414531699201,-0.02445675469120114,-0.01761093364319642,-0.04454342556078347,-0.03985985204921177,-0.04328276257321413,-0.03643694152520941,-0.024876975687057587,-0.02616820995320232,0.01836019813740377,-0.02616820995320232,-0.041960957028494006,-0.005630746809188154,-0.012476567857192877,0.04742436631284846,0.032021268954837825,-0.03301403100120704,-0.01631969937705168,-0.010765112595191695,0.0012150742388165692,-0.005630746809188154,-0.010765112595191695,-0.02616820995320232,-0.03130257573920587,0.01840578688615654,0.018474706347506323,-0.03643694152520941,-0.012025775582761038,-0.01761093364319642,0.006349440024820114,-0.03340368071848811,0.01456265536629773,0.025175447906833105,-0.015899478381195237,-0.029591120477204684,-0.03814839678721059,0.016618171596827196,0.001635295234673017,-0.00220783628518579,-0.02616820995320232,-0.02445675469120114,-0.041571307311212946,0.02175253738283074,-0.034725486263208226,0.7148919184933089,-0.0004963810231846127,-0.02616820995320232,-0.04328276257321413,-0.009053657333190513,-0.03814839678721059,0.009772350548822478,-0.035596499533496515,0.06453891893286026,0.05255873209885199,-0.003919291547186972,-0.04241174930292584,-0.0193223889051976,-0.02616820995320232,0.013271421100152999,-0.01761093364319642,0.010719523846438922,-0.012476567857192877
precuneus-rh,0.005559378548303753,-0.044963646556639925,-0.032818463370933776,-0.024503521949020633,-0.028333763712813625,0.014528777864544058,0.004133812784211033,0.05687552979146924,0.007543833552147583,-0.04155362578870337,-0.03879806291509398,-0.03580826314301388,-0.03132356348489373,-0.021279485278469824,-0.013384764852413121,-0.007591149405638663,-0.020859264282613376,-0.037909368122296117,-0.02384906405469347,-0.037303163029053926,-0.008900065194292973,0.015018332982347832,-0.026838863826773574,0.025062411188771738,-0.008900065194292973,-0.04029296280113403,0.055380629905429204,0.05837042967750929,-0.020859264282613376,-0.011889864966373075,0.03545737626910476,-0.02773458572652556,0.015018332982347832,-0.016140327726022516,-0.013384764852413121,-0.017869464510533273,-0.00651647051545506,0.0036442576664072555,-0.02384906405469347,-0.037303163029053926,-0.037303163029053926,-0.04029296280113403,0.05388573001938915,0.04533655169900528,0.0015642340079873788,-0.02534396394073353,0.004554033780067481,-0.03580826314301388,-0.026838863826773574,-0.032818463370933776,-0.019364364396573325,0.5352434933242853,-0.032818463370933776,-0.0029204656501327694,-0.020859264282613376,-0.016374564624493222,-0.017869464510533273,-0.009554523088620127,6.933412194733253e-05,0.044916330703148835,-0.016374564624493222,0.01716769076271504,0.025482632184628186,0.004554033780067481,0.045921675471385114,-0.026838863826773574,0.006213836442630909,-0.019364364396573325
rostralanteriorcingulate-lh,-0.0004202209958564479,-0.03604198855412545,0.05307114385394217,0.030715275039117435,-0.025439446568185187,0.003148442205149341,-0.036565657167059,0.001325527439358228,0.03522782784891323,-0.04454342556078347,-0.03079244136969387,0.03701215944941612,0.008462853841369808,-0.0026633567575040052,-0.041498430972711234,-0.030688993752616765,0.02987483304740454,0.015283406864602044,-0.03079244136969387,-0.027223778168688078,0.024521838245895856,0.019168843444387178,-0.027223778168688078,0.034807606853056776,-0.023655114967682293,-0.027223778168688078,-0.014733456965167818,0.001325527439358228,0.056639807054947956,0.07091445985897112,0.010285768607160918,-0.02059725932451398,-0.018302120166173608,-0.04454342556078347,0.03165916464790743,0.006678522240866913,-0.031109214748473214,-0.0008404419917128958,-0.0218707833671794,-0.03971409937220834,-0.04328276257321413,-0.03971409937220834,-0.00045880416114466705,0.007098743236723361,-0.04328276257321413,-0.04328276257321413,0.012031517042375598,-0.018302120166173608,-0.037929767771705446,-0.04328276257321413,-0.023655114967682293,-0.029008109769190975,0.49736971237916283,0.02987483304740454,0.019168843444387178,0.04771814905243349,0.02987483304740454,-0.03173633097848387,-0.041498430972711234,-0.03079244136969387,-0.004027467362150453,-0.04055454136392123,-0.025439446568185187,-0.04328276257321413,0.03526641101420144,-0.037929767771705446,0.04156329542450012,-0.03614543617120255
rostralanteriorcingulate-rh,0.006799496032290357,-0.03775656275463437,0.05243284416747038,0.013550414030309257,-0.03786514894888822,0.008605455894617529,-0.027453733191943518,0.0018659680223095632,0.0054778877469639055,-0.026496460163653004,-0.0198055503256165,0.06688052306608776,0.03437324554419866,-0.002170295119363112,-0.04328302853586973,-0.014279084544381133,0.007283847609291077,-0.003867668787436435,0.0018659680223095632,-0.008969791151653469,-0.005357871426999121,-0.001745951702344779,-0.025223429912598013,0.008665464054599914,-0.030641309499579533,-0.027029389774925184,0.025343446232562798,0.0054778877469639055,-0.001745951702344779,0.047014964580488865,0.0230531347932349,-0.027582322106191496,0.03256728568187149,-0.04455605878692472,0.03256728568187149,0.0018659680223095632,-0.009285548374417953,-0.00042434341701833077,-0.01258171087630781,-0.023417470050270842,-0.04328302853586973,-0.03967110881121539,-0.01799959046328933,0.013126070613290932,-0.016193630600962152,-0.04328302853586973,0.0054778877469639055,-0.008969791151653469,-0.028835349637252355,-0.04328302853586973,-0.04147706867354256,0.0018659680223095632,0.043403044855834516,0.43168441525617646,0.014507687058599771,-0.023417470050270842,0.018119606783254114,0.020774253479617942,-0.04328302853586973,-0.030641309499579533,0.0018659680223095632,-0.04094413906227038,-0.02161151018794367,-0.04328302853586973,0.03930677355417945,-0.04328302853586973,0.03665212685781562,-0.04147706867354256
rostralmiddlefrontal-lh,-0.0004202209958564479,-0.043131781532353135,0.029991838398257187,-0.0021412900471920095,-0.006645462087478471,0.019730294271298163,-0.005233818059048134,-0.017636652233199167,0.03548743347111755,-0.04271156053649669,-0.03778716750035378,-0.010309192136052036,-0.006645462087478471,-0.025384333326202747,-0.03229157242749343,-0.021149401240911744,0.015336918203962926,0.03155446346754852,-0.026795977354633082,-0.03778716750035378,0.019000648252536497,0.02632810834968363,-0.012141057160338817,0.0057573720866725625,-0.030459707403206648,-0.039619032524640566,0.008009458106815796,-0.006645462087478471,-0.008477327111765251,0.006177593082529011,0.030721484417018864,-0.024070855677951995,-0.021300382281772733,-0.04454342556078347,-0.019468517257485954,0.0006819980096686648,-0.03256081238248889,-0.0008404419917128958,0.046478623616838244,-0.04328276257321413,-0.021300382281772733,-0.039619032524640566,0.020832513276823273,-0.004393376067335238,-0.02862784237891987,-0.02862784237891987,0.019000648252536497,-0.021300382281772733,-0.0029817320389049053,-0.04328276257321413,-0.004813597063191686,0.0006819980096686648,0.020832513276823273,0.011673188155389357,0.6509940816314765,-0.0249641123303463,0.006177593082529011,-0.03877859053292767,0.015336918203962926,-0.010309192136052036,-0.035955302476067,-0.003822174030617801,-0.017636652233199167,-0.04328276257321413,0.01057096914986425,-0.04328276257321413,0.0024030670610042226,-0.021300382281772733
rostralmiddlefrontal-rh,0.049063314698277696,-0.04498040220394306,-0.009022342148357095,0.02989377400513805,-0.02995942827405926,0.02241611417465676,-0.026577028759131746,-0.01473245654627587,-0.012829085080302945,-0.014102115331357934,-0.028056056808086337,0.011914743977345071,0.008108001045399223,-0.02848040022510467,-0.03757291413795096,-0.04498040220394306,0.0023978866474804483,-0.01875754509734045,-0.016635828012248794,-0.0071189706823841705,0.010011372511372147,-0.01473245654627587,-0.031862799740032186,-0.015156799963294202,-0.026152685342113412,-0.003312227750438326,-0.012829085080302945,-0.031862799740032186,0.01572148690929092,0.02714171570512847,-0.00042434341701833077,-0.0199688362422998,-0.028056056808086337,-0.01219874386538501,0.04617543036485772,-0.020442570944194643,-0.035887888291096764,0.05287005763022355,-0.01853919947822172,0.01952822984123677,-0.03757291413795096,0.0004945151815075235,-0.026152685342113412,0.008532344462417555,-0.04137965706989681,-0.02424931387614049,-0.003312227750438326,-0.01853919947822172,-0.04328302853586973,-0.022345942410167567,-0.02995942827405926,-0.0052155992164112505,0.06520914502458694,-0.026152685342113412,-0.016635828012248794,0.7237756722512187,-0.009022342148357095,0.03370051693708389,-0.03947628560392388,-0.04137965706989681,-0.01092571361433002,-0.033135829991087176,-0.01473245654627587,-0.04328302853586973,0.01289925684479214,-0.028056056808086337,0.021567427340620098,-0.04137965706989681
superiorfrontal-lh,0.004500605418007498,-0.003956759774440376,0.045292112876336894,0.0051256680858502365,-0.017038355032606423,0.024183911073463283,0.0022247296269929137,-0.028520283331622293,0.0026449506228493616,-0.04454342556078347,-0.02195918144647037,-0.010477253147454492,0.020687980807017167,-0.007616923200734978,-0.04328276257321413,0.012445994938439441,0.009206052508001286,-0.002736705299008845,-0.04000221163063817,-0.030160558802910277,-0.0055564267335905465,-0.00719670220487853,-0.02195918144647037,0.0022247296269929137,-0.017038355032606423,-0.038361936159350185,0.037090735519896986,-0.0055564267335905465,0.007565777036713308,-0.00719670220487853,0.017622809188311352,0.021473678412113898,0.010846327979289274,-0.04454342556078347,-0.0006356003197266055,0.004285226094137341,-0.024060286425752607,0.013922037249878942,-0.02523973238904633,-0.020318905975182384,-0.03672166068806221,-0.03180083427419826,-0.00883697767616651,-0.0412222661060697,-0.010477253147454492,-0.03672166068806221,0.01904770533572918,-0.0022758757910145842,-0.023599456917758346,-0.028520283331622293,-0.0006356003197266055,-0.0186786305038944,0.03216990910603304,0.010846327979289274,0.010846327979289274,-0.0186786305038944,0.6177482523558425,-0.03424094322506133,-0.04164248710192615,-0.04328276257321413,-0.015398079561318438,-0.022799623438183262,-0.02523973238904633,-0.02195918144647037,0.0225436356021753,-0.04328276257321413,0.05778925397879801,-0.038361936159350185
superiorfrontal-rh,-0.0004093178259395376,-0.0446156430274096,-0.04338768954959099,0.07368050961932597,-0.04068421132826453,0.19964807055221867,-0.016762225162265908,-0.024463342000305754,-0.021759863778979295,-0.0446156430274096,0.04582709175418225,-0.01905638555765283,-0.04338768954959099,-0.019465703383592367,-0.005538994451020522,-0.00947042615016559,-0.037980733106938065,-0.04420632520147006,-0.021759863778979295,0.01068187487693825,-0.027166820221632217,-0.01635290733632637,-0.03257377666428514,0.0021621223870193257,-0.005538994451020522,-0.03257377666428514,-0.04338768954959099,-0.00824247267234698,0.01338535309826471,-0.0028355162296940578,-0.0004093178259395376,-0.011203425009990248,0.08097230863142627,0.015679513493651643,-0.04338768954959099,-0.04068421132826453,-0.036095890537490675,0.020399872292793084,-0.01635290733632637,-0.01905638555765283,-0.04338768954959099,-0.04338768954959099,-0.00013203800836759802,-0.0105366330677339,-0.04338768954959099,-0.04338768954959099,-0.024463342000305754,-0.04338768954959099,-0.03257377666428514,-0.005538994451020522,-0.03257377666428514,0.021495787762244097,-0.03257377666428514,0.04582709175418225,-0.04338768954959099,0.0647514393034675,-0.0352772548856116,0.7495500649509415,-0.03257377666428514,-0.037980733106938065,0.04582709175418225,-0.04215973607177237,-0.03257377666428514,-0.04338768954959099,0.04554981193661031,-0.04338768954959099,0.04473117628473124,-0.04068421132826453
superiorparietal-lh,0.06462963828233523,-0.0384750040340077,-0.04328302853586973,-0.04243434170183308,0.002254758653677751,0.02559724926272309,0.04411550334123924,-0.02214048448357983,0.04291349721577372,-0.03317161198953786,-0.04328302853586973,-0.04328302853586973,0.0038811081961615933,-0.04370737195288807,0.03478174950335453,0.0038100840705721133,0.012012855908580786,-0.012877754771284613,-0.0042506395162576005,-0.014008736771160636,-0.030272232195999022,0.018518254078516146,0.029902700875903018,-0.030696575613017356,-0.03840397990841822,-0.017261435856128313,-0.009129688143709118,-0.015635086313644474,-0.04328302853586973,-0.04003032945090206,0.04186074468756148,0.0016919696585176015,-0.028645882653515184,-0.023413514734634818,-0.030272232195999022,-0.0416566789933859,-0.014504104313768449,-0.00042434341701833077,-0.0075033386012252805,-0.04328302853586973,-0.03677763036593438,-0.04328302853586973,0.057550643098128275,0.009184500240631445,0.0006284091111939178,-0.0075033386012252805,-0.04328302853586973,-0.030272232195999022,0.03640809904583837,-0.04328302853586973,0.04779254584322524,0.008760156823613112,-0.04328302853586973,-0.04328302853586973,0.012012855908580786,-0.03840397990841822,-0.04328302853586973,-0.03755529307438156,0.5665980498955698,0.06893508989551514,-0.009129688143709118,-0.015281767022215627,-0.02376683402606367,0.03315539996087069,0.06300328873985138,-0.005876989058741438,0.001979668833912686,-0.012382387228676794
superiorparietal-rh,0.02755643920114062,-0.027761459054306777,-0.04328302853586973,-0.04243434170183308,-0.028216453279937992,0.02755643920114062,-0.020031325122138184,0.0148309045941527,-0.034673556961051594,-0.03809895510581112,-0.04328302853586973,-0.028216453279937992,-0.04328302853586973,-0.04370737195288807,-0.0023880385554835757,0.03465720986312473,-0.0411306606421652,-0.04110000983355232,0.019135640381561774,0.012678536700448172,-0.038978292748460666,-0.02175934959882439,-0.04328302853586973,-0.004964749866206441,-0.00023567066177904272,-0.015302245917710781,-0.015302245917710781,-0.017454613811415318,-0.04328302853586973,-0.01099751013030171,0.008185128157799808,0.02837924313012641,-0.01960698170511985,-0.033794219318402055,-0.03682592485475613,-0.04328302853586973,-0.0023573877468706984,0.001728024476686204,-0.015302245917710781,-0.04328302853586973,-0.026064085386233456,-0.04328302853586973,0.03420221563749352,0.04108366273562546,0.02559274406267538,0.029897479850084452,-0.0411306606421652,-0.0411306606421652,0.027745111956379916,-0.038978292748460666,0.04065931931860713,0.07509720561787968,-0.02175934959882439,-0.032521189067347064,-0.008845142236597178,-0.03682592485475613,-0.04328302853586973,-0.04243434170183308,0.09662088455492501,0.5550752459139909,-0.02175934959882439,0.05014812853607481,-0.015302245917710781,0.07079246983047062,0.07706090075634492,-0.01960698170511985,0.028860120260808492,-0.01099751013030171
superiortemporal-lh,0.05953984882348167,-0.023159984804153332,-0.03419790350967805,-0.033357461517965155,-0.0069433263190698145,0.014115553505801277,-0.003729603689511834,0.038480968998610574,-0.00876029813177703,-0.04454342556078347,-0.03783184713509248,-0.010577269944484246,0.022128222684245635,0.008989198999438675,0.031213081747781708,-0.019526041178738903,0.023945194496952853,-0.029031121238131428,0.016677307246123988,0.003958504557173474,-0.00149241088094817,-0.014211213569898679,-0.00876029813177703,-9.566006409739695e-05,0.02031125087153842,-0.02693001625884919,0.018494279058831203,-0.030563959884263622,-0.03419790350967805,0.04029794081131779,0.07225865151243219,-0.013198811224867834,-0.00876029813177703,-0.04454342556078347,-0.02693001625884919,-0.03419790350967805,-0.04174992392708194,0.008244417071823183,-0.003309382693655386,-0.036014875322385266,-0.04328276257321413,-0.03238093169697083,-0.016028185382605895,0.013463584616566004,-0.04328276257321413,-0.03783184713509248,-0.016028185382605895,-0.03419790350967805,0.0075924481825879065,-0.016028185382605895,0.01122639180800234,-0.016028185382605895,-0.003309382693655386,-0.0051263545063626025,-0.03238093169697083,-0.012394241757191463,-0.010577269944484246,0.022968664675958532,-0.010577269944484246,-0.030563959884263622,0.4927239221754145,-0.022319542812440436,-0.017845157195313113,-0.039648818947799695,0.061356820636188886,-0.04146579076050692,0.11320856121298525,-0.04328276257321413
superiortemporal-rh,0.004634079727614889,0.0012723765006926477,-0.03683318689274448,-0.036382455733827535,-0.03882861129419972,0.00817419737160843,-0.021320522840019458,-0.03683318689274448,-0.026856064885468246,0.029659049279983026,-0.03683318689274448,-0.00690182087091579,-0.012888094075281525,-0.029302220445840448,-0.04281946009711021,0.03120374252252133,-0.03483776249128923,-0.019132598672776766,-0.04281946009711021,-0.004906396469460542,-0.024860640484013,-0.026856064885468246,-0.008897245272371034,-0.009347976431287985,-0.0009155476665500507,-0.024860640484013,0.011056998742181428,0.005070725537815684,-0.03683318689274448,-0.03683318689274448,0.03656087015089882,0.10220798540065705,-0.028851489286923496,-0.030203682763674352,-0.016878942878192017,-0.028851489286923496,-0.0302694143910164,0.023494361658545997,-0.03284233808983398,-0.03683318689274448,-0.024860640484013,-0.012888094075281525,0.0030753011363604454,-0.01443278731781983,-0.03882861129419972,-0.03284233808983398,-0.018874367279647263,-0.03683318689274448,-0.03683318689274448,-0.022865216082557756,-0.040824035695654966,0.03300666715818913,-0.03683318689274448,-0.03683318689274448,-0.00690182087091579,-0.03084691368837874,-0.008897245272371034,-0.03837788013528278,0.0010798767349051973,0.02901581835527863,-0.010892669673826282,0.7815443539807971,-0.03683318689274448,0.0669288819829283,0.02658374814362259,0.015047847545091916,0.035527944578380814,0.04298378916546535
supramarginal-lh,0.04226174816418361,-0.044963646556639925,-0.01719933697541187,-0.016358894983698975,-0.029055439519867447,0.0043222200219257805,-0.027104440006832774,0.04445239625575711,-0.01719933697541187,-0.04454342556078347,-0.03616910104654079,0.01599775014906373,-0.01719933697541187,-0.022361998989050547,-0.021941777993194102,-0.01888022095883766,-0.0006007934131740714,-0.01930044195469411,-0.01482811646652076,-0.029055439519867447,0.03733873472908376,-0.0029720139220651867,-0.03379788053764967,-0.010505896444594976,-0.021941777993194102,-0.019570557484302985,0.09899046796025274,0.00414164760460816,-0.01719933697541187,-0.01719933697541187,0.05886029172642141,-0.025363365217634444,-0.01482811646652076,-0.037429764034110136,-0.01719933697541187,-0.01482811646652076,-0.026414103481367454,0.006273219534960447,-0.03379788053764967,-0.03142666002875856,-0.03142666002875856,-0.0006007934131740714,0.025482632184628186,-0.002551792926208739,0.013626529640172611,-0.04328276257321413,0.0065128681134992705,-0.01482811646652076,-0.01719933697541187,-0.04328276257321413,-0.01482811646652076,0.05630849880021267,-0.01719933697541187,-0.01719933697541187,-0.010085675448738528,-0.005343234430956302,-0.01719933697541187,-0.03295743854593678,-0.024312998502085216,-0.026684219010976326,-0.007714454939847413,-0.039380763547144794,0.7368487848519625,-0.03142666002875856,0.00906466103970801,-0.04328276257321413,0.01770910108355957,-0.03616910104654079
supramarginal-rh,0.01877090481293152,0.06744890885719176,-0.04328302853586973,-0.04243434170183308,-0.04328302853586973,0.016028726494367256,-0.0025746971744241057,-0.04328302853586973,-0.026829958624484153,-0.025360810556974877,-0.04328302853586973,-0.02408778030591989,-0.029572136943048416,-0.04370737195288807,-0.04328302853586973,0.001636629211649437,-0.04054085021730547,-0.039920388983832863,-0.029572136943048416,-0.04328302853586973,-0.04328302853586973,0.006076181198287024,-0.029572136943048416,-0.04370737195288807,0.02527142942823687,-0.04328302853586973,-0.04328302853586973,-0.02134560198735562,-0.04328302853586973,-0.04328302853586973,0.0023178349015459338,0.00258163939801541,-0.010376888713098564,0.01577186422148909,-0.04328302853586973,-0.037798671898741205,-0.04540474562096139,-0.00042434341701833077,-0.026829958624484153,-0.04328302853586973,-0.018603423668791357,-0.04328302853586973,-0.02134560198735562,-0.0428586851188514,-0.03231431526161268,0.16512252367501434,-0.04328302853586973,-0.03505649358017694,-0.03231431526161268,-0.02134560198735562,-0.0076347103945343005,0.022529251109672608,-0.04328302853586973,-0.04054085021730547,-0.04328302853586973,-0.04328302853586973,0.000591824561158496,-0.04243434170183308,0.10479460066660053,0.09931024402947201,-0.04328302853586973,0.10900592705267408,-0.02408778030591989,0.9027684913688016,0.09006754109560239,-0.04328302853586973,0.03437528789028044,0.01978707279110834
temporalpole-lh,-0.37562252826190884,0.002673511865157034,0.01423910063865575,0.010682269875319079,0.03112815797185041,-0.3720656974985721,0.0506907271702021,0.03468498873518708,0.11293526552859386,-0.0008833188981796371,0.0008950964834886988,0.018679250300172055,0.03646340411685542,0.06491805022354878,-0.004440149661516309,0.01334400415516705,0.011565588773498713,0.043577065643528756,0.05246914255187043,0.027571327208513734,0.01334400415516705,0.027571327208513734,-0.0008833188981796371,0.027571327208513734,0.14672515778029224,0.022236081063508727,0.01334400415516705,0.03468498873518708,0.0044519272468253705,0.06136121946021211,-0.3427159549083901,-0.08079423522016412,0.009787173391830377,0.02401449644517706,0.01690083491850372,0.015122419536835387,0.043577065643528756,-0.3907331702134351,0.040020234880192095,0.002673511865157034,0.03468498873518708,-0.0008833188981796371,0.022236081063508727,0.0266880083103341,-0.0008833188981796371,0.032906573353518744,0.0044519272468253705,0.015122419536835387,0.0062303426284937066,0.018679250300172055,0.002673511865157034,0.05246914255187043,0.020457665681840393,0.03824181949852375,0.008008758010162043,0.0044519272468253705,0.029349742590182075,0.008903854493650741,0.07025329636855379,0.06136121946021211,0.043577065643528756,0.0257929118268454,0.0044519272468253705,0.06313963484188045,0.21927508328411308,0.0008950964834886988,-0.28053030447654365,0.0062303426284937066
temporalpole-rh,0.06852194855570783,-0.044963646556639925,-0.04328276257321413,-0.03554810362634481,-0.032941437140479486,-0.0004202209958564479,-0.043702983569070576,-0.04328276257321413,-0.04328276257321413,0.23122525264547364,-0.04328276257321413,-0.039835654095635914,-0.039835654095635914,0.02179207750491548,-0.036388545618057704,0.023978522994924357,0.008423864590459077,-0.00746567429913602,-0.019153003230166634,0.08426025109717977,-0.036388545618057704,-0.04328276257321413,-0.022600111707744848,-0.026467441181179507,-0.04328276257321413,0.10149579348507085,-0.04328276257321413,-0.01570589475258842,-0.04328276257321413,-0.019153003230166634,0.01681532139203462,0.04120758382503872,0.011870973068037288,-0.010072340785001334,0.02565940697835015,-0.02604722018532306,-0.04538386755249637,0.03707775126164745,-0.039835654095635914,-0.012258786275010206,-0.036388545618057704,-0.01570589475258842,-0.036388545618057704,-0.04286254157735768,-0.019153003230166634,-0.036388545618057704,-0.04328276257321413,-0.039835654095635914,0.02221229850077193,-0.02604722018532306,-0.00536456931985378,-0.00536456931985378,-0.022600111707744848,-0.04328276257321413,-0.04328276257321413,-0.001917460842275565,-0.04328276257321413,-0.042442320581501235,0.03255362393350657,0.004976756112880866,-0.04328276257321413,0.07652559215031046,-0.04328276257321413,-0.04328276257321413,0.013368212914456407,0.6323504990321157,0.050445964176103864,0.02910651545592836
transversetemporal-lh,-0.24805484086061463,-0.010828467276806933,-0.007218978184537955,-0.007218978184537955,-0.007218978184537955,-0.2989026876007849,0.0013698141150804601,0.03787218138845873,0.020694596789221895,0.025673899996571336,-0.007218978184537955,0.029283389088840314,-0.0007773839598241438,0.05504976598769556,0.05075536983788635,-9.247690228391376e-05,0.022841794864126498,-0.008681269201902328,0.01854739871431729,0.048608171762981746,0.01854739871431729,-0.007218978184537955,0.012105804489603482,0.048608171762981746,0.06149136021240937,0.05934416213750477,0.06149136021240937,0.003517012189985064,0.009958606414698876,0.08725773711126464,-0.25449643508532843,0.00520182575347011,0.007811408339794271,-0.010828467276806933,0.022841794864126498,-0.007218978184537955,-0.0649708036608416,-0.2634927037356354,0.04431377561317254,0.005664210264889668,-0.007218978184537955,-0.007218978184537955,-0.007218978184537955,0.05075536983788635,0.074374548661837,-0.007218978184537955,0.012105804489603482,0.020694596789221895,0.022841794864126498,-0.0007773839598241438,0.0013698141150804601,0.012105804489603482,0.04216657753826794,0.024988992939031104,-0.007218978184537955,0.024988992939031104,0.05075536983788635,0.020694596789221895,0.005664210264889668,0.005664210264889668,0.11517131208502447,-0.01704753895540008,-0.0029245820347287474,0.029283389088840314,-0.21438457871968122,0.029283389088840314,0.17253878043621068,0.0013698141150804601
transversetemporal-rh,0.02719608742519922,-0.005073423281781734,-0.04328276257321413,-0.042442320581501235,-0.034077326432862244,-0.0004202209958564479,-0.025292111288366805,-0.0402142838597635,-0.04328276257321413,0.0014837551409759724,-0.04328276257321413,-0.027940369005960985,-0.04328276257321413,-0.02222363257491617,-0.037145805146312875,0.03788527870652708,-0.04328276257321413,-0.02390451655834196,-0.006461018011806576,0.06411399239755791,-0.04328276257321413,-0.034077326432862244,0.039566162689952875,-0.04063450485561995,-0.04328276257321413,0.02729224783615035,-0.021803411579059722,-0.031008847719411613,-0.04328276257321413,-0.04328276257321413,0.03333304485210048,0.06431977567699333,-0.04328276257321413,-0.013858638426277178,-0.0402142838597635,-0.037145805146312875,-0.03617843141214448,0.0052965154351883635,-0.034077326432862244,-0.04328276257321413,-0.018734932865609094,-0.04328276257321413,-0.04328276257321413,9.616041095113468e-05,0.039566162689952875,0.015018332982347832,-0.04328276257321413,-0.04328276257321413,0.015018332982347832,-0.034077326432862244,0.002744418128545316,-0.0033925392983559424,-0.04328276257321413,-0.0402142838597635,-0.021803411579059722,-0.04328276257321413,-0.04328276257321413,-0.042442320581501235,0.02422376912269972,0.02115529040924909,-0.04328276257321413,0.057136592978943766,-0.027940369005960985,0.030360726549600977,0.02412760871174859,0.018086811695798462,0.017150209293134433,1.0
