,bankssts-lh,bankssts-rh,caudalanteriorcingulate-lh,caudalanteriorcingulate-rh,caudalmiddlefrontal-lh,caudalmiddlefrontal-rh,cuneus-lh,cuneus-rh,entorhinal-lh,entorhinal-rh,frontalpole-lh,frontalpole-rh,fusiform-lh,fusiform-rh,inferiorparietal-lh,inferiorparietal-rh,inferiortemporal-lh,inferiortemporal-rh,insula-lh,insula-rh,isthmuscingulate-lh,isthmuscingulate-rh,lateraloccipital-lh,lateraloccipital-rh,lateralorbitofrontal-lh,lateralorbitofrontal-rh,lingual-lh,lingual-rh,medialorbitofrontal-lh,medialorbitofrontal-rh,middletemporal-lh,middletemporal-rh,paracentral-lh,paracentral-rh,parahippocampal-lh,parahippocampal-rh,parsopercularis-lh,parsopercularis-rh,parsorbitalis-lh,parsorbitalis-rh,parstriangularis-lh,parstriangularis-rh,pericalcarine-lh,pericalcarine-rh,postcentral-lh,postcentral-rh,posteriorcingulate-lh,posteriorcingulate-rh,precentral-lh,precentral-rh,precuneus-lh,precuneus-rh,rostralanteriorcingulate-lh,rostralanteriorcingulate-rh,rostralmiddlefrontal-lh,rostralmiddlefrontal-rh,superiorfrontal-lh,superiorfrontal-rh,superiorparietal-lh,superiorparietal-rh,superiortemporal-lh,superiortemporal-rh,supramarginal-lh,supramarginal-rh,temporalpole-lh,temporalpole-rh,transversetemporal-lh,transversetemporal-rh
bankssts-lh,-0.08459091410095318,-0.03720771791710322,-0.027860819913607164,-0.011117774926376063,-0.01698368190377403,-0.049294101135344125,0.08233705884188323,0.0032721136834203642,0.017247988633102267,0.045315870997736686,0.015102446796322902,-0.008219444461478887,0.003840821058197271,-0.06745930548718393,5.841536150825068e-05,-0.01907442229062616,0.08972834059785186,0.012923432558490315,-0.010576405991079264,-0.008761485234298523,0.0659735635194428,-0.01676478454635412,-0.019290241517183906,0.00013384482553724638,0.019754783269815,-0.010918639493590575,0.06115935399416708,-0.006540996139284905,0.01413915626860538,-0.013420975058380552,0.02209145442834957,-0.018307305129844166,-0.010770139743856702,-0.05127106455236719,-0.020208922764365506,-0.04065846449603051,-0.013199516264881781,-0.04825792027952525,-0.018188532167183837,0.018342912147818045,-0.03561968221435982,0.056411140031625395,0.010322384755316532,0.02395926225311518,-0.04125478566958878,0.019463157624131484,0.05634602435605264,0.028676083251241095,0.03765012708093878,0.01201148953493078,0.01792014539505559,0.009720005935947297,-0.026755777533902392,0.018279671104937594,-0.020711807199724427,-0.010273837948693494,-0.04048762370215103,-0.01691472658704701,-0.02577492978865777,0.06592145038492085,0.013824761357114827,0.018466935767818743,-0.03294186495499394,-0.02882067511282408,-0.0014098659270956315,0.05288682851004757,0.005202034431324862,-0.008573906603055735
bankssts-rh,-0.02988150579834896,0.09075108509998897,-0.03567860170689047,-0.05269258056470463,0.030538796360338617,-0.09025917769636911,-0.04373040667901543,-0.00326891602664528,-0.008706135095673266,-0.04393281600647318,0.015851887182666013,-0.015533614669381695,0.0019717462310068004,-0.03779553764783749,-0.04134616657496839,0.004656569284295336,-0.005038489430674481,0.0048095586096433855,0.03058685986237374,-0.10570236734831863,-0.02998493389758411,-0.07228382363933608,-0.005636859926130602,0.013737894444646024,0.06226780013262355,0.0009405618593863592,-0.028092037481333557,0.0036735236098832274,0.04069295961887681,0.03937513680048703,-0.0247486675352687,-0.02449325306565457,0.06930816819789318,-0.046133132893630406,-0.007895721846777623,-0.01326210622827332,0.09985646311028865,0.0561881352479303,0.03323742063831993,0.05619720999263891,-0.025740043840807487,0.03383105331366796,0.002855569515498044,-0.0028375536087183067,0.009139841896396928,0.007498045566310485,-0.002751106576680459,0.009891349074942208,-0.02371838563575436,-0.030572882613821625,0.008120136766710213,0.024727220400971996,0.036886760740746385,0.01787022570499437,-0.022971772910892668,-0.01399695940472745,-0.0003870162653063779,0.0967689299268037,-0.009323416010335303,0.059725997419260664,0.021904718450327224,0.12106332423950757,-0.05339778955837285,-0.07496308411254554,-0.04635039286481844,0.005530476106787365,0.013653979965755058,-0.05100215020989628
caudalanteriorcingulate-lh,-0.01884392669146866,-0.023721599658018757,0.41185570392285364,0.09138231774490574,-0.0033801878785549855,-0.050328680313883475,-0.031162429995657454,-0.009336562779363672,0.07624560985451784,-0.0069201486767274155,0.0163093784835144,0.011966825181960773,-0.006437632667870782,-0.03412221383955388,-0.05532190049994278,-0.009308666757676023,0.03367917674025597,-0.037108538194694896,-0.014779989083726082,-0.02260890606313357,0.028515679553752532,0.02554399026256402,0.016504626636763293,-0.014776450109252035,-0.02059136234002385,-0.007019908048168223,0.02426073326333064,0.001440079442802359,-0.004686385423489611,0.018078648801958842,-0.0004830742213127469,-0.03877523213100223,-0.13334798874380344,-0.06770110037358044,0.019918504694430555,-0.026358353785540273,0.021467925621009614,0.014558537024875216,-0.010707441526687986,0.020847942262469447,0.005913190202440295,0.0069526283344001315,-0.036913666154225706,0.011147265444384763,-0.03709550817794207,-0.024335094378836332,-0.01652710109639088,-0.07267388111431232,-0.020978034795868853,0.008018235966653122,0.010487490475227457,0.002247750704009596,0.10609041144195222,0.14349503765396374,-0.042328717811287914,-0.008338003554308715,0.007419499940965375,-0.012341309954324567,-0.03861168308108698,-0.024196894560756417,0.0009157795861612024,-0.046404014112892224,-0.050013849135040034,-0.015411159585551799,-0.004849765644442759,-0.0018718873286695933,-0.0022230552839463853,-0.03232066366910591
caudalanteriorcingulate-rh,-0.004642706025829095,-0.046004956456378476,0.06185680461846484,0.3424863070189551,0.011627717295149201,-0.05088158613940948,-0.02200149388790143,0.005775989831244401,0.045263732574424446,-0.019163226988228647,0.03043368093120632,0.03534730808749348,0.015217728918148848,-0.02193112218827065,-0.017065821366808086,-0.0014638861907322958,-0.01727385705064109,-0.03634661234318763,-0.00889324138280411,-0.06537373388098021,0.05502940548161161,0.029068487725604074,0.004651667229554913,-0.0540647864459894,-0.03074128922902635,-0.003580596107903247,0.023276927301772894,0.01123394951611942,-0.010460574798755923,0.019511719333038833,0.0343207051723779,-0.05036861855099727,-0.07172020371503825,-0.05733133398173753,-0.02664272867132778,-0.021767211046930735,0.007070422205788036,0.018952570633253892,0.00419946081467452,0.09489210218588713,0.009026249973005737,0.057806348362904235,-0.023917586493514123,-0.008964295405563635,-0.04794384695443909,-0.039960144766228285,0.036659307321396446,-0.06828496829661915,-0.00869737086491785,-0.04748760332605598,-0.0002101513264623035,0.001979695304011269,0.002558744531600053,0.11974773859748743,-0.03207421361298257,0.010538942099858499,0.0467633221882028,0.01613616832499885,-0.03190228651183548,-0.023574253900741582,0.0033367777694279866,-0.05735480852188157,-0.030442724419624877,-0.009035144304256112,-0.05759268624709894,0.010751681571051958,-0.01823749737668737,-0.02212249414092871
caudalmiddlefrontal-lh,-0.01253489592469152,0.03135660615603241,-0.0055735458925897105,0.0011780231584521811,0.19053805605203952,-0.011712492843067614,0.020502486016626582,0.027020514156277795,-0.023137946319624233,-0.01708375141255806,0.07960646342751003,0.0356268943051754,-0.04747299054883926,0.018982640979364813,-0.02534834509215396,0.05640904941942822,-0.030397280945025043,0.008607698968062846,-0.028391623120304528,-0.028094377416834536,-0.04929930362847364,-0.06673720579997387,-0.009732876593251559,0.04741169175326335,-0.06654373709176166,-0.0014108892341349274,-0.03588024102531415,0.06670199494840424,0.002488349051612255,0.04496799467076397,-0.00575574769256931,0.007749358849350881,0.02135204573958202,-0.031197963190343337,-0.052155412306997245,0.014652552030049172,0.008366331430936923,0.03637639812693775,-0.020337788935535797,-0.03026884164414711,0.016540723777726325,-0.019992006371627253,-0.029737973760208303,0.08126768225123324,0.00820131125940521,-0.019688417303336012,-0.03654576676728136,0.011012923481149434,-0.018190800533177336,-0.039275843568395294,-0.07167284021444854,0.04948163477906015,0.04332413443633361,0.0138675446705415,-0.025796312541006696,0.008054817688228928,-0.020471230551081205,-0.013055201184082488,-0.04501225293652112,0.0037784638435221954,-0.013031504546397395,-0.00852980068876837,0.02390252988674408,-0.019405766804837743,-0.05315031545788118,-0.01671319456625536,0.01230946714949741,0.05770010199018429
caudalmiddlefrontal-rh,-0.0479215411618913,-0.09373094711433463,-0.05569920309497577,-0.07507427550596772,-0.013994786357012505,1.0,-0.05047090370090295,0.008954184601470294,-0.06453575417123252,0.008012070036359325,-0.00424084435060985,-0.017904012171073527,-0.05993117764158726,-0.02098548299552929,-0.02878933011895737,-0.01187436418170758,0.05231307872477539,-0.0199670142307854,-0.018988123845989496,0.0027273001917923604,0.030320032230431105,-0.03532133126499483,-0.017387461837500385,-0.01017802644146364,0.017748976437880242,-0.07422772527872767,0.035541597266618305,-0.0193316831733743,0.0350672389799473,-0.10410602300124674,-0.04346247485699233,-0.10446328060875451,-0.02472245767423403,-0.05035778486626611,-0.010191066983297328,0.021123243277775657,0.0,0.03040054129528781,-0.003816759915548865,0.009211283872285456,0.026390057904160286,-0.015691124097256443,-0.04198921499968325,-0.002968591045426895,-0.02374872836341516,0.14098334160944798,-0.015147953793026206,-0.12822495811522494,-0.0169633774024394,-0.013107403620226015,-0.018235630707622356,0.01562855426257532,0.011151074683966073,-0.018361191148319255,-0.007082283764979088,0.0009816240858505207,-0.045683651760299045,0.01264184164522714,-0.036047176980183726,-0.013253339249424729,0.08553788735740213,-0.03623794560555194,-0.047685293211766004,0.03628906800720555,-0.044104781246342435,-0.009978969266439194,0.004209559433269286,0.030952895018856338
cuneus-lh,0.06180919529643551,-0.03864472656029968,-0.028201326265827262,-0.018188791956279492,0.033330514413098034,-0.034930724091268905,0.09699937051723431,-0.02795377524896949,-0.02088385113962818,0.055488655895017815,0.0640806871405023,-0.010466598924939655,-0.025337549786711207,0.009920004382215282,-0.040093323844983444,-0.02661402414084008,0.03534688707979148,0.035038719181017544,0.029410047811665025,0.014396497975400368,0.055048857390888536,-0.017747598244463106,0.0076237715694555605,-0.017599860743957155,-0.0011185188719103527,-0.035674464713545836,0.019781258916955247,0.06460877508945155,-0.02221133498208272,-0.03357206011673149,-0.04926948964490077,-0.002348247672296554,-0.045141271149334944,-0.032579830453900095,-0.007229931115621873,0.0332364890188348,0.013312209062378929,0.026925463590308882,0.04416307352376735,-0.0003546385771705373,0.0012658813560723118,0.03398782602294236,0.049144744245549946,0.031731278672480843,-0.0399418018963441,-0.0017226206045576414,-0.03435690238447302,0.00020627958365819742,0.04986102999531857,-0.027600188802628562,-0.008165196034263855,0.03567213746014077,-0.018420477456944095,0.011771220999314243,-0.03964918792968619,-0.010346981685392404,-0.029019753783872265,-0.0073081708029928945,-0.015869301830322674,0.03991790081395823,-0.04407615922427503,0.00016645863145697443,-0.006162785994588629,-0.051952858476939395,-0.024034874615201266,-0.03241652535075748,0.02385220803447595,-0.05089171855088471
cuneus-rh,0.012782393207961457,0.009183408451027395,-0.0028724061851435174,0.007815120880486566,0.042138364847929044,0.0022672688400763477,-0.02118831663442441,0.36137676935905994,-0.014499267478898337,-0.008320374614671559,-0.010543657872528795,0.0036486282675525926,-0.034468756102030006,-0.07302803941524277,-0.03483831745216726,0.044300445533924836,-0.07780268621868015,-0.054548677856504954,-0.0040066034198642745,-0.016813784486144488,0.012568871653504227,0.03644704336848321,-0.057354867109230045,-0.05864855784869465,0.01727680449281839,0.03593600759017958,0.047306350142934724,-0.06906763100282368,0.012744854925954018,0.005887191149517273,-0.008699115383925525,-0.020288863062080983,-0.01967550624572249,0.056220224720611604,0.014260320472293484,-0.0567192272528601,-0.004766621772367228,-0.02812250381808708,0.02330674056562326,0.02827027372019888,-0.0063320707497715725,-0.008642116857640544,-0.01915642973957564,-0.07364544670142818,0.05922756144509211,0.043291548317782536,-0.030925118451629586,0.009984987673699678,0.02140009831654172,-0.008907382219869175,0.03190860363209609,-0.056900797563021105,0.01766403674477199,-0.022768542651555555,-0.024172034999113867,0.04754110245469511,-0.01824218012240239,-0.05385109145629334,0.015126494703618517,-0.017446020689863784,-0.00013214042831218327,0.009315056997464294,0.03264746582916042,0.04224531652370616,-0.01796091302800412,-0.0542596440145559,-0.05694505476612971,0.042471410842493625
entorhinal-lh,0.0085611118475234,-0.014621206182571811,0.04789347454441089,0.029063460461833966,-0.023729489831684922,-0.06034295916022229,-0.021369009512137865,-0.009528252003118385,-0.00808693702552033,-0.008928037115674428,0.04899900782584258,0.020066044611037302,-0.15722718130725996,0.006872136121211505,0.06839987294656222,-0.01201953511500438,-0.1819074168461744,0.00313026130436117,-0.006376144734065741,0.022540075437724533,0.0017613133160193728,-0.040792637233479735,-0.012942241002610409,-0.009858290287438981,0.019563583223198056,-0.006118457689243121,0.05440750316212958,-0.011435990821687428,0.06327442176589756,-0.02825778682792762,-0.039683475207744796,-0.009206211446042565,-0.01692278450619164,0.016659820242367795,-0.12862918500112697,0.032206720566679635,0.02550104679047705,-0.0249619073656003,0.0057125654191873725,0.018256815280469477,0.03617974618565109,-0.03358747457381364,-0.007181424624015586,-0.04023842738991527,0.03592733110991026,-0.0025784286243101823,0.03855312345724589,-0.014718289792458488,0.00594695122165524,0.06665928001251062,-0.017238805505660225,-0.011374028122738208,0.08309937747735124,0.014752692514419264,0.049191060378073484,-0.02976075895916461,0.09586524743703899,-0.023005815739187033,-0.0030999083702411686,-0.011123073574580086,-0.004286669454926553,-0.0034878595656702154,0.04441830823391491,0.03358260474855943,0.0160100167160481,0.04295262523033594,-0.023236529748012404,0.001855030677573808
entorhinal-rh,0.03483645663241465,-0.05843796509786797,-0.02049539274061168,-0.030530563180308713,-0.015133750005960187,-0.017772334431281615,0.06762605555634038,-0.003970124079834604,-0.02666920852656478,0.03930157124925633,0.05946594538446642,-0.0009376926035885242,-0.0016176403408109988,-0.06388418894935778,0.025612924686089007,-0.011822387901755278,0.00605109089689655,0.05658097766978373,0.012054968375732578,-0.03646237384380157,0.029287390257179264,-0.03294253353559307,0.0691077583570607,0.012405922834931069,-0.02505316840546472,-0.05738895650169876,0.01344184720644686,0.01241629518055349,0.02653075633113239,-0.009953401228059156,-0.010246100457533856,0.002673308402732379,-0.05110630099984285,-0.012007032856004449,0.030371100983349667,-0.011018539125786604,0.030810068166293628,0.020360243754134352,0.028573866903239983,0.04123859260479935,0.021634385913632277,0.017592468416684347,0.06489200211517376,-0.014415510013733328,0.006583964885066321,0.014571151060347102,-0.04974210503975538,0.014269491208864091,0.029375820256501074,-0.02779725088799841,0.013755300736046699,-0.012605821047985862,-0.006311416174048393,-0.025971468213349856,-0.013023102167917883,-0.04607287411941452,-0.019998852288372,-0.052673592869043225,0.021387467355624787,-0.0009771103342319514,-0.009407395610478955,-0.033884616118182484,0.02519199882973657,0.04536207691568343,-0.02730780096497762,0.002712267366199529,-0.010819746047679,-0.047617219783496735
frontalpole-lh,0.019007885009943534,0.010415991271853973,-0.009898685614770994,-0.01244865088762781,0.05229156697197168,-0.008900548276711145,0.047820154418573915,-0.018993282624711696,0.03766699875292887,0.04140735041939444,-0.2244275298297126,-0.16921248391876392,-0.0111839074431757,0.011035056838281017,0.010385339894518685,-0.032316507755354267,-0.0480646632402605,0.005658694727880953,-0.060919908112058954,0.05876916821685822,0.023613959390217456,-0.008651651741273237,0.04126623925647574,-0.008175490711276429,-0.02341215052953227,0.000421848902698292,-0.014306948259425823,0.06415694586948358,0.00450388169827156,0.032556745785512105,-0.06366613264481479,0.03175887655426944,0.01142298967245966,0.020091896070351285,-0.04147879695315232,0.006541577273197567,0.009528252811998098,-0.004888183076895674,0.09119987707981782,-0.023626564017498783,0.05624302790106901,-0.0033662970498794277,0.06760196887985218,0.03814792415572604,0.019744850287242346,-0.03467276152828204,0.000578865110919593,0.02864178008771239,0.016786518440949083,-0.011755947327452306,-0.004965764226048426,-0.005352966959393786,-0.012456012982805305,-0.052456865740671675,-0.011932043710561927,-0.00926355818532893,0.013686648963247953,-0.009988548593416005,0.02268694282152945,0.025285824209440703,0.014846386520942277,-0.015606862450201407,0.006291472477622922,0.009816748852060105,-0.01481064572066825,0.016262133372979708,-0.02070748376976592,0.023765454913240655
frontalpole-rh,-0.0009451232178212725,-0.04262434177383907,-0.013310148990751352,0.015342190889026162,0.02028627309216655,-0.01880445611783462,-0.011533859006969193,-0.005521041999778657,0.017280354794044092,-0.002952164510883329,-0.10918623084690175,-0.10266400093478695,-0.014625853179991676,0.008296895213700346,0.003813509824187869,-0.02658549517234,0.014423041597759437,0.024469673594812315,-0.02271940272330081,-0.013352546348868639,0.006565360988184235,-0.008196439674691405,0.013502334195582739,0.0068163767110519064,0.03844006135234628,0.08896110983780468,0.0073132106878884915,0.0012179962920481906,0.03555780797127362,0.15335035391577456,-0.056165188238650715,-0.009030464382320007,0.06286404418784025,-0.03519628116653387,-0.003564371856219498,0.000976085460620837,0.002331822676474715,0.013743504527697683,0.03664831822728065,0.08216697514749934,0.045152182795638686,0.015356424156085227,-0.01905757811623101,0.0014359985787928391,-0.005671368011874484,-0.0069366728753405575,0.03329119561094836,0.005437800901569402,-0.010931183036178117,0.019851851256386298,0.0028412685587985366,-0.010985025733027346,0.06129823854039391,-0.08640377877287536,-0.023597961958995273,0.060914642298656195,-0.04923957960547886,0.002049319071326585,-0.014143822440735592,-0.01649438478492749,-0.007178143539513448,0.0002677076579968592,-0.006918675458320134,-0.007787390877172601,-0.09689562232421897,-0.011553550708535223,0.03187797406112162,-0.06336975628687208
fusiform-lh,0.049970290101188544,-0.0003098686974218429,-0.007746197842999594,0.023791486488863384,-0.036227301060238935,-0.042571236406522696,-0.00825326696065638,-0.023492946572536765,-0.06191181775605032,0.02016356592302344,0.011067699516919436,-0.014205154610488414,0.21781640936455512,-0.029220310709495455,-0.05706853198174462,0.011003489089803385,-0.07327743048904449,-0.033721857785740016,-0.07417528408119894,0.017312631562274274,-0.022591634181853025,0.0037326008911487637,0.0010875208210087148,-0.027905969100184967,0.06269632002265782,-0.01514989878200579,0.047959277185614546,-0.01657734582045379,0.04583019659608344,-0.003745084244770143,0.044168232746927466,0.04568455674010278,-0.04195449319631417,-0.0014522002485291602,-0.05280278272353928,-0.0018097902543595524,0.00366120530809456,-0.00969169450499783,0.023326151057969348,-0.017203656751838447,0.03475877066300447,0.021952536505984634,-0.006258272966977078,-0.004408104397495931,-0.04498931798943582,-0.012189018673220885,0.005612315699967964,-0.008224196912882883,0.0032884309704384065,-0.00769651993161892,-0.04638716556097129,-0.023882703912188278,0.06783315476569272,0.019410339836726593,-0.015621718813941303,0.023943314471273087,-0.01048500946613355,0.012588756159946122,-0.02439984291879344,0.02020814978539425,-0.0016822364708209362,0.03263041699674153,-0.02227666359947305,0.020432852392231422,-0.007132756123884398,-0.014161076149746744,0.0031479481838883514,0.027781738803044496
fusiform-rh,-0.02452167693274262,-0.031867050658435564,-0.03491101387730231,-0.026333089488317342,0.021044299971435934,-0.012638184503061967,0.013372049117571713,-0.04081575454063292,0.01811607903506399,-0.0211388495138357,0.028535752617469278,0.009389102801950247,-0.03449018804121341,0.3973784028957705,-0.0036938197309105266,0.022563581445635115,-0.013115180062808858,-0.0937418204106947,-0.012814078826723842,0.06667070293265014,-0.03748707414600537,-0.018453705117022594,0.01746775336821557,0.0026642431682362927,0.005341785654723381,0.03061605399113633,-0.0005849217506798642,0.07821141161206788,-0.025224353801332377,-0.022209713134793065,0.028218075845547752,0.09955435170209638,-0.016600751738900448,0.0006642126182822167,-0.0356980955053782,0.13304258922294965,-0.03106763668481498,-0.0525273993881789,0.010716989569924758,0.04214830653994776,0.000594935268836276,0.034680448257937015,-0.022892402530227476,-0.05321400449720483,-0.031140248065751712,0.007493227174578926,-0.04262433520412879,-0.01937593851363455,0.009660356498927831,0.0033096041383991093,-0.016509204296315305,-0.00805982673876628,-0.017462965617497203,-0.021853977712042873,0.003224420186732561,-0.07917279223915717,-0.016538244483897856,-0.03020819496607641,0.04462297594059701,-0.06753990398401566,-0.0416143752200842,-0.06486530830206165,0.046832684938695135,-0.00999560897649301,-0.02289622416524024,-0.011221002356291724,-0.02222294399531501,0.013207463202608783
inferiorparietal-lh,0.00420197377974071,-0.035986422855277124,-0.052161200039460745,-0.02570610972968518,-0.025062282263527774,-0.029851273027572497,-0.034440636867137664,-0.051949635473586615,0.06547325139183764,0.02972101644224917,0.037754416528774766,0.008076233947935545,-0.05513820988384349,0.0004918905429968132,0.16457342732501265,-0.004548887375723471,0.005442551371739036,0.06788171684593787,0.033123868467862326,0.04904759586138106,0.013873818825495078,-0.014896563389762965,-0.022714550404009087,-0.04800319467395403,0.023538722614685488,0.010830575216543412,0.0794188279000957,-0.013677238452780134,0.007970694697308319,-0.02412157107989839,-0.01216801274632186,0.007227923745058328,-0.035405508881377425,-0.0022310417559227363,0.04190237845270557,0.018057727476668922,0.0011726648554471857,-0.047529136657187505,0.047196599091182685,0.01803995696685491,0.013441860075771053,0.015882967398007323,0.017882010317097928,-0.04596961440974763,-0.0175013748682666,-0.012231371904088106,0.04833507381641895,-0.03637848187447693,-0.04876876791299957,-0.020358111682186084,-0.008186513824440897,-0.02538808363178034,-0.01602391229686072,0.005237649648631612,0.04783649327085602,-0.01954250339190169,0.040691555870144114,-0.0331429051688074,-0.03595058349302949,0.010462712080000304,-0.008136774189638643,-0.017657798280115405,-0.027010048859435185,-0.017593432766006608,-0.027104451142851756,0.012984475191808911,0.02839071119621201,-0.023627135958799648
inferiorparietal-rh,-0.032665846226869584,-0.018056114270884674,-0.012676619727014437,-0.0008918862162054171,0.04107307513507382,-0.02140526918893001,-0.02014489291272627,-0.03551439708757391,-0.02606076121445308,-0.049554879214286016,-0.012068677624109675,-0.022136531347240616,0.011777405043279858,-0.0061526054534880225,0.0056441627835899935,-0.08412159734847151,-0.017469223274608706,0.021047980221382698,0.027763299184007845,0.010836479328714609,0.002386127125368756,0.0,-0.07156353476780127,0.14232641777487168,-0.0002814757114037246,0.01971048002091507,-0.005973422684029285,-0.003164254855726447,0.043119720870699464,0.001705708784704585,0.0023994247371449933,0.07640559506117299,0.02662842070644287,0.023039817362532265,0.037549744681805185,-0.002835085500475273,0.016205743265723438,-0.04122981872663976,-0.021129765504643593,-0.041605022499388425,0.02852900019846594,-0.03492305174544624,0.037380709350323706,-0.05831350173189301,-0.0020204770807711863,-0.018015253698302636,0.0062146425221784474,0.0011628956172779169,0.013050519800501101,0.024652750813000918,0.017443952656893125,0.013342964925372867,0.007643228337452703,0.023945694424708,-0.0328687545839494,-0.025207270320870872,-0.0035675448648216685,-0.046418463632867134,-0.006891627606562594,0.017296957479470493,0.01806473035125996,0.011700376887964936,0.022752672813551176,-0.03649672145668344,0.0026306617338315917,0.03585058883410026,-0.013662345656206797,0.033804744901561455
inferiortemporal-lh,0.08207204072521518,-0.01613617482450836,0.02832735181968484,-0.036839448809383654,-0.024426133679129023,-0.0013491397391195781,0.07033175918584411,-0.07687462353717793,-0.1775681300822519,0.011843734527992957,-0.02321789378373881,0.02023650425262048,-0.14310038520905766,-0.027473487247675944,0.012813894184372003,-0.01037263201544351,0.060558527504792424,0.0003872383464048407,-0.009052900053585005,0.02116975670382859,0.040420793198540125,-0.00821754553091247,0.004214438329639582,0.02586859496959118,-0.05109714087402078,-0.024345745245348365,0.06278248859653854,-0.028097884685123125,0.020480777413830732,-0.00011815281914646683,-0.030249798945219366,-0.002333992167924833,0.0,0.03006937905323376,-0.035088408300053595,-0.010877660620790356,-0.021743736329022788,-0.0018012093763214295,0.057150971906170855,-0.015814231871934124,0.016122225978054704,-0.0012373269440042439,0.01611835568725069,-0.027639592137822137,-0.0399499263664362,0.020189979396444797,0.0,0.027377114746140647,0.013927910318278613,0.026114299337599345,-0.010646297779604552,0.02586319911952269,0.04868193334454884,0.051942347047105715,-0.027592066727065018,0.010114693161371445,0.030370326916670035,-0.023069842162522145,0.02378381529706665,0.014550914256247265,0.00391873162728462,-0.0024125190072194994,0.0016616348077943984,0.010614182409999035,0.017995055730191778,0.012228869693349012,-0.042451054363781285,0.030891241642123667
inferiortemporal-rh,0.030713508765524502,0.011270682162176826,-0.03202663039286858,-0.04159841409018372,-0.012600404082451078,-0.015381868196080081,0.03726994792612293,-0.027663398729303103,0.0003596271609387628,0.059578075700796936,0.012302210097310536,0.02534398133804023,-0.04090097856401122,-0.11318888949382802,0.05985309570700406,0.017971830260503117,0.006491461729404751,0.17609715462301648,-0.02613343152279833,0.015896130690221943,0.03866085811827332,-0.012648108338925951,0.013853841287032497,-0.0319495018364277,0.042364912624506895,0.030136177821911685,0.04968481815844347,-0.06393895697215837,-0.01775138944989461,-0.021205449180670976,-0.008136371066023112,0.003430432745518658,-0.03415740620154143,0.00750464191968206,-0.028769791253072097,-0.09646082049021039,0.0015692966912103862,-0.03134467158337289,0.046434942609924736,0.0459016861871607,-0.0017876901714725575,0.045116679262778805,-0.016039806536617407,-0.05149957334918377,-0.008785831127262556,-0.008089710810875232,0.03990027012506406,-0.0035182635460832426,0.023976637063112382,0.011928092613767429,0.031216517925898937,0.001941316755952659,-0.023845858357211626,-0.03452858134469878,-0.007612769373711372,-0.06881417536897322,0.0004088315969882706,0.005141532090169009,0.01632767101367207,-0.037713796483147814,-0.015319104161640578,-0.014319510550125331,0.04998459698687935,-0.004884795853186726,-0.007807231790601097,-0.025540003855621118,0.032789983166695305,-0.005458258801469637
insula-lh,-0.008154501477038441,0.02034537517731876,-0.01876066789870393,-0.020680360181735663,-0.03349643305285201,-0.02408663769680991,0.036983652891194964,0.024415750961452036,0.014218910122726141,0.026409582261450914,-0.030954268149293394,-0.023890700315273013,-0.08546158888542915,-0.01337000196076896,0.025665847196891023,0.027948056729000186,-0.008861388133210728,-0.02630736773998657,0.1581002209366933,0.04866320608752783,-0.0022978531215400904,-0.04017143420352415,0.021093954125013366,-0.024665371988189848,0.03949892090782457,0.011567444524456743,-0.0020827810408162025,-0.02308069125153883,-0.016907061774514044,-0.0054730351628322765,0.00458659239543116,0.01512300045510422,-0.03904862736425069,-0.031264623833359685,-0.05337091495194959,-0.016078470679044145,0.1295747449331597,0.0359396341333364,0.004967379608732029,0.030446691277372425,0.0550778959464835,0.028042007362128564,0.03397062819717856,-0.038126864847286675,-0.012733586738069062,0.02058078519033745,-0.04631454538495431,-0.03835675123328984,-0.016068064665901275,-0.021830264244690183,-0.02962305689099531,-0.0716847909419913,0.0029704671077234826,-0.009770909793851531,0.04391863044535399,-0.026806012169842776,0.06001831823891654,-0.001411955212009377,-0.007856080097851896,-0.020463631639720554,-0.06471000995645525,-0.0067094090981754785,0.04524572996098624,0.041222879532785105,-0.010542024742036998,-0.03150169815187848,-0.009923865399318972,0.006301995364401475
insula-rh,-0.007464647894433259,-0.09001949313100426,-0.022959405319154854,-0.07311225342716814,-0.024190105654477444,-0.011323310056717887,0.018288008297915007,-0.02700137487543478,0.022506165316057862,-0.008735025654225658,0.05917576621314658,-0.018009726570181874,0.010396300397392977,0.016523018271873233,0.047980286345166046,0.027634662813684197,0.015598938945954313,0.007160208432285275,0.04675531892908837,0.10191838011309415,0.03608398570956816,-0.01751729453097564,0.0025123528971843557,0.02835499905050833,0.0030473742794967155,-0.05999158141387595,0.04470081826872764,0.030275336999859806,-0.013152275141304343,-0.018927315456830865,0.00852650483426127,-0.023324213483031386,-0.04028663495844544,0.001957686107335887,-0.0011628498096813104,0.02687537156625163,-0.006169581995052769,-0.029764771668367405,0.035732036157254184,0.021081414750676007,0.0952966903351714,0.03560491695560445,0.05236266172740883,-0.02564090129470839,0.0010353729177512516,-0.07520292955303952,0.031590924152358243,-0.021720309331665986,-0.035705425028648784,-0.03219224062846858,0.01541343276885487,-0.03219753596958777,-0.020405580978484203,-0.0008826848943673799,-0.001486610584855451,-0.024780195323557127,-0.004377052893674048,-0.01934009043720917,0.03001721028828317,-0.017773795056316898,-0.013899059020328716,0.005825578500246233,-0.0002775528220383935,-0.05095192058622102,-0.006171592974908038,-0.024206948380188147,0.05272620427542295,-0.032633639819252436
isthmuscingulate-lh,0.04415175687905654,-0.02689827520970991,-0.008087318921720252,0.01518263527934366,-0.03274676790303724,0.008157325916044294,0.04356998590003694,-0.006642556449466201,-0.010860650286002896,0.02292671839377926,0.024670579978039595,0.0036885780146336342,-0.04753551843305556,-0.024572618569688988,-0.00548008653854686,-0.0035753124816820417,0.026915662769674966,0.04689438223261509,0.004946739945768566,0.023655987300512812,0.18283665212828665,-0.06496089711357618,0.018882748671662657,-0.043121566640779305,-0.001140282358857585,-0.014192332217085825,0.011722089332117531,-0.02642317953012711,0.006021100825158754,-0.03667797136224882,0.004838626649612068,-0.0030285792443838443,-0.06276539455634696,0.002827286873923307,-0.02566770447923486,-0.011184747131094692,0.005164754408923781,-0.0258940786210626,0.04935529850459367,0.017471664846917857,-0.008046167670091562,0.016871510315286813,0.039943222272747124,-0.03650954949103538,0.0011564699002208404,0.05147463898195316,-0.03382738430039576,-0.015614018981131133,0.03528504060062943,0.029497891888076888,-0.0031285005597598906,-0.006984623725175297,-0.013689702568000978,-0.01096552938657519,-0.027118119587276293,-0.007146012809586372,0.0005677280575896022,0.012208395560913625,-0.02463346336346795,0.012807170538979269,0.01621596850051374,0.015096424633626294,-0.053907733161808746,-0.032144375139718205,-0.014304361249807189,-0.01474055087735441,0.0009784025499588154,-0.011767507732305163
isthmuscingulate-rh,0.010409300752201468,-0.06562440630108468,0.024336944711143234,0.011104439256914612,-0.048060842465148884,-0.02533269189989727,-0.012397459337505315,0.09554492252372912,-0.028258086141866902,-0.028626085326710494,-0.0035054247260949494,-0.00408009727593117,0.014773956666556249,-0.008959810027741336,-0.009651249440535614,0.0,-0.01286087598460196,0.026266713824087563,-0.0313221775495321,-0.007177568133145456,-0.05559542124139039,0.44258146398869463,0.03750359095165442,-0.029554338761491203,-0.02156687241638403,-0.04144023158610043,-0.031986177342548765,0.02492827282257643,-0.020808179429309234,-0.03263953492025739,-0.01139149241241526,-0.023145953061440402,-0.013227089917017308,-0.02803796411471865,0.009135612350776232,0.06853091258306455,0.016194979863673832,0.018144093415788792,-0.009134501316599344,-0.01839988021692119,-0.03720424218435925,-0.020113137804663082,-0.01866077196327885,0.0124289428100379,-0.01839638547181655,-0.026827612712919148,-0.01621033282513504,-0.021695322422540853,0.0184599170008867,-0.06438694988875766,0.004978425752843508,0.180446363704076,0.023386955573285486,0.009004996116427556,-0.02160859328995663,0.029196851698774184,-0.010622703785305419,-0.007081221335938718,-0.036714056779163555,0.07296271695090478,-0.027658845988938977,-0.002864507566232347,-0.02511268949913879,-0.07872738084533323,-0.012125138964288606,-0.003968048385247673,-0.012489653200547199,-0.06506836705814585
lateraloccipital-lh,-0.020212508680083417,-0.005267860538848962,0.005742205868932338,-0.0017713441583831876,-0.015516337635914977,-0.020886124369217766,0.03139265825540228,-0.06323366372583274,-0.002249821341989672,0.06821432374930805,0.060375593989431126,0.00824592248717536,-0.00022178088216044702,0.021259777803729115,-0.014039038737480062,-0.03772943165816533,-0.009852331463359718,0.01026174193273612,0.011825469579329007,0.0053440037923213465,0.039696814997161496,0.018571586166676396,0.04564311311530173,-0.03243793574007949,0.011326561768054898,0.02137715974578066,0.005811072132496533,0.007314937894375375,0.01466961471339314,-0.013928005653926167,-0.06746080456112788,-0.023627254714872196,-0.015780627301186758,0.04215161688404592,-0.02367094095178014,0.0036235296830010215,0.01971783863196653,-0.027755009867195837,-0.016654321228214572,0.05147258642651229,0.029453747673265716,0.04107445919267868,0.02162136400178747,-0.0538006196597422,-0.04010597274476765,0.002380093100973597,0.005840352501763212,0.021103508703078415,-0.057826758810642524,-0.01291320781202532,0.031619236305208166,-0.030081513321554152,0.0033606629166027047,0.0610341894388393,-0.05823903317567677,-0.002247269405922475,-0.028139668115004776,0.007188736225659607,0.0436727151061918,0.008227648464505834,-0.03134601609687213,-0.03990395406912154,-0.009595811263285067,-0.022726086620568003,0.008102000174898307,0.027988452818400688,0.007114971209985373,-0.024599213145967594
lateraloccipital-rh,0.01660962388290977,0.013144790667877364,-0.02564530463339974,-0.06506391466647941,0.0341477868238533,-0.009291676336030712,-0.005769572305640468,-0.056355403995574246,-0.00935837640873389,0.028156811700524656,0.025422966858093487,0.013285255512227584,-0.03428743868399232,0.0005909649922000958,-0.04671313823279419,0.12755921811162416,0.04045595876707772,-0.020047555641237363,-0.016757450035121357,0.03482756437576904,-0.031388409743971675,-0.030949803284278876,-0.03723143592593622,0.3090705312272685,-0.021755861815188182,0.0031866354833757536,0.06847178613697323,0.031613350597358675,-0.005419100767672259,0.029397791052544496,-0.026118686041901738,0.024834657430222094,-0.013838887344083499,0.0008751831858284781,0.041922348040429346,-0.007488089368957751,-0.011976770495669803,-0.010178626663286873,-0.0033643139790568194,0.010000244849845812,0.01802136002305606,-0.0241929852873183,0.04105907297285045,-0.04374401431944785,-0.045496549030111556,0.010468920445384292,-0.026380191555695626,-0.023481288606153266,-0.056041502838955246,-0.022854918195640082,-0.022122144242443513,0.0016699705855415287,-0.024166832745149643,0.03073936239845547,-0.04474788240772112,-0.014736645482771527,-0.03780099912973312,-0.004586331742649956,-0.040636986058875224,-0.014867199417152503,-0.040263930789466426,0.003040306434831376,0.009106818866514502,-0.023096175989050824,0.02706777582706235,0.00995335563263421,0.016017524994634134,-0.022501543669624775
lateralorbitofrontal-lh,0.026256158987034928,0.06039363671004236,-0.02978894855451982,-0.043010913275265676,-0.06614305560730063,0.0069117743669349935,0.0011378819218463181,0.0033389550962878182,0.023448771129406777,-0.01504062251256216,-0.011415702080845996,0.056533506498369614,0.04610323198958664,0.009550841714354923,0.018594584934556648,0.005290576219850122,-0.04701836929891062,0.052485806547145096,0.03726043730004523,-0.005772405121137687,0.0006043418861524878,-0.03419338259037167,-0.0003512206413637383,-0.026680819122939292,0.06366414507467276,0.06190883762692261,0.030510092998849395,-0.004381220018132284,0.12665437909913285,0.0059595295570068684,0.049350448432914744,0.005628892574147432,0.009428424263812072,-0.006096370201927975,-0.033121799812180955,-0.01522631975344012,0.04733850892667735,0.016067404581327195,-0.14863036973132113,0.018478429566661316,-0.01961041565096221,-0.006228012860379175,-0.04654202897684303,-0.03013663242027155,-0.006641295219936697,0.03170638436808672,0.0611536667517363,-0.02599548036597147,-0.023798791406630267,-0.017193165019590846,-0.04489645156434751,-0.02131923586996637,-0.016227836030388642,-0.02675217763238356,-0.022013744072481384,-0.02591544227030463,-0.02989640672804249,-0.0052374660898468865,-0.0184061679052931,0.0003512780714002159,-0.014519560935779548,0.0020142085025731623,0.006795671475975708,-0.010537963680053218,0.020786336920712058,-0.015422075199495937,0.016629311400168,-0.008174587273202463
lateralorbitofrontal-rh,0.00017473840236985322,-0.00400150343695685,-0.007337731964408056,-0.0036446644719201485,0.012640259522554315,-0.07572223087922679,-0.04088186682789671,0.0268963988257375,-0.02911782018995635,-0.07860286561988794,0.04004006784232084,0.1298968330132132,-0.02589461178861024,0.04093911195812079,0.008322782950120459,0.026023717601058052,-0.031631286770651204,0.01955891051534651,0.005202868309900402,-0.0968999414059131,-0.012433032298334113,-0.06280776774522559,0.033319678775813336,0.006911716130884659,0.07603612369730135,0.0919474788594176,0.030317800180083898,0.0008701359182439768,-0.01624392265120274,0.005264560041935637,-0.01213479605501236,0.03478648634361341,-0.022025665528937,-0.035875108624130216,-0.005313834046327985,-0.00012457863133466795,0.015013093069582923,-0.01438267502828699,0.04622631662356443,0.05560688164251371,-0.0009531422256223301,0.0133769794395889,-0.02638440436284378,-0.007819087508132533,-0.013796376164057073,-0.0020468965122440314,0.025583248326507733,-0.0533086051820346,-0.018167429128717195,0.021094186260074036,-0.007446199129395003,-0.024590491819915242,0.0307619049135797,0.06831130983086327,-0.03691816884920893,0.017990156081234502,-0.013394661116282576,0.024714198820088632,0.008815726221036038,-0.01354182792224339,-0.017679586497813524,0.03913060862957581,-0.003439280547519538,-0.03890374516298643,0.011538206531432482,0.03266440190728071,0.015522627214193766,-0.16203370830591718
lingual-lh,0.06068872249724734,-0.03059343710837126,0.008785436555657495,0.01704401396379477,-0.04020013975670773,0.009862892256851611,0.011811108115093442,0.028246980342608856,0.04751115760754897,0.017137496202698478,0.0007483640905135635,0.00020172449860780472,0.018730209737456434,-0.005597185160437875,0.06777183972488406,0.0022682846876822364,0.06088576197707751,0.04820876284415256,-0.01200996925664213,0.0361490148514171,-0.002411842703394661,-0.09391952583601318,0.006575730942627616,0.03943223780608994,0.02614107290661612,0.014538117312302834,-0.06590987522266996,-0.02418279653992306,-0.005623762672010698,-0.038552648808211194,0.0993344311270387,-0.028641725393595503,-0.025394429223018225,0.02367352757021146,0.028035754247698393,-0.037330628188279064,-0.0011570358562261564,0.02817041955096173,0.025379090853056938,0.04928553583586812,-0.018980439008569286,0.012427459363876295,-0.03529330492506462,-0.06946936742442991,-0.04041020699243536,0.04236956168018506,-0.013362545790027111,0.0008193684621727998,0.005377324581084113,-0.01627461566733908,-0.022847574762228318,-0.01508103782139226,-0.022709891786510592,0.008489275324193295,-0.054255842179688846,-0.015477159445806408,-0.048293121696578185,-0.026348560691106297,-0.01492168774845695,-0.02193929296393239,-0.018366915277568965,-0.0012289671139093642,0.023080244132460924,-0.05066469713970066,0.01539617980719705,0.01064074920349541,0.030733762150574558,-0.008501382650758303
lingual-rh,0.02456993226543622,-0.0016367304930582911,-0.015385695915753093,-0.012432810318116704,0.06724432805088111,-0.012281900827449484,0.08475784622589916,-0.032471298507794434,0.005152149615075054,0.025321846152529876,0.09106516334682965,-0.00018492355396251817,-0.03112642119793316,0.04470903209531261,-0.015918699001207015,-0.0007150828659983336,-0.011986470807029756,-0.042557685787932883,-0.032576188397748375,0.040443210721210786,-0.015211313991547886,0.00220383223792493,0.013249820924522463,0.013518622846809103,-0.005910780148204954,-0.004986020184194774,-0.007709302305041956,0.1419831768478299,0.00420396947675445,-0.0199401849442743,0.013393316049063131,0.003897872738814853,-0.03793399508855638,-0.02819480318046997,-0.038817983155150566,0.025017551201203105,-0.049563558897138385,-0.053405197496195975,0.017092901690894995,0.017927012867083522,-0.010701937009041965,0.026003833005989872,0.04257875102273292,0.05300427456524342,-0.03490955117462586,-0.020610101334550834,-0.03677346698435295,0.00518179450347997,0.008008501163499271,-0.005234996068296406,0.00957644860600742,0.011910789251670594,-0.006469517988011144,-0.007505249503883711,-0.03087792715320078,-0.02977207251468057,-0.02376816930376858,-0.03658139373206456,0.02584029097770743,0.011330433195764496,-0.052481304614562706,0.003605618376440505,-0.04114716637645482,-0.002730864871462675,-0.013668900976224151,-0.02198121807763217,0.0022803813811785355,0.011088183343783817
medialorbitofrontal-lh,0.012900256500898839,0.02744043532643202,-0.011262438744764569,-0.01560556143312123,-0.00024306143707957166,0.012177356896188877,-0.01588933870688879,0.008547541680795145,0.06714378959761796,0.023349870194301434,0.061548919810970576,0.042961259668269705,0.033141619735739085,-0.018762523310942532,0.0017152798532451955,0.02336405790763322,0.005644098433120874,-0.02925022900963622,-0.03381107240450489,-0.0066809281711985745,0.012386016357330946,-0.01849283555847519,0.013578480470914783,-0.004359559626732461,0.09015557665338676,-0.018374561832070636,0.006447419880723294,0.010476333841959853,-0.12091941066108564,-0.007873643690588438,0.011069511513228875,0.023382850641355563,-0.03711883815911406,-0.008157613876375744,-0.01813328413938673,0.0037699905424881334,0.035833730081689226,0.021621442451373877,0.015596815147225598,0.022694525822315136,0.057925597304405586,-0.014102187192535654,0.028210293024011797,0.0025838474348145865,-0.0014607626766416715,-0.0337667114019146,0.002227101541456166,-0.010716722571621606,-0.03256641285404272,-0.016512788932065373,-0.043816363907574735,-0.007040881964096053,-0.048318030067560774,-0.0063496733095868745,-0.0837040747393523,-0.01810264395740916,-0.0209635688143244,0.024928204574339443,0.013431243349753996,0.011628826532709633,0.010458967442811941,0.03097155803332734,0.010182897857562533,0.027185275101631615,-0.016870395307887264,-0.025470010331827463,-0.05665640144362329,-0.0053284609720004265
medialorbitofrontal-rh,0.002983522684011991,0.04321414972059264,0.013162549852172009,0.01739852138323631,0.03892541081717488,-0.07813361645731619,-0.03255203214266017,0.005492700354451062,-0.02425032607114634,-0.0011781740752284705,0.051567073622096164,0.22281928408435484,-0.008134511137900717,-0.022792993267727643,-0.023814706524769372,0.005251995511276344,0.005790586776531591,-0.022254784802264085,-0.004386761253418617,-0.011485051436764112,-0.02948151660781077,-0.028551004433808556,-0.007650778612429633,0.031400753140409625,0.014072740152682613,0.019568024773815137,-0.029273943092572304,-0.014561675302605638,0.024313913967836127,0.008565610727642455,-0.009800002959962794,-0.002763008041867741,0.017409118122359252,-0.05452204265008091,-0.03069799305341341,-0.029895308797501356,0.024857387519496288,-0.01341068663090442,-0.007733310518521179,0.021291548182194368,0.03908317490634508,-0.01003147556801962,-0.02352161031137929,0.046836126090011344,-0.04714295440596356,-0.04296213181032099,-0.005080619428015061,-0.010422274692884403,-0.01527987941677,-0.03798028727961375,-0.03221559707882516,-0.007500031720521256,0.14375538048356393,0.07334318878357135,-0.06578640880085951,-0.012580487513230145,-0.08353168483594284,0.02668330427315174,-0.02057683329323359,0.01829272509419068,-0.011526504683247101,0.02356974650031753,-0.012775950050202867,-0.007206515937225962,-0.012060383544276675,-0.03352692004400985,0.0425811194093366,-0.0031968786476059045
middletemporal-lh,0.0392784677875104,-0.01789673036495458,-0.015068081235104558,0.025654212414850015,-0.00811094753972861,-0.03596374151303954,-0.04646520106044572,-0.01120965611889813,-0.004093770355296197,-0.00865460285911213,-0.034691648313358824,-0.04346532147748953,0.04110218060981113,0.031035242554179453,-0.0002054554086452774,0.008977251290389041,-0.020039545598389597,-0.007949937996185772,0.014089259186136752,0.011167349352760291,0.009849799118931355,-0.005036647086103783,-0.0683352220800308,-0.020606302134740368,0.05220665243713626,-0.005789309068020011,0.11949505611884624,0.007298585628142666,0.03319413880448813,-0.0001595711825519426,0.1771044109152551,-0.027989613596549747,-0.021525468385613207,0.026073585454928466,0.07766264641823634,0.01430125500364471,0.007948662170895487,0.005417382651531874,-0.019255266182540576,0.004848772498845804,0.044379068414960206,0.01993325022282716,-0.08197963866507949,-0.016031096765538166,-0.031267080314430803,-0.01757564666837727,0.022098600091397604,-0.018222721763028384,-0.0260971491012955,-0.012373881595259704,-0.046530394462239846,-0.07171398611865852,-0.024115033173144996,0.02081950149132848,-0.021089508861599906,-0.02554174376940314,-0.043967315427921,0.004255827787888156,-0.0359279832669497,-0.004554934230399172,0.10315824958586302,-0.022920904845824958,-0.002620669332831901,-0.021231506644336026,0.023829189065706257,-0.025221905707256614,0.014519554760515812,0.011796988433367768
middletemporal-rh,0.001499998333055791,-0.06933877322410494,-0.058745548678163756,-0.08300879907285735,0.016851351644186285,-0.11879963891673459,-0.004857727463392318,-0.018580295114673028,-0.007029095781177654,0.013830784953306405,0.028713480840644595,-0.016630175571362694,0.04678179091132005,0.061278386064212015,0.010770798323019517,0.08165022950518402,0.007936744262398019,0.007668606429690037,0.0039748286765189465,-0.04143860976030925,6.998124020869784e-05,-0.03622485971747356,-0.021719622136052736,0.009948009975921957,0.009983005456545053,0.02876629394687513,-0.03268139939290373,-0.0017870175966272577,0.021266033520564696,-0.022108438461054328,-0.03719624089724569,0.057715947106234795,0.009098745699768866,-0.04222778244012642,0.013630325094625606,0.020122066143549028,-0.007689273556867684,0.04742839998905382,0.03058170983838769,0.056031468159407856,0.0008902228910621775,-0.015557121474011207,-0.022717073882992753,0.024990886251483258,0.008746816154337977,-0.033164144677174885,0.024784543055173292,0.016784489196554907,0.013891850791077472,-0.06683090114379453,0.001284490297534457,0.004058980122344163,-0.027077710566859783,0.0094708453015051,-0.00660162085923806,-0.00979458987110719,-0.008076333162190898,0.0327384642167614,-0.004946579667621359,0.10003556114566649,-0.0002895949364513239,0.028341515072371936,-0.017945693950969833,-0.04256317387764073,-0.027835760386004448,0.03661941902768708,0.036226583536169935,-0.021000056937224506
paracentral-lh,-0.008984722395664366,0.08369632068904875,-0.1913595672440876,-0.1222318784891758,0.03409193898509625,-0.027123693034875034,-0.05214402620255696,-0.002612708711880341,-0.007580859521341809,-0.04385269475812952,0.021836669054251117,0.11564001917963035,-0.047244596410898614,-0.01850171477621201,-0.04308733718194374,0.028351619316842304,0.0,-0.030402670080922543,-0.036512698961957704,-0.044375959840612135,-0.07116515092748225,-0.00909940635223117,-0.010669357844851434,0.0003951164513255155,0.03131605616349093,-0.0043986426706856445,-0.01768867221646422,-0.019950745896974265,-0.02316154675077396,0.020502738390678357,-0.020496397965109336,0.0074957920519029405,0.34397807544758685,-0.019463332878008693,-0.012915538443767525,-0.005953910629207944,-0.004028668943618209,-0.0006134754605404054,0.008825452323260069,0.034630634958984254,0.042498346822035044,0.032857566775129105,-0.012775074033749053,0.007215993325627228,-0.013521549244701956,0.02098012998574818,0.06457489792492034,-0.04494489030136127,-0.03416028990980053,0.0054809796452298404,0.024601912573171642,0.04371372318309381,-0.019024606119568833,-0.043023789158547994,0.014386087607010486,-0.05639876046221813,0.04598174361105193,0.08600428269822866,-0.03200807353455431,-0.06310563871428446,-0.04831201891969684,0.07325066749110914,0.05078455673275465,-0.008424917584278137,-0.0351562415219143,-0.020777170539973844,0.0802221257927304,0.003939547454684801
paracentral-rh,-0.02634803511427156,-0.041580454301669206,-0.06974011355697858,-0.06339799927130946,-0.027975261917119944,-0.040227206405693494,-0.02101849979131245,0.034461072297944526,0.02115951921803976,-0.010755660314056378,0.03947890988622713,-0.016737495224619245,-0.0020314601107762798,-0.0001774842367388756,0.012897622152319663,0.015386465426168259,0.023857825682447036,0.022530281463132514,-0.01903362652720665,0.015243536930663808,0.02555760236214681,-0.022215638039089058,0.045913385060189806,0.003604282247198985,0.002140081691925087,-0.024878924153329852,0.04824672023031214,-0.029014967254079,-0.006253393516379199,-0.05689898638871072,0.027674425112293708,-0.03290646253679961,-0.007882474364942738,0.20827103528560623,-0.010439640205396072,-0.014340900238750849,0.006396873054773194,-0.09162033603413107,0.014454217978844958,0.03176072977835051,0.014076731320775193,0.022177375690107876,0.05436461773578581,-0.010635031516654826,-0.007547348266850671,0.0012515417920492269,0.0092844972450353,0.08457394571629316,0.0025922106573128645,0.002864038251201611,0.0012231744808382313,0.002972268839476791,-0.059751830031508565,-0.037318741264670593,0.0015751454768806355,-0.0175060204265342,0.03251857734637188,0.01578878207787401,-0.04952605572085102,0.033656135708016406,-0.01666341872659831,0.023175672254785142,-0.06497260337271966,0.028742044997524148,-0.010834522161063172,-0.024127119219946598,0.05196015464455818,-0.047473789882712766
parahippocampal-lh,0.010882235411709814,-0.008811961056619277,0.01107554196627066,-0.03420865003398884,-0.041676221730867304,-0.02590434800465055,-0.013331497652087155,0.018899780982106675,-0.07034958531265238,0.05144962708702482,-0.016430896804960474,-0.002482799235609635,-0.0924020651813489,-0.04011675703941957,0.05593823201714501,0.03165294954892655,0.00806040772122489,-0.03257797840776427,-0.04714319166978084,0.006649325045639156,-0.016262686046593533,0.011312222199472734,-0.01728824249029543,0.028718040589427316,-0.030551341025360373,0.00026681950261107614,0.06759924785278273,-0.04607830324192608,-0.006819124961671326,-0.028961585202554197,0.048284434439269996,0.010743565311884884,-0.01728824249029543,-0.017203909413607246,0.13067814001658673,0.0009690235936642263,0.016370380343429827,-0.015701536284227453,0.012743269367561509,-0.005723752272175809,-0.00477686923342917,-0.03163247811462011,-0.001767767877661208,-0.00809236882524467,-0.02280506486285531,-0.004926632580686667,0.012620972007373023,-0.022925747919235684,-0.043273207369218185,0.007420035393510821,-0.02505769252266108,-0.013747476724383475,0.054393853157321835,0.03829755406193742,-0.025299881617320347,0.021140300111993793,-0.0016889157996503915,0.013582185114449896,-0.020168345139789497,-0.015315749071023134,-0.04076833565491901,0.05422361308527999,0.07633896044640075,0.04059692246439702,0.055947491734087786,0.009707046235183297,-0.00918503552073758,0.012184067583217289
parahippocampal-rh,-0.0003778443418148696,-0.008801861113938035,-0.028974545912360823,-0.031625830100628055,-0.0015603621148726704,0.016834205169195867,0.030129034626334223,-0.027057837260072378,0.03550541349482956,0.007432175724461083,0.01628401116828824,-0.0013722065347439012,-0.01297244354565996,0.10656943715500726,0.010540143432033128,0.005991315590971333,-0.005511330973343257,-0.0552418750862669,-0.03210804924561108,0.04549758144327184,-0.00977900518885682,0.013602902688537984,0.01038414413445864,-0.022944779239961178,-0.016871418345123828,-0.00956058316489271,-0.01569336898439984,0.029885540428070123,-0.0077837308827932,-0.02434223502118541,0.018804752577569472,0.01248163376074472,-0.012439404238095902,-0.017571292635732386,-0.007628347940620764,0.24595349858328028,-0.01749666877456216,-0.03894388739361529,0.0075991801346764936,-0.012114523192419858,-0.006010925037450286,0.037201081477370425,0.0035708677841190684,-0.03355757118395427,-0.046043549270327166,0.008179692568012861,-0.022353875730164428,-0.011382037883515054,0.024432029944493918,0.022106496118661202,0.003526053471067124,0.028359565816292055,0.012032619576020238,-0.016849207691597583,-0.0023508351498074407,-0.03858887643954154,-0.022742826454224145,-0.04323117266163097,0.011129758476434123,-0.045150381386020434,-0.04584072480594263,0.006178496145430453,-0.0026742354827259457,0.012076026755225693,-0.021127366139549106,-0.02193487190429669,-0.0005194601431723644,0.016843690350633954
parsopercularis-lh,-0.009118623868352561,0.08744452993977682,0.016192719652633324,0.004144935707065057,-0.018473790354181008,0.0,0.016887594840769397,-0.014085428947236692,0.02204247136289359,0.026028538325870803,0.010682480473842364,0.015082357588996502,-0.017768347050525456,-0.07109405460453162,-0.012988492444970799,0.018197454440449234,-0.010700489182608347,-0.016957618702858772,0.06177889402342244,-0.007210634840194505,-0.008093785644370433,-0.007900918769720539,0.01699856900985715,-0.031635142726668695,0.021320934854446257,0.012940551379190155,0.0008363294781049564,-0.09002807341772545,0.041542731403800916,0.022235858071793048,0.004521432134368896,-0.0033869448840094206,-0.019848855402764595,0.0007349275836358816,-0.0019698495201525253,-0.03981889708891084,0.08232549392958585,0.0018320431139351393,-0.014363095451711593,-0.01577437746723441,-0.10245740975423262,0.01446362716151864,0.05029171718804733,0.01497980269883635,0.03161042873333177,0.03097917331916381,-0.03207627066682281,-0.012229866000071738,0.02631434182547321,0.034473967310389896,0.01085028587070549,0.012024402178736144,-0.03910908189445447,-0.03503583222669038,-0.017729814223559175,-0.015492812212647294,0.04336139544714568,-0.04492910521771951,0.02630583825750325,-0.013923152330248675,-0.011622757524201279,0.06046677369294003,-0.01989232910874406,0.021148770301389827,-0.04391023021028696,-0.03624739467517873,-0.06310445920644872,0.03793656432041556
parsopercularis-rh,-0.023631754356084757,0.05752618322141748,0.005718878628776713,0.002144747121624695,0.0351268747048857,-0.0046842393742664344,0.021363215699699623,-0.0116977956620859,-0.022914594337255453,0.010876791684648671,0.0033501134065174855,0.025515270528054867,-0.01357238401412782,-0.060001512840288256,-0.03905856176056619,-0.025775864396320264,0.0020416300929040443,-0.039568968160068343,0.02901333902913234,-0.031999406840655685,-0.02697307650211372,0.012956272208986886,-0.028331704932030573,-0.017583417086837368,0.018673040979696263,-0.02110575195121562,0.03835128227543242,-0.060135450595259377,0.040433534624948704,-0.022484611097157447,0.002871760853009106,0.07185103746460239,0.0013155878212293898,-0.06652902284385329,-0.025470592117225466,-0.04374711328117681,0.00981107941509621,0.06838261446460155,0.03891425281875808,0.027918755887546956,0.030020551747957328,-0.05311955980935125,0.012910947665213994,0.006128995587232183,0.01965434115696911,0.040184956829186616,-0.004707280373334384,-0.0011545225046126917,-0.03302289107208705,-0.0186467544580999,-0.00221368202694683,-0.0159638432544299,0.019571882971082196,-0.025517079621931223,0.026630274445576904,-0.06478110632315764,0.018280097187045083,-0.019189526752212673,-0.003986939319421854,0.02009200279121214,0.020802506939634355,0.025252975013036142,-0.06112612755281553,0.013989179466688038,0.019687532755027916,0.04668791589172572,-0.003669967217342124,0.0483146790551745
parsorbitalis-lh,-0.00837829130656703,0.03471472303200832,-0.023112693384934154,-0.00905622181913559,-0.028187775550527407,-0.005622006499038038,0.04238116535904124,0.001526809048563087,-0.007969196408097267,0.01965485819363362,0.1079509613636712,0.033545350655807174,0.01850563955999813,0.010090572274012817,0.041145300432688374,-0.02138931318133395,0.05119519693762518,0.050253925760904435,0.024004460860942378,0.03656670546511918,0.05219646246737973,-0.010378210136852277,-0.03508247837745876,-0.02063812399021178,-0.22096724136146845,0.029536324311483467,0.0258486250386351,0.013722805723096533,-0.012226096419382769,-0.03856322288468148,-0.026524590314698313,0.02325413282081702,-0.008586103360423272,0.0004363175088874305,-0.0007575522856458992,0.0010173112354032,-0.02086771564887759,0.03363897530382162,-0.1755004892609801,0.05360141449677412,0.02103367969491254,0.010101542003973998,-0.017720237399954857,0.020744391517774883,-0.01434126088724956,-0.031436651332768524,0.002339337163732606,0.04599482963397495,0.03189865638060733,-0.020961929982610508,-0.06507208680482039,-0.020043170432397592,-0.004548236766778788,0.020637331903550153,-0.002137911434781769,-0.004023934268784076,-0.026863612184447872,0.021514022999749728,0.0011260963851515513,-0.023664104453989532,-0.03452520079649876,-0.014148782298249268,-0.000932002102785028,0.0037627768722915994,0.01955666491588683,0.013205970733905958,0.012661821238717204,0.024861284041887987
parsorbitalis-rh,0.004782217326250859,0.05897346665278259,-0.001246432284875675,0.063517852013839,-0.01968209603781309,0.0060708221439192255,-0.005151629231080689,0.003302565185909782,0.01191609084390164,0.038534705869206105,-0.009886839994100954,0.06535573429426121,-0.018552436821582245,0.023740862800055388,0.008025895502696069,-0.04341708962555655,-0.017183397496234022,0.03652885398734339,0.017438933206589086,-0.018631438773913565,0.019183935063101246,-0.018476642164889298,0.030650930081261657,-0.003161007568373315,-0.029320711449889545,-0.025819929229249906,0.04484606941860096,0.011507962051653203,-0.007696045413710562,-0.019044588675037208,-0.006379885942243923,0.05050406119765869,0.01919337969193088,0.019179937709534755,-0.018457381062126903,-0.027240081167416247,-0.0169499360887101,0.005448180105209156,0.04662307039244648,-0.16355904165253407,-0.04310232964767508,0.013517721474091965,-0.005540772002665809,-0.022710051038714985,0.010982829562823919,-0.07760805900638637,0.0026354350184740415,0.03315754333198995,0.04782014029467098,-0.008223508804270871,0.001979075604196989,0.017326831050854998,0.024298265864314644,0.06090046046670414,-0.027399950691713873,-0.09380581785591523,0.03735421315382536,-0.024160509909556337,-0.020651858040603533,-0.015342450042004874,-0.017824731794929216,0.005367216376911783,-0.004339158510015628,-0.006387953749462144,0.004185594635097442,0.0033214802712680964,-0.001520340164395817,-0.009698230705727912
parstriangularis-lh,-0.04981756149129093,-0.03936057114041569,-0.003679906350717087,0.008882894067183157,-0.0017507704140102595,0.017048444486758418,-0.010480106978499978,0.0011499435547162526,0.033297085405002244,0.02184391346271041,0.07978653278911824,0.07044547105594981,0.012662905448860519,-0.011817698247966517,0.0034522502477683367,0.024401180135724173,0.015441899266579118,-0.008574231830118777,0.029090592559924622,0.11510330961353098,-0.013637720507587627,-0.05866143992235984,0.031194584045698,0.006380189424094828,-0.07623123818950633,-0.02039948773277951,-0.028537448349962805,-0.01778752525190459,0.04735627210108037,0.03778974203338369,0.03924299351303836,-0.001143034623176014,0.022524107975910264,0.015270400345687905,-0.014391746464508465,-0.023622219968269794,-0.15220239450112974,0.021869741789059146,0.018247967142797188,-0.05736015259028356,-0.06229097848093934,-0.030077892095083287,0.04035180274854187,0.01819838804147467,0.018074699557794553,-0.021001783154338087,-0.020739604756566957,-0.0006267951533038524,0.010071443937464059,-0.002202847589885946,-0.013004835263511315,-0.03440624366115001,0.021293220583669347,-4.660344076115549e-05,0.05123715963369975,-0.003987083053689247,0.022603764749892112,-0.006355633984821093,-0.007653660729299768,-0.08185974217154983,0.03336067964194329,-0.020994901577390677,0.0,-0.023256126264392954,0.010205784738861991,-0.0010014386649534522,0.040412026580176896,-0.01932996608197004
parstriangularis-rh,0.04822075261867305,0.01317510513339694,0.005442833275392673,0.032489933152018445,-0.025156883667328107,-0.03459286961072904,0.0728873456617558,-0.028466628593227763,-0.05533877878754848,0.026648468517879574,0.009631081050695931,0.023123356329718042,0.019522801152100696,0.028021553045066983,0.017725669409061454,-0.039718085010003,-0.02469170161776595,0.04822265812979806,0.028477479479651076,0.03176600567514065,0.028956851792390687,-0.029225130907333956,0.04405706692498011,-0.02523078509232693,-0.04048213218739648,-0.006685253277021198,0.010124709972917225,0.024993476798451177,-0.04995622983818158,-0.04192875231443556,0.01430345222911862,-0.023599498837236464,0.03343191399119272,0.026843874991749343,-0.11237638437556612,0.05244916649446592,0.012458918324280935,-0.09581422082449598,-0.0038539689278541856,-0.018075349728763904,-0.026192376423955964,0.012220876046447058,0.024265469575764278,-0.029745609388692973,0.006691485765673111,-0.023585192653035655,0.023600189964540393,0.025739709090013822,0.0008579903030004608,0.04524527928132494,-0.020673982947592085,0.01965037002490991,-0.017933340688653415,0.017995136623553194,-0.07787339458902592,-0.10254520576320847,-0.005506468369339255,0.02024941994583445,0.039871438903407226,-0.004327259348804395,-0.010046852775957063,0.04860507779321845,0.024228910660406715,0.016122757173012512,0.07278135183181625,-0.010950286070759478,-0.023761142569655398,-0.04276617194692416
pericalcarine-lh,0.010067140908905522,-0.004627568270536044,-0.03388771455550227,-0.027112242120599418,-0.027508808113425185,-0.032579872361668684,0.036319168160362125,-0.027585377510335917,-0.01283014377606307,0.04899221720653253,0.08196817179942592,-0.022501569229438086,-0.01880843536714876,-0.01895045647923054,0.011507483423161075,0.01986166803772022,-0.013519955067188155,-0.013121696734291446,0.022820294873634933,0.04780045973226348,0.04513540358900409,-0.03159086626356784,-0.0400746084156618,0.024616466524336886,-0.03587422818180595,-0.03113625100795986,-0.01894604777538538,0.023088780234869807,0.016083689804192596,-0.022461919363913535,-0.07758993313637971,-0.014181762154904054,-0.01731564680086617,0.036206594929762484,-0.00336841179141247,0.005481260101601413,0.046318581404482355,0.014088265375600748,-0.006035444284574176,0.013634087620661983,0.02817988109448654,0.011138160880671587,0.06617110175222884,0.0012159791194660593,-0.03780523881740669,-0.0097918301150241,-0.008576068077144023,0.04695979463367222,0.006364990339070269,-0.031772277221481966,0.003598421930752388,0.018078129874259302,-0.015956706925461733,0.02423484864319229,-0.03784366384836999,-0.0010400272263495255,0.011072810932414391,0.0033244438895039963,-0.012910316150835892,0.05784533241482344,-0.051815839792363205,0.002150621701696014,-0.013383282216249024,0.006268580759730371,-0.025456106016335012,-0.0055671107221309,0.021592377038162743,-0.008657782839637966
pericalcarine-rh,0.030605564396999786,0.00017089853004022642,-0.0017857180157760972,-0.02427086791384393,0.08719855497611725,-0.004064811348537221,0.049043435967474874,-0.046780150055451185,-0.030839406036669157,-0.0020789038980825007,0.07067139014802017,0.010809805142174228,-0.012011478025297952,-0.059141271984629255,-0.04055248558371635,-0.0303606641695542,-0.018465610299442083,-0.039582898435611705,-0.048408207878034175,-0.019102883261609215,-0.034131789596087335,-0.03427317698863073,-0.049879838142975086,-0.03474707855786898,-0.02781835007427945,-0.011824905741199187,-0.05270856650833139,0.05867800234620592,0.004486983104774812,0.046353014782017886,-0.015457520242470355,0.03885802802807481,-0.019290348049517916,-0.016220184299317743,-0.008868679305899392,-0.026732901680528227,0.040661123195428764,0.004065772412805048,0.02533842892017696,-0.016742325591623693,0.011321250432349985,-0.017810687453899528,0.03212470496759907,0.19384379520584222,0.023735423754631092,-0.0007580697907460675,-0.049154459618560555,-0.012761539537870034,-0.003856313586744285,-0.03243205141884456,0.010823205830884657,0.13813382491263368,0.023411444137085572,-0.04639190066648658,-0.033734907075248774,-0.019653538473708522,-0.025179298185988613,-0.00441325700905077,0.006399137751291433,0.13286747438041913,-0.02768498731360537,0.01606889573683478,-0.005173396261774645,-0.03428544256322525,-0.01233489802097313,-0.0026837987088848365,-0.013777470671968628,0.012556878982682325
postcentral-lh,-0.017004439127339312,0.014763867761723812,-0.038437617354496315,-0.058173414258812936,0.027837884556310127,-0.017105209562740965,-0.033051045319181134,0.062078146135832464,0.04529580939594491,0.028317246795723568,0.04933184766776984,0.009815734985352948,-0.04178521086020182,-0.025077645269765428,-0.0037936530598845107,0.004383175641222665,-0.04720881389229042,0.007285231093040728,-0.0027772978355550338,0.014073784322041398,0.026030235773823556,-0.01585591416665324,-0.04075246029071603,-0.03618560147971612,-0.0030479907960976236,-0.0028901131680664324,-0.018031042790478603,-0.032788163248480925,-0.001611676323239548,-0.04894525890253115,-0.02826445859603646,0.009574134648513779,-0.015558241744915956,0.00018326567533018677,-0.023196457788853642,-0.060160409801053076,0.05308142789271676,0.025617376703294517,0.01923186745217295,0.032914094784192584,0.032140460430172234,0.003943789218076792,-0.016450909055984786,0.03110628708223414,0.22522316580519125,-0.08255964462360195,-0.019722972114252134,0.02374943629729888,0.021656073429711306,0.0013387931356545811,-0.002519428080848646,-0.014399280727527013,0.0007870484707216613,-0.0005080925023288979,-0.011814118262290809,-0.03271762454092869,-0.001364014084588829,0.036364853767284724,-0.01676677802443322,-0.013892406198137742,-0.025902685911195163,0.014874344550105912,-0.01885747323703772,0.042612079415035614,-0.02579775403812637,0.027258906560742556,0.0007798411467108243,0.003325106444441373
postcentral-rh,0.022031348591841075,0.011871277776210797,-0.027925460399378512,-0.05361313037739649,-0.015366346723120863,0.07803032885840615,0.0022857626002312547,0.03660987179840051,0.0017516106895865877,0.02228851893435388,-0.012809257775143187,-0.005916469330461605,-0.007253311482279753,0.002894631618300352,-0.015448223199907782,-1.300232588977845e-05,0.02239672333508316,-0.012747877775347862,0.014908668777232445,-0.08047539881166388,0.06808806943099976,-0.03581970578499753,0.010824391118988409,0.008713568944862762,0.043832077528487126,-0.0039943511037847405,0.06679653098488718,-0.025335251406658224,0.02177530759122474,-0.0417397620980916,-0.034725117938393536,-0.023405847800039497,0.02288909946842321,-0.000982816362283289,-0.0033572251784217333,0.0058578964931130005,0.048852261085070625,0.042702358425498445,-0.01608907634337576,-0.04018714294375062,-0.01297142830250762,0.0008618434534603665,-0.0018869859506539925,0.0029787157759337073,-0.07699983249188423,0.12941209720967511,0.016881591431067548,-0.014783063540202729,0.0035487133083687756,0.06499159822493362,-0.004248744301183381,-0.02364392778743304,0.016853159006397115,0.0037068520087648864,-0.03031310713265299,-0.022253256696693445,-0.03882093628153048,0.033587036396240236,0.01672015539540904,0.012173947450894113,-0.0007444422167601334,-0.03849603727211042,0.03159138434923888,-0.07993304854742632,0.006867794494045416,-0.04774148721422256,-0.02854549368277178,-0.016988625977210955
posteriorcingulate-lh,0.05855092516226724,-0.012724694821366277,-0.04102653811526661,0.009827748346269207,-0.04033272326292726,-0.01679376745655975,-0.04290143088624221,-0.014760183591039514,0.03920180357338132,-0.05448446375235651,0.004645069067663134,0.04330966878442035,-0.005694216844777453,-0.03283762886938127,0.05807049401244402,-0.004635161038181359,-0.001816286197677908,0.0718963138365932,-0.04626462980728637,0.03931501938172097,-0.035907301344027934,-0.019528782276323337,0.0037236186083780907,-0.03371050535421328,0.0688392126952211,0.019995699914557342,-0.009232507062478794,-0.0361807726637264,-0.0013997189484358105,-0.040116234991786216,0.010196976162248156,0.01144886476805977,0.0362667102824457,-0.026338002185043532,-0.00705038937200726,-0.008933305477882708,-0.019263381097972813,0.0015934300529068376,0.012299674226216929,0.009994759126430759,-0.006667900123353278,0.022315034678490202,-0.015848614347153147,-0.04724392364130103,-0.028113461162683796,0.008778521995153617,-0.004658651251239658,0.018446118716722068,-0.02642897786733865,-0.010986906551809754,0.010222540424782683,-0.018707181258391554,-0.01820107817430562,-0.02710743966398673,0.024389489562717182,0.018183457929173766,0.017034955000315915,-0.02044350947092572,-0.030765783757240428,0.030142094798533307,-0.03654286890057822,0.05961082135582662,0.024985971403255446,0.019853048561782195,0.06532031447344334,-0.040734558478347935,0.07447529589770037,-0.008550172733504753
posteriorcingulate-rh,0.03229603974990002,0.0014470905485679077,-0.07042807202031905,-0.0707293766412445,0.03597110728607563,-0.09671042994271878,0.010956548085030314,0.009365080305886508,-0.012848127666110947,0.026718583739680026,0.044916825215123184,0.01034097941174604,-0.0175667854133869,-0.005026125971728581,-0.03548776059154868,-0.00276511715193019,0.012645579073527882,0.009559504036401134,-0.030966853956385616,-0.016664503638777327,0.002719077045327607,-0.02070800531157711,0.02288067458074279,-0.01991550607158954,-0.024207081865200892,-0.037349517269549014,0.01745132168274334,0.01644590169417248,-0.013881582708557525,-0.02713366631198614,-0.015603401975446234,0.02029649307537905,-0.03437868723293318,0.08404016652189997,-0.019580682768725925,-0.0006363413228262252,-0.0034914209449794834,-0.01154702323723617,0.05878104348447797,0.042020561564409746,0.006954564950568657,0.012681445130285041,0.06129960585916875,-0.01270193101698076,0.011492285207005647,-0.01162879615471825,0.04775867252868805,0.08439173830136372,0.06337471097268031,0.013743183205222229,0.0068464168782736345,0.026890417631476666,-0.03277441237063352,-0.036436338212760995,-0.031174253072106455,-0.013878280102804565,-0.0019767821031925915,0.0010129150087284568,-0.013344511952934169,0.04874601700983667,-0.03081765469330339,0.027658859374701087,-0.04401904872177376,-0.00791567351476798,-0.05202753423667562,-0.011525621925011399,0.016413113376267736,-0.00026961444293682735
precentral-lh,0.03887129402609335,-0.0200069896302768,-0.023211260738895845,-0.00881520040786722,-0.012502217294910889,-0.013907068708146727,0.053874823910016925,-0.0036707207956246444,0.001441511064366367,0.04157798195261629,0.01166140261156576,0.008045548640939272,-0.008721806815456106,-0.02299796430909814,-0.04056062894411281,0.008725750534109391,0.006138194004831803,0.02913087578633796,-0.01808053683523191,-0.032252682144912226,0.050551938996778296,-0.008423494340189866,-0.05475984416382926,-0.051410370808312573,-0.016867631672968394,-0.012920395604192328,0.01499958790423004,0.0052958531983842904,-0.03166254508699364,-0.02889140370617611,-0.024762971936071496,0.015365522833564824,-0.030599040896225678,0.0026371766633541465,-0.04197491535875525,0.01563393221997076,0.04058768140345291,-0.03718077794316776,0.03210581674187649,0.058082710086593506,0.008949763333780135,0.0,0.008629493024645685,-0.013956440808849236,0.0009340034869270783,0.0009776748510291024,-0.02019603789148932,0.04847221023903354,0.21070595064559372,-0.016523013356494032,-0.03206711841771906,0.07150173688075263,0.0001696649484083872,-0.01515637131620879,-0.04196505451035896,-0.016786719383464294,-0.06892207327317866,0.018503246272018176,-0.055043934391963166,0.01059944688690096,-0.0034264923011173383,0.010939747357215058,0.022674066107889045,0.008087856021229398,-0.03070167742240975,-0.018995953091307628,0.017473277219426923,0.004575614452043555
precentral-rh,0.025334854728474653,-0.031312493309187596,-0.008981717444799617,-0.061765802270406144,-0.03777883684003193,-0.030997555992650232,-0.015611565917652196,-0.011859970055215103,0.07012872118053567,-0.013586622525550774,0.006121213750080937,0.03686613133036883,-0.01031497364104275,0.007399549101150559,-0.015058108105587265,0.025754526223258575,0.012327054870517683,0.020716014891678472,-0.018556542543146846,-0.027584782944240778,0.05291118193458993,-0.07093324002933869,-0.0021803012056679227,-0.012988241904653496,-0.019143853417359365,0.020396388039651867,-0.004665072124085563,-0.004107750635975889,-0.01844437140711451,-0.047565564247213754,-0.018194315530610246,-0.05225172220324233,0.011902246117519038,0.0013971996636382507,0.011459072887367685,0.043415034193980365,0.04309784154436297,-0.016354886539422533,-0.008562323636400767,-0.010291843592886773,0.0013955034700199457,0.05370116633212852,-0.028939182306608396,-0.03597631094955817,-0.007890279943876593,0.06105490019548418,0.010811771499710512,0.016866313071136466,-0.006642635345689367,0.19188693504912105,-0.020666338042577045,0.009914779110468157,0.038540451234735276,0.024929378622995785,-0.0356255954130179,-0.001356291203738927,-0.03647292757482377,0.0004904035025973694,-0.027817348610920698,0.05799736608680605,-0.03252778345847969,-0.011031500615176531,0.007533486974394796,-0.02442680810047807,-0.013178884843510243,-0.01356694144338446,0.01739540832369795,-0.01653360801514854
precuneus-lh,0.03165756538452428,0.009607053108932083,0.006904011767580923,0.0002025705578161301,-0.08458974857085484,-0.01350579897047133,0.015436985615089393,0.028551012475096813,-0.02047980323216464,0.03721106167669866,0.00651101591925204,0.019628777901066707,-0.06413954716028702,0.001792668196993234,0.0037688706938844817,0.019343663682657407,-0.0222585149195969,0.05764128987678969,-0.023401663156721774,0.026519269416529198,0.03231810156661183,-0.012071799164498267,0.047874765997911635,-0.009819783420735933,-0.055743405708392806,-0.00269099040018285,-0.013158124655026329,0.022989851835823902,-0.03416267372179907,-0.03570165863417668,-0.05556956445728841,0.004531100496912241,0.022462593115890404,3.022478870865796e-05,-0.025585043823264153,0.019521836941120484,0.04041377626895678,0.0071450632423016094,-0.07614625260767692,-0.009266140599280822,-0.011817974787154557,-0.01983640079208348,0.025689926050124115,0.02075516981506923,-0.0009440058962814724,-0.002147824753446213,0.03854564069975768,0.010447912556223104,-0.021658292975429122,-0.039901919839579574,0.13025019093037596,0.03169422731362517,-0.07348759404697977,-0.00012352888455627453,-0.02965979381750566,0.012173451123299529,0.008475276732912124,0.03891981744758929,-0.02070363848202188,0.03231771876114296,-0.05340732823417864,0.010601555836813473,-0.005149506784630719,0.022084861602385614,-0.06919100692259493,0.009317619064501884,0.02216357614191045,0.03081925481598202
precuneus-rh,0.016628829168555768,0.01777749079046573,-0.010529153139840349,-0.010119573357410878,0.03358601309830929,0.003279480278159757,0.04167665488482008,-0.054655808528053074,-0.008643874851410105,0.0020218979429394383,0.004190909592493136,0.004223150685495132,-0.027165424794096595,-0.010536169123932296,-0.028510354839243315,0.005665765995774788,0.013291687596873917,0.006592555009954869,-0.06164145714505426,-0.030971278467302035,-0.0004354921333067389,0.03532002305609469,-0.031119978860505965,-0.016711131710347094,-0.019319382949084928,-0.0204087676134791,-0.0059459583222252425,0.007734134098899259,-0.006295934980461782,-0.009101372554912357,-0.06751528221722349,0.007769284568192621,0.0199582522572962,-0.001909634179262048,-0.011563426290693167,0.002145627672076809,0.02257488359197212,-0.027631663726208015,-0.010294839028519,0.0289482931605972,-0.014755430818431456,0.011931409120152812,0.02289782483008232,0.09189797119904915,-0.024018353158550044,-0.023321019577218712,-0.01863582511307126,0.02382066364539718,0.06815244398610822,0.00821655371074833,0.014953072755800751,0.1791542704256444,-0.010418464204275765,-0.02526125577498768,-0.010766387144885573,-0.02035730984161049,-0.002080548939502251,0.025322400017848738,-0.017388335301850483,0.01548290790815322,-0.056355678463289545,0.02273493301777803,-0.027719150070675075,-0.0004380739252635209,-0.01596250469333045,-0.02817502485322142,-0.018004533733361926,0.026734470360363527
rostralanteriorcingulate-lh,-0.012277810503833397,0.032624357148000424,0.0382983842283751,-0.03618823558074387,0.02071855336951784,-0.002971399162485501,-0.019259312093439722,0.01244832139657173,0.06858847964939609,0.003780417863268765,0.015575848247887769,0.06860540976713937,0.0544303178103213,-0.0223286496085033,-0.021317181914363048,0.0021494515779959342,0.03465395105424286,-0.03326178897966456,-0.0007821043256938297,-0.021753350014101072,-0.006660073324981575,-0.00772546683443024,0.004856668624096806,-0.02003723402249846,-0.021994967764803044,0.01278263582199215,-0.015667239631899886,-0.01236501853822444,-0.017527883967168614,0.08632706482821277,-0.021364820896479824,-0.019135910857314108,-0.0408036037550856,-0.06275482628522354,0.040708827178018034,0.012828215409554297,-0.03767251958571393,0.007289252776002863,0.002091289490408875,0.016094860954837,0.017235614475788728,-0.005828864412877413,-0.014724538255125935,0.014616281032023028,-0.010891571853004555,-0.003789086539712785,-0.018168708686439345,-0.03747870882526712,-0.0032267707348552412,0.02787686106858369,-0.05912221926007951,-0.00973883697562375,-0.01390747693053914,0.03732962720868158,-0.04875931103325298,0.05393570823311954,-0.04521100587168847,-0.009749751075112063,-0.022688011874267968,-0.002256354614842141,0.030445988875484123,0.004306381650963142,-0.008237787115701748,0.004476755823881472,0.021481863961038263,0.018215447466767745,0.008498771247521377,-0.005643206534651009
rostralanteriorcingulate-rh,0.01828041237302782,-0.006403290538147776,0.09275205891818135,0.09730661436403737,0.00845108903975468,-0.025467621098709942,0.012336258120990866,-0.010288349613806523,0.013658946117095543,-0.019674282332192577,-0.014255899596275504,-0.051418744043945336,0.005556231437950681,-0.02161777816879858,0.0030448208496857403,0.017282461755026065,0.04744791975052905,-0.034994614068187616,-0.025891248669247097,-0.0037545076085974296,-0.008245261350324051,0.00406663009867161,0.05468840809262329,0.015437028043327885,-0.03654824384083106,0.06304813276110882,0.010383734651005358,-0.007983091831757024,-0.011223681151538253,0.030029647936934738,0.014462248913509241,0.0003825976080753852,-0.05713552685005134,-0.07411293663025235,0.0366862618819419,-0.00742907195269678,-0.014533812134702291,-0.007477558497348096,0.02728243276271829,0.08773091522251035,0.0052729483067826925,0.04851252473623069,0.0336485999431952,-0.057331695725482384,-0.010413953358890645,-0.0014952690213231176,-0.030885230205408707,-0.060725189462569364,-0.020949954077384095,0.012255026375400328,-0.009448691056745624,-0.035549338713378655,0.04779503044159733,-0.008388469650352,-0.029585870605798887,0.020244130623329883,0.014774911348470593,-0.0018058399832979854,-0.003258660543234157,-0.038479030731013025,-0.0113961896354659,0.04280219371454278,0.009067914140885225,0.0020307177375302543,-0.01803907192033101,-0.06227905227023558,-0.02120032123104707,-0.037031499897303186
rostralmiddlefrontal-lh,-0.015574560186737368,0.001487545342570456,-0.04304525130580826,-0.0386474767564884,-0.02261017933920932,-0.0030695099882282586,-0.04160546189475958,-0.017905466967533104,0.07355941375197374,-0.007199816856799001,0.07645747246611212,0.02709320120314247,-0.018112137528770715,0.01215924172061539,0.060543614131132906,-0.028041837365410494,-0.017036280633605096,-0.004985666457275576,0.06696720831901352,0.01293789211491768,-0.02416946066047842,-0.020451082097327895,-0.06039701763305007,-0.033982292336224865,0.03314641187224323,-0.03863443071545945,-0.042958651513944485,-0.031392432225346434,0.04223598038519287,-0.06601721894988948,-0.010844441163308793,-0.0008805681611708962,0.03452266997406717,0.006273328816123628,-0.022266971482971274,-0.016291139842416185,-0.008901979727098365,0.04743848279326676,0.06215862713721619,-0.025636983966305812,0.10561608667477773,-0.0531529418936695,-0.03466581288835503,-0.029586488465020426,9.002396798059007e-05,-0.031411368255085996,0.04995331826925089,-0.02810748527611224,-0.03657350169699268,-0.032921709863186224,-0.028153437692425412,0.004454339014768664,-0.0477714327387605,-0.020138287371960956,0.2209155467518697,-0.047887623000857256,0.05131283950596728,0.03520423150077504,-0.04185630833001194,0.054997934244807055,0.021532376238083545,-0.012461478085467966,-0.026044409901309018,0.040506357250694215,-0.014079607281140064,-0.025324253420733214,0.07184927199100312,-0.04261895352085983
rostralmiddlefrontal-rh,-0.005524421133511472,0.0032919873971004577,-0.024517228674925194,0.008482117380244151,0.009471037596988582,-0.014961217899603387,-0.008520461930325449,0.04649570800478122,-0.004654123648749382,-0.02324965247450269,-0.003146328497495641,0.09635446947888572,0.031127470154263922,-0.07683333063428337,-0.016651343845554115,-0.00023415865680207932,0.0132217269305131,-0.06922027130205405,-0.022337524945892195,-0.019570576978864163,0.019005621119299296,0.026105591239000032,0.002423465947076241,-0.009911372407307259,-0.022179575488890203,0.018036053673975407,0.0019712821403880974,-0.01131223095538833,-0.016225116475093632,0.00015556084245557,-0.023912825232386203,0.008957039626037043,-0.02579905019744086,-0.010631135172742952,0.03948258855947603,-0.03444473793736802,-0.0032363873645055506,-0.03266792377091261,0.0006678174532861387,-0.014877309585570738,0.032583635793492965,-0.019454071192002972,0.0063450280224280455,-0.009346831014844306,-0.03410007544375904,-0.021840478108184708,0.030879514828458438,-0.004649227507889386,-0.008557223387514069,-0.002690867430753948,0.010766023663536925,-0.01750747296035835,0.08614489708761265,0.03901384197691882,-0.04559203955156218,0.21502994705753756,-0.04719415357257139,0.016646243389730052,-0.050389843525659214,-0.020516343053088523,-0.028012507892655858,-0.008159293098891298,0.015293728717518662,-0.012376188908762006,-0.011606290384201967,-0.008849151244262384,0.04702872258008103,0.02047924282604503
superiorfrontal-lh,-0.028879340080921943,-0.0106115548188386,0.0034561074545327534,0.04259679167826742,-0.01767852882417599,-0.034718690858390036,-0.03211090524055111,-0.02652354983275143,0.10424832221893296,-0.02091463148890527,0.06797050868106291,0.0060992344172890395,-0.008448965253836954,-0.017138639814936303,0.03174480602855895,-0.001712590679872907,0.021670652123724873,-0.008640055761050541,0.056262662282247106,0.00979332488736263,0.012361854646291906,-0.0010482821919460172,-0.03356445300517939,-0.0357018960307541,-0.024857659825572937,-0.0048093038693394225,-0.03641165147161012,-0.03113753005010561,0.012323523635592712,-0.07967432515593142,-0.03802558653979802,-0.007733407459438347,0.049066473645354346,0.012029879543030503,-0.00848571650034906,-0.03530974678204415,0.05098886690053114,0.016569442100564227,-0.01099294753827551,0.08373882548041524,0.030687762010580478,0.008152075276454744,0.009855533927504687,-0.026637519170178536,-0.0012603593638191807,-0.0354360943174281,0.020787420715076298,-0.01074298735224774,-0.09486996378155352,-0.04250066175021894,0.016867189937172778,0.001885940691560803,0.0014992144483836213,0.02278974097815237,0.016759474692667167,-0.052010039143291026,0.12696400356678786,0.06149062540127792,-0.062181419376853855,0.008794886379322815,0.01773260818387921,0.008148165055391466,-0.023478702974484945,0.017333803299643236,-0.02901715778606159,-0.020842527768798618,0.03045462121933552,-0.027016949647438608
superiorfrontal-rh,-0.0030129922193805805,0.10853163548737775,-0.020698258858457812,0.010455067813186255,-0.013065410978051365,-5.955868762444643e-05,-0.008845271369818962,-0.05942711590275835,-0.02309507700006511,-0.056145993925840965,0.0012167055562568323,0.021910822320773213,0.006209962449052359,-0.0562584971639515,-0.03690579732581776,-0.027316410620516502,-0.021617522602290377,-0.018649777626748326,-0.022110397760010784,-0.023771521373927674,9.890410125138206e-05,-0.010996706142261684,0.007831135666458551,-0.017084696775309195,-0.012976276243282195,0.02697902889039332,-0.025102591919544396,-0.06317255624202094,0.03224004352596342,0.032498005260921684,0.004901508116198636,0.04587878693124695,0.08249370707193468,0.028851126609003044,0.006039643756306168,-0.08062601420827269,-0.05502642426453767,-0.06039783626793074,0.029985842329047514,-0.00225636240948721,-0.003212583804196639,0.027729553267477513,0.0052083814654425055,-0.016112379323249583,0.026095148588473657,0.02098909386853544,-3.6530231703565206e-05,-0.0037922144039638436,0.006105410083748966,-0.010886962926407525,0.02745075279055876,0.021154994311302328,0.0069996664990745975,-0.013995174583543131,0.015704390617549885,-0.0073247280138084995,0.0703059377751498,-0.01689974794810128,0.0267551233182138,0.02454160777231655,0.03461245943490636,0.1234988782003067,-0.05742572149608867,-0.011829977396054328,-0.018180592656453397,0.01585070827530113,-0.025918392448751475,0.0051100409664994045
superiorparietal-lh,-0.0016381580013130638,-0.004524470038498034,-0.03329774313820003,-0.0296035231961861,-0.02023472767849742,-0.024773520894820822,0.01920504915505257,0.00918430506036127,0.004204439685512583,0.044868155672861273,0.051619671864180115,-0.01010437239315939,-0.02247557663569717,0.042721581742831354,-0.03123235076379728,-0.007944812721044742,0.0038786631235700497,0.03151108182449545,-0.009478362033099532,0.04871177396006162,-0.005127630205275775,-0.030805764467266086,0.05155345473915992,-0.03377949795019363,-0.006311403052077932,0.019398846665796433,-0.00063884860762616,0.03447423163294331,0.030489142035341022,-0.020255387428877752,-0.03244554682188351,0.008981698032600476,-0.027716940812530278,-0.049756048857741694,-0.015939632837521783,0.022028716021780876,0.03725568932139654,0.0014080080019494602,0.015440355172752522,-0.01629523617038674,0.003931662052985509,0.024139931831532385,0.010047362015189392,0.014701257655978522,-0.027256973342374848,0.01870492796701547,-0.022548880044502912,-0.004993291778011086,-0.06109540500130197,-0.029138488975295397,0.045558765954356976,-0.012435000472356838,-0.017418563090098236,0.0027152598992199986,-0.04132379270954491,-0.05577227845572769,-0.06938436628548011,0.028295394809830787,0.23845710938494874,0.0073305322757754735,-0.05407678235290527,-0.0031469072021770928,-0.0037385427247290854,-0.01896770152903305,-0.04482193784984344,0.018938792389628447,0.0,0.010742606569968356
superiorparietal-rh,0.06250776676061627,0.04251775005534588,-0.039439410012739755,-0.03765552116810142,-0.0036639385516798527,-0.016592075477295926,0.03776354194000278,-0.007842489188161609,-0.013281694389969607,0.0007727797317919614,0.033913717435131364,-0.00018981863417337505,0.00432303217277134,-0.06969073817885978,0.0026247270206443416,0.002799864623233376,0.015503902495421426,-0.035630321686928014,-0.03042897086633611,-0.021195948956145082,-0.0036913479323029456,-0.005106347434087585,0.002251340706146516,-0.03777846873801383,-0.002005276244237387,-0.016257277696217723,-0.017315624534027275,-0.009300383884020417,0.010453357498382485,0.0042808008890234134,-0.014830506102254944,0.08104849825856417,-0.06652709630946585,0.01895070225545587,-0.01532078425265903,-0.05511705838869736,-0.005617119191980202,0.005427448971680529,-0.012243791049235097,-0.014075049133326127,-0.04269909471856726,-0.00393301762843471,0.056918953867029436,0.0641572751848925,-0.03381752835697836,-0.01930521317802975,0.019849313121404723,0.028839681478278572,0.00658415314475838,0.03466949207807682,0.002693901644804441,-0.005144209998184277,-0.005923933905975151,-0.03040446991358344,0.02975969850247454,-0.040764368527651064,0.011054893137089291,0.023240823646046217,-0.007000167936745255,0.12293024717850161,-0.03093288254452627,0.02377690457710846,-0.0107240164328245,0.02215281785284859,-0.0032929027876341475,0.00359337627623465,-0.021317709758328442,0.03069581118461898
superiortemporal-lh,0.018640518090095284,0.025636441507462807,-0.002375196073778834,0.001290500494528911,-0.010791139082429528,0.03960085169396906,-0.06415439602160017,-0.01235463512372882,0.010924738706251543,0.012802998758133259,0.028775287019889628,-0.0013850944071809067,-0.010807476808402598,-0.02357184220052428,-0.009889800835725448,0.017846297499963804,5.702778528306816e-05,0.004397026107875601,-0.05054169748594188,-0.0125130304960163,0.01964080679076323,-0.025443966409645843,-0.03806598758439648,-0.035142979265407485,-0.022011734403009468,-0.018738816486871968,-0.0013624668655967886,-0.038193364445768346,0.028457310664061194,0.0010502308635887288,0.10439173699752453,0.012432149070779459,-0.048228760315571925,-0.01463746906463005,-0.04528940910821254,-0.03132085048591175,0.006436491558325348,0.03658321410860699,-0.033093361250040726,-0.02469396070862151,0.04935060137381454,-0.0008973357791443653,-0.055657099996915496,-0.008090421403083643,-0.03510557939333479,0.0003659222516016467,-0.030391556088494125,-0.01922316175519093,-0.0015827436192362395,-0.030869828216878996,-0.048380119383793045,-0.0531624099699921,0.04192566249422201,-0.003253919597885438,0.007197965409023882,-0.026623469140460213,0.030779115005914705,0.052197121670715725,-0.05960292879278572,-0.010820398317938195,0.2980717799710412,0.03747269981005092,0.025866207863992765,0.04004148787211092,0.006045163394795511,-0.02341508207559762,-0.011304515164676125,0.03471064879003437
superiortemporal-rh,0.01916188049711903,0.10340730088616507,-0.06834985384750585,-0.09458432528297062,-0.002025570511347266,-0.03060211661707684,-0.004458152611956459,-0.00386066975001583,-0.008106003522668822,-0.02989816941265182,-0.012761187449765838,-0.0196825891263613,0.03253975860437906,-0.08704000783422265,-0.02516326604196069,0.009329704757395366,-0.002622829528105778,-0.05413969901128876,-0.007374926972262397,-0.005739833397447501,0.0157043655171222,-0.010130849661762135,-0.039113264608863024,-0.00047402344307397823,-0.03420797691415653,0.020293102420798046,-0.0027772333882802036,0.006966831706132853,0.029597097763002015,0.002797595398335826,-0.030200870190109277,0.019743275247485686,0.07742531983313003,0.012707129640041361,0.03570334624647147,-0.0152270042484713,0.05731311939299171,0.021989626251983398,-0.01438345655942969,0.007832350162889842,-0.00695976587458221,0.05098606780724842,-0.00237110568341439,0.0050266805547774795,-0.0027286413026476894,-0.06832655297833826,0.0636409126980954,0.019221072213920855,0.003923093736447742,-0.021199299414761816,0.0007175385314139134,0.02348351837989294,-0.003958802934105182,0.042313260825578666,-0.02488457221624078,-0.028381122723139605,0.00957192473287455,0.11536107821348666,-0.016445094129460838,0.028022785223756078,0.027963223030107714,-0.08809468919951607,-0.021596111605996393,-0.030677596709212898,-0.022603986372359757,-0.0052974025267160055,0.04178735395621909,0.04191830937298397
supramarginal-lh,-0.03304442079409746,-0.062015233663545416,-0.061010027866694086,-0.03552194168941466,0.022378899931670165,-0.0572361978776747,-0.0008575070400428454,0.013050688252261508,0.07080594276175108,0.03416163439585555,0.017705447876950744,-0.009242549976409652,-0.02868564331369774,0.02109645167503808,-0.03107804591426504,0.025985742984238846,0.01474230951973864,0.06599593684942297,0.034695822496657605,-0.002633434015084031,-0.06711416982792429,-0.03481579928319942,-0.0026353908612132587,0.003265940650459504,0.016210744984543533,-0.0112908858123191,0.04234918987108983,-0.058631983459727574,0.012394384394941144,-0.017769227529407888,-0.024210809207146362,-0.01855955915596882,0.054376627385050634,-0.07135034538520366,0.09242034826533436,-0.011926146253240863,-0.0071817775884624015,-0.10283159700956838,0.0028759067784122527,0.001906424213273164,0.0,0.019385513242007765,-0.011261310928191682,-0.0057533868117120275,-0.024754182568100382,0.029677198292031505,0.021213233965123233,-0.0533435621097934,0.038577390690849485,0.004654742629870974,-0.012807373984797444,-0.02600400798008764,0.006324412425437983,0.013290864250784353,-0.03330712860948264,0.008193921309437144,-0.023277417173950325,-0.052218766200602215,-0.015071661895306515,-0.006541178523233883,0.04019143924321784,-0.014108259818146724,0.28979024935803777,-0.009984978092317857,0.01174680868807091,0.0018571409643351872,0.03288185494836755,-0.02612730507423089
supramarginal-rh,-0.02532519529790657,-0.08112378578873922,-0.02427787609972205,-0.019775226477423892,-0.017117376567029715,-0.00726173125493589,-0.056557724460696894,0.033021240294943126,0.0428822741322103,0.06808836666252037,0.026748453797353248,-0.004150372877824106,0.021687293023563512,-0.022047656576877753,-0.019826485553507953,-0.018465754914252303,0.013777261190905651,-0.01919213576460002,0.05255496532230613,-0.05597074162512204,-0.029342913404947414,-0.08991759157081383,-0.02628392155276859,-0.02716452538951615,-0.008669653337464034,-0.04002792328105651,-0.04267471941725306,0.0005545532786341062,0.03369700684668079,-0.008156376503756684,-0.023598048881722025,-0.03436306772782724,-0.005511888387143486,0.026791847489023038,0.03928653143890869,0.026298984298614155,0.03075979082308945,0.00875724219836269,0.014867150599185166,0.006628621662637247,0.006073913682072456,0.019369337580681625,0.014568364720732674,-0.055700087938740414,0.04272422883818878,-0.08934239437437594,0.03407864483545501,-0.0036018159389575783,0.017091834772616103,-0.022303497687091344,0.021810256381757133,0.0030876808632757853,0.011388469654566644,0.001304610086007021,0.03853111026301285,-0.021325513765395626,0.027312121866199135,-0.010479291340330944,-0.0176253538597773,0.03338967694931237,0.03481087882894465,-0.01104789745410851,-0.01418408078857539,0.2127046943528022,-0.014456263032398822,-0.042357526820672696,0.04165756646350358,0.0029214425152663363
temporalpole-lh,0.020186809935025297,-0.03570529200938929,-0.013104105835507574,-0.07305588871312775,-0.052009706635592914,-0.036996761561113596,-0.01655287645696751,-0.026047239018342726,0.04697937795245962,-0.021331726503116627,-0.006500782262487368,-0.05608476223758537,-0.004412356624985116,-0.032057785064642685,-0.020027830475081932,0.013774366409932638,0.02497204533967612,-0.0032491020377633144,-0.003474350128551981,0.013170098739625257,-0.0135026545164589,-0.012897286497966093,0.032802066867016755,0.0283043367338593,0.051276168999362035,0.021901697817144464,0.0424136296952672,-0.01132178079185967,-0.013305116704740275,-0.01114743803279818,0.03501765957723722,-0.020684838148962246,-0.0347972589683035,-0.011734454484277694,0.07801061734868152,-0.03096774921950544,-0.04903009697570396,0.029430480847490476,0.03004453177358943,0.010038129653804226,0.02137215712460693,0.08284728702241044,-0.018680315422404153,-0.010992258538362984,-0.029399212311956344,0.023411168796746238,0.09604734068226935,-0.06133292772938983,-0.03059645754784546,-0.008544373083505549,-0.050887626580707834,-0.01405406107246058,0.036883777942969626,-0.010530457525438642,-0.020971031886973118,-0.022768914941446613,-0.026086754340066794,-0.023268572253201125,-0.041432649434600705,0.0027918253868982434,0.021090329456078628,0.0026535381000064133,0.030464822377961442,-0.018884356381918994,0.23868710594780154,-0.025935410591012054,0.014567866135019258,-0.024774617116817145
temporalpole-rh,0.05590431538675272,-0.0010826616257193146,-0.005312705499479857,-0.0016999169357851426,-0.022956300971758114,-0.046181802925234224,-0.030772782947722913,-0.022971181013072054,0.03072073008931023,0.02061481874195701,0.03866728504659963,-0.011362018049097295,-0.020473068344274103,3.5383500724001314e-05,0.013646180366392773,0.05003049965329125,0.009512109248465942,-0.015559994770696807,-0.035420151164342495,-0.015115695556992085,-0.019021619655701497,-0.016145616127185323,0.029150705904295988,0.0075921503135298,-0.018086782583809424,0.05110787002058592,0.010274727070114132,-0.018493715603885408,-0.006404437519051724,-0.03601156310325876,-0.024421475857291555,0.06781322970029822,-0.027825819359706804,-0.018308201130767993,0.014668658792742045,-0.019583095930353487,-0.01585842068791735,0.03133241615110883,0.021152165882385606,0.03841303854976581,0.012643913947851004,0.005414948029189615,0.007093048022877302,-0.009722310189697228,0.010215434000184407,-0.042892360911227084,-0.03986848032742711,-0.0002098640695935625,-0.015131088209471977,-0.006138438717713426,0.0016509329744194051,-0.036135729233957185,0.0147561717040862,-0.041622544118027155,-0.022913423236360114,-0.025242708165374335,-0.02279650228187968,0.017657345557787127,0.01271741129394165,0.014146951058998703,-0.030352013381545015,0.011544958955531568,0.0022440304549046827,-0.04244015589059466,-0.024729603630041737,0.2584512729415785,-0.006777310465581652,-0.043131143168074496
transversetemporal-lh,0.0036021291134120245,0.01709303002110415,-0.012836815629925133,-0.034719395810175295,0.01554276107120474,-0.0007717951772654844,0.03377044896311774,-0.08453305137889816,-0.041483005068197173,-0.015543465826938769,-0.012476762658070241,0.040429009446019314,-0.010647475191517224,-0.05201790967594625,0.031238930332988524,-0.016791538083020252,-0.08622202581448518,0.023254582242730845,-0.025246318856465298,0.06656629103157054,-0.0004838674280033084,-0.013436841572372642,-0.00633309333053632,-0.00468753845421953,0.011178284553406073,0.016872654835542823,0.03741897299753605,-0.02169064451522367,-0.03312514728312978,0.028760156541320546,0.02562135517569855,0.02980220698788112,0.0808211164105914,0.051077175574414775,-0.011227328842196637,-0.02013429877743107,-0.09028284251969035,-0.030859752321868883,0.01885802755630357,-0.0044445689576111695,0.04381337391091582,-0.032650356896431594,0.02237562694948889,-0.05244323695955908,-0.011209090364557878,-0.04021701791936616,0.07252319442607061,0.018566725094659557,0.013077327260994812,0.011582012897416234,0.009118426024332259,-0.03055526382131308,0.015689582516236228,-0.03873169146414007,0.02837934978418665,0.036775998934089546,0.046608247427508895,-0.044159983583565744,0.0,-0.03741938162578226,-0.032664304821823656,0.044277835056133454,0.031196590263321416,0.03316624591408623,0.005461658802507742,-0.040911777609415174,0.017883359043828647,0.008554901078522803
transversetemporal-rh,0.0016334730698233776,-0.04610991378266211,-0.0435719013927715,-0.026573441045180633,0.07096302645041301,-0.02108824311775954,-0.06110788122020904,0.04308720313836553,0.001620263164908467,-0.05257108617111504,0.0260075696936882,-0.0575157963027603,0.03475117686748761,0.02765133381638692,-0.030076569853639438,0.047638441630652124,0.018620044248513747,-0.00885220329094422,0.0178027937667164,-0.03886211349398998,-0.007244451273573441,-0.08353965449313588,-0.020002073610991194,-0.03328248513356102,-0.010220874290835257,-0.15336707535484942,-0.003439585931465795,0.02387940846049945,-0.01400933191924653,-0.0027238753047651547,-0.0020056279772538593,0.009601887478268687,0.003478776126902084,-0.057130718188540056,0.0048289035173445785,0.036221472754486256,0.04904341210135688,0.06787986797903567,0.05194456017088339,0.02343614675646609,-0.005655093875557924,-0.017935044060317668,-0.00927107568045601,0.018440785846812042,0.011916481924855575,-0.018999031865382973,-0.012872094184996869,0.015269307410727942,0.009769156700846424,-0.022729863972937928,0.03742723093729772,0.04630178486312052,-0.005419705126814995,-0.034365489004197,-0.052340172097373835,0.03348498153096524,-0.03453761658133456,-0.0020767075939451506,0.006588011918635737,0.0507431459117263,0.014575991288700038,0.05511837024619171,-0.023705402126792667,-0.005784834880002935,-0.02941481413381058,-0.04922848087175311,0.010240554444765293,0.2276647649880807
